prediction_id,timestamp,source_asset_id,target_asset_id,sector,current_stage,predicted_stage,confidence,risk_score,estimated_time,status
PRED-00001,2026-09-06T13:14:00,AST-0393,AST-0077,Manufacturing,IMPACT,IMPACT,0.802,70.2,15-30 min,ACTIVE
PRED-00002,2026-09-15T23:15:00,AST-0170,AST-0216,Healthcare,RECONNAISSANCE,INITIAL_ACCESS,0.704,80.4,15-30 min,RESOLVED
PRED-00003,2026-09-24T06:54:00,AST-0069,AST-0353,Banking & Finance,EXECUTION,PERSISTENCE,0.768,66.8,15-30 min,RESOLVED
PRED-00004,2026-09-07T01:20:00,AST-0088,AST-0068,Banking & Finance,LATERAL_MOVEMENT,EXFILTRATION,0.761,66.1,15-30 min,ACTIVE
PRED-00005,2026-09-26T08:48:00,AST-0372,AST-0195,Manufacturing,CREDENTIAL_ACCESS,LATERAL_MOVEMENT,0.788,68.8,1-3 hr,REVIEWED
PRED-00006,2026-09-17T01:46:00,AST-0467,AST-0105,Defence,EXECUTION,PERSISTENCE,0.782,68.2,15-30 min,ACTIVE
PRED-00007,2026-09-09T11:12:00,AST-0313,AST-0275,Education,LATERAL_MOVEMENT,EXFILTRATION,0.823,72.3,30-60 min,REVIEWED
PRED-00008,2026-09-11T08:43:00,AST-0238,AST-0075,Telecom,INITIAL_ACCESS,CREDENTIAL_ACCESS,0.841,74.1,1-3 hr,ACTIVE
PRED-00009,2026-09-23T13:00:00,AST-0344,AST-0383,Education,CREDENTIAL_ACCESS,LATERAL_MOVEMENT,0.864,76.4,8-14 min,ACTIVE
PRED-00010,2026-09-20T07:31:00,AST-0400,AST-0099,Manufacturing,RECONNAISSANCE,INITIAL_ACCESS,0.789,68.9,30-60 min,RESOLVED
PRED-00011,2026-09-13T16:51:00,AST-0102,AST-0187,Power & Energy,RECONNAISSANCE,INITIAL_ACCESS,0.749,64.9,15-30 min,ACTIVE
PRED-00012,2026-09-03T19:26:00,AST-0306,AST-0065,Education,PERSISTENCE,LATERAL_MOVEMENT,0.905,80.5,15-30 min,REVIEWED
PRED-00013,2026-09-11T20:11:00,AST-0196,AST-0331,Healthcare,LATERAL_MOVEMENT,EXFILTRATION,0.787,68.7,8-14 min,ACTIVE
PRED-00014,2026-09-01T23:32:00,AST-0200,AST-0386,Healthcare,INITIAL_ACCESS,CREDENTIAL_ACCESS,0.927,99.0,8-14 min,ACTIVE
PRED-00015,2026-09-07T01:59:00,AST-0446,AST-0319,IT & ITES,EXECUTION,PERSISTENCE,0.812,71.2,8-14 min,ACTIVE
PRED-00016,2026-09-24T05:46:00,AST-0110,AST-0258,Power & Energy,PERSISTENCE,LATERAL_MOVEMENT,0.877,77.7,8-14 min,ACTIVE
PRED-00017,2026-09-20T22:25:00,AST-0400,AST-0491,Manufacturing,CREDENTIAL_ACCESS,LATERAL_MOVEMENT,0.905,80.5,8-14 min,ACTIVE
PRED-00018,2026-09-01T20:26:00,AST-0410,AST-0358,IT & ITES,RECONNAISSANCE,INITIAL_ACCESS,0.744,64.4,8-14 min,ACTIVE
PRED-00019,2026-09-15T05:48:00,AST-0068,AST-0286,Banking & Finance,EXECUTION,PERSISTENCE,0.776,67.6,8-14 min,ACTIVE
PRED-00020,2026-09-21T07:44:00,AST-0291,AST-0441,Transport,CREDENTIAL_ACCESS,LATERAL_MOVEMENT,0.782,68.2,8-14 min,REVIEWED
PRED-00021,2026-09-08T18:31:00,AST-0221,AST-0443,Telecom,PERSISTENCE,LATERAL_MOVEMENT,0.742,64.2,15-30 min,ACTIVE
PRED-00022,2026-09-18T08:17:00,AST-0355,AST-0449,Manufacturing,RECONNAISSANCE,INITIAL_ACCESS,0.718,61.8,30-60 min,ACTIVE
PRED-00023,2026-09-11T02:21:00,AST-0370,AST-0260,Manufacturing,CREDENTIAL_ACCESS,LATERAL_MOVEMENT,0.837,73.7,15-30 min,REVIEWED
PRED-00024,2026-09-01T21:09:00,AST-0288,AST-0331,Transport,INITIAL_ACCESS,CREDENTIAL_ACCESS,0.808,70.8,30-60 min,ACTIVE
PRED-00025,2026-09-05T09:07:00,AST-0450,AST-0488,IT & ITES,LATERAL_MOVEMENT,EXFILTRATION,0.836,73.6,15-30 min,ACTIVE
PRED-00026,2026-09-05T01:40:00,AST-0242,AST-0186,Telecom,RECONNAISSANCE,INITIAL_ACCESS,0.763,86.3,30-60 min,RESOLVED
PRED-00027,2026-09-25T03:24:00,AST-0335,AST-0347,Education,CREDENTIAL_ACCESS,LATERAL_MOVEMENT,0.785,68.5,15-30 min,ACTIVE
PRED-00028,2026-09-01T20:18:00,AST-0377,AST-0105,Manufacturing,EXECUTION,PERSISTENCE,0.901,80.1,1-3 hr,RESOLVED
PRED-00029,2026-09-21T06:37:00,AST-0042,AST-0036,Government,EXFILTRATION,IMPACT,0.758,65.8,30-60 min,REVIEWED
PRED-00030,2026-09-22T02:08:00,AST-0053,AST-0312,Banking & Finance,INITIAL_ACCESS,CREDENTIAL_ACCESS,0.895,79.5,1-3 hr,ACTIVE
PRED-00031,2026-09-25T06:13:00,AST-0189,AST-0361,Healthcare,INITIAL_ACCESS,CREDENTIAL_ACCESS,0.928,82.8,30-60 min,ACTIVE
PRED-00032,2026-09-06T17:09:00,AST-0416,AST-0135,IT & ITES,CREDENTIAL_ACCESS,LATERAL_MOVEMENT,0.883,98.3,15-30 min,REVIEWED
PRED-00033,2026-09-03T08:11:00,AST-0330,AST-0180,Education,RECONNAISSANCE,INITIAL_ACCESS,0.83,73.0,1-3 hr,ACTIVE
PRED-00034,2026-09-16T06:53:00,AST-0307,AST-0234,Education,LATERAL_MOVEMENT,EXFILTRATION,0.816,71.6,1-3 hr,RESOLVED
PRED-00035,2026-09-23T12:33:00,AST-0335,AST-0476,Education,RECONNAISSANCE,INITIAL_ACCESS,0.681,58.1,8-14 min,RESOLVED
PRED-00036,2026-09-18T02:33:00,AST-0138,AST-0263,Power & Energy,PERSISTENCE,LATERAL_MOVEMENT,0.682,58.2,30-60 min,RESOLVED
PRED-00037,2026-09-14T14:28:00,AST-0010,AST-0221,Government,PERSISTENCE,LATERAL_MOVEMENT,0.851,75.1,15-30 min,ACTIVE
PRED-00038,2026-09-26T17:32:00,AST-0081,AST-0182,Banking & Finance,RECONNAISSANCE,INITIAL_ACCESS,0.806,70.6,8-14 min,ACTIVE
PRED-00039,2026-09-03T02:49:00,AST-0193,AST-0052,Healthcare,PERSISTENCE,LATERAL_MOVEMENT,0.729,62.9,30-60 min,REVIEWED
PRED-00040,2026-09-25T13:54:00,AST-0391,AST-0341,Manufacturing,LATERAL_MOVEMENT,EXFILTRATION,0.716,61.6,30-60 min,RESOLVED
PRED-00041,2026-09-04T01:28:00,AST-0427,AST-0398,IT & ITES,CREDENTIAL_ACCESS,LATERAL_MOVEMENT,0.893,79.3,15-30 min,ACTIVE
PRED-00042,2026-09-14T02:52:00,AST-0292,AST-0422,Transport,INITIAL_ACCESS,CREDENTIAL_ACCESS,0.826,72.6,8-14 min,ACTIVE
PRED-00043,2026-09-05T21:30:00,AST-0162,AST-0161,Healthcare,CREDENTIAL_ACCESS,LATERAL_MOVEMENT,0.946,84.6,30-60 min,ACTIVE
PRED-00044,2026-09-24T16:38:00,AST-0441,AST-0016,IT & ITES,EXFILTRATION,IMPACT,0.725,62.5,8-14 min,REVIEWED
PRED-00045,2026-09-24T14:54:00,AST-0165,AST-0375,Healthcare,LATERAL_MOVEMENT,EXFILTRATION,0.877,77.7,1-3 hr,ACTIVE
PRED-00046,2026-09-12T07:40:00,AST-0050,AST-0194,Government,INITIAL_ACCESS,CREDENTIAL_ACCESS,0.774,67.4,8-14 min,RESOLVED
PRED-00047,2026-09-06T04:27:00,AST-0310,AST-0490,Education,RECONNAISSANCE,INITIAL_ACCESS,0.814,71.4,15-30 min,RESOLVED
PRED-00048,2026-09-21T17:02:00,AST-0257,AST-0232,Transport,CREDENTIAL_ACCESS,LATERAL_MOVEMENT,0.852,75.2,1-3 hr,RESOLVED
PRED-00049,2026-09-26T13:54:00,AST-0072,AST-0436,Banking & Finance,RECONNAISSANCE,INITIAL_ACCESS,0.709,60.9,30-60 min,RESOLVED
PRED-00050,2026-09-19T07:28:00,AST-0186,AST-0128,Healthcare,RECONNAISSANCE,INITIAL_ACCESS,0.801,70.1,1-3 hr,REVIEWED
PRED-00051,2026-09-24T04:05:00,AST-0139,AST-0271,Power & Energy,EXFILTRATION,IMPACT,0.763,66.3,1-3 hr,ACTIVE
PRED-00052,2026-09-13T18:02:00,AST-0324,AST-0313,Education,EXECUTION,PERSISTENCE,0.769,66.9,1-3 hr,ACTIVE
PRED-00053,2026-09-26T17:57:00,AST-0141,AST-0186,Power & Energy,RECONNAISSANCE,INITIAL_ACCESS,0.836,73.6,8-14 min,REVIEWED
PRED-00054,2026-09-22T02:23:00,AST-0266,AST-0087,Transport,PERSISTENCE,LATERAL_MOVEMENT,0.732,83.2,1-3 hr,RESOLVED
PRED-00055,2026-09-26T06:57:00,AST-0033,AST-0041,Government,RECONNAISSANCE,INITIAL_ACCESS,0.836,73.6,15-30 min,ACTIVE
PRED-00056,2026-09-12T02:51:00,AST-0259,AST-0054,Transport,CREDENTIAL_ACCESS,LATERAL_MOVEMENT,0.871,77.1,1-3 hr,ACTIVE
PRED-00057,2026-09-05T03:22:00,AST-0214,AST-0182,Telecom,IMPACT,IMPACT,0.819,71.9,1-3 hr,ACTIVE
PRED-00058,2026-09-06T16:19:00,AST-0243,AST-0186,Telecom,EXECUTION,PERSISTENCE,0.708,80.8,8-14 min,RESOLVED
PRED-00059,2026-09-26T06:09:00,AST-0126,AST-0201,Power & Energy,INITIAL_ACCESS,CREDENTIAL_ACCESS,0.767,66.7,30-60 min,ACTIVE
PRED-00060,2026-09-21T18:26:00,AST-0454,AST-0057,Defence,CREDENTIAL_ACCESS,LATERAL_MOVEMENT,0.944,84.4,8-14 min,RESOLVED
PRED-00061,2026-09-20T11:40:00,AST-0486,AST-0276,Defence,CREDENTIAL_ACCESS,LATERAL_MOVEMENT,0.832,73.2,1-3 hr,REVIEWED
PRED-00062,2026-09-22T03:40:00,AST-0163,AST-0298,Healthcare,LATERAL_MOVEMENT,EXFILTRATION,0.941,84.1,8-14 min,RESOLVED
PRED-00063,2026-09-05T00:44:00,AST-0237,AST-0355,Telecom,INITIAL_ACCESS,CREDENTIAL_ACCESS,0.819,71.9,1-3 hr,REVIEWED
PRED-00064,2026-09-17T06:12:00,AST-0378,AST-0133,Manufacturing,CREDENTIAL_ACCESS,LATERAL_MOVEMENT,0.872,77.2,8-14 min,RESOLVED
PRED-00065,2026-09-06T05:39:00,AST-0221,AST-0384,Telecom,EXECUTION,PERSISTENCE,0.785,68.5,1-3 hr,ACTIVE
PRED-00066,2026-09-23T03:48:00,AST-0397,AST-0384,Manufacturing,EXECUTION,PERSISTENCE,0.772,67.2,15-30 min,REVIEWED
PRED-00067,2026-09-11T12:47:00,AST-0098,AST-0378,Banking & Finance,EXFILTRATION,IMPACT,0.84,74.0,15-30 min,ACTIVE
PRED-00068,2026-09-16T18:05:00,AST-0109,AST-0070,Power & Energy,PERSISTENCE,LATERAL_MOVEMENT,0.736,63.6,8-14 min,REVIEWED
PRED-00069,2026-09-24T17:12:00,AST-0375,AST-0181,Manufacturing,EXFILTRATION,IMPACT,0.737,63.7,15-30 min,ACTIVE
PRED-00070,2026-09-08T17:55:00,AST-0219,AST-0473,Telecom,PERSISTENCE,LATERAL_MOVEMENT,0.793,69.3,8-14 min,ACTIVE
PRED-00071,2026-09-10T21:03:00,AST-0199,AST-0052,Healthcare,INITIAL_ACCESS,CREDENTIAL_ACCESS,0.667,76.7,30-60 min,RESOLVED
PRED-00072,2026-09-08T02:05:00,AST-0089,AST-0390,Banking & Finance,EXFILTRATION,IMPACT,0.717,81.7,15-30 min,RESOLVED
PRED-00073,2026-09-05T15:23:00,AST-0495,AST-0295,Defence,CREDENTIAL_ACCESS,LATERAL_MOVEMENT,0.796,69.6,30-60 min,RESOLVED
PRED-00074,2026-09-27T13:45:00,AST-0030,AST-0492,Government,PERSISTENCE,LATERAL_MOVEMENT,0.836,73.6,30-60 min,REVIEWED
PRED-00075,2026-09-23T05:40:00,AST-0456,AST-0357,Defence,EXECUTION,PERSISTENCE,0.871,77.1,30-60 min,ACTIVE
PRED-00076,2026-09-14T07:52:00,AST-0431,AST-0163,IT & ITES,EXFILTRATION,IMPACT,0.719,61.9,8-14 min,ACTIVE
PRED-00077,2026-09-20T23:28:00,AST-0394,AST-0057,Manufacturing,INITIAL_ACCESS,CREDENTIAL_ACCESS,0.868,76.8,8-14 min,ACTIVE
PRED-00078,2026-09-08T18:48:00,AST-0245,AST-0300,Telecom,LATERAL_MOVEMENT,EXFILTRATION,0.84,94.0,30-60 min,ACTIVE
PRED-00079,2026-09-09T23:43:00,AST-0035,AST-0338,Government,INITIAL_ACCESS,CREDENTIAL_ACCESS,0.818,71.8,30-60 min,ACTIVE
PRED-00080,2026-09-05T08:57:00,AST-0487,AST-0155,Defence,INITIAL_ACCESS,CREDENTIAL_ACCESS,0.812,71.2,1-3 hr,ACTIVE
PRED-00081,2026-09-21T17:39:00,AST-0240,AST-0370,Telecom,RECONNAISSANCE,INITIAL_ACCESS,0.783,68.3,1-3 hr,REVIEWED
PRED-00082,2026-09-07T17:09:00,AST-0500,AST-0155,Defence,CREDENTIAL_ACCESS,LATERAL_MOVEMENT,0.881,78.1,30-60 min,ACTIVE
PRED-00083,2026-09-11T22:06:00,AST-0222,AST-0024,Telecom,RECONNAISSANCE,INITIAL_ACCESS,0.794,69.4,8-14 min,RESOLVED
PRED-00084,2026-09-23T14:34:00,AST-0247,AST-0198,Telecom,EXECUTION,PERSISTENCE,0.824,92.4,15-30 min,REVIEWED
PRED-00085,2026-09-02T22:26:00,AST-0058,AST-0241,Banking & Finance,LATERAL_MOVEMENT,EXFILTRATION,0.886,78.6,15-30 min,ACTIVE
PRED-00086,2026-09-18T00:16:00,AST-0166,AST-0418,Healthcare,LATERAL_MOVEMENT,EXFILTRATION,0.767,66.7,1-3 hr,ACTIVE
PRED-00087,2026-09-25T08:46:00,AST-0438,AST-0067,IT & ITES,CREDENTIAL_ACCESS,LATERAL_MOVEMENT,0.837,73.7,1-3 hr,REVIEWED
PRED-00088,2026-09-11T06:24:00,AST-0363,AST-0288,Manufacturing,CREDENTIAL_ACCESS,LATERAL_MOVEMENT,0.847,74.7,1-3 hr,RESOLVED
PRED-00089,2026-09-12T17:10:00,AST-0356,AST-0099,Manufacturing,RECONNAISSANCE,INITIAL_ACCESS,0.882,78.2,15-30 min,ACTIVE
PRED-00090,2026-09-24T05:22:00,AST-0191,AST-0359,Healthcare,EXFILTRATION,IMPACT,0.77,67.0,1-3 hr,ACTIVE
PRED-00091,2026-09-21T05:00:00,AST-0454,AST-0121,Defence,EXECUTION,PERSISTENCE,0.893,79.3,15-30 min,RESOLVED
PRED-00092,2026-09-12T04:06:00,AST-0466,AST-0359,Defence,EXECUTION,PERSISTENCE,0.911,81.1,30-60 min,RESOLVED
PRED-00093,2026-09-26T08:53:00,AST-0138,AST-0168,Power & Energy,IMPACT,IMPACT,0.843,74.3,30-60 min,ACTIVE
PRED-00094,2026-09-23T02:06:00,AST-0302,AST-0090,Education,IMPACT,IMPACT,0.755,85.5,30-60 min,ACTIVE
PRED-00095,2026-09-01T21:39:00,AST-0133,AST-0148,Power & Energy,INITIAL_ACCESS,CREDENTIAL_ACCESS,0.799,89.9,1-3 hr,ACTIVE
PRED-00096,2026-09-24T15:32:00,AST-0387,AST-0182,Manufacturing,IMPACT,IMPACT,0.822,72.2,15-30 min,RESOLVED
PRED-00097,2026-09-13T04:10:00,AST-0486,AST-0271,Defence,EXECUTION,PERSISTENCE,0.649,54.9,30-60 min,REVIEWED
PRED-00098,2026-09-27T01:07:00,AST-0366,AST-0062,Manufacturing,CREDENTIAL_ACCESS,LATERAL_MOVEMENT,0.846,74.6,15-30 min,ACTIVE
PRED-00099,2026-09-15T05:09:00,AST-0143,AST-0057,Power & Energy,IMPACT,IMPACT,0.805,90.5,30-60 min,ACTIVE
PRED-00100,2026-09-02T03:48:00,AST-0450,AST-0422,IT & ITES,CREDENTIAL_ACCESS,LATERAL_MOVEMENT,0.866,76.6,1-3 hr,ACTIVE
PRED-00101,2026-09-20T03:58:00,AST-0265,AST-0316,Transport,EXFILTRATION,IMPACT,0.768,66.8,1-3 hr,ACTIVE
PRED-00102,2026-09-03T21:30:00,AST-0013,AST-0223,Government,RECONNAISSANCE,INITIAL_ACCESS,0.725,62.5,8-14 min,RESOLVED
PRED-00103,2026-09-22T10:02:00,AST-0203,AST-0344,Telecom,CREDENTIAL_ACCESS,LATERAL_MOVEMENT,0.883,78.3,30-60 min,REVIEWED
PRED-00104,2026-09-03T02:12:00,AST-0392,AST-0169,Manufacturing,EXFILTRATION,IMPACT,0.711,61.1,1-3 hr,ACTIVE
PRED-00105,2026-09-08T06:46:00,AST-0407,AST-0317,IT & ITES,LATERAL_MOVEMENT,EXFILTRATION,0.739,63.9,15-30 min,REVIEWED
PRED-00106,2026-09-10T22:14:00,AST-0239,AST-0495,Telecom,CREDENTIAL_ACCESS,LATERAL_MOVEMENT,0.865,76.5,15-30 min,ACTIVE
PRED-00107,2026-09-03T08:22:00,AST-0147,AST-0075,Power & Energy,RECONNAISSANCE,INITIAL_ACCESS,0.849,74.9,8-14 min,ACTIVE
PRED-00108,2026-09-26T03:06:00,AST-0239,AST-0125,Telecom,EXECUTION,PERSISTENCE,0.852,75.2,30-60 min,ACTIVE
PRED-00109,2026-09-14T23:56:00,AST-0053,AST-0412,Banking & Finance,IMPACT,IMPACT,0.882,78.2,15-30 min,ACTIVE
PRED-00110,2026-09-07T00:06:00,AST-0470,AST-0318,Defence,CREDENTIAL_ACCESS,LATERAL_MOVEMENT,0.832,73.2,15-30 min,REVIEWED
PRED-00111,2026-09-14T13:18:00,AST-0112,AST-0363,Power & Energy,INITIAL_ACCESS,CREDENTIAL_ACCESS,0.722,62.2,15-30 min,ACTIVE
PRED-00112,2026-09-12T00:47:00,AST-0078,AST-0437,Banking & Finance,EXFILTRATION,IMPACT,0.8,70.0,1-3 hr,REVIEWED
PRED-00113,2026-09-20T19:09:00,AST-0220,AST-0297,Telecom,EXECUTION,PERSISTENCE,0.91,81.0,1-3 hr,ACTIVE
PRED-00114,2026-09-23T17:53:00,AST-0187,AST-0424,Healthcare,LATERAL_MOVEMENT,EXFILTRATION,0.756,65.6,30-60 min,ACTIVE
PRED-00115,2026-09-05T00:59:00,AST-0186,AST-0466,Healthcare,IMPACT,IMPACT,0.735,63.5,8-14 min,REVIEWED
PRED-00116,2026-09-13T23:58:00,AST-0049,AST-0159,Government,IMPACT,IMPACT,0.814,71.4,1-3 hr,ACTIVE
PRED-00117,2026-09-21T13:11:00,AST-0417,AST-0500,IT & ITES,INITIAL_ACCESS,CREDENTIAL_ACCESS,0.872,77.2,15-30 min,REVIEWED
PRED-00118,2026-09-16T06:13:00,AST-0088,AST-0277,Banking & Finance,RECONNAISSANCE,INITIAL_ACCESS,0.747,64.7,15-30 min,ACTIVE
PRED-00119,2026-09-11T00:14:00,AST-0129,AST-0489,Power & Energy,CREDENTIAL_ACCESS,LATERAL_MOVEMENT,0.888,78.8,8-14 min,REVIEWED
PRED-00120,2026-09-26T21:26:00,AST-0441,AST-0107,IT & ITES,INITIAL_ACCESS,CREDENTIAL_ACCESS,0.943,84.3,8-14 min,ACTIVE
PRED-00121,2026-09-06T03:51:00,AST-0410,AST-0172,IT & ITES,INITIAL_ACCESS,CREDENTIAL_ACCESS,0.897,79.7,1-3 hr,ACTIVE
PRED-00122,2026-09-15T22:42:00,AST-0435,AST-0237,IT & ITES,PERSISTENCE,LATERAL_MOVEMENT,0.83,73.0,15-30 min,ACTIVE
PRED-00123,2026-09-12T18:53:00,AST-0197,AST-0354,Healthcare,LATERAL_MOVEMENT,EXFILTRATION,0.788,68.8,8-14 min,ACTIVE
PRED-00124,2026-09-20T04:36:00,AST-0215,AST-0282,Telecom,INITIAL_ACCESS,CREDENTIAL_ACCESS,0.747,64.7,30-60 min,RESOLVED
PRED-00125,2026-09-22T13:58:00,AST-0204,AST-0153,Telecom,CREDENTIAL_ACCESS,LATERAL_MOVEMENT,0.808,70.8,8-14 min,REVIEWED
PRED-00126,2026-09-08T19:07:00,AST-0295,AST-0357,Transport,RECONNAISSANCE,INITIAL_ACCESS,0.731,63.1,30-60 min,REVIEWED
PRED-00127,2026-09-19T23:45:00,AST-0078,AST-0009,Banking & Finance,CREDENTIAL_ACCESS,LATERAL_MOVEMENT,0.917,81.7,1-3 hr,RESOLVED
PRED-00128,2026-09-06T23:35:00,AST-0438,AST-0353,IT & ITES,INITIAL_ACCESS,CREDENTIAL_ACCESS,0.948,84.8,1-3 hr,REVIEWED
PRED-00129,2026-09-06T22:15:00,AST-0464,AST-0150,Defence,CREDENTIAL_ACCESS,LATERAL_MOVEMENT,0.778,67.8,8-14 min,RESOLVED
PRED-00130,2026-09-04T01:47:00,AST-0235,AST-0175,Telecom,RECONNAISSANCE,INITIAL_ACCESS,0.709,80.9,15-30 min,RESOLVED
PRED-00131,2026-09-25T08:28:00,AST-0381,AST-0394,Manufacturing,CREDENTIAL_ACCESS,LATERAL_MOVEMENT,0.746,64.6,1-3 hr,ACTIVE
PRED-00132,2026-09-05T10:23:00,AST-0366,AST-0326,Manufacturing,INITIAL_ACCESS,CREDENTIAL_ACCESS,0.719,61.9,8-14 min,ACTIVE
PRED-00133,2026-09-19T10:44:00,AST-0172,AST-0283,Healthcare,EXECUTION,PERSISTENCE,0.927,82.7,30-60 min,RESOLVED
PRED-00134,2026-09-27T15:35:00,AST-0090,AST-0418,Banking & Finance,INITIAL_ACCESS,CREDENTIAL_ACCESS,0.86,76.0,15-30 min,ACTIVE
PRED-00135,2026-09-18T10:36:00,AST-0024,AST-0077,Government,INITIAL_ACCESS,CREDENTIAL_ACCESS,0.669,76.9,30-60 min,RESOLVED
PRED-00136,2026-09-23T10:44:00,AST-0305,AST-0153,Education,PERSISTENCE,LATERAL_MOVEMENT,0.933,83.3,15-30 min,REVIEWED
PRED-00137,2026-09-22T07:40:00,AST-0036,AST-0272,Government,IMPACT,IMPACT,0.92,82.0,15-30 min,ACTIVE
PRED-00138,2026-09-07T06:10:00,AST-0479,AST-0261,Defence,RECONNAISSANCE,INITIAL_ACCESS,0.796,69.6,1-3 hr,RESOLVED
PRED-00139,2026-09-11T18:38:00,AST-0274,AST-0034,Transport,RECONNAISSANCE,INITIAL_ACCESS,0.83,73.0,30-60 min,ACTIVE
PRED-00140,2026-09-05T15:34:00,AST-0266,AST-0416,Transport,LATERAL_MOVEMENT,EXFILTRATION,0.786,88.6,1-3 hr,ACTIVE
PRED-00141,2026-09-02T03:02:00,AST-0106,AST-0202,Power & Energy,CREDENTIAL_ACCESS,LATERAL_MOVEMENT,0.932,83.2,8-14 min,ACTIVE
PRED-00142,2026-09-22T11:02:00,AST-0300,AST-0236,Transport,EXECUTION,PERSISTENCE,0.853,75.3,15-30 min,ACTIVE
PRED-00143,2026-09-24T10:05:00,AST-0101,AST-0262,Power & Energy,INITIAL_ACCESS,CREDENTIAL_ACCESS,0.817,71.7,30-60 min,REVIEWED
PRED-00144,2026-09-02T08:33:00,AST-0021,AST-0072,Government,EXFILTRATION,IMPACT,0.716,81.6,8-14 min,ACTIVE
PRED-00145,2026-09-15T07:41:00,AST-0406,AST-0022,IT & ITES,IMPACT,IMPACT,0.834,73.4,1-3 hr,ACTIVE
PRED-00146,2026-09-01T23:47:00,AST-0121,AST-0087,Power & Energy,LATERAL_MOVEMENT,EXFILTRATION,0.812,71.2,8-14 min,ACTIVE
PRED-00147,2026-09-02T14:43:00,AST-0399,AST-0219,Manufacturing,LATERAL_MOVEMENT,EXFILTRATION,0.796,89.6,30-60 min,REVIEWED
PRED-00148,2026-09-24T16:21:00,AST-0232,AST-0215,Telecom,CREDENTIAL_ACCESS,LATERAL_MOVEMENT,0.775,67.5,8-14 min,RESOLVED
PRED-00149,2026-09-03T00:19:00,AST-0221,AST-0016,Telecom,EXECUTION,PERSISTENCE,0.728,62.8,1-3 hr,REVIEWED
PRED-00150,2026-09-07T02:44:00,AST-0221,AST-0065,Telecom,LATERAL_MOVEMENT,EXFILTRATION,0.74,64.0,1-3 hr,ACTIVE
PRED-00151,2026-09-01T10:48:00,AST-0043,AST-0247,Government,LATERAL_MOVEMENT,EXFILTRATION,0.722,62.2,1-3 hr,ACTIVE
PRED-00152,2026-09-20T07:53:00,AST-0454,AST-0120,Defence,LATERAL_MOVEMENT,EXFILTRATION,0.829,72.9,8-14 min,ACTIVE
PRED-00153,2026-09-21T20:13:00,AST-0451,AST-0094,Defence,EXECUTION,PERSISTENCE,0.929,82.9,8-14 min,ACTIVE
PRED-00154,2026-09-15T07:39:00,AST-0460,AST-0254,Defence,EXECUTION,PERSISTENCE,0.737,63.7,1-3 hr,ACTIVE
PRED-00155,2026-09-22T00:05:00,AST-0247,AST-0442,Telecom,INITIAL_ACCESS,CREDENTIAL_ACCESS,0.874,97.4,1-3 hr,ACTIVE
PRED-00156,2026-09-03T12:44:00,AST-0340,AST-0183,Education,LATERAL_MOVEMENT,EXFILTRATION,0.902,80.2,15-30 min,RESOLVED
PRED-00157,2026-09-27T08:16:00,AST-0167,AST-0355,Healthcare,CREDENTIAL_ACCESS,LATERAL_MOVEMENT,0.816,71.6,15-30 min,ACTIVE
PRED-00158,2026-09-13T05:41:00,AST-0494,AST-0273,Defence,EXFILTRATION,IMPACT,0.761,86.1,1-3 hr,RESOLVED
PRED-00159,2026-09-07T05:25:00,AST-0447,AST-0015,IT & ITES,INITIAL_ACCESS,CREDENTIAL_ACCESS,0.767,66.7,30-60 min,ACTIVE
PRED-00160,2026-09-21T02:23:00,AST-0405,AST-0119,IT & ITES,EXECUTION,PERSISTENCE,0.901,80.1,15-30 min,ACTIVE
PRED-00161,2026-09-05T22:50:00,AST-0062,AST-0307,Banking & Finance,EXFILTRATION,IMPACT,0.796,69.6,15-30 min,ACTIVE
PRED-00162,2026-09-04T03:40:00,AST-0310,AST-0086,Education,CREDENTIAL_ACCESS,LATERAL_MOVEMENT,0.898,79.8,8-14 min,ACTIVE
PRED-00163,2026-09-18T05:40:00,AST-0053,AST-0036,Banking & Finance,IMPACT,IMPACT,0.828,72.8,1-3 hr,ACTIVE
PRED-00164,2026-09-17T22:50:00,AST-0355,AST-0266,Manufacturing,CREDENTIAL_ACCESS,LATERAL_MOVEMENT,0.916,81.6,30-60 min,ACTIVE
PRED-00165,2026-09-05T12:00:00,AST-0351,AST-0144,Manufacturing,EXFILTRATION,IMPACT,0.75,65.0,15-30 min,RESOLVED
PRED-00166,2026-09-02T20:05:00,AST-0045,AST-0213,Government,INITIAL_ACCESS,CREDENTIAL_ACCESS,0.82,72.0,15-30 min,REVIEWED
PRED-00167,2026-09-09T16:09:00,AST-0288,AST-0368,Transport,RECONNAISSANCE,INITIAL_ACCESS,0.731,63.1,15-30 min,ACTIVE
PRED-00168,2026-09-17T07:33:00,AST-0152,AST-0164,Healthcare,CREDENTIAL_ACCESS,LATERAL_MOVEMENT,0.893,79.3,30-60 min,ACTIVE
PRED-00169,2026-09-18T02:47:00,AST-0367,AST-0364,Manufacturing,IMPACT,IMPACT,0.83,73.0,15-30 min,ACTIVE
PRED-00170,2026-09-06T13:00:00,AST-0230,AST-0329,Telecom,LATERAL_MOVEMENT,EXFILTRATION,0.937,83.7,1-3 hr,RESOLVED
PRED-00171,2026-09-06T08:47:00,AST-0188,AST-0253,Healthcare,RECONNAISSANCE,INITIAL_ACCESS,0.724,62.4,15-30 min,ACTIVE
PRED-00172,2026-09-12T11:17:00,AST-0084,AST-0429,Banking & Finance,LATERAL_MOVEMENT,EXFILTRATION,0.803,70.3,15-30 min,REVIEWED
PRED-00173,2026-09-08T20:45:00,AST-0024,AST-0440,Government,EXECUTION,PERSISTENCE,0.87,97.0,8-14 min,ACTIVE
PRED-00174,2026-09-17T18:47:00,AST-0022,AST-0169,Government,CREDENTIAL_ACCESS,LATERAL_MOVEMENT,0.836,73.6,15-30 min,RESOLVED
PRED-00175,2026-09-06T12:46:00,AST-0160,AST-0414,Healthcare,PERSISTENCE,LATERAL_MOVEMENT,0.839,93.9,30-60 min,REVIEWED
PRED-00176,2026-09-11T11:58:00,AST-0365,AST-0150,Manufacturing,LATERAL_MOVEMENT,EXFILTRATION,0.842,74.2,15-30 min,ACTIVE
PRED-00177,2026-09-20T02:47:00,AST-0293,AST-0253,Transport,IMPACT,IMPACT,0.798,69.8,8-14 min,REVIEWED
PRED-00178,2026-09-05T17:57:00,AST-0412,AST-0287,IT & ITES,CREDENTIAL_ACCESS,LATERAL_MOVEMENT,0.833,93.3,30-60 min,RESOLVED
PRED-00179,2026-09-15T10:59:00,AST-0474,AST-0071,Defence,IMPACT,IMPACT,0.867,76.7,15-30 min,REVIEWED
PRED-00180,2026-09-13T07:23:00,AST-0317,AST-0052,Education,EXFILTRATION,IMPACT,0.739,63.9,30-60 min,ACTIVE
PRED-00181,2026-09-20T05:13:00,AST-0137,AST-0255,Power & Energy,INITIAL_ACCESS,CREDENTIAL_ACCESS,0.82,72.0,8-14 min,RESOLVED
PRED-00182,2026-09-17T21:57:00,AST-0341,AST-0388,Education,LATERAL_MOVEMENT,EXFILTRATION,0.871,77.1,8-14 min,ACTIVE
PRED-00183,2026-09-18T23:22:00,AST-0351,AST-0450,Manufacturing,INITIAL_ACCESS,CREDENTIAL_ACCESS,0.812,71.2,8-14 min,RESOLVED
PRED-00184,2026-09-05T05:00:00,AST-0102,AST-0355,Power & Energy,INITIAL_ACCESS,CREDENTIAL_ACCESS,0.824,72.4,15-30 min,RESOLVED
PRED-00185,2026-09-08T18:33:00,AST-0015,AST-0351,Government,RECONNAISSANCE,INITIAL_ACCESS,0.788,68.8,1-3 hr,ACTIVE
PRED-00186,2026-09-01T19:09:00,AST-0436,AST-0450,IT & ITES,EXFILTRATION,IMPACT,0.75,85.0,15-30 min,REVIEWED
PRED-00187,2026-09-11T15:44:00,AST-0325,AST-0064,Education,PERSISTENCE,LATERAL_MOVEMENT,0.787,68.7,8-14 min,REVIEWED
PRED-00188,2026-09-02T13:43:00,AST-0248,AST-0368,Telecom,LATERAL_MOVEMENT,EXFILTRATION,0.794,69.4,8-14 min,RESOLVED
PRED-00189,2026-09-15T18:27:00,AST-0399,AST-0229,Manufacturing,CREDENTIAL_ACCESS,LATERAL_MOVEMENT,0.8,90.0,30-60 min,REVIEWED
PRED-00190,2026-09-25T05:37:00,AST-0141,AST-0379,Power & Energy,EXFILTRATION,IMPACT,0.741,64.1,15-30 min,REVIEWED
PRED-00191,2026-09-16T02:07:00,AST-0061,AST-0168,Banking & Finance,EXFILTRATION,IMPACT,0.728,62.8,1-3 hr,ACTIVE
PRED-00192,2026-09-24T19:27:00,AST-0268,AST-0232,Transport,IMPACT,IMPACT,0.974,87.4,8-14 min,RESOLVED
PRED-00193,2026-09-23T15:02:00,AST-0428,AST-0319,IT & ITES,CREDENTIAL_ACCESS,LATERAL_MOVEMENT,0.875,77.5,30-60 min,REVIEWED
PRED-00194,2026-09-12T12:27:00,AST-0288,AST-0316,Transport,RECONNAISSANCE,INITIAL_ACCESS,0.884,78.4,15-30 min,ACTIVE
PRED-00195,2026-09-26T08:06:00,AST-0004,AST-0347,Government,RECONNAISSANCE,INITIAL_ACCESS,0.838,73.8,15-30 min,ACTIVE
PRED-00196,2026-09-24T07:06:00,AST-0110,AST-0248,Power & Energy,EXECUTION,PERSISTENCE,0.894,79.4,1-3 hr,RESOLVED
PRED-00197,2026-09-13T02:02:00,AST-0482,AST-0348,Defence,EXFILTRATION,IMPACT,0.787,68.7,1-3 hr,REVIEWED
PRED-00198,2026-09-04T09:10:00,AST-0281,AST-0344,Transport,EXECUTION,PERSISTENCE,0.796,89.6,15-30 min,RESOLVED
PRED-00199,2026-09-06T14:43:00,AST-0165,AST-0123,Healthcare,PERSISTENCE,LATERAL_MOVEMENT,0.805,70.5,8-14 min,REVIEWED
PRED-00200,2026-09-20T21:21:00,AST-0395,AST-0330,Manufacturing,INITIAL_ACCESS,CREDENTIAL_ACCESS,0.924,82.4,30-60 min,ACTIVE
PRED-00201,2026-09-08T23:23:00,AST-0391,AST-0131,Manufacturing,INITIAL_ACCESS,CREDENTIAL_ACCESS,0.831,73.1,30-60 min,REVIEWED
PRED-00202,2026-09-26T16:51:00,AST-0236,AST-0088,Telecom,EXECUTION,PERSISTENCE,0.819,71.9,8-14 min,ACTIVE
PRED-00203,2026-09-12T17:43:00,AST-0351,AST-0370,Manufacturing,EXECUTION,PERSISTENCE,0.732,63.2,15-30 min,ACTIVE
PRED-00204,2026-09-06T16:03:00,AST-0429,AST-0414,IT & ITES,EXECUTION,PERSISTENCE,0.737,63.7,15-30 min,ACTIVE
PRED-00205,2026-09-13T14:09:00,AST-0303,AST-0404,Education,PERSISTENCE,LATERAL_MOVEMENT,0.901,80.1,15-30 min,RESOLVED
PRED-00206,2026-09-01T19:31:00,AST-0331,AST-0123,Education,LATERAL_MOVEMENT,EXFILTRATION,0.727,82.7,8-14 min,ACTIVE
PRED-00207,2026-09-15T13:05:00,AST-0226,AST-0254,Telecom,EXFILTRATION,IMPACT,0.745,64.5,1-3 hr,ACTIVE
PRED-00208,2026-09-19T20:57:00,AST-0070,AST-0494,Banking & Finance,CREDENTIAL_ACCESS,LATERAL_MOVEMENT,0.897,79.7,8-14 min,RESOLVED
PRED-00209,2026-09-06T04:28:00,AST-0280,AST-0308,Transport,EXFILTRATION,IMPACT,0.719,81.9,1-3 hr,ACTIVE
PRED-00210,2026-09-21T10:54:00,AST-0221,AST-0109,Telecom,IMPACT,IMPACT,0.771,67.1,15-30 min,RESOLVED
PRED-00211,2026-09-13T22:02:00,AST-0459,AST-0144,Defence,CREDENTIAL_ACCESS,LATERAL_MOVEMENT,0.893,79.3,8-14 min,ACTIVE
PRED-00212,2026-09-15T03:18:00,AST-0065,AST-0441,Banking & Finance,CREDENTIAL_ACCESS,LATERAL_MOVEMENT,0.876,77.6,8-14 min,RESOLVED
PRED-00213,2026-09-27T03:10:00,AST-0025,AST-0154,Government,CREDENTIAL_ACCESS,LATERAL_MOVEMENT,0.849,74.9,30-60 min,ACTIVE
PRED-00214,2026-09-13T13:57:00,AST-0311,AST-0375,Education,CREDENTIAL_ACCESS,LATERAL_MOVEMENT,0.888,78.8,1-3 hr,ACTIVE
PRED-00215,2026-09-24T17:36:00,AST-0026,AST-0426,Government,INITIAL_ACCESS,CREDENTIAL_ACCESS,0.751,85.1,1-3 hr,REVIEWED
PRED-00216,2026-09-03T06:26:00,AST-0186,AST-0110,Healthcare,LATERAL_MOVEMENT,EXFILTRATION,0.892,79.2,1-3 hr,ACTIVE
PRED-00217,2026-09-03T22:22:00,AST-0492,AST-0467,Defence,CREDENTIAL_ACCESS,LATERAL_MOVEMENT,0.812,71.2,30-60 min,ACTIVE
PRED-00218,2026-09-03T02:53:00,AST-0025,AST-0285,Government,LATERAL_MOVEMENT,EXFILTRATION,0.799,69.9,1-3 hr,RESOLVED
PRED-00219,2026-09-14T22:32:00,AST-0383,AST-0385,Manufacturing,IMPACT,IMPACT,0.866,76.6,1-3 hr,REVIEWED
PRED-00220,2026-09-25T11:40:00,AST-0281,AST-0274,Transport,LATERAL_MOVEMENT,EXFILTRATION,0.884,98.4,1-3 hr,ACTIVE
PRED-00221,2026-09-14T22:23:00,AST-0074,AST-0313,Banking & Finance,CREDENTIAL_ACCESS,LATERAL_MOVEMENT,0.87,77.0,1-3 hr,RESOLVED
PRED-00222,2026-09-20T17:03:00,AST-0098,AST-0342,Banking & Finance,INITIAL_ACCESS,CREDENTIAL_ACCESS,0.892,79.2,30-60 min,REVIEWED
PRED-00223,2026-09-24T18:58:00,AST-0272,AST-0412,Transport,LATERAL_MOVEMENT,EXFILTRATION,0.764,66.4,30-60 min,REVIEWED
PRED-00224,2026-09-23T23:03:00,AST-0141,AST-0103,Power & Energy,LATERAL_MOVEMENT,EXFILTRATION,0.833,73.3,15-30 min,ACTIVE
PRED-00225,2026-09-13T04:08:00,AST-0413,AST-0499,IT & ITES,LATERAL_MOVEMENT,EXFILTRATION,0.808,90.8,8-14 min,ACTIVE
PRED-00226,2026-09-02T02:11:00,AST-0467,AST-0052,Defence,IMPACT,IMPACT,0.883,78.3,1-3 hr,ACTIVE
PRED-00227,2026-09-14T20:35:00,AST-0455,AST-0196,Defence,CREDENTIAL_ACCESS,LATERAL_MOVEMENT,0.888,78.8,8-14 min,ACTIVE
PRED-00228,2026-09-01T22:53:00,AST-0257,AST-0500,Transport,EXFILTRATION,IMPACT,0.793,69.3,15-30 min,REVIEWED
PRED-00229,2026-09-15T19:56:00,AST-0157,AST-0452,Healthcare,LATERAL_MOVEMENT,EXFILTRATION,0.741,64.1,15-30 min,RESOLVED
PRED-00230,2026-09-21T09:55:00,AST-0478,AST-0322,Defence,LATERAL_MOVEMENT,EXFILTRATION,0.935,83.5,30-60 min,ACTIVE
PRED-00231,2026-09-24T09:03:00,AST-0468,AST-0106,Defence,EXECUTION,PERSISTENCE,0.794,89.4,8-14 min,ACTIVE
PRED-00232,2026-09-07T08:36:00,AST-0344,AST-0114,Education,CREDENTIAL_ACCESS,LATERAL_MOVEMENT,0.877,77.7,30-60 min,ACTIVE
PRED-00233,2026-09-24T22:22:00,AST-0129,AST-0321,Power & Energy,PERSISTENCE,LATERAL_MOVEMENT,0.812,71.2,1-3 hr,REVIEWED
PRED-00234,2026-09-10T05:20:00,AST-0104,AST-0469,Power & Energy,EXECUTION,PERSISTENCE,0.842,74.2,8-14 min,RESOLVED
PRED-00235,2026-09-08T03:01:00,AST-0088,AST-0455,Banking & Finance,INITIAL_ACCESS,CREDENTIAL_ACCESS,0.694,59.4,1-3 hr,ACTIVE
PRED-00236,2026-09-01T10:06:00,AST-0327,AST-0483,Education,IMPACT,IMPACT,0.823,72.3,30-60 min,ACTIVE
PRED-00237,2026-09-15T02:55:00,AST-0360,AST-0392,Manufacturing,INITIAL_ACCESS,CREDENTIAL_ACCESS,0.917,81.7,30-60 min,ACTIVE
PRED-00238,2026-09-24T11:39:00,AST-0461,AST-0428,Defence,CREDENTIAL_ACCESS,LATERAL_MOVEMENT,0.761,66.1,1-3 hr,REVIEWED
PRED-00239,2026-09-08T08:29:00,AST-0164,AST-0150,Healthcare,CREDENTIAL_ACCESS,LATERAL_MOVEMENT,0.873,77.3,8-14 min,ACTIVE
PRED-00240,2026-09-27T04:24:00,AST-0154,AST-0060,Healthcare,RECONNAISSANCE,INITIAL_ACCESS,0.761,66.1,15-30 min,ACTIVE
PRED-00241,2026-09-19T09:26:00,AST-0297,AST-0326,Transport,PERSISTENCE,LATERAL_MOVEMENT,0.87,77.0,30-60 min,ACTIVE
PRED-00242,2026-09-15T15:26:00,AST-0055,AST-0059,Banking & Finance,CREDENTIAL_ACCESS,LATERAL_MOVEMENT,0.882,78.2,30-60 min,REVIEWED
PRED-00243,2026-09-18T17:56:00,AST-0138,AST-0326,Power & Energy,RECONNAISSANCE,INITIAL_ACCESS,0.746,64.6,15-30 min,ACTIVE
PRED-00244,2026-09-18T13:35:00,AST-0295,AST-0153,Transport,CREDENTIAL_ACCESS,LATERAL_MOVEMENT,0.783,68.3,1-3 hr,RESOLVED
PRED-00245,2026-09-20T09:24:00,AST-0059,AST-0030,Banking & Finance,CREDENTIAL_ACCESS,LATERAL_MOVEMENT,0.76,86.0,15-30 min,ACTIVE
PRED-00246,2026-09-17T02:36:00,AST-0405,AST-0417,IT & ITES,LATERAL_MOVEMENT,EXFILTRATION,0.803,70.3,15-30 min,RESOLVED
PRED-00247,2026-09-11T03:28:00,AST-0198,AST-0410,Healthcare,IMPACT,IMPACT,0.758,65.8,8-14 min,ACTIVE
PRED-00248,2026-09-03T15:35:00,AST-0441,AST-0484,IT & ITES,PERSISTENCE,LATERAL_MOVEMENT,0.795,69.5,15-30 min,ACTIVE
PRED-00249,2026-09-02T11:15:00,AST-0056,AST-0442,Banking & Finance,INITIAL_ACCESS,CREDENTIAL_ACCESS,0.792,69.2,8-14 min,REVIEWED
PRED-00250,2026-09-04T02:55:00,AST-0491,AST-0400,Defence,IMPACT,IMPACT,0.896,99.0,30-60 min,ACTIVE
PRED-00251,2026-09-25T16:22:00,AST-0341,AST-0365,Education,INITIAL_ACCESS,CREDENTIAL_ACCESS,0.847,74.7,30-60 min,RESOLVED
PRED-00252,2026-09-22T12:44:00,AST-0135,AST-0162,Power & Energy,IMPACT,IMPACT,0.781,68.1,15-30 min,RESOLVED
PRED-00253,2026-09-14T16:50:00,AST-0127,AST-0288,Power & Energy,RECONNAISSANCE,INITIAL_ACCESS,0.77,67.0,8-14 min,REVIEWED
PRED-00254,2026-09-18T00:14:00,AST-0357,AST-0153,Manufacturing,CREDENTIAL_ACCESS,LATERAL_MOVEMENT,0.93,83.0,1-3 hr,ACTIVE
PRED-00255,2026-09-18T17:38:00,AST-0201,AST-0269,Telecom,EXECUTION,PERSISTENCE,0.738,63.8,1-3 hr,ACTIVE
PRED-00256,2026-09-04T12:25:00,AST-0483,AST-0185,Defence,LATERAL_MOVEMENT,EXFILTRATION,0.765,66.5,30-60 min,ACTIVE
PRED-00257,2026-09-11T00:35:00,AST-0151,AST-0490,Healthcare,INITIAL_ACCESS,CREDENTIAL_ACCESS,0.867,76.7,1-3 hr,REVIEWED
PRED-00258,2026-09-27T01:23:00,AST-0314,AST-0427,Education,CREDENTIAL_ACCESS,LATERAL_MOVEMENT,0.83,73.0,1-3 hr,ACTIVE
PRED-00259,2026-09-12T16:36:00,AST-0493,AST-0344,Defence,EXFILTRATION,IMPACT,0.725,62.5,1-3 hr,ACTIVE
PRED-00260,2026-09-10T06:40:00,AST-0296,AST-0138,Transport,LATERAL_MOVEMENT,EXFILTRATION,0.804,70.4,15-30 min,REVIEWED
PRED-00261,2026-09-27T14:39:00,AST-0244,AST-0026,Telecom,EXECUTION,PERSISTENCE,0.92,99.0,1-3 hr,REVIEWED
PRED-00262,2026-09-10T02:52:00,AST-0030,AST-0038,Government,CREDENTIAL_ACCESS,LATERAL_MOVEMENT,0.808,70.8,30-60 min,REVIEWED
PRED-00263,2026-09-22T05:34:00,AST-0071,AST-0269,Banking & Finance,EXECUTION,PERSISTENCE,0.772,67.2,8-14 min,ACTIVE
PRED-00264,2026-09-26T11:28:00,AST-0286,AST-0203,Transport,CREDENTIAL_ACCESS,LATERAL_MOVEMENT,0.813,71.3,15-30 min,REVIEWED
PRED-00265,2026-09-24T09:17:00,AST-0422,AST-0438,IT & ITES,LATERAL_MOVEMENT,EXFILTRATION,0.834,93.4,1-3 hr,RESOLVED
PRED-00266,2026-09-24T16:43:00,AST-0182,AST-0041,Healthcare,INITIAL_ACCESS,CREDENTIAL_ACCESS,0.794,69.4,15-30 min,ACTIVE
PRED-00267,2026-09-26T13:40:00,AST-0161,AST-0472,Healthcare,IMPACT,IMPACT,0.807,90.7,1-3 hr,ACTIVE
PRED-00268,2026-09-05T02:16:00,AST-0118,AST-0105,Power & Energy,LATERAL_MOVEMENT,EXFILTRATION,0.841,74.1,1-3 hr,REVIEWED
PRED-00269,2026-09-23T14:57:00,AST-0322,AST-0472,Education,LATERAL_MOVEMENT,EXFILTRATION,0.753,65.3,1-3 hr,ACTIVE
PRED-00270,2026-09-11T03:41:00,AST-0395,AST-0350,Manufacturing,CREDENTIAL_ACCESS,LATERAL_MOVEMENT,0.922,82.2,1-3 hr,RESOLVED
PRED-00271,2026-09-23T23:36:00,AST-0199,AST-0351,Healthcare,INITIAL_ACCESS,CREDENTIAL_ACCESS,0.801,90.1,30-60 min,RESOLVED
PRED-00272,2026-09-20T07:00:00,AST-0432,AST-0174,IT & ITES,EXFILTRATION,IMPACT,0.722,62.2,8-14 min,ACTIVE
PRED-00273,2026-09-03T23:10:00,AST-0198,AST-0487,Healthcare,RECONNAISSANCE,INITIAL_ACCESS,0.736,63.6,15-30 min,RESOLVED
PRED-00274,2026-09-11T22:55:00,AST-0486,AST-0412,Defence,PERSISTENCE,LATERAL_MOVEMENT,0.84,74.0,1-3 hr,REVIEWED
PRED-00275,2026-09-19T20:11:00,AST-0257,AST-0493,Transport,EXECUTION,PERSISTENCE,0.851,75.1,30-60 min,RESOLVED
PRED-00276,2026-09-27T23:26:00,AST-0427,AST-0303,IT & ITES,INITIAL_ACCESS,CREDENTIAL_ACCESS,0.812,71.2,30-60 min,RESOLVED
PRED-00277,2026-09-02T16:13:00,AST-0379,AST-0428,Manufacturing,CREDENTIAL_ACCESS,LATERAL_MOVEMENT,0.85,75.0,30-60 min,REVIEWED
PRED-00278,2026-09-11T05:08:00,AST-0459,AST-0265,Defence,RECONNAISSANCE,INITIAL_ACCESS,0.807,70.7,15-30 min,REVIEWED
PRED-00279,2026-09-24T10:34:00,AST-0406,AST-0250,IT & ITES,EXECUTION,PERSISTENCE,0.893,79.3,8-14 min,ACTIVE
PRED-00280,2026-09-09T15:25:00,AST-0134,AST-0252,Power & Energy,PERSISTENCE,LATERAL_MOVEMENT,0.827,92.7,15-30 min,ACTIVE
PRED-00281,2026-09-12T16:29:00,AST-0081,AST-0178,Banking & Finance,LATERAL_MOVEMENT,EXFILTRATION,0.71,61.0,1-3 hr,RESOLVED
PRED-00282,2026-09-23T19:26:00,AST-0091,AST-0494,Banking & Finance,IMPACT,IMPACT,0.766,66.6,1-3 hr,ACTIVE
PRED-00283,2026-09-11T10:23:00,AST-0146,AST-0014,Power & Energy,INITIAL_ACCESS,CREDENTIAL_ACCESS,0.708,60.8,15-30 min,REVIEWED
PRED-00284,2026-09-03T03:58:00,AST-0176,AST-0425,Healthcare,IMPACT,IMPACT,0.809,70.9,15-30 min,ACTIVE
PRED-00285,2026-09-15T22:37:00,AST-0182,AST-0468,Healthcare,LATERAL_MOVEMENT,EXFILTRATION,0.791,69.1,8-14 min,ACTIVE
PRED-00286,2026-09-03T17:39:00,AST-0207,AST-0228,Telecom,INITIAL_ACCESS,CREDENTIAL_ACCESS,0.94,84.0,15-30 min,REVIEWED
PRED-00287,2026-09-11T22:10:00,AST-0026,AST-0420,Government,INITIAL_ACCESS,CREDENTIAL_ACCESS,0.866,96.6,1-3 hr,RESOLVED
PRED-00288,2026-09-21T14:29:00,AST-0084,AST-0283,Banking & Finance,INITIAL_ACCESS,CREDENTIAL_ACCESS,0.854,75.4,1-3 hr,RESOLVED
PRED-00289,2026-09-18T12:55:00,AST-0393,AST-0055,Manufacturing,EXECUTION,PERSISTENCE,0.708,60.8,30-60 min,RESOLVED
PRED-00290,2026-09-18T19:03:00,AST-0388,AST-0077,Manufacturing,INITIAL_ACCESS,CREDENTIAL_ACCESS,0.654,55.4,30-60 min,REVIEWED
PRED-00291,2026-09-21T11:57:00,AST-0201,AST-0359,Telecom,CREDENTIAL_ACCESS,LATERAL_MOVEMENT,0.681,58.1,1-3 hr,ACTIVE
PRED-00292,2026-09-21T02:42:00,AST-0153,AST-0245,Healthcare,INITIAL_ACCESS,CREDENTIAL_ACCESS,0.781,68.1,8-14 min,ACTIVE
PRED-00293,2026-09-14T06:45:00,AST-0232,AST-0124,Telecom,EXECUTION,PERSISTENCE,0.805,70.5,15-30 min,ACTIVE
PRED-00294,2026-09-25T07:31:00,AST-0335,AST-0201,Education,PERSISTENCE,LATERAL_MOVEMENT,0.827,72.7,1-3 hr,RESOLVED
PRED-00295,2026-09-09T12:00:00,AST-0234,AST-0096,Telecom,EXECUTION,PERSISTENCE,0.804,70.4,1-3 hr,ACTIVE
PRED-00296,2026-09-25T10:06:00,AST-0081,AST-0265,Banking & Finance,INITIAL_ACCESS,CREDENTIAL_ACCESS,0.745,64.5,15-30 min,ACTIVE
PRED-00297,2026-09-21T20:57:00,AST-0462,AST-0066,Defence,RECONNAISSANCE,INITIAL_ACCESS,0.698,79.8,15-30 min,RESOLVED
PRED-00298,2026-09-24T01:36:00,AST-0198,AST-0249,Healthcare,EXECUTION,PERSISTENCE,0.839,73.9,30-60 min,RESOLVED
PRED-00299,2026-09-19T20:12:00,AST-0364,AST-0040,Manufacturing,RECONNAISSANCE,INITIAL_ACCESS,0.847,94.7,30-60 min,REVIEWED
PRED-00300,2026-09-23T11:46:00,AST-0045,AST-0224,Government,PERSISTENCE,LATERAL_MOVEMENT,0.781,68.1,8-14 min,REVIEWED
PRED-00301,2026-09-27T12:43:00,AST-0140,AST-0263,Power & Energy,LATERAL_MOVEMENT,EXFILTRATION,0.78,68.0,30-60 min,REVIEWED
PRED-00302,2026-09-24T13:42:00,AST-0496,AST-0341,Defence,EXFILTRATION,IMPACT,0.728,62.8,30-60 min,REVIEWED
PRED-00303,2026-09-27T20:11:00,AST-0459,AST-0184,Defence,EXECUTION,PERSISTENCE,0.841,74.1,1-3 hr,RESOLVED
PRED-00304,2026-09-12T02:35:00,AST-0076,AST-0051,Banking & Finance,CREDENTIAL_ACCESS,LATERAL_MOVEMENT,0.865,76.5,15-30 min,RESOLVED
PRED-00305,2026-09-10T15:10:00,AST-0440,AST-0317,IT & ITES,INITIAL_ACCESS,CREDENTIAL_ACCESS,0.826,72.6,8-14 min,REVIEWED
PRED-00306,2026-09-03T22:38:00,AST-0188,AST-0376,Healthcare,INITIAL_ACCESS,CREDENTIAL_ACCESS,0.934,83.4,15-30 min,REVIEWED
PRED-00307,2026-09-14T10:44:00,AST-0229,AST-0465,Telecom,RECONNAISSANCE,INITIAL_ACCESS,0.808,70.8,15-30 min,REVIEWED
PRED-00308,2026-09-22T12:41:00,AST-0172,AST-0120,Healthcare,PERSISTENCE,LATERAL_MOVEMENT,0.716,61.6,30-60 min,ACTIVE
PRED-00309,2026-09-05T06:18:00,AST-0141,AST-0342,Power & Energy,EXECUTION,PERSISTENCE,0.81,71.0,30-60 min,ACTIVE
PRED-00310,2026-09-18T08:59:00,AST-0063,AST-0451,Banking & Finance,EXFILTRATION,IMPACT,0.734,63.4,15-30 min,ACTIVE
PRED-00311,2026-09-20T04:43:00,AST-0403,AST-0001,IT & ITES,LATERAL_MOVEMENT,EXFILTRATION,0.83,73.0,15-30 min,ACTIVE
PRED-00312,2026-09-18T20:56:00,AST-0367,AST-0317,Manufacturing,INITIAL_ACCESS,CREDENTIAL_ACCESS,0.76,66.0,30-60 min,ACTIVE
PRED-00313,2026-09-17T01:47:00,AST-0387,AST-0105,Manufacturing,INITIAL_ACCESS,CREDENTIAL_ACCESS,0.868,76.8,1-3 hr,ACTIVE
PRED-00314,2026-09-19T02:28:00,AST-0163,AST-0432,Healthcare,INITIAL_ACCESS,CREDENTIAL_ACCESS,0.921,82.1,1-3 hr,ACTIVE
PRED-00315,2026-09-08T23:53:00,AST-0483,AST-0104,Defence,INITIAL_ACCESS,CREDENTIAL_ACCESS,0.851,75.1,1-3 hr,REVIEWED
PRED-00316,2026-09-18T18:22:00,AST-0267,AST-0390,Transport,RECONNAISSANCE,INITIAL_ACCESS,0.762,86.2,30-60 min,REVIEWED
PRED-00317,2026-09-07T23:05:00,AST-0361,AST-0349,Manufacturing,INITIAL_ACCESS,CREDENTIAL_ACCESS,0.823,72.3,8-14 min,RESOLVED
PRED-00318,2026-09-12T05:29:00,AST-0001,AST-0410,Government,LATERAL_MOVEMENT,EXFILTRATION,0.808,70.8,15-30 min,REVIEWED
PRED-00319,2026-09-12T14:38:00,AST-0378,AST-0439,Manufacturing,EXECUTION,PERSISTENCE,0.859,75.9,30-60 min,ACTIVE
PRED-00320,2026-09-01T18:34:00,AST-0099,AST-0070,Banking & Finance,IMPACT,IMPACT,0.877,77.7,30-60 min,ACTIVE
PRED-00321,2026-09-05T23:11:00,AST-0225,AST-0045,Telecom,IMPACT,IMPACT,0.733,63.3,30-60 min,ACTIVE
PRED-00322,2026-09-05T03:20:00,AST-0146,AST-0174,Power & Energy,PERSISTENCE,LATERAL_MOVEMENT,0.723,62.3,1-3 hr,ACTIVE
PRED-00323,2026-09-09T23:49:00,AST-0426,AST-0176,IT & ITES,CREDENTIAL_ACCESS,LATERAL_MOVEMENT,0.741,64.1,1-3 hr,RESOLVED
PRED-00324,2026-09-12T19:42:00,AST-0441,AST-0299,IT & ITES,CREDENTIAL_ACCESS,LATERAL_MOVEMENT,0.812,71.2,15-30 min,REVIEWED
PRED-00325,2026-09-02T07:44:00,AST-0161,AST-0122,Healthcare,INITIAL_ACCESS,CREDENTIAL_ACCESS,0.887,98.7,1-3 hr,ACTIVE
PRED-00326,2026-09-03T20:23:00,AST-0391,AST-0052,Manufacturing,EXECUTION,PERSISTENCE,0.907,80.7,15-30 min,RESOLVED
PRED-00327,2026-09-02T02:54:00,AST-0425,AST-0429,IT & ITES,CREDENTIAL_ACCESS,LATERAL_MOVEMENT,0.914,81.4,1-3 hr,REVIEWED
PRED-00328,2026-09-17T23:28:00,AST-0482,AST-0311,Defence,EXFILTRATION,IMPACT,0.696,59.6,8-14 min,ACTIVE
PRED-00329,2026-09-17T07:11:00,AST-0007,AST-0344,Government,EXECUTION,PERSISTENCE,0.922,82.2,30-60 min,ACTIVE
PRED-00330,2026-09-05T21:11:00,AST-0044,AST-0287,Government,LATERAL_MOVEMENT,EXFILTRATION,0.846,74.6,8-14 min,ACTIVE
PRED-00331,2026-09-08T08:00:00,AST-0176,AST-0143,Healthcare,LATERAL_MOVEMENT,EXFILTRATION,0.816,71.6,1-3 hr,REVIEWED
PRED-00332,2026-09-11T23:25:00,AST-0352,AST-0270,Manufacturing,RECONNAISSANCE,INITIAL_ACCESS,0.819,91.9,8-14 min,ACTIVE
PRED-00333,2026-09-26T13:03:00,AST-0314,AST-0121,Education,CREDENTIAL_ACCESS,LATERAL_MOVEMENT,0.862,76.2,8-14 min,ACTIVE
PRED-00334,2026-09-01T11:10:00,AST-0394,AST-0178,Manufacturing,LATERAL_MOVEMENT,EXFILTRATION,0.771,67.1,15-30 min,ACTIVE
PRED-00335,2026-09-19T20:39:00,AST-0433,AST-0224,IT & ITES,INITIAL_ACCESS,CREDENTIAL_ACCESS,0.804,70.4,1-3 hr,REVIEWED
PRED-00336,2026-09-14T06:32:00,AST-0360,AST-0005,Manufacturing,RECONNAISSANCE,INITIAL_ACCESS,0.835,73.5,30-60 min,ACTIVE
PRED-00337,2026-09-27T11:06:00,AST-0219,AST-0377,Telecom,RECONNAISSANCE,INITIAL_ACCESS,0.826,72.6,30-60 min,REVIEWED
PRED-00338,2026-09-22T11:19:00,AST-0391,AST-0292,Manufacturing,INITIAL_ACCESS,CREDENTIAL_ACCESS,0.914,81.4,15-30 min,REVIEWED
PRED-00339,2026-09-13T01:38:00,AST-0494,AST-0443,Defence,LATERAL_MOVEMENT,EXFILTRATION,0.762,86.2,1-3 hr,REVIEWED
PRED-00340,2026-09-19T06:55:00,AST-0036,AST-0495,Government,EXECUTION,PERSISTENCE,0.693,59.3,30-60 min,RESOLVED
PRED-00341,2026-09-21T20:46:00,AST-0104,AST-0242,Power & Energy,RECONNAISSANCE,INITIAL_ACCESS,0.708,60.8,8-14 min,RESOLVED
PRED-00342,2026-09-03T10:10:00,AST-0320,AST-0470,Education,RECONNAISSANCE,INITIAL_ACCESS,0.832,73.2,1-3 hr,REVIEWED
PRED-00343,2026-09-18T00:58:00,AST-0443,AST-0485,IT & ITES,IMPACT,IMPACT,0.758,65.8,8-14 min,ACTIVE
PRED-00344,2026-09-22T05:16:00,AST-0196,AST-0463,Healthcare,CREDENTIAL_ACCESS,LATERAL_MOVEMENT,0.825,72.5,30-60 min,RESOLVED
PRED-00345,2026-09-20T17:17:00,AST-0222,AST-0277,Telecom,CREDENTIAL_ACCESS,LATERAL_MOVEMENT,0.848,74.8,1-3 hr,RESOLVED
PRED-00346,2026-09-01T22:55:00,AST-0069,AST-0061,Banking & Finance,RECONNAISSANCE,INITIAL_ACCESS,0.789,68.9,1-3 hr,REVIEWED
PRED-00347,2026-09-22T18:48:00,AST-0243,AST-0417,Telecom,LATERAL_MOVEMENT,EXFILTRATION,0.817,91.7,8-14 min,REVIEWED
PRED-00348,2026-09-10T13:56:00,AST-0242,AST-0394,Telecom,LATERAL_MOVEMENT,EXFILTRATION,0.709,80.9,8-14 min,RESOLVED
PRED-00349,2026-09-14T04:38:00,AST-0003,AST-0266,Government,INITIAL_ACCESS,CREDENTIAL_ACCESS,0.804,70.4,8-14 min,REVIEWED
PRED-00350,2026-09-08T10:47:00,AST-0376,AST-0063,Manufacturing,LATERAL_MOVEMENT,EXFILTRATION,0.78,68.0,1-3 hr,ACTIVE
PRED-00351,2026-09-17T04:09:00,AST-0270,AST-0139,Transport,LATERAL_MOVEMENT,EXFILTRATION,0.832,73.2,1-3 hr,ACTIVE
PRED-00352,2026-09-12T02:45:00,AST-0482,AST-0401,Defence,CREDENTIAL_ACCESS,LATERAL_MOVEMENT,0.862,76.2,30-60 min,REVIEWED
PRED-00353,2026-09-15T23:37:00,AST-0314,AST-0191,Education,EXECUTION,PERSISTENCE,0.781,68.1,8-14 min,ACTIVE
PRED-00354,2026-09-27T02:34:00,AST-0124,AST-0360,Power & Energy,LATERAL_MOVEMENT,EXFILTRATION,0.843,74.3,1-3 hr,ACTIVE
PRED-00355,2026-09-02T15:06:00,AST-0263,AST-0454,Transport,IMPACT,IMPACT,0.795,69.5,15-30 min,RESOLVED
PRED-00356,2026-09-17T07:23:00,AST-0369,AST-0373,Manufacturing,RECONNAISSANCE,INITIAL_ACCESS,0.757,65.7,8-14 min,ACTIVE
PRED-00357,2026-09-12T15:02:00,AST-0031,AST-0180,Government,INITIAL_ACCESS,CREDENTIAL_ACCESS,0.728,62.8,30-60 min,REVIEWED
PRED-00358,2026-09-17T12:50:00,AST-0479,AST-0266,Defence,RECONNAISSANCE,INITIAL_ACCESS,0.811,71.1,15-30 min,RESOLVED
PRED-00359,2026-09-12T04:39:00,AST-0480,AST-0383,Defence,INITIAL_ACCESS,CREDENTIAL_ACCESS,0.754,65.4,30-60 min,REVIEWED
PRED-00360,2026-09-14T05:48:00,AST-0176,AST-0008,Healthcare,EXECUTION,PERSISTENCE,0.751,65.1,15-30 min,ACTIVE
PRED-00361,2026-09-13T07:13:00,AST-0218,AST-0086,Telecom,CREDENTIAL_ACCESS,LATERAL_MOVEMENT,0.779,67.9,30-60 min,RESOLVED
PRED-00362,2026-09-24T18:31:00,AST-0004,AST-0394,Government,INITIAL_ACCESS,CREDENTIAL_ACCESS,0.855,75.5,15-30 min,ACTIVE
PRED-00363,2026-09-06T14:09:00,AST-0211,AST-0348,Telecom,EXFILTRATION,IMPACT,0.695,59.5,1-3 hr,RESOLVED
PRED-00364,2026-09-10T20:59:00,AST-0343,AST-0223,Education,EXFILTRATION,IMPACT,0.741,64.1,8-14 min,REVIEWED
PRED-00365,2026-09-13T02:32:00,AST-0417,AST-0388,IT & ITES,EXFILTRATION,IMPACT,0.769,66.9,1-3 hr,ACTIVE
PRED-00366,2026-09-20T18:08:00,AST-0458,AST-0232,Defence,EXECUTION,PERSISTENCE,0.779,67.9,30-60 min,ACTIVE
PRED-00367,2026-09-19T05:05:00,AST-0280,AST-0311,Transport,INITIAL_ACCESS,CREDENTIAL_ACCESS,0.706,80.6,30-60 min,RESOLVED
PRED-00368,2026-09-05T09:28:00,AST-0411,AST-0457,IT & ITES,EXFILTRATION,IMPACT,0.739,63.9,30-60 min,ACTIVE
PRED-00369,2026-09-20T20:16:00,AST-0035,AST-0173,Government,EXFILTRATION,IMPACT,0.828,72.8,15-30 min,ACTIVE
PRED-00370,2026-09-01T04:02:00,AST-0071,AST-0426,Banking & Finance,INITIAL_ACCESS,CREDENTIAL_ACCESS,0.916,81.6,8-14 min,ACTIVE
PRED-00371,2026-09-22T01:53:00,AST-0236,AST-0327,Telecom,CREDENTIAL_ACCESS,LATERAL_MOVEMENT,0.809,70.9,8-14 min,ACTIVE
PRED-00372,2026-09-21T10:12:00,AST-0315,AST-0036,Education,PERSISTENCE,LATERAL_MOVEMENT,0.879,77.9,30-60 min,REVIEWED
PRED-00373,2026-09-20T14:36:00,AST-0113,AST-0127,Power & Energy,EXFILTRATION,IMPACT,0.755,65.5,1-3 hr,ACTIVE
PRED-00374,2026-09-14T10:57:00,AST-0221,AST-0155,Telecom,INITIAL_ACCESS,CREDENTIAL_ACCESS,0.788,68.8,1-3 hr,ACTIVE
PRED-00375,2026-09-22T12:19:00,AST-0219,AST-0465,Telecom,CREDENTIAL_ACCESS,LATERAL_MOVEMENT,0.81,71.0,1-3 hr,ACTIVE
PRED-00376,2026-09-18T03:55:00,AST-0152,AST-0246,Healthcare,LATERAL_MOVEMENT,EXFILTRATION,0.9,80.0,30-60 min,RESOLVED
PRED-00377,2026-09-10T17:01:00,AST-0476,AST-0488,Defence,LATERAL_MOVEMENT,EXFILTRATION,0.723,62.3,15-30 min,RESOLVED
PRED-00378,2026-09-17T18:17:00,AST-0300,AST-0262,Transport,CREDENTIAL_ACCESS,LATERAL_MOVEMENT,0.87,77.0,15-30 min,RESOLVED
PRED-00379,2026-09-13T10:24:00,AST-0381,AST-0021,Manufacturing,EXFILTRATION,IMPACT,0.695,59.5,1-3 hr,ACTIVE
PRED-00380,2026-09-27T05:48:00,AST-0106,AST-0373,Power & Energy,RECONNAISSANCE,INITIAL_ACCESS,0.782,68.2,30-60 min,RESOLVED
PRED-00381,2026-09-23T07:02:00,AST-0479,AST-0037,Defence,LATERAL_MOVEMENT,EXFILTRATION,0.873,77.3,8-14 min,RESOLVED
PRED-00382,2026-09-19T02:46:00,AST-0455,AST-0048,Defence,IMPACT,IMPACT,0.76,66.0,15-30 min,ACTIVE
PRED-00383,2026-09-17T09:18:00,AST-0236,AST-0051,Telecom,PERSISTENCE,LATERAL_MOVEMENT,0.775,67.5,1-3 hr,ACTIVE
PRED-00384,2026-09-05T02:37:00,AST-0263,AST-0147,Transport,RECONNAISSANCE,INITIAL_ACCESS,0.811,71.1,15-30 min,ACTIVE
PRED-00385,2026-09-27T12:34:00,AST-0168,AST-0023,Healthcare,INITIAL_ACCESS,CREDENTIAL_ACCESS,0.797,69.7,8-14 min,ACTIVE
PRED-00386,2026-09-27T06:26:00,AST-0040,AST-0456,Government,LATERAL_MOVEMENT,EXFILTRATION,0.673,57.3,8-14 min,RESOLVED
PRED-00387,2026-09-13T22:17:00,AST-0241,AST-0242,Telecom,EXECUTION,PERSISTENCE,0.696,59.6,1-3 hr,REVIEWED
PRED-00388,2026-09-02T07:27:00,AST-0188,AST-0114,Healthcare,EXFILTRATION,IMPACT,0.754,65.4,8-14 min,REVIEWED
PRED-00389,2026-09-13T11:11:00,AST-0442,AST-0500,IT & ITES,INITIAL_ACCESS,CREDENTIAL_ACCESS,0.825,72.5,8-14 min,RESOLVED
PRED-00390,2026-09-24T10:56:00,AST-0100,AST-0259,Banking & Finance,RECONNAISSANCE,INITIAL_ACCESS,0.729,62.9,15-30 min,ACTIVE
PRED-00391,2026-09-11T07:50:00,AST-0422,AST-0316,IT & ITES,RECONNAISSANCE,INITIAL_ACCESS,0.753,85.3,15-30 min,ACTIVE
PRED-00392,2026-09-15T22:22:00,AST-0173,AST-0355,Healthcare,RECONNAISSANCE,INITIAL_ACCESS,0.706,60.6,8-14 min,ACTIVE
PRED-00393,2026-09-02T01:03:00,AST-0324,AST-0222,Education,PERSISTENCE,LATERAL_MOVEMENT,0.74,64.0,1-3 hr,ACTIVE
PRED-00394,2026-09-23T09:40:00,AST-0155,AST-0413,Healthcare,CREDENTIAL_ACCESS,LATERAL_MOVEMENT,0.8,70.0,1-3 hr,REVIEWED
PRED-00395,2026-09-03T05:37:00,AST-0225,AST-0193,Telecom,CREDENTIAL_ACCESS,LATERAL_MOVEMENT,0.826,72.6,8-14 min,ACTIVE
PRED-00396,2026-09-22T19:32:00,AST-0303,AST-0261,Education,CREDENTIAL_ACCESS,LATERAL_MOVEMENT,0.877,77.7,1-3 hr,ACTIVE
PRED-00397,2026-09-21T00:22:00,AST-0102,AST-0283,Power & Energy,RECONNAISSANCE,INITIAL_ACCESS,0.689,58.9,30-60 min,ACTIVE
PRED-00398,2026-09-15T13:12:00,AST-0226,AST-0387,Telecom,CREDENTIAL_ACCESS,LATERAL_MOVEMENT,0.863,76.3,15-30 min,ACTIVE
PRED-00399,2026-09-27T18:35:00,AST-0382,AST-0374,Manufacturing,LATERAL_MOVEMENT,EXFILTRATION,0.882,78.2,30-60 min,REVIEWED
PRED-00400,2026-09-19T09:29:00,AST-0127,AST-0465,Power & Energy,RECONNAISSANCE,INITIAL_ACCESS,0.804,70.4,1-3 hr,ACTIVE
PRED-00401,2026-09-13T12:55:00,AST-0100,AST-0098,Banking & Finance,LATERAL_MOVEMENT,EXFILTRATION,0.743,64.3,1-3 hr,REVIEWED
PRED-00402,2026-09-09T08:18:00,AST-0397,AST-0422,Manufacturing,INITIAL_ACCESS,CREDENTIAL_ACCESS,0.821,72.1,1-3 hr,RESOLVED
PRED-00403,2026-09-22T09:25:00,AST-0130,AST-0007,Power & Energy,CREDENTIAL_ACCESS,LATERAL_MOVEMENT,0.9,80.0,8-14 min,RESOLVED
PRED-00404,2026-09-25T01:54:00,AST-0419,AST-0249,IT & ITES,EXECUTION,PERSISTENCE,0.82,72.0,30-60 min,ACTIVE
PRED-00405,2026-09-06T04:02:00,AST-0466,AST-0148,Defence,IMPACT,IMPACT,0.797,69.7,8-14 min,ACTIVE
PRED-00406,2026-09-17T19:10:00,AST-0494,AST-0470,Defence,LATERAL_MOVEMENT,EXFILTRATION,0.913,99.0,30-60 min,ACTIVE
PRED-00407,2026-09-20T01:55:00,AST-0447,AST-0143,IT & ITES,PERSISTENCE,LATERAL_MOVEMENT,0.815,71.5,30-60 min,ACTIVE
PRED-00408,2026-09-15T21:04:00,AST-0259,AST-0258,Transport,CREDENTIAL_ACCESS,LATERAL_MOVEMENT,0.849,74.9,30-60 min,ACTIVE
PRED-00409,2026-09-12T11:49:00,AST-0184,AST-0104,Healthcare,RECONNAISSANCE,INITIAL_ACCESS,0.76,66.0,8-14 min,REVIEWED
PRED-00410,2026-09-12T04:02:00,AST-0042,AST-0390,Government,INITIAL_ACCESS,CREDENTIAL_ACCESS,0.778,67.8,1-3 hr,RESOLVED
PRED-00411,2026-09-11T10:11:00,AST-0193,AST-0203,Healthcare,PERSISTENCE,LATERAL_MOVEMENT,0.736,63.6,15-30 min,ACTIVE
PRED-00412,2026-09-20T07:01:00,AST-0231,AST-0003,Telecom,EXFILTRATION,IMPACT,0.71,61.0,15-30 min,RESOLVED
PRED-00413,2026-09-15T02:24:00,AST-0252,AST-0433,Transport,CREDENTIAL_ACCESS,LATERAL_MOVEMENT,0.821,72.1,8-14 min,REVIEWED
PRED-00414,2026-09-22T12:06:00,AST-0092,AST-0099,Banking & Finance,INITIAL_ACCESS,CREDENTIAL_ACCESS,0.873,77.3,8-14 min,ACTIVE
PRED-00415,2026-09-26T21:29:00,AST-0477,AST-0421,Defence,LATERAL_MOVEMENT,EXFILTRATION,0.786,68.6,30-60 min,ACTIVE
PRED-00416,2026-09-25T01:09:00,AST-0363,AST-0411,Manufacturing,EXECUTION,PERSISTENCE,0.823,72.3,30-60 min,ACTIVE
PRED-00417,2026-09-09T14:54:00,AST-0311,AST-0102,Education,EXFILTRATION,IMPACT,0.744,64.4,1-3 hr,RESOLVED
PRED-00418,2026-09-07T15:27:00,AST-0234,AST-0336,Telecom,INITIAL_ACCESS,CREDENTIAL_ACCESS,0.712,61.2,15-30 min,REVIEWED
PRED-00419,2026-09-12T08:19:00,AST-0210,AST-0378,Telecom,EXFILTRATION,IMPACT,0.704,60.4,30-60 min,ACTIVE
PRED-00420,2026-09-25T15:40:00,AST-0042,AST-0400,Government,LATERAL_MOVEMENT,EXFILTRATION,0.828,72.8,8-14 min,REVIEWED
PRED-00421,2026-09-04T22:05:00,AST-0054,AST-0058,Banking & Finance,CREDENTIAL_ACCESS,LATERAL_MOVEMENT,0.841,74.1,30-60 min,ACTIVE
PRED-00422,2026-09-11T00:23:00,AST-0462,AST-0315,Defence,CREDENTIAL_ACCESS,LATERAL_MOVEMENT,0.902,99.0,1-3 hr,REVIEWED
PRED-00423,2026-09-19T18:11:00,AST-0491,AST-0297,Defence,CREDENTIAL_ACCESS,LATERAL_MOVEMENT,0.824,92.4,8-14 min,REVIEWED
PRED-00424,2026-09-09T16:00:00,AST-0213,AST-0249,Telecom,LATERAL_MOVEMENT,EXFILTRATION,0.752,65.2,1-3 hr,RESOLVED
PRED-00425,2026-09-09T23:37:00,AST-0247,AST-0171,Telecom,IMPACT,IMPACT,0.774,87.4,1-3 hr,ACTIVE
PRED-00426,2026-09-24T03:01:00,AST-0201,AST-0308,Telecom,LATERAL_MOVEMENT,EXFILTRATION,0.875,77.5,1-3 hr,REVIEWED
PRED-00427,2026-09-19T01:05:00,AST-0046,AST-0241,Government,IMPACT,IMPACT,0.806,70.6,15-30 min,RESOLVED
PRED-00428,2026-09-17T08:44:00,AST-0003,AST-0298,Government,LATERAL_MOVEMENT,EXFILTRATION,0.739,63.9,1-3 hr,ACTIVE
PRED-00429,2026-09-21T18:03:00,AST-0144,AST-0210,Power & Energy,CREDENTIAL_ACCESS,LATERAL_MOVEMENT,0.832,93.2,30-60 min,RESOLVED
PRED-00430,2026-09-12T15:28:00,AST-0470,AST-0407,Defence,RECONNAISSANCE,INITIAL_ACCESS,0.828,72.8,15-30 min,REVIEWED
PRED-00431,2026-09-10T13:27:00,AST-0063,AST-0337,Banking & Finance,CREDENTIAL_ACCESS,LATERAL_MOVEMENT,0.757,65.7,8-14 min,ACTIVE
PRED-00432,2026-09-12T03:37:00,AST-0233,AST-0211,Telecom,LATERAL_MOVEMENT,EXFILTRATION,0.771,67.1,8-14 min,ACTIVE
PRED-00433,2026-09-04T17:50:00,AST-0070,AST-0086,Banking & Finance,EXECUTION,PERSISTENCE,0.762,66.2,30-60 min,RESOLVED
PRED-00434,2026-09-23T19:31:00,AST-0096,AST-0132,Banking & Finance,RECONNAISSANCE,INITIAL_ACCESS,0.701,60.1,15-30 min,RESOLVED
PRED-00435,2026-09-09T03:25:00,AST-0327,AST-0373,Education,LATERAL_MOVEMENT,EXFILTRATION,0.823,72.3,15-30 min,ACTIVE
PRED-00436,2026-09-05T04:08:00,AST-0188,AST-0332,Healthcare,RECONNAISSANCE,INITIAL_ACCESS,0.848,74.8,15-30 min,ACTIVE
PRED-00437,2026-09-02T10:25:00,AST-0261,AST-0105,Transport,CREDENTIAL_ACCESS,LATERAL_MOVEMENT,0.9,80.0,15-30 min,ACTIVE
PRED-00438,2026-09-23T08:31:00,AST-0143,AST-0365,Power & Energy,PERSISTENCE,LATERAL_MOVEMENT,0.917,99.0,30-60 min,RESOLVED
PRED-00439,2026-09-27T21:19:00,AST-0020,AST-0440,Government,LATERAL_MOVEMENT,EXFILTRATION,0.854,75.4,30-60 min,REVIEWED
PRED-00440,2026-09-26T04:39:00,AST-0239,AST-0410,Telecom,CREDENTIAL_ACCESS,LATERAL_MOVEMENT,0.827,72.7,15-30 min,ACTIVE
PRED-00441,2026-09-11T17:11:00,AST-0013,AST-0242,Government,CREDENTIAL_ACCESS,LATERAL_MOVEMENT,0.8,70.0,8-14 min,RESOLVED
PRED-00442,2026-09-22T10:01:00,AST-0092,AST-0253,Banking & Finance,IMPACT,IMPACT,0.867,76.7,30-60 min,RESOLVED
PRED-00443,2026-09-25T02:25:00,AST-0418,AST-0055,IT & ITES,INITIAL_ACCESS,CREDENTIAL_ACCESS,0.82,72.0,8-14 min,REVIEWED
PRED-00444,2026-09-06T20:57:00,AST-0397,AST-0275,Manufacturing,CREDENTIAL_ACCESS,LATERAL_MOVEMENT,0.925,82.5,1-3 hr,ACTIVE
PRED-00445,2026-09-05T11:43:00,AST-0103,AST-0290,Power & Energy,CREDENTIAL_ACCESS,LATERAL_MOVEMENT,0.883,98.3,8-14 min,ACTIVE
PRED-00446,2026-09-26T18:32:00,AST-0263,AST-0484,Transport,CREDENTIAL_ACCESS,LATERAL_MOVEMENT,0.88,78.0,1-3 hr,RESOLVED
PRED-00447,2026-09-22T14:31:00,AST-0450,AST-0390,IT & ITES,CREDENTIAL_ACCESS,LATERAL_MOVEMENT,0.926,82.6,1-3 hr,REVIEWED
PRED-00448,2026-09-06T18:10:00,AST-0444,AST-0216,IT & ITES,LATERAL_MOVEMENT,EXFILTRATION,0.655,55.5,15-30 min,REVIEWED
PRED-00449,2026-09-26T08:10:00,AST-0413,AST-0231,IT & ITES,EXFILTRATION,IMPACT,0.834,93.4,1-3 hr,RESOLVED
PRED-00450,2026-09-15T09:56:00,AST-0386,AST-0002,Manufacturing,LATERAL_MOVEMENT,EXFILTRATION,0.713,61.3,30-60 min,REVIEWED
PRED-00451,2026-09-22T01:46:00,AST-0017,AST-0273,Government,CREDENTIAL_ACCESS,LATERAL_MOVEMENT,0.776,67.6,8-14 min,ACTIVE
PRED-00452,2026-09-15T17:42:00,AST-0031,AST-0212,Government,EXFILTRATION,IMPACT,0.766,66.6,8-14 min,REVIEWED
PRED-00453,2026-09-11T01:05:00,AST-0128,AST-0070,Power & Energy,EXECUTION,PERSISTENCE,0.808,70.8,8-14 min,ACTIVE
PRED-00454,2026-09-19T03:52:00,AST-0091,AST-0174,Banking & Finance,CREDENTIAL_ACCESS,LATERAL_MOVEMENT,0.855,75.5,15-30 min,ACTIVE
PRED-00455,2026-09-23T23:08:00,AST-0112,AST-0259,Power & Energy,IMPACT,IMPACT,0.885,78.5,30-60 min,ACTIVE
PRED-00456,2026-09-02T08:10:00,AST-0224,AST-0021,Telecom,IMPACT,IMPACT,0.805,70.5,1-3 hr,REVIEWED
PRED-00457,2026-09-08T04:36:00,AST-0193,AST-0261,Healthcare,LATERAL_MOVEMENT,EXFILTRATION,0.767,66.7,8-14 min,ACTIVE
PRED-00458,2026-09-13T07:22:00,AST-0205,AST-0126,Telecom,IMPACT,IMPACT,0.857,75.7,1-3 hr,ACTIVE
PRED-00459,2026-09-19T12:29:00,AST-0198,AST-0327,Healthcare,IMPACT,IMPACT,0.797,69.7,15-30 min,RESOLVED
PRED-00460,2026-09-23T06:00:00,AST-0118,AST-0054,Power & Energy,PERSISTENCE,LATERAL_MOVEMENT,0.752,65.2,15-30 min,ACTIVE
PRED-00461,2026-09-20T21:48:00,AST-0224,AST-0237,Telecom,CREDENTIAL_ACCESS,LATERAL_MOVEMENT,0.816,71.6,1-3 hr,REVIEWED
PRED-00462,2026-09-23T12:00:00,AST-0480,AST-0059,Defence,EXECUTION,PERSISTENCE,0.871,77.1,8-14 min,ACTIVE
PRED-00463,2026-09-08T19:42:00,AST-0457,AST-0422,Defence,PERSISTENCE,LATERAL_MOVEMENT,0.799,69.9,1-3 hr,REVIEWED
PRED-00464,2026-09-04T05:38:00,AST-0235,AST-0020,Telecom,CREDENTIAL_ACCESS,LATERAL_MOVEMENT,0.871,97.1,8-14 min,REVIEWED
PRED-00465,2026-09-22T23:00:00,AST-0076,AST-0348,Banking & Finance,LATERAL_MOVEMENT,EXFILTRATION,0.89,79.0,1-3 hr,ACTIVE
PRED-00466,2026-09-13T19:42:00,AST-0481,AST-0244,Defence,RECONNAISSANCE,INITIAL_ACCESS,0.856,95.6,15-30 min,REVIEWED
PRED-00467,2026-09-15T22:33:00,AST-0396,AST-0409,Manufacturing,INITIAL_ACCESS,CREDENTIAL_ACCESS,0.841,74.1,15-30 min,RESOLVED
PRED-00468,2026-09-15T09:42:00,AST-0255,AST-0041,Transport,CREDENTIAL_ACCESS,LATERAL_MOVEMENT,0.815,71.5,30-60 min,REVIEWED
PRED-00469,2026-09-09T03:58:00,AST-0231,AST-0142,Telecom,RECONNAISSANCE,INITIAL_ACCESS,0.739,63.9,1-3 hr,RESOLVED
PRED-00470,2026-09-09T21:35:00,AST-0321,AST-0123,Education,PERSISTENCE,LATERAL_MOVEMENT,0.922,99.0,1-3 hr,RESOLVED
PRED-00471,2026-09-23T00:13:00,AST-0429,AST-0474,IT & ITES,LATERAL_MOVEMENT,EXFILTRATION,0.835,73.5,30-60 min,ACTIVE
PRED-00472,2026-09-03T06:18:00,AST-0222,AST-0318,Telecom,PERSISTENCE,LATERAL_MOVEMENT,0.872,77.2,30-60 min,ACTIVE
PRED-00473,2026-09-09T19:43:00,AST-0003,AST-0163,Government,IMPACT,IMPACT,0.848,74.8,15-30 min,RESOLVED
PRED-00474,2026-09-14T23:17:00,AST-0404,AST-0491,IT & ITES,LATERAL_MOVEMENT,EXFILTRATION,0.865,76.5,30-60 min,ACTIVE
PRED-00475,2026-09-25T11:20:00,AST-0316,AST-0345,Education,CREDENTIAL_ACCESS,LATERAL_MOVEMENT,0.86,76.0,15-30 min,RESOLVED
PRED-00476,2026-09-26T08:02:00,AST-0181,AST-0240,Healthcare,PERSISTENCE,LATERAL_MOVEMENT,0.829,72.9,15-30 min,ACTIVE
PRED-00477,2026-09-11T12:32:00,AST-0197,AST-0081,Healthcare,CREDENTIAL_ACCESS,LATERAL_MOVEMENT,0.901,80.1,15-30 min,RESOLVED
PRED-00478,2026-09-19T11:49:00,AST-0216,AST-0155,Telecom,CREDENTIAL_ACCESS,LATERAL_MOVEMENT,0.772,87.2,30-60 min,RESOLVED
PRED-00479,2026-09-26T06:20:00,AST-0433,AST-0314,IT & ITES,CREDENTIAL_ACCESS,LATERAL_MOVEMENT,0.788,68.8,1-3 hr,RESOLVED
PRED-00480,2026-09-25T04:42:00,AST-0354,AST-0365,Manufacturing,CREDENTIAL_ACCESS,LATERAL_MOVEMENT,0.944,84.4,1-3 hr,ACTIVE
PRED-00481,2026-09-17T09:32:00,AST-0303,AST-0330,Education,LATERAL_MOVEMENT,EXFILTRATION,0.892,79.2,8-14 min,ACTIVE
PRED-00482,2026-09-08T02:51:00,AST-0144,AST-0358,Power & Energy,RECONNAISSANCE,INITIAL_ACCESS,0.797,89.7,30-60 min,REVIEWED
PRED-00483,2026-09-06T21:55:00,AST-0404,AST-0489,IT & ITES,EXFILTRATION,IMPACT,0.85,75.0,8-14 min,RESOLVED
PRED-00484,2026-09-08T01:40:00,AST-0212,AST-0047,Telecom,EXECUTION,PERSISTENCE,0.837,73.7,30-60 min,ACTIVE
PRED-00485,2026-09-04T12:51:00,AST-0101,AST-0256,Power & Energy,INITIAL_ACCESS,CREDENTIAL_ACCESS,0.895,79.5,1-3 hr,ACTIVE
PRED-00486,2026-09-25T14:05:00,AST-0356,AST-0450,Manufacturing,EXECUTION,PERSISTENCE,0.924,82.4,1-3 hr,ACTIVE
PRED-00487,2026-09-10T03:04:00,AST-0426,AST-0065,IT & ITES,PERSISTENCE,LATERAL_MOVEMENT,0.801,70.1,8-14 min,RESOLVED
PRED-00488,2026-09-04T01:04:00,AST-0203,AST-0041,Telecom,CREDENTIAL_ACCESS,LATERAL_MOVEMENT,0.794,69.4,1-3 hr,REVIEWED
PRED-00489,2026-09-18T21:32:00,AST-0408,AST-0364,IT & ITES,RECONNAISSANCE,INITIAL_ACCESS,0.737,63.7,30-60 min,ACTIVE
PRED-00490,2026-09-27T15:16:00,AST-0490,AST-0143,Defence,RECONNAISSANCE,INITIAL_ACCESS,0.783,68.3,8-14 min,ACTIVE
PRED-00491,2026-09-12T00:55:00,AST-0402,AST-0206,IT & ITES,CREDENTIAL_ACCESS,LATERAL_MOVEMENT,0.858,75.8,8-14 min,REVIEWED
PRED-00492,2026-09-08T00:28:00,AST-0368,AST-0180,Manufacturing,IMPACT,IMPACT,0.897,79.7,1-3 hr,ACTIVE
PRED-00493,2026-09-09T20:21:00,AST-0200,AST-0239,Healthcare,CREDENTIAL_ACCESS,LATERAL_MOVEMENT,0.97,99.0,15-30 min,ACTIVE
PRED-00494,2026-09-23T22:25:00,AST-0127,AST-0444,Power & Energy,RECONNAISSANCE,INITIAL_ACCESS,0.754,65.4,8-14 min,REVIEWED
PRED-00495,2026-09-18T17:40:00,AST-0172,AST-0373,Healthcare,EXECUTION,PERSISTENCE,0.823,72.3,1-3 hr,ACTIVE
PRED-00496,2026-09-06T11:25:00,AST-0291,AST-0067,Transport,RECONNAISSANCE,INITIAL_ACCESS,0.821,72.1,15-30 min,RESOLVED
PRED-00497,2026-09-10T07:20:00,AST-0022,AST-0042,Government,RECONNAISSANCE,INITIAL_ACCESS,0.74,64.0,8-14 min,RESOLVED
PRED-00498,2026-09-08T00:08:00,AST-0244,AST-0296,Telecom,PERSISTENCE,LATERAL_MOVEMENT,0.906,99.0,15-30 min,RESOLVED
PRED-00499,2026-09-22T21:40:00,AST-0113,AST-0328,Power & Energy,LATERAL_MOVEMENT,EXFILTRATION,0.771,67.1,8-14 min,ACTIVE
PRED-00500,2026-09-27T10:04:00,AST-0284,AST-0497,Transport,RECONNAISSANCE,INITIAL_ACCESS,0.754,65.4,8-14 min,REVIEWED
PRED-00501,2026-09-05T06:25:00,AST-0023,AST-0398,Government,PERSISTENCE,LATERAL_MOVEMENT,0.939,99.0,8-14 min,ACTIVE
PRED-00502,2026-09-15T11:46:00,AST-0129,AST-0080,Power & Energy,CREDENTIAL_ACCESS,LATERAL_MOVEMENT,0.89,79.0,1-3 hr,ACTIVE
PRED-00503,2026-09-11T22:38:00,AST-0463,AST-0092,Defence,CREDENTIAL_ACCESS,LATERAL_MOVEMENT,0.806,70.6,15-30 min,ACTIVE
PRED-00504,2026-09-27T14:05:00,AST-0020,AST-0145,Government,EXECUTION,PERSISTENCE,0.945,84.5,15-30 min,ACTIVE
PRED-00505,2026-09-22T07:26:00,AST-0370,AST-0399,Manufacturing,INITIAL_ACCESS,CREDENTIAL_ACCESS,0.837,73.7,30-60 min,REVIEWED
PRED-00506,2026-09-13T18:22:00,AST-0269,AST-0168,Transport,CREDENTIAL_ACCESS,LATERAL_MOVEMENT,0.801,70.1,8-14 min,REVIEWED
PRED-00507,2026-09-05T15:45:00,AST-0016,AST-0198,Government,IMPACT,IMPACT,0.835,73.5,15-30 min,REVIEWED
PRED-00508,2026-09-15T00:54:00,AST-0288,AST-0262,Transport,RECONNAISSANCE,INITIAL_ACCESS,0.852,75.2,8-14 min,ACTIVE
PRED-00509,2026-09-17T11:32:00,AST-0479,AST-0139,Defence,EXECUTION,PERSISTENCE,0.751,65.1,1-3 hr,ACTIVE
PRED-00510,2026-09-14T21:48:00,AST-0010,AST-0048,Government,IMPACT,IMPACT,0.819,71.9,30-60 min,RESOLVED
PRED-00511,2026-09-19T17:15:00,AST-0110,AST-0129,Power & Energy,LATERAL_MOVEMENT,EXFILTRATION,0.78,68.0,15-30 min,ACTIVE
PRED-00512,2026-09-27T05:26:00,AST-0389,AST-0279,Manufacturing,LATERAL_MOVEMENT,EXFILTRATION,0.806,70.6,30-60 min,REVIEWED
PRED-00513,2026-09-09T13:59:00,AST-0312,AST-0110,Education,IMPACT,IMPACT,0.834,73.4,15-30 min,ACTIVE
PRED-00514,2026-09-16T23:28:00,AST-0433,AST-0059,IT & ITES,CREDENTIAL_ACCESS,LATERAL_MOVEMENT,0.821,72.1,1-3 hr,REVIEWED
PRED-00515,2026-09-20T18:05:00,AST-0422,AST-0249,IT & ITES,PERSISTENCE,LATERAL_MOVEMENT,0.805,90.5,1-3 hr,ACTIVE
PRED-00516,2026-09-24T19:14:00,AST-0309,AST-0490,Education,LATERAL_MOVEMENT,EXFILTRATION,0.767,66.7,1-3 hr,REVIEWED
PRED-00517,2026-09-20T19:47:00,AST-0373,AST-0413,Manufacturing,LATERAL_MOVEMENT,EXFILTRATION,0.844,74.4,8-14 min,RESOLVED
PRED-00518,2026-09-23T14:00:00,AST-0270,AST-0105,Transport,EXFILTRATION,IMPACT,0.748,64.8,30-60 min,REVIEWED
PRED-00519,2026-09-25T03:17:00,AST-0292,AST-0051,Transport,RECONNAISSANCE,INITIAL_ACCESS,0.85,75.0,15-30 min,RESOLVED
PRED-00520,2026-09-17T16:32:00,AST-0226,AST-0161,Telecom,INITIAL_ACCESS,CREDENTIAL_ACCESS,0.827,72.7,15-30 min,ACTIVE
PRED-00521,2026-09-06T17:05:00,AST-0157,AST-0199,Healthcare,LATERAL_MOVEMENT,EXFILTRATION,0.787,68.7,1-3 hr,REVIEWED
PRED-00522,2026-09-17T15:50:00,AST-0465,AST-0166,Defence,RECONNAISSANCE,INITIAL_ACCESS,0.793,69.3,1-3 hr,ACTIVE
PRED-00523,2026-09-13T12:52:00,AST-0322,AST-0347,Education,EXFILTRATION,IMPACT,0.739,63.9,8-14 min,ACTIVE
PRED-00524,2026-09-26T06:48:00,AST-0107,AST-0180,Power & Energy,PERSISTENCE,LATERAL_MOVEMENT,0.934,83.4,15-30 min,RESOLVED
PRED-00525,2026-09-21T06:37:00,AST-0478,AST-0167,Defence,EXECUTION,PERSISTENCE,0.815,71.5,15-30 min,RESOLVED
PRED-00526,2026-09-11T10:03:00,AST-0031,AST-0008,Government,LATERAL_MOVEMENT,EXFILTRATION,0.921,82.1,30-60 min,REVIEWED
PRED-00527,2026-09-03T11:12:00,AST-0090,AST-0294,Banking & Finance,LATERAL_MOVEMENT,EXFILTRATION,0.874,77.4,15-30 min,REVIEWED
PRED-00528,2026-09-04T16:50:00,AST-0105,AST-0305,Power & Energy,EXECUTION,PERSISTENCE,0.734,63.4,8-14 min,REVIEWED
PRED-00529,2026-09-14T08:44:00,AST-0299,AST-0303,Transport,LATERAL_MOVEMENT,EXFILTRATION,0.726,62.6,1-3 hr,ACTIVE
PRED-00530,2026-09-06T00:25:00,AST-0019,AST-0010,Government,CREDENTIAL_ACCESS,LATERAL_MOVEMENT,0.851,75.1,1-3 hr,ACTIVE
PRED-00531,2026-09-19T16:54:00,AST-0104,AST-0249,Power & Energy,INITIAL_ACCESS,CREDENTIAL_ACCESS,0.721,62.1,30-60 min,RESOLVED
PRED-00532,2026-09-09T09:29:00,AST-0222,AST-0408,Telecom,CREDENTIAL_ACCESS,LATERAL_MOVEMENT,0.845,74.5,1-3 hr,RESOLVED
PRED-00533,2026-09-02T21:00:00,AST-0451,AST-0353,Defence,LATERAL_MOVEMENT,EXFILTRATION,0.741,64.1,30-60 min,RESOLVED
PRED-00534,2026-09-12T18:41:00,AST-0358,AST-0307,Manufacturing,CREDENTIAL_ACCESS,LATERAL_MOVEMENT,0.761,66.1,8-14 min,RESOLVED
PRED-00535,2026-09-17T04:44:00,AST-0454,AST-0414,Defence,IMPACT,IMPACT,0.75,65.0,30-60 min,REVIEWED
PRED-00536,2026-09-20T20:54:00,AST-0194,AST-0369,Healthcare,CREDENTIAL_ACCESS,LATERAL_MOVEMENT,0.82,72.0,1-3 hr,RESOLVED
PRED-00537,2026-09-08T06:35:00,AST-0082,AST-0445,Banking & Finance,LATERAL_MOVEMENT,EXFILTRATION,0.789,68.9,1-3 hr,REVIEWED
PRED-00538,2026-09-26T19:47:00,AST-0405,AST-0314,IT & ITES,EXFILTRATION,IMPACT,0.701,60.1,30-60 min,RESOLVED
PRED-00539,2026-09-04T23:47:00,AST-0251,AST-0071,Transport,CREDENTIAL_ACCESS,LATERAL_MOVEMENT,0.743,64.3,30-60 min,ACTIVE
PRED-00540,2026-09-21T07:46:00,AST-0191,AST-0159,Healthcare,INITIAL_ACCESS,CREDENTIAL_ACCESS,0.812,71.2,8-14 min,RESOLVED
PRED-00541,2026-09-17T08:08:00,AST-0031,AST-0427,Government,CREDENTIAL_ACCESS,LATERAL_MOVEMENT,0.797,69.7,8-14 min,ACTIVE
PRED-00542,2026-09-16T05:34:00,AST-0030,AST-0428,Government,EXECUTION,PERSISTENCE,0.876,77.6,1-3 hr,REVIEWED
PRED-00543,2026-09-03T12:31:00,AST-0239,AST-0011,Telecom,EXFILTRATION,IMPACT,0.753,65.3,1-3 hr,REVIEWED
PRED-00544,2026-09-01T21:00:00,AST-0473,AST-0421,Defence,EXECUTION,PERSISTENCE,0.78,68.0,1-3 hr,RESOLVED
PRED-00545,2026-09-24T20:14:00,AST-0208,AST-0335,Telecom,IMPACT,IMPACT,0.833,73.3,15-30 min,ACTIVE
PRED-00546,2026-09-21T11:43:00,AST-0351,AST-0450,Manufacturing,RECONNAISSANCE,INITIAL_ACCESS,0.741,64.1,30-60 min,ACTIVE
PRED-00547,2026-09-19T19:12:00,AST-0307,AST-0111,Education,CREDENTIAL_ACCESS,LATERAL_MOVEMENT,0.867,76.7,30-60 min,ACTIVE
PRED-00548,2026-09-01T09:24:00,AST-0476,AST-0163,Defence,LATERAL_MOVEMENT,EXFILTRATION,0.867,76.7,30-60 min,RESOLVED
PRED-00549,2026-09-27T16:15:00,AST-0288,AST-0115,Transport,EXFILTRATION,IMPACT,0.728,62.8,8-14 min,ACTIVE
PRED-00550,2026-09-10T17:29:00,AST-0009,AST-0201,Government,CREDENTIAL_ACCESS,LATERAL_MOVEMENT,0.928,82.8,1-3 hr,ACTIVE
PRED-00551,2026-09-01T22:21:00,AST-0165,AST-0084,Healthcare,LATERAL_MOVEMENT,EXFILTRATION,0.729,62.9,15-30 min,RESOLVED
PRED-00552,2026-09-13T12:49:00,AST-0298,AST-0196,Transport,CREDENTIAL_ACCESS,LATERAL_MOVEMENT,0.832,73.2,1-3 hr,RESOLVED
PRED-00553,2026-09-24T18:48:00,AST-0260,AST-0401,Transport,CREDENTIAL_ACCESS,LATERAL_MOVEMENT,0.928,82.8,30-60 min,ACTIVE
PRED-00554,2026-09-08T23:21:00,AST-0059,AST-0108,Banking & Finance,INITIAL_ACCESS,CREDENTIAL_ACCESS,0.846,94.6,30-60 min,ACTIVE
PRED-00555,2026-09-10T15:47:00,AST-0401,AST-0137,IT & ITES,PERSISTENCE,LATERAL_MOVEMENT,0.815,71.5,15-30 min,RESOLVED
PRED-00556,2026-09-09T22:51:00,AST-0088,AST-0158,Banking & Finance,EXFILTRATION,IMPACT,0.754,65.4,30-60 min,ACTIVE
PRED-00557,2026-09-16T10:05:00,AST-0324,AST-0207,Education,RECONNAISSANCE,INITIAL_ACCESS,0.71,61.0,8-14 min,ACTIVE
PRED-00558,2026-09-05T06:01:00,AST-0128,AST-0414,Power & Energy,EXFILTRATION,IMPACT,0.712,61.2,30-60 min,RESOLVED
PRED-00559,2026-09-17T23:06:00,AST-0117,AST-0238,Power & Energy,INITIAL_ACCESS,CREDENTIAL_ACCESS,0.78,68.0,15-30 min,ACTIVE
PRED-00560,2026-09-06T17:54:00,AST-0450,AST-0341,IT & ITES,RECONNAISSANCE,INITIAL_ACCESS,0.745,64.5,15-30 min,RESOLVED
PRED-00561,2026-09-09T19:08:00,AST-0166,AST-0055,Healthcare,EXECUTION,PERSISTENCE,0.764,66.4,15-30 min,RESOLVED
PRED-00562,2026-09-18T02:47:00,AST-0210,AST-0099,Telecom,RECONNAISSANCE,INITIAL_ACCESS,0.873,77.3,8-14 min,REVIEWED
PRED-00563,2026-09-07T09:31:00,AST-0338,AST-0185,Education,RECONNAISSANCE,INITIAL_ACCESS,0.82,92.0,1-3 hr,REVIEWED
PRED-00564,2026-09-10T10:48:00,AST-0250,AST-0176,Telecom,RECONNAISSANCE,INITIAL_ACCESS,0.776,67.6,8-14 min,ACTIVE
PRED-00565,2026-09-27T23:33:00,AST-0054,AST-0486,Banking & Finance,EXFILTRATION,IMPACT,0.786,68.6,1-3 hr,ACTIVE
PRED-00566,2026-09-24T10:09:00,AST-0268,AST-0390,Transport,EXFILTRATION,IMPACT,0.721,62.1,8-14 min,ACTIVE
PRED-00567,2026-09-01T18:12:00,AST-0281,AST-0034,Transport,LATERAL_MOVEMENT,EXFILTRATION,0.795,89.5,30-60 min,REVIEWED
PRED-00568,2026-09-04T23:48:00,AST-0165,AST-0118,Healthcare,EXECUTION,PERSISTENCE,0.835,73.5,30-60 min,ACTIVE
PRED-00569,2026-09-26T20:42:00,AST-0202,AST-0028,Telecom,RECONNAISSANCE,INITIAL_ACCESS,0.674,57.4,8-14 min,REVIEWED
PRED-00570,2026-09-01T21:39:00,AST-0091,AST-0193,Banking & Finance,INITIAL_ACCESS,CREDENTIAL_ACCESS,0.884,78.4,8-14 min,RESOLVED
PRED-00571,2026-09-14T00:48:00,AST-0329,AST-0077,Education,CREDENTIAL_ACCESS,LATERAL_MOVEMENT,0.88,78.0,15-30 min,ACTIVE
PRED-00572,2026-09-22T06:29:00,AST-0275,AST-0387,Transport,RECONNAISSANCE,INITIAL_ACCESS,0.798,69.8,15-30 min,ACTIVE
PRED-00573,2026-09-01T18:48:00,AST-0398,AST-0175,Manufacturing,CREDENTIAL_ACCESS,LATERAL_MOVEMENT,0.818,71.8,8-14 min,RESOLVED
PRED-00574,2026-09-23T15:39:00,AST-0121,AST-0164,Power & Energy,CREDENTIAL_ACCESS,LATERAL_MOVEMENT,0.854,75.4,30-60 min,REVIEWED
PRED-00575,2026-09-19T09:57:00,AST-0136,AST-0194,Power & Energy,IMPACT,IMPACT,0.809,70.9,1-3 hr,REVIEWED
PRED-00576,2026-09-17T07:50:00,AST-0112,AST-0197,Power & Energy,CREDENTIAL_ACCESS,LATERAL_MOVEMENT,0.836,73.6,1-3 hr,RESOLVED
PRED-00577,2026-09-17T20:14:00,AST-0194,AST-0129,Healthcare,CREDENTIAL_ACCESS,LATERAL_MOVEMENT,0.921,82.1,1-3 hr,ACTIVE
PRED-00578,2026-09-04T01:58:00,AST-0055,AST-0393,Banking & Finance,CREDENTIAL_ACCESS,LATERAL_MOVEMENT,0.806,70.6,15-30 min,ACTIVE
PRED-00579,2026-09-10T17:00:00,AST-0424,AST-0002,IT & ITES,INITIAL_ACCESS,CREDENTIAL_ACCESS,0.796,69.6,8-14 min,REVIEWED
PRED-00580,2026-09-18T17:22:00,AST-0146,AST-0386,Power & Energy,PERSISTENCE,LATERAL_MOVEMENT,0.866,76.6,8-14 min,ACTIVE
PRED-00581,2026-09-09T23:01:00,AST-0408,AST-0016,IT & ITES,LATERAL_MOVEMENT,EXFILTRATION,0.857,75.7,15-30 min,RESOLVED
PRED-00582,2026-09-16T00:09:00,AST-0021,AST-0057,Government,EXFILTRATION,IMPACT,0.752,85.2,30-60 min,RESOLVED
PRED-00583,2026-09-20T05:34:00,AST-0187,AST-0057,Healthcare,EXECUTION,PERSISTENCE,0.708,60.8,8-14 min,RESOLVED
PRED-00584,2026-09-09T11:03:00,AST-0099,AST-0269,Banking & Finance,CREDENTIAL_ACCESS,LATERAL_MOVEMENT,0.88,78.0,1-3 hr,REVIEWED
PRED-00585,2026-09-05T05:31:00,AST-0242,AST-0025,Telecom,EXECUTION,PERSISTENCE,0.912,99.0,30-60 min,REVIEWED
PRED-00586,2026-09-18T01:58:00,AST-0377,AST-0387,Manufacturing,IMPACT,IMPACT,0.773,67.3,1-3 hr,RESOLVED
PRED-00587,2026-09-19T10:19:00,AST-0481,AST-0279,Defence,EXFILTRATION,IMPACT,0.818,91.8,15-30 min,ACTIVE
PRED-00588,2026-09-13T05:36:00,AST-0116,AST-0266,Power & Energy,LATERAL_MOVEMENT,EXFILTRATION,0.685,58.5,8-14 min,REVIEWED
PRED-00589,2026-09-22T10:01:00,AST-0117,AST-0024,Power & Energy,LATERAL_MOVEMENT,EXFILTRATION,0.838,73.8,8-14 min,ACTIVE
PRED-00590,2026-09-16T07:22:00,AST-0441,AST-0348,IT & ITES,CREDENTIAL_ACCESS,LATERAL_MOVEMENT,0.845,74.5,30-60 min,ACTIVE
PRED-00591,2026-09-26T17:52:00,AST-0259,AST-0299,Transport,CREDENTIAL_ACCESS,LATERAL_MOVEMENT,0.931,83.1,15-30 min,REVIEWED
PRED-00592,2026-09-06T20:45:00,AST-0103,AST-0244,Power & Energy,INITIAL_ACCESS,CREDENTIAL_ACCESS,0.796,89.6,15-30 min,RESOLVED
PRED-00593,2026-09-26T18:02:00,AST-0315,AST-0201,Education,CREDENTIAL_ACCESS,LATERAL_MOVEMENT,0.811,71.1,15-30 min,ACTIVE
PRED-00594,2026-09-10T14:22:00,AST-0245,AST-0381,Telecom,PERSISTENCE,LATERAL_MOVEMENT,0.81,91.0,30-60 min,REVIEWED
PRED-00595,2026-09-26T23:21:00,AST-0381,AST-0342,Manufacturing,LATERAL_MOVEMENT,EXFILTRATION,0.848,74.8,30-60 min,REVIEWED
PRED-00596,2026-09-16T11:59:00,AST-0320,AST-0333,Education,INITIAL_ACCESS,CREDENTIAL_ACCESS,0.793,69.3,1-3 hr,REVIEWED
PRED-00597,2026-09-25T08:58:00,AST-0140,AST-0294,Power & Energy,CREDENTIAL_ACCESS,LATERAL_MOVEMENT,0.922,82.2,15-30 min,REVIEWED
PRED-00598,2026-09-16T09:43:00,AST-0129,AST-0273,Power & Energy,EXECUTION,PERSISTENCE,0.821,72.1,30-60 min,RESOLVED
PRED-00599,2026-09-02T03:58:00,AST-0220,AST-0133,Telecom,PERSISTENCE,LATERAL_MOVEMENT,0.746,64.6,30-60 min,RESOLVED
PRED-00600,2026-09-24T01:47:00,AST-0164,AST-0285,Healthcare,LATERAL_MOVEMENT,EXFILTRATION,0.821,72.1,1-3 hr,ACTIVE
PRED-00601,2026-09-19T09:35:00,AST-0394,AST-0086,Manufacturing,IMPACT,IMPACT,0.881,78.1,15-30 min,REVIEWED
PRED-00602,2026-09-26T08:59:00,AST-0238,AST-0138,Telecom,LATERAL_MOVEMENT,EXFILTRATION,0.746,64.6,15-30 min,RESOLVED
PRED-00603,2026-09-04T12:09:00,AST-0139,AST-0286,Power & Energy,INITIAL_ACCESS,CREDENTIAL_ACCESS,0.946,84.6,1-3 hr,REVIEWED
PRED-00604,2026-09-14T17:21:00,AST-0305,AST-0147,Education,PERSISTENCE,LATERAL_MOVEMENT,0.744,64.4,15-30 min,RESOLVED
PRED-00605,2026-09-25T12:48:00,AST-0342,AST-0293,Education,PERSISTENCE,LATERAL_MOVEMENT,0.934,83.4,1-3 hr,REVIEWED
PRED-00606,2026-09-25T08:15:00,AST-0467,AST-0496,Defence,RECONNAISSANCE,INITIAL_ACCESS,0.883,78.3,1-3 hr,REVIEWED
PRED-00607,2026-09-21T06:29:00,AST-0308,AST-0169,Education,LATERAL_MOVEMENT,EXFILTRATION,0.847,74.7,30-60 min,REVIEWED
PRED-00608,2026-09-11T15:06:00,AST-0285,AST-0097,Transport,PERSISTENCE,LATERAL_MOVEMENT,0.856,75.6,8-14 min,ACTIVE
PRED-00609,2026-09-09T02:54:00,AST-0413,AST-0050,IT & ITES,RECONNAISSANCE,INITIAL_ACCESS,0.746,84.6,8-14 min,ACTIVE
PRED-00610,2026-09-13T23:07:00,AST-0043,AST-0216,Government,LATERAL_MOVEMENT,EXFILTRATION,0.821,72.1,30-60 min,ACTIVE
PRED-00611,2026-09-06T00:11:00,AST-0255,AST-0492,Transport,RECONNAISSANCE,INITIAL_ACCESS,0.788,68.8,1-3 hr,RESOLVED
PRED-00612,2026-09-26T22:07:00,AST-0283,AST-0326,Transport,RECONNAISSANCE,INITIAL_ACCESS,0.889,78.9,30-60 min,REVIEWED
PRED-00613,2026-09-06T05:20:00,AST-0020,AST-0320,Government,RECONNAISSANCE,INITIAL_ACCESS,0.829,72.9,1-3 hr,ACTIVE
PRED-00614,2026-09-17T06:00:00,AST-0035,AST-0171,Government,RECONNAISSANCE,INITIAL_ACCESS,0.726,62.6,15-30 min,ACTIVE
PRED-00615,2026-09-11T17:20:00,AST-0423,AST-0028,IT & ITES,IMPACT,IMPACT,0.811,71.1,8-14 min,ACTIVE
PRED-00616,2026-09-22T07:19:00,AST-0047,AST-0254,Government,INITIAL_ACCESS,CREDENTIAL_ACCESS,0.839,73.9,15-30 min,REVIEWED
PRED-00617,2026-09-13T04:28:00,AST-0193,AST-0071,Healthcare,EXFILTRATION,IMPACT,0.806,70.6,15-30 min,ACTIVE
PRED-00618,2026-09-18T13:48:00,AST-0416,AST-0113,IT & ITES,IMPACT,IMPACT,0.841,94.1,1-3 hr,ACTIVE
PRED-00619,2026-09-06T07:58:00,AST-0111,AST-0175,Power & Energy,CREDENTIAL_ACCESS,LATERAL_MOVEMENT,0.882,78.2,8-14 min,ACTIVE
PRED-00620,2026-09-03T13:51:00,AST-0055,AST-0225,Banking & Finance,IMPACT,IMPACT,0.807,70.7,30-60 min,ACTIVE
PRED-00621,2026-09-01T22:11:00,AST-0262,AST-0251,Transport,CREDENTIAL_ACCESS,LATERAL_MOVEMENT,0.786,68.6,1-3 hr,RESOLVED
PRED-00622,2026-09-20T00:32:00,AST-0497,AST-0170,Defence,CREDENTIAL_ACCESS,LATERAL_MOVEMENT,0.831,93.1,15-30 min,RESOLVED
PRED-00623,2026-09-09T16:40:00,AST-0320,AST-0077,Education,LATERAL_MOVEMENT,EXFILTRATION,0.815,71.5,30-60 min,ACTIVE
PRED-00624,2026-09-16T17:48:00,AST-0293,AST-0079,Transport,LATERAL_MOVEMENT,EXFILTRATION,0.803,70.3,15-30 min,RESOLVED
PRED-00625,2026-09-02T03:39:00,AST-0127,AST-0353,Power & Energy,EXECUTION,PERSISTENCE,0.948,84.8,1-3 hr,RESOLVED
PRED-00626,2026-09-10T11:59:00,AST-0469,AST-0132,Defence,EXFILTRATION,IMPACT,0.709,60.9,30-60 min,REVIEWED
PRED-00627,2026-09-20T06:32:00,AST-0479,AST-0453,Defence,EXECUTION,PERSISTENCE,0.754,65.4,8-14 min,ACTIVE
PRED-00628,2026-09-04T20:28:00,AST-0106,AST-0066,Power & Energy,PERSISTENCE,LATERAL_MOVEMENT,0.859,75.9,30-60 min,ACTIVE
PRED-00629,2026-09-26T23:56:00,AST-0179,AST-0148,Healthcare,RECONNAISSANCE,INITIAL_ACCESS,0.8,70.0,1-3 hr,RESOLVED
PRED-00630,2026-09-12T07:11:00,AST-0255,AST-0234,Transport,RECONNAISSANCE,INITIAL_ACCESS,0.746,64.6,30-60 min,REVIEWED
PRED-00631,2026-09-05T09:04:00,AST-0076,AST-0187,Banking & Finance,EXECUTION,PERSISTENCE,0.802,70.2,15-30 min,ACTIVE
PRED-00632,2026-09-26T00:03:00,AST-0249,AST-0251,Telecom,LATERAL_MOVEMENT,EXFILTRATION,0.757,85.7,30-60 min,REVIEWED
PRED-00633,2026-09-04T15:14:00,AST-0092,AST-0185,Banking & Finance,LATERAL_MOVEMENT,EXFILTRATION,0.883,78.3,30-60 min,REVIEWED
PRED-00634,2026-09-11T07:36:00,AST-0025,AST-0081,Government,CREDENTIAL_ACCESS,LATERAL_MOVEMENT,0.861,76.1,8-14 min,ACTIVE
PRED-00635,2026-09-03T03:03:00,AST-0334,AST-0398,Education,IMPACT,IMPACT,0.829,72.9,15-30 min,REVIEWED
PRED-00636,2026-09-12T09:06:00,AST-0278,AST-0335,Transport,CREDENTIAL_ACCESS,LATERAL_MOVEMENT,0.892,79.2,8-14 min,RESOLVED
PRED-00637,2026-09-14T02:46:00,AST-0053,AST-0428,Banking & Finance,PERSISTENCE,LATERAL_MOVEMENT,0.851,75.1,8-14 min,ACTIVE
PRED-00638,2026-09-24T13:15:00,AST-0019,AST-0301,Government,CREDENTIAL_ACCESS,LATERAL_MOVEMENT,0.833,73.3,8-14 min,ACTIVE
PRED-00639,2026-09-01T18:25:00,AST-0081,AST-0164,Banking & Finance,PERSISTENCE,LATERAL_MOVEMENT,0.711,61.1,1-3 hr,RESOLVED
PRED-00640,2026-09-21T23:14:00,AST-0314,AST-0189,Education,EXFILTRATION,IMPACT,0.776,67.6,8-14 min,ACTIVE
PRED-00641,2026-09-13T15:02:00,AST-0377,AST-0385,Manufacturing,PERSISTENCE,LATERAL_MOVEMENT,0.717,61.7,30-60 min,ACTIVE
PRED-00642,2026-09-16T04:45:00,AST-0300,AST-0472,Transport,CREDENTIAL_ACCESS,LATERAL_MOVEMENT,0.885,78.5,15-30 min,ACTIVE
PRED-00643,2026-09-18T14:48:00,AST-0295,AST-0429,Transport,INITIAL_ACCESS,CREDENTIAL_ACCESS,0.79,69.0,30-60 min,ACTIVE
PRED-00644,2026-09-18T22:26:00,AST-0326,AST-0346,Education,RECONNAISSANCE,INITIAL_ACCESS,0.792,69.2,15-30 min,ACTIVE
PRED-00645,2026-09-20T07:20:00,AST-0275,AST-0107,Transport,PERSISTENCE,LATERAL_MOVEMENT,0.84,74.0,30-60 min,REVIEWED
PRED-00646,2026-09-27T00:18:00,AST-0152,AST-0204,Healthcare,EXFILTRATION,IMPACT,0.784,68.4,1-3 hr,ACTIVE
PRED-00647,2026-09-08T09:14:00,AST-0050,AST-0167,Government,CREDENTIAL_ACCESS,LATERAL_MOVEMENT,0.885,78.5,8-14 min,ACTIVE
PRED-00648,2026-09-20T20:28:00,AST-0263,AST-0228,Transport,CREDENTIAL_ACCESS,LATERAL_MOVEMENT,0.9,80.0,1-3 hr,ACTIVE
PRED-00649,2026-09-16T20:00:00,AST-0073,AST-0188,Banking & Finance,EXFILTRATION,IMPACT,0.749,64.9,1-3 hr,ACTIVE
PRED-00650,2026-09-09T13:36:00,AST-0326,AST-0365,Education,RECONNAISSANCE,INITIAL_ACCESS,0.709,60.9,8-14 min,REVIEWED
PRED-00651,2026-09-06T23:26:00,AST-0484,AST-0389,Defence,RECONNAISSANCE,INITIAL_ACCESS,0.702,60.2,15-30 min,RESOLVED
PRED-00652,2026-09-16T08:00:00,AST-0460,AST-0362,Defence,INITIAL_ACCESS,CREDENTIAL_ACCESS,0.858,75.8,8-14 min,RESOLVED
PRED-00653,2026-09-05T12:47:00,AST-0492,AST-0194,Defence,RECONNAISSANCE,INITIAL_ACCESS,0.635,53.5,30-60 min,ACTIVE
PRED-00654,2026-09-12T02:53:00,AST-0385,AST-0254,Manufacturing,LATERAL_MOVEMENT,EXFILTRATION,0.764,66.4,15-30 min,REVIEWED
PRED-00655,2026-09-23T00:03:00,AST-0373,AST-0443,Manufacturing,EXFILTRATION,IMPACT,0.723,62.3,8-14 min,ACTIVE
PRED-00656,2026-09-16T02:07:00,AST-0168,AST-0326,Healthcare,RECONNAISSANCE,INITIAL_ACCESS,0.813,71.3,15-30 min,ACTIVE
PRED-00657,2026-09-16T12:38:00,AST-0431,AST-0280,IT & ITES,RECONNAISSANCE,INITIAL_ACCESS,0.894,79.4,1-3 hr,ACTIVE
PRED-00658,2026-09-27T16:17:00,AST-0342,AST-0010,Education,RECONNAISSANCE,INITIAL_ACCESS,0.702,60.2,30-60 min,ACTIVE
PRED-00659,2026-09-09T02:09:00,AST-0383,AST-0018,Manufacturing,CREDENTIAL_ACCESS,LATERAL_MOVEMENT,0.849,74.9,8-14 min,ACTIVE
PRED-00660,2026-09-21T12:07:00,AST-0102,AST-0054,Power & Energy,CREDENTIAL_ACCESS,LATERAL_MOVEMENT,0.752,65.2,8-14 min,RESOLVED
PRED-00661,2026-09-21T05:58:00,AST-0153,AST-0141,Healthcare,CREDENTIAL_ACCESS,LATERAL_MOVEMENT,0.783,68.3,30-60 min,ACTIVE
PRED-00662,2026-09-07T14:22:00,AST-0197,AST-0127,Healthcare,LATERAL_MOVEMENT,EXFILTRATION,0.877,77.7,8-14 min,ACTIVE
PRED-00663,2026-09-19T22:07:00,AST-0234,AST-0186,Telecom,EXFILTRATION,IMPACT,0.682,58.2,8-14 min,RESOLVED
PRED-00664,2026-09-14T12:21:00,AST-0493,AST-0490,Defence,CREDENTIAL_ACCESS,LATERAL_MOVEMENT,0.813,71.3,30-60 min,ACTIVE
PRED-00665,2026-09-21T17:35:00,AST-0411,AST-0157,IT & ITES,EXECUTION,PERSISTENCE,0.76,66.0,30-60 min,RESOLVED
PRED-00666,2026-09-27T03:28:00,AST-0473,AST-0233,Defence,INITIAL_ACCESS,CREDENTIAL_ACCESS,0.839,73.9,30-60 min,ACTIVE
PRED-00667,2026-09-24T02:49:00,AST-0135,AST-0041,Power & Energy,LATERAL_MOVEMENT,EXFILTRATION,0.797,69.7,8-14 min,ACTIVE
PRED-00668,2026-09-17T07:09:00,AST-0128,AST-0354,Power & Energy,CREDENTIAL_ACCESS,LATERAL_MOVEMENT,0.854,75.4,1-3 hr,REVIEWED
PRED-00669,2026-09-19T09:39:00,AST-0053,AST-0364,Banking & Finance,LATERAL_MOVEMENT,EXFILTRATION,0.814,71.4,8-14 min,RESOLVED
PRED-00670,2026-09-06T14:22:00,AST-0112,AST-0114,Power & Energy,EXECUTION,PERSISTENCE,0.823,72.3,8-14 min,ACTIVE
PRED-00671,2026-09-12T11:51:00,AST-0214,AST-0200,Telecom,EXFILTRATION,IMPACT,0.735,63.5,30-60 min,ACTIVE
PRED-00672,2026-09-26T16:43:00,AST-0063,AST-0321,Banking & Finance,LATERAL_MOVEMENT,EXFILTRATION,0.695,59.5,30-60 min,RESOLVED
PRED-00673,2026-09-17T02:05:00,AST-0447,AST-0383,IT & ITES,PERSISTENCE,LATERAL_MOVEMENT,0.775,67.5,30-60 min,ACTIVE
PRED-00674,2026-09-01T23:57:00,AST-0076,AST-0441,Banking & Finance,RECONNAISSANCE,INITIAL_ACCESS,0.73,63.0,30-60 min,ACTIVE
PRED-00675,2026-09-10T20:17:00,AST-0247,AST-0076,Telecom,LATERAL_MOVEMENT,EXFILTRATION,0.883,98.3,30-60 min,REVIEWED
PRED-00676,2026-09-22T06:51:00,AST-0110,AST-0471,Power & Energy,EXFILTRATION,IMPACT,0.808,70.8,15-30 min,ACTIVE
PRED-00677,2026-09-12T15:52:00,AST-0047,AST-0405,Government,EXFILTRATION,IMPACT,0.741,64.1,30-60 min,ACTIVE
PRED-00678,2026-09-25T07:32:00,AST-0143,AST-0129,Power & Energy,INITIAL_ACCESS,CREDENTIAL_ACCESS,0.79,89.0,8-14 min,ACTIVE
PRED-00679,2026-09-12T14:37:00,AST-0394,AST-0431,Manufacturing,EXFILTRATION,IMPACT,0.771,67.1,8-14 min,RESOLVED
PRED-00680,2026-09-22T13:15:00,AST-0050,AST-0044,Government,PERSISTENCE,LATERAL_MOVEMENT,0.768,66.8,30-60 min,ACTIVE
PRED-00681,2026-09-20T16:27:00,AST-0451,AST-0162,Defence,EXFILTRATION,IMPACT,0.737,63.7,30-60 min,RESOLVED
PRED-00682,2026-09-27T21:12:00,AST-0252,AST-0437,Transport,EXECUTION,PERSISTENCE,0.793,69.3,15-30 min,RESOLVED
PRED-00683,2026-09-22T02:33:00,AST-0381,AST-0166,Manufacturing,IMPACT,IMPACT,0.828,72.8,1-3 hr,RESOLVED
PRED-00684,2026-09-08T04:41:00,AST-0023,AST-0006,Government,INITIAL_ACCESS,CREDENTIAL_ACCESS,0.75,85.0,1-3 hr,REVIEWED
PRED-00685,2026-09-07T15:41:00,AST-0083,AST-0489,Banking & Finance,INITIAL_ACCESS,CREDENTIAL_ACCESS,0.706,60.6,8-14 min,RESOLVED
PRED-00686,2026-09-17T23:26:00,AST-0066,AST-0001,Banking & Finance,PERSISTENCE,LATERAL_MOVEMENT,0.752,65.2,15-30 min,RESOLVED
PRED-00687,2026-09-12T20:01:00,AST-0420,AST-0043,IT & ITES,CREDENTIAL_ACCESS,LATERAL_MOVEMENT,0.91,81.0,15-30 min,ACTIVE
PRED-00688,2026-09-14T21:29:00,AST-0289,AST-0200,Transport,EXECUTION,PERSISTENCE,0.821,72.1,30-60 min,REVIEWED
PRED-00689,2026-09-05T13:04:00,AST-0226,AST-0235,Telecom,CREDENTIAL_ACCESS,LATERAL_MOVEMENT,0.873,77.3,30-60 min,REVIEWED
PRED-00690,2026-09-03T13:35:00,AST-0382,AST-0335,Manufacturing,RECONNAISSANCE,INITIAL_ACCESS,0.721,62.1,15-30 min,REVIEWED
PRED-00691,2026-09-12T01:38:00,AST-0194,AST-0113,Healthcare,IMPACT,IMPACT,0.903,80.3,15-30 min,ACTIVE
PRED-00692,2026-09-08T13:56:00,AST-0091,AST-0377,Banking & Finance,CREDENTIAL_ACCESS,LATERAL_MOVEMENT,0.887,78.7,8-14 min,ACTIVE
PRED-00693,2026-09-16T09:52:00,AST-0428,AST-0480,IT & ITES,CREDENTIAL_ACCESS,LATERAL_MOVEMENT,0.785,68.5,30-60 min,ACTIVE
PRED-00694,2026-09-16T18:12:00,AST-0296,AST-0028,Transport,LATERAL_MOVEMENT,EXFILTRATION,0.898,79.8,8-14 min,ACTIVE
PRED-00695,2026-09-02T22:46:00,AST-0398,AST-0287,Manufacturing,INITIAL_ACCESS,CREDENTIAL_ACCESS,0.857,75.7,8-14 min,ACTIVE
PRED-00696,2026-09-12T14:32:00,AST-0137,AST-0392,Power & Energy,EXECUTION,PERSISTENCE,0.745,64.5,30-60 min,ACTIVE
PRED-00697,2026-09-09T23:05:00,AST-0290,AST-0146,Transport,RECONNAISSANCE,INITIAL_ACCESS,0.746,64.6,30-60 min,RESOLVED
PRED-00698,2026-09-06T11:00:00,AST-0347,AST-0403,Education,CREDENTIAL_ACCESS,LATERAL_MOVEMENT,0.873,97.3,15-30 min,RESOLVED
PRED-00699,2026-09-21T06:32:00,AST-0278,AST-0088,Transport,LATERAL_MOVEMENT,EXFILTRATION,0.89,79.0,1-3 hr,REVIEWED
PRED-00700,2026-09-21T07:07:00,AST-0477,AST-0271,Defence,EXECUTION,PERSISTENCE,0.822,72.2,15-30 min,ACTIVE
PRED-00701,2026-09-03T23:58:00,AST-0443,AST-0015,IT & ITES,LATERAL_MOVEMENT,EXFILTRATION,0.757,65.7,15-30 min,ACTIVE
PRED-00702,2026-09-18T13:46:00,AST-0157,AST-0466,Healthcare,EXFILTRATION,IMPACT,0.741,64.1,15-30 min,RESOLVED
PRED-00703,2026-09-11T15:26:00,AST-0080,AST-0242,Banking & Finance,RECONNAISSANCE,INITIAL_ACCESS,0.729,62.9,1-3 hr,ACTIVE
PRED-00704,2026-09-26T15:01:00,AST-0398,AST-0282,Manufacturing,PERSISTENCE,LATERAL_MOVEMENT,0.85,75.0,15-30 min,RESOLVED
PRED-00705,2026-09-05T22:29:00,AST-0458,AST-0011,Defence,LATERAL_MOVEMENT,EXFILTRATION,0.759,65.9,30-60 min,ACTIVE
PRED-00706,2026-09-19T00:27:00,AST-0024,AST-0258,Government,CREDENTIAL_ACCESS,LATERAL_MOVEMENT,0.9,99.0,1-3 hr,REVIEWED
PRED-00707,2026-09-12T18:22:00,AST-0255,AST-0314,Transport,CREDENTIAL_ACCESS,LATERAL_MOVEMENT,0.836,73.6,15-30 min,REVIEWED
PRED-00708,2026-09-02T01:45:00,AST-0230,AST-0201,Telecom,CREDENTIAL_ACCESS,LATERAL_MOVEMENT,0.884,78.4,8-14 min,ACTIVE
PRED-00709,2026-09-02T02:21:00,AST-0330,AST-0466,Education,LATERAL_MOVEMENT,EXFILTRATION,0.834,73.4,1-3 hr,RESOLVED
PRED-00710,2026-09-11T14:00:00,AST-0096,AST-0399,Banking & Finance,RECONNAISSANCE,INITIAL_ACCESS,0.781,68.1,30-60 min,REVIEWED
PRED-00711,2026-09-15T12:31:00,AST-0390,AST-0431,Manufacturing,IMPACT,IMPACT,0.79,69.0,30-60 min,ACTIVE
PRED-00712,2026-09-22T00:26:00,AST-0398,AST-0023,Manufacturing,LATERAL_MOVEMENT,EXFILTRATION,0.893,79.3,1-3 hr,ACTIVE
PRED-00713,2026-09-23T12:38:00,AST-0448,AST-0362,IT & ITES,EXFILTRATION,IMPACT,0.779,87.9,30-60 min,RESOLVED
PRED-00714,2026-09-05T16:39:00,AST-0410,AST-0215,IT & ITES,INITIAL_ACCESS,CREDENTIAL_ACCESS,0.78,68.0,8-14 min,REVIEWED
PRED-00715,2026-09-02T09:07:00,AST-0059,AST-0131,Banking & Finance,LATERAL_MOVEMENT,EXFILTRATION,0.739,83.9,8-14 min,ACTIVE
PRED-00716,2026-09-15T15:22:00,AST-0062,AST-0463,Banking & Finance,RECONNAISSANCE,INITIAL_ACCESS,0.79,69.0,8-14 min,RESOLVED
PRED-00717,2026-09-06T23:31:00,AST-0035,AST-0371,Government,EXECUTION,PERSISTENCE,0.927,82.7,15-30 min,REVIEWED
PRED-00718,2026-09-25T07:51:00,AST-0312,AST-0114,Education,INITIAL_ACCESS,CREDENTIAL_ACCESS,0.837,73.7,1-3 hr,ACTIVE
PRED-00719,2026-09-03T16:08:00,AST-0373,AST-0165,Manufacturing,RECONNAISSANCE,INITIAL_ACCESS,0.786,68.6,30-60 min,ACTIVE
PRED-00720,2026-09-26T10:46:00,AST-0071,AST-0103,Banking & Finance,CREDENTIAL_ACCESS,LATERAL_MOVEMENT,0.819,71.9,1-3 hr,RESOLVED
PRED-00721,2026-09-09T11:09:00,AST-0314,AST-0445,Education,LATERAL_MOVEMENT,EXFILTRATION,0.913,81.3,30-60 min,ACTIVE
PRED-00722,2026-09-19T05:58:00,AST-0431,AST-0028,IT & ITES,RECONNAISSANCE,INITIAL_ACCESS,0.741,64.1,15-30 min,RESOLVED
PRED-00723,2026-09-13T02:45:00,AST-0390,AST-0236,Manufacturing,EXECUTION,PERSISTENCE,0.838,73.8,1-3 hr,REVIEWED
PRED-00724,2026-09-15T01:10:00,AST-0303,AST-0318,Education,RECONNAISSANCE,INITIAL_ACCESS,0.764,66.4,30-60 min,ACTIVE
PRED-00725,2026-09-23T10:39:00,AST-0057,AST-0020,Banking & Finance,INITIAL_ACCESS,CREDENTIAL_ACCESS,0.796,89.6,15-30 min,ACTIVE
PRED-00726,2026-09-27T14:02:00,AST-0279,AST-0348,Transport,RECONNAISSANCE,INITIAL_ACCESS,0.851,75.1,30-60 min,RESOLVED
PRED-00727,2026-09-05T04:42:00,AST-0375,AST-0353,Manufacturing,INITIAL_ACCESS,CREDENTIAL_ACCESS,0.773,67.3,1-3 hr,ACTIVE
PRED-00728,2026-09-08T20:48:00,AST-0413,AST-0303,IT & ITES,LATERAL_MOVEMENT,EXFILTRATION,0.97,99.0,1-3 hr,REVIEWED
PRED-00729,2026-09-16T19:02:00,AST-0130,AST-0419,Power & Energy,LATERAL_MOVEMENT,EXFILTRATION,0.837,73.7,8-14 min,REVIEWED
PRED-00730,2026-09-01T14:12:00,AST-0406,AST-0177,IT & ITES,EXECUTION,PERSISTENCE,0.796,69.6,15-30 min,ACTIVE
PRED-00731,2026-09-13T01:16:00,AST-0122,AST-0478,Power & Energy,CREDENTIAL_ACCESS,LATERAL_MOVEMENT,0.878,77.8,8-14 min,RESOLVED
PRED-00732,2026-09-03T20:48:00,AST-0497,AST-0166,Defence,RECONNAISSANCE,INITIAL_ACCESS,0.738,83.8,30-60 min,ACTIVE
PRED-00733,2026-09-12T16:27:00,AST-0294,AST-0464,Transport,PERSISTENCE,LATERAL_MOVEMENT,0.804,70.4,8-14 min,ACTIVE
PRED-00734,2026-09-06T18:19:00,AST-0229,AST-0290,Telecom,RECONNAISSANCE,INITIAL_ACCESS,0.844,74.4,8-14 min,REVIEWED
PRED-00735,2026-09-03T13:21:00,AST-0497,AST-0258,Defence,EXECUTION,PERSISTENCE,0.827,92.7,15-30 min,ACTIVE
PRED-00736,2026-09-07T19:02:00,AST-0155,AST-0207,Healthcare,EXECUTION,PERSISTENCE,0.747,64.7,1-3 hr,REVIEWED
PRED-00737,2026-09-07T09:03:00,AST-0173,AST-0499,Healthcare,IMPACT,IMPACT,0.756,65.6,8-14 min,RESOLVED
PRED-00738,2026-09-22T07:29:00,AST-0468,AST-0116,Defence,CREDENTIAL_ACCESS,LATERAL_MOVEMENT,0.858,95.8,30-60 min,ACTIVE
PRED-00739,2026-09-26T03:08:00,AST-0189,AST-0359,Healthcare,INITIAL_ACCESS,CREDENTIAL_ACCESS,0.869,76.9,1-3 hr,ACTIVE
PRED-00740,2026-09-05T02:18:00,AST-0409,AST-0404,IT & ITES,INITIAL_ACCESS,CREDENTIAL_ACCESS,0.853,75.3,1-3 hr,ACTIVE
PRED-00741,2026-09-14T12:22:00,AST-0243,AST-0145,Telecom,EXFILTRATION,IMPACT,0.734,83.4,15-30 min,RESOLVED
PRED-00742,2026-09-19T00:52:00,AST-0438,AST-0403,IT & ITES,PERSISTENCE,LATERAL_MOVEMENT,0.784,68.4,15-30 min,RESOLVED
PRED-00743,2026-09-27T23:41:00,AST-0141,AST-0454,Power & Energy,RECONNAISSANCE,INITIAL_ACCESS,0.774,67.4,30-60 min,ACTIVE
PRED-00744,2026-09-22T08:38:00,AST-0071,AST-0394,Banking & Finance,LATERAL_MOVEMENT,EXFILTRATION,0.858,75.8,30-60 min,ACTIVE
PRED-00745,2026-09-06T12:25:00,AST-0380,AST-0402,Manufacturing,LATERAL_MOVEMENT,EXFILTRATION,0.827,72.7,30-60 min,ACTIVE
PRED-00746,2026-09-10T15:24:00,AST-0407,AST-0296,IT & ITES,PERSISTENCE,LATERAL_MOVEMENT,0.844,74.4,1-3 hr,RESOLVED
PRED-00747,2026-09-18T02:00:00,AST-0248,AST-0314,Telecom,INITIAL_ACCESS,CREDENTIAL_ACCESS,0.918,81.8,15-30 min,RESOLVED
PRED-00748,2026-09-04T22:23:00,AST-0442,AST-0131,IT & ITES,INITIAL_ACCESS,CREDENTIAL_ACCESS,0.717,61.7,15-30 min,REVIEWED
PRED-00749,2026-09-14T04:52:00,AST-0205,AST-0452,Telecom,LATERAL_MOVEMENT,EXFILTRATION,0.841,74.1,1-3 hr,RESOLVED
PRED-00750,2026-09-01T11:26:00,AST-0261,AST-0177,Transport,RECONNAISSANCE,INITIAL_ACCESS,0.701,60.1,15-30 min,RESOLVED
PRED-00751,2026-09-12T00:24:00,AST-0297,AST-0249,Transport,LATERAL_MOVEMENT,EXFILTRATION,0.826,72.6,1-3 hr,RESOLVED
PRED-00752,2026-09-02T08:19:00,AST-0135,AST-0170,Power & Energy,LATERAL_MOVEMENT,EXFILTRATION,0.861,76.1,1-3 hr,ACTIVE
PRED-00753,2026-09-23T01:00:00,AST-0283,AST-0203,Transport,EXFILTRATION,IMPACT,0.746,64.6,30-60 min,ACTIVE
PRED-00754,2026-09-23T10:50:00,AST-0311,AST-0494,Education,IMPACT,IMPACT,0.871,77.1,30-60 min,RESOLVED
PRED-00755,2026-09-06T00:01:00,AST-0227,AST-0294,Telecom,INITIAL_ACCESS,CREDENTIAL_ACCESS,0.929,82.9,15-30 min,ACTIVE
PRED-00756,2026-09-16T08:33:00,AST-0398,AST-0308,Manufacturing,RECONNAISSANCE,INITIAL_ACCESS,0.761,66.1,30-60 min,RESOLVED
PRED-00757,2026-09-07T06:55:00,AST-0423,AST-0294,IT & ITES,LATERAL_MOVEMENT,EXFILTRATION,0.719,61.9,30-60 min,REVIEWED
PRED-00758,2026-09-09T17:07:00,AST-0191,AST-0099,Healthcare,LATERAL_MOVEMENT,EXFILTRATION,0.918,81.8,8-14 min,REVIEWED
PRED-00759,2026-09-10T05:37:00,AST-0395,AST-0467,Manufacturing,EXFILTRATION,IMPACT,0.762,66.2,8-14 min,RESOLVED
PRED-00760,2026-09-22T06:47:00,AST-0034,AST-0120,Government,IMPACT,IMPACT,0.841,74.1,30-60 min,RESOLVED
PRED-00761,2026-09-05T00:48:00,AST-0134,AST-0323,Power & Energy,EXFILTRATION,IMPACT,0.725,82.5,15-30 min,REVIEWED
PRED-00762,2026-09-26T20:52:00,AST-0335,AST-0247,Education,CREDENTIAL_ACCESS,LATERAL_MOVEMENT,0.885,78.5,1-3 hr,REVIEWED
PRED-00763,2026-09-19T13:21:00,AST-0407,AST-0494,IT & ITES,LATERAL_MOVEMENT,EXFILTRATION,0.769,66.9,1-3 hr,ACTIVE
PRED-00764,2026-09-22T16:08:00,AST-0280,AST-0445,Transport,IMPACT,IMPACT,0.816,91.6,8-14 min,ACTIVE
PRED-00765,2026-09-01T23:47:00,AST-0184,AST-0448,Healthcare,INITIAL_ACCESS,CREDENTIAL_ACCESS,0.689,58.9,8-14 min,ACTIVE
PRED-00766,2026-09-24T05:52:00,AST-0130,AST-0400,Power & Energy,IMPACT,IMPACT,0.835,73.5,8-14 min,ACTIVE
PRED-00767,2026-09-14T03:54:00,AST-0437,AST-0330,IT & ITES,CREDENTIAL_ACCESS,LATERAL_MOVEMENT,0.846,74.6,30-60 min,RESOLVED
PRED-00768,2026-09-11T18:21:00,AST-0180,AST-0077,Healthcare,LATERAL_MOVEMENT,EXFILTRATION,0.735,83.5,8-14 min,ACTIVE
PRED-00769,2026-09-04T22:09:00,AST-0332,AST-0485,Education,IMPACT,IMPACT,0.89,99.0,30-60 min,ACTIVE
PRED-00770,2026-09-11T08:35:00,AST-0080,AST-0024,Banking & Finance,EXFILTRATION,IMPACT,0.784,68.4,1-3 hr,RESOLVED
PRED-00771,2026-09-01T21:13:00,AST-0367,AST-0264,Manufacturing,EXECUTION,PERSISTENCE,0.819,71.9,8-14 min,ACTIVE
PRED-00772,2026-09-18T12:43:00,AST-0037,AST-0206,Government,CREDENTIAL_ACCESS,LATERAL_MOVEMENT,0.849,74.9,8-14 min,ACTIVE
PRED-00773,2026-09-05T02:27:00,AST-0099,AST-0039,Banking & Finance,INITIAL_ACCESS,CREDENTIAL_ACCESS,0.812,71.2,1-3 hr,ACTIVE
PRED-00774,2026-09-17T21:34:00,AST-0099,AST-0494,Banking & Finance,IMPACT,IMPACT,0.744,64.4,30-60 min,RESOLVED
PRED-00775,2026-09-06T00:35:00,AST-0173,AST-0245,Healthcare,PERSISTENCE,LATERAL_MOVEMENT,0.822,72.2,30-60 min,REVIEWED
PRED-00776,2026-09-24T13:36:00,AST-0140,AST-0138,Power & Energy,PERSISTENCE,LATERAL_MOVEMENT,0.791,69.1,30-60 min,REVIEWED
PRED-00777,2026-09-27T01:05:00,AST-0496,AST-0306,Defence,INITIAL_ACCESS,CREDENTIAL_ACCESS,0.829,72.9,15-30 min,REVIEWED
PRED-00778,2026-09-22T13:53:00,AST-0024,AST-0434,Government,PERSISTENCE,LATERAL_MOVEMENT,0.811,91.1,1-3 hr,ACTIVE
PRED-00779,2026-09-17T19:06:00,AST-0067,AST-0119,Banking & Finance,INITIAL_ACCESS,CREDENTIAL_ACCESS,0.722,62.2,1-3 hr,REVIEWED
PRED-00780,2026-09-10T13:24:00,AST-0103,AST-0284,Power & Energy,EXFILTRATION,IMPACT,0.775,87.5,15-30 min,ACTIVE
PRED-00781,2026-09-21T02:58:00,AST-0033,AST-0200,Government,INITIAL_ACCESS,CREDENTIAL_ACCESS,0.76,66.0,1-3 hr,REVIEWED
PRED-00782,2026-09-22T02:14:00,AST-0039,AST-0015,Government,INITIAL_ACCESS,CREDENTIAL_ACCESS,0.805,70.5,1-3 hr,ACTIVE
PRED-00783,2026-09-01T15:45:00,AST-0334,AST-0361,Education,EXECUTION,PERSISTENCE,0.665,56.5,30-60 min,REVIEWED
PRED-00784,2026-09-10T10:14:00,AST-0208,AST-0210,Telecom,RECONNAISSANCE,INITIAL_ACCESS,0.7,60.0,8-14 min,ACTIVE
PRED-00785,2026-09-23T06:06:00,AST-0014,AST-0499,Government,EXFILTRATION,IMPACT,0.729,62.9,15-30 min,ACTIVE
PRED-00786,2026-09-26T19:50:00,AST-0398,AST-0282,Manufacturing,RECONNAISSANCE,INITIAL_ACCESS,0.716,61.6,15-30 min,ACTIVE
PRED-00787,2026-09-14T03:26:00,AST-0167,AST-0257,Healthcare,CREDENTIAL_ACCESS,LATERAL_MOVEMENT,0.776,67.6,15-30 min,ACTIVE
PRED-00788,2026-09-08T09:14:00,AST-0254,AST-0442,Transport,IMPACT,IMPACT,0.765,66.5,8-14 min,ACTIVE
PRED-00789,2026-09-27T10:09:00,AST-0240,AST-0498,Telecom,IMPACT,IMPACT,0.808,70.8,30-60 min,REVIEWED
PRED-00790,2026-09-03T01:06:00,AST-0488,AST-0248,Defence,IMPACT,IMPACT,0.812,91.2,8-14 min,ACTIVE
PRED-00791,2026-09-14T07:44:00,AST-0395,AST-0309,Manufacturing,CREDENTIAL_ACCESS,LATERAL_MOVEMENT,0.785,68.5,1-3 hr,ACTIVE
PRED-00792,2026-09-27T22:35:00,AST-0065,AST-0446,Banking & Finance,CREDENTIAL_ACCESS,LATERAL_MOVEMENT,0.91,81.0,15-30 min,RESOLVED
PRED-00793,2026-09-27T22:55:00,AST-0427,AST-0439,IT & ITES,LATERAL_MOVEMENT,EXFILTRATION,0.787,68.7,1-3 hr,RESOLVED
PRED-00794,2026-09-25T09:05:00,AST-0156,AST-0475,Healthcare,EXECUTION,PERSISTENCE,0.757,65.7,15-30 min,ACTIVE
PRED-00795,2026-09-22T01:34:00,AST-0301,AST-0258,Education,CREDENTIAL_ACCESS,LATERAL_MOVEMENT,0.845,74.5,1-3 hr,RESOLVED
PRED-00796,2026-09-23T08:41:00,AST-0250,AST-0391,Telecom,PERSISTENCE,LATERAL_MOVEMENT,0.689,58.9,1-3 hr,REVIEWED
PRED-00797,2026-09-10T20:24:00,AST-0494,AST-0376,Defence,IMPACT,IMPACT,0.825,92.5,1-3 hr,REVIEWED
PRED-00798,2026-09-27T09:27:00,AST-0383,AST-0130,Manufacturing,PERSISTENCE,LATERAL_MOVEMENT,0.855,75.5,15-30 min,ACTIVE
PRED-00799,2026-09-16T12:02:00,AST-0481,AST-0046,Defence,EXECUTION,PERSISTENCE,0.894,99.0,30-60 min,RESOLVED
PRED-00800,2026-09-20T13:48:00,AST-0293,AST-0238,Transport,LATERAL_MOVEMENT,EXFILTRATION,0.811,71.1,1-3 hr,REVIEWED
PRED-00801,2026-09-23T22:19:00,AST-0186,AST-0069,Healthcare,CREDENTIAL_ACCESS,LATERAL_MOVEMENT,0.856,75.6,30-60 min,ACTIVE
PRED-00802,2026-09-04T04:32:00,AST-0494,AST-0429,Defence,CREDENTIAL_ACCESS,LATERAL_MOVEMENT,0.87,97.0,1-3 hr,REVIEWED
PRED-00803,2026-09-18T20:38:00,AST-0064,AST-0105,Banking & Finance,RECONNAISSANCE,INITIAL_ACCESS,0.77,67.0,30-60 min,RESOLVED
PRED-00804,2026-09-14T15:08:00,AST-0484,AST-0245,Defence,CREDENTIAL_ACCESS,LATERAL_MOVEMENT,0.711,61.1,15-30 min,REVIEWED
PRED-00805,2026-09-01T13:51:00,AST-0122,AST-0233,Power & Energy,EXECUTION,PERSISTENCE,0.81,71.0,8-14 min,REVIEWED
PRED-00806,2026-09-07T21:18:00,AST-0213,AST-0270,Telecom,CREDENTIAL_ACCESS,LATERAL_MOVEMENT,0.867,76.7,1-3 hr,REVIEWED
PRED-00807,2026-09-13T23:23:00,AST-0004,AST-0246,Government,RECONNAISSANCE,INITIAL_ACCESS,0.745,64.5,30-60 min,RESOLVED
PRED-00808,2026-09-23T09:40:00,AST-0010,AST-0082,Government,CREDENTIAL_ACCESS,LATERAL_MOVEMENT,0.897,79.7,1-3 hr,RESOLVED
PRED-00809,2026-09-23T23:28:00,AST-0048,AST-0110,Government,EXFILTRATION,IMPACT,0.728,62.8,15-30 min,RESOLVED
PRED-00810,2026-09-16T03:49:00,AST-0250,AST-0302,Telecom,CREDENTIAL_ACCESS,LATERAL_MOVEMENT,0.896,79.6,1-3 hr,REVIEWED
PRED-00811,2026-09-05T11:00:00,AST-0079,AST-0313,Banking & Finance,IMPACT,IMPACT,0.904,80.4,15-30 min,ACTIVE
PRED-00812,2026-09-20T11:02:00,AST-0184,AST-0279,Healthcare,CREDENTIAL_ACCESS,LATERAL_MOVEMENT,0.848,74.8,15-30 min,REVIEWED
PRED-00813,2026-09-19T21:00:00,AST-0152,AST-0198,Healthcare,EXECUTION,PERSISTENCE,0.83,73.0,8-14 min,RESOLVED
PRED-00814,2026-09-05T22:02:00,AST-0074,AST-0267,Banking & Finance,CREDENTIAL_ACCESS,LATERAL_MOVEMENT,0.931,83.1,1-3 hr,RESOLVED
PRED-00815,2026-09-09T06:47:00,AST-0424,AST-0070,IT & ITES,EXFILTRATION,IMPACT,0.747,64.7,30-60 min,ACTIVE
PRED-00816,2026-09-25T23:29:00,AST-0091,AST-0473,Banking & Finance,LATERAL_MOVEMENT,EXFILTRATION,0.792,69.2,15-30 min,REVIEWED
PRED-00817,2026-09-27T11:28:00,AST-0073,AST-0453,Banking & Finance,EXFILTRATION,IMPACT,0.813,71.3,15-30 min,ACTIVE
PRED-00818,2026-09-18T15:34:00,AST-0333,AST-0275,Education,EXECUTION,PERSISTENCE,0.843,94.3,15-30 min,ACTIVE
PRED-00819,2026-09-08T10:05:00,AST-0500,AST-0492,Defence,INITIAL_ACCESS,CREDENTIAL_ACCESS,0.916,81.6,1-3 hr,ACTIVE
PRED-00820,2026-09-04T17:29:00,AST-0159,AST-0173,Healthcare,INITIAL_ACCESS,CREDENTIAL_ACCESS,0.833,73.3,15-30 min,REVIEWED
PRED-00821,2026-09-10T18:44:00,AST-0296,AST-0035,Transport,LATERAL_MOVEMENT,EXFILTRATION,0.872,77.2,8-14 min,REVIEWED
PRED-00822,2026-09-08T08:14:00,AST-0264,AST-0393,Transport,CREDENTIAL_ACCESS,LATERAL_MOVEMENT,0.776,87.6,30-60 min,REVIEWED
PRED-00823,2026-09-13T04:04:00,AST-0425,AST-0092,IT & ITES,CREDENTIAL_ACCESS,LATERAL_MOVEMENT,0.802,70.2,15-30 min,RESOLVED
PRED-00824,2026-09-18T07:14:00,AST-0283,AST-0018,Transport,CREDENTIAL_ACCESS,LATERAL_MOVEMENT,0.79,69.0,30-60 min,REVIEWED
PRED-00825,2026-09-26T12:25:00,AST-0295,AST-0205,Transport,LATERAL_MOVEMENT,EXFILTRATION,0.785,68.5,1-3 hr,ACTIVE
PRED-00826,2026-09-15T21:34:00,AST-0075,AST-0307,Banking & Finance,INITIAL_ACCESS,CREDENTIAL_ACCESS,0.81,71.0,30-60 min,REVIEWED
PRED-00827,2026-09-14T03:39:00,AST-0028,AST-0143,Government,RECONNAISSANCE,INITIAL_ACCESS,0.769,66.9,15-30 min,RESOLVED
PRED-00828,2026-09-18T06:36:00,AST-0250,AST-0193,Telecom,EXFILTRATION,IMPACT,0.784,68.4,1-3 hr,REVIEWED
PRED-00829,2026-09-23T19:10:00,AST-0041,AST-0205,Government,IMPACT,IMPACT,0.888,78.8,8-14 min,REVIEWED
PRED-00830,2026-09-24T20:36:00,AST-0103,AST-0034,Power & Energy,INITIAL_ACCESS,CREDENTIAL_ACCESS,0.778,87.8,30-60 min,RESOLVED
PRED-00831,2026-09-07T14:39:00,AST-0370,AST-0012,Manufacturing,CREDENTIAL_ACCESS,LATERAL_MOVEMENT,0.881,78.1,30-60 min,RESOLVED
PRED-00832,2026-09-05T16:11:00,AST-0156,AST-0029,Healthcare,RECONNAISSANCE,INITIAL_ACCESS,0.779,67.9,1-3 hr,ACTIVE
PRED-00833,2026-09-10T08:35:00,AST-0450,AST-0040,IT & ITES,RECONNAISSANCE,INITIAL_ACCESS,0.785,68.5,15-30 min,ACTIVE
PRED-00834,2026-09-08T22:40:00,AST-0015,AST-0397,Government,INITIAL_ACCESS,CREDENTIAL_ACCESS,0.896,79.6,30-60 min,REVIEWED
PRED-00835,2026-09-13T18:11:00,AST-0400,AST-0216,Manufacturing,LATERAL_MOVEMENT,EXFILTRATION,0.843,74.3,30-60 min,RESOLVED
PRED-00836,2026-09-08T18:46:00,AST-0265,AST-0253,Transport,CREDENTIAL_ACCESS,LATERAL_MOVEMENT,0.933,83.3,15-30 min,REVIEWED
PRED-00837,2026-09-06T05:49:00,AST-0334,AST-0019,Education,LATERAL_MOVEMENT,EXFILTRATION,0.803,70.3,15-30 min,ACTIVE
PRED-00838,2026-09-25T09:25:00,AST-0351,AST-0339,Manufacturing,CREDENTIAL_ACCESS,LATERAL_MOVEMENT,0.806,70.6,30-60 min,RESOLVED
PRED-00839,2026-09-09T04:52:00,AST-0386,AST-0449,Manufacturing,IMPACT,IMPACT,0.905,80.5,15-30 min,RESOLVED
PRED-00840,2026-09-19T05:50:00,AST-0045,AST-0328,Government,RECONNAISSANCE,INITIAL_ACCESS,0.737,63.7,30-60 min,ACTIVE
PRED-00841,2026-09-07T20:08:00,AST-0429,AST-0489,IT & ITES,CREDENTIAL_ACCESS,LATERAL_MOVEMENT,0.771,67.1,30-60 min,REVIEWED
PRED-00842,2026-09-23T20:14:00,AST-0475,AST-0386,Defence,INITIAL_ACCESS,CREDENTIAL_ACCESS,0.757,65.7,1-3 hr,ACTIVE
PRED-00843,2026-09-10T12:51:00,AST-0021,AST-0480,Government,EXFILTRATION,IMPACT,0.792,89.2,30-60 min,ACTIVE
PRED-00844,2026-09-16T04:13:00,AST-0239,AST-0309,Telecom,INITIAL_ACCESS,CREDENTIAL_ACCESS,0.815,71.5,15-30 min,REVIEWED
PRED-00845,2026-09-25T23:26:00,AST-0448,AST-0303,IT & ITES,LATERAL_MOVEMENT,EXFILTRATION,0.74,84.0,1-3 hr,REVIEWED
PRED-00846,2026-09-18T23:01:00,AST-0437,AST-0354,IT & ITES,EXFILTRATION,IMPACT,0.698,59.8,1-3 hr,ACTIVE
PRED-00847,2026-09-22T00:48:00,AST-0128,AST-0243,Power & Energy,EXECUTION,PERSISTENCE,0.828,72.8,1-3 hr,ACTIVE
PRED-00848,2026-09-09T00:08:00,AST-0317,AST-0117,Education,LATERAL_MOVEMENT,EXFILTRATION,0.783,68.3,1-3 hr,ACTIVE
PRED-00849,2026-09-04T00:52:00,AST-0446,AST-0445,IT & ITES,IMPACT,IMPACT,0.883,78.3,8-14 min,RESOLVED
PRED-00850,2026-09-14T06:16:00,AST-0231,AST-0181,Telecom,EXECUTION,PERSISTENCE,0.728,62.8,1-3 hr,RESOLVED
PRED-00851,2026-09-11T22:44:00,AST-0244,AST-0247,Telecom,RECONNAISSANCE,INITIAL_ACCESS,0.812,91.2,15-30 min,RESOLVED
PRED-00852,2026-09-17T23:06:00,AST-0197,AST-0311,Healthcare,CREDENTIAL_ACCESS,LATERAL_MOVEMENT,0.966,86.6,1-3 hr,ACTIVE
PRED-00853,2026-09-23T17:57:00,AST-0152,AST-0012,Healthcare,RECONNAISSANCE,INITIAL_ACCESS,0.806,70.6,15-30 min,ACTIVE
PRED-00854,2026-09-20T11:05:00,AST-0057,AST-0099,Banking & Finance,CREDENTIAL_ACCESS,LATERAL_MOVEMENT,0.899,99.0,30-60 min,ACTIVE
PRED-00855,2026-09-06T04:39:00,AST-0432,AST-0313,IT & ITES,RECONNAISSANCE,INITIAL_ACCESS,0.726,62.6,30-60 min,ACTIVE
PRED-00856,2026-09-26T10:14:00,AST-0498,AST-0134,Defence,PERSISTENCE,LATERAL_MOVEMENT,0.822,72.2,8-14 min,REVIEWED
PRED-00857,2026-09-10T23:25:00,AST-0062,AST-0417,Banking & Finance,EXECUTION,PERSISTENCE,0.839,73.9,30-60 min,ACTIVE
PRED-00858,2026-09-08T09:22:00,AST-0016,AST-0337,Government,EXECUTION,PERSISTENCE,0.812,71.2,1-3 hr,RESOLVED
PRED-00859,2026-09-11T01:57:00,AST-0270,AST-0156,Transport,RECONNAISSANCE,INITIAL_ACCESS,0.74,64.0,1-3 hr,REVIEWED
PRED-00860,2026-09-05T20:22:00,AST-0172,AST-0125,Healthcare,RECONNAISSANCE,INITIAL_ACCESS,0.775,67.5,1-3 hr,REVIEWED
PRED-00861,2026-09-27T05:53:00,AST-0491,AST-0009,Defence,RECONNAISSANCE,INITIAL_ACCESS,0.742,84.2,1-3 hr,RESOLVED
PRED-00862,2026-09-22T16:00:00,AST-0338,AST-0230,Education,INITIAL_ACCESS,CREDENTIAL_ACCESS,0.93,99.0,30-60 min,ACTIVE
PRED-00863,2026-09-09T14:11:00,AST-0291,AST-0174,Transport,LATERAL_MOVEMENT,EXFILTRATION,0.807,70.7,30-60 min,ACTIVE
PRED-00864,2026-09-12T14:09:00,AST-0449,AST-0079,IT & ITES,LATERAL_MOVEMENT,EXFILTRATION,0.733,63.3,15-30 min,ACTIVE
PRED-00865,2026-09-05T04:35:00,AST-0219,AST-0488,Telecom,EXECUTION,PERSISTENCE,0.778,67.8,8-14 min,ACTIVE
PRED-00866,2026-09-27T01:38:00,AST-0495,AST-0436,Defence,INITIAL_ACCESS,CREDENTIAL_ACCESS,0.762,66.2,30-60 min,REVIEWED
PRED-00867,2026-09-24T02:03:00,AST-0083,AST-0100,Banking & Finance,LATERAL_MOVEMENT,EXFILTRATION,0.661,56.1,1-3 hr,ACTIVE
PRED-00868,2026-09-13T06:59:00,AST-0006,AST-0123,Government,INITIAL_ACCESS,CREDENTIAL_ACCESS,0.845,74.5,1-3 hr,REVIEWED
PRED-00869,2026-09-06T07:17:00,AST-0127,AST-0405,Power & Energy,PERSISTENCE,LATERAL_MOVEMENT,0.834,73.4,8-14 min,REVIEWED
PRED-00870,2026-09-09T22:14:00,AST-0495,AST-0391,Defence,RECONNAISSANCE,INITIAL_ACCESS,0.856,75.6,15-30 min,RESOLVED
PRED-00871,2026-09-22T14:01:00,AST-0324,AST-0290,Education,RECONNAISSANCE,INITIAL_ACCESS,0.735,63.5,30-60 min,RESOLVED
PRED-00872,2026-09-08T00:18:00,AST-0375,AST-0296,Manufacturing,CREDENTIAL_ACCESS,LATERAL_MOVEMENT,0.835,73.5,1-3 hr,REVIEWED
PRED-00873,2026-09-17T04:17:00,AST-0232,AST-0010,Telecom,PERSISTENCE,LATERAL_MOVEMENT,0.774,67.4,1-3 hr,RESOLVED
PRED-00874,2026-09-20T08:27:00,AST-0307,AST-0331,Education,LATERAL_MOVEMENT,EXFILTRATION,0.83,73.0,15-30 min,ACTIVE
PRED-00875,2026-09-25T21:38:00,AST-0340,AST-0185,Education,CREDENTIAL_ACCESS,LATERAL_MOVEMENT,0.914,81.4,8-14 min,ACTIVE
PRED-00876,2026-09-10T20:16:00,AST-0430,AST-0090,IT & ITES,INITIAL_ACCESS,CREDENTIAL_ACCESS,0.873,77.3,15-30 min,ACTIVE
PRED-00877,2026-09-06T23:49:00,AST-0313,AST-0382,Education,INITIAL_ACCESS,CREDENTIAL_ACCESS,0.758,65.8,1-3 hr,RESOLVED
PRED-00878,2026-09-25T02:43:00,AST-0058,AST-0328,Banking & Finance,PERSISTENCE,LATERAL_MOVEMENT,0.788,68.8,15-30 min,REVIEWED
PRED-00879,2026-09-25T03:15:00,AST-0362,AST-0084,Manufacturing,PERSISTENCE,LATERAL_MOVEMENT,0.728,62.8,8-14 min,REVIEWED
PRED-00880,2026-09-06T23:25:00,AST-0334,AST-0122,Education,EXECUTION,PERSISTENCE,0.892,79.2,15-30 min,ACTIVE
PRED-00881,2026-09-19T19:49:00,AST-0433,AST-0005,IT & ITES,EXFILTRATION,IMPACT,0.738,63.8,15-30 min,ACTIVE
PRED-00882,2026-09-25T22:51:00,AST-0166,AST-0014,Healthcare,PERSISTENCE,LATERAL_MOVEMENT,0.785,68.5,30-60 min,ACTIVE
PRED-00883,2026-09-10T16:08:00,AST-0305,AST-0228,Education,IMPACT,IMPACT,0.813,71.3,15-30 min,RESOLVED
PRED-00884,2026-09-10T10:20:00,AST-0209,AST-0166,Telecom,LATERAL_MOVEMENT,EXFILTRATION,0.754,65.4,1-3 hr,ACTIVE
PRED-00885,2026-09-10T17:12:00,AST-0083,AST-0225,Banking & Finance,LATERAL_MOVEMENT,EXFILTRATION,0.902,80.2,15-30 min,ACTIVE
PRED-00886,2026-09-17T05:52:00,AST-0244,AST-0094,Telecom,RECONNAISSANCE,INITIAL_ACCESS,0.799,89.9,30-60 min,ACTIVE
PRED-00887,2026-09-14T14:54:00,AST-0116,AST-0051,Power & Energy,EXECUTION,PERSISTENCE,0.824,72.4,30-60 min,REVIEWED
PRED-00888,2026-09-14T09:45:00,AST-0434,AST-0488,IT & ITES,EXECUTION,PERSISTENCE,0.852,75.2,30-60 min,RESOLVED
PRED-00889,2026-09-24T09:42:00,AST-0348,AST-0387,Education,INITIAL_ACCESS,CREDENTIAL_ACCESS,0.854,75.4,15-30 min,ACTIVE
PRED-00890,2026-09-12T12:43:00,AST-0342,AST-0306,Education,INITIAL_ACCESS,CREDENTIAL_ACCESS,0.718,61.8,1-3 hr,REVIEWED
PRED-00891,2026-09-20T08:11:00,AST-0208,AST-0283,Telecom,LATERAL_MOVEMENT,EXFILTRATION,0.764,66.4,8-14 min,ACTIVE
PRED-00892,2026-09-10T04:43:00,AST-0084,AST-0158,Banking & Finance,LATERAL_MOVEMENT,EXFILTRATION,0.765,66.5,1-3 hr,ACTIVE
PRED-00893,2026-09-16T01:36:00,AST-0446,AST-0091,IT & ITES,IMPACT,IMPACT,0.782,68.2,15-30 min,RESOLVED
PRED-00894,2026-09-06T05:03:00,AST-0247,AST-0173,Telecom,RECONNAISSANCE,INITIAL_ACCESS,0.81,91.0,8-14 min,RESOLVED
PRED-00895,2026-09-01T05:03:00,AST-0297,AST-0033,Transport,CREDENTIAL_ACCESS,LATERAL_MOVEMENT,0.838,73.8,8-14 min,ACTIVE
PRED-00896,2026-09-05T06:20:00,AST-0208,AST-0052,Telecom,RECONNAISSANCE,INITIAL_ACCESS,0.729,62.9,15-30 min,ACTIVE
PRED-00897,2026-09-14T13:54:00,AST-0355,AST-0330,Manufacturing,INITIAL_ACCESS,CREDENTIAL_ACCESS,0.899,79.9,30-60 min,REVIEWED
PRED-00898,2026-09-05T12:27:00,AST-0483,AST-0012,Defence,IMPACT,IMPACT,0.775,67.5,30-60 min,RESOLVED
PRED-00899,2026-09-02T16:29:00,AST-0447,AST-0007,IT & ITES,CREDENTIAL_ACCESS,LATERAL_MOVEMENT,0.825,72.5,30-60 min,ACTIVE
PRED-00900,2026-09-08T01:30:00,AST-0371,AST-0169,Manufacturing,CREDENTIAL_ACCESS,LATERAL_MOVEMENT,0.908,80.8,30-60 min,ACTIVE
PRED-00901,2026-09-02T17:57:00,AST-0463,AST-0277,Defence,CREDENTIAL_ACCESS,LATERAL_MOVEMENT,0.923,82.3,8-14 min,ACTIVE
PRED-00902,2026-09-14T16:21:00,AST-0210,AST-0273,Telecom,EXECUTION,PERSISTENCE,0.758,65.8,30-60 min,ACTIVE
PRED-00903,2026-09-04T12:29:00,AST-0478,AST-0082,Defence,CREDENTIAL_ACCESS,LATERAL_MOVEMENT,0.844,74.4,30-60 min,ACTIVE
PRED-00904,2026-09-09T10:10:00,AST-0420,AST-0496,IT & ITES,RECONNAISSANCE,INITIAL_ACCESS,0.833,73.3,1-3 hr,RESOLVED
PRED-00905,2026-09-16T04:20:00,AST-0323,AST-0406,Education,EXFILTRATION,IMPACT,0.819,71.9,8-14 min,REVIEWED
PRED-00906,2026-09-10T11:14:00,AST-0178,AST-0480,Healthcare,IMPACT,IMPACT,0.807,90.7,30-60 min,REVIEWED
PRED-00907,2026-09-24T18:04:00,AST-0038,AST-0398,Government,EXFILTRATION,IMPACT,0.748,64.8,8-14 min,RESOLVED
PRED-00908,2026-09-22T02:48:00,AST-0397,AST-0270,Manufacturing,LATERAL_MOVEMENT,EXFILTRATION,0.799,69.9,15-30 min,REVIEWED
PRED-00909,2026-09-11T16:43:00,AST-0289,AST-0290,Transport,LATERAL_MOVEMENT,EXFILTRATION,0.876,77.6,15-30 min,REVIEWED
PRED-00910,2026-09-12T05:17:00,AST-0280,AST-0338,Transport,INITIAL_ACCESS,CREDENTIAL_ACCESS,0.925,99.0,30-60 min,RESOLVED
PRED-00911,2026-09-20T13:12:00,AST-0243,AST-0438,Telecom,PERSISTENCE,LATERAL_MOVEMENT,0.802,90.2,15-30 min,REVIEWED
PRED-00912,2026-09-06T12:58:00,AST-0112,AST-0256,Power & Energy,EXFILTRATION,IMPACT,0.695,59.5,8-14 min,ACTIVE
PRED-00913,2026-09-03T00:30:00,AST-0219,AST-0019,Telecom,INITIAL_ACCESS,CREDENTIAL_ACCESS,0.807,70.7,15-30 min,ACTIVE
PRED-00914,2026-09-19T11:55:00,AST-0401,AST-0245,IT & ITES,RECONNAISSANCE,INITIAL_ACCESS,0.735,63.5,30-60 min,RESOLVED
PRED-00915,2026-09-13T11:31:00,AST-0426,AST-0292,IT & ITES,PERSISTENCE,LATERAL_MOVEMENT,0.82,72.0,30-60 min,ACTIVE
PRED-00916,2026-09-02T12:44:00,AST-0353,AST-0068,Manufacturing,INITIAL_ACCESS,CREDENTIAL_ACCESS,0.889,78.9,30-60 min,ACTIVE
PRED-00917,2026-09-06T15:59:00,AST-0282,AST-0294,Transport,EXFILTRATION,IMPACT,0.744,84.4,15-30 min,RESOLVED
PRED-00918,2026-09-10T14:41:00,AST-0225,AST-0197,Telecom,LATERAL_MOVEMENT,EXFILTRATION,0.849,74.9,8-14 min,ACTIVE
PRED-00919,2026-09-08T06:16:00,AST-0028,AST-0102,Government,RECONNAISSANCE,INITIAL_ACCESS,0.772,67.2,30-60 min,RESOLVED
PRED-00920,2026-09-05T03:43:00,AST-0206,AST-0458,Telecom,IMPACT,IMPACT,0.72,62.0,8-14 min,REVIEWED
PRED-00921,2026-09-03T05:27:00,AST-0330,AST-0181,Education,INITIAL_ACCESS,CREDENTIAL_ACCESS,0.934,83.4,8-14 min,ACTIVE
PRED-00922,2026-09-26T14:21:00,AST-0464,AST-0061,Defence,RECONNAISSANCE,INITIAL_ACCESS,0.794,69.4,30-60 min,ACTIVE
PRED-00923,2026-09-02T11:00:00,AST-0169,AST-0171,Healthcare,INITIAL_ACCESS,CREDENTIAL_ACCESS,0.804,70.4,8-14 min,RESOLVED
PRED-00924,2026-09-20T09:41:00,AST-0449,AST-0230,IT & ITES,RECONNAISSANCE,INITIAL_ACCESS,0.853,75.3,15-30 min,ACTIVE
PRED-00925,2026-09-22T19:45:00,AST-0365,AST-0170,Manufacturing,IMPACT,IMPACT,0.853,75.3,1-3 hr,ACTIVE
PRED-00926,2026-09-05T21:20:00,AST-0376,AST-0336,Manufacturing,RECONNAISSANCE,INITIAL_ACCESS,0.76,66.0,8-14 min,REVIEWED
PRED-00927,2026-09-14T22:48:00,AST-0184,AST-0329,Healthcare,LATERAL_MOVEMENT,EXFILTRATION,0.786,68.6,15-30 min,ACTIVE
PRED-00928,2026-09-18T14:56:00,AST-0485,AST-0135,Defence,IMPACT,IMPACT,0.841,74.1,30-60 min,ACTIVE
PRED-00929,2026-09-10T16:51:00,AST-0177,AST-0195,Healthcare,RECONNAISSANCE,INITIAL_ACCESS,0.708,60.8,30-60 min,RESOLVED
PRED-00930,2026-09-05T21:55:00,AST-0417,AST-0160,IT & ITES,IMPACT,IMPACT,0.773,67.3,15-30 min,REVIEWED
PRED-00931,2026-09-11T18:47:00,AST-0333,AST-0370,Education,CREDENTIAL_ACCESS,LATERAL_MOVEMENT,0.818,91.8,8-14 min,ACTIVE
PRED-00932,2026-09-26T22:57:00,AST-0309,AST-0183,Education,INITIAL_ACCESS,CREDENTIAL_ACCESS,0.903,80.3,1-3 hr,ACTIVE
PRED-00933,2026-09-26T02:38:00,AST-0481,AST-0476,Defence,LATERAL_MOVEMENT,EXFILTRATION,0.767,86.7,30-60 min,ACTIVE
PRED-00934,2026-09-16T15:47:00,AST-0268,AST-0205,Transport,EXECUTION,PERSISTENCE,0.746,64.6,15-30 min,REVIEWED
PRED-00935,2026-09-04T11:16:00,AST-0376,AST-0084,Manufacturing,CREDENTIAL_ACCESS,LATERAL_MOVEMENT,0.865,76.5,8-14 min,ACTIVE
PRED-00936,2026-09-25T21:36:00,AST-0410,AST-0397,IT & ITES,LATERAL_MOVEMENT,EXFILTRATION,0.825,72.5,15-30 min,RESOLVED
PRED-00937,2026-09-25T23:02:00,AST-0307,AST-0065,Education,RECONNAISSANCE,INITIAL_ACCESS,0.79,69.0,30-60 min,RESOLVED
PRED-00938,2026-09-12T15:47:00,AST-0186,AST-0056,Healthcare,CREDENTIAL_ACCESS,LATERAL_MOVEMENT,0.781,68.1,1-3 hr,RESOLVED
PRED-00939,2026-09-01T13:47:00,AST-0488,AST-0251,Defence,RECONNAISSANCE,INITIAL_ACCESS,0.807,90.7,30-60 min,ACTIVE
PRED-00940,2026-09-21T13:24:00,AST-0012,AST-0192,Government,EXECUTION,PERSISTENCE,0.908,80.8,8-14 min,RESOLVED
PRED-00941,2026-09-16T05:47:00,AST-0403,AST-0277,IT & ITES,CREDENTIAL_ACCESS,LATERAL_MOVEMENT,0.921,82.1,15-30 min,REVIEWED
PRED-00942,2026-09-25T09:51:00,AST-0394,AST-0041,Manufacturing,INITIAL_ACCESS,CREDENTIAL_ACCESS,0.864,76.4,1-3 hr,RESOLVED
PRED-00943,2026-09-12T13:19:00,AST-0069,AST-0013,Banking & Finance,INITIAL_ACCESS,CREDENTIAL_ACCESS,0.86,76.0,30-60 min,REVIEWED
PRED-00944,2026-09-17T03:26:00,AST-0170,AST-0158,Healthcare,EXECUTION,PERSISTENCE,0.902,99.0,30-60 min,ACTIVE
PRED-00945,2026-09-26T13:44:00,AST-0463,AST-0191,Defence,RECONNAISSANCE,INITIAL_ACCESS,0.794,69.4,30-60 min,RESOLVED
PRED-00946,2026-09-15T10:36:00,AST-0301,AST-0054,Education,CREDENTIAL_ACCESS,LATERAL_MOVEMENT,0.928,82.8,15-30 min,RESOLVED
PRED-00947,2026-09-22T12:41:00,AST-0238,AST-0147,Telecom,EXECUTION,PERSISTENCE,0.723,62.3,30-60 min,ACTIVE
PRED-00948,2026-09-17T03:18:00,AST-0320,AST-0053,Education,RECONNAISSANCE,INITIAL_ACCESS,0.768,66.8,1-3 hr,ACTIVE
PRED-00949,2026-09-10T21:31:00,AST-0428,AST-0448,IT & ITES,RECONNAISSANCE,INITIAL_ACCESS,0.751,65.1,8-14 min,RESOLVED
PRED-00950,2026-09-21T01:51:00,AST-0184,AST-0422,Healthcare,RECONNAISSANCE,INITIAL_ACCESS,0.766,66.6,30-60 min,ACTIVE
PRED-00951,2026-09-10T15:45:00,AST-0249,AST-0321,Telecom,INITIAL_ACCESS,CREDENTIAL_ACCESS,0.87,97.0,8-14 min,RESOLVED
PRED-00952,2026-09-21T17:07:00,AST-0422,AST-0260,IT & ITES,INITIAL_ACCESS,CREDENTIAL_ACCESS,0.9,99.0,8-14 min,REVIEWED
PRED-00953,2026-09-20T05:01:00,AST-0181,AST-0291,Healthcare,INITIAL_ACCESS,CREDENTIAL_ACCESS,0.9,80.0,30-60 min,ACTIVE
PRED-00954,2026-09-21T22:38:00,AST-0286,AST-0225,Transport,PERSISTENCE,LATERAL_MOVEMENT,0.783,68.3,15-30 min,ACTIVE
PRED-00955,2026-09-03T19:53:00,AST-0348,AST-0100,Education,INITIAL_ACCESS,CREDENTIAL_ACCESS,0.877,77.7,1-3 hr,RESOLVED
PRED-00956,2026-09-11T07:57:00,AST-0130,AST-0466,Power & Energy,PERSISTENCE,LATERAL_MOVEMENT,0.804,70.4,15-30 min,REVIEWED
PRED-00957,2026-09-19T05:45:00,AST-0154,AST-0169,Healthcare,RECONNAISSANCE,INITIAL_ACCESS,0.743,64.3,8-14 min,RESOLVED
PRED-00958,2026-09-13T23:41:00,AST-0038,AST-0189,Government,CREDENTIAL_ACCESS,LATERAL_MOVEMENT,0.786,68.6,8-14 min,RESOLVED
PRED-00959,2026-09-15T13:50:00,AST-0442,AST-0046,IT & ITES,INITIAL_ACCESS,CREDENTIAL_ACCESS,0.793,69.3,30-60 min,ACTIVE
PRED-00960,2026-09-21T12:00:00,AST-0479,AST-0271,Defence,LATERAL_MOVEMENT,EXFILTRATION,0.811,71.1,1-3 hr,ACTIVE
PRED-00961,2026-09-17T15:03:00,AST-0365,AST-0499,Manufacturing,RECONNAISSANCE,INITIAL_ACCESS,0.798,69.8,1-3 hr,ACTIVE
PRED-00962,2026-09-22T19:22:00,AST-0487,AST-0343,Defence,IMPACT,IMPACT,0.808,70.8,30-60 min,ACTIVE
PRED-00963,2026-09-20T14:21:00,AST-0239,AST-0241,Telecom,PERSISTENCE,LATERAL_MOVEMENT,0.919,81.9,30-60 min,REVIEWED
PRED-00964,2026-09-14T02:00:00,AST-0398,AST-0487,Manufacturing,RECONNAISSANCE,INITIAL_ACCESS,0.758,65.8,1-3 hr,ACTIVE
PRED-00965,2026-09-10T02:39:00,AST-0472,AST-0463,Defence,PERSISTENCE,LATERAL_MOVEMENT,0.861,76.1,8-14 min,RESOLVED
PRED-00966,2026-09-07T09:56:00,AST-0056,AST-0112,Banking & Finance,INITIAL_ACCESS,CREDENTIAL_ACCESS,0.879,77.9,8-14 min,REVIEWED
PRED-00967,2026-09-26T15:19:00,AST-0397,AST-0135,Manufacturing,IMPACT,IMPACT,0.809,70.9,8-14 min,RESOLVED
PRED-00968,2026-09-19T21:02:00,AST-0052,AST-0240,Banking & Finance,LATERAL_MOVEMENT,EXFILTRATION,0.779,67.9,8-14 min,REVIEWED
PRED-00969,2026-09-12T01:54:00,AST-0164,AST-0269,Healthcare,IMPACT,IMPACT,0.797,69.7,15-30 min,ACTIVE
PRED-00970,2026-09-20T15:21:00,AST-0090,AST-0318,Banking & Finance,EXECUTION,PERSISTENCE,0.852,75.2,30-60 min,REVIEWED
PRED-00971,2026-09-23T11:56:00,AST-0136,AST-0053,Power & Energy,LATERAL_MOVEMENT,EXFILTRATION,0.831,73.1,1-3 hr,ACTIVE
PRED-00972,2026-09-24T05:08:00,AST-0162,AST-0294,Healthcare,PERSISTENCE,LATERAL_MOVEMENT,0.736,63.6,1-3 hr,ACTIVE
PRED-00973,2026-09-08T05:33:00,AST-0254,AST-0455,Transport,PERSISTENCE,LATERAL_MOVEMENT,0.794,69.4,15-30 min,REVIEWED
PRED-00974,2026-09-20T19:34:00,AST-0001,AST-0050,Government,EXFILTRATION,IMPACT,0.718,61.8,30-60 min,RESOLVED
PRED-00975,2026-09-17T01:37:00,AST-0409,AST-0090,IT & ITES,EXFILTRATION,IMPACT,0.77,67.0,30-60 min,RESOLVED
PRED-00976,2026-09-15T22:55:00,AST-0200,AST-0341,Healthcare,LATERAL_MOVEMENT,EXFILTRATION,0.722,82.2,1-3 hr,ACTIVE
PRED-00977,2026-09-09T18:40:00,AST-0046,AST-0061,Government,INITIAL_ACCESS,CREDENTIAL_ACCESS,0.871,77.1,30-60 min,RESOLVED
PRED-00978,2026-09-04T12:44:00,AST-0123,AST-0223,Power & Energy,EXECUTION,PERSISTENCE,0.762,86.2,30-60 min,RESOLVED
PRED-00979,2026-09-27T02:50:00,AST-0273,AST-0042,Transport,CREDENTIAL_ACCESS,LATERAL_MOVEMENT,0.932,83.2,8-14 min,RESOLVED
PRED-00980,2026-09-08T02:27:00,AST-0251,AST-0131,Transport,LATERAL_MOVEMENT,EXFILTRATION,0.89,79.0,30-60 min,REVIEWED
PRED-00981,2026-09-12T03:53:00,AST-0180,AST-0352,Healthcare,LATERAL_MOVEMENT,EXFILTRATION,0.813,91.3,15-30 min,REVIEWED
PRED-00982,2026-09-05T13:41:00,AST-0292,AST-0364,Transport,RECONNAISSANCE,INITIAL_ACCESS,0.746,64.6,8-14 min,ACTIVE
PRED-00983,2026-09-27T20:43:00,AST-0070,AST-0278,Banking & Finance,RECONNAISSANCE,INITIAL_ACCESS,0.789,68.9,1-3 hr,ACTIVE
PRED-00984,2026-09-03T01:24:00,AST-0458,AST-0037,Defence,CREDENTIAL_ACCESS,LATERAL_MOVEMENT,0.854,75.4,1-3 hr,ACTIVE
PRED-00985,2026-09-20T13:59:00,AST-0182,AST-0069,Healthcare,PERSISTENCE,LATERAL_MOVEMENT,0.833,73.3,30-60 min,ACTIVE
PRED-00986,2026-09-23T05:39:00,AST-0030,AST-0201,Government,INITIAL_ACCESS,CREDENTIAL_ACCESS,0.819,71.9,30-60 min,ACTIVE
PRED-00987,2026-09-02T10:07:00,AST-0159,AST-0305,Healthcare,RECONNAISSANCE,INITIAL_ACCESS,0.844,74.4,1-3 hr,ACTIVE
PRED-00988,2026-09-16T14:46:00,AST-0231,AST-0334,Telecom,EXECUTION,PERSISTENCE,0.874,77.4,1-3 hr,REVIEWED
PRED-00989,2026-09-01T20:59:00,AST-0206,AST-0035,Telecom,LATERAL_MOVEMENT,EXFILTRATION,0.796,69.6,1-3 hr,ACTIVE
PRED-00990,2026-09-01T17:08:00,AST-0041,AST-0169,Government,IMPACT,IMPACT,0.843,74.3,30-60 min,REVIEWED
PRED-00991,2026-09-22T00:00:00,AST-0157,AST-0041,Healthcare,RECONNAISSANCE,INITIAL_ACCESS,0.733,63.3,8-14 min,RESOLVED
PRED-00992,2026-09-20T01:55:00,AST-0258,AST-0028,Transport,IMPACT,IMPACT,0.757,65.7,15-30 min,ACTIVE
PRED-00993,2026-09-26T06:05:00,AST-0048,AST-0356,Government,EXFILTRATION,IMPACT,0.757,65.7,15-30 min,ACTIVE
PRED-00994,2026-09-05T07:22:00,AST-0469,AST-0245,Defence,RECONNAISSANCE,INITIAL_ACCESS,0.841,74.1,30-60 min,ACTIVE
PRED-00995,2026-09-03T13:03:00,AST-0328,AST-0382,Education,INITIAL_ACCESS,CREDENTIAL_ACCESS,0.783,68.3,30-60 min,ACTIVE
PRED-00996,2026-09-05T03:46:00,AST-0075,AST-0127,Banking & Finance,CREDENTIAL_ACCESS,LATERAL_MOVEMENT,0.869,76.9,30-60 min,ACTIVE
PRED-00997,2026-09-05T12:36:00,AST-0353,AST-0140,Manufacturing,RECONNAISSANCE,INITIAL_ACCESS,0.822,72.2,1-3 hr,RESOLVED
PRED-00998,2026-09-05T06:42:00,AST-0098,AST-0456,Banking & Finance,LATERAL_MOVEMENT,EXFILTRATION,0.858,75.8,8-14 min,REVIEWED
PRED-00999,2026-09-20T09:48:00,AST-0413,AST-0321,IT & ITES,RECONNAISSANCE,INITIAL_ACCESS,0.749,84.9,8-14 min,REVIEWED
PRED-01000,2026-09-12T12:53:00,AST-0190,AST-0381,Healthcare,IMPACT,IMPACT,0.831,73.1,30-60 min,REVIEWED
PRED-01001,2026-09-01T16:13:00,AST-0211,AST-0443,Telecom,CREDENTIAL_ACCESS,LATERAL_MOVEMENT,0.852,75.2,30-60 min,RESOLVED
PRED-01002,2026-09-22T08:43:00,AST-0257,AST-0348,Transport,CREDENTIAL_ACCESS,LATERAL_MOVEMENT,0.886,78.6,30-60 min,RESOLVED
PRED-01003,2026-09-04T08:53:00,AST-0236,AST-0426,Telecom,IMPACT,IMPACT,0.934,83.4,30-60 min,RESOLVED
PRED-01004,2026-09-07T14:07:00,AST-0037,AST-0172,Government,LATERAL_MOVEMENT,EXFILTRATION,0.91,81.0,8-14 min,REVIEWED
PRED-01005,2026-09-19T19:43:00,AST-0141,AST-0027,Power & Energy,CREDENTIAL_ACCESS,LATERAL_MOVEMENT,0.939,83.9,1-3 hr,ACTIVE
PRED-01006,2026-09-20T13:35:00,AST-0328,AST-0312,Education,LATERAL_MOVEMENT,EXFILTRATION,0.697,59.7,30-60 min,RESOLVED
PRED-01007,2026-09-05T08:36:00,AST-0254,AST-0178,Transport,LATERAL_MOVEMENT,EXFILTRATION,0.652,55.2,8-14 min,RESOLVED
PRED-01008,2026-09-07T00:07:00,AST-0117,AST-0414,Power & Energy,EXECUTION,PERSISTENCE,0.772,67.2,1-3 hr,ACTIVE
PRED-01009,2026-09-21T03:42:00,AST-0085,AST-0363,Banking & Finance,INITIAL_ACCESS,CREDENTIAL_ACCESS,0.811,71.1,15-30 min,RESOLVED
PRED-01010,2026-09-17T09:47:00,AST-0117,AST-0234,Power & Energy,PERSISTENCE,LATERAL_MOVEMENT,0.816,71.6,8-14 min,ACTIVE
PRED-01011,2026-09-09T15:56:00,AST-0071,AST-0210,Banking & Finance,EXFILTRATION,IMPACT,0.732,63.2,15-30 min,ACTIVE
PRED-01012,2026-09-13T15:15:00,AST-0415,AST-0307,IT & ITES,LATERAL_MOVEMENT,EXFILTRATION,0.83,73.0,1-3 hr,REVIEWED
PRED-01013,2026-09-10T00:23:00,AST-0283,AST-0414,Transport,INITIAL_ACCESS,CREDENTIAL_ACCESS,0.695,59.5,30-60 min,REVIEWED
PRED-01014,2026-09-03T14:31:00,AST-0334,AST-0487,Education,RECONNAISSANCE,INITIAL_ACCESS,0.727,62.7,8-14 min,RESOLVED
PRED-01015,2026-09-23T08:49:00,AST-0369,AST-0105,Manufacturing,PERSISTENCE,LATERAL_MOVEMENT,0.842,74.2,1-3 hr,RESOLVED
PRED-01016,2026-09-02T07:12:00,AST-0107,AST-0191,Power & Energy,RECONNAISSANCE,INITIAL_ACCESS,0.751,65.1,8-14 min,REVIEWED
PRED-01017,2026-09-26T03:47:00,AST-0335,AST-0161,Education,INITIAL_ACCESS,CREDENTIAL_ACCESS,0.747,64.7,1-3 hr,RESOLVED
PRED-01018,2026-09-01T19:14:00,AST-0339,AST-0243,Education,EXFILTRATION,IMPACT,0.779,67.9,1-3 hr,ACTIVE
PRED-01019,2026-09-19T15:44:00,AST-0374,AST-0294,Manufacturing,INITIAL_ACCESS,CREDENTIAL_ACCESS,0.679,57.9,30-60 min,ACTIVE
PRED-01020,2026-09-09T09:32:00,AST-0488,AST-0181,Defence,RECONNAISSANCE,INITIAL_ACCESS,0.766,86.6,15-30 min,ACTIVE
PRED-01021,2026-09-26T20:23:00,AST-0061,AST-0223,Banking & Finance,EXFILTRATION,IMPACT,0.631,53.1,1-3 hr,REVIEWED
PRED-01022,2026-09-02T04:57:00,AST-0050,AST-0193,Government,RECONNAISSANCE,INITIAL_ACCESS,0.772,67.2,30-60 min,ACTIVE
PRED-01023,2026-09-02T17:41:00,AST-0333,AST-0391,Education,CREDENTIAL_ACCESS,LATERAL_MOVEMENT,0.799,89.9,30-60 min,RESOLVED
PRED-01024,2026-09-21T05:23:00,AST-0029,AST-0064,Government,LATERAL_MOVEMENT,EXFILTRATION,0.784,68.4,8-14 min,ACTIVE
PRED-01025,2026-09-14T01:52:00,AST-0174,AST-0342,Healthcare,INITIAL_ACCESS,CREDENTIAL_ACCESS,0.865,96.5,15-30 min,ACTIVE
PRED-01026,2026-09-21T07:50:00,AST-0247,AST-0047,Telecom,RECONNAISSANCE,INITIAL_ACCESS,0.858,95.8,1-3 hr,ACTIVE
PRED-01027,2026-09-25T12:11:00,AST-0162,AST-0147,Healthcare,RECONNAISSANCE,INITIAL_ACCESS,0.769,66.9,8-14 min,ACTIVE
PRED-01028,2026-09-22T06:52:00,AST-0006,AST-0044,Government,RECONNAISSANCE,INITIAL_ACCESS,0.85,75.0,8-14 min,ACTIVE
PRED-01029,2026-09-14T18:23:00,AST-0154,AST-0131,Healthcare,CREDENTIAL_ACCESS,LATERAL_MOVEMENT,0.873,77.3,15-30 min,RESOLVED
PRED-01030,2026-09-13T17:34:00,AST-0199,AST-0257,Healthcare,EXFILTRATION,IMPACT,0.715,81.5,30-60 min,REVIEWED
PRED-01031,2026-09-26T05:52:00,AST-0111,AST-0422,Power & Energy,RECONNAISSANCE,INITIAL_ACCESS,0.819,71.9,30-60 min,REVIEWED
PRED-01032,2026-09-21T01:12:00,AST-0426,AST-0350,IT & ITES,INITIAL_ACCESS,CREDENTIAL_ACCESS,0.631,53.1,1-3 hr,REVIEWED
PRED-01033,2026-09-21T02:26:00,AST-0375,AST-0111,Manufacturing,RECONNAISSANCE,INITIAL_ACCESS,0.73,63.0,1-3 hr,ACTIVE
PRED-01034,2026-09-27T12:17:00,AST-0335,AST-0184,Education,EXFILTRATION,IMPACT,0.709,60.9,8-14 min,RESOLVED
PRED-01035,2026-09-23T04:09:00,AST-0297,AST-0340,Transport,EXECUTION,PERSISTENCE,0.799,69.9,15-30 min,ACTIVE
PRED-01036,2026-09-07T16:54:00,AST-0231,AST-0230,Telecom,IMPACT,IMPACT,0.904,80.4,8-14 min,RESOLVED
PRED-01037,2026-09-09T22:20:00,AST-0492,AST-0380,Defence,IMPACT,IMPACT,0.826,72.6,8-14 min,RESOLVED
PRED-01038,2026-09-03T20:12:00,AST-0227,AST-0286,Telecom,EXECUTION,PERSISTENCE,0.798,69.8,15-30 min,RESOLVED
PRED-01039,2026-09-13T10:01:00,AST-0066,AST-0026,Banking & Finance,LATERAL_MOVEMENT,EXFILTRATION,0.737,63.7,15-30 min,ACTIVE
PRED-01040,2026-09-05T03:01:00,AST-0001,AST-0101,Government,LATERAL_MOVEMENT,EXFILTRATION,0.834,73.4,8-14 min,RESOLVED
PRED-01041,2026-09-06T15:14:00,AST-0216,AST-0422,Telecom,LATERAL_MOVEMENT,EXFILTRATION,0.834,93.4,15-30 min,RESOLVED
PRED-01042,2026-09-21T07:40:00,AST-0104,AST-0260,Power & Energy,CREDENTIAL_ACCESS,LATERAL_MOVEMENT,0.815,71.5,1-3 hr,ACTIVE
PRED-01043,2026-09-16T04:20:00,AST-0073,AST-0299,Banking & Finance,IMPACT,IMPACT,0.68,58.0,30-60 min,ACTIVE
PRED-01044,2026-09-04T05:02:00,AST-0019,AST-0207,Government,LATERAL_MOVEMENT,EXFILTRATION,0.764,66.4,1-3 hr,ACTIVE
PRED-01045,2026-09-17T18:00:00,AST-0324,AST-0085,Education,CREDENTIAL_ACCESS,LATERAL_MOVEMENT,0.829,72.9,30-60 min,REVIEWED
PRED-01046,2026-09-21T12:01:00,AST-0044,AST-0104,Government,PERSISTENCE,LATERAL_MOVEMENT,0.824,72.4,30-60 min,ACTIVE
PRED-01047,2026-09-01T07:20:00,AST-0403,AST-0293,IT & ITES,INITIAL_ACCESS,CREDENTIAL_ACCESS,0.902,80.2,8-14 min,ACTIVE
PRED-01048,2026-09-15T02:05:00,AST-0194,AST-0139,Healthcare,RECONNAISSANCE,INITIAL_ACCESS,0.749,64.9,15-30 min,ACTIVE
PRED-01049,2026-09-23T02:07:00,AST-0202,AST-0429,Telecom,PERSISTENCE,LATERAL_MOVEMENT,0.869,76.9,1-3 hr,RESOLVED
PRED-01050,2026-09-26T18:16:00,AST-0044,AST-0450,Government,RECONNAISSANCE,INITIAL_ACCESS,0.731,63.1,8-14 min,ACTIVE
PRED-01051,2026-09-16T06:04:00,AST-0399,AST-0249,Manufacturing,INITIAL_ACCESS,CREDENTIAL_ACCESS,0.774,87.4,30-60 min,RESOLVED
PRED-01052,2026-09-05T21:42:00,AST-0138,AST-0223,Power & Energy,INITIAL_ACCESS,CREDENTIAL_ACCESS,0.697,59.7,30-60 min,RESOLVED
PRED-01053,2026-09-17T17:36:00,AST-0389,AST-0008,Manufacturing,LATERAL_MOVEMENT,EXFILTRATION,0.777,67.7,30-60 min,ACTIVE
PRED-01054,2026-09-06T07:07:00,AST-0038,AST-0384,Government,CREDENTIAL_ACCESS,LATERAL_MOVEMENT,0.83,73.0,30-60 min,ACTIVE
PRED-01055,2026-09-05T18:57:00,AST-0435,AST-0058,IT & ITES,EXFILTRATION,IMPACT,0.783,68.3,15-30 min,ACTIVE
PRED-01056,2026-09-21T16:51:00,AST-0045,AST-0296,Government,CREDENTIAL_ACCESS,LATERAL_MOVEMENT,0.821,72.1,1-3 hr,REVIEWED
PRED-01057,2026-09-08T18:24:00,AST-0306,AST-0176,Education,LATERAL_MOVEMENT,EXFILTRATION,0.939,83.9,30-60 min,ACTIVE
PRED-01058,2026-09-03T11:04:00,AST-0255,AST-0024,Transport,INITIAL_ACCESS,CREDENTIAL_ACCESS,0.841,74.1,30-60 min,ACTIVE
PRED-01059,2026-09-19T18:44:00,AST-0450,AST-0258,IT & ITES,CREDENTIAL_ACCESS,LATERAL_MOVEMENT,0.753,65.3,1-3 hr,ACTIVE
PRED-01060,2026-09-22T18:48:00,AST-0231,AST-0443,Telecom,CREDENTIAL_ACCESS,LATERAL_MOVEMENT,0.861,76.1,1-3 hr,RESOLVED
PRED-01061,2026-09-11T13:06:00,AST-0092,AST-0238,Banking & Finance,PERSISTENCE,LATERAL_MOVEMENT,0.854,75.4,15-30 min,ACTIVE
PRED-01062,2026-09-24T04:42:00,AST-0101,AST-0378,Power & Energy,EXFILTRATION,IMPACT,0.722,62.2,8-14 min,RESOLVED
PRED-01063,2026-09-02T19:04:00,AST-0235,AST-0341,Telecom,RECONNAISSANCE,INITIAL_ACCESS,0.708,80.8,8-14 min,REVIEWED
PRED-01064,2026-09-23T19:59:00,AST-0325,AST-0081,Education,INITIAL_ACCESS,CREDENTIAL_ACCESS,0.811,71.1,1-3 hr,RESOLVED
PRED-01065,2026-09-10T04:46:00,AST-0199,AST-0140,Healthcare,IMPACT,IMPACT,0.89,99.0,8-14 min,REVIEWED
PRED-01066,2026-09-17T09:18:00,AST-0497,AST-0463,Defence,LATERAL_MOVEMENT,EXFILTRATION,0.746,84.6,15-30 min,ACTIVE
PRED-01067,2026-09-18T06:02:00,AST-0215,AST-0097,Telecom,RECONNAISSANCE,INITIAL_ACCESS,0.755,65.5,8-14 min,RESOLVED
PRED-01068,2026-09-05T23:48:00,AST-0265,AST-0265,Transport,INITIAL_ACCESS,CREDENTIAL_ACCESS,0.72,62.0,15-30 min,RESOLVED
PRED-01069,2026-09-14T08:51:00,AST-0437,AST-0395,IT & ITES,CREDENTIAL_ACCESS,LATERAL_MOVEMENT,0.925,82.5,30-60 min,RESOLVED
PRED-01070,2026-09-01T09:43:00,AST-0120,AST-0489,Power & Energy,RECONNAISSANCE,INITIAL_ACCESS,0.846,74.6,8-14 min,REVIEWED
PRED-01071,2026-09-08T17:54:00,AST-0135,AST-0314,Power & Energy,INITIAL_ACCESS,CREDENTIAL_ACCESS,0.826,72.6,1-3 hr,REVIEWED
PRED-01072,2026-09-03T09:50:00,AST-0040,AST-0247,Government,CREDENTIAL_ACCESS,LATERAL_MOVEMENT,0.917,81.7,8-14 min,RESOLVED
PRED-01073,2026-09-04T23:15:00,AST-0188,AST-0337,Healthcare,RECONNAISSANCE,INITIAL_ACCESS,0.746,64.6,1-3 hr,ACTIVE
PRED-01074,2026-09-17T22:11:00,AST-0424,AST-0238,IT & ITES,CREDENTIAL_ACCESS,LATERAL_MOVEMENT,0.894,79.4,1-3 hr,RESOLVED
PRED-01075,2026-09-06T04:05:00,AST-0124,AST-0030,Power & Energy,EXECUTION,PERSISTENCE,0.943,84.3,8-14 min,ACTIVE
PRED-01076,2026-09-01T12:14:00,AST-0470,AST-0029,Defence,INITIAL_ACCESS,CREDENTIAL_ACCESS,0.694,59.4,15-30 min,ACTIVE
PRED-01077,2026-09-19T02:22:00,AST-0276,AST-0466,Transport,EXFILTRATION,IMPACT,0.703,60.3,8-14 min,REVIEWED
PRED-01078,2026-09-26T12:58:00,AST-0456,AST-0457,Defence,RECONNAISSANCE,INITIAL_ACCESS,0.719,61.9,15-30 min,ACTIVE
PRED-01079,2026-09-03T06:17:00,AST-0259,AST-0285,Transport,INITIAL_ACCESS,CREDENTIAL_ACCESS,0.861,76.1,8-14 min,RESOLVED
PRED-01080,2026-09-03T02:20:00,AST-0354,AST-0481,Manufacturing,PERSISTENCE,LATERAL_MOVEMENT,0.875,77.5,1-3 hr,RESOLVED
PRED-01081,2026-09-03T00:00:00,AST-0114,AST-0165,Power & Energy,EXECUTION,PERSISTENCE,0.878,77.8,30-60 min,REVIEWED
PRED-01082,2026-09-04T08:37:00,AST-0292,AST-0101,Transport,RECONNAISSANCE,INITIAL_ACCESS,0.77,67.0,30-60 min,RESOLVED
PRED-01083,2026-09-10T12:16:00,AST-0415,AST-0121,IT & ITES,RECONNAISSANCE,INITIAL_ACCESS,0.826,72.6,30-60 min,RESOLVED
PRED-01084,2026-09-23T21:21:00,AST-0130,AST-0344,Power & Energy,CREDENTIAL_ACCESS,LATERAL_MOVEMENT,0.864,76.4,15-30 min,REVIEWED
PRED-01085,2026-09-22T08:59:00,AST-0059,AST-0357,Banking & Finance,RECONNAISSANCE,INITIAL_ACCESS,0.867,96.7,8-14 min,ACTIVE
PRED-01086,2026-09-24T05:38:00,AST-0035,AST-0221,Government,EXECUTION,PERSISTENCE,0.858,75.8,15-30 min,REVIEWED
PRED-01087,2026-09-25T06:37:00,AST-0351,AST-0425,Manufacturing,RECONNAISSANCE,INITIAL_ACCESS,0.644,54.4,30-60 min,ACTIVE
PRED-01088,2026-09-11T15:54:00,AST-0093,AST-0451,Banking & Finance,RECONNAISSANCE,INITIAL_ACCESS,0.771,87.1,8-14 min,ACTIVE
PRED-01089,2026-09-03T09:02:00,AST-0328,AST-0428,Education,RECONNAISSANCE,INITIAL_ACCESS,0.76,66.0,1-3 hr,RESOLVED
PRED-01090,2026-09-01T11:10:00,AST-0043,AST-0435,Government,EXECUTION,PERSISTENCE,0.875,77.5,1-3 hr,ACTIVE
PRED-01091,2026-09-26T19:04:00,AST-0423,AST-0435,IT & ITES,EXFILTRATION,IMPACT,0.784,68.4,1-3 hr,ACTIVE
PRED-01092,2026-09-05T09:06:00,AST-0198,AST-0035,Healthcare,EXECUTION,PERSISTENCE,0.881,78.1,30-60 min,REVIEWED
PRED-01093,2026-09-18T13:21:00,AST-0345,AST-0359,Education,IMPACT,IMPACT,0.905,80.5,15-30 min,ACTIVE
PRED-01094,2026-09-21T23:07:00,AST-0281,AST-0316,Transport,INITIAL_ACCESS,CREDENTIAL_ACCESS,0.786,88.6,8-14 min,REVIEWED
PRED-01095,2026-09-22T10:37:00,AST-0277,AST-0365,Transport,INITIAL_ACCESS,CREDENTIAL_ACCESS,0.809,90.9,8-14 min,ACTIVE
PRED-01096,2026-09-18T15:41:00,AST-0495,AST-0151,Defence,RECONNAISSANCE,INITIAL_ACCESS,0.771,67.1,1-3 hr,ACTIVE
PRED-01097,2026-09-18T13:36:00,AST-0298,AST-0336,Transport,PERSISTENCE,LATERAL_MOVEMENT,0.887,78.7,30-60 min,RESOLVED
PRED-01098,2026-09-26T06:24:00,AST-0104,AST-0363,Power & Energy,LATERAL_MOVEMENT,EXFILTRATION,0.843,74.3,1-3 hr,ACTIVE
PRED-01099,2026-09-22T22:47:00,AST-0407,AST-0026,IT & ITES,EXECUTION,PERSISTENCE,0.836,73.6,30-60 min,REVIEWED
PRED-01100,2026-09-25T17:34:00,AST-0209,AST-0023,Telecom,LATERAL_MOVEMENT,EXFILTRATION,0.77,67.0,8-14 min,ACTIVE
PRED-01101,2026-09-15T12:38:00,AST-0300,AST-0178,Transport,INITIAL_ACCESS,CREDENTIAL_ACCESS,0.807,70.7,1-3 hr,ACTIVE
PRED-01102,2026-09-14T02:03:00,AST-0199,AST-0221,Healthcare,LATERAL_MOVEMENT,EXFILTRATION,0.796,89.6,8-14 min,ACTIVE
PRED-01103,2026-09-07T05:19:00,AST-0151,AST-0142,Healthcare,CREDENTIAL_ACCESS,LATERAL_MOVEMENT,0.886,78.6,30-60 min,ACTIVE
PRED-01104,2026-09-06T02:09:00,AST-0376,AST-0046,Manufacturing,IMPACT,IMPACT,0.743,64.3,8-14 min,ACTIVE
PRED-01105,2026-09-26T06:56:00,AST-0369,AST-0365,Manufacturing,PERSISTENCE,LATERAL_MOVEMENT,0.729,62.9,30-60 min,REVIEWED
PRED-01106,2026-09-26T08:50:00,AST-0406,AST-0099,IT & ITES,EXFILTRATION,IMPACT,0.749,64.9,8-14 min,REVIEWED
PRED-01107,2026-09-20T06:37:00,AST-0153,AST-0466,Healthcare,INITIAL_ACCESS,CREDENTIAL_ACCESS,0.784,68.4,1-3 hr,RESOLVED
PRED-01108,2026-09-07T10:24:00,AST-0484,AST-0375,Defence,INITIAL_ACCESS,CREDENTIAL_ACCESS,0.869,76.9,8-14 min,ACTIVE
PRED-01109,2026-09-09T05:39:00,AST-0477,AST-0059,Defence,LATERAL_MOVEMENT,EXFILTRATION,0.71,61.0,15-30 min,RESOLVED
PRED-01110,2026-09-10T17:05:00,AST-0038,AST-0229,Government,CREDENTIAL_ACCESS,LATERAL_MOVEMENT,0.785,68.5,8-14 min,ACTIVE
PRED-01111,2026-09-10T17:09:00,AST-0013,AST-0007,Government,LATERAL_MOVEMENT,EXFILTRATION,0.747,64.7,8-14 min,RESOLVED
PRED-01112,2026-09-08T09:09:00,AST-0484,AST-0224,Defence,RECONNAISSANCE,INITIAL_ACCESS,0.806,70.6,30-60 min,REVIEWED
PRED-01113,2026-09-14T10:02:00,AST-0279,AST-0018,Transport,INITIAL_ACCESS,CREDENTIAL_ACCESS,0.855,75.5,8-14 min,REVIEWED
PRED-01114,2026-09-25T02:58:00,AST-0140,AST-0264,Power & Energy,IMPACT,IMPACT,0.754,65.4,15-30 min,RESOLVED
PRED-01115,2026-09-12T02:45:00,AST-0216,AST-0036,Telecom,IMPACT,IMPACT,0.785,88.5,1-3 hr,REVIEWED
PRED-01116,2026-09-13T05:34:00,AST-0267,AST-0488,Transport,RECONNAISSANCE,INITIAL_ACCESS,0.745,84.5,8-14 min,ACTIVE
PRED-01117,2026-09-16T00:26:00,AST-0235,AST-0452,Telecom,CREDENTIAL_ACCESS,LATERAL_MOVEMENT,0.835,93.5,8-14 min,REVIEWED
PRED-01118,2026-09-19T03:05:00,AST-0331,AST-0401,Education,IMPACT,IMPACT,0.858,95.8,8-14 min,ACTIVE
PRED-01119,2026-09-25T08:23:00,AST-0466,AST-0325,Defence,INITIAL_ACCESS,CREDENTIAL_ACCESS,0.779,67.9,15-30 min,ACTIVE
PRED-01120,2026-09-25T06:37:00,AST-0482,AST-0404,Defence,CREDENTIAL_ACCESS,LATERAL_MOVEMENT,0.822,72.2,15-30 min,REVIEWED
PRED-01121,2026-09-27T17:05:00,AST-0236,AST-0200,Telecom,EXECUTION,PERSISTENCE,0.767,66.7,15-30 min,ACTIVE
PRED-01122,2026-09-06T00:51:00,AST-0247,AST-0278,Telecom,RECONNAISSANCE,INITIAL_ACCESS,0.76,86.0,30-60 min,RESOLVED
PRED-01123,2026-09-03T10:45:00,AST-0279,AST-0159,Transport,IMPACT,IMPACT,0.774,67.4,8-14 min,ACTIVE
PRED-01124,2026-09-26T05:34:00,AST-0489,AST-0189,Defence,EXFILTRATION,IMPACT,0.765,86.5,30-60 min,ACTIVE
PRED-01125,2026-09-13T07:13:00,AST-0167,AST-0088,Healthcare,EXECUTION,PERSISTENCE,0.961,86.1,30-60 min,REVIEWED
PRED-01126,2026-09-11T13:44:00,AST-0463,AST-0315,Defence,RECONNAISSANCE,INITIAL_ACCESS,0.734,63.4,15-30 min,RESOLVED
PRED-01127,2026-09-23T21:26:00,AST-0096,AST-0488,Banking & Finance,RECONNAISSANCE,INITIAL_ACCESS,0.736,63.6,1-3 hr,ACTIVE
PRED-01128,2026-09-26T19:13:00,AST-0352,AST-0447,Manufacturing,LATERAL_MOVEMENT,EXFILTRATION,0.724,82.4,30-60 min,ACTIVE
PRED-01129,2026-09-12T05:27:00,AST-0329,AST-0428,Education,RECONNAISSANCE,INITIAL_ACCESS,0.871,77.1,8-14 min,RESOLVED
PRED-01130,2026-09-01T11:27:00,AST-0483,AST-0348,Defence,PERSISTENCE,LATERAL_MOVEMENT,0.924,82.4,1-3 hr,REVIEWED
PRED-01131,2026-09-20T01:04:00,AST-0392,AST-0341,Manufacturing,CREDENTIAL_ACCESS,LATERAL_MOVEMENT,0.871,77.1,1-3 hr,RESOLVED
PRED-01132,2026-09-21T18:39:00,AST-0087,AST-0446,Banking & Finance,PERSISTENCE,LATERAL_MOVEMENT,0.886,78.6,15-30 min,ACTIVE
PRED-01133,2026-09-09T15:00:00,AST-0259,AST-0098,Transport,INITIAL_ACCESS,CREDENTIAL_ACCESS,0.775,67.5,15-30 min,ACTIVE
PRED-01134,2026-09-20T12:32:00,AST-0455,AST-0348,Defence,INITIAL_ACCESS,CREDENTIAL_ACCESS,0.754,65.4,30-60 min,REVIEWED
PRED-01135,2026-09-14T20:08:00,AST-0047,AST-0390,Government,LATERAL_MOVEMENT,EXFILTRATION,0.821,72.1,15-30 min,REVIEWED
PRED-01136,2026-09-21T14:14:00,AST-0197,AST-0421,Healthcare,EXECUTION,PERSISTENCE,0.926,82.6,30-60 min,ACTIVE
PRED-01137,2026-09-24T21:03:00,AST-0387,AST-0143,Manufacturing,RECONNAISSANCE,INITIAL_ACCESS,0.726,62.6,15-30 min,REVIEWED
PRED-01138,2026-09-15T01:17:00,AST-0481,AST-0497,Defence,CREDENTIAL_ACCESS,LATERAL_MOVEMENT,0.853,95.3,8-14 min,RESOLVED
PRED-01139,2026-09-27T14:07:00,AST-0268,AST-0458,Transport,EXFILTRATION,IMPACT,0.716,61.6,1-3 hr,REVIEWED
PRED-01140,2026-09-12T19:50:00,AST-0171,AST-0180,Healthcare,PERSISTENCE,LATERAL_MOVEMENT,0.76,66.0,30-60 min,REVIEWED
PRED-01141,2026-09-07T04:57:00,AST-0401,AST-0135,IT & ITES,CREDENTIAL_ACCESS,LATERAL_MOVEMENT,0.911,81.1,8-14 min,REVIEWED
PRED-01142,2026-09-12T22:04:00,AST-0228,AST-0353,Telecom,LATERAL_MOVEMENT,EXFILTRATION,0.881,78.1,1-3 hr,RESOLVED
PRED-01143,2026-09-11T20:04:00,AST-0322,AST-0153,Education,LATERAL_MOVEMENT,EXFILTRATION,0.834,73.4,30-60 min,ACTIVE
PRED-01144,2026-09-17T19:02:00,AST-0447,AST-0409,IT & ITES,RECONNAISSANCE,INITIAL_ACCESS,0.765,66.5,1-3 hr,ACTIVE
PRED-01145,2026-09-20T06:51:00,AST-0105,AST-0284,Power & Energy,IMPACT,IMPACT,0.799,69.9,30-60 min,REVIEWED
PRED-01146,2026-09-12T06:44:00,AST-0286,AST-0304,Transport,PERSISTENCE,LATERAL_MOVEMENT,0.901,80.1,1-3 hr,REVIEWED
PRED-01147,2026-09-20T10:19:00,AST-0413,AST-0213,IT & ITES,CREDENTIAL_ACCESS,LATERAL_MOVEMENT,0.844,94.4,8-14 min,ACTIVE
PRED-01148,2026-09-10T21:50:00,AST-0147,AST-0165,Power & Energy,CREDENTIAL_ACCESS,LATERAL_MOVEMENT,0.857,75.7,8-14 min,RESOLVED
PRED-01149,2026-09-17T21:31:00,AST-0249,AST-0109,Telecom,PERSISTENCE,LATERAL_MOVEMENT,0.863,96.3,30-60 min,ACTIVE
PRED-01150,2026-09-06T08:44:00,AST-0072,AST-0496,Banking & Finance,INITIAL_ACCESS,CREDENTIAL_ACCESS,0.831,73.1,8-14 min,RESOLVED
PRED-01151,2026-09-21T19:52:00,AST-0106,AST-0472,Power & Energy,LATERAL_MOVEMENT,EXFILTRATION,0.742,64.2,15-30 min,RESOLVED
PRED-01152,2026-09-02T18:47:00,AST-0124,AST-0069,Power & Energy,IMPACT,IMPACT,0.822,72.2,15-30 min,ACTIVE
PRED-01153,2026-09-06T20:57:00,AST-0095,AST-0087,Banking & Finance,PERSISTENCE,LATERAL_MOVEMENT,0.892,79.2,1-3 hr,RESOLVED
PRED-01154,2026-09-27T13:14:00,AST-0235,AST-0022,Telecom,EXECUTION,PERSISTENCE,0.751,85.1,15-30 min,ACTIVE
PRED-01155,2026-09-19T00:45:00,AST-0371,AST-0023,Manufacturing,RECONNAISSANCE,INITIAL_ACCESS,0.667,56.7,30-60 min,RESOLVED
PRED-01156,2026-09-17T15:21:00,AST-0192,AST-0175,Healthcare,PERSISTENCE,LATERAL_MOVEMENT,0.871,77.1,1-3 hr,RESOLVED
PRED-01157,2026-09-20T14:47:00,AST-0444,AST-0048,IT & ITES,CREDENTIAL_ACCESS,LATERAL_MOVEMENT,0.836,73.6,15-30 min,ACTIVE
PRED-01158,2026-09-20T13:29:00,AST-0404,AST-0384,IT & ITES,LATERAL_MOVEMENT,EXFILTRATION,0.818,71.8,1-3 hr,ACTIVE
PRED-01159,2026-09-05T07:41:00,AST-0231,AST-0262,Telecom,LATERAL_MOVEMENT,EXFILTRATION,0.852,75.2,1-3 hr,REVIEWED
PRED-01160,2026-09-13T16:13:00,AST-0379,AST-0255,Manufacturing,CREDENTIAL_ACCESS,LATERAL_MOVEMENT,0.886,78.6,1-3 hr,REVIEWED
PRED-01161,2026-09-11T09:58:00,AST-0178,AST-0441,Healthcare,EXECUTION,PERSISTENCE,0.876,97.6,30-60 min,ACTIVE
PRED-01162,2026-09-26T18:17:00,AST-0380,AST-0243,Manufacturing,CREDENTIAL_ACCESS,LATERAL_MOVEMENT,0.855,75.5,15-30 min,ACTIVE
PRED-01163,2026-09-19T21:43:00,AST-0014,AST-0235,Government,LATERAL_MOVEMENT,EXFILTRATION,0.783,68.3,1-3 hr,RESOLVED
PRED-01164,2026-09-02T14:35:00,AST-0302,AST-0158,Education,PERSISTENCE,LATERAL_MOVEMENT,0.756,85.6,8-14 min,ACTIVE
PRED-01165,2026-09-02T22:39:00,AST-0132,AST-0232,Power & Energy,INITIAL_ACCESS,CREDENTIAL_ACCESS,0.858,75.8,8-14 min,ACTIVE
PRED-01166,2026-09-27T07:19:00,AST-0273,AST-0262,Transport,PERSISTENCE,LATERAL_MOVEMENT,0.746,64.6,30-60 min,ACTIVE
PRED-01167,2026-09-16T01:55:00,AST-0047,AST-0336,Government,EXFILTRATION,IMPACT,0.744,64.4,15-30 min,RESOLVED
PRED-01168,2026-09-12T08:18:00,AST-0017,AST-0428,Government,CREDENTIAL_ACCESS,LATERAL_MOVEMENT,0.806,70.6,30-60 min,ACTIVE
PRED-01169,2026-09-19T13:40:00,AST-0226,AST-0166,Telecom,PERSISTENCE,LATERAL_MOVEMENT,0.957,85.7,30-60 min,ACTIVE
PRED-01170,2026-09-14T21:58:00,AST-0222,AST-0271,Telecom,RECONNAISSANCE,INITIAL_ACCESS,0.776,67.6,15-30 min,RESOLVED
PRED-01171,2026-09-11T04:53:00,AST-0303,AST-0495,Education,PERSISTENCE,LATERAL_MOVEMENT,0.804,70.4,15-30 min,RESOLVED
PRED-01172,2026-09-05T21:02:00,AST-0077,AST-0150,Banking & Finance,RECONNAISSANCE,INITIAL_ACCESS,0.722,82.2,15-30 min,ACTIVE
PRED-01173,2026-09-17T07:03:00,AST-0206,AST-0227,Telecom,INITIAL_ACCESS,CREDENTIAL_ACCESS,0.713,61.3,8-14 min,ACTIVE
PRED-01174,2026-09-04T13:01:00,AST-0096,AST-0122,Banking & Finance,INITIAL_ACCESS,CREDENTIAL_ACCESS,0.823,72.3,30-60 min,ACTIVE
PRED-01175,2026-09-26T07:51:00,AST-0253,AST-0374,Transport,CREDENTIAL_ACCESS,LATERAL_MOVEMENT,0.882,78.2,30-60 min,ACTIVE
PRED-01176,2026-09-08T08:17:00,AST-0240,AST-0322,Telecom,CREDENTIAL_ACCESS,LATERAL_MOVEMENT,0.877,77.7,1-3 hr,REVIEWED
PRED-01177,2026-09-25T20:34:00,AST-0302,AST-0138,Education,EXECUTION,PERSISTENCE,0.867,96.7,8-14 min,REVIEWED
PRED-01178,2026-09-14T22:12:00,AST-0391,AST-0104,Manufacturing,INITIAL_ACCESS,CREDENTIAL_ACCESS,0.79,69.0,15-30 min,ACTIVE
PRED-01179,2026-09-01T01:56:00,AST-0488,AST-0086,Defence,CREDENTIAL_ACCESS,LATERAL_MOVEMENT,0.791,89.1,1-3 hr,RESOLVED
PRED-01180,2026-09-07T00:49:00,AST-0404,AST-0340,IT & ITES,INITIAL_ACCESS,CREDENTIAL_ACCESS,0.823,72.3,30-60 min,ACTIVE
PRED-01181,2026-09-25T10:45:00,AST-0408,AST-0449,IT & ITES,CREDENTIAL_ACCESS,LATERAL_MOVEMENT,0.867,76.7,8-14 min,ACTIVE
PRED-01182,2026-09-04T16:04:00,AST-0494,AST-0007,Defence,EXFILTRATION,IMPACT,0.74,84.0,1-3 hr,REVIEWED
PRED-01183,2026-09-18T19:24:00,AST-0272,AST-0056,Transport,EXECUTION,PERSISTENCE,0.828,72.8,1-3 hr,REVIEWED
PRED-01184,2026-09-08T05:51:00,AST-0422,AST-0061,IT & ITES,EXECUTION,PERSISTENCE,0.887,98.7,15-30 min,ACTIVE
PRED-01185,2026-09-11T12:42:00,AST-0427,AST-0444,IT & ITES,IMPACT,IMPACT,0.808,70.8,1-3 hr,REVIEWED
PRED-01186,2026-09-16T23:53:00,AST-0038,AST-0287,Government,PERSISTENCE,LATERAL_MOVEMENT,0.944,84.4,30-60 min,RESOLVED
PRED-01187,2026-09-14T14:36:00,AST-0448,AST-0266,IT & ITES,IMPACT,IMPACT,0.807,90.7,1-3 hr,ACTIVE
PRED-01188,2026-09-03T17:41:00,AST-0208,AST-0305,Telecom,CREDENTIAL_ACCESS,LATERAL_MOVEMENT,0.81,71.0,15-30 min,REVIEWED
PRED-01189,2026-09-09T23:53:00,AST-0392,AST-0109,Manufacturing,INITIAL_ACCESS,CREDENTIAL_ACCESS,0.84,74.0,1-3 hr,REVIEWED
PRED-01190,2026-09-12T11:38:00,AST-0486,AST-0439,Defence,LATERAL_MOVEMENT,EXFILTRATION,0.846,74.6,30-60 min,ACTIVE
PRED-01191,2026-09-15T06:51:00,AST-0154,AST-0480,Healthcare,EXFILTRATION,IMPACT,0.726,62.6,1-3 hr,ACTIVE
PRED-01192,2026-09-14T18:57:00,AST-0167,AST-0182,Healthcare,PERSISTENCE,LATERAL_MOVEMENT,0.779,67.9,8-14 min,RESOLVED
PRED-01193,2026-09-14T15:37:00,AST-0387,AST-0010,Manufacturing,INITIAL_ACCESS,CREDENTIAL_ACCESS,0.887,78.7,30-60 min,ACTIVE
PRED-01194,2026-09-17T14:11:00,AST-0229,AST-0268,Telecom,EXECUTION,PERSISTENCE,0.851,75.1,8-14 min,RESOLVED
PRED-01195,2026-09-14T12:33:00,AST-0284,AST-0303,Transport,PERSISTENCE,LATERAL_MOVEMENT,0.77,67.0,8-14 min,ACTIVE
PRED-01196,2026-09-23T17:36:00,AST-0448,AST-0385,IT & ITES,IMPACT,IMPACT,0.779,87.9,15-30 min,RESOLVED
PRED-01197,2026-09-27T17:34:00,AST-0070,AST-0025,Banking & Finance,RECONNAISSANCE,INITIAL_ACCESS,0.697,59.7,1-3 hr,ACTIVE
PRED-01198,2026-09-16T08:06:00,AST-0018,AST-0417,Government,INITIAL_ACCESS,CREDENTIAL_ACCESS,0.807,90.7,1-3 hr,RESOLVED
PRED-01199,2026-09-26T03:24:00,AST-0178,AST-0389,Healthcare,IMPACT,IMPACT,0.814,91.4,1-3 hr,ACTIVE
PRED-01200,2026-09-24T08:18:00,AST-0449,AST-0461,IT & ITES,PERSISTENCE,LATERAL_MOVEMENT,0.78,68.0,8-14 min,REVIEWED
PRED-01201,2026-09-24T22:56:00,AST-0274,AST-0300,Transport,EXECUTION,PERSISTENCE,0.789,68.9,1-3 hr,ACTIVE
PRED-01202,2026-09-06T06:12:00,AST-0046,AST-0343,Government,INITIAL_ACCESS,CREDENTIAL_ACCESS,0.869,76.9,1-3 hr,ACTIVE
PRED-01203,2026-09-12T13:13:00,AST-0135,AST-0176,Power & Energy,INITIAL_ACCESS,CREDENTIAL_ACCESS,0.795,69.5,8-14 min,ACTIVE
PRED-01204,2026-09-16T14:41:00,AST-0403,AST-0155,IT & ITES,CREDENTIAL_ACCESS,LATERAL_MOVEMENT,0.846,74.6,15-30 min,ACTIVE
PRED-01205,2026-09-10T01:45:00,AST-0370,AST-0107,Manufacturing,EXECUTION,PERSISTENCE,0.855,75.5,30-60 min,ACTIVE
PRED-01206,2026-09-26T22:43:00,AST-0140,AST-0313,Power & Energy,INITIAL_ACCESS,CREDENTIAL_ACCESS,0.838,73.8,30-60 min,REVIEWED
PRED-01207,2026-09-12T14:45:00,AST-0335,AST-0186,Education,RECONNAISSANCE,INITIAL_ACCESS,0.759,65.9,15-30 min,ACTIVE
PRED-01208,2026-09-01T13:02:00,AST-0425,AST-0339,IT & ITES,RECONNAISSANCE,INITIAL_ACCESS,0.846,74.6,1-3 hr,ACTIVE
PRED-01209,2026-09-14T03:19:00,AST-0453,AST-0472,Defence,EXECUTION,PERSISTENCE,0.744,84.4,15-30 min,RESOLVED
PRED-01210,2026-09-22T08:32:00,AST-0244,AST-0052,Telecom,RECONNAISSANCE,INITIAL_ACCESS,0.845,94.5,1-3 hr,ACTIVE
PRED-01211,2026-09-03T08:37:00,AST-0419,AST-0477,IT & ITES,CREDENTIAL_ACCESS,LATERAL_MOVEMENT,0.904,80.4,8-14 min,RESOLVED
PRED-01212,2026-09-25T17:15:00,AST-0498,AST-0073,Defence,EXECUTION,PERSISTENCE,0.862,76.2,8-14 min,REVIEWED
PRED-01213,2026-09-05T23:40:00,AST-0319,AST-0179,Education,IMPACT,IMPACT,0.769,66.9,8-14 min,ACTIVE
PRED-01214,2026-09-01T03:29:00,AST-0323,AST-0001,Education,CREDENTIAL_ACCESS,LATERAL_MOVEMENT,0.789,68.9,1-3 hr,RESOLVED
PRED-01215,2026-09-06T11:30:00,AST-0428,AST-0195,IT & ITES,CREDENTIAL_ACCESS,LATERAL_MOVEMENT,0.798,69.8,15-30 min,RESOLVED
PRED-01216,2026-09-06T09:50:00,AST-0484,AST-0394,Defence,EXECUTION,PERSISTENCE,0.846,74.6,1-3 hr,RESOLVED
PRED-01217,2026-09-19T19:53:00,AST-0422,AST-0113,IT & ITES,LATERAL_MOVEMENT,EXFILTRATION,0.831,93.1,8-14 min,RESOLVED
PRED-01218,2026-09-21T10:55:00,AST-0464,AST-0136,Defence,PERSISTENCE,LATERAL_MOVEMENT,0.768,66.8,1-3 hr,RESOLVED
PRED-01219,2026-09-14T07:09:00,AST-0279,AST-0361,Transport,EXFILTRATION,IMPACT,0.762,66.2,8-14 min,RESOLVED
PRED-01220,2026-09-07T17:11:00,AST-0485,AST-0123,Defence,RECONNAISSANCE,INITIAL_ACCESS,0.814,71.4,30-60 min,RESOLVED
PRED-01221,2026-09-14T15:43:00,AST-0485,AST-0450,Defence,EXECUTION,PERSISTENCE,0.867,76.7,15-30 min,REVIEWED
PRED-01222,2026-09-13T16:42:00,AST-0457,AST-0375,Defence,INITIAL_ACCESS,CREDENTIAL_ACCESS,0.784,68.4,8-14 min,ACTIVE
PRED-01223,2026-09-22T16:05:00,AST-0129,AST-0461,Power & Energy,PERSISTENCE,LATERAL_MOVEMENT,0.741,64.1,1-3 hr,RESOLVED
PRED-01224,2026-09-06T13:01:00,AST-0066,AST-0213,Banking & Finance,EXFILTRATION,IMPACT,0.825,72.5,15-30 min,ACTIVE
PRED-01225,2026-09-05T20:27:00,AST-0119,AST-0262,Power & Energy,INITIAL_ACCESS,CREDENTIAL_ACCESS,0.729,62.9,15-30 min,REVIEWED
PRED-01226,2026-09-08T08:54:00,AST-0011,AST-0049,Government,CREDENTIAL_ACCESS,LATERAL_MOVEMENT,0.832,73.2,1-3 hr,ACTIVE
PRED-01227,2026-09-27T05:35:00,AST-0336,AST-0189,Education,IMPACT,IMPACT,0.805,70.5,1-3 hr,ACTIVE
PRED-01228,2026-09-10T02:47:00,AST-0038,AST-0254,Government,INITIAL_ACCESS,CREDENTIAL_ACCESS,0.889,78.9,15-30 min,REVIEWED
PRED-01229,2026-09-03T08:48:00,AST-0017,AST-0468,Government,RECONNAISSANCE,INITIAL_ACCESS,0.744,64.4,15-30 min,REVIEWED
PRED-01230,2026-09-02T04:32:00,AST-0413,AST-0335,IT & ITES,EXECUTION,PERSISTENCE,0.696,79.6,30-60 min,REVIEWED
PRED-01231,2026-09-26T02:00:00,AST-0194,AST-0457,Healthcare,LATERAL_MOVEMENT,EXFILTRATION,0.853,75.3,30-60 min,ACTIVE
PRED-01232,2026-09-24T16:11:00,AST-0342,AST-0368,Education,EXECUTION,PERSISTENCE,0.857,75.7,15-30 min,ACTIVE
PRED-01233,2026-09-25T02:45:00,AST-0110,AST-0145,Power & Energy,LATERAL_MOVEMENT,EXFILTRATION,0.818,71.8,1-3 hr,REVIEWED
PRED-01234,2026-09-02T12:29:00,AST-0198,AST-0498,Healthcare,PERSISTENCE,LATERAL_MOVEMENT,0.8,70.0,1-3 hr,ACTIVE
PRED-01235,2026-09-26T15:24:00,AST-0234,AST-0128,Telecom,RECONNAISSANCE,INITIAL_ACCESS,0.729,62.9,8-14 min,ACTIVE
PRED-01236,2026-09-04T10:16:00,AST-0334,AST-0197,Education,CREDENTIAL_ACCESS,LATERAL_MOVEMENT,0.841,74.1,15-30 min,ACTIVE
PRED-01237,2026-09-05T17:09:00,AST-0325,AST-0394,Education,INITIAL_ACCESS,CREDENTIAL_ACCESS,0.852,75.2,30-60 min,REVIEWED
PRED-01238,2026-09-23T16:55:00,AST-0263,AST-0453,Transport,INITIAL_ACCESS,CREDENTIAL_ACCESS,0.737,63.7,1-3 hr,ACTIVE
PRED-01239,2026-09-06T19:59:00,AST-0277,AST-0148,Transport,CREDENTIAL_ACCESS,LATERAL_MOVEMENT,0.809,90.9,15-30 min,ACTIVE
PRED-01240,2026-09-23T20:05:00,AST-0343,AST-0001,Education,INITIAL_ACCESS,CREDENTIAL_ACCESS,0.844,74.4,1-3 hr,ACTIVE
PRED-01241,2026-09-11T16:31:00,AST-0382,AST-0480,Manufacturing,INITIAL_ACCESS,CREDENTIAL_ACCESS,0.787,68.7,15-30 min,ACTIVE
PRED-01242,2026-09-25T11:29:00,AST-0387,AST-0060,Manufacturing,CREDENTIAL_ACCESS,LATERAL_MOVEMENT,0.755,65.5,30-60 min,ACTIVE
PRED-01243,2026-09-08T03:04:00,AST-0330,AST-0406,Education,INITIAL_ACCESS,CREDENTIAL_ACCESS,0.884,78.4,15-30 min,ACTIVE
PRED-01244,2026-09-24T17:57:00,AST-0032,AST-0480,Government,LATERAL_MOVEMENT,EXFILTRATION,0.79,69.0,8-14 min,RESOLVED
PRED-01245,2026-09-16T15:27:00,AST-0232,AST-0194,Telecom,CREDENTIAL_ACCESS,LATERAL_MOVEMENT,0.825,72.5,15-30 min,RESOLVED
PRED-01246,2026-09-25T17:27:00,AST-0194,AST-0042,Healthcare,CREDENTIAL_ACCESS,LATERAL_MOVEMENT,0.871,77.1,1-3 hr,ACTIVE
PRED-01247,2026-09-27T10:06:00,AST-0389,AST-0380,Manufacturing,PERSISTENCE,LATERAL_MOVEMENT,0.858,75.8,30-60 min,ACTIVE
PRED-01248,2026-09-23T15:21:00,AST-0161,AST-0196,Healthcare,RECONNAISSANCE,INITIAL_ACCESS,0.808,90.8,15-30 min,ACTIVE
PRED-01249,2026-09-04T02:37:00,AST-0269,AST-0458,Transport,EXECUTION,PERSISTENCE,0.864,76.4,8-14 min,ACTIVE
PRED-01250,2026-09-15T17:36:00,AST-0168,AST-0465,Healthcare,PERSISTENCE,LATERAL_MOVEMENT,0.893,79.3,1-3 hr,RESOLVED
PRED-01251,2026-09-03T22:49:00,AST-0463,AST-0095,Defence,RECONNAISSANCE,INITIAL_ACCESS,0.831,73.1,15-30 min,ACTIVE
PRED-01252,2026-09-13T18:42:00,AST-0376,AST-0454,Manufacturing,LATERAL_MOVEMENT,EXFILTRATION,0.774,67.4,1-3 hr,ACTIVE
PRED-01253,2026-09-22T14:10:00,AST-0256,AST-0360,Transport,LATERAL_MOVEMENT,EXFILTRATION,0.786,68.6,1-3 hr,REVIEWED
PRED-01254,2026-09-10T20:08:00,AST-0034,AST-0100,Government,LATERAL_MOVEMENT,EXFILTRATION,0.734,63.4,8-14 min,RESOLVED
PRED-01255,2026-09-03T08:21:00,AST-0127,AST-0403,Power & Energy,EXFILTRATION,IMPACT,0.686,58.6,30-60 min,RESOLVED
PRED-01256,2026-09-27T17:03:00,AST-0358,AST-0120,Manufacturing,INITIAL_ACCESS,CREDENTIAL_ACCESS,0.719,61.9,8-14 min,RESOLVED
PRED-01257,2026-09-13T09:55:00,AST-0156,AST-0404,Healthcare,RECONNAISSANCE,INITIAL_ACCESS,0.776,67.6,8-14 min,ACTIVE
PRED-01258,2026-09-11T22:38:00,AST-0326,AST-0016,Education,PERSISTENCE,LATERAL_MOVEMENT,0.797,69.7,15-30 min,REVIEWED
PRED-01259,2026-09-04T16:07:00,AST-0498,AST-0422,Defence,INITIAL_ACCESS,CREDENTIAL_ACCESS,0.757,65.7,15-30 min,REVIEWED
PRED-01260,2026-09-03T23:38:00,AST-0257,AST-0076,Transport,EXECUTION,PERSISTENCE,0.853,75.3,1-3 hr,ACTIVE
PRED-01261,2026-09-03T10:16:00,AST-0371,AST-0411,Manufacturing,IMPACT,IMPACT,0.829,72.9,8-14 min,RESOLVED
PRED-01262,2026-09-26T07:28:00,AST-0142,AST-0062,Power & Energy,INITIAL_ACCESS,CREDENTIAL_ACCESS,0.841,74.1,30-60 min,REVIEWED
PRED-01263,2026-09-01T16:32:00,AST-0133,AST-0184,Power & Energy,INITIAL_ACCESS,CREDENTIAL_ACCESS,0.851,95.1,8-14 min,REVIEWED
PRED-01264,2026-09-27T12:42:00,AST-0326,AST-0382,Education,LATERAL_MOVEMENT,EXFILTRATION,0.885,78.5,30-60 min,REVIEWED
PRED-01265,2026-09-23T11:34:00,AST-0416,AST-0184,IT & ITES,LATERAL_MOVEMENT,EXFILTRATION,0.788,88.8,8-14 min,RESOLVED
PRED-01266,2026-09-15T17:00:00,AST-0442,AST-0236,IT & ITES,CREDENTIAL_ACCESS,LATERAL_MOVEMENT,0.899,79.9,1-3 hr,RESOLVED
PRED-01267,2026-09-14T20:14:00,AST-0199,AST-0365,Healthcare,RECONNAISSANCE,INITIAL_ACCESS,0.767,86.7,15-30 min,ACTIVE
PRED-01268,2026-09-12T13:57:00,AST-0337,AST-0488,Education,EXECUTION,PERSISTENCE,0.837,73.7,1-3 hr,ACTIVE
PRED-01269,2026-09-03T03:10:00,AST-0205,AST-0164,Telecom,LATERAL_MOVEMENT,EXFILTRATION,0.85,75.0,8-14 min,REVIEWED
PRED-01270,2026-09-03T14:19:00,AST-0274,AST-0344,Transport,INITIAL_ACCESS,CREDENTIAL_ACCESS,0.85,75.0,8-14 min,ACTIVE
PRED-01271,2026-09-02T09:22:00,AST-0039,AST-0409,Government,CREDENTIAL_ACCESS,LATERAL_MOVEMENT,0.849,74.9,1-3 hr,REVIEWED
PRED-01272,2026-09-20T01:58:00,AST-0202,AST-0351,Telecom,INITIAL_ACCESS,CREDENTIAL_ACCESS,0.837,73.7,30-60 min,ACTIVE
PRED-01273,2026-09-05T07:25:00,AST-0153,AST-0098,Healthcare,RECONNAISSANCE,INITIAL_ACCESS,0.682,58.2,8-14 min,RESOLVED
PRED-01274,2026-09-19T00:58:00,AST-0090,AST-0133,Banking & Finance,CREDENTIAL_ACCESS,LATERAL_MOVEMENT,0.845,74.5,15-30 min,RESOLVED
PRED-01275,2026-09-15T15:57:00,AST-0199,AST-0484,Healthcare,EXFILTRATION,IMPACT,0.809,90.9,30-60 min,ACTIVE
PRED-01276,2026-09-12T06:24:00,AST-0069,AST-0168,Banking & Finance,RECONNAISSANCE,INITIAL_ACCESS,0.725,62.5,15-30 min,RESOLVED
PRED-01277,2026-09-12T19:23:00,AST-0475,AST-0251,Defence,CREDENTIAL_ACCESS,LATERAL_MOVEMENT,0.907,80.7,15-30 min,ACTIVE
PRED-01278,2026-09-07T14:57:00,AST-0165,AST-0060,Healthcare,CREDENTIAL_ACCESS,LATERAL_MOVEMENT,0.922,82.2,30-60 min,ACTIVE
PRED-01279,2026-09-08T18:41:00,AST-0408,AST-0080,IT & ITES,RECONNAISSANCE,INITIAL_ACCESS,0.741,64.1,15-30 min,RESOLVED
PRED-01280,2026-09-08T11:13:00,AST-0029,AST-0365,Government,CREDENTIAL_ACCESS,LATERAL_MOVEMENT,0.9,80.0,1-3 hr,RESOLVED
PRED-01281,2026-09-21T00:27:00,AST-0264,AST-0407,Transport,CREDENTIAL_ACCESS,LATERAL_MOVEMENT,0.817,91.7,8-14 min,ACTIVE
PRED-01282,2026-09-22T13:56:00,AST-0487,AST-0143,Defence,CREDENTIAL_ACCESS,LATERAL_MOVEMENT,0.919,81.9,30-60 min,REVIEWED
PRED-01283,2026-09-03T23:46:00,AST-0464,AST-0302,Defence,CREDENTIAL_ACCESS,LATERAL_MOVEMENT,0.736,63.6,1-3 hr,RESOLVED
PRED-01284,2026-09-08T12:20:00,AST-0010,AST-0227,Government,CREDENTIAL_ACCESS,LATERAL_MOVEMENT,0.911,81.1,8-14 min,ACTIVE
PRED-01285,2026-09-17T05:09:00,AST-0051,AST-0054,Banking & Finance,INITIAL_ACCESS,CREDENTIAL_ACCESS,0.856,75.6,30-60 min,ACTIVE
PRED-01286,2026-09-06T03:30:00,AST-0425,AST-0292,IT & ITES,PERSISTENCE,LATERAL_MOVEMENT,0.897,79.7,30-60 min,ACTIVE
PRED-01287,2026-09-21T20:40:00,AST-0406,AST-0199,IT & ITES,EXECUTION,PERSISTENCE,0.806,70.6,8-14 min,ACTIVE
PRED-01288,2026-09-04T03:27:00,AST-0066,AST-0303,Banking & Finance,CREDENTIAL_ACCESS,LATERAL_MOVEMENT,0.863,76.3,15-30 min,RESOLVED
PRED-01289,2026-09-07T19:27:00,AST-0394,AST-0213,Manufacturing,RECONNAISSANCE,INITIAL_ACCESS,0.806,70.6,1-3 hr,ACTIVE
PRED-01290,2026-09-11T09:15:00,AST-0107,AST-0361,Power & Energy,RECONNAISSANCE,INITIAL_ACCESS,0.786,68.6,30-60 min,RESOLVED
PRED-01291,2026-09-10T00:49:00,AST-0402,AST-0391,IT & ITES,CREDENTIAL_ACCESS,LATERAL_MOVEMENT,0.813,71.3,8-14 min,ACTIVE
PRED-01292,2026-09-01T09:55:00,AST-0421,AST-0266,IT & ITES,INITIAL_ACCESS,CREDENTIAL_ACCESS,0.794,69.4,15-30 min,REVIEWED
PRED-01293,2026-09-07T23:26:00,AST-0267,AST-0274,Transport,CREDENTIAL_ACCESS,LATERAL_MOVEMENT,0.938,99.0,8-14 min,RESOLVED
PRED-01294,2026-09-25T14:43:00,AST-0150,AST-0153,Power & Energy,CREDENTIAL_ACCESS,LATERAL_MOVEMENT,0.932,83.2,15-30 min,REVIEWED
PRED-01295,2026-09-07T04:55:00,AST-0019,AST-0446,Government,INITIAL_ACCESS,CREDENTIAL_ACCESS,0.757,65.7,30-60 min,RESOLVED
PRED-01296,2026-09-03T07:53:00,AST-0242,AST-0082,Telecom,CREDENTIAL_ACCESS,LATERAL_MOVEMENT,0.858,95.8,8-14 min,RESOLVED
PRED-01297,2026-09-02T16:01:00,AST-0378,AST-0494,Manufacturing,CREDENTIAL_ACCESS,LATERAL_MOVEMENT,0.836,73.6,8-14 min,RESOLVED
PRED-01298,2026-09-26T07:27:00,AST-0099,AST-0254,Banking & Finance,LATERAL_MOVEMENT,EXFILTRATION,0.743,64.3,15-30 min,ACTIVE
PRED-01299,2026-09-01T04:10:00,AST-0253,AST-0071,Transport,IMPACT,IMPACT,0.868,76.8,1-3 hr,REVIEWED
PRED-01300,2026-09-24T22:20:00,AST-0334,AST-0453,Education,EXECUTION,PERSISTENCE,0.804,70.4,15-30 min,ACTIVE
PRED-01301,2026-09-07T21:57:00,AST-0374,AST-0104,Manufacturing,EXFILTRATION,IMPACT,0.77,67.0,15-30 min,RESOLVED
PRED-01302,2026-09-19T14:45:00,AST-0318,AST-0485,Education,LATERAL_MOVEMENT,EXFILTRATION,0.888,78.8,1-3 hr,ACTIVE
PRED-01303,2026-09-04T18:15:00,AST-0237,AST-0078,Telecom,EXFILTRATION,IMPACT,0.743,64.3,1-3 hr,RESOLVED
PRED-01304,2026-09-17T11:39:00,AST-0302,AST-0473,Education,IMPACT,IMPACT,0.782,88.2,1-3 hr,RESOLVED
PRED-01305,2026-09-24T19:10:00,AST-0238,AST-0317,Telecom,RECONNAISSANCE,INITIAL_ACCESS,0.859,75.9,8-14 min,ACTIVE
PRED-01306,2026-09-03T09:21:00,AST-0331,AST-0451,Education,LATERAL_MOVEMENT,EXFILTRATION,0.642,74.2,15-30 min,ACTIVE
PRED-01307,2026-09-15T10:53:00,AST-0017,AST-0363,Government,INITIAL_ACCESS,CREDENTIAL_ACCESS,0.9,80.0,30-60 min,ACTIVE
PRED-01308,2026-09-12T17:14:00,AST-0176,AST-0447,Healthcare,LATERAL_MOVEMENT,EXFILTRATION,0.767,66.7,30-60 min,RESOLVED
PRED-01309,2026-09-06T11:39:00,AST-0452,AST-0011,Defence,CREDENTIAL_ACCESS,LATERAL_MOVEMENT,0.918,99.0,30-60 min,REVIEWED
PRED-01310,2026-09-07T13:57:00,AST-0043,AST-0286,Government,LATERAL_MOVEMENT,EXFILTRATION,0.844,74.4,30-60 min,REVIEWED
PRED-01311,2026-09-23T11:10:00,AST-0040,AST-0340,Government,LATERAL_MOVEMENT,EXFILTRATION,0.767,66.7,1-3 hr,REVIEWED
PRED-01312,2026-09-24T23:40:00,AST-0305,AST-0219,Education,EXFILTRATION,IMPACT,0.705,60.5,1-3 hr,REVIEWED
PRED-01313,2026-09-24T11:45:00,AST-0031,AST-0261,Government,CREDENTIAL_ACCESS,LATERAL_MOVEMENT,0.873,77.3,1-3 hr,RESOLVED
PRED-01314,2026-09-08T14:51:00,AST-0058,AST-0364,Banking & Finance,EXFILTRATION,IMPACT,0.727,62.7,8-14 min,ACTIVE
PRED-01315,2026-09-14T11:59:00,AST-0447,AST-0121,IT & ITES,INITIAL_ACCESS,CREDENTIAL_ACCESS,0.915,81.5,30-60 min,REVIEWED
PRED-01316,2026-09-02T02:09:00,AST-0489,AST-0444,Defence,RECONNAISSANCE,INITIAL_ACCESS,0.735,83.5,15-30 min,REVIEWED
PRED-01317,2026-09-25T07:15:00,AST-0085,AST-0206,Banking & Finance,LATERAL_MOVEMENT,EXFILTRATION,0.642,54.2,1-3 hr,ACTIVE
PRED-01318,2026-09-18T05:52:00,AST-0040,AST-0299,Government,EXECUTION,PERSISTENCE,0.81,71.0,1-3 hr,REVIEWED
PRED-01319,2026-09-23T07:01:00,AST-0404,AST-0481,IT & ITES,CREDENTIAL_ACCESS,LATERAL_MOVEMENT,0.881,78.1,30-60 min,ACTIVE
PRED-01320,2026-09-27T17:56:00,AST-0089,AST-0133,Banking & Finance,EXECUTION,PERSISTENCE,0.76,86.0,1-3 hr,RESOLVED
PRED-01321,2026-09-11T14:13:00,AST-0193,AST-0291,Healthcare,INITIAL_ACCESS,CREDENTIAL_ACCESS,0.784,68.4,30-60 min,ACTIVE
PRED-01322,2026-09-13T17:53:00,AST-0283,AST-0240,Transport,INITIAL_ACCESS,CREDENTIAL_ACCESS,0.689,58.9,1-3 hr,ACTIVE
PRED-01323,2026-09-25T06:19:00,AST-0244,AST-0395,Telecom,CREDENTIAL_ACCESS,LATERAL_MOVEMENT,0.827,92.7,30-60 min,ACTIVE
PRED-01324,2026-09-20T07:21:00,AST-0092,AST-0488,Banking & Finance,EXFILTRATION,IMPACT,0.732,63.2,30-60 min,ACTIVE
PRED-01325,2026-09-03T16:56:00,AST-0101,AST-0254,Power & Energy,CREDENTIAL_ACCESS,LATERAL_MOVEMENT,0.747,64.7,15-30 min,REVIEWED
PRED-01326,2026-09-03T13:17:00,AST-0147,AST-0421,Power & Energy,RECONNAISSANCE,INITIAL_ACCESS,0.697,59.7,30-60 min,REVIEWED
PRED-01327,2026-09-02T02:49:00,AST-0007,AST-0359,Government,IMPACT,IMPACT,0.764,66.4,8-14 min,ACTIVE
PRED-01328,2026-09-19T20:38:00,AST-0272,AST-0394,Transport,RECONNAISSANCE,INITIAL_ACCESS,0.792,69.2,8-14 min,ACTIVE
PRED-01329,2026-09-12T07:01:00,AST-0119,AST-0413,Power & Energy,PERSISTENCE,LATERAL_MOVEMENT,0.781,68.1,1-3 hr,RESOLVED
PRED-01330,2026-09-17T16:00:00,AST-0158,AST-0081,Healthcare,CREDENTIAL_ACCESS,LATERAL_MOVEMENT,0.766,66.6,15-30 min,REVIEWED
PRED-01331,2026-09-25T08:52:00,AST-0352,AST-0346,Manufacturing,RECONNAISSANCE,INITIAL_ACCESS,0.801,90.1,30-60 min,ACTIVE
PRED-01332,2026-09-11T23:30:00,AST-0319,AST-0174,Education,EXFILTRATION,IMPACT,0.725,62.5,8-14 min,REVIEWED
PRED-01333,2026-09-18T08:10:00,AST-0014,AST-0125,Government,INITIAL_ACCESS,CREDENTIAL_ACCESS,0.855,75.5,1-3 hr,REVIEWED
PRED-01334,2026-09-11T02:35:00,AST-0369,AST-0395,Manufacturing,RECONNAISSANCE,INITIAL_ACCESS,0.739,63.9,30-60 min,REVIEWED
PRED-01335,2026-09-05T04:15:00,AST-0170,AST-0448,Healthcare,CREDENTIAL_ACCESS,LATERAL_MOVEMENT,0.965,99.0,15-30 min,REVIEWED
PRED-01336,2026-09-01T12:04:00,AST-0090,AST-0185,Banking & Finance,CREDENTIAL_ACCESS,LATERAL_MOVEMENT,0.913,81.3,30-60 min,ACTIVE
PRED-01337,2026-09-23T20:52:00,AST-0236,AST-0157,Telecom,CREDENTIAL_ACCESS,LATERAL_MOVEMENT,0.713,61.3,8-14 min,REVIEWED
PRED-01338,2026-09-04T05:56:00,AST-0147,AST-0084,Power & Energy,LATERAL_MOVEMENT,EXFILTRATION,0.827,72.7,1-3 hr,RESOLVED
PRED-01339,2026-09-03T10:00:00,AST-0258,AST-0088,Transport,IMPACT,IMPACT,0.865,76.5,8-14 min,RESOLVED
PRED-01340,2026-09-23T06:30:00,AST-0172,AST-0159,Healthcare,PERSISTENCE,LATERAL_MOVEMENT,0.818,71.8,1-3 hr,REVIEWED
PRED-01341,2026-09-04T21:09:00,AST-0420,AST-0098,IT & ITES,RECONNAISSANCE,INITIAL_ACCESS,0.872,77.2,30-60 min,ACTIVE
PRED-01342,2026-09-13T17:49:00,AST-0055,AST-0296,Banking & Finance,EXFILTRATION,IMPACT,0.792,69.2,30-60 min,ACTIVE
PRED-01343,2026-09-24T19:30:00,AST-0060,AST-0499,Banking & Finance,CREDENTIAL_ACCESS,LATERAL_MOVEMENT,0.835,73.5,1-3 hr,ACTIVE
PRED-01344,2026-09-19T16:58:00,AST-0101,AST-0159,Power & Energy,CREDENTIAL_ACCESS,LATERAL_MOVEMENT,0.897,79.7,1-3 hr,ACTIVE
PRED-01345,2026-09-06T07:39:00,AST-0017,AST-0416,Government,LATERAL_MOVEMENT,EXFILTRATION,0.752,65.2,15-30 min,REVIEWED
PRED-01346,2026-09-09T01:03:00,AST-0064,AST-0469,Banking & Finance,PERSISTENCE,LATERAL_MOVEMENT,0.886,78.6,1-3 hr,ACTIVE
PRED-01347,2026-09-07T17:28:00,AST-0367,AST-0267,Manufacturing,EXECUTION,PERSISTENCE,0.89,79.0,30-60 min,ACTIVE
PRED-01348,2026-09-08T12:24:00,AST-0412,AST-0329,IT & ITES,IMPACT,IMPACT,0.937,99.0,8-14 min,REVIEWED
PRED-01349,2026-09-02T15:49:00,AST-0272,AST-0270,Transport,CREDENTIAL_ACCESS,LATERAL_MOVEMENT,0.84,74.0,8-14 min,REVIEWED
PRED-01350,2026-09-12T08:15:00,AST-0184,AST-0371,Healthcare,CREDENTIAL_ACCESS,LATERAL_MOVEMENT,0.922,82.2,8-14 min,RESOLVED
PRED-01351,2026-09-03T14:56:00,AST-0336,AST-0338,Education,INITIAL_ACCESS,CREDENTIAL_ACCESS,0.865,76.5,15-30 min,ACTIVE
PRED-01352,2026-09-13T07:00:00,AST-0327,AST-0065,Education,EXFILTRATION,IMPACT,0.77,67.0,8-14 min,ACTIVE
PRED-01353,2026-09-24T03:12:00,AST-0459,AST-0220,Defence,EXECUTION,PERSISTENCE,0.875,77.5,8-14 min,ACTIVE
PRED-01354,2026-09-23T01:55:00,AST-0032,AST-0328,Government,RECONNAISSANCE,INITIAL_ACCESS,0.775,67.5,8-14 min,ACTIVE
PRED-01355,2026-09-03T01:38:00,AST-0233,AST-0106,Telecom,CREDENTIAL_ACCESS,LATERAL_MOVEMENT,0.808,70.8,8-14 min,REVIEWED
PRED-01356,2026-09-07T10:58:00,AST-0250,AST-0456,Telecom,PERSISTENCE,LATERAL_MOVEMENT,0.962,86.2,30-60 min,ACTIVE
PRED-01357,2026-09-16T19:17:00,AST-0374,AST-0045,Manufacturing,INITIAL_ACCESS,CREDENTIAL_ACCESS,0.883,78.3,8-14 min,RESOLVED
PRED-01358,2026-09-04T11:26:00,AST-0070,AST-0117,Banking & Finance,EXECUTION,PERSISTENCE,0.903,80.3,8-14 min,REVIEWED
PRED-01359,2026-09-20T05:18:00,AST-0437,AST-0139,IT & ITES,INITIAL_ACCESS,CREDENTIAL_ACCESS,0.791,69.1,15-30 min,REVIEWED
PRED-01360,2026-09-06T07:13:00,AST-0160,AST-0196,Healthcare,EXECUTION,PERSISTENCE,0.866,96.6,1-3 hr,REVIEWED
PRED-01361,2026-09-09T20:00:00,AST-0325,AST-0141,Education,EXECUTION,PERSISTENCE,0.887,78.7,1-3 hr,REVIEWED
PRED-01362,2026-09-11T09:19:00,AST-0393,AST-0139,Manufacturing,CREDENTIAL_ACCESS,LATERAL_MOVEMENT,0.891,79.1,8-14 min,ACTIVE
PRED-01363,2026-09-19T07:32:00,AST-0055,AST-0486,Banking & Finance,EXFILTRATION,IMPACT,0.802,70.2,8-14 min,REVIEWED
PRED-01364,2026-09-15T20:27:00,AST-0144,AST-0108,Power & Energy,EXECUTION,PERSISTENCE,0.839,93.9,15-30 min,RESOLVED
PRED-01365,2026-09-03T02:13:00,AST-0084,AST-0121,Banking & Finance,CREDENTIAL_ACCESS,LATERAL_MOVEMENT,0.837,73.7,1-3 hr,ACTIVE
PRED-01366,2026-09-06T14:08:00,AST-0198,AST-0277,Healthcare,CREDENTIAL_ACCESS,LATERAL_MOVEMENT,0.849,74.9,1-3 hr,ACTIVE
PRED-01367,2026-09-25T07:19:00,AST-0161,AST-0139,Healthcare,RECONNAISSANCE,INITIAL_ACCESS,0.814,91.4,1-3 hr,ACTIVE
PRED-01368,2026-09-13T08:15:00,AST-0469,AST-0368,Defence,IMPACT,IMPACT,0.794,69.4,1-3 hr,ACTIVE
PRED-01369,2026-09-06T00:08:00,AST-0471,AST-0125,Defence,EXECUTION,PERSISTENCE,0.903,99.0,30-60 min,REVIEWED
PRED-01370,2026-09-16T00:56:00,AST-0421,AST-0495,IT & ITES,EXECUTION,PERSISTENCE,0.705,60.5,8-14 min,ACTIVE
PRED-01371,2026-09-27T20:23:00,AST-0149,AST-0052,Power & Energy,RECONNAISSANCE,INITIAL_ACCESS,0.776,67.6,1-3 hr,RESOLVED
PRED-01372,2026-09-23T05:50:00,AST-0205,AST-0499,Telecom,IMPACT,IMPACT,0.928,82.8,15-30 min,ACTIVE
PRED-01373,2026-09-21T18:27:00,AST-0263,AST-0418,Transport,EXECUTION,PERSISTENCE,0.851,75.1,8-14 min,ACTIVE
PRED-01374,2026-09-10T03:48:00,AST-0238,AST-0483,Telecom,RECONNAISSANCE,INITIAL_ACCESS,0.744,64.4,30-60 min,ACTIVE
PRED-01375,2026-09-05T17:17:00,AST-0085,AST-0393,Banking & Finance,EXECUTION,PERSISTENCE,0.92,82.0,1-3 hr,REVIEWED
PRED-01376,2026-09-22T21:18:00,AST-0178,AST-0026,Healthcare,CREDENTIAL_ACCESS,LATERAL_MOVEMENT,0.852,95.2,30-60 min,REVIEWED
PRED-01377,2026-09-18T14:59:00,AST-0366,AST-0026,Manufacturing,EXFILTRATION,IMPACT,0.685,58.5,30-60 min,REVIEWED
PRED-01378,2026-09-24T17:23:00,AST-0415,AST-0066,IT & ITES,CREDENTIAL_ACCESS,LATERAL_MOVEMENT,0.755,65.5,30-60 min,REVIEWED
PRED-01379,2026-09-16T09:25:00,AST-0391,AST-0016,Manufacturing,PERSISTENCE,LATERAL_MOVEMENT,0.804,70.4,30-60 min,ACTIVE
PRED-01380,2026-09-05T12:11:00,AST-0457,AST-0125,Defence,CREDENTIAL_ACCESS,LATERAL_MOVEMENT,0.83,73.0,30-60 min,ACTIVE
PRED-01381,2026-09-16T20:11:00,AST-0273,AST-0083,Transport,IMPACT,IMPACT,0.738,63.8,30-60 min,ACTIVE
PRED-01382,2026-09-22T06:30:00,AST-0053,AST-0473,Banking & Finance,INITIAL_ACCESS,CREDENTIAL_ACCESS,0.841,74.1,15-30 min,RESOLVED
PRED-01383,2026-09-14T06:19:00,AST-0067,AST-0069,Banking & Finance,PERSISTENCE,LATERAL_MOVEMENT,0.966,86.6,1-3 hr,ACTIVE
PRED-01384,2026-09-09T16:46:00,AST-0430,AST-0149,IT & ITES,INITIAL_ACCESS,CREDENTIAL_ACCESS,0.99,89.0,15-30 min,RESOLVED
PRED-01385,2026-09-04T11:41:00,AST-0144,AST-0252,Power & Energy,RECONNAISSANCE,INITIAL_ACCESS,0.782,88.2,8-14 min,ACTIVE
PRED-01386,2026-09-01T11:36:00,AST-0445,AST-0206,IT & ITES,CREDENTIAL_ACCESS,LATERAL_MOVEMENT,0.841,74.1,1-3 hr,ACTIVE
PRED-01387,2026-09-21T11:57:00,AST-0291,AST-0107,Transport,EXFILTRATION,IMPACT,0.785,68.5,8-14 min,RESOLVED
PRED-01388,2026-09-03T03:18:00,AST-0268,AST-0379,Transport,CREDENTIAL_ACCESS,LATERAL_MOVEMENT,0.833,73.3,15-30 min,ACTIVE
PRED-01389,2026-09-19T21:49:00,AST-0126,AST-0215,Power & Energy,LATERAL_MOVEMENT,EXFILTRATION,0.777,67.7,15-30 min,ACTIVE
PRED-01390,2026-09-08T07:09:00,AST-0127,AST-0368,Power & Energy,INITIAL_ACCESS,CREDENTIAL_ACCESS,0.896,79.6,8-14 min,REVIEWED
PRED-01391,2026-09-24T10:42:00,AST-0240,AST-0419,Telecom,PERSISTENCE,LATERAL_MOVEMENT,0.873,77.3,15-30 min,ACTIVE
PRED-01392,2026-09-27T08:26:00,AST-0347,AST-0333,Education,RECONNAISSANCE,INITIAL_ACCESS,0.744,84.4,8-14 min,REVIEWED
PRED-01393,2026-09-03T13:36:00,AST-0006,AST-0273,Government,EXFILTRATION,IMPACT,0.725,62.5,15-30 min,ACTIVE
PRED-01394,2026-09-02T03:32:00,AST-0244,AST-0456,Telecom,IMPACT,IMPACT,0.828,92.8,8-14 min,ACTIVE
PRED-01395,2026-09-21T22:08:00,AST-0365,AST-0434,Manufacturing,EXFILTRATION,IMPACT,0.739,63.9,8-14 min,REVIEWED
PRED-01396,2026-09-22T03:24:00,AST-0139,AST-0043,Power & Energy,RECONNAISSANCE,INITIAL_ACCESS,0.822,72.2,15-30 min,ACTIVE
PRED-01397,2026-09-01T05:43:00,AST-0441,AST-0431,IT & ITES,RECONNAISSANCE,INITIAL_ACCESS,0.838,73.8,1-3 hr,REVIEWED
PRED-01398,2026-09-08T14:57:00,AST-0456,AST-0161,Defence,LATERAL_MOVEMENT,EXFILTRATION,0.856,75.6,8-14 min,ACTIVE
PRED-01399,2026-09-19T03:18:00,AST-0367,AST-0491,Manufacturing,EXECUTION,PERSISTENCE,0.862,76.2,30-60 min,ACTIVE
PRED-01400,2026-09-08T00:14:00,AST-0413,AST-0484,IT & ITES,INITIAL_ACCESS,CREDENTIAL_ACCESS,0.843,94.3,30-60 min,REVIEWED
PRED-01401,2026-09-11T05:21:00,AST-0241,AST-0198,Telecom,CREDENTIAL_ACCESS,LATERAL_MOVEMENT,0.917,81.7,30-60 min,RESOLVED
PRED-01402,2026-09-11T00:38:00,AST-0250,AST-0297,Telecom,EXECUTION,PERSISTENCE,0.838,73.8,8-14 min,REVIEWED
PRED-01403,2026-09-21T01:22:00,AST-0460,AST-0283,Defence,LATERAL_MOVEMENT,EXFILTRATION,0.792,69.2,8-14 min,ACTIVE
PRED-01404,2026-09-13T05:50:00,AST-0500,AST-0031,Defence,CREDENTIAL_ACCESS,LATERAL_MOVEMENT,0.866,76.6,15-30 min,REVIEWED
PRED-01405,2026-09-27T23:47:00,AST-0409,AST-0191,IT & ITES,PERSISTENCE,LATERAL_MOVEMENT,0.817,71.7,15-30 min,ACTIVE
PRED-01406,2026-09-12T22:55:00,AST-0279,AST-0349,Transport,CREDENTIAL_ACCESS,LATERAL_MOVEMENT,0.912,81.2,15-30 min,RESOLVED
PRED-01407,2026-09-02T14:54:00,AST-0121,AST-0050,Power & Energy,RECONNAISSANCE,INITIAL_ACCESS,0.773,67.3,30-60 min,ACTIVE
PRED-01408,2026-09-09T12:08:00,AST-0038,AST-0173,Government,RECONNAISSANCE,INITIAL_ACCESS,0.766,66.6,1-3 hr,ACTIVE
PRED-01409,2026-09-27T04:53:00,AST-0178,AST-0225,Healthcare,LATERAL_MOVEMENT,EXFILTRATION,0.735,83.5,1-3 hr,ACTIVE
PRED-01410,2026-09-18T03:47:00,AST-0122,AST-0370,Power & Energy,INITIAL_ACCESS,CREDENTIAL_ACCESS,0.851,75.1,1-3 hr,RESOLVED
PRED-01411,2026-09-18T11:44:00,AST-0158,AST-0369,Healthcare,LATERAL_MOVEMENT,EXFILTRATION,0.838,73.8,8-14 min,ACTIVE
PRED-01412,2026-09-02T20:50:00,AST-0254,AST-0007,Transport,RECONNAISSANCE,INITIAL_ACCESS,0.749,64.9,15-30 min,ACTIVE
PRED-01413,2026-09-12T03:37:00,AST-0004,AST-0240,Government,EXFILTRATION,IMPACT,0.733,63.3,1-3 hr,ACTIVE
PRED-01414,2026-09-01T07:42:00,AST-0144,AST-0209,Power & Energy,CREDENTIAL_ACCESS,LATERAL_MOVEMENT,0.89,99.0,30-60 min,ACTIVE
PRED-01415,2026-09-15T15:17:00,AST-0268,AST-0170,Transport,EXFILTRATION,IMPACT,0.797,69.7,15-30 min,ACTIVE
PRED-01416,2026-09-13T17:51:00,AST-0288,AST-0030,Transport,EXECUTION,PERSISTENCE,0.779,67.9,15-30 min,RESOLVED
PRED-01417,2026-09-04T17:55:00,AST-0414,AST-0217,IT & ITES,RECONNAISSANCE,INITIAL_ACCESS,0.756,65.6,15-30 min,REVIEWED
PRED-01418,2026-09-13T01:51:00,AST-0355,AST-0393,Manufacturing,EXFILTRATION,IMPACT,0.774,67.4,8-14 min,ACTIVE
PRED-01419,2026-09-06T05:37:00,AST-0499,AST-0059,Defence,IMPACT,IMPACT,0.82,72.0,30-60 min,REVIEWED
PRED-01420,2026-09-25T20:43:00,AST-0339,AST-0214,Education,IMPACT,IMPACT,0.814,71.4,15-30 min,ACTIVE
PRED-01421,2026-09-03T17:04:00,AST-0461,AST-0261,Defence,LATERAL_MOVEMENT,EXFILTRATION,0.769,66.9,15-30 min,ACTIVE
PRED-01422,2026-09-22T20:24:00,AST-0071,AST-0449,Banking & Finance,LATERAL_MOVEMENT,EXFILTRATION,0.827,72.7,30-60 min,ACTIVE
PRED-01423,2026-09-26T01:52:00,AST-0084,AST-0289,Banking & Finance,INITIAL_ACCESS,CREDENTIAL_ACCESS,0.905,80.5,1-3 hr,RESOLVED
PRED-01424,2026-09-20T09:08:00,AST-0056,AST-0070,Banking & Finance,PERSISTENCE,LATERAL_MOVEMENT,0.892,79.2,1-3 hr,ACTIVE
PRED-01425,2026-09-09T00:10:00,AST-0298,AST-0085,Transport,INITIAL_ACCESS,CREDENTIAL_ACCESS,0.76,66.0,30-60 min,ACTIVE
PRED-01426,2026-09-18T13:08:00,AST-0487,AST-0025,Defence,RECONNAISSANCE,INITIAL_ACCESS,0.855,75.5,15-30 min,RESOLVED
PRED-01427,2026-09-20T21:13:00,AST-0488,AST-0227,Defence,LATERAL_MOVEMENT,EXFILTRATION,0.872,97.2,30-60 min,ACTIVE
PRED-01428,2026-09-13T11:08:00,AST-0166,AST-0326,Healthcare,EXFILTRATION,IMPACT,0.771,67.1,1-3 hr,ACTIVE
PRED-01429,2026-09-16T15:55:00,AST-0369,AST-0098,Manufacturing,RECONNAISSANCE,INITIAL_ACCESS,0.898,79.8,30-60 min,ACTIVE
PRED-01430,2026-09-04T19:58:00,AST-0211,AST-0471,Telecom,CREDENTIAL_ACCESS,LATERAL_MOVEMENT,0.796,69.6,30-60 min,ACTIVE
PRED-01431,2026-09-06T02:15:00,AST-0268,AST-0339,Transport,RECONNAISSANCE,INITIAL_ACCESS,0.802,70.2,30-60 min,RESOLVED
PRED-01432,2026-09-27T02:30:00,AST-0392,AST-0033,Manufacturing,CREDENTIAL_ACCESS,LATERAL_MOVEMENT,0.89,79.0,1-3 hr,RESOLVED
PRED-01433,2026-09-06T09:50:00,AST-0342,AST-0497,Education,IMPACT,IMPACT,0.789,68.9,8-14 min,RESOLVED
PRED-01434,2026-09-01T00:34:00,AST-0352,AST-0288,Manufacturing,CREDENTIAL_ACCESS,LATERAL_MOVEMENT,0.916,99.0,8-14 min,REVIEWED
PRED-01435,2026-09-17T03:18:00,AST-0277,AST-0435,Transport,INITIAL_ACCESS,CREDENTIAL_ACCESS,0.858,95.8,15-30 min,RESOLVED
PRED-01436,2026-09-10T04:28:00,AST-0413,AST-0282,IT & ITES,IMPACT,IMPACT,0.82,92.0,15-30 min,ACTIVE
PRED-01437,2026-09-24T08:48:00,AST-0128,AST-0418,Power & Energy,INITIAL_ACCESS,CREDENTIAL_ACCESS,0.781,68.1,15-30 min,RESOLVED
PRED-01438,2026-09-20T22:38:00,AST-0149,AST-0345,Power & Energy,INITIAL_ACCESS,CREDENTIAL_ACCESS,0.847,74.7,8-14 min,ACTIVE
PRED-01439,2026-09-06T00:23:00,AST-0422,AST-0181,IT & ITES,IMPACT,IMPACT,0.835,93.5,15-30 min,ACTIVE
PRED-01440,2026-09-18T22:52:00,AST-0363,AST-0083,Manufacturing,RECONNAISSANCE,INITIAL_ACCESS,0.836,73.6,15-30 min,RESOLVED
PRED-01441,2026-09-08T23:02:00,AST-0026,AST-0280,Government,EXFILTRATION,IMPACT,0.688,78.8,1-3 hr,REVIEWED
PRED-01442,2026-09-02T17:02:00,AST-0414,AST-0136,IT & ITES,LATERAL_MOVEMENT,EXFILTRATION,0.862,76.2,15-30 min,ACTIVE
PRED-01443,2026-09-26T01:37:00,AST-0206,AST-0026,Telecom,IMPACT,IMPACT,0.842,74.2,30-60 min,REVIEWED
PRED-01444,2026-09-13T21:35:00,AST-0183,AST-0169,Healthcare,IMPACT,IMPACT,0.897,79.7,30-60 min,RESOLVED
PRED-01445,2026-09-03T14:09:00,AST-0188,AST-0426,Healthcare,EXFILTRATION,IMPACT,0.748,64.8,1-3 hr,ACTIVE
PRED-01446,2026-09-24T18:30:00,AST-0022,AST-0338,Government,RECONNAISSANCE,INITIAL_ACCESS,0.745,64.5,30-60 min,RESOLVED
PRED-01447,2026-09-13T08:39:00,AST-0396,AST-0055,Manufacturing,EXFILTRATION,IMPACT,0.76,66.0,8-14 min,ACTIVE
PRED-01448,2026-09-11T19:46:00,AST-0058,AST-0264,Banking & Finance,CREDENTIAL_ACCESS,LATERAL_MOVEMENT,0.876,77.6,1-3 hr,REVIEWED
PRED-01449,2026-09-16T16:25:00,AST-0213,AST-0206,Telecom,RECONNAISSANCE,INITIAL_ACCESS,0.749,64.9,1-3 hr,REVIEWED
PRED-01450,2026-09-11T17:31:00,AST-0336,AST-0419,Education,IMPACT,IMPACT,0.871,77.1,1-3 hr,RESOLVED
PRED-01451,2026-09-04T16:10:00,AST-0133,AST-0465,Power & Energy,EXECUTION,PERSISTENCE,0.747,84.7,30-60 min,RESOLVED
PRED-01452,2026-09-12T05:36:00,AST-0174,AST-0015,Healthcare,INITIAL_ACCESS,CREDENTIAL_ACCESS,0.797,89.7,8-14 min,REVIEWED
PRED-01453,2026-09-20T00:52:00,AST-0280,AST-0210,Transport,CREDENTIAL_ACCESS,LATERAL_MOVEMENT,0.806,90.6,1-3 hr,RESOLVED
PRED-01454,2026-09-09T18:20:00,AST-0330,AST-0215,Education,LATERAL_MOVEMENT,EXFILTRATION,0.764,66.4,1-3 hr,ACTIVE
PRED-01455,2026-09-25T05:10:00,AST-0277,AST-0178,Transport,INITIAL_ACCESS,CREDENTIAL_ACCESS,0.906,99.0,15-30 min,RESOLVED
PRED-01456,2026-09-14T16:18:00,AST-0077,AST-0037,Banking & Finance,LATERAL_MOVEMENT,EXFILTRATION,0.851,95.1,15-30 min,REVIEWED
PRED-01457,2026-09-25T12:22:00,AST-0098,AST-0413,Banking & Finance,LATERAL_MOVEMENT,EXFILTRATION,0.709,60.9,1-3 hr,ACTIVE
PRED-01458,2026-09-27T03:57:00,AST-0055,AST-0164,Banking & Finance,RECONNAISSANCE,INITIAL_ACCESS,0.843,74.3,15-30 min,ACTIVE
PRED-01459,2026-09-03T09:37:00,AST-0057,AST-0050,Banking & Finance,RECONNAISSANCE,INITIAL_ACCESS,0.685,78.5,8-14 min,RESOLVED
PRED-01460,2026-09-26T11:57:00,AST-0310,AST-0181,Education,CREDENTIAL_ACCESS,LATERAL_MOVEMENT,0.846,74.6,8-14 min,ACTIVE
PRED-01461,2026-09-02T13:36:00,AST-0416,AST-0134,IT & ITES,RECONNAISSANCE,INITIAL_ACCESS,0.746,84.6,8-14 min,RESOLVED
PRED-01462,2026-09-17T00:43:00,AST-0105,AST-0212,Power & Energy,INITIAL_ACCESS,CREDENTIAL_ACCESS,0.826,72.6,1-3 hr,ACTIVE
PRED-01463,2026-09-26T07:09:00,AST-0312,AST-0395,Education,EXECUTION,PERSISTENCE,0.938,83.8,15-30 min,RESOLVED
PRED-01464,2026-09-17T05:48:00,AST-0092,AST-0308,Banking & Finance,EXFILTRATION,IMPACT,0.806,70.6,30-60 min,ACTIVE
PRED-01465,2026-09-02T08:31:00,AST-0121,AST-0054,Power & Energy,CREDENTIAL_ACCESS,LATERAL_MOVEMENT,0.793,69.3,1-3 hr,ACTIVE
PRED-01466,2026-09-22T17:55:00,AST-0054,AST-0056,Banking & Finance,RECONNAISSANCE,INITIAL_ACCESS,0.757,65.7,30-60 min,ACTIVE
PRED-01467,2026-09-09T20:26:00,AST-0021,AST-0038,Government,CREDENTIAL_ACCESS,LATERAL_MOVEMENT,0.795,89.5,30-60 min,ACTIVE
PRED-01468,2026-09-01T02:31:00,AST-0206,AST-0443,Telecom,CREDENTIAL_ACCESS,LATERAL_MOVEMENT,0.817,71.7,15-30 min,RESOLVED
PRED-01469,2026-09-02T23:56:00,AST-0035,AST-0388,Government,INITIAL_ACCESS,CREDENTIAL_ACCESS,0.831,73.1,1-3 hr,ACTIVE
PRED-01470,2026-09-04T04:39:00,AST-0118,AST-0013,Power & Energy,EXFILTRATION,IMPACT,0.77,67.0,1-3 hr,RESOLVED
PRED-01471,2026-09-07T18:41:00,AST-0497,AST-0465,Defence,IMPACT,IMPACT,0.79,89.0,15-30 min,RESOLVED
PRED-01472,2026-09-11T23:18:00,AST-0033,AST-0133,Government,PERSISTENCE,LATERAL_MOVEMENT,0.762,66.2,1-3 hr,ACTIVE
PRED-01473,2026-09-12T07:54:00,AST-0344,AST-0073,Education,PERSISTENCE,LATERAL_MOVEMENT,0.885,78.5,1-3 hr,REVIEWED
PRED-01474,2026-09-26T12:24:00,AST-0260,AST-0488,Transport,INITIAL_ACCESS,CREDENTIAL_ACCESS,0.737,63.7,8-14 min,REVIEWED
PRED-01475,2026-09-05T03:47:00,AST-0018,AST-0334,Government,RECONNAISSANCE,INITIAL_ACCESS,0.736,83.6,15-30 min,ACTIVE
PRED-01476,2026-09-21T10:30:00,AST-0364,AST-0296,Manufacturing,INITIAL_ACCESS,CREDENTIAL_ACCESS,0.76,86.0,1-3 hr,ACTIVE
PRED-01477,2026-09-05T23:16:00,AST-0261,AST-0122,Transport,PERSISTENCE,LATERAL_MOVEMENT,0.702,60.2,15-30 min,REVIEWED
PRED-01478,2026-09-26T09:55:00,AST-0448,AST-0154,IT & ITES,CREDENTIAL_ACCESS,LATERAL_MOVEMENT,0.952,99.0,30-60 min,ACTIVE
PRED-01479,2026-09-09T05:40:00,AST-0369,AST-0447,Manufacturing,EXECUTION,PERSISTENCE,0.88,78.0,30-60 min,ACTIVE
PRED-01480,2026-09-25T13:06:00,AST-0425,AST-0385,IT & ITES,INITIAL_ACCESS,CREDENTIAL_ACCESS,0.845,74.5,1-3 hr,ACTIVE
PRED-01481,2026-09-23T07:49:00,AST-0309,AST-0133,Education,RECONNAISSANCE,INITIAL_ACCESS,0.738,63.8,8-14 min,ACTIVE
PRED-01482,2026-09-02T19:49:00,AST-0283,AST-0500,Transport,RECONNAISSANCE,INITIAL_ACCESS,0.771,67.1,8-14 min,RESOLVED
PRED-01483,2026-09-02T04:02:00,AST-0156,AST-0198,Healthcare,CREDENTIAL_ACCESS,LATERAL_MOVEMENT,0.941,84.1,30-60 min,ACTIVE
PRED-01484,2026-09-03T07:03:00,AST-0034,AST-0285,Government,INITIAL_ACCESS,CREDENTIAL_ACCESS,0.942,84.2,30-60 min,RESOLVED
PRED-01485,2026-09-08T09:49:00,AST-0361,AST-0435,Manufacturing,LATERAL_MOVEMENT,EXFILTRATION,0.855,75.5,30-60 min,RESOLVED
PRED-01486,2026-09-04T02:19:00,AST-0309,AST-0489,Education,INITIAL_ACCESS,CREDENTIAL_ACCESS,0.871,77.1,1-3 hr,REVIEWED
PRED-01487,2026-09-03T08:59:00,AST-0308,AST-0102,Education,LATERAL_MOVEMENT,EXFILTRATION,0.76,66.0,15-30 min,RESOLVED
PRED-01488,2026-09-12T20:46:00,AST-0217,AST-0330,Telecom,RECONNAISSANCE,INITIAL_ACCESS,0.801,70.1,30-60 min,ACTIVE
PRED-01489,2026-09-26T22:28:00,AST-0126,AST-0020,Power & Energy,EXFILTRATION,IMPACT,0.787,68.7,8-14 min,REVIEWED
PRED-01490,2026-09-20T00:30:00,AST-0426,AST-0047,IT & ITES,RECONNAISSANCE,INITIAL_ACCESS,0.753,65.3,1-3 hr,ACTIVE
PRED-01491,2026-09-21T00:41:00,AST-0370,AST-0175,Manufacturing,INITIAL_ACCESS,CREDENTIAL_ACCESS,0.799,69.9,1-3 hr,ACTIVE
PRED-01492,2026-09-10T04:36:00,AST-0260,AST-0196,Transport,LATERAL_MOVEMENT,EXFILTRATION,0.764,66.4,15-30 min,ACTIVE
PRED-01493,2026-09-02T03:10:00,AST-0024,AST-0076,Government,INITIAL_ACCESS,CREDENTIAL_ACCESS,0.856,95.6,1-3 hr,ACTIVE
PRED-01494,2026-09-14T19:03:00,AST-0391,AST-0349,Manufacturing,RECONNAISSANCE,INITIAL_ACCESS,0.916,81.6,30-60 min,REVIEWED
PRED-01495,2026-09-24T09:55:00,AST-0026,AST-0195,Government,RECONNAISSANCE,INITIAL_ACCESS,0.753,85.3,8-14 min,RESOLVED
PRED-01496,2026-09-23T19:07:00,AST-0264,AST-0146,Transport,LATERAL_MOVEMENT,EXFILTRATION,0.703,80.3,30-60 min,ACTIVE
PRED-01497,2026-09-19T13:11:00,AST-0113,AST-0081,Power & Energy,LATERAL_MOVEMENT,EXFILTRATION,0.807,70.7,30-60 min,RESOLVED
PRED-01498,2026-09-09T09:31:00,AST-0258,AST-0140,Transport,RECONNAISSANCE,INITIAL_ACCESS,0.888,78.8,15-30 min,ACTIVE
PRED-01499,2026-09-09T21:19:00,AST-0096,AST-0265,Banking & Finance,LATERAL_MOVEMENT,EXFILTRATION,0.822,72.2,8-14 min,ACTIVE
PRED-01500,2026-09-22T06:53:00,AST-0416,AST-0054,IT & ITES,CREDENTIAL_ACCESS,LATERAL_MOVEMENT,0.843,94.3,15-30 min,REVIEWED
PRED-01501,2026-09-18T23:17:00,AST-0029,AST-0405,Government,CREDENTIAL_ACCESS,LATERAL_MOVEMENT,0.8,70.0,30-60 min,ACTIVE
PRED-01502,2026-09-13T20:42:00,AST-0007,AST-0004,Government,CREDENTIAL_ACCESS,LATERAL_MOVEMENT,0.911,81.1,30-60 min,RESOLVED
PRED-01503,2026-09-17T19:07:00,AST-0180,AST-0384,Healthcare,RECONNAISSANCE,INITIAL_ACCESS,0.734,83.4,8-14 min,REVIEWED
PRED-01504,2026-09-16T17:01:00,AST-0197,AST-0181,Healthcare,RECONNAISSANCE,INITIAL_ACCESS,0.767,66.7,15-30 min,RESOLVED
PRED-01505,2026-09-08T08:16:00,AST-0290,AST-0243,Transport,PERSISTENCE,LATERAL_MOVEMENT,0.852,75.2,8-14 min,ACTIVE
PRED-01506,2026-09-10T07:21:00,AST-0380,AST-0098,Manufacturing,EXECUTION,PERSISTENCE,0.81,71.0,15-30 min,REVIEWED
PRED-01507,2026-09-23T03:41:00,AST-0013,AST-0008,Government,CREDENTIAL_ACCESS,LATERAL_MOVEMENT,0.868,76.8,30-60 min,ACTIVE
PRED-01508,2026-09-24T14:00:00,AST-0061,AST-0181,Banking & Finance,IMPACT,IMPACT,0.89,79.0,8-14 min,ACTIVE
PRED-01509,2026-09-15T12:32:00,AST-0182,AST-0312,Healthcare,RECONNAISSANCE,INITIAL_ACCESS,0.818,71.8,15-30 min,ACTIVE
PRED-01510,2026-09-03T09:16:00,AST-0391,AST-0179,Manufacturing,LATERAL_MOVEMENT,EXFILTRATION,0.737,63.7,30-60 min,RESOLVED
PRED-01511,2026-09-09T22:24:00,AST-0391,AST-0242,Manufacturing,LATERAL_MOVEMENT,EXFILTRATION,0.768,66.8,1-3 hr,ACTIVE
PRED-01512,2026-09-07T15:38:00,AST-0104,AST-0143,Power & Energy,RECONNAISSANCE,INITIAL_ACCESS,0.791,69.1,30-60 min,REVIEWED
PRED-01513,2026-09-04T10:04:00,AST-0165,AST-0066,Healthcare,IMPACT,IMPACT,0.904,80.4,30-60 min,RESOLVED
PRED-01514,2026-09-07T10:16:00,AST-0219,AST-0451,Telecom,LATERAL_MOVEMENT,EXFILTRATION,0.837,73.7,30-60 min,ACTIVE
PRED-01515,2026-09-19T14:43:00,AST-0040,AST-0252,Government,EXFILTRATION,IMPACT,0.701,60.1,30-60 min,REVIEWED
PRED-01516,2026-09-27T21:06:00,AST-0085,AST-0149,Banking & Finance,INITIAL_ACCESS,CREDENTIAL_ACCESS,0.842,74.2,8-14 min,ACTIVE
PRED-01517,2026-09-23T04:50:00,AST-0422,AST-0226,IT & ITES,EXECUTION,PERSISTENCE,0.839,93.9,30-60 min,REVIEWED
PRED-01518,2026-09-26T07:42:00,AST-0500,AST-0059,Defence,IMPACT,IMPACT,0.772,67.2,8-14 min,RESOLVED
PRED-01519,2026-09-27T13:48:00,AST-0208,AST-0008,Telecom,RECONNAISSANCE,INITIAL_ACCESS,0.774,67.4,8-14 min,REVIEWED
PRED-01520,2026-09-04T11:07:00,AST-0154,AST-0362,Healthcare,LATERAL_MOVEMENT,EXFILTRATION,0.723,62.3,30-60 min,RESOLVED
PRED-01521,2026-09-22T05:04:00,AST-0232,AST-0053,Telecom,RECONNAISSANCE,INITIAL_ACCESS,0.796,69.6,1-3 hr,RESOLVED
PRED-01522,2026-09-21T10:42:00,AST-0008,AST-0085,Government,PERSISTENCE,LATERAL_MOVEMENT,0.812,71.2,15-30 min,RESOLVED
PRED-01523,2026-09-18T05:16:00,AST-0195,AST-0433,Healthcare,LATERAL_MOVEMENT,EXFILTRATION,0.795,69.5,1-3 hr,REVIEWED
PRED-01524,2026-09-08T03:56:00,AST-0488,AST-0082,Defence,CREDENTIAL_ACCESS,LATERAL_MOVEMENT,0.758,85.8,30-60 min,RESOLVED
PRED-01525,2026-09-08T17:46:00,AST-0013,AST-0271,Government,LATERAL_MOVEMENT,EXFILTRATION,0.794,69.4,30-60 min,REVIEWED
PRED-01526,2026-09-22T04:33:00,AST-0421,AST-0144,IT & ITES,EXFILTRATION,IMPACT,0.794,69.4,8-14 min,REVIEWED
PRED-01527,2026-09-23T15:40:00,AST-0226,AST-0081,Telecom,EXFILTRATION,IMPACT,0.723,62.3,15-30 min,ACTIVE
PRED-01528,2026-09-03T08:41:00,AST-0047,AST-0327,Government,INITIAL_ACCESS,CREDENTIAL_ACCESS,0.807,70.7,15-30 min,ACTIVE
PRED-01529,2026-09-04T07:56:00,AST-0387,AST-0169,Manufacturing,INITIAL_ACCESS,CREDENTIAL_ACCESS,0.785,68.5,1-3 hr,RESOLVED
PRED-01530,2026-09-05T16:18:00,AST-0225,AST-0285,Telecom,IMPACT,IMPACT,0.767,66.7,8-14 min,RESOLVED
PRED-01531,2026-09-01T20:56:00,AST-0021,AST-0180,Government,PERSISTENCE,LATERAL_MOVEMENT,0.838,93.8,30-60 min,ACTIVE
PRED-01532,2026-09-18T06:46:00,AST-0071,AST-0331,Banking & Finance,INITIAL_ACCESS,CREDENTIAL_ACCESS,0.827,72.7,30-60 min,RESOLVED
PRED-01533,2026-09-13T20:45:00,AST-0390,AST-0391,Manufacturing,RECONNAISSANCE,INITIAL_ACCESS,0.833,73.3,30-60 min,REVIEWED
PRED-01534,2026-09-26T02:07:00,AST-0221,AST-0252,Telecom,CREDENTIAL_ACCESS,LATERAL_MOVEMENT,0.885,78.5,30-60 min,REVIEWED
PRED-01535,2026-09-05T05:53:00,AST-0163,AST-0475,Healthcare,INITIAL_ACCESS,CREDENTIAL_ACCESS,0.741,64.1,30-60 min,REVIEWED
PRED-01536,2026-09-12T10:56:00,AST-0497,AST-0143,Defence,CREDENTIAL_ACCESS,LATERAL_MOVEMENT,0.79,89.0,8-14 min,REVIEWED
PRED-01537,2026-09-15T12:50:00,AST-0025,AST-0386,Government,RECONNAISSANCE,INITIAL_ACCESS,0.679,57.9,8-14 min,REVIEWED
PRED-01538,2026-09-23T03:40:00,AST-0038,AST-0306,Government,CREDENTIAL_ACCESS,LATERAL_MOVEMENT,0.716,61.6,1-3 hr,RESOLVED
PRED-01539,2026-09-04T21:41:00,AST-0307,AST-0493,Education,IMPACT,IMPACT,0.81,71.0,30-60 min,ACTIVE
PRED-01540,2026-09-10T20:45:00,AST-0404,AST-0275,IT & ITES,RECONNAISSANCE,INITIAL_ACCESS,0.752,65.2,15-30 min,ACTIVE
PRED-01541,2026-09-23T02:00:00,AST-0307,AST-0148,Education,CREDENTIAL_ACCESS,LATERAL_MOVEMENT,0.919,81.9,30-60 min,ACTIVE
PRED-01542,2026-09-20T09:52:00,AST-0140,AST-0488,Power & Energy,EXECUTION,PERSISTENCE,0.67,57.0,8-14 min,RESOLVED
PRED-01543,2026-09-22T12:01:00,AST-0021,AST-0252,Government,LATERAL_MOVEMENT,EXFILTRATION,0.813,91.3,30-60 min,ACTIVE
PRED-01544,2026-09-15T18:17:00,AST-0259,AST-0284,Transport,RECONNAISSANCE,INITIAL_ACCESS,0.759,65.9,8-14 min,ACTIVE
PRED-01545,2026-09-18T16:44:00,AST-0248,AST-0388,Telecom,EXFILTRATION,IMPACT,0.746,64.6,8-14 min,ACTIVE
PRED-01546,2026-09-08T17:44:00,AST-0305,AST-0311,Education,INITIAL_ACCESS,CREDENTIAL_ACCESS,0.863,76.3,8-14 min,ACTIVE
PRED-01547,2026-09-20T19:26:00,AST-0314,AST-0234,Education,LATERAL_MOVEMENT,EXFILTRATION,0.854,75.4,30-60 min,REVIEWED
PRED-01548,2026-09-01T20:15:00,AST-0013,AST-0150,Government,RECONNAISSANCE,INITIAL_ACCESS,0.797,69.7,15-30 min,RESOLVED
PRED-01549,2026-09-21T06:01:00,AST-0334,AST-0394,Education,INITIAL_ACCESS,CREDENTIAL_ACCESS,0.719,61.9,8-14 min,ACTIVE
PRED-01550,2026-09-10T21:16:00,AST-0473,AST-0356,Defence,PERSISTENCE,LATERAL_MOVEMENT,0.918,81.8,30-60 min,REVIEWED
PRED-01551,2026-09-10T10:25:00,AST-0117,AST-0086,Power & Energy,RECONNAISSANCE,INITIAL_ACCESS,0.814,71.4,1-3 hr,RESOLVED
PRED-01552,2026-09-01T20:23:00,AST-0429,AST-0491,IT & ITES,LATERAL_MOVEMENT,EXFILTRATION,0.73,63.0,15-30 min,ACTIVE
PRED-01553,2026-09-26T21:06:00,AST-0112,AST-0348,Power & Energy,CREDENTIAL_ACCESS,LATERAL_MOVEMENT,0.895,79.5,15-30 min,RESOLVED
PRED-01554,2026-09-07T19:48:00,AST-0091,AST-0288,Banking & Finance,CREDENTIAL_ACCESS,LATERAL_MOVEMENT,0.859,75.9,1-3 hr,ACTIVE
PRED-01555,2026-09-05T16:48:00,AST-0173,AST-0358,Healthcare,INITIAL_ACCESS,CREDENTIAL_ACCESS,0.843,74.3,30-60 min,RESOLVED
PRED-01556,2026-09-09T05:29:00,AST-0265,AST-0058,Transport,RECONNAISSANCE,INITIAL_ACCESS,0.749,64.9,1-3 hr,RESOLVED
PRED-01557,2026-09-01T04:58:00,AST-0309,AST-0366,Education,RECONNAISSANCE,INITIAL_ACCESS,0.849,74.9,15-30 min,RESOLVED
PRED-01558,2026-09-18T00:58:00,AST-0195,AST-0339,Healthcare,CREDENTIAL_ACCESS,LATERAL_MOVEMENT,0.898,79.8,1-3 hr,RESOLVED
PRED-01559,2026-09-17T00:15:00,AST-0327,AST-0018,Education,LATERAL_MOVEMENT,EXFILTRATION,0.842,74.2,15-30 min,REVIEWED
PRED-01560,2026-09-04T10:15:00,AST-0487,AST-0375,Defence,CREDENTIAL_ACCESS,LATERAL_MOVEMENT,0.883,78.3,15-30 min,REVIEWED
PRED-01561,2026-09-15T02:20:00,AST-0188,AST-0282,Healthcare,EXECUTION,PERSISTENCE,0.846,74.6,30-60 min,ACTIVE
PRED-01562,2026-09-26T00:08:00,AST-0377,AST-0049,Manufacturing,IMPACT,IMPACT,0.875,77.5,1-3 hr,RESOLVED
PRED-01563,2026-09-15T07:20:00,AST-0463,AST-0244,Defence,INITIAL_ACCESS,CREDENTIAL_ACCESS,0.867,76.7,1-3 hr,RESOLVED
PRED-01564,2026-09-04T08:06:00,AST-0263,AST-0358,Transport,RECONNAISSANCE,INITIAL_ACCESS,0.739,63.9,8-14 min,REVIEWED
PRED-01565,2026-09-04T06:54:00,AST-0256,AST-0330,Transport,EXECUTION,PERSISTENCE,0.862,76.2,8-14 min,RESOLVED
PRED-01566,2026-09-27T15:10:00,AST-0334,AST-0237,Education,RECONNAISSANCE,INITIAL_ACCESS,0.806,70.6,30-60 min,ACTIVE
PRED-01567,2026-09-11T22:35:00,AST-0162,AST-0305,Healthcare,RECONNAISSANCE,INITIAL_ACCESS,0.796,69.6,15-30 min,ACTIVE
PRED-01568,2026-09-22T05:53:00,AST-0315,AST-0370,Education,IMPACT,IMPACT,0.808,70.8,15-30 min,ACTIVE
PRED-01569,2026-09-02T10:43:00,AST-0455,AST-0254,Defence,INITIAL_ACCESS,CREDENTIAL_ACCESS,0.834,73.4,30-60 min,ACTIVE
PRED-01570,2026-09-09T23:25:00,AST-0477,AST-0446,Defence,EXECUTION,PERSISTENCE,0.845,74.5,30-60 min,ACTIVE
PRED-01571,2026-09-09T19:45:00,AST-0324,AST-0344,Education,INITIAL_ACCESS,CREDENTIAL_ACCESS,0.953,85.3,1-3 hr,REVIEWED
PRED-01572,2026-09-20T20:26:00,AST-0071,AST-0154,Banking & Finance,INITIAL_ACCESS,CREDENTIAL_ACCESS,0.757,65.7,30-60 min,ACTIVE
PRED-01573,2026-09-25T05:33:00,AST-0144,AST-0109,Power & Energy,CREDENTIAL_ACCESS,LATERAL_MOVEMENT,0.793,89.3,1-3 hr,ACTIVE
PRED-01574,2026-09-13T01:12:00,AST-0315,AST-0384,Education,EXECUTION,PERSISTENCE,0.71,61.0,15-30 min,REVIEWED
PRED-01575,2026-09-18T04:47:00,AST-0215,AST-0301,Telecom,RECONNAISSANCE,INITIAL_ACCESS,0.732,63.2,30-60 min,ACTIVE
PRED-01576,2026-09-18T15:01:00,AST-0449,AST-0460,IT & ITES,RECONNAISSANCE,INITIAL_ACCESS,0.79,69.0,15-30 min,REVIEWED
PRED-01577,2026-09-17T04:58:00,AST-0207,AST-0299,Telecom,RECONNAISSANCE,INITIAL_ACCESS,0.835,73.5,15-30 min,RESOLVED
PRED-01578,2026-09-05T00:35:00,AST-0098,AST-0200,Banking & Finance,RECONNAISSANCE,INITIAL_ACCESS,0.735,63.5,30-60 min,ACTIVE
PRED-01579,2026-09-03T23:03:00,AST-0381,AST-0238,Manufacturing,EXECUTION,PERSISTENCE,0.868,76.8,30-60 min,RESOLVED
PRED-01580,2026-09-01T18:15:00,AST-0124,AST-0211,Power & Energy,RECONNAISSANCE,INITIAL_ACCESS,0.793,69.3,30-60 min,ACTIVE
PRED-01581,2026-09-25T22:21:00,AST-0288,AST-0469,Transport,PERSISTENCE,LATERAL_MOVEMENT,0.825,72.5,30-60 min,REVIEWED
PRED-01582,2026-09-20T06:57:00,AST-0446,AST-0189,IT & ITES,LATERAL_MOVEMENT,EXFILTRATION,0.696,59.6,8-14 min,ACTIVE
PRED-01583,2026-09-08T22:37:00,AST-0273,AST-0354,Transport,INITIAL_ACCESS,CREDENTIAL_ACCESS,0.772,67.2,8-14 min,REVIEWED
PRED-01584,2026-09-16T02:49:00,AST-0474,AST-0300,Defence,EXECUTION,PERSISTENCE,0.737,63.7,30-60 min,RESOLVED
PRED-01585,2026-09-09T02:38:00,AST-0201,AST-0120,Telecom,INITIAL_ACCESS,CREDENTIAL_ACCESS,0.891,79.1,30-60 min,ACTIVE
PRED-01586,2026-09-27T16:13:00,AST-0162,AST-0411,Healthcare,INITIAL_ACCESS,CREDENTIAL_ACCESS,0.714,61.4,8-14 min,REVIEWED
PRED-01587,2026-09-18T10:24:00,AST-0419,AST-0234,IT & ITES,INITIAL_ACCESS,CREDENTIAL_ACCESS,0.923,82.3,15-30 min,RESOLVED
PRED-01588,2026-09-05T14:27:00,AST-0225,AST-0261,Telecom,IMPACT,IMPACT,0.758,65.8,30-60 min,ACTIVE
PRED-01589,2026-09-15T09:22:00,AST-0163,AST-0019,Healthcare,RECONNAISSANCE,INITIAL_ACCESS,0.753,65.3,8-14 min,ACTIVE
PRED-01590,2026-09-20T12:26:00,AST-0048,AST-0333,Government,LATERAL_MOVEMENT,EXFILTRATION,0.867,76.7,1-3 hr,REVIEWED
PRED-01591,2026-09-03T07:00:00,AST-0033,AST-0327,Government,CREDENTIAL_ACCESS,LATERAL_MOVEMENT,0.849,74.9,15-30 min,ACTIVE
PRED-01592,2026-09-21T09:20:00,AST-0200,AST-0336,Healthcare,RECONNAISSANCE,INITIAL_ACCESS,0.74,84.0,8-14 min,ACTIVE
PRED-01593,2026-09-21T06:03:00,AST-0091,AST-0315,Banking & Finance,INITIAL_ACCESS,CREDENTIAL_ACCESS,0.899,79.9,15-30 min,ACTIVE
PRED-01594,2026-09-09T23:43:00,AST-0473,AST-0428,Defence,EXECUTION,PERSISTENCE,0.827,72.7,30-60 min,RESOLVED
PRED-01595,2026-09-18T22:26:00,AST-0230,AST-0141,Telecom,PERSISTENCE,LATERAL_MOVEMENT,0.826,72.6,8-14 min,RESOLVED
PRED-01596,2026-09-17T21:55:00,AST-0312,AST-0433,Education,INITIAL_ACCESS,CREDENTIAL_ACCESS,0.876,77.6,8-14 min,REVIEWED
PRED-01597,2026-09-01T15:08:00,AST-0214,AST-0393,Telecom,CREDENTIAL_ACCESS,LATERAL_MOVEMENT,0.865,76.5,8-14 min,REVIEWED
PRED-01598,2026-09-08T06:25:00,AST-0464,AST-0222,Defence,INITIAL_ACCESS,CREDENTIAL_ACCESS,0.864,76.4,1-3 hr,ACTIVE
PRED-01599,2026-09-22T16:23:00,AST-0379,AST-0174,Manufacturing,EXECUTION,PERSISTENCE,0.873,77.3,1-3 hr,ACTIVE
PRED-01600,2026-09-27T22:48:00,AST-0058,AST-0007,Banking & Finance,RECONNAISSANCE,INITIAL_ACCESS,0.813,71.3,15-30 min,ACTIVE
PRED-01601,2026-09-05T05:08:00,AST-0323,AST-0462,Education,EXECUTION,PERSISTENCE,0.795,69.5,30-60 min,ACTIVE
PRED-01602,2026-09-18T10:26:00,AST-0222,AST-0459,Telecom,EXECUTION,PERSISTENCE,0.844,74.4,8-14 min,REVIEWED
PRED-01603,2026-09-12T07:14:00,AST-0326,AST-0083,Education,LATERAL_MOVEMENT,EXFILTRATION,0.806,70.6,1-3 hr,ACTIVE
PRED-01604,2026-09-23T22:16:00,AST-0057,AST-0355,Banking & Finance,RECONNAISSANCE,INITIAL_ACCESS,0.831,93.1,15-30 min,ACTIVE
PRED-01605,2026-09-26T22:11:00,AST-0259,AST-0046,Transport,LATERAL_MOVEMENT,EXFILTRATION,0.729,62.9,1-3 hr,ACTIVE
PRED-01606,2026-09-27T19:30:00,AST-0053,AST-0336,Banking & Finance,EXECUTION,PERSISTENCE,0.751,65.1,8-14 min,ACTIVE
PRED-01607,2026-09-09T04:19:00,AST-0113,AST-0232,Power & Energy,EXFILTRATION,IMPACT,0.736,63.6,30-60 min,ACTIVE
PRED-01608,2026-09-24T01:40:00,AST-0153,AST-0253,Healthcare,EXECUTION,PERSISTENCE,0.802,70.2,15-30 min,ACTIVE
PRED-01609,2026-09-02T09:22:00,AST-0056,AST-0491,Banking & Finance,INITIAL_ACCESS,CREDENTIAL_ACCESS,0.847,74.7,1-3 hr,REVIEWED
PRED-01610,2026-09-07T12:27:00,AST-0067,AST-0163,Banking & Finance,CREDENTIAL_ACCESS,LATERAL_MOVEMENT,0.836,73.6,8-14 min,ACTIVE
PRED-01611,2026-09-09T21:21:00,AST-0165,AST-0139,Healthcare,EXECUTION,PERSISTENCE,0.819,71.9,8-14 min,RESOLVED
PRED-01612,2026-09-22T19:45:00,AST-0314,AST-0311,Education,LATERAL_MOVEMENT,EXFILTRATION,0.725,62.5,8-14 min,ACTIVE
PRED-01613,2026-09-06T13:27:00,AST-0071,AST-0019,Banking & Finance,RECONNAISSANCE,INITIAL_ACCESS,0.808,70.8,30-60 min,RESOLVED
PRED-01614,2026-09-04T21:45:00,AST-0313,AST-0212,Education,LATERAL_MOVEMENT,EXFILTRATION,0.781,68.1,1-3 hr,REVIEWED
PRED-01615,2026-09-25T23:10:00,AST-0418,AST-0110,IT & ITES,INITIAL_ACCESS,CREDENTIAL_ACCESS,0.916,81.6,15-30 min,ACTIVE
PRED-01616,2026-09-19T07:54:00,AST-0093,AST-0312,Banking & Finance,CREDENTIAL_ACCESS,LATERAL_MOVEMENT,0.834,93.4,15-30 min,ACTIVE
PRED-01617,2026-09-17T01:09:00,AST-0070,AST-0143,Banking & Finance,PERSISTENCE,LATERAL_MOVEMENT,0.831,73.1,8-14 min,ACTIVE
PRED-01618,2026-09-13T23:47:00,AST-0209,AST-0067,Telecom,EXFILTRATION,IMPACT,0.792,69.2,15-30 min,RESOLVED
PRED-01619,2026-09-24T08:07:00,AST-0120,AST-0465,Power & Energy,EXECUTION,PERSISTENCE,0.776,67.6,1-3 hr,REVIEWED
PRED-01620,2026-09-08T19:06:00,AST-0048,AST-0085,Government,IMPACT,IMPACT,0.781,68.1,8-14 min,RESOLVED
PRED-01621,2026-09-06T04:29:00,AST-0265,AST-0117,Transport,LATERAL_MOVEMENT,EXFILTRATION,0.717,61.7,8-14 min,RESOLVED
PRED-01622,2026-09-24T20:20:00,AST-0169,AST-0134,Healthcare,IMPACT,IMPACT,0.808,70.8,1-3 hr,REVIEWED
PRED-01623,2026-09-27T19:14:00,AST-0391,AST-0028,Manufacturing,EXECUTION,PERSISTENCE,0.787,68.7,8-14 min,REVIEWED
PRED-01624,2026-09-10T12:31:00,AST-0199,AST-0343,Healthcare,EXECUTION,PERSISTENCE,0.813,91.3,30-60 min,ACTIVE
PRED-01625,2026-09-25T02:47:00,AST-0046,AST-0113,Government,LATERAL_MOVEMENT,EXFILTRATION,0.83,73.0,30-60 min,REVIEWED
PRED-01626,2026-09-21T21:53:00,AST-0408,AST-0176,IT & ITES,INITIAL_ACCESS,CREDENTIAL_ACCESS,0.753,65.3,1-3 hr,REVIEWED
PRED-01627,2026-09-02T16:24:00,AST-0440,AST-0115,IT & ITES,EXECUTION,PERSISTENCE,0.868,76.8,8-14 min,ACTIVE
PRED-01628,2026-09-09T07:08:00,AST-0075,AST-0471,Banking & Finance,EXFILTRATION,IMPACT,0.789,68.9,30-60 min,RESOLVED
PRED-01629,2026-09-23T15:26:00,AST-0166,AST-0049,Healthcare,LATERAL_MOVEMENT,EXFILTRATION,0.771,67.1,1-3 hr,REVIEWED
PRED-01630,2026-09-23T20:42:00,AST-0371,AST-0468,Manufacturing,CREDENTIAL_ACCESS,LATERAL_MOVEMENT,0.822,72.2,15-30 min,REVIEWED
PRED-01631,2026-09-05T07:26:00,AST-0201,AST-0385,Telecom,RECONNAISSANCE,INITIAL_ACCESS,0.707,60.7,1-3 hr,ACTIVE
PRED-01632,2026-09-21T07:52:00,AST-0462,AST-0304,Defence,LATERAL_MOVEMENT,EXFILTRATION,0.797,89.7,30-60 min,REVIEWED
PRED-01633,2026-09-12T08:41:00,AST-0249,AST-0093,Telecom,PERSISTENCE,LATERAL_MOVEMENT,0.808,90.8,30-60 min,RESOLVED
PRED-01634,2026-09-21T17:09:00,AST-0078,AST-0225,Banking & Finance,CREDENTIAL_ACCESS,LATERAL_MOVEMENT,0.809,70.9,15-30 min,ACTIVE
PRED-01635,2026-09-04T12:36:00,AST-0028,AST-0373,Government,RECONNAISSANCE,INITIAL_ACCESS,0.714,61.4,30-60 min,ACTIVE
PRED-01636,2026-09-19T06:36:00,AST-0230,AST-0214,Telecom,RECONNAISSANCE,INITIAL_ACCESS,0.758,65.8,8-14 min,ACTIVE
PRED-01637,2026-09-18T04:42:00,AST-0213,AST-0389,Telecom,INITIAL_ACCESS,CREDENTIAL_ACCESS,0.826,72.6,1-3 hr,REVIEWED
PRED-01638,2026-09-25T11:26:00,AST-0412,AST-0362,IT & ITES,LATERAL_MOVEMENT,EXFILTRATION,0.737,83.7,15-30 min,ACTIVE
PRED-01639,2026-09-24T02:36:00,AST-0280,AST-0268,Transport,LATERAL_MOVEMENT,EXFILTRATION,0.855,95.5,30-60 min,ACTIVE
PRED-01640,2026-09-27T21:49:00,AST-0009,AST-0159,Government,CREDENTIAL_ACCESS,LATERAL_MOVEMENT,0.929,82.9,15-30 min,ACTIVE
PRED-01641,2026-09-15T14:18:00,AST-0366,AST-0073,Manufacturing,EXFILTRATION,IMPACT,0.832,73.2,15-30 min,REVIEWED
PRED-01642,2026-09-03T09:07:00,AST-0156,AST-0132,Healthcare,LATERAL_MOVEMENT,EXFILTRATION,0.821,72.1,30-60 min,ACTIVE
PRED-01643,2026-09-19T11:00:00,AST-0400,AST-0488,Manufacturing,EXECUTION,PERSISTENCE,0.761,66.1,8-14 min,ACTIVE
PRED-01644,2026-09-24T11:46:00,AST-0491,AST-0457,Defence,CREDENTIAL_ACCESS,LATERAL_MOVEMENT,0.894,99.0,8-14 min,RESOLVED
PRED-01645,2026-09-22T03:11:00,AST-0140,AST-0094,Power & Energy,RECONNAISSANCE,INITIAL_ACCESS,0.787,68.7,1-3 hr,RESOLVED
PRED-01646,2026-09-06T14:18:00,AST-0259,AST-0199,Transport,LATERAL_MOVEMENT,EXFILTRATION,0.828,72.8,8-14 min,ACTIVE
PRED-01647,2026-09-04T21:34:00,AST-0297,AST-0139,Transport,INITIAL_ACCESS,CREDENTIAL_ACCESS,0.737,63.7,30-60 min,ACTIVE
PRED-01648,2026-09-08T15:08:00,AST-0009,AST-0038,Government,INITIAL_ACCESS,CREDENTIAL_ACCESS,0.802,70.2,1-3 hr,REVIEWED
PRED-01649,2026-09-07T20:54:00,AST-0249,AST-0274,Telecom,INITIAL_ACCESS,CREDENTIAL_ACCESS,0.883,98.3,15-30 min,ACTIVE
PRED-01650,2026-09-06T13:45:00,AST-0052,AST-0491,Banking & Finance,INITIAL_ACCESS,CREDENTIAL_ACCESS,0.745,64.5,30-60 min,RESOLVED
PRED-01651,2026-09-03T18:48:00,AST-0232,AST-0237,Telecom,RECONNAISSANCE,INITIAL_ACCESS,0.773,67.3,1-3 hr,ACTIVE
PRED-01652,2026-09-23T21:17:00,AST-0086,AST-0477,Banking & Finance,INITIAL_ACCESS,CREDENTIAL_ACCESS,0.692,59.2,8-14 min,ACTIVE
PRED-01653,2026-09-01T08:37:00,AST-0100,AST-0335,Banking & Finance,LATERAL_MOVEMENT,EXFILTRATION,0.711,61.1,30-60 min,RESOLVED
PRED-01654,2026-09-02T19:44:00,AST-0436,AST-0326,IT & ITES,INITIAL_ACCESS,CREDENTIAL_ACCESS,0.885,98.5,8-14 min,ACTIVE
PRED-01655,2026-09-07T09:50:00,AST-0432,AST-0076,IT & ITES,RECONNAISSANCE,INITIAL_ACCESS,0.8,70.0,1-3 hr,ACTIVE
PRED-01656,2026-09-22T03:33:00,AST-0368,AST-0026,Manufacturing,INITIAL_ACCESS,CREDENTIAL_ACCESS,0.809,70.9,8-14 min,RESOLVED
PRED-01657,2026-09-20T00:56:00,AST-0353,AST-0007,Manufacturing,LATERAL_MOVEMENT,EXFILTRATION,0.821,72.1,30-60 min,REVIEWED
PRED-01658,2026-09-04T21:33:00,AST-0083,AST-0042,Banking & Finance,INITIAL_ACCESS,CREDENTIAL_ACCESS,0.876,77.6,15-30 min,ACTIVE
PRED-01659,2026-09-13T13:48:00,AST-0069,AST-0034,Banking & Finance,IMPACT,IMPACT,0.812,71.2,8-14 min,ACTIVE
PRED-01660,2026-09-19T11:41:00,AST-0319,AST-0434,Education,IMPACT,IMPACT,0.787,68.7,15-30 min,REVIEWED
PRED-01661,2026-09-21T21:23:00,AST-0124,AST-0388,Power & Energy,INITIAL_ACCESS,CREDENTIAL_ACCESS,0.73,63.0,15-30 min,REVIEWED
PRED-01662,2026-09-25T23:12:00,AST-0330,AST-0240,Education,EXECUTION,PERSISTENCE,0.702,60.2,8-14 min,RESOLVED
PRED-01663,2026-09-21T17:08:00,AST-0070,AST-0498,Banking & Finance,EXECUTION,PERSISTENCE,0.774,67.4,30-60 min,REVIEWED
PRED-01664,2026-09-26T02:16:00,AST-0493,AST-0326,Defence,RECONNAISSANCE,INITIAL_ACCESS,0.747,64.7,8-14 min,RESOLVED
PRED-01665,2026-09-08T11:20:00,AST-0280,AST-0076,Transport,EXFILTRATION,IMPACT,0.754,85.4,8-14 min,ACTIVE
PRED-01666,2026-09-22T14:19:00,AST-0339,AST-0082,Education,CREDENTIAL_ACCESS,LATERAL_MOVEMENT,0.858,75.8,15-30 min,ACTIVE
PRED-01667,2026-09-19T16:34:00,AST-0024,AST-0386,Government,IMPACT,IMPACT,0.919,99.0,1-3 hr,RESOLVED
PRED-01668,2026-09-22T14:50:00,AST-0311,AST-0362,Education,CREDENTIAL_ACCESS,LATERAL_MOVEMENT,0.879,77.9,8-14 min,ACTIVE
PRED-01669,2026-09-06T03:33:00,AST-0415,AST-0207,IT & ITES,EXECUTION,PERSISTENCE,0.809,70.9,30-60 min,RESOLVED
PRED-01670,2026-09-14T07:40:00,AST-0469,AST-0365,Defence,PERSISTENCE,LATERAL_MOVEMENT,0.717,61.7,15-30 min,RESOLVED
PRED-01671,2026-09-20T19:02:00,AST-0071,AST-0100,Banking & Finance,PERSISTENCE,LATERAL_MOVEMENT,0.949,84.9,1-3 hr,RESOLVED
PRED-01672,2026-09-02T04:11:00,AST-0279,AST-0360,Transport,LATERAL_MOVEMENT,EXFILTRATION,0.866,76.6,30-60 min,REVIEWED
PRED-01673,2026-09-11T17:01:00,AST-0417,AST-0067,IT & ITES,RECONNAISSANCE,INITIAL_ACCESS,0.849,74.9,15-30 min,REVIEWED
PRED-01674,2026-09-20T00:06:00,AST-0352,AST-0022,Manufacturing,EXFILTRATION,IMPACT,0.779,87.9,1-3 hr,REVIEWED
PRED-01675,2026-09-26T00:17:00,AST-0479,AST-0449,Defence,LATERAL_MOVEMENT,EXFILTRATION,0.804,70.4,1-3 hr,ACTIVE
PRED-01676,2026-09-01T19:55:00,AST-0347,AST-0314,Education,CREDENTIAL_ACCESS,LATERAL_MOVEMENT,0.836,93.6,1-3 hr,ACTIVE
PRED-01677,2026-09-26T06:13:00,AST-0452,AST-0406,Defence,PERSISTENCE,LATERAL_MOVEMENT,0.702,80.2,8-14 min,ACTIVE
PRED-01678,2026-09-09T02:21:00,AST-0141,AST-0355,Power & Energy,IMPACT,IMPACT,0.873,77.3,15-30 min,REVIEWED
PRED-01679,2026-09-02T15:46:00,AST-0433,AST-0190,IT & ITES,CREDENTIAL_ACCESS,LATERAL_MOVEMENT,0.785,68.5,1-3 hr,RESOLVED
PRED-01680,2026-09-07T03:04:00,AST-0326,AST-0184,Education,LATERAL_MOVEMENT,EXFILTRATION,0.797,69.7,1-3 hr,REVIEWED
PRED-01681,2026-09-25T04:17:00,AST-0032,AST-0223,Government,PERSISTENCE,LATERAL_MOVEMENT,0.734,63.4,1-3 hr,ACTIVE
PRED-01682,2026-09-15T06:59:00,AST-0142,AST-0415,Power & Energy,CREDENTIAL_ACCESS,LATERAL_MOVEMENT,0.931,83.1,15-30 min,ACTIVE
PRED-01683,2026-09-06T04:50:00,AST-0186,AST-0329,Healthcare,INITIAL_ACCESS,CREDENTIAL_ACCESS,0.708,60.8,8-14 min,REVIEWED
PRED-01684,2026-09-04T06:32:00,AST-0006,AST-0436,Government,RECONNAISSANCE,INITIAL_ACCESS,0.746,64.6,30-60 min,REVIEWED
PRED-01685,2026-09-08T08:52:00,AST-0177,AST-0051,Healthcare,RECONNAISSANCE,INITIAL_ACCESS,0.799,69.9,30-60 min,ACTIVE
PRED-01686,2026-09-17T17:55:00,AST-0259,AST-0302,Transport,CREDENTIAL_ACCESS,LATERAL_MOVEMENT,0.916,81.6,8-14 min,REVIEWED
PRED-01687,2026-09-06T20:52:00,AST-0276,AST-0114,Transport,EXECUTION,PERSISTENCE,0.815,71.5,30-60 min,ACTIVE
PRED-01688,2026-09-17T05:18:00,AST-0371,AST-0275,Manufacturing,CREDENTIAL_ACCESS,LATERAL_MOVEMENT,0.853,75.3,8-14 min,RESOLVED
PRED-01689,2026-09-26T02:48:00,AST-0255,AST-0018,Transport,RECONNAISSANCE,INITIAL_ACCESS,0.742,64.2,8-14 min,ACTIVE
PRED-01690,2026-09-15T19:05:00,AST-0417,AST-0212,IT & ITES,LATERAL_MOVEMENT,EXFILTRATION,0.763,66.3,1-3 hr,ACTIVE
PRED-01691,2026-09-21T01:51:00,AST-0476,AST-0026,Defence,INITIAL_ACCESS,CREDENTIAL_ACCESS,0.737,63.7,1-3 hr,ACTIVE
PRED-01692,2026-09-27T03:56:00,AST-0250,AST-0028,Telecom,IMPACT,IMPACT,0.915,81.5,1-3 hr,RESOLVED
PRED-01693,2026-09-19T17:13:00,AST-0108,AST-0454,Power & Energy,LATERAL_MOVEMENT,EXFILTRATION,0.771,87.1,15-30 min,REVIEWED
PRED-01694,2026-09-06T23:16:00,AST-0159,AST-0434,Healthcare,PERSISTENCE,LATERAL_MOVEMENT,0.764,66.4,30-60 min,REVIEWED
PRED-01695,2026-09-03T17:59:00,AST-0441,AST-0439,IT & ITES,PERSISTENCE,LATERAL_MOVEMENT,0.903,80.3,8-14 min,RESOLVED
PRED-01696,2026-09-12T11:54:00,AST-0339,AST-0121,Education,IMPACT,IMPACT,0.781,68.1,30-60 min,ACTIVE
PRED-01697,2026-09-23T10:02:00,AST-0275,AST-0261,Transport,INITIAL_ACCESS,CREDENTIAL_ACCESS,0.765,66.5,15-30 min,ACTIVE
PRED-01698,2026-09-20T23:45:00,AST-0325,AST-0487,Education,EXFILTRATION,IMPACT,0.801,70.1,8-14 min,ACTIVE
PRED-01699,2026-09-04T07:27:00,AST-0111,AST-0441,Power & Energy,CREDENTIAL_ACCESS,LATERAL_MOVEMENT,0.814,71.4,30-60 min,ACTIVE
PRED-01700,2026-09-24T11:39:00,AST-0292,AST-0033,Transport,CREDENTIAL_ACCESS,LATERAL_MOVEMENT,0.866,76.6,8-14 min,ACTIVE
PRED-01701,2026-09-04T08:21:00,AST-0215,AST-0362,Telecom,RECONNAISSANCE,INITIAL_ACCESS,0.724,62.4,8-14 min,REVIEWED
PRED-01702,2026-09-02T23:48:00,AST-0327,AST-0354,Education,CREDENTIAL_ACCESS,LATERAL_MOVEMENT,0.846,74.6,15-30 min,RESOLVED
PRED-01703,2026-09-24T02:15:00,AST-0335,AST-0111,Education,RECONNAISSANCE,INITIAL_ACCESS,0.738,63.8,1-3 hr,RESOLVED
PRED-01704,2026-09-09T22:07:00,AST-0384,AST-0362,Manufacturing,RECONNAISSANCE,INITIAL_ACCESS,0.734,63.4,15-30 min,ACTIVE
PRED-01705,2026-09-08T00:10:00,AST-0453,AST-0058,Defence,LATERAL_MOVEMENT,EXFILTRATION,0.728,82.8,1-3 hr,ACTIVE
PRED-01706,2026-09-03T21:28:00,AST-0179,AST-0395,Healthcare,RECONNAISSANCE,INITIAL_ACCESS,0.796,69.6,30-60 min,ACTIVE
PRED-01707,2026-09-19T02:02:00,AST-0350,AST-0378,Education,INITIAL_ACCESS,CREDENTIAL_ACCESS,0.733,63.3,30-60 min,ACTIVE
PRED-01708,2026-09-24T18:29:00,AST-0230,AST-0177,Telecom,RECONNAISSANCE,INITIAL_ACCESS,0.78,68.0,8-14 min,REVIEWED
PRED-01709,2026-09-21T08:47:00,AST-0477,AST-0391,Defence,IMPACT,IMPACT,0.771,67.1,1-3 hr,ACTIVE
PRED-01710,2026-09-23T09:57:00,AST-0079,AST-0093,Banking & Finance,INITIAL_ACCESS,CREDENTIAL_ACCESS,0.849,74.9,8-14 min,REVIEWED
PRED-01711,2026-09-24T10:29:00,AST-0049,AST-0379,Government,RECONNAISSANCE,INITIAL_ACCESS,0.785,68.5,8-14 min,ACTIVE
PRED-01712,2026-09-02T01:38:00,AST-0010,AST-0225,Government,RECONNAISSANCE,INITIAL_ACCESS,0.827,72.7,30-60 min,ACTIVE
PRED-01713,2026-09-16T09:14:00,AST-0020,AST-0255,Government,RECONNAISSANCE,INITIAL_ACCESS,0.789,68.9,1-3 hr,REVIEWED
PRED-01714,2026-09-25T22:41:00,AST-0434,AST-0131,IT & ITES,RECONNAISSANCE,INITIAL_ACCESS,0.723,62.3,30-60 min,ACTIVE
PRED-01715,2026-09-08T19:19:00,AST-0449,AST-0039,IT & ITES,RECONNAISSANCE,INITIAL_ACCESS,0.728,62.8,8-14 min,RESOLVED
PRED-01716,2026-09-16T17:18:00,AST-0376,AST-0175,Manufacturing,RECONNAISSANCE,INITIAL_ACCESS,0.733,63.3,30-60 min,REVIEWED
PRED-01717,2026-09-14T02:26:00,AST-0487,AST-0316,Defence,IMPACT,IMPACT,0.784,68.4,1-3 hr,ACTIVE
PRED-01718,2026-09-04T05:27:00,AST-0370,AST-0291,Manufacturing,INITIAL_ACCESS,CREDENTIAL_ACCESS,0.889,78.9,30-60 min,ACTIVE
PRED-01719,2026-09-01T09:45:00,AST-0112,AST-0050,Power & Energy,EXECUTION,PERSISTENCE,0.809,70.9,30-60 min,REVIEWED
PRED-01720,2026-09-13T08:27:00,AST-0225,AST-0109,Telecom,CREDENTIAL_ACCESS,LATERAL_MOVEMENT,0.823,72.3,30-60 min,ACTIVE
PRED-01721,2026-09-12T21:55:00,AST-0467,AST-0358,Defence,CREDENTIAL_ACCESS,LATERAL_MOVEMENT,0.865,76.5,8-14 min,ACTIVE
PRED-01722,2026-09-14T13:34:00,AST-0285,AST-0489,Transport,INITIAL_ACCESS,CREDENTIAL_ACCESS,0.9,80.0,30-60 min,ACTIVE
PRED-01723,2026-09-12T23:45:00,AST-0183,AST-0294,Healthcare,EXFILTRATION,IMPACT,0.682,58.2,15-30 min,RESOLVED
PRED-01724,2026-09-27T05:11:00,AST-0444,AST-0387,IT & ITES,RECONNAISSANCE,INITIAL_ACCESS,0.744,64.4,30-60 min,ACTIVE
PRED-01725,2026-09-24T09:57:00,AST-0099,AST-0235,Banking & Finance,INITIAL_ACCESS,CREDENTIAL_ACCESS,0.794,69.4,30-60 min,ACTIVE
PRED-01726,2026-09-14T11:31:00,AST-0031,AST-0131,Government,PERSISTENCE,LATERAL_MOVEMENT,0.825,72.5,30-60 min,ACTIVE
PRED-01727,2026-09-16T19:32:00,AST-0488,AST-0133,Defence,PERSISTENCE,LATERAL_MOVEMENT,0.922,99.0,8-14 min,ACTIVE
PRED-01728,2026-09-24T05:40:00,AST-0331,AST-0480,Education,IMPACT,IMPACT,0.827,92.7,1-3 hr,RESOLVED
PRED-01729,2026-09-05T16:40:00,AST-0266,AST-0464,Transport,CREDENTIAL_ACCESS,LATERAL_MOVEMENT,0.799,89.9,15-30 min,REVIEWED
PRED-01730,2026-09-27T21:02:00,AST-0248,AST-0229,Telecom,EXFILTRATION,IMPACT,0.763,66.3,1-3 hr,REVIEWED
PRED-01731,2026-09-16T15:35:00,AST-0007,AST-0057,Government,EXECUTION,PERSISTENCE,0.864,76.4,15-30 min,REVIEWED
PRED-01732,2026-09-02T05:52:00,AST-0207,AST-0066,Telecom,EXECUTION,PERSISTENCE,0.85,75.0,30-60 min,REVIEWED
PRED-01733,2026-09-22T18:21:00,AST-0353,AST-0092,Manufacturing,IMPACT,IMPACT,0.771,67.1,8-14 min,REVIEWED
PRED-01734,2026-09-04T22:34:00,AST-0500,AST-0377,Defence,CREDENTIAL_ACCESS,LATERAL_MOVEMENT,0.868,76.8,15-30 min,ACTIVE
PRED-01735,2026-09-01T04:17:00,AST-0119,AST-0334,Power & Energy,EXECUTION,PERSISTENCE,0.765,66.5,15-30 min,ACTIVE
PRED-01736,2026-09-21T08:10:00,AST-0219,AST-0363,Telecom,EXECUTION,PERSISTENCE,0.87,77.0,1-3 hr,RESOLVED
PRED-01737,2026-09-25T07:43:00,AST-0109,AST-0245,Power & Energy,IMPACT,IMPACT,0.794,69.4,8-14 min,ACTIVE
PRED-01738,2026-09-08T09:15:00,AST-0275,AST-0052,Transport,RECONNAISSANCE,INITIAL_ACCESS,0.817,71.7,30-60 min,ACTIVE
PRED-01739,2026-09-21T12:33:00,AST-0404,AST-0021,IT & ITES,IMPACT,IMPACT,0.748,64.8,8-14 min,ACTIVE
PRED-01740,2026-09-02T08:40:00,AST-0065,AST-0235,Banking & Finance,IMPACT,IMPACT,0.884,78.4,30-60 min,ACTIVE
PRED-01741,2026-09-22T23:07:00,AST-0071,AST-0474,Banking & Finance,LATERAL_MOVEMENT,EXFILTRATION,0.804,70.4,1-3 hr,ACTIVE
PRED-01742,2026-09-17T11:21:00,AST-0359,AST-0064,Manufacturing,EXECUTION,PERSISTENCE,0.82,72.0,8-14 min,RESOLVED
PRED-01743,2026-09-24T08:25:00,AST-0333,AST-0379,Education,IMPACT,IMPACT,0.772,87.2,15-30 min,ACTIVE
PRED-01744,2026-09-13T11:09:00,AST-0200,AST-0405,Healthcare,CREDENTIAL_ACCESS,LATERAL_MOVEMENT,0.815,91.5,15-30 min,ACTIVE
PRED-01745,2026-09-08T21:00:00,AST-0490,AST-0128,Defence,RECONNAISSANCE,INITIAL_ACCESS,0.833,73.3,1-3 hr,REVIEWED
PRED-01746,2026-09-09T01:54:00,AST-0177,AST-0006,Healthcare,PERSISTENCE,LATERAL_MOVEMENT,0.819,71.9,15-30 min,ACTIVE
PRED-01747,2026-09-20T12:48:00,AST-0210,AST-0199,Telecom,EXECUTION,PERSISTENCE,0.896,79.6,15-30 min,ACTIVE
PRED-01748,2026-09-07T18:48:00,AST-0122,AST-0108,Power & Energy,PERSISTENCE,LATERAL_MOVEMENT,0.91,81.0,30-60 min,ACTIVE
PRED-01749,2026-09-02T13:12:00,AST-0039,AST-0296,Government,EXECUTION,PERSISTENCE,0.72,62.0,30-60 min,ACTIVE
PRED-01750,2026-09-23T12:03:00,AST-0245,AST-0365,Telecom,PERSISTENCE,LATERAL_MOVEMENT,0.772,87.2,1-3 hr,ACTIVE
PRED-01751,2026-09-11T20:44:00,AST-0269,AST-0456,Transport,INITIAL_ACCESS,CREDENTIAL_ACCESS,0.852,75.2,15-30 min,RESOLVED
PRED-01752,2026-09-16T19:49:00,AST-0245,AST-0425,Telecom,INITIAL_ACCESS,CREDENTIAL_ACCESS,0.835,93.5,30-60 min,RESOLVED
PRED-01753,2026-09-08T15:25:00,AST-0024,AST-0128,Government,INITIAL_ACCESS,CREDENTIAL_ACCESS,0.721,82.1,1-3 hr,RESOLVED
PRED-01754,2026-09-05T22:34:00,AST-0265,AST-0429,Transport,CREDENTIAL_ACCESS,LATERAL_MOVEMENT,0.817,71.7,30-60 min,RESOLVED
PRED-01755,2026-09-02T03:11:00,AST-0209,AST-0358,Telecom,CREDENTIAL_ACCESS,LATERAL_MOVEMENT,0.812,71.2,8-14 min,RESOLVED
PRED-01756,2026-09-20T23:52:00,AST-0434,AST-0092,IT & ITES,EXFILTRATION,IMPACT,0.754,65.4,15-30 min,RESOLVED
PRED-01757,2026-09-19T03:27:00,AST-0320,AST-0319,Education,LATERAL_MOVEMENT,EXFILTRATION,0.725,62.5,8-14 min,ACTIVE
PRED-01758,2026-09-24T03:10:00,AST-0054,AST-0458,Banking & Finance,CREDENTIAL_ACCESS,LATERAL_MOVEMENT,0.864,76.4,8-14 min,REVIEWED
PRED-01759,2026-09-11T22:49:00,AST-0108,AST-0051,Power & Energy,RECONNAISSANCE,INITIAL_ACCESS,0.754,85.4,1-3 hr,RESOLVED
PRED-01760,2026-09-14T07:26:00,AST-0080,AST-0479,Banking & Finance,LATERAL_MOVEMENT,EXFILTRATION,0.67,57.0,8-14 min,ACTIVE
PRED-01761,2026-09-09T01:58:00,AST-0046,AST-0156,Government,LATERAL_MOVEMENT,EXFILTRATION,0.804,70.4,15-30 min,ACTIVE
PRED-01762,2026-09-06T13:26:00,AST-0088,AST-0318,Banking & Finance,IMPACT,IMPACT,0.775,67.5,8-14 min,ACTIVE
PRED-01763,2026-09-10T04:52:00,AST-0115,AST-0124,Power & Energy,PERSISTENCE,LATERAL_MOVEMENT,0.796,69.6,8-14 min,ACTIVE
PRED-01764,2026-09-19T04:03:00,AST-0159,AST-0182,Healthcare,EXECUTION,PERSISTENCE,0.897,79.7,1-3 hr,RESOLVED
PRED-01765,2026-09-01T07:53:00,AST-0446,AST-0407,IT & ITES,LATERAL_MOVEMENT,EXFILTRATION,0.747,64.7,30-60 min,ACTIVE
PRED-01766,2026-09-07T18:40:00,AST-0433,AST-0011,IT & ITES,RECONNAISSANCE,INITIAL_ACCESS,0.809,70.9,8-14 min,REVIEWED
PRED-01767,2026-09-12T13:16:00,AST-0422,AST-0471,IT & ITES,EXFILTRATION,IMPACT,0.763,86.3,15-30 min,ACTIVE
PRED-01768,2026-09-12T16:58:00,AST-0498,AST-0215,Defence,LATERAL_MOVEMENT,EXFILTRATION,0.844,74.4,8-14 min,ACTIVE
PRED-01769,2026-09-02T02:49:00,AST-0339,AST-0072,Education,PERSISTENCE,LATERAL_MOVEMENT,0.835,73.5,8-14 min,ACTIVE
PRED-01770,2026-09-07T10:51:00,AST-0252,AST-0433,Transport,IMPACT,IMPACT,0.822,72.2,30-60 min,ACTIVE
PRED-01771,2026-09-20T04:31:00,AST-0446,AST-0371,IT & ITES,RECONNAISSANCE,INITIAL_ACCESS,0.873,77.3,1-3 hr,ACTIVE
PRED-01772,2026-09-17T19:21:00,AST-0328,AST-0366,Education,RECONNAISSANCE,INITIAL_ACCESS,0.805,70.5,30-60 min,ACTIVE
PRED-01773,2026-09-25T00:50:00,AST-0454,AST-0477,Defence,IMPACT,IMPACT,0.757,65.7,15-30 min,ACTIVE
PRED-01774,2026-09-22T18:57:00,AST-0155,AST-0025,Healthcare,EXECUTION,PERSISTENCE,0.833,73.3,15-30 min,RESOLVED
PRED-01775,2026-09-12T00:02:00,AST-0013,AST-0026,Government,CREDENTIAL_ACCESS,LATERAL_MOVEMENT,0.893,79.3,30-60 min,REVIEWED
PRED-01776,2026-09-02T14:25:00,AST-0047,AST-0071,Government,LATERAL_MOVEMENT,EXFILTRATION,0.863,76.3,8-14 min,RESOLVED
PRED-01777,2026-09-22T21:52:00,AST-0103,AST-0090,Power & Energy,CREDENTIAL_ACCESS,LATERAL_MOVEMENT,0.827,92.7,8-14 min,RESOLVED
PRED-01778,2026-09-25T04:07:00,AST-0236,AST-0485,Telecom,RECONNAISSANCE,INITIAL_ACCESS,0.766,66.6,8-14 min,ACTIVE
PRED-01779,2026-09-20T20:46:00,AST-0055,AST-0177,Banking & Finance,INITIAL_ACCESS,CREDENTIAL_ACCESS,0.797,69.7,15-30 min,ACTIVE
PRED-01780,2026-09-04T12:16:00,AST-0162,AST-0128,Healthcare,PERSISTENCE,LATERAL_MOVEMENT,0.804,70.4,30-60 min,REVIEWED
PRED-01781,2026-09-15T06:49:00,AST-0473,AST-0159,Defence,INITIAL_ACCESS,CREDENTIAL_ACCESS,0.79,69.0,30-60 min,ACTIVE
PRED-01782,2026-09-13T02:03:00,AST-0499,AST-0307,Defence,EXFILTRATION,IMPACT,0.808,70.8,30-60 min,RESOLVED
PRED-01783,2026-09-05T01:34:00,AST-0221,AST-0111,Telecom,IMPACT,IMPACT,0.822,72.2,15-30 min,ACTIVE
PRED-01784,2026-09-26T03:38:00,AST-0401,AST-0209,IT & ITES,CREDENTIAL_ACCESS,LATERAL_MOVEMENT,0.778,67.8,1-3 hr,ACTIVE
PRED-01785,2026-09-11T16:15:00,AST-0158,AST-0322,Healthcare,EXECUTION,PERSISTENCE,0.889,78.9,8-14 min,REVIEWED
PRED-01786,2026-09-01T02:29:00,AST-0316,AST-0438,Education,INITIAL_ACCESS,CREDENTIAL_ACCESS,0.896,79.6,15-30 min,REVIEWED
PRED-01787,2026-09-18T06:27:00,AST-0442,AST-0351,IT & ITES,IMPACT,IMPACT,0.827,72.7,15-30 min,ACTIVE
PRED-01788,2026-09-02T08:28:00,AST-0391,AST-0367,Manufacturing,INITIAL_ACCESS,CREDENTIAL_ACCESS,0.783,68.3,30-60 min,RESOLVED
PRED-01789,2026-09-14T07:06:00,AST-0498,AST-0347,Defence,CREDENTIAL_ACCESS,LATERAL_MOVEMENT,0.882,78.2,15-30 min,REVIEWED
PRED-01790,2026-09-18T11:17:00,AST-0411,AST-0118,IT & ITES,INITIAL_ACCESS,CREDENTIAL_ACCESS,0.751,65.1,8-14 min,RESOLVED
PRED-01791,2026-09-27T15:19:00,AST-0500,AST-0467,Defence,LATERAL_MOVEMENT,EXFILTRATION,0.845,74.5,15-30 min,ACTIVE
PRED-01792,2026-09-01T08:04:00,AST-0065,AST-0081,Banking & Finance,EXECUTION,PERSISTENCE,0.741,64.1,15-30 min,REVIEWED
PRED-01793,2026-09-13T22:25:00,AST-0232,AST-0146,Telecom,LATERAL_MOVEMENT,EXFILTRATION,0.757,65.7,15-30 min,RESOLVED
PRED-01794,2026-09-02T20:35:00,AST-0119,AST-0120,Power & Energy,INITIAL_ACCESS,CREDENTIAL_ACCESS,0.785,68.5,8-14 min,ACTIVE
PRED-01795,2026-09-08T21:19:00,AST-0430,AST-0148,IT & ITES,LATERAL_MOVEMENT,EXFILTRATION,0.809,70.9,1-3 hr,ACTIVE
PRED-01796,2026-09-19T09:22:00,AST-0132,AST-0364,Power & Energy,IMPACT,IMPACT,0.815,71.5,8-14 min,ACTIVE
PRED-01797,2026-09-10T23:19:00,AST-0310,AST-0263,Education,CREDENTIAL_ACCESS,LATERAL_MOVEMENT,0.841,74.1,1-3 hr,RESOLVED
PRED-01798,2026-09-11T17:22:00,AST-0485,AST-0398,Defence,LATERAL_MOVEMENT,EXFILTRATION,0.878,77.8,8-14 min,RESOLVED
PRED-01799,2026-09-05T19:54:00,AST-0088,AST-0353,Banking & Finance,LATERAL_MOVEMENT,EXFILTRATION,0.894,79.4,1-3 hr,ACTIVE
PRED-01800,2026-09-20T20:04:00,AST-0063,AST-0388,Banking & Finance,IMPACT,IMPACT,0.886,78.6,15-30 min,REVIEWED
PRED-01801,2026-09-25T02:12:00,AST-0438,AST-0243,IT & ITES,RECONNAISSANCE,INITIAL_ACCESS,0.819,71.9,8-14 min,ACTIVE
PRED-01802,2026-09-15T12:29:00,AST-0235,AST-0249,Telecom,CREDENTIAL_ACCESS,LATERAL_MOVEMENT,0.847,94.7,1-3 hr,REVIEWED
PRED-01803,2026-09-10T22:45:00,AST-0023,AST-0471,Government,CREDENTIAL_ACCESS,LATERAL_MOVEMENT,0.836,93.6,15-30 min,ACTIVE
PRED-01804,2026-09-06T02:49:00,AST-0344,AST-0440,Education,PERSISTENCE,LATERAL_MOVEMENT,0.746,64.6,8-14 min,ACTIVE
PRED-01805,2026-09-12T07:46:00,AST-0460,AST-0483,Defence,INITIAL_ACCESS,CREDENTIAL_ACCESS,0.755,65.5,30-60 min,RESOLVED
PRED-01806,2026-09-26T14:08:00,AST-0435,AST-0328,IT & ITES,INITIAL_ACCESS,CREDENTIAL_ACCESS,0.811,71.1,15-30 min,REVIEWED
PRED-01807,2026-09-10T13:47:00,AST-0398,AST-0007,Manufacturing,EXFILTRATION,IMPACT,0.792,69.2,8-14 min,ACTIVE
PRED-01808,2026-09-02T04:12:00,AST-0133,AST-0223,Power & Energy,LATERAL_MOVEMENT,EXFILTRATION,0.767,86.7,15-30 min,RESOLVED
PRED-01809,2026-09-11T08:47:00,AST-0242,AST-0141,Telecom,LATERAL_MOVEMENT,EXFILTRATION,0.736,83.6,30-60 min,ACTIVE
PRED-01810,2026-09-26T05:13:00,AST-0297,AST-0375,Transport,INITIAL_ACCESS,CREDENTIAL_ACCESS,0.785,68.5,30-60 min,ACTIVE
PRED-01811,2026-09-03T03:29:00,AST-0213,AST-0388,Telecom,EXECUTION,PERSISTENCE,0.77,67.0,1-3 hr,REVIEWED
PRED-01812,2026-09-26T12:12:00,AST-0169,AST-0233,Healthcare,LATERAL_MOVEMENT,EXFILTRATION,0.99,89.0,30-60 min,ACTIVE
PRED-01813,2026-09-24T19:42:00,AST-0051,AST-0290,Banking & Finance,LATERAL_MOVEMENT,EXFILTRATION,0.835,73.5,30-60 min,ACTIVE
PRED-01814,2026-09-24T17:53:00,AST-0489,AST-0459,Defence,EXECUTION,PERSISTENCE,0.789,88.9,1-3 hr,ACTIVE
PRED-01815,2026-09-26T09:49:00,AST-0130,AST-0254,Power & Energy,RECONNAISSANCE,INITIAL_ACCESS,0.764,66.4,1-3 hr,ACTIVE
PRED-01816,2026-09-12T17:52:00,AST-0418,AST-0470,IT & ITES,RECONNAISSANCE,INITIAL_ACCESS,0.823,72.3,1-3 hr,REVIEWED
PRED-01817,2026-09-09T21:05:00,AST-0299,AST-0428,Transport,RECONNAISSANCE,INITIAL_ACCESS,0.758,65.8,30-60 min,ACTIVE
PRED-01818,2026-09-27T23:23:00,AST-0346,AST-0214,Education,IMPACT,IMPACT,0.79,89.0,8-14 min,RESOLVED
PRED-01819,2026-09-25T01:04:00,AST-0408,AST-0134,IT & ITES,CREDENTIAL_ACCESS,LATERAL_MOVEMENT,0.857,75.7,8-14 min,ACTIVE
PRED-01820,2026-09-12T11:53:00,AST-0481,AST-0279,Defence,IMPACT,IMPACT,0.785,88.5,30-60 min,RESOLVED
PRED-01821,2026-09-22T03:39:00,AST-0300,AST-0417,Transport,RECONNAISSANCE,INITIAL_ACCESS,0.798,69.8,8-14 min,RESOLVED
PRED-01822,2026-09-01T05:24:00,AST-0145,AST-0371,Power & Energy,INITIAL_ACCESS,CREDENTIAL_ACCESS,0.865,76.5,15-30 min,ACTIVE
PRED-01823,2026-09-27T15:03:00,AST-0304,AST-0326,Education,EXECUTION,PERSISTENCE,0.798,69.8,1-3 hr,RESOLVED
PRED-01824,2026-09-07T07:36:00,AST-0344,AST-0183,Education,LATERAL_MOVEMENT,EXFILTRATION,0.853,75.3,8-14 min,REVIEWED
PRED-01825,2026-09-11T14:54:00,AST-0078,AST-0069,Banking & Finance,LATERAL_MOVEMENT,EXFILTRATION,0.796,69.6,8-14 min,ACTIVE
PRED-01826,2026-09-09T20:35:00,AST-0183,AST-0491,Healthcare,RECONNAISSANCE,INITIAL_ACCESS,0.803,70.3,1-3 hr,ACTIVE
PRED-01827,2026-09-25T00:58:00,AST-0126,AST-0409,Power & Energy,IMPACT,IMPACT,0.86,76.0,15-30 min,ACTIVE
PRED-01828,2026-09-03T21:35:00,AST-0454,AST-0449,Defence,EXFILTRATION,IMPACT,0.765,66.5,1-3 hr,REVIEWED
PRED-01829,2026-09-16T07:14:00,AST-0281,AST-0492,Transport,INITIAL_ACCESS,CREDENTIAL_ACCESS,0.953,99.0,1-3 hr,RESOLVED
PRED-01830,2026-09-22T22:56:00,AST-0376,AST-0176,Manufacturing,PERSISTENCE,LATERAL_MOVEMENT,0.844,74.4,8-14 min,ACTIVE
PRED-01831,2026-09-01T22:27:00,AST-0471,AST-0390,Defence,RECONNAISSANCE,INITIAL_ACCESS,0.731,83.1,1-3 hr,RESOLVED
PRED-01832,2026-09-01T06:19:00,AST-0424,AST-0252,IT & ITES,IMPACT,IMPACT,0.877,77.7,30-60 min,ACTIVE
PRED-01833,2026-09-12T12:07:00,AST-0120,AST-0012,Power & Energy,RECONNAISSANCE,INITIAL_ACCESS,0.769,66.9,8-14 min,ACTIVE
PRED-01834,2026-09-23T11:31:00,AST-0152,AST-0393,Healthcare,CREDENTIAL_ACCESS,LATERAL_MOVEMENT,0.864,76.4,1-3 hr,RESOLVED
PRED-01835,2026-09-10T06:57:00,AST-0050,AST-0097,Government,CREDENTIAL_ACCESS,LATERAL_MOVEMENT,0.8,70.0,1-3 hr,REVIEWED
PRED-01836,2026-09-01T01:30:00,AST-0386,AST-0409,Manufacturing,INITIAL_ACCESS,CREDENTIAL_ACCESS,0.721,62.1,8-14 min,ACTIVE
PRED-01837,2026-09-06T23:37:00,AST-0310,AST-0480,Education,PERSISTENCE,LATERAL_MOVEMENT,0.894,79.4,15-30 min,ACTIVE
PRED-01838,2026-09-11T11:22:00,AST-0154,AST-0430,Healthcare,IMPACT,IMPACT,0.816,71.6,30-60 min,REVIEWED
PRED-01839,2026-09-25T18:35:00,AST-0070,AST-0117,Banking & Finance,INITIAL_ACCESS,CREDENTIAL_ACCESS,0.792,69.2,15-30 min,REVIEWED
PRED-01840,2026-09-01T02:24:00,AST-0443,AST-0343,IT & ITES,CREDENTIAL_ACCESS,LATERAL_MOVEMENT,0.9,80.0,30-60 min,ACTIVE
PRED-01841,2026-09-13T09:38:00,AST-0014,AST-0428,Government,EXFILTRATION,IMPACT,0.764,66.4,15-30 min,ACTIVE
PRED-01842,2026-09-26T19:08:00,AST-0427,AST-0270,IT & ITES,CREDENTIAL_ACCESS,LATERAL_MOVEMENT,0.837,73.7,1-3 hr,ACTIVE
PRED-01843,2026-09-11T00:39:00,AST-0204,AST-0103,Telecom,EXFILTRATION,IMPACT,0.798,69.8,30-60 min,REVIEWED
PRED-01844,2026-09-06T13:16:00,AST-0317,AST-0499,Education,INITIAL_ACCESS,CREDENTIAL_ACCESS,0.761,66.1,1-3 hr,RESOLVED
PRED-01845,2026-09-27T20:08:00,AST-0013,AST-0351,Government,EXFILTRATION,IMPACT,0.75,65.0,15-30 min,ACTIVE
PRED-01846,2026-09-09T00:52:00,AST-0067,AST-0210,Banking & Finance,PERSISTENCE,LATERAL_MOVEMENT,0.743,64.3,15-30 min,RESOLVED
PRED-01847,2026-09-06T10:58:00,AST-0217,AST-0371,Telecom,CREDENTIAL_ACCESS,LATERAL_MOVEMENT,0.837,73.7,30-60 min,ACTIVE
PRED-01848,2026-09-24T09:39:00,AST-0442,AST-0375,IT & ITES,INITIAL_ACCESS,CREDENTIAL_ACCESS,0.736,63.6,30-60 min,REVIEWED
PRED-01849,2026-09-04T22:11:00,AST-0074,AST-0115,Banking & Finance,IMPACT,IMPACT,0.825,72.5,1-3 hr,ACTIVE
PRED-01850,2026-09-23T21:47:00,AST-0214,AST-0453,Telecom,CREDENTIAL_ACCESS,LATERAL_MOVEMENT,0.861,76.1,1-3 hr,ACTIVE
PRED-01851,2026-09-26T23:49:00,AST-0414,AST-0194,IT & ITES,CREDENTIAL_ACCESS,LATERAL_MOVEMENT,0.866,76.6,30-60 min,ACTIVE
PRED-01852,2026-09-05T05:36:00,AST-0396,AST-0340,Manufacturing,LATERAL_MOVEMENT,EXFILTRATION,0.833,73.3,30-60 min,REVIEWED
PRED-01853,2026-09-02T15:52:00,AST-0404,AST-0436,IT & ITES,PERSISTENCE,LATERAL_MOVEMENT,0.853,75.3,8-14 min,RESOLVED
PRED-01854,2026-09-17T10:06:00,AST-0321,AST-0425,Education,LATERAL_MOVEMENT,EXFILTRATION,0.727,82.7,30-60 min,RESOLVED
PRED-01855,2026-09-07T23:54:00,AST-0032,AST-0023,Government,INITIAL_ACCESS,CREDENTIAL_ACCESS,0.792,69.2,1-3 hr,RESOLVED
PRED-01856,2026-09-10T13:39:00,AST-0031,AST-0432,Government,CREDENTIAL_ACCESS,LATERAL_MOVEMENT,0.764,66.4,15-30 min,RESOLVED
PRED-01857,2026-09-21T17:26:00,AST-0006,AST-0108,Government,PERSISTENCE,LATERAL_MOVEMENT,0.858,75.8,30-60 min,REVIEWED
PRED-01858,2026-09-04T10:31:00,AST-0197,AST-0473,Healthcare,EXECUTION,PERSISTENCE,0.942,84.2,8-14 min,ACTIVE
PRED-01859,2026-09-23T23:15:00,AST-0352,AST-0226,Manufacturing,RECONNAISSANCE,INITIAL_ACCESS,0.82,92.0,30-60 min,REVIEWED
PRED-01860,2026-09-04T10:05:00,AST-0287,AST-0424,Transport,LATERAL_MOVEMENT,EXFILTRATION,0.81,71.0,1-3 hr,ACTIVE
PRED-01861,2026-09-07T23:48:00,AST-0414,AST-0412,IT & ITES,CREDENTIAL_ACCESS,LATERAL_MOVEMENT,0.847,74.7,30-60 min,ACTIVE
PRED-01862,2026-09-06T21:09:00,AST-0012,AST-0078,Government,LATERAL_MOVEMENT,EXFILTRATION,0.805,70.5,15-30 min,ACTIVE
PRED-01863,2026-09-04T06:47:00,AST-0020,AST-0230,Government,EXFILTRATION,IMPACT,0.78,68.0,8-14 min,RESOLVED
PRED-01864,2026-09-13T14:33:00,AST-0341,AST-0270,Education,RECONNAISSANCE,INITIAL_ACCESS,0.8,70.0,8-14 min,RESOLVED
PRED-01865,2026-09-22T20:37:00,AST-0041,AST-0125,Government,INITIAL_ACCESS,CREDENTIAL_ACCESS,0.774,67.4,1-3 hr,ACTIVE
PRED-01866,2026-09-18T05:47:00,AST-0253,AST-0303,Transport,EXFILTRATION,IMPACT,0.789,68.9,15-30 min,RESOLVED
PRED-01867,2026-09-18T12:19:00,AST-0008,AST-0183,Government,LATERAL_MOVEMENT,EXFILTRATION,0.813,71.3,1-3 hr,REVIEWED
PRED-01868,2026-09-10T15:48:00,AST-0245,AST-0184,Telecom,EXECUTION,PERSISTENCE,0.864,96.4,30-60 min,ACTIVE
PRED-01869,2026-09-25T12:50:00,AST-0291,AST-0327,Transport,RECONNAISSANCE,INITIAL_ACCESS,0.751,65.1,8-14 min,ACTIVE
PRED-01870,2026-09-08T14:32:00,AST-0046,AST-0013,Government,CREDENTIAL_ACCESS,LATERAL_MOVEMENT,0.734,63.4,30-60 min,RESOLVED
PRED-01871,2026-09-06T18:54:00,AST-0352,AST-0394,Manufacturing,IMPACT,IMPACT,0.769,86.9,8-14 min,ACTIVE
PRED-01872,2026-09-22T08:38:00,AST-0297,AST-0090,Transport,CREDENTIAL_ACCESS,LATERAL_MOVEMENT,0.824,72.4,30-60 min,ACTIVE
PRED-01873,2026-09-12T06:43:00,AST-0237,AST-0411,Telecom,IMPACT,IMPACT,0.719,61.9,30-60 min,ACTIVE
PRED-01874,2026-09-21T09:53:00,AST-0486,AST-0282,Defence,LATERAL_MOVEMENT,EXFILTRATION,0.893,79.3,8-14 min,ACTIVE
PRED-01875,2026-09-09T20:43:00,AST-0082,AST-0392,Banking & Finance,RECONNAISSANCE,INITIAL_ACCESS,0.752,65.2,15-30 min,ACTIVE
PRED-01876,2026-09-01T06:00:00,AST-0348,AST-0337,Education,PERSISTENCE,LATERAL_MOVEMENT,0.795,69.5,30-60 min,ACTIVE
PRED-01877,2026-09-14T06:09:00,AST-0287,AST-0454,Transport,EXECUTION,PERSISTENCE,0.804,70.4,8-14 min,ACTIVE
PRED-01878,2026-09-15T17:33:00,AST-0147,AST-0028,Power & Energy,LATERAL_MOVEMENT,EXFILTRATION,0.83,73.0,30-60 min,ACTIVE
PRED-01879,2026-09-21T10:00:00,AST-0209,AST-0274,Telecom,IMPACT,IMPACT,0.822,72.2,8-14 min,REVIEWED
PRED-01880,2026-09-24T10:03:00,AST-0473,AST-0219,Defence,CREDENTIAL_ACCESS,LATERAL_MOVEMENT,0.91,81.0,8-14 min,REVIEWED
PRED-01881,2026-09-27T17:48:00,AST-0041,AST-0042,Government,LATERAL_MOVEMENT,EXFILTRATION,0.808,70.8,15-30 min,RESOLVED
PRED-01882,2026-09-15T11:51:00,AST-0343,AST-0210,Education,IMPACT,IMPACT,0.961,86.1,30-60 min,ACTIVE
PRED-01883,2026-09-06T10:15:00,AST-0146,AST-0230,Power & Energy,RECONNAISSANCE,INITIAL_ACCESS,0.706,60.6,30-60 min,REVIEWED
PRED-01884,2026-09-09T05:33:00,AST-0056,AST-0452,Banking & Finance,CREDENTIAL_ACCESS,LATERAL_MOVEMENT,0.881,78.1,15-30 min,ACTIVE
PRED-01885,2026-09-22T13:42:00,AST-0049,AST-0211,Government,RECONNAISSANCE,INITIAL_ACCESS,0.773,67.3,15-30 min,RESOLVED
PRED-01886,2026-09-26T15:05:00,AST-0362,AST-0387,Manufacturing,INITIAL_ACCESS,CREDENTIAL_ACCESS,0.85,75.0,1-3 hr,ACTIVE
PRED-01887,2026-09-07T16:21:00,AST-0266,AST-0008,Transport,CREDENTIAL_ACCESS,LATERAL_MOVEMENT,0.836,93.6,30-60 min,RESOLVED
PRED-01888,2026-09-04T02:32:00,AST-0315,AST-0251,Education,INITIAL_ACCESS,CREDENTIAL_ACCESS,0.811,71.1,30-60 min,ACTIVE
PRED-01889,2026-09-13T00:26:00,AST-0480,AST-0004,Defence,RECONNAISSANCE,INITIAL_ACCESS,0.76,66.0,30-60 min,ACTIVE
PRED-01890,2026-09-18T18:30:00,AST-0416,AST-0009,IT & ITES,EXECUTION,PERSISTENCE,0.868,96.8,8-14 min,REVIEWED
PRED-01891,2026-09-14T22:06:00,AST-0486,AST-0115,Defence,RECONNAISSANCE,INITIAL_ACCESS,0.801,70.1,30-60 min,REVIEWED
PRED-01892,2026-09-27T08:59:00,AST-0232,AST-0106,Telecom,PERSISTENCE,LATERAL_MOVEMENT,0.844,74.4,1-3 hr,ACTIVE
PRED-01893,2026-09-19T01:42:00,AST-0181,AST-0239,Healthcare,RECONNAISSANCE,INITIAL_ACCESS,0.758,65.8,8-14 min,ACTIVE
PRED-01894,2026-09-14T14:49:00,AST-0046,AST-0434,Government,EXFILTRATION,IMPACT,0.721,62.1,1-3 hr,ACTIVE
PRED-01895,2026-09-06T05:04:00,AST-0477,AST-0300,Defence,PERSISTENCE,LATERAL_MOVEMENT,0.826,72.6,15-30 min,ACTIVE
PRED-01896,2026-09-15T18:28:00,AST-0221,AST-0181,Telecom,IMPACT,IMPACT,0.772,67.2,30-60 min,REVIEWED
PRED-01897,2026-09-02T12:59:00,AST-0470,AST-0112,Defence,LATERAL_MOVEMENT,EXFILTRATION,0.781,68.1,15-30 min,REVIEWED
PRED-01898,2026-09-04T09:09:00,AST-0340,AST-0081,Education,EXECUTION,PERSISTENCE,0.748,64.8,15-30 min,RESOLVED
PRED-01899,2026-09-12T21:02:00,AST-0170,AST-0069,Healthcare,CREDENTIAL_ACCESS,LATERAL_MOVEMENT,0.751,85.1,1-3 hr,REVIEWED
PRED-01900,2026-09-17T10:33:00,AST-0178,AST-0379,Healthcare,EXECUTION,PERSISTENCE,0.816,91.6,8-14 min,ACTIVE
PRED-01901,2026-09-19T15:55:00,AST-0352,AST-0044,Manufacturing,IMPACT,IMPACT,0.963,99.0,8-14 min,RESOLVED
PRED-01902,2026-09-11T06:49:00,AST-0088,AST-0045,Banking & Finance,CREDENTIAL_ACCESS,LATERAL_MOVEMENT,0.898,79.8,15-30 min,ACTIVE
PRED-01903,2026-09-03T22:13:00,AST-0380,AST-0326,Manufacturing,INITIAL_ACCESS,CREDENTIAL_ACCESS,0.86,76.0,15-30 min,ACTIVE
PRED-01904,2026-09-18T06:48:00,AST-0157,AST-0484,Healthcare,CREDENTIAL_ACCESS,LATERAL_MOVEMENT,0.833,73.3,15-30 min,RESOLVED
PRED-01905,2026-09-13T22:10:00,AST-0191,AST-0162,Healthcare,LATERAL_MOVEMENT,EXFILTRATION,0.783,68.3,8-14 min,RESOLVED
PRED-01906,2026-09-06T21:44:00,AST-0260,AST-0037,Transport,RECONNAISSANCE,INITIAL_ACCESS,0.728,62.8,1-3 hr,ACTIVE
PRED-01907,2026-09-02T09:47:00,AST-0451,AST-0485,Defence,INITIAL_ACCESS,CREDENTIAL_ACCESS,0.831,73.1,1-3 hr,ACTIVE
PRED-01908,2026-09-25T15:06:00,AST-0135,AST-0317,Power & Energy,CREDENTIAL_ACCESS,LATERAL_MOVEMENT,0.871,77.1,8-14 min,ACTIVE
PRED-01909,2026-09-11T11:40:00,AST-0444,AST-0060,IT & ITES,EXFILTRATION,IMPACT,0.724,62.4,30-60 min,ACTIVE
PRED-01910,2026-09-21T09:45:00,AST-0462,AST-0065,Defence,CREDENTIAL_ACCESS,LATERAL_MOVEMENT,0.834,93.4,30-60 min,ACTIVE
PRED-01911,2026-09-01T19:11:00,AST-0466,AST-0468,Defence,CREDENTIAL_ACCESS,LATERAL_MOVEMENT,0.789,68.9,15-30 min,REVIEWED
PRED-01912,2026-09-26T17:22:00,AST-0232,AST-0024,Telecom,RECONNAISSANCE,INITIAL_ACCESS,0.78,68.0,1-3 hr,RESOLVED
PRED-01913,2026-09-05T01:53:00,AST-0062,AST-0251,Banking & Finance,IMPACT,IMPACT,0.819,71.9,1-3 hr,RESOLVED
PRED-01914,2026-09-20T10:44:00,AST-0113,AST-0374,Power & Energy,RECONNAISSANCE,INITIAL_ACCESS,0.837,73.7,15-30 min,RESOLVED
PRED-01915,2026-09-15T20:18:00,AST-0027,AST-0268,Government,RECONNAISSANCE,INITIAL_ACCESS,0.788,68.8,1-3 hr,ACTIVE
PRED-01916,2026-09-27T23:59:00,AST-0342,AST-0432,Education,CREDENTIAL_ACCESS,LATERAL_MOVEMENT,0.809,70.9,15-30 min,REVIEWED
PRED-01917,2026-09-23T10:26:00,AST-0192,AST-0095,Healthcare,INITIAL_ACCESS,CREDENTIAL_ACCESS,0.803,70.3,8-14 min,ACTIVE
PRED-01918,2026-09-16T11:39:00,AST-0395,AST-0059,Manufacturing,EXECUTION,PERSISTENCE,0.821,72.1,8-14 min,REVIEWED
PRED-01919,2026-09-20T06:35:00,AST-0470,AST-0022,Defence,CREDENTIAL_ACCESS,LATERAL_MOVEMENT,0.859,75.9,30-60 min,REVIEWED
PRED-01920,2026-09-10T19:23:00,AST-0185,AST-0046,Healthcare,INITIAL_ACCESS,CREDENTIAL_ACCESS,0.747,64.7,30-60 min,ACTIVE
PRED-01921,2026-09-19T10:14:00,AST-0143,AST-0493,Power & Energy,RECONNAISSANCE,INITIAL_ACCESS,0.754,85.4,1-3 hr,RESOLVED
PRED-01922,2026-09-14T02:05:00,AST-0086,AST-0179,Banking & Finance,LATERAL_MOVEMENT,EXFILTRATION,0.711,61.1,1-3 hr,RESOLVED
PRED-01923,2026-09-16T02:19:00,AST-0149,AST-0067,Power & Energy,EXFILTRATION,IMPACT,0.678,57.8,15-30 min,ACTIVE
PRED-01924,2026-09-12T17:31:00,AST-0326,AST-0273,Education,LATERAL_MOVEMENT,EXFILTRATION,0.804,70.4,1-3 hr,REVIEWED
PRED-01925,2026-09-06T04:36:00,AST-0441,AST-0090,IT & ITES,INITIAL_ACCESS,CREDENTIAL_ACCESS,0.809,70.9,15-30 min,REVIEWED
PRED-01926,2026-09-22T22:09:00,AST-0329,AST-0276,Education,CREDENTIAL_ACCESS,LATERAL_MOVEMENT,0.876,77.6,8-14 min,ACTIVE
PRED-01927,2026-09-25T09:32:00,AST-0254,AST-0323,Transport,CREDENTIAL_ACCESS,LATERAL_MOVEMENT,0.813,71.3,30-60 min,RESOLVED
PRED-01928,2026-09-18T09:06:00,AST-0304,AST-0319,Education,CREDENTIAL_ACCESS,LATERAL_MOVEMENT,0.855,75.5,30-60 min,ACTIVE
PRED-01929,2026-09-04T06:47:00,AST-0253,AST-0240,Transport,PERSISTENCE,LATERAL_MOVEMENT,0.836,73.6,8-14 min,RESOLVED
PRED-01930,2026-09-20T09:39:00,AST-0344,AST-0313,Education,EXFILTRATION,IMPACT,0.731,63.1,15-30 min,RESOLVED
PRED-01931,2026-09-02T12:09:00,AST-0059,AST-0241,Banking & Finance,EXFILTRATION,IMPACT,0.828,92.8,30-60 min,REVIEWED
PRED-01932,2026-09-08T04:57:00,AST-0133,AST-0187,Power & Energy,CREDENTIAL_ACCESS,LATERAL_MOVEMENT,0.87,97.0,30-60 min,ACTIVE
PRED-01933,2026-09-11T08:40:00,AST-0260,AST-0428,Transport,PERSISTENCE,LATERAL_MOVEMENT,0.795,69.5,15-30 min,REVIEWED
PRED-01934,2026-09-25T13:54:00,AST-0350,AST-0126,Education,EXECUTION,PERSISTENCE,0.678,57.8,8-14 min,RESOLVED
PRED-01935,2026-09-14T03:39:00,AST-0023,AST-0410,Government,CREDENTIAL_ACCESS,LATERAL_MOVEMENT,0.812,91.2,30-60 min,ACTIVE
PRED-01936,2026-09-17T01:50:00,AST-0500,AST-0092,Defence,LATERAL_MOVEMENT,EXFILTRATION,0.874,77.4,15-30 min,ACTIVE
PRED-01937,2026-09-18T20:45:00,AST-0169,AST-0111,Healthcare,EXFILTRATION,IMPACT,0.774,67.4,8-14 min,RESOLVED
PRED-01938,2026-09-11T22:57:00,AST-0358,AST-0136,Manufacturing,PERSISTENCE,LATERAL_MOVEMENT,0.777,67.7,1-3 hr,RESOLVED
PRED-01939,2026-09-03T08:06:00,AST-0331,AST-0043,Education,CREDENTIAL_ACCESS,LATERAL_MOVEMENT,0.765,86.5,15-30 min,RESOLVED
PRED-01940,2026-09-20T03:52:00,AST-0331,AST-0250,Education,EXFILTRATION,IMPACT,0.776,87.6,15-30 min,RESOLVED
PRED-01941,2026-09-18T21:58:00,AST-0286,AST-0495,Transport,PERSISTENCE,LATERAL_MOVEMENT,0.792,69.2,8-14 min,REVIEWED
PRED-01942,2026-09-25T01:51:00,AST-0499,AST-0342,Defence,CREDENTIAL_ACCESS,LATERAL_MOVEMENT,0.761,66.1,15-30 min,REVIEWED
PRED-01943,2026-09-01T02:17:00,AST-0390,AST-0240,Manufacturing,EXFILTRATION,IMPACT,0.771,67.1,30-60 min,RESOLVED
PRED-01944,2026-09-24T07:29:00,AST-0120,AST-0024,Power & Energy,IMPACT,IMPACT,0.879,77.9,1-3 hr,ACTIVE
PRED-01945,2026-09-27T01:05:00,AST-0247,AST-0306,Telecom,CREDENTIAL_ACCESS,LATERAL_MOVEMENT,0.827,92.7,15-30 min,ACTIVE
PRED-01946,2026-09-13T12:24:00,AST-0470,AST-0139,Defence,RECONNAISSANCE,INITIAL_ACCESS,0.795,69.5,15-30 min,ACTIVE
PRED-01947,2026-09-01T14:16:00,AST-0249,AST-0230,Telecom,PERSISTENCE,LATERAL_MOVEMENT,0.807,90.7,8-14 min,RESOLVED
PRED-01948,2026-09-01T17:23:00,AST-0014,AST-0207,Government,LATERAL_MOVEMENT,EXFILTRATION,0.807,70.7,1-3 hr,REVIEWED
PRED-01949,2026-09-10T21:53:00,AST-0401,AST-0213,IT & ITES,EXFILTRATION,IMPACT,0.704,60.4,30-60 min,ACTIVE
PRED-01950,2026-09-16T14:24:00,AST-0431,AST-0372,IT & ITES,RECONNAISSANCE,INITIAL_ACCESS,0.8,70.0,1-3 hr,RESOLVED
PRED-01951,2026-09-08T12:18:00,AST-0028,AST-0117,Government,LATERAL_MOVEMENT,EXFILTRATION,0.844,74.4,15-30 min,REVIEWED
PRED-01952,2026-09-05T18:09:00,AST-0282,AST-0336,Transport,LATERAL_MOVEMENT,EXFILTRATION,0.793,89.3,30-60 min,REVIEWED
PRED-01953,2026-09-11T04:28:00,AST-0415,AST-0437,IT & ITES,INITIAL_ACCESS,CREDENTIAL_ACCESS,0.813,71.3,1-3 hr,ACTIVE
PRED-01954,2026-09-04T20:34:00,AST-0458,AST-0393,Defence,EXFILTRATION,IMPACT,0.717,61.7,30-60 min,RESOLVED
PRED-01955,2026-09-08T09:20:00,AST-0486,AST-0108,Defence,EXFILTRATION,IMPACT,0.773,67.3,8-14 min,ACTIVE
PRED-01956,2026-09-25T17:56:00,AST-0374,AST-0394,Manufacturing,INITIAL_ACCESS,CREDENTIAL_ACCESS,0.7,60.0,30-60 min,RESOLVED
PRED-01957,2026-09-05T15:58:00,AST-0033,AST-0198,Government,LATERAL_MOVEMENT,EXFILTRATION,0.822,72.2,30-60 min,REVIEWED
PRED-01958,2026-09-03T02:44:00,AST-0326,AST-0414,Education,RECONNAISSANCE,INITIAL_ACCESS,0.842,74.2,8-14 min,RESOLVED
PRED-01959,2026-09-20T00:02:00,AST-0273,AST-0332,Transport,PERSISTENCE,LATERAL_MOVEMENT,0.87,77.0,8-14 min,REVIEWED
PRED-01960,2026-09-07T20:46:00,AST-0290,AST-0047,Transport,PERSISTENCE,LATERAL_MOVEMENT,0.816,71.6,8-14 min,RESOLVED
PRED-01961,2026-09-27T01:04:00,AST-0447,AST-0169,IT & ITES,IMPACT,IMPACT,0.961,86.1,15-30 min,ACTIVE
PRED-01962,2026-09-08T10:15:00,AST-0055,AST-0058,Banking & Finance,LATERAL_MOVEMENT,EXFILTRATION,0.779,67.9,8-14 min,ACTIVE
PRED-01963,2026-09-23T07:30:00,AST-0196,AST-0185,Healthcare,PERSISTENCE,LATERAL_MOVEMENT,0.806,70.6,8-14 min,ACTIVE
PRED-01964,2026-09-21T09:56:00,AST-0245,AST-0114,Telecom,IMPACT,IMPACT,0.846,94.6,1-3 hr,REVIEWED
PRED-01965,2026-09-11T12:29:00,AST-0187,AST-0179,Healthcare,INITIAL_ACCESS,CREDENTIAL_ACCESS,0.862,76.2,8-14 min,ACTIVE
PRED-01966,2026-09-23T23:43:00,AST-0032,AST-0320,Government,CREDENTIAL_ACCESS,LATERAL_MOVEMENT,0.832,73.2,15-30 min,REVIEWED
PRED-01967,2026-09-09T18:51:00,AST-0418,AST-0108,IT & ITES,CREDENTIAL_ACCESS,LATERAL_MOVEMENT,0.835,73.5,8-14 min,REVIEWED
PRED-01968,2026-09-11T21:39:00,AST-0138,AST-0192,Power & Energy,EXECUTION,PERSISTENCE,0.915,81.5,8-14 min,ACTIVE
PRED-01969,2026-09-24T15:31:00,AST-0493,AST-0329,Defence,LATERAL_MOVEMENT,EXFILTRATION,0.924,82.4,15-30 min,ACTIVE
PRED-01970,2026-09-24T09:59:00,AST-0029,AST-0437,Government,EXECUTION,PERSISTENCE,0.814,71.4,8-14 min,REVIEWED
PRED-01971,2026-09-18T20:58:00,AST-0422,AST-0160,IT & ITES,CREDENTIAL_ACCESS,LATERAL_MOVEMENT,0.895,99.0,15-30 min,ACTIVE
PRED-01972,2026-09-17T20:24:00,AST-0341,AST-0086,Education,EXFILTRATION,IMPACT,0.759,65.9,15-30 min,REVIEWED
PRED-01973,2026-09-15T21:54:00,AST-0479,AST-0131,Defence,CREDENTIAL_ACCESS,LATERAL_MOVEMENT,0.854,75.4,8-14 min,ACTIVE
PRED-01974,2026-09-03T12:59:00,AST-0259,AST-0177,Transport,INITIAL_ACCESS,CREDENTIAL_ACCESS,0.829,72.9,30-60 min,ACTIVE
PRED-01975,2026-09-26T12:47:00,AST-0223,AST-0065,Telecom,INITIAL_ACCESS,CREDENTIAL_ACCESS,0.834,73.4,8-14 min,REVIEWED
PRED-01976,2026-09-15T18:28:00,AST-0140,AST-0320,Power & Energy,LATERAL_MOVEMENT,EXFILTRATION,0.778,67.8,8-14 min,ACTIVE
PRED-01977,2026-09-04T22:54:00,AST-0199,AST-0270,Healthcare,LATERAL_MOVEMENT,EXFILTRATION,0.775,87.5,8-14 min,ACTIVE
PRED-01978,2026-09-16T21:49:00,AST-0287,AST-0092,Transport,LATERAL_MOVEMENT,EXFILTRATION,0.758,65.8,1-3 hr,ACTIVE
PRED-01979,2026-09-03T05:59:00,AST-0042,AST-0436,Government,IMPACT,IMPACT,0.867,76.7,30-60 min,ACTIVE
PRED-01980,2026-09-13T19:35:00,AST-0053,AST-0378,Banking & Finance,LATERAL_MOVEMENT,EXFILTRATION,0.747,64.7,30-60 min,ACTIVE
PRED-01981,2026-09-22T13:26:00,AST-0040,AST-0206,Government,LATERAL_MOVEMENT,EXFILTRATION,0.823,72.3,1-3 hr,REVIEWED
PRED-01982,2026-09-23T04:31:00,AST-0016,AST-0367,Government,EXFILTRATION,IMPACT,0.684,58.4,8-14 min,RESOLVED
PRED-01983,2026-09-20T03:11:00,AST-0089,AST-0364,Banking & Finance,IMPACT,IMPACT,0.769,86.9,1-3 hr,ACTIVE
PRED-01984,2026-09-19T08:40:00,AST-0318,AST-0277,Education,RECONNAISSANCE,INITIAL_ACCESS,0.859,75.9,15-30 min,RESOLVED
PRED-01985,2026-09-07T09:53:00,AST-0477,AST-0107,Defence,PERSISTENCE,LATERAL_MOVEMENT,0.818,71.8,30-60 min,RESOLVED
PRED-01986,2026-09-26T03:42:00,AST-0459,AST-0457,Defence,CREDENTIAL_ACCESS,LATERAL_MOVEMENT,0.801,70.1,1-3 hr,ACTIVE
PRED-01987,2026-09-03T21:02:00,AST-0294,AST-0087,Transport,CREDENTIAL_ACCESS,LATERAL_MOVEMENT,0.755,65.5,30-60 min,ACTIVE
PRED-01988,2026-09-19T21:28:00,AST-0325,AST-0076,Education,INITIAL_ACCESS,CREDENTIAL_ACCESS,0.859,75.9,15-30 min,REVIEWED
PRED-01989,2026-09-07T05:15:00,AST-0048,AST-0337,Government,PERSISTENCE,LATERAL_MOVEMENT,0.891,79.1,30-60 min,RESOLVED
PRED-01990,2026-09-17T20:10:00,AST-0245,AST-0476,Telecom,LATERAL_MOVEMENT,EXFILTRATION,0.721,82.1,15-30 min,RESOLVED
PRED-01991,2026-09-14T20:29:00,AST-0178,AST-0402,Healthcare,INITIAL_ACCESS,CREDENTIAL_ACCESS,0.858,95.8,8-14 min,REVIEWED
PRED-01992,2026-09-01T16:54:00,AST-0295,AST-0037,Transport,INITIAL_ACCESS,CREDENTIAL_ACCESS,0.799,69.9,15-30 min,REVIEWED
PRED-01993,2026-09-23T07:36:00,AST-0264,AST-0321,Transport,LATERAL_MOVEMENT,EXFILTRATION,0.781,88.1,30-60 min,RESOLVED
PRED-01994,2026-09-04T18:10:00,AST-0382,AST-0094,Manufacturing,RECONNAISSANCE,INITIAL_ACCESS,0.682,58.2,15-30 min,ACTIVE
PRED-01995,2026-09-07T23:06:00,AST-0274,AST-0111,Transport,RECONNAISSANCE,INITIAL_ACCESS,0.833,73.3,30-60 min,REVIEWED
PRED-01996,2026-09-16T22:15:00,AST-0409,AST-0212,IT & ITES,IMPACT,IMPACT,0.788,68.8,1-3 hr,ACTIVE
PRED-01997,2026-09-09T01:58:00,AST-0181,AST-0001,Healthcare,PERSISTENCE,LATERAL_MOVEMENT,0.89,79.0,8-14 min,ACTIVE
PRED-01998,2026-09-17T02:15:00,AST-0286,AST-0403,Transport,LATERAL_MOVEMENT,EXFILTRATION,0.852,75.2,30-60 min,ACTIVE
PRED-01999,2026-09-14T08:27:00,AST-0254,AST-0135,Transport,LATERAL_MOVEMENT,EXFILTRATION,0.791,69.1,8-14 min,ACTIVE
PRED-02000,2026-09-12T23:47:00,AST-0477,AST-0102,Defence,PERSISTENCE,LATERAL_MOVEMENT,0.796,69.6,15-30 min,RESOLVED
