attack_id,timestamp,stage,event,source_asset_id,target_asset_id,severity,classification,confidence
ATK-00001,2026-09-06T13:14:00,RECONNAISSANCE,Port Scan,AST-0393,AST-0077,HIGH,OBSERVED,0.796
ATK-00001,2026-09-06T13:18:00,CREDENTIAL_ACCESS,Suspicious Login,AST-0393,AST-0077,HIGH,OBSERVED,0.811
ATK-00001,2026-09-06T13:22:00,LATERAL_MOVEMENT,Internal Login Burst,AST-0393,AST-0077,HIGH,INFERRED,0.801
ATK-00001,2026-09-06T13:26:00,IMPACT,Predicted Next Stage,AST-0393,AST-0077,MEDIUM,PREDICTED,0.838
ATK-00002,2026-09-15T23:15:00,RECONNAISSANCE,Port Scan,AST-0170,AST-0216,HIGH,OBSERVED,0.703
ATK-00002,2026-09-15T23:19:00,CREDENTIAL_ACCESS,Suspicious Login,AST-0170,AST-0216,HIGH,OBSERVED,0.635
ATK-00002,2026-09-15T23:23:00,LATERAL_MOVEMENT,Internal Login Burst,AST-0170,AST-0216,HIGH,INFERRED,0.71
ATK-00002,2026-09-15T23:27:00,INITIAL_ACCESS,Predicted Next Stage,AST-0170,AST-0216,MEDIUM,PREDICTED,0.682
ATK-00003,2026-09-24T06:54:00,RECONNAISSANCE,Port Scan,AST-0069,AST-0353,HIGH,OBSERVED,0.78
ATK-00003,2026-09-24T06:58:00,CREDENTIAL_ACCESS,Suspicious Login,AST-0069,AST-0353,HIGH,OBSERVED,0.738
ATK-00003,2026-09-24T07:02:00,LATERAL_MOVEMENT,Internal Login Burst,AST-0069,AST-0353,HIGH,INFERRED,0.733
ATK-00003,2026-09-24T07:06:00,PERSISTENCE,Predicted Next Stage,AST-0069,AST-0353,MEDIUM,PREDICTED,0.781
ATK-00004,2026-09-07T01:20:00,RECONNAISSANCE,Port Scan,AST-0088,AST-0068,HIGH,OBSERVED,0.799
ATK-00004,2026-09-07T01:24:00,CREDENTIAL_ACCESS,Suspicious Login,AST-0088,AST-0068,HIGH,OBSERVED,0.732
ATK-00004,2026-09-07T01:28:00,LATERAL_MOVEMENT,Internal Login Burst,AST-0088,AST-0068,HIGH,INFERRED,0.765
ATK-00004,2026-09-07T01:32:00,EXFILTRATION,Predicted Next Stage,AST-0088,AST-0068,MEDIUM,PREDICTED,0.773
ATK-00005,2026-09-26T08:48:00,RECONNAISSANCE,Port Scan,AST-0372,AST-0195,HIGH,OBSERVED,0.745
ATK-00005,2026-09-26T08:52:00,CREDENTIAL_ACCESS,Suspicious Login,AST-0372,AST-0195,HIGH,OBSERVED,0.78
ATK-00005,2026-09-26T08:56:00,LATERAL_MOVEMENT,Internal Login Burst,AST-0372,AST-0195,HIGH,INFERRED,0.809
ATK-00005,2026-09-26T09:00:00,LATERAL_MOVEMENT,Predicted Next Stage,AST-0372,AST-0195,MEDIUM,PREDICTED,0.833
ATK-00006,2026-09-17T01:46:00,RECONNAISSANCE,Port Scan,AST-0467,AST-0105,HIGH,OBSERVED,0.78
ATK-00006,2026-09-17T01:50:00,CREDENTIAL_ACCESS,Suspicious Login,AST-0467,AST-0105,HIGH,OBSERVED,0.793
ATK-00006,2026-09-17T01:54:00,LATERAL_MOVEMENT,Internal Login Burst,AST-0467,AST-0105,HIGH,INFERRED,0.765
ATK-00006,2026-09-17T01:58:00,PERSISTENCE,Predicted Next Stage,AST-0467,AST-0105,MEDIUM,PREDICTED,0.757
ATK-00007,2026-09-09T11:12:00,RECONNAISSANCE,Port Scan,AST-0313,AST-0275,HIGH,OBSERVED,0.846
ATK-00007,2026-09-09T11:16:00,CREDENTIAL_ACCESS,Suspicious Login,AST-0313,AST-0275,HIGH,OBSERVED,0.776
ATK-00007,2026-09-09T11:20:00,LATERAL_MOVEMENT,Internal Login Burst,AST-0313,AST-0275,HIGH,INFERRED,0.823
ATK-00007,2026-09-09T11:24:00,EXFILTRATION,Predicted Next Stage,AST-0313,AST-0275,MEDIUM,PREDICTED,0.753
ATK-00008,2026-09-11T08:43:00,RECONNAISSANCE,Port Scan,AST-0238,AST-0075,HIGH,OBSERVED,0.816
ATK-00008,2026-09-11T08:47:00,CREDENTIAL_ACCESS,Suspicious Login,AST-0238,AST-0075,HIGH,OBSERVED,0.78
ATK-00008,2026-09-11T08:51:00,LATERAL_MOVEMENT,Internal Login Burst,AST-0238,AST-0075,HIGH,INFERRED,0.839
ATK-00008,2026-09-11T08:55:00,CREDENTIAL_ACCESS,Predicted Next Stage,AST-0238,AST-0075,MEDIUM,PREDICTED,0.8
ATK-00009,2026-09-23T13:00:00,RECONNAISSANCE,Port Scan,AST-0344,AST-0383,HIGH,OBSERVED,0.92
ATK-00009,2026-09-23T13:04:00,CREDENTIAL_ACCESS,Suspicious Login,AST-0344,AST-0383,HIGH,OBSERVED,0.877
ATK-00009,2026-09-23T13:08:00,LATERAL_MOVEMENT,Internal Login Burst,AST-0344,AST-0383,HIGH,INFERRED,0.922
ATK-00009,2026-09-23T13:12:00,LATERAL_MOVEMENT,Predicted Next Stage,AST-0344,AST-0383,MEDIUM,PREDICTED,0.821
ATK-00010,2026-09-20T07:31:00,RECONNAISSANCE,Port Scan,AST-0400,AST-0099,HIGH,OBSERVED,0.779
ATK-00010,2026-09-20T07:35:00,CREDENTIAL_ACCESS,Suspicious Login,AST-0400,AST-0099,HIGH,OBSERVED,0.791
ATK-00010,2026-09-20T07:39:00,LATERAL_MOVEMENT,Internal Login Burst,AST-0400,AST-0099,HIGH,INFERRED,0.819
ATK-00010,2026-09-20T07:43:00,INITIAL_ACCESS,Predicted Next Stage,AST-0400,AST-0099,MEDIUM,PREDICTED,0.807
ATK-00011,2026-09-13T16:51:00,RECONNAISSANCE,Port Scan,AST-0102,AST-0187,HIGH,OBSERVED,0.692
ATK-00011,2026-09-13T16:55:00,CREDENTIAL_ACCESS,Suspicious Login,AST-0102,AST-0187,HIGH,OBSERVED,0.738
ATK-00011,2026-09-13T16:59:00,LATERAL_MOVEMENT,Internal Login Burst,AST-0102,AST-0187,HIGH,INFERRED,0.739
ATK-00011,2026-09-13T17:03:00,INITIAL_ACCESS,Predicted Next Stage,AST-0102,AST-0187,MEDIUM,PREDICTED,0.761
ATK-00012,2026-09-03T19:26:00,RECONNAISSANCE,Port Scan,AST-0306,AST-0065,HIGH,OBSERVED,0.97
ATK-00012,2026-09-03T19:30:00,CREDENTIAL_ACCESS,Suspicious Login,AST-0306,AST-0065,HIGH,OBSERVED,0.92
ATK-00012,2026-09-03T19:34:00,LATERAL_MOVEMENT,Internal Login Burst,AST-0306,AST-0065,HIGH,INFERRED,0.901
ATK-00012,2026-09-03T19:38:00,LATERAL_MOVEMENT,Predicted Next Stage,AST-0306,AST-0065,MEDIUM,PREDICTED,0.927
ATK-00013,2026-09-11T20:11:00,RECONNAISSANCE,Port Scan,AST-0196,AST-0331,HIGH,OBSERVED,0.776
ATK-00013,2026-09-11T20:15:00,CREDENTIAL_ACCESS,Suspicious Login,AST-0196,AST-0331,HIGH,OBSERVED,0.798
ATK-00013,2026-09-11T20:19:00,LATERAL_MOVEMENT,Internal Login Burst,AST-0196,AST-0331,HIGH,INFERRED,0.767
ATK-00013,2026-09-11T20:23:00,EXFILTRATION,Predicted Next Stage,AST-0196,AST-0331,MEDIUM,PREDICTED,0.783
ATK-00014,2026-09-01T23:32:00,RECONNAISSANCE,Port Scan,AST-0200,AST-0386,HIGH,OBSERVED,0.941
ATK-00014,2026-09-01T23:36:00,CREDENTIAL_ACCESS,Suspicious Login,AST-0200,AST-0386,HIGH,OBSERVED,0.905
ATK-00014,2026-09-01T23:40:00,LATERAL_MOVEMENT,Internal Login Burst,AST-0200,AST-0386,HIGH,INFERRED,0.92
ATK-00014,2026-09-01T23:44:00,CREDENTIAL_ACCESS,Predicted Next Stage,AST-0200,AST-0386,MEDIUM,PREDICTED,0.948
ATK-00015,2026-09-07T01:59:00,RECONNAISSANCE,Port Scan,AST-0446,AST-0319,HIGH,OBSERVED,0.873
ATK-00015,2026-09-07T02:03:00,CREDENTIAL_ACCESS,Suspicious Login,AST-0446,AST-0319,HIGH,OBSERVED,0.833
ATK-00015,2026-09-07T02:07:00,LATERAL_MOVEMENT,Internal Login Burst,AST-0446,AST-0319,HIGH,INFERRED,0.822
ATK-00015,2026-09-07T02:11:00,PERSISTENCE,Predicted Next Stage,AST-0446,AST-0319,MEDIUM,PREDICTED,0.795
ATK-00016,2026-09-24T05:46:00,RECONNAISSANCE,Port Scan,AST-0110,AST-0258,HIGH,OBSERVED,0.882
ATK-00016,2026-09-24T05:50:00,CREDENTIAL_ACCESS,Suspicious Login,AST-0110,AST-0258,HIGH,OBSERVED,0.914
ATK-00016,2026-09-24T05:54:00,LATERAL_MOVEMENT,Internal Login Burst,AST-0110,AST-0258,HIGH,INFERRED,0.858
ATK-00016,2026-09-24T05:58:00,LATERAL_MOVEMENT,Predicted Next Stage,AST-0110,AST-0258,MEDIUM,PREDICTED,0.898
ATK-00017,2026-09-20T22:25:00,RECONNAISSANCE,Port Scan,AST-0400,AST-0491,HIGH,OBSERVED,0.947
ATK-00017,2026-09-20T22:29:00,CREDENTIAL_ACCESS,Suspicious Login,AST-0400,AST-0491,HIGH,OBSERVED,0.912
ATK-00017,2026-09-20T22:33:00,LATERAL_MOVEMENT,Internal Login Burst,AST-0400,AST-0491,HIGH,INFERRED,0.914
ATK-00017,2026-09-20T22:37:00,LATERAL_MOVEMENT,Predicted Next Stage,AST-0400,AST-0491,MEDIUM,PREDICTED,0.943
ATK-00018,2026-09-01T20:26:00,RECONNAISSANCE,Port Scan,AST-0410,AST-0358,HIGH,OBSERVED,0.77
ATK-00018,2026-09-01T20:30:00,CREDENTIAL_ACCESS,Suspicious Login,AST-0410,AST-0358,HIGH,OBSERVED,0.773
ATK-00018,2026-09-01T20:34:00,LATERAL_MOVEMENT,Internal Login Burst,AST-0410,AST-0358,HIGH,INFERRED,0.711
ATK-00018,2026-09-01T20:38:00,INITIAL_ACCESS,Predicted Next Stage,AST-0410,AST-0358,MEDIUM,PREDICTED,0.749
ATK-00019,2026-09-15T05:48:00,RECONNAISSANCE,Port Scan,AST-0068,AST-0286,HIGH,OBSERVED,0.706
ATK-00019,2026-09-15T05:52:00,CREDENTIAL_ACCESS,Suspicious Login,AST-0068,AST-0286,HIGH,OBSERVED,0.77
ATK-00019,2026-09-15T05:56:00,LATERAL_MOVEMENT,Internal Login Burst,AST-0068,AST-0286,HIGH,INFERRED,0.766
ATK-00019,2026-09-15T06:00:00,PERSISTENCE,Predicted Next Stage,AST-0068,AST-0286,MEDIUM,PREDICTED,0.712
ATK-00020,2026-09-21T07:44:00,RECONNAISSANCE,Port Scan,AST-0291,AST-0441,HIGH,OBSERVED,0.836
ATK-00020,2026-09-21T07:48:00,CREDENTIAL_ACCESS,Suspicious Login,AST-0291,AST-0441,HIGH,OBSERVED,0.739
ATK-00020,2026-09-21T07:52:00,LATERAL_MOVEMENT,Internal Login Burst,AST-0291,AST-0441,HIGH,INFERRED,0.758
ATK-00020,2026-09-21T07:56:00,LATERAL_MOVEMENT,Predicted Next Stage,AST-0291,AST-0441,MEDIUM,PREDICTED,0.792
ATK-00021,2026-09-08T18:31:00,RECONNAISSANCE,Port Scan,AST-0221,AST-0443,HIGH,OBSERVED,0.725
ATK-00021,2026-09-08T18:35:00,CREDENTIAL_ACCESS,Suspicious Login,AST-0221,AST-0443,HIGH,OBSERVED,0.759
ATK-00021,2026-09-08T18:39:00,LATERAL_MOVEMENT,Internal Login Burst,AST-0221,AST-0443,HIGH,INFERRED,0.779
ATK-00021,2026-09-08T18:43:00,LATERAL_MOVEMENT,Predicted Next Stage,AST-0221,AST-0443,MEDIUM,PREDICTED,0.733
ATK-00022,2026-09-18T08:17:00,RECONNAISSANCE,Port Scan,AST-0355,AST-0449,HIGH,OBSERVED,0.763
ATK-00022,2026-09-18T08:21:00,CREDENTIAL_ACCESS,Suspicious Login,AST-0355,AST-0449,HIGH,OBSERVED,0.732
ATK-00022,2026-09-18T08:25:00,LATERAL_MOVEMENT,Internal Login Burst,AST-0355,AST-0449,HIGH,INFERRED,0.766
ATK-00022,2026-09-18T08:29:00,INITIAL_ACCESS,Predicted Next Stage,AST-0355,AST-0449,MEDIUM,PREDICTED,0.73
ATK-00023,2026-09-11T02:21:00,RECONNAISSANCE,Port Scan,AST-0370,AST-0260,HIGH,OBSERVED,0.84
ATK-00023,2026-09-11T02:25:00,CREDENTIAL_ACCESS,Suspicious Login,AST-0370,AST-0260,HIGH,OBSERVED,0.909
ATK-00023,2026-09-11T02:29:00,LATERAL_MOVEMENT,Internal Login Burst,AST-0370,AST-0260,HIGH,INFERRED,0.803
ATK-00023,2026-09-11T02:33:00,LATERAL_MOVEMENT,Predicted Next Stage,AST-0370,AST-0260,MEDIUM,PREDICTED,0.817
ATK-00024,2026-09-01T21:09:00,RECONNAISSANCE,Port Scan,AST-0288,AST-0331,HIGH,OBSERVED,0.785
ATK-00024,2026-09-01T21:13:00,CREDENTIAL_ACCESS,Suspicious Login,AST-0288,AST-0331,HIGH,OBSERVED,0.823
ATK-00024,2026-09-01T21:17:00,LATERAL_MOVEMENT,Internal Login Burst,AST-0288,AST-0331,HIGH,INFERRED,0.842
ATK-00024,2026-09-01T21:21:00,CREDENTIAL_ACCESS,Predicted Next Stage,AST-0288,AST-0331,MEDIUM,PREDICTED,0.833
ATK-00025,2026-09-05T09:07:00,RECONNAISSANCE,Port Scan,AST-0450,AST-0488,HIGH,OBSERVED,0.855
ATK-00025,2026-09-05T09:11:00,CREDENTIAL_ACCESS,Suspicious Login,AST-0450,AST-0488,HIGH,OBSERVED,0.847
ATK-00025,2026-09-05T09:15:00,LATERAL_MOVEMENT,Internal Login Burst,AST-0450,AST-0488,HIGH,INFERRED,0.863
ATK-00025,2026-09-05T09:19:00,EXFILTRATION,Predicted Next Stage,AST-0450,AST-0488,MEDIUM,PREDICTED,0.784
ATK-00026,2026-09-05T01:40:00,RECONNAISSANCE,Port Scan,AST-0242,AST-0186,HIGH,OBSERVED,0.776
ATK-00026,2026-09-05T01:44:00,CREDENTIAL_ACCESS,Suspicious Login,AST-0242,AST-0186,HIGH,OBSERVED,0.731
ATK-00026,2026-09-05T01:48:00,LATERAL_MOVEMENT,Internal Login Burst,AST-0242,AST-0186,HIGH,INFERRED,0.73
ATK-00026,2026-09-05T01:52:00,INITIAL_ACCESS,Predicted Next Stage,AST-0242,AST-0186,MEDIUM,PREDICTED,0.713
ATK-00027,2026-09-25T03:24:00,RECONNAISSANCE,Port Scan,AST-0335,AST-0347,HIGH,OBSERVED,0.828
ATK-00027,2026-09-25T03:28:00,CREDENTIAL_ACCESS,Suspicious Login,AST-0335,AST-0347,HIGH,OBSERVED,0.802
ATK-00027,2026-09-25T03:32:00,LATERAL_MOVEMENT,Internal Login Burst,AST-0335,AST-0347,HIGH,INFERRED,0.785
ATK-00027,2026-09-25T03:36:00,LATERAL_MOVEMENT,Predicted Next Stage,AST-0335,AST-0347,MEDIUM,PREDICTED,0.777
ATK-00028,2026-09-01T20:18:00,RECONNAISSANCE,Port Scan,AST-0377,AST-0105,HIGH,OBSERVED,0.899
ATK-00028,2026-09-01T20:22:00,CREDENTIAL_ACCESS,Suspicious Login,AST-0377,AST-0105,HIGH,OBSERVED,0.885
ATK-00028,2026-09-01T20:26:00,LATERAL_MOVEMENT,Internal Login Burst,AST-0377,AST-0105,HIGH,INFERRED,0.847
ATK-00028,2026-09-01T20:30:00,PERSISTENCE,Predicted Next Stage,AST-0377,AST-0105,MEDIUM,PREDICTED,0.86
ATK-00029,2026-09-21T06:37:00,RECONNAISSANCE,Port Scan,AST-0042,AST-0036,HIGH,OBSERVED,0.729
ATK-00029,2026-09-21T06:41:00,CREDENTIAL_ACCESS,Suspicious Login,AST-0042,AST-0036,HIGH,OBSERVED,0.755
ATK-00029,2026-09-21T06:45:00,LATERAL_MOVEMENT,Internal Login Burst,AST-0042,AST-0036,HIGH,INFERRED,0.755
ATK-00029,2026-09-21T06:49:00,IMPACT,Predicted Next Stage,AST-0042,AST-0036,MEDIUM,PREDICTED,0.706
ATK-00030,2026-09-22T02:08:00,RECONNAISSANCE,Port Scan,AST-0053,AST-0312,HIGH,OBSERVED,0.938
ATK-00030,2026-09-22T02:12:00,CREDENTIAL_ACCESS,Suspicious Login,AST-0053,AST-0312,HIGH,OBSERVED,0.894
ATK-00030,2026-09-22T02:16:00,LATERAL_MOVEMENT,Internal Login Burst,AST-0053,AST-0312,HIGH,INFERRED,0.888
ATK-00030,2026-09-22T02:20:00,CREDENTIAL_ACCESS,Predicted Next Stage,AST-0053,AST-0312,MEDIUM,PREDICTED,0.885
ATK-00031,2026-09-25T06:13:00,RECONNAISSANCE,Port Scan,AST-0189,AST-0361,HIGH,OBSERVED,0.935
ATK-00031,2026-09-25T06:17:00,CREDENTIAL_ACCESS,Suspicious Login,AST-0189,AST-0361,HIGH,OBSERVED,0.956
ATK-00031,2026-09-25T06:21:00,LATERAL_MOVEMENT,Internal Login Burst,AST-0189,AST-0361,HIGH,INFERRED,0.888
ATK-00031,2026-09-25T06:25:00,CREDENTIAL_ACCESS,Predicted Next Stage,AST-0189,AST-0361,MEDIUM,PREDICTED,0.962
ATK-00032,2026-09-06T17:09:00,RECONNAISSANCE,Port Scan,AST-0416,AST-0135,HIGH,OBSERVED,0.858
ATK-00032,2026-09-06T17:13:00,CREDENTIAL_ACCESS,Suspicious Login,AST-0416,AST-0135,HIGH,OBSERVED,0.875
ATK-00032,2026-09-06T17:17:00,LATERAL_MOVEMENT,Internal Login Burst,AST-0416,AST-0135,HIGH,INFERRED,0.871
ATK-00032,2026-09-06T17:21:00,LATERAL_MOVEMENT,Predicted Next Stage,AST-0416,AST-0135,MEDIUM,PREDICTED,0.91
ATK-00033,2026-09-03T08:11:00,RECONNAISSANCE,Port Scan,AST-0330,AST-0180,HIGH,OBSERVED,0.833
ATK-00033,2026-09-03T08:15:00,CREDENTIAL_ACCESS,Suspicious Login,AST-0330,AST-0180,HIGH,OBSERVED,0.781
ATK-00033,2026-09-03T08:19:00,LATERAL_MOVEMENT,Internal Login Burst,AST-0330,AST-0180,HIGH,INFERRED,0.867
ATK-00033,2026-09-03T08:23:00,INITIAL_ACCESS,Predicted Next Stage,AST-0330,AST-0180,MEDIUM,PREDICTED,0.813
ATK-00034,2026-09-16T06:53:00,RECONNAISSANCE,Port Scan,AST-0307,AST-0234,HIGH,OBSERVED,0.805
ATK-00034,2026-09-16T06:57:00,CREDENTIAL_ACCESS,Suspicious Login,AST-0307,AST-0234,HIGH,OBSERVED,0.824
ATK-00034,2026-09-16T07:01:00,LATERAL_MOVEMENT,Internal Login Burst,AST-0307,AST-0234,HIGH,INFERRED,0.81
ATK-00034,2026-09-16T07:05:00,EXFILTRATION,Predicted Next Stage,AST-0307,AST-0234,MEDIUM,PREDICTED,0.816
ATK-00035,2026-09-23T12:33:00,RECONNAISSANCE,Port Scan,AST-0335,AST-0476,HIGH,OBSERVED,0.716
ATK-00035,2026-09-23T12:37:00,CREDENTIAL_ACCESS,Suspicious Login,AST-0335,AST-0476,HIGH,OBSERVED,0.689
ATK-00035,2026-09-23T12:41:00,LATERAL_MOVEMENT,Internal Login Burst,AST-0335,AST-0476,HIGH,INFERRED,0.708
ATK-00035,2026-09-23T12:45:00,INITIAL_ACCESS,Predicted Next Stage,AST-0335,AST-0476,MEDIUM,PREDICTED,0.643
ATK-00036,2026-09-18T02:33:00,RECONNAISSANCE,Port Scan,AST-0138,AST-0263,HIGH,OBSERVED,0.679
ATK-00036,2026-09-18T02:37:00,CREDENTIAL_ACCESS,Suspicious Login,AST-0138,AST-0263,HIGH,OBSERVED,0.668
ATK-00036,2026-09-18T02:41:00,LATERAL_MOVEMENT,Internal Login Burst,AST-0138,AST-0263,HIGH,INFERRED,0.678
ATK-00036,2026-09-18T02:45:00,LATERAL_MOVEMENT,Predicted Next Stage,AST-0138,AST-0263,MEDIUM,PREDICTED,0.719
ATK-00037,2026-09-14T14:28:00,RECONNAISSANCE,Port Scan,AST-0010,AST-0221,HIGH,OBSERVED,0.863
ATK-00037,2026-09-14T14:32:00,CREDENTIAL_ACCESS,Suspicious Login,AST-0010,AST-0221,HIGH,OBSERVED,0.849
ATK-00037,2026-09-14T14:36:00,LATERAL_MOVEMENT,Internal Login Burst,AST-0010,AST-0221,HIGH,INFERRED,0.826
ATK-00037,2026-09-14T14:40:00,LATERAL_MOVEMENT,Predicted Next Stage,AST-0010,AST-0221,MEDIUM,PREDICTED,0.858
ATK-00038,2026-09-26T17:32:00,RECONNAISSANCE,Port Scan,AST-0081,AST-0182,HIGH,OBSERVED,0.776
ATK-00038,2026-09-26T17:36:00,CREDENTIAL_ACCESS,Suspicious Login,AST-0081,AST-0182,HIGH,OBSERVED,0.837
ATK-00038,2026-09-26T17:40:00,LATERAL_MOVEMENT,Internal Login Burst,AST-0081,AST-0182,HIGH,INFERRED,0.766
ATK-00038,2026-09-26T17:44:00,INITIAL_ACCESS,Predicted Next Stage,AST-0081,AST-0182,MEDIUM,PREDICTED,0.829
ATK-00039,2026-09-03T02:49:00,RECONNAISSANCE,Port Scan,AST-0193,AST-0052,HIGH,OBSERVED,0.707
ATK-00039,2026-09-03T02:53:00,CREDENTIAL_ACCESS,Suspicious Login,AST-0193,AST-0052,HIGH,OBSERVED,0.69
ATK-00039,2026-09-03T02:57:00,LATERAL_MOVEMENT,Internal Login Burst,AST-0193,AST-0052,HIGH,INFERRED,0.761
ATK-00039,2026-09-03T03:01:00,LATERAL_MOVEMENT,Predicted Next Stage,AST-0193,AST-0052,MEDIUM,PREDICTED,0.73
ATK-00040,2026-09-25T13:54:00,RECONNAISSANCE,Port Scan,AST-0391,AST-0341,HIGH,OBSERVED,0.735
ATK-00040,2026-09-25T13:58:00,CREDENTIAL_ACCESS,Suspicious Login,AST-0391,AST-0341,HIGH,OBSERVED,0.717
ATK-00040,2026-09-25T14:02:00,LATERAL_MOVEMENT,Internal Login Burst,AST-0391,AST-0341,HIGH,INFERRED,0.697
ATK-00040,2026-09-25T14:06:00,EXFILTRATION,Predicted Next Stage,AST-0391,AST-0341,MEDIUM,PREDICTED,0.709
ATK-00041,2026-09-04T01:28:00,RECONNAISSANCE,Port Scan,AST-0427,AST-0398,HIGH,OBSERVED,0.948
ATK-00041,2026-09-04T01:32:00,CREDENTIAL_ACCESS,Suspicious Login,AST-0427,AST-0398,HIGH,OBSERVED,0.893
ATK-00041,2026-09-04T01:36:00,LATERAL_MOVEMENT,Internal Login Burst,AST-0427,AST-0398,HIGH,INFERRED,0.906
ATK-00041,2026-09-04T01:40:00,LATERAL_MOVEMENT,Predicted Next Stage,AST-0427,AST-0398,MEDIUM,PREDICTED,0.899
ATK-00042,2026-09-14T02:52:00,RECONNAISSANCE,Port Scan,AST-0292,AST-0422,HIGH,OBSERVED,0.831
ATK-00042,2026-09-14T02:56:00,CREDENTIAL_ACCESS,Suspicious Login,AST-0292,AST-0422,HIGH,OBSERVED,0.892
ATK-00042,2026-09-14T03:00:00,LATERAL_MOVEMENT,Internal Login Burst,AST-0292,AST-0422,HIGH,INFERRED,0.84
ATK-00042,2026-09-14T03:04:00,CREDENTIAL_ACCESS,Predicted Next Stage,AST-0292,AST-0422,MEDIUM,PREDICTED,0.949
ATK-00043,2026-09-05T21:30:00,RECONNAISSANCE,Port Scan,AST-0162,AST-0161,HIGH,OBSERVED,0.942
ATK-00043,2026-09-05T21:34:00,CREDENTIAL_ACCESS,Suspicious Login,AST-0162,AST-0161,HIGH,OBSERVED,0.905
ATK-00043,2026-09-05T21:38:00,LATERAL_MOVEMENT,Internal Login Burst,AST-0162,AST-0161,HIGH,INFERRED,0.926
ATK-00043,2026-09-05T21:42:00,LATERAL_MOVEMENT,Predicted Next Stage,AST-0162,AST-0161,MEDIUM,PREDICTED,0.889
ATK-00044,2026-09-24T16:38:00,RECONNAISSANCE,Port Scan,AST-0441,AST-0016,HIGH,OBSERVED,0.746
ATK-00044,2026-09-24T16:42:00,CREDENTIAL_ACCESS,Suspicious Login,AST-0441,AST-0016,HIGH,OBSERVED,0.736
ATK-00044,2026-09-24T16:46:00,LATERAL_MOVEMENT,Internal Login Burst,AST-0441,AST-0016,HIGH,INFERRED,0.733
ATK-00044,2026-09-24T16:50:00,IMPACT,Predicted Next Stage,AST-0441,AST-0016,MEDIUM,PREDICTED,0.724
ATK-00045,2026-09-24T14:54:00,RECONNAISSANCE,Port Scan,AST-0165,AST-0375,HIGH,OBSERVED,0.921
ATK-00045,2026-09-24T14:58:00,CREDENTIAL_ACCESS,Suspicious Login,AST-0165,AST-0375,HIGH,OBSERVED,0.872
ATK-00045,2026-09-24T15:02:00,LATERAL_MOVEMENT,Internal Login Burst,AST-0165,AST-0375,HIGH,INFERRED,0.837
ATK-00045,2026-09-24T15:06:00,EXFILTRATION,Predicted Next Stage,AST-0165,AST-0375,MEDIUM,PREDICTED,0.853
ATK-00046,2026-09-12T07:40:00,RECONNAISSANCE,Port Scan,AST-0050,AST-0194,HIGH,OBSERVED,0.768
ATK-00046,2026-09-12T07:44:00,CREDENTIAL_ACCESS,Suspicious Login,AST-0050,AST-0194,HIGH,OBSERVED,0.804
ATK-00046,2026-09-12T07:48:00,LATERAL_MOVEMENT,Internal Login Burst,AST-0050,AST-0194,HIGH,INFERRED,0.804
ATK-00046,2026-09-12T07:52:00,CREDENTIAL_ACCESS,Predicted Next Stage,AST-0050,AST-0194,MEDIUM,PREDICTED,0.823
ATK-00047,2026-09-06T04:27:00,RECONNAISSANCE,Port Scan,AST-0310,AST-0490,HIGH,OBSERVED,0.829
ATK-00047,2026-09-06T04:31:00,CREDENTIAL_ACCESS,Suspicious Login,AST-0310,AST-0490,HIGH,OBSERVED,0.795
ATK-00047,2026-09-06T04:35:00,LATERAL_MOVEMENT,Internal Login Burst,AST-0310,AST-0490,HIGH,INFERRED,0.803
ATK-00047,2026-09-06T04:39:00,INITIAL_ACCESS,Predicted Next Stage,AST-0310,AST-0490,MEDIUM,PREDICTED,0.864
ATK-00048,2026-09-21T17:02:00,RECONNAISSANCE,Port Scan,AST-0257,AST-0232,HIGH,OBSERVED,0.838
ATK-00048,2026-09-21T17:06:00,CREDENTIAL_ACCESS,Suspicious Login,AST-0257,AST-0232,HIGH,OBSERVED,0.845
ATK-00048,2026-09-21T17:10:00,LATERAL_MOVEMENT,Internal Login Burst,AST-0257,AST-0232,HIGH,INFERRED,0.875
ATK-00048,2026-09-21T17:14:00,LATERAL_MOVEMENT,Predicted Next Stage,AST-0257,AST-0232,MEDIUM,PREDICTED,0.898
ATK-00049,2026-09-26T13:54:00,RECONNAISSANCE,Port Scan,AST-0072,AST-0436,HIGH,OBSERVED,0.723
ATK-00049,2026-09-26T13:58:00,CREDENTIAL_ACCESS,Suspicious Login,AST-0072,AST-0436,HIGH,OBSERVED,0.665
ATK-00049,2026-09-26T14:02:00,LATERAL_MOVEMENT,Internal Login Burst,AST-0072,AST-0436,HIGH,INFERRED,0.681
ATK-00049,2026-09-26T14:06:00,INITIAL_ACCESS,Predicted Next Stage,AST-0072,AST-0436,MEDIUM,PREDICTED,0.692
ATK-00050,2026-09-19T07:28:00,RECONNAISSANCE,Port Scan,AST-0186,AST-0128,HIGH,OBSERVED,0.8
ATK-00050,2026-09-19T07:32:00,CREDENTIAL_ACCESS,Suspicious Login,AST-0186,AST-0128,HIGH,OBSERVED,0.794
ATK-00050,2026-09-19T07:36:00,LATERAL_MOVEMENT,Internal Login Burst,AST-0186,AST-0128,HIGH,INFERRED,0.811
ATK-00050,2026-09-19T07:40:00,INITIAL_ACCESS,Predicted Next Stage,AST-0186,AST-0128,MEDIUM,PREDICTED,0.836
ATK-00051,2026-09-24T04:05:00,RECONNAISSANCE,Port Scan,AST-0139,AST-0271,HIGH,OBSERVED,0.756
ATK-00051,2026-09-24T04:09:00,CREDENTIAL_ACCESS,Suspicious Login,AST-0139,AST-0271,HIGH,OBSERVED,0.743
ATK-00051,2026-09-24T04:13:00,LATERAL_MOVEMENT,Internal Login Burst,AST-0139,AST-0271,HIGH,INFERRED,0.735
ATK-00051,2026-09-24T04:17:00,IMPACT,Predicted Next Stage,AST-0139,AST-0271,MEDIUM,PREDICTED,0.732
ATK-00052,2026-09-13T18:02:00,RECONNAISSANCE,Port Scan,AST-0324,AST-0313,HIGH,OBSERVED,0.709
ATK-00052,2026-09-13T18:06:00,CREDENTIAL_ACCESS,Suspicious Login,AST-0324,AST-0313,HIGH,OBSERVED,0.692
ATK-00052,2026-09-13T18:10:00,LATERAL_MOVEMENT,Internal Login Burst,AST-0324,AST-0313,HIGH,INFERRED,0.724
ATK-00052,2026-09-13T18:14:00,PERSISTENCE,Predicted Next Stage,AST-0324,AST-0313,MEDIUM,PREDICTED,0.737
ATK-00053,2026-09-26T17:57:00,RECONNAISSANCE,Port Scan,AST-0141,AST-0186,HIGH,OBSERVED,0.838
ATK-00053,2026-09-26T18:01:00,CREDENTIAL_ACCESS,Suspicious Login,AST-0141,AST-0186,HIGH,OBSERVED,0.822
ATK-00053,2026-09-26T18:05:00,LATERAL_MOVEMENT,Internal Login Burst,AST-0141,AST-0186,HIGH,INFERRED,0.785
ATK-00053,2026-09-26T18:09:00,INITIAL_ACCESS,Predicted Next Stage,AST-0141,AST-0186,MEDIUM,PREDICTED,0.809
ATK-00054,2026-09-22T02:23:00,RECONNAISSANCE,Port Scan,AST-0266,AST-0087,HIGH,OBSERVED,0.754
ATK-00054,2026-09-22T02:27:00,CREDENTIAL_ACCESS,Suspicious Login,AST-0266,AST-0087,HIGH,OBSERVED,0.773
ATK-00054,2026-09-22T02:31:00,LATERAL_MOVEMENT,Internal Login Burst,AST-0266,AST-0087,HIGH,INFERRED,0.771
ATK-00054,2026-09-22T02:35:00,LATERAL_MOVEMENT,Predicted Next Stage,AST-0266,AST-0087,MEDIUM,PREDICTED,0.737
ATK-00055,2026-09-26T06:57:00,RECONNAISSANCE,Port Scan,AST-0033,AST-0041,HIGH,OBSERVED,0.852
ATK-00055,2026-09-26T07:01:00,CREDENTIAL_ACCESS,Suspicious Login,AST-0033,AST-0041,HIGH,OBSERVED,0.821
ATK-00055,2026-09-26T07:05:00,LATERAL_MOVEMENT,Internal Login Burst,AST-0033,AST-0041,HIGH,INFERRED,0.888
ATK-00055,2026-09-26T07:09:00,INITIAL_ACCESS,Predicted Next Stage,AST-0033,AST-0041,MEDIUM,PREDICTED,0.834
ATK-00056,2026-09-12T02:51:00,RECONNAISSANCE,Port Scan,AST-0259,AST-0054,HIGH,OBSERVED,0.825
ATK-00056,2026-09-12T02:55:00,CREDENTIAL_ACCESS,Suspicious Login,AST-0259,AST-0054,HIGH,OBSERVED,0.9
ATK-00056,2026-09-12T02:59:00,LATERAL_MOVEMENT,Internal Login Burst,AST-0259,AST-0054,HIGH,INFERRED,0.886
ATK-00056,2026-09-12T03:03:00,LATERAL_MOVEMENT,Predicted Next Stage,AST-0259,AST-0054,MEDIUM,PREDICTED,0.887
ATK-00057,2026-09-05T03:22:00,RECONNAISSANCE,Port Scan,AST-0214,AST-0182,HIGH,OBSERVED,0.833
ATK-00057,2026-09-05T03:26:00,CREDENTIAL_ACCESS,Suspicious Login,AST-0214,AST-0182,HIGH,OBSERVED,0.813
ATK-00057,2026-09-05T03:30:00,LATERAL_MOVEMENT,Internal Login Burst,AST-0214,AST-0182,HIGH,INFERRED,0.757
ATK-00057,2026-09-05T03:34:00,IMPACT,Predicted Next Stage,AST-0214,AST-0182,MEDIUM,PREDICTED,0.848
ATK-00058,2026-09-06T16:19:00,RECONNAISSANCE,Port Scan,AST-0243,AST-0186,HIGH,OBSERVED,0.72
ATK-00058,2026-09-06T16:23:00,CREDENTIAL_ACCESS,Suspicious Login,AST-0243,AST-0186,HIGH,OBSERVED,0.711
ATK-00058,2026-09-06T16:27:00,LATERAL_MOVEMENT,Internal Login Burst,AST-0243,AST-0186,HIGH,INFERRED,0.696
ATK-00058,2026-09-06T16:31:00,PERSISTENCE,Predicted Next Stage,AST-0243,AST-0186,MEDIUM,PREDICTED,0.709
ATK-00059,2026-09-26T06:09:00,RECONNAISSANCE,Port Scan,AST-0126,AST-0201,HIGH,OBSERVED,0.758
ATK-00059,2026-09-26T06:13:00,CREDENTIAL_ACCESS,Suspicious Login,AST-0126,AST-0201,HIGH,OBSERVED,0.758
ATK-00059,2026-09-26T06:17:00,LATERAL_MOVEMENT,Internal Login Burst,AST-0126,AST-0201,HIGH,INFERRED,0.762
ATK-00059,2026-09-26T06:21:00,CREDENTIAL_ACCESS,Predicted Next Stage,AST-0126,AST-0201,MEDIUM,PREDICTED,0.759
ATK-00060,2026-09-21T18:26:00,RECONNAISSANCE,Port Scan,AST-0454,AST-0057,HIGH,OBSERVED,0.962
ATK-00060,2026-09-21T18:30:00,CREDENTIAL_ACCESS,Suspicious Login,AST-0454,AST-0057,HIGH,OBSERVED,0.917
ATK-00060,2026-09-21T18:34:00,LATERAL_MOVEMENT,Internal Login Burst,AST-0454,AST-0057,HIGH,INFERRED,0.978
ATK-00060,2026-09-21T18:38:00,LATERAL_MOVEMENT,Predicted Next Stage,AST-0454,AST-0057,MEDIUM,PREDICTED,0.898
ATK-00061,2026-09-20T11:40:00,RECONNAISSANCE,Port Scan,AST-0486,AST-0276,HIGH,OBSERVED,0.897
ATK-00061,2026-09-20T11:44:00,CREDENTIAL_ACCESS,Suspicious Login,AST-0486,AST-0276,HIGH,OBSERVED,0.845
ATK-00061,2026-09-20T11:48:00,LATERAL_MOVEMENT,Internal Login Burst,AST-0486,AST-0276,HIGH,INFERRED,0.829
ATK-00061,2026-09-20T11:52:00,LATERAL_MOVEMENT,Predicted Next Stage,AST-0486,AST-0276,MEDIUM,PREDICTED,0.835
ATK-00062,2026-09-22T03:40:00,RECONNAISSANCE,Port Scan,AST-0163,AST-0298,HIGH,OBSERVED,0.986
ATK-00062,2026-09-22T03:44:00,CREDENTIAL_ACCESS,Suspicious Login,AST-0163,AST-0298,HIGH,OBSERVED,0.972
ATK-00062,2026-09-22T03:48:00,LATERAL_MOVEMENT,Internal Login Burst,AST-0163,AST-0298,HIGH,INFERRED,0.957
ATK-00062,2026-09-22T03:52:00,EXFILTRATION,Predicted Next Stage,AST-0163,AST-0298,MEDIUM,PREDICTED,0.92
ATK-00063,2026-09-05T00:44:00,RECONNAISSANCE,Port Scan,AST-0237,AST-0355,HIGH,OBSERVED,0.805
ATK-00063,2026-09-05T00:48:00,CREDENTIAL_ACCESS,Suspicious Login,AST-0237,AST-0355,HIGH,OBSERVED,0.845
ATK-00063,2026-09-05T00:52:00,LATERAL_MOVEMENT,Internal Login Burst,AST-0237,AST-0355,HIGH,INFERRED,0.76
ATK-00063,2026-09-05T00:56:00,CREDENTIAL_ACCESS,Predicted Next Stage,AST-0237,AST-0355,MEDIUM,PREDICTED,0.777
ATK-00064,2026-09-17T06:12:00,RECONNAISSANCE,Port Scan,AST-0378,AST-0133,HIGH,OBSERVED,0.897
ATK-00064,2026-09-17T06:16:00,CREDENTIAL_ACCESS,Suspicious Login,AST-0378,AST-0133,HIGH,OBSERVED,0.884
ATK-00064,2026-09-17T06:20:00,LATERAL_MOVEMENT,Internal Login Burst,AST-0378,AST-0133,HIGH,INFERRED,0.874
ATK-00064,2026-09-17T06:24:00,LATERAL_MOVEMENT,Predicted Next Stage,AST-0378,AST-0133,MEDIUM,PREDICTED,0.913
ATK-00065,2026-09-06T05:39:00,RECONNAISSANCE,Port Scan,AST-0221,AST-0384,HIGH,OBSERVED,0.775
ATK-00065,2026-09-06T05:43:00,CREDENTIAL_ACCESS,Suspicious Login,AST-0221,AST-0384,HIGH,OBSERVED,0.775
ATK-00065,2026-09-06T05:47:00,LATERAL_MOVEMENT,Internal Login Burst,AST-0221,AST-0384,HIGH,INFERRED,0.786
ATK-00065,2026-09-06T05:51:00,PERSISTENCE,Predicted Next Stage,AST-0221,AST-0384,MEDIUM,PREDICTED,0.755
ATK-00066,2026-09-23T03:48:00,RECONNAISSANCE,Port Scan,AST-0397,AST-0384,HIGH,OBSERVED,0.742
ATK-00066,2026-09-23T03:52:00,CREDENTIAL_ACCESS,Suspicious Login,AST-0397,AST-0384,HIGH,OBSERVED,0.746
ATK-00066,2026-09-23T03:56:00,LATERAL_MOVEMENT,Internal Login Burst,AST-0397,AST-0384,HIGH,INFERRED,0.766
ATK-00066,2026-09-23T04:00:00,PERSISTENCE,Predicted Next Stage,AST-0397,AST-0384,MEDIUM,PREDICTED,0.832
ATK-00067,2026-09-11T12:47:00,RECONNAISSANCE,Port Scan,AST-0098,AST-0378,HIGH,OBSERVED,0.857
ATK-00067,2026-09-11T12:51:00,CREDENTIAL_ACCESS,Suspicious Login,AST-0098,AST-0378,HIGH,OBSERVED,0.854
ATK-00067,2026-09-11T12:55:00,LATERAL_MOVEMENT,Internal Login Burst,AST-0098,AST-0378,HIGH,INFERRED,0.824
ATK-00067,2026-09-11T12:59:00,IMPACT,Predicted Next Stage,AST-0098,AST-0378,MEDIUM,PREDICTED,0.836
ATK-00068,2026-09-16T18:05:00,RECONNAISSANCE,Port Scan,AST-0109,AST-0070,HIGH,OBSERVED,0.765
ATK-00068,2026-09-16T18:09:00,CREDENTIAL_ACCESS,Suspicious Login,AST-0109,AST-0070,HIGH,OBSERVED,0.688
ATK-00068,2026-09-16T18:13:00,LATERAL_MOVEMENT,Internal Login Burst,AST-0109,AST-0070,HIGH,INFERRED,0.743
ATK-00068,2026-09-16T18:17:00,LATERAL_MOVEMENT,Predicted Next Stage,AST-0109,AST-0070,MEDIUM,PREDICTED,0.721
ATK-00069,2026-09-24T17:12:00,RECONNAISSANCE,Port Scan,AST-0375,AST-0181,HIGH,OBSERVED,0.717
ATK-00069,2026-09-24T17:16:00,CREDENTIAL_ACCESS,Suspicious Login,AST-0375,AST-0181,HIGH,OBSERVED,0.752
ATK-00069,2026-09-24T17:20:00,LATERAL_MOVEMENT,Internal Login Burst,AST-0375,AST-0181,HIGH,INFERRED,0.68
ATK-00069,2026-09-24T17:24:00,IMPACT,Predicted Next Stage,AST-0375,AST-0181,MEDIUM,PREDICTED,0.763
ATK-00070,2026-09-08T17:55:00,RECONNAISSANCE,Port Scan,AST-0219,AST-0473,HIGH,OBSERVED,0.769
ATK-00070,2026-09-08T17:59:00,CREDENTIAL_ACCESS,Suspicious Login,AST-0219,AST-0473,HIGH,OBSERVED,0.815
ATK-00070,2026-09-08T18:03:00,LATERAL_MOVEMENT,Internal Login Burst,AST-0219,AST-0473,HIGH,INFERRED,0.791
ATK-00070,2026-09-08T18:07:00,LATERAL_MOVEMENT,Predicted Next Stage,AST-0219,AST-0473,MEDIUM,PREDICTED,0.798
ATK-00071,2026-09-10T21:03:00,RECONNAISSANCE,Port Scan,AST-0199,AST-0052,HIGH,OBSERVED,0.656
ATK-00071,2026-09-10T21:07:00,CREDENTIAL_ACCESS,Suspicious Login,AST-0199,AST-0052,HIGH,OBSERVED,0.666
ATK-00071,2026-09-10T21:11:00,LATERAL_MOVEMENT,Internal Login Burst,AST-0199,AST-0052,HIGH,INFERRED,0.664
ATK-00071,2026-09-10T21:15:00,CREDENTIAL_ACCESS,Predicted Next Stage,AST-0199,AST-0052,MEDIUM,PREDICTED,0.67
ATK-00072,2026-09-08T02:05:00,RECONNAISSANCE,Port Scan,AST-0089,AST-0390,HIGH,OBSERVED,0.695
ATK-00072,2026-09-08T02:09:00,CREDENTIAL_ACCESS,Suspicious Login,AST-0089,AST-0390,HIGH,OBSERVED,0.677
ATK-00072,2026-09-08T02:13:00,LATERAL_MOVEMENT,Internal Login Burst,AST-0089,AST-0390,HIGH,INFERRED,0.759
ATK-00072,2026-09-08T02:17:00,IMPACT,Predicted Next Stage,AST-0089,AST-0390,MEDIUM,PREDICTED,0.726
ATK-00073,2026-09-05T15:23:00,RECONNAISSANCE,Port Scan,AST-0495,AST-0295,HIGH,OBSERVED,0.794
ATK-00073,2026-09-05T15:27:00,CREDENTIAL_ACCESS,Suspicious Login,AST-0495,AST-0295,HIGH,OBSERVED,0.828
ATK-00073,2026-09-05T15:31:00,LATERAL_MOVEMENT,Internal Login Burst,AST-0495,AST-0295,HIGH,INFERRED,0.83
ATK-00073,2026-09-05T15:35:00,LATERAL_MOVEMENT,Predicted Next Stage,AST-0495,AST-0295,MEDIUM,PREDICTED,0.816
ATK-00074,2026-09-27T13:45:00,RECONNAISSANCE,Port Scan,AST-0030,AST-0492,HIGH,OBSERVED,0.872
ATK-00074,2026-09-27T13:49:00,CREDENTIAL_ACCESS,Suspicious Login,AST-0030,AST-0492,HIGH,OBSERVED,0.806
ATK-00074,2026-09-27T13:53:00,LATERAL_MOVEMENT,Internal Login Burst,AST-0030,AST-0492,HIGH,INFERRED,0.836
ATK-00074,2026-09-27T13:57:00,LATERAL_MOVEMENT,Predicted Next Stage,AST-0030,AST-0492,MEDIUM,PREDICTED,0.861
ATK-00075,2026-09-23T05:40:00,RECONNAISSANCE,Port Scan,AST-0456,AST-0357,HIGH,OBSERVED,0.878
ATK-00075,2026-09-23T05:44:00,CREDENTIAL_ACCESS,Suspicious Login,AST-0456,AST-0357,HIGH,OBSERVED,0.884
ATK-00075,2026-09-23T05:48:00,LATERAL_MOVEMENT,Internal Login Burst,AST-0456,AST-0357,HIGH,INFERRED,0.846
ATK-00075,2026-09-23T05:52:00,PERSISTENCE,Predicted Next Stage,AST-0456,AST-0357,MEDIUM,PREDICTED,0.872
ATK-00076,2026-09-14T07:52:00,RECONNAISSANCE,Port Scan,AST-0431,AST-0163,HIGH,OBSERVED,0.719
ATK-00076,2026-09-14T07:56:00,CREDENTIAL_ACCESS,Suspicious Login,AST-0431,AST-0163,HIGH,OBSERVED,0.749
ATK-00076,2026-09-14T08:00:00,LATERAL_MOVEMENT,Internal Login Burst,AST-0431,AST-0163,HIGH,INFERRED,0.694
ATK-00076,2026-09-14T08:04:00,IMPACT,Predicted Next Stage,AST-0431,AST-0163,MEDIUM,PREDICTED,0.708
ATK-00077,2026-09-20T23:28:00,RECONNAISSANCE,Port Scan,AST-0394,AST-0057,HIGH,OBSERVED,0.867
ATK-00077,2026-09-20T23:32:00,CREDENTIAL_ACCESS,Suspicious Login,AST-0394,AST-0057,HIGH,OBSERVED,0.855
ATK-00077,2026-09-20T23:36:00,LATERAL_MOVEMENT,Internal Login Burst,AST-0394,AST-0057,HIGH,INFERRED,0.865
ATK-00077,2026-09-20T23:40:00,CREDENTIAL_ACCESS,Predicted Next Stage,AST-0394,AST-0057,MEDIUM,PREDICTED,0.874
ATK-00078,2026-09-08T18:48:00,RECONNAISSANCE,Port Scan,AST-0245,AST-0300,HIGH,OBSERVED,0.834
ATK-00078,2026-09-08T18:52:00,CREDENTIAL_ACCESS,Suspicious Login,AST-0245,AST-0300,HIGH,OBSERVED,0.84
ATK-00078,2026-09-08T18:56:00,LATERAL_MOVEMENT,Internal Login Burst,AST-0245,AST-0300,HIGH,INFERRED,0.823
ATK-00078,2026-09-08T19:00:00,EXFILTRATION,Predicted Next Stage,AST-0245,AST-0300,MEDIUM,PREDICTED,0.815
ATK-00079,2026-09-09T23:43:00,RECONNAISSANCE,Port Scan,AST-0035,AST-0338,HIGH,OBSERVED,0.825
ATK-00079,2026-09-09T23:47:00,CREDENTIAL_ACCESS,Suspicious Login,AST-0035,AST-0338,HIGH,OBSERVED,0.804
ATK-00079,2026-09-09T23:51:00,LATERAL_MOVEMENT,Internal Login Burst,AST-0035,AST-0338,HIGH,INFERRED,0.852
ATK-00079,2026-09-09T23:55:00,CREDENTIAL_ACCESS,Predicted Next Stage,AST-0035,AST-0338,MEDIUM,PREDICTED,0.786
ATK-00080,2026-09-05T08:57:00,RECONNAISSANCE,Port Scan,AST-0487,AST-0155,HIGH,OBSERVED,0.855
ATK-00080,2026-09-05T09:01:00,CREDENTIAL_ACCESS,Suspicious Login,AST-0487,AST-0155,HIGH,OBSERVED,0.801
ATK-00080,2026-09-05T09:05:00,LATERAL_MOVEMENT,Internal Login Burst,AST-0487,AST-0155,HIGH,INFERRED,0.827
ATK-00080,2026-09-05T09:09:00,CREDENTIAL_ACCESS,Predicted Next Stage,AST-0487,AST-0155,MEDIUM,PREDICTED,0.806
ATK-00081,2026-09-21T17:39:00,RECONNAISSANCE,Port Scan,AST-0240,AST-0370,HIGH,OBSERVED,0.741
ATK-00081,2026-09-21T17:43:00,CREDENTIAL_ACCESS,Suspicious Login,AST-0240,AST-0370,HIGH,OBSERVED,0.841
ATK-00081,2026-09-21T17:47:00,LATERAL_MOVEMENT,Internal Login Burst,AST-0240,AST-0370,HIGH,INFERRED,0.754
ATK-00081,2026-09-21T17:51:00,INITIAL_ACCESS,Predicted Next Stage,AST-0240,AST-0370,MEDIUM,PREDICTED,0.846
ATK-00082,2026-09-07T17:09:00,RECONNAISSANCE,Port Scan,AST-0500,AST-0155,HIGH,OBSERVED,0.899
ATK-00082,2026-09-07T17:13:00,CREDENTIAL_ACCESS,Suspicious Login,AST-0500,AST-0155,HIGH,OBSERVED,0.864
ATK-00082,2026-09-07T17:17:00,LATERAL_MOVEMENT,Internal Login Burst,AST-0500,AST-0155,HIGH,INFERRED,0.89
ATK-00082,2026-09-07T17:21:00,LATERAL_MOVEMENT,Predicted Next Stage,AST-0500,AST-0155,MEDIUM,PREDICTED,0.874
ATK-00083,2026-09-11T22:06:00,RECONNAISSANCE,Port Scan,AST-0222,AST-0024,HIGH,OBSERVED,0.758
ATK-00083,2026-09-11T22:10:00,CREDENTIAL_ACCESS,Suspicious Login,AST-0222,AST-0024,HIGH,OBSERVED,0.804
ATK-00083,2026-09-11T22:14:00,LATERAL_MOVEMENT,Internal Login Burst,AST-0222,AST-0024,HIGH,INFERRED,0.782
ATK-00083,2026-09-11T22:18:00,INITIAL_ACCESS,Predicted Next Stage,AST-0222,AST-0024,MEDIUM,PREDICTED,0.775
ATK-00084,2026-09-23T14:34:00,RECONNAISSANCE,Port Scan,AST-0247,AST-0198,HIGH,OBSERVED,0.846
ATK-00084,2026-09-23T14:38:00,CREDENTIAL_ACCESS,Suspicious Login,AST-0247,AST-0198,HIGH,OBSERVED,0.821
ATK-00084,2026-09-23T14:42:00,LATERAL_MOVEMENT,Internal Login Burst,AST-0247,AST-0198,HIGH,INFERRED,0.875
ATK-00084,2026-09-23T14:46:00,PERSISTENCE,Predicted Next Stage,AST-0247,AST-0198,MEDIUM,PREDICTED,0.839
ATK-00085,2026-09-02T22:26:00,RECONNAISSANCE,Port Scan,AST-0058,AST-0241,HIGH,OBSERVED,0.915
ATK-00085,2026-09-02T22:30:00,CREDENTIAL_ACCESS,Suspicious Login,AST-0058,AST-0241,HIGH,OBSERVED,0.83
ATK-00085,2026-09-02T22:34:00,LATERAL_MOVEMENT,Internal Login Burst,AST-0058,AST-0241,HIGH,INFERRED,0.905
ATK-00085,2026-09-02T22:38:00,EXFILTRATION,Predicted Next Stage,AST-0058,AST-0241,MEDIUM,PREDICTED,0.899
ATK-00086,2026-09-18T00:16:00,RECONNAISSANCE,Port Scan,AST-0166,AST-0418,HIGH,OBSERVED,0.766
ATK-00086,2026-09-18T00:20:00,CREDENTIAL_ACCESS,Suspicious Login,AST-0166,AST-0418,HIGH,OBSERVED,0.768
ATK-00086,2026-09-18T00:24:00,LATERAL_MOVEMENT,Internal Login Burst,AST-0166,AST-0418,HIGH,INFERRED,0.802
ATK-00086,2026-09-18T00:28:00,EXFILTRATION,Predicted Next Stage,AST-0166,AST-0418,MEDIUM,PREDICTED,0.768
ATK-00087,2026-09-25T08:46:00,RECONNAISSANCE,Port Scan,AST-0438,AST-0067,HIGH,OBSERVED,0.834
ATK-00087,2026-09-25T08:50:00,CREDENTIAL_ACCESS,Suspicious Login,AST-0438,AST-0067,HIGH,OBSERVED,0.835
ATK-00087,2026-09-25T08:54:00,LATERAL_MOVEMENT,Internal Login Burst,AST-0438,AST-0067,HIGH,INFERRED,0.804
ATK-00087,2026-09-25T08:58:00,LATERAL_MOVEMENT,Predicted Next Stage,AST-0438,AST-0067,MEDIUM,PREDICTED,0.894
ATK-00088,2026-09-11T06:24:00,RECONNAISSANCE,Port Scan,AST-0363,AST-0288,HIGH,OBSERVED,0.856
ATK-00088,2026-09-11T06:28:00,CREDENTIAL_ACCESS,Suspicious Login,AST-0363,AST-0288,HIGH,OBSERVED,0.847
ATK-00088,2026-09-11T06:32:00,LATERAL_MOVEMENT,Internal Login Burst,AST-0363,AST-0288,HIGH,INFERRED,0.879
ATK-00088,2026-09-11T06:36:00,LATERAL_MOVEMENT,Predicted Next Stage,AST-0363,AST-0288,MEDIUM,PREDICTED,0.846
ATK-00089,2026-09-12T17:10:00,RECONNAISSANCE,Port Scan,AST-0356,AST-0099,HIGH,OBSERVED,0.884
ATK-00089,2026-09-12T17:14:00,CREDENTIAL_ACCESS,Suspicious Login,AST-0356,AST-0099,HIGH,OBSERVED,0.905
ATK-00089,2026-09-12T17:18:00,LATERAL_MOVEMENT,Internal Login Burst,AST-0356,AST-0099,HIGH,INFERRED,0.905
ATK-00089,2026-09-12T17:22:00,INITIAL_ACCESS,Predicted Next Stage,AST-0356,AST-0099,MEDIUM,PREDICTED,0.843
ATK-00090,2026-09-24T05:22:00,RECONNAISSANCE,Port Scan,AST-0191,AST-0359,HIGH,OBSERVED,0.766
ATK-00090,2026-09-24T05:26:00,CREDENTIAL_ACCESS,Suspicious Login,AST-0191,AST-0359,HIGH,OBSERVED,0.751
ATK-00090,2026-09-24T05:30:00,LATERAL_MOVEMENT,Internal Login Burst,AST-0191,AST-0359,HIGH,INFERRED,0.762
ATK-00090,2026-09-24T05:34:00,IMPACT,Predicted Next Stage,AST-0191,AST-0359,MEDIUM,PREDICTED,0.754
ATK-00091,2026-09-21T05:00:00,RECONNAISSANCE,Port Scan,AST-0454,AST-0121,HIGH,OBSERVED,0.903
ATK-00091,2026-09-21T05:04:00,CREDENTIAL_ACCESS,Suspicious Login,AST-0454,AST-0121,HIGH,OBSERVED,0.895
ATK-00091,2026-09-21T05:08:00,LATERAL_MOVEMENT,Internal Login Burst,AST-0454,AST-0121,HIGH,INFERRED,0.947
ATK-00091,2026-09-21T05:12:00,PERSISTENCE,Predicted Next Stage,AST-0454,AST-0121,MEDIUM,PREDICTED,0.9
ATK-00092,2026-09-12T04:06:00,RECONNAISSANCE,Port Scan,AST-0466,AST-0359,HIGH,OBSERVED,0.902
ATK-00092,2026-09-12T04:10:00,CREDENTIAL_ACCESS,Suspicious Login,AST-0466,AST-0359,HIGH,OBSERVED,0.844
ATK-00092,2026-09-12T04:14:00,LATERAL_MOVEMENT,Internal Login Burst,AST-0466,AST-0359,HIGH,INFERRED,0.893
ATK-00092,2026-09-12T04:18:00,PERSISTENCE,Predicted Next Stage,AST-0466,AST-0359,MEDIUM,PREDICTED,0.852
ATK-00093,2026-09-26T08:53:00,RECONNAISSANCE,Port Scan,AST-0138,AST-0168,HIGH,OBSERVED,0.836
ATK-00093,2026-09-26T08:57:00,CREDENTIAL_ACCESS,Suspicious Login,AST-0138,AST-0168,HIGH,OBSERVED,0.876
ATK-00093,2026-09-26T09:01:00,LATERAL_MOVEMENT,Internal Login Burst,AST-0138,AST-0168,HIGH,INFERRED,0.85
ATK-00093,2026-09-26T09:05:00,IMPACT,Predicted Next Stage,AST-0138,AST-0168,MEDIUM,PREDICTED,0.839
ATK-00094,2026-09-23T02:06:00,RECONNAISSANCE,Port Scan,AST-0302,AST-0090,HIGH,OBSERVED,0.779
ATK-00094,2026-09-23T02:10:00,CREDENTIAL_ACCESS,Suspicious Login,AST-0302,AST-0090,HIGH,OBSERVED,0.752
ATK-00094,2026-09-23T02:14:00,LATERAL_MOVEMENT,Internal Login Burst,AST-0302,AST-0090,HIGH,INFERRED,0.799
ATK-00094,2026-09-23T02:18:00,IMPACT,Predicted Next Stage,AST-0302,AST-0090,MEDIUM,PREDICTED,0.754
ATK-00095,2026-09-01T21:39:00,RECONNAISSANCE,Port Scan,AST-0133,AST-0148,HIGH,OBSERVED,0.831
ATK-00095,2026-09-01T21:43:00,CREDENTIAL_ACCESS,Suspicious Login,AST-0133,AST-0148,HIGH,OBSERVED,0.775
ATK-00095,2026-09-01T21:47:00,LATERAL_MOVEMENT,Internal Login Burst,AST-0133,AST-0148,HIGH,INFERRED,0.824
ATK-00095,2026-09-01T21:51:00,CREDENTIAL_ACCESS,Predicted Next Stage,AST-0133,AST-0148,MEDIUM,PREDICTED,0.799
ATK-00096,2026-09-24T15:32:00,RECONNAISSANCE,Port Scan,AST-0387,AST-0182,HIGH,OBSERVED,0.845
ATK-00096,2026-09-24T15:36:00,CREDENTIAL_ACCESS,Suspicious Login,AST-0387,AST-0182,HIGH,OBSERVED,0.828
ATK-00096,2026-09-24T15:40:00,LATERAL_MOVEMENT,Internal Login Burst,AST-0387,AST-0182,HIGH,INFERRED,0.839
ATK-00096,2026-09-24T15:44:00,IMPACT,Predicted Next Stage,AST-0387,AST-0182,MEDIUM,PREDICTED,0.842
ATK-00097,2026-09-13T04:10:00,RECONNAISSANCE,Port Scan,AST-0486,AST-0271,HIGH,OBSERVED,0.676
ATK-00097,2026-09-13T04:14:00,CREDENTIAL_ACCESS,Suspicious Login,AST-0486,AST-0271,HIGH,OBSERVED,0.698
ATK-00097,2026-09-13T04:18:00,LATERAL_MOVEMENT,Internal Login Burst,AST-0486,AST-0271,HIGH,INFERRED,0.664
ATK-00097,2026-09-13T04:22:00,PERSISTENCE,Predicted Next Stage,AST-0486,AST-0271,MEDIUM,PREDICTED,0.613
ATK-00098,2026-09-27T01:07:00,RECONNAISSANCE,Port Scan,AST-0366,AST-0062,HIGH,OBSERVED,0.9
ATK-00098,2026-09-27T01:11:00,CREDENTIAL_ACCESS,Suspicious Login,AST-0366,AST-0062,HIGH,OBSERVED,0.835
ATK-00098,2026-09-27T01:15:00,LATERAL_MOVEMENT,Internal Login Burst,AST-0366,AST-0062,HIGH,INFERRED,0.854
ATK-00098,2026-09-27T01:19:00,LATERAL_MOVEMENT,Predicted Next Stage,AST-0366,AST-0062,MEDIUM,PREDICTED,0.839
ATK-00099,2026-09-15T05:09:00,RECONNAISSANCE,Port Scan,AST-0143,AST-0057,HIGH,OBSERVED,0.812
ATK-00099,2026-09-15T05:13:00,CREDENTIAL_ACCESS,Suspicious Login,AST-0143,AST-0057,HIGH,OBSERVED,0.852
ATK-00099,2026-09-15T05:17:00,LATERAL_MOVEMENT,Internal Login Burst,AST-0143,AST-0057,HIGH,INFERRED,0.86
ATK-00099,2026-09-15T05:21:00,IMPACT,Predicted Next Stage,AST-0143,AST-0057,MEDIUM,PREDICTED,0.767
ATK-00100,2026-09-02T03:48:00,RECONNAISSANCE,Port Scan,AST-0450,AST-0422,HIGH,OBSERVED,0.841
ATK-00100,2026-09-02T03:52:00,CREDENTIAL_ACCESS,Suspicious Login,AST-0450,AST-0422,HIGH,OBSERVED,0.818
ATK-00100,2026-09-02T03:56:00,LATERAL_MOVEMENT,Internal Login Burst,AST-0450,AST-0422,HIGH,INFERRED,0.869
ATK-00100,2026-09-02T04:00:00,LATERAL_MOVEMENT,Predicted Next Stage,AST-0450,AST-0422,MEDIUM,PREDICTED,0.854
ATK-00101,2026-09-20T03:58:00,RECONNAISSANCE,Port Scan,AST-0265,AST-0316,HIGH,OBSERVED,0.76
ATK-00101,2026-09-20T04:02:00,CREDENTIAL_ACCESS,Suspicious Login,AST-0265,AST-0316,HIGH,OBSERVED,0.752
ATK-00101,2026-09-20T04:06:00,LATERAL_MOVEMENT,Internal Login Burst,AST-0265,AST-0316,HIGH,INFERRED,0.761
ATK-00101,2026-09-20T04:10:00,IMPACT,Predicted Next Stage,AST-0265,AST-0316,MEDIUM,PREDICTED,0.721
ATK-00102,2026-09-03T21:30:00,RECONNAISSANCE,Port Scan,AST-0013,AST-0223,HIGH,OBSERVED,0.711
ATK-00102,2026-09-03T21:34:00,CREDENTIAL_ACCESS,Suspicious Login,AST-0013,AST-0223,HIGH,OBSERVED,0.69
ATK-00102,2026-09-03T21:38:00,LATERAL_MOVEMENT,Internal Login Burst,AST-0013,AST-0223,HIGH,INFERRED,0.709
ATK-00102,2026-09-03T21:42:00,INITIAL_ACCESS,Predicted Next Stage,AST-0013,AST-0223,MEDIUM,PREDICTED,0.696
ATK-00103,2026-09-22T10:02:00,RECONNAISSANCE,Port Scan,AST-0203,AST-0344,HIGH,OBSERVED,0.828
ATK-00103,2026-09-22T10:06:00,CREDENTIAL_ACCESS,Suspicious Login,AST-0203,AST-0344,HIGH,OBSERVED,0.92
ATK-00103,2026-09-22T10:10:00,LATERAL_MOVEMENT,Internal Login Burst,AST-0203,AST-0344,HIGH,INFERRED,0.862
ATK-00103,2026-09-22T10:14:00,LATERAL_MOVEMENT,Predicted Next Stage,AST-0203,AST-0344,MEDIUM,PREDICTED,0.869
ATK-00104,2026-09-03T02:12:00,RECONNAISSANCE,Port Scan,AST-0392,AST-0169,HIGH,OBSERVED,0.71
ATK-00104,2026-09-03T02:16:00,CREDENTIAL_ACCESS,Suspicious Login,AST-0392,AST-0169,HIGH,OBSERVED,0.73
ATK-00104,2026-09-03T02:20:00,LATERAL_MOVEMENT,Internal Login Burst,AST-0392,AST-0169,HIGH,INFERRED,0.715
ATK-00104,2026-09-03T02:24:00,IMPACT,Predicted Next Stage,AST-0392,AST-0169,MEDIUM,PREDICTED,0.733
ATK-00105,2026-09-08T06:46:00,RECONNAISSANCE,Port Scan,AST-0407,AST-0317,HIGH,OBSERVED,0.725
ATK-00105,2026-09-08T06:50:00,CREDENTIAL_ACCESS,Suspicious Login,AST-0407,AST-0317,HIGH,OBSERVED,0.753
ATK-00105,2026-09-08T06:54:00,LATERAL_MOVEMENT,Internal Login Burst,AST-0407,AST-0317,HIGH,INFERRED,0.724
ATK-00105,2026-09-08T06:58:00,EXFILTRATION,Predicted Next Stage,AST-0407,AST-0317,MEDIUM,PREDICTED,0.741
ATK-00106,2026-09-10T22:14:00,RECONNAISSANCE,Port Scan,AST-0239,AST-0495,HIGH,OBSERVED,0.879
ATK-00106,2026-09-10T22:18:00,CREDENTIAL_ACCESS,Suspicious Login,AST-0239,AST-0495,HIGH,OBSERVED,0.911
ATK-00106,2026-09-10T22:22:00,LATERAL_MOVEMENT,Internal Login Burst,AST-0239,AST-0495,HIGH,INFERRED,0.823
ATK-00106,2026-09-10T22:26:00,LATERAL_MOVEMENT,Predicted Next Stage,AST-0239,AST-0495,MEDIUM,PREDICTED,0.841
ATK-00107,2026-09-03T08:22:00,RECONNAISSANCE,Port Scan,AST-0147,AST-0075,HIGH,OBSERVED,0.874
ATK-00107,2026-09-03T08:26:00,CREDENTIAL_ACCESS,Suspicious Login,AST-0147,AST-0075,HIGH,OBSERVED,0.858
ATK-00107,2026-09-03T08:30:00,LATERAL_MOVEMENT,Internal Login Burst,AST-0147,AST-0075,HIGH,INFERRED,0.867
ATK-00107,2026-09-03T08:34:00,INITIAL_ACCESS,Predicted Next Stage,AST-0147,AST-0075,MEDIUM,PREDICTED,0.836
ATK-00108,2026-09-26T03:06:00,RECONNAISSANCE,Port Scan,AST-0239,AST-0125,HIGH,OBSERVED,0.823
ATK-00108,2026-09-26T03:10:00,CREDENTIAL_ACCESS,Suspicious Login,AST-0239,AST-0125,HIGH,OBSERVED,0.812
ATK-00108,2026-09-26T03:14:00,LATERAL_MOVEMENT,Internal Login Burst,AST-0239,AST-0125,HIGH,INFERRED,0.873
ATK-00108,2026-09-26T03:18:00,PERSISTENCE,Predicted Next Stage,AST-0239,AST-0125,MEDIUM,PREDICTED,0.812
ATK-00109,2026-09-14T23:56:00,RECONNAISSANCE,Port Scan,AST-0053,AST-0412,HIGH,OBSERVED,0.889
ATK-00109,2026-09-15T00:00:00,CREDENTIAL_ACCESS,Suspicious Login,AST-0053,AST-0412,HIGH,OBSERVED,0.872
ATK-00109,2026-09-15T00:04:00,LATERAL_MOVEMENT,Internal Login Burst,AST-0053,AST-0412,HIGH,INFERRED,0.84
ATK-00109,2026-09-15T00:08:00,IMPACT,Predicted Next Stage,AST-0053,AST-0412,MEDIUM,PREDICTED,0.898
ATK-00110,2026-09-07T00:06:00,RECONNAISSANCE,Port Scan,AST-0470,AST-0318,HIGH,OBSERVED,0.878
ATK-00110,2026-09-07T00:10:00,CREDENTIAL_ACCESS,Suspicious Login,AST-0470,AST-0318,HIGH,OBSERVED,0.826
ATK-00110,2026-09-07T00:14:00,LATERAL_MOVEMENT,Internal Login Burst,AST-0470,AST-0318,HIGH,INFERRED,0.844
ATK-00110,2026-09-07T00:18:00,LATERAL_MOVEMENT,Predicted Next Stage,AST-0470,AST-0318,MEDIUM,PREDICTED,0.838
ATK-00111,2026-09-14T13:18:00,RECONNAISSANCE,Port Scan,AST-0112,AST-0363,HIGH,OBSERVED,0.691
ATK-00111,2026-09-14T13:22:00,CREDENTIAL_ACCESS,Suspicious Login,AST-0112,AST-0363,HIGH,OBSERVED,0.734
ATK-00111,2026-09-14T13:26:00,LATERAL_MOVEMENT,Internal Login Burst,AST-0112,AST-0363,HIGH,INFERRED,0.756
ATK-00111,2026-09-14T13:30:00,CREDENTIAL_ACCESS,Predicted Next Stage,AST-0112,AST-0363,MEDIUM,PREDICTED,0.722
ATK-00112,2026-09-12T00:47:00,RECONNAISSANCE,Port Scan,AST-0078,AST-0437,HIGH,OBSERVED,0.771
ATK-00112,2026-09-12T00:51:00,CREDENTIAL_ACCESS,Suspicious Login,AST-0078,AST-0437,HIGH,OBSERVED,0.788
ATK-00112,2026-09-12T00:55:00,LATERAL_MOVEMENT,Internal Login Burst,AST-0078,AST-0437,HIGH,INFERRED,0.781
ATK-00112,2026-09-12T00:59:00,IMPACT,Predicted Next Stage,AST-0078,AST-0437,MEDIUM,PREDICTED,0.75
ATK-00113,2026-09-20T19:09:00,RECONNAISSANCE,Port Scan,AST-0220,AST-0297,HIGH,OBSERVED,0.903
ATK-00113,2026-09-20T19:13:00,CREDENTIAL_ACCESS,Suspicious Login,AST-0220,AST-0297,HIGH,OBSERVED,0.899
ATK-00113,2026-09-20T19:17:00,LATERAL_MOVEMENT,Internal Login Burst,AST-0220,AST-0297,HIGH,INFERRED,0.925
ATK-00113,2026-09-20T19:21:00,PERSISTENCE,Predicted Next Stage,AST-0220,AST-0297,MEDIUM,PREDICTED,0.917
ATK-00114,2026-09-23T17:53:00,RECONNAISSANCE,Port Scan,AST-0187,AST-0424,HIGH,OBSERVED,0.753
ATK-00114,2026-09-23T17:57:00,CREDENTIAL_ACCESS,Suspicious Login,AST-0187,AST-0424,HIGH,OBSERVED,0.737
ATK-00114,2026-09-23T18:01:00,LATERAL_MOVEMENT,Internal Login Burst,AST-0187,AST-0424,HIGH,INFERRED,0.727
ATK-00114,2026-09-23T18:05:00,EXFILTRATION,Predicted Next Stage,AST-0187,AST-0424,MEDIUM,PREDICTED,0.765
ATK-00115,2026-09-05T00:59:00,RECONNAISSANCE,Port Scan,AST-0186,AST-0466,HIGH,OBSERVED,0.756
ATK-00115,2026-09-05T01:03:00,CREDENTIAL_ACCESS,Suspicious Login,AST-0186,AST-0466,HIGH,OBSERVED,0.752
ATK-00115,2026-09-05T01:07:00,LATERAL_MOVEMENT,Internal Login Burst,AST-0186,AST-0466,HIGH,INFERRED,0.765
ATK-00115,2026-09-05T01:11:00,IMPACT,Predicted Next Stage,AST-0186,AST-0466,MEDIUM,PREDICTED,0.671
ATK-00116,2026-09-13T23:58:00,RECONNAISSANCE,Port Scan,AST-0049,AST-0159,HIGH,OBSERVED,0.8
ATK-00116,2026-09-14T00:02:00,CREDENTIAL_ACCESS,Suspicious Login,AST-0049,AST-0159,HIGH,OBSERVED,0.793
ATK-00116,2026-09-14T00:06:00,LATERAL_MOVEMENT,Internal Login Burst,AST-0049,AST-0159,HIGH,INFERRED,0.796
ATK-00116,2026-09-14T00:10:00,IMPACT,Predicted Next Stage,AST-0049,AST-0159,MEDIUM,PREDICTED,0.776
ATK-00117,2026-09-21T13:11:00,RECONNAISSANCE,Port Scan,AST-0417,AST-0500,HIGH,OBSERVED,0.882
ATK-00117,2026-09-21T13:15:00,CREDENTIAL_ACCESS,Suspicious Login,AST-0417,AST-0500,HIGH,OBSERVED,0.838
ATK-00117,2026-09-21T13:19:00,LATERAL_MOVEMENT,Internal Login Burst,AST-0417,AST-0500,HIGH,INFERRED,0.869
ATK-00117,2026-09-21T13:23:00,CREDENTIAL_ACCESS,Predicted Next Stage,AST-0417,AST-0500,MEDIUM,PREDICTED,0.888
ATK-00118,2026-09-16T06:13:00,RECONNAISSANCE,Port Scan,AST-0088,AST-0277,HIGH,OBSERVED,0.719
ATK-00118,2026-09-16T06:17:00,CREDENTIAL_ACCESS,Suspicious Login,AST-0088,AST-0277,HIGH,OBSERVED,0.751
ATK-00118,2026-09-16T06:21:00,LATERAL_MOVEMENT,Internal Login Burst,AST-0088,AST-0277,HIGH,INFERRED,0.768
ATK-00118,2026-09-16T06:25:00,INITIAL_ACCESS,Predicted Next Stage,AST-0088,AST-0277,MEDIUM,PREDICTED,0.756
ATK-00119,2026-09-11T00:14:00,RECONNAISSANCE,Port Scan,AST-0129,AST-0489,HIGH,OBSERVED,0.912
ATK-00119,2026-09-11T00:18:00,CREDENTIAL_ACCESS,Suspicious Login,AST-0129,AST-0489,HIGH,OBSERVED,0.914
ATK-00119,2026-09-11T00:22:00,LATERAL_MOVEMENT,Internal Login Burst,AST-0129,AST-0489,HIGH,INFERRED,0.882
ATK-00119,2026-09-11T00:26:00,LATERAL_MOVEMENT,Predicted Next Stage,AST-0129,AST-0489,MEDIUM,PREDICTED,0.88
ATK-00120,2026-09-26T21:26:00,RECONNAISSANCE,Port Scan,AST-0441,AST-0107,HIGH,OBSERVED,0.939
ATK-00120,2026-09-26T21:30:00,CREDENTIAL_ACCESS,Suspicious Login,AST-0441,AST-0107,HIGH,OBSERVED,0.906
ATK-00120,2026-09-26T21:34:00,LATERAL_MOVEMENT,Internal Login Burst,AST-0441,AST-0107,HIGH,INFERRED,0.887
ATK-00120,2026-09-26T21:38:00,CREDENTIAL_ACCESS,Predicted Next Stage,AST-0441,AST-0107,MEDIUM,PREDICTED,0.867
ATK-00121,2026-09-06T03:51:00,RECONNAISSANCE,Port Scan,AST-0410,AST-0172,HIGH,OBSERVED,0.924
ATK-00121,2026-09-06T03:55:00,CREDENTIAL_ACCESS,Suspicious Login,AST-0410,AST-0172,HIGH,OBSERVED,0.87
ATK-00121,2026-09-06T03:59:00,LATERAL_MOVEMENT,Internal Login Burst,AST-0410,AST-0172,HIGH,INFERRED,0.918
ATK-00121,2026-09-06T04:03:00,CREDENTIAL_ACCESS,Predicted Next Stage,AST-0410,AST-0172,MEDIUM,PREDICTED,0.914
ATK-00122,2026-09-15T22:42:00,RECONNAISSANCE,Port Scan,AST-0435,AST-0237,HIGH,OBSERVED,0.831
ATK-00122,2026-09-15T22:46:00,CREDENTIAL_ACCESS,Suspicious Login,AST-0435,AST-0237,HIGH,OBSERVED,0.826
ATK-00122,2026-09-15T22:50:00,LATERAL_MOVEMENT,Internal Login Burst,AST-0435,AST-0237,HIGH,INFERRED,0.808
ATK-00122,2026-09-15T22:54:00,LATERAL_MOVEMENT,Predicted Next Stage,AST-0435,AST-0237,MEDIUM,PREDICTED,0.855
ATK-00123,2026-09-12T18:53:00,RECONNAISSANCE,Port Scan,AST-0197,AST-0354,HIGH,OBSERVED,0.783
ATK-00123,2026-09-12T18:57:00,CREDENTIAL_ACCESS,Suspicious Login,AST-0197,AST-0354,HIGH,OBSERVED,0.771
ATK-00123,2026-09-12T19:01:00,LATERAL_MOVEMENT,Internal Login Burst,AST-0197,AST-0354,HIGH,INFERRED,0.84
ATK-00123,2026-09-12T19:05:00,EXFILTRATION,Predicted Next Stage,AST-0197,AST-0354,MEDIUM,PREDICTED,0.821
ATK-00124,2026-09-20T04:36:00,RECONNAISSANCE,Port Scan,AST-0215,AST-0282,HIGH,OBSERVED,0.709
ATK-00124,2026-09-20T04:40:00,CREDENTIAL_ACCESS,Suspicious Login,AST-0215,AST-0282,HIGH,OBSERVED,0.726
ATK-00124,2026-09-20T04:44:00,LATERAL_MOVEMENT,Internal Login Burst,AST-0215,AST-0282,HIGH,INFERRED,0.723
ATK-00124,2026-09-20T04:48:00,CREDENTIAL_ACCESS,Predicted Next Stage,AST-0215,AST-0282,MEDIUM,PREDICTED,0.739
ATK-00125,2026-09-22T13:58:00,RECONNAISSANCE,Port Scan,AST-0204,AST-0153,HIGH,OBSERVED,0.83
ATK-00125,2026-09-22T14:02:00,CREDENTIAL_ACCESS,Suspicious Login,AST-0204,AST-0153,HIGH,OBSERVED,0.867
ATK-00125,2026-09-22T14:06:00,LATERAL_MOVEMENT,Internal Login Burst,AST-0204,AST-0153,HIGH,INFERRED,0.813
ATK-00125,2026-09-22T14:10:00,LATERAL_MOVEMENT,Predicted Next Stage,AST-0204,AST-0153,MEDIUM,PREDICTED,0.8
ATK-00126,2026-09-08T19:07:00,RECONNAISSANCE,Port Scan,AST-0295,AST-0357,HIGH,OBSERVED,0.734
ATK-00126,2026-09-08T19:11:00,CREDENTIAL_ACCESS,Suspicious Login,AST-0295,AST-0357,HIGH,OBSERVED,0.729
ATK-00126,2026-09-08T19:15:00,LATERAL_MOVEMENT,Internal Login Burst,AST-0295,AST-0357,HIGH,INFERRED,0.756
ATK-00126,2026-09-08T19:19:00,INITIAL_ACCESS,Predicted Next Stage,AST-0295,AST-0357,MEDIUM,PREDICTED,0.745
ATK-00127,2026-09-19T23:45:00,RECONNAISSANCE,Port Scan,AST-0078,AST-0009,HIGH,OBSERVED,0.878
ATK-00127,2026-09-19T23:49:00,CREDENTIAL_ACCESS,Suspicious Login,AST-0078,AST-0009,HIGH,OBSERVED,0.97
ATK-00127,2026-09-19T23:53:00,LATERAL_MOVEMENT,Internal Login Burst,AST-0078,AST-0009,HIGH,INFERRED,0.873
ATK-00127,2026-09-19T23:57:00,LATERAL_MOVEMENT,Predicted Next Stage,AST-0078,AST-0009,MEDIUM,PREDICTED,0.875
ATK-00128,2026-09-06T23:35:00,RECONNAISSANCE,Port Scan,AST-0438,AST-0353,HIGH,OBSERVED,0.948
ATK-00128,2026-09-06T23:39:00,CREDENTIAL_ACCESS,Suspicious Login,AST-0438,AST-0353,HIGH,OBSERVED,0.98
ATK-00128,2026-09-06T23:43:00,LATERAL_MOVEMENT,Internal Login Burst,AST-0438,AST-0353,HIGH,INFERRED,0.953
ATK-00128,2026-09-06T23:47:00,CREDENTIAL_ACCESS,Predicted Next Stage,AST-0438,AST-0353,MEDIUM,PREDICTED,0.964
ATK-00129,2026-09-06T22:15:00,RECONNAISSANCE,Port Scan,AST-0464,AST-0150,HIGH,OBSERVED,0.819
ATK-00129,2026-09-06T22:19:00,CREDENTIAL_ACCESS,Suspicious Login,AST-0464,AST-0150,HIGH,OBSERVED,0.738
ATK-00129,2026-09-06T22:23:00,LATERAL_MOVEMENT,Internal Login Burst,AST-0464,AST-0150,HIGH,INFERRED,0.793
ATK-00129,2026-09-06T22:27:00,LATERAL_MOVEMENT,Predicted Next Stage,AST-0464,AST-0150,MEDIUM,PREDICTED,0.718
ATK-00130,2026-09-04T01:47:00,RECONNAISSANCE,Port Scan,AST-0235,AST-0175,HIGH,OBSERVED,0.684
ATK-00130,2026-09-04T01:51:00,CREDENTIAL_ACCESS,Suspicious Login,AST-0235,AST-0175,HIGH,OBSERVED,0.713
ATK-00130,2026-09-04T01:55:00,LATERAL_MOVEMENT,Internal Login Burst,AST-0235,AST-0175,HIGH,INFERRED,0.731
ATK-00130,2026-09-04T01:59:00,INITIAL_ACCESS,Predicted Next Stage,AST-0235,AST-0175,MEDIUM,PREDICTED,0.735
ATK-00131,2026-09-25T08:28:00,RECONNAISSANCE,Port Scan,AST-0381,AST-0394,HIGH,OBSERVED,0.801
ATK-00131,2026-09-25T08:32:00,CREDENTIAL_ACCESS,Suspicious Login,AST-0381,AST-0394,HIGH,OBSERVED,0.706
ATK-00131,2026-09-25T08:36:00,LATERAL_MOVEMENT,Internal Login Burst,AST-0381,AST-0394,HIGH,INFERRED,0.707
ATK-00131,2026-09-25T08:40:00,LATERAL_MOVEMENT,Predicted Next Stage,AST-0381,AST-0394,MEDIUM,PREDICTED,0.714
ATK-00132,2026-09-05T10:23:00,RECONNAISSANCE,Port Scan,AST-0366,AST-0326,HIGH,OBSERVED,0.664
ATK-00132,2026-09-05T10:27:00,CREDENTIAL_ACCESS,Suspicious Login,AST-0366,AST-0326,HIGH,OBSERVED,0.783
ATK-00132,2026-09-05T10:31:00,LATERAL_MOVEMENT,Internal Login Burst,AST-0366,AST-0326,HIGH,INFERRED,0.679
ATK-00132,2026-09-05T10:35:00,CREDENTIAL_ACCESS,Predicted Next Stage,AST-0366,AST-0326,MEDIUM,PREDICTED,0.71
ATK-00133,2026-09-19T10:44:00,RECONNAISSANCE,Port Scan,AST-0172,AST-0283,HIGH,OBSERVED,0.866
ATK-00133,2026-09-19T10:48:00,CREDENTIAL_ACCESS,Suspicious Login,AST-0172,AST-0283,HIGH,OBSERVED,0.905
ATK-00133,2026-09-19T10:52:00,LATERAL_MOVEMENT,Internal Login Burst,AST-0172,AST-0283,HIGH,INFERRED,0.922
ATK-00133,2026-09-19T10:56:00,PERSISTENCE,Predicted Next Stage,AST-0172,AST-0283,MEDIUM,PREDICTED,0.91
ATK-00134,2026-09-27T15:35:00,RECONNAISSANCE,Port Scan,AST-0090,AST-0418,HIGH,OBSERVED,0.892
ATK-00134,2026-09-27T15:39:00,CREDENTIAL_ACCESS,Suspicious Login,AST-0090,AST-0418,HIGH,OBSERVED,0.841
ATK-00134,2026-09-27T15:43:00,LATERAL_MOVEMENT,Internal Login Burst,AST-0090,AST-0418,HIGH,INFERRED,0.897
ATK-00134,2026-09-27T15:47:00,CREDENTIAL_ACCESS,Predicted Next Stage,AST-0090,AST-0418,MEDIUM,PREDICTED,0.833
ATK-00135,2026-09-18T10:36:00,RECONNAISSANCE,Port Scan,AST-0024,AST-0077,HIGH,OBSERVED,0.712
ATK-00135,2026-09-18T10:40:00,CREDENTIAL_ACCESS,Suspicious Login,AST-0024,AST-0077,HIGH,OBSERVED,0.7
ATK-00135,2026-09-18T10:44:00,LATERAL_MOVEMENT,Internal Login Burst,AST-0024,AST-0077,HIGH,INFERRED,0.674
ATK-00135,2026-09-18T10:48:00,CREDENTIAL_ACCESS,Predicted Next Stage,AST-0024,AST-0077,MEDIUM,PREDICTED,0.674
ATK-00136,2026-09-23T10:44:00,RECONNAISSANCE,Port Scan,AST-0305,AST-0153,HIGH,OBSERVED,0.869
ATK-00136,2026-09-23T10:48:00,CREDENTIAL_ACCESS,Suspicious Login,AST-0305,AST-0153,HIGH,OBSERVED,0.894
ATK-00136,2026-09-23T10:52:00,LATERAL_MOVEMENT,Internal Login Burst,AST-0305,AST-0153,HIGH,INFERRED,0.942
ATK-00136,2026-09-23T10:56:00,LATERAL_MOVEMENT,Predicted Next Stage,AST-0305,AST-0153,MEDIUM,PREDICTED,0.925
ATK-00137,2026-09-22T07:40:00,RECONNAISSANCE,Port Scan,AST-0036,AST-0272,HIGH,OBSERVED,0.939
ATK-00137,2026-09-22T07:44:00,CREDENTIAL_ACCESS,Suspicious Login,AST-0036,AST-0272,HIGH,OBSERVED,0.945
ATK-00137,2026-09-22T07:48:00,LATERAL_MOVEMENT,Internal Login Burst,AST-0036,AST-0272,HIGH,INFERRED,0.909
ATK-00137,2026-09-22T07:52:00,IMPACT,Predicted Next Stage,AST-0036,AST-0272,MEDIUM,PREDICTED,0.953
ATK-00138,2026-09-07T06:10:00,RECONNAISSANCE,Port Scan,AST-0479,AST-0261,HIGH,OBSERVED,0.806
ATK-00138,2026-09-07T06:14:00,CREDENTIAL_ACCESS,Suspicious Login,AST-0479,AST-0261,HIGH,OBSERVED,0.734
ATK-00138,2026-09-07T06:18:00,LATERAL_MOVEMENT,Internal Login Burst,AST-0479,AST-0261,HIGH,INFERRED,0.81
ATK-00138,2026-09-07T06:22:00,INITIAL_ACCESS,Predicted Next Stage,AST-0479,AST-0261,MEDIUM,PREDICTED,0.774
ATK-00139,2026-09-11T18:38:00,RECONNAISSANCE,Port Scan,AST-0274,AST-0034,HIGH,OBSERVED,0.798
ATK-00139,2026-09-11T18:42:00,CREDENTIAL_ACCESS,Suspicious Login,AST-0274,AST-0034,HIGH,OBSERVED,0.834
ATK-00139,2026-09-11T18:46:00,LATERAL_MOVEMENT,Internal Login Burst,AST-0274,AST-0034,HIGH,INFERRED,0.823
ATK-00139,2026-09-11T18:50:00,INITIAL_ACCESS,Predicted Next Stage,AST-0274,AST-0034,MEDIUM,PREDICTED,0.859
ATK-00140,2026-09-05T15:34:00,RECONNAISSANCE,Port Scan,AST-0266,AST-0416,HIGH,OBSERVED,0.74
ATK-00140,2026-09-05T15:38:00,CREDENTIAL_ACCESS,Suspicious Login,AST-0266,AST-0416,HIGH,OBSERVED,0.822
ATK-00140,2026-09-05T15:42:00,LATERAL_MOVEMENT,Internal Login Burst,AST-0266,AST-0416,HIGH,INFERRED,0.784
ATK-00140,2026-09-05T15:46:00,EXFILTRATION,Predicted Next Stage,AST-0266,AST-0416,MEDIUM,PREDICTED,0.776
ATK-00141,2026-09-02T03:02:00,RECONNAISSANCE,Port Scan,AST-0106,AST-0202,HIGH,OBSERVED,0.879
ATK-00141,2026-09-02T03:06:00,CREDENTIAL_ACCESS,Suspicious Login,AST-0106,AST-0202,HIGH,OBSERVED,0.909
ATK-00141,2026-09-02T03:10:00,LATERAL_MOVEMENT,Internal Login Burst,AST-0106,AST-0202,HIGH,INFERRED,0.92
ATK-00141,2026-09-02T03:14:00,LATERAL_MOVEMENT,Predicted Next Stage,AST-0106,AST-0202,MEDIUM,PREDICTED,0.936
ATK-00142,2026-09-22T11:02:00,RECONNAISSANCE,Port Scan,AST-0300,AST-0236,HIGH,OBSERVED,0.813
ATK-00142,2026-09-22T11:06:00,CREDENTIAL_ACCESS,Suspicious Login,AST-0300,AST-0236,HIGH,OBSERVED,0.9
ATK-00142,2026-09-22T11:10:00,LATERAL_MOVEMENT,Internal Login Burst,AST-0300,AST-0236,HIGH,INFERRED,0.852
ATK-00142,2026-09-22T11:14:00,PERSISTENCE,Predicted Next Stage,AST-0300,AST-0236,MEDIUM,PREDICTED,0.861
ATK-00143,2026-09-24T10:05:00,RECONNAISSANCE,Port Scan,AST-0101,AST-0262,HIGH,OBSERVED,0.804
ATK-00143,2026-09-24T10:09:00,CREDENTIAL_ACCESS,Suspicious Login,AST-0101,AST-0262,HIGH,OBSERVED,0.836
ATK-00143,2026-09-24T10:13:00,LATERAL_MOVEMENT,Internal Login Burst,AST-0101,AST-0262,HIGH,INFERRED,0.808
ATK-00143,2026-09-24T10:17:00,CREDENTIAL_ACCESS,Predicted Next Stage,AST-0101,AST-0262,MEDIUM,PREDICTED,0.822
ATK-00144,2026-09-02T08:33:00,RECONNAISSANCE,Port Scan,AST-0021,AST-0072,HIGH,OBSERVED,0.774
ATK-00144,2026-09-02T08:37:00,CREDENTIAL_ACCESS,Suspicious Login,AST-0021,AST-0072,HIGH,OBSERVED,0.674
ATK-00144,2026-09-02T08:41:00,LATERAL_MOVEMENT,Internal Login Burst,AST-0021,AST-0072,HIGH,INFERRED,0.691
ATK-00144,2026-09-02T08:45:00,IMPACT,Predicted Next Stage,AST-0021,AST-0072,MEDIUM,PREDICTED,0.703
ATK-00145,2026-09-15T07:41:00,RECONNAISSANCE,Port Scan,AST-0406,AST-0022,HIGH,OBSERVED,0.82
ATK-00145,2026-09-15T07:45:00,CREDENTIAL_ACCESS,Suspicious Login,AST-0406,AST-0022,HIGH,OBSERVED,0.829
ATK-00145,2026-09-15T07:49:00,LATERAL_MOVEMENT,Internal Login Burst,AST-0406,AST-0022,HIGH,INFERRED,0.826
ATK-00145,2026-09-15T07:53:00,IMPACT,Predicted Next Stage,AST-0406,AST-0022,MEDIUM,PREDICTED,0.815
ATK-00146,2026-09-01T23:47:00,RECONNAISSANCE,Port Scan,AST-0121,AST-0087,HIGH,OBSERVED,0.845
ATK-00146,2026-09-01T23:51:00,CREDENTIAL_ACCESS,Suspicious Login,AST-0121,AST-0087,HIGH,OBSERVED,0.799
ATK-00146,2026-09-01T23:55:00,LATERAL_MOVEMENT,Internal Login Burst,AST-0121,AST-0087,HIGH,INFERRED,0.855
ATK-00146,2026-09-01T23:59:00,EXFILTRATION,Predicted Next Stage,AST-0121,AST-0087,MEDIUM,PREDICTED,0.794
ATK-00147,2026-09-02T14:43:00,RECONNAISSANCE,Port Scan,AST-0399,AST-0219,HIGH,OBSERVED,0.818
ATK-00147,2026-09-02T14:47:00,CREDENTIAL_ACCESS,Suspicious Login,AST-0399,AST-0219,HIGH,OBSERVED,0.793
ATK-00147,2026-09-02T14:51:00,LATERAL_MOVEMENT,Internal Login Burst,AST-0399,AST-0219,HIGH,INFERRED,0.828
ATK-00147,2026-09-02T14:55:00,EXFILTRATION,Predicted Next Stage,AST-0399,AST-0219,MEDIUM,PREDICTED,0.865
ATK-00148,2026-09-24T16:21:00,RECONNAISSANCE,Port Scan,AST-0232,AST-0215,HIGH,OBSERVED,0.741
ATK-00148,2026-09-24T16:25:00,CREDENTIAL_ACCESS,Suspicious Login,AST-0232,AST-0215,HIGH,OBSERVED,0.762
ATK-00148,2026-09-24T16:29:00,LATERAL_MOVEMENT,Internal Login Burst,AST-0232,AST-0215,HIGH,INFERRED,0.794
ATK-00148,2026-09-24T16:33:00,LATERAL_MOVEMENT,Predicted Next Stage,AST-0232,AST-0215,MEDIUM,PREDICTED,0.791
ATK-00149,2026-09-03T00:19:00,RECONNAISSANCE,Port Scan,AST-0221,AST-0016,HIGH,OBSERVED,0.761
ATK-00149,2026-09-03T00:23:00,CREDENTIAL_ACCESS,Suspicious Login,AST-0221,AST-0016,HIGH,OBSERVED,0.718
ATK-00149,2026-09-03T00:27:00,LATERAL_MOVEMENT,Internal Login Burst,AST-0221,AST-0016,HIGH,INFERRED,0.786
ATK-00149,2026-09-03T00:31:00,PERSISTENCE,Predicted Next Stage,AST-0221,AST-0016,MEDIUM,PREDICTED,0.771
ATK-00150,2026-09-07T02:44:00,RECONNAISSANCE,Port Scan,AST-0221,AST-0065,HIGH,OBSERVED,0.734
ATK-00150,2026-09-07T02:48:00,CREDENTIAL_ACCESS,Suspicious Login,AST-0221,AST-0065,HIGH,OBSERVED,0.722
ATK-00150,2026-09-07T02:52:00,LATERAL_MOVEMENT,Internal Login Burst,AST-0221,AST-0065,HIGH,INFERRED,0.765
ATK-00150,2026-09-07T02:56:00,EXFILTRATION,Predicted Next Stage,AST-0221,AST-0065,MEDIUM,PREDICTED,0.721
ATK-00151,2026-09-01T10:48:00,RECONNAISSANCE,Port Scan,AST-0043,AST-0247,HIGH,OBSERVED,0.698
ATK-00151,2026-09-01T10:52:00,CREDENTIAL_ACCESS,Suspicious Login,AST-0043,AST-0247,HIGH,OBSERVED,0.714
ATK-00151,2026-09-01T10:56:00,LATERAL_MOVEMENT,Internal Login Burst,AST-0043,AST-0247,HIGH,INFERRED,0.699
ATK-00151,2026-09-01T11:00:00,EXFILTRATION,Predicted Next Stage,AST-0043,AST-0247,MEDIUM,PREDICTED,0.711
ATK-00152,2026-09-20T07:53:00,RECONNAISSANCE,Port Scan,AST-0454,AST-0120,HIGH,OBSERVED,0.856
ATK-00152,2026-09-20T07:57:00,CREDENTIAL_ACCESS,Suspicious Login,AST-0454,AST-0120,HIGH,OBSERVED,0.792
ATK-00152,2026-09-20T08:01:00,LATERAL_MOVEMENT,Internal Login Burst,AST-0454,AST-0120,HIGH,INFERRED,0.806
ATK-00152,2026-09-20T08:05:00,EXFILTRATION,Predicted Next Stage,AST-0454,AST-0120,MEDIUM,PREDICTED,0.837
ATK-00153,2026-09-21T20:13:00,RECONNAISSANCE,Port Scan,AST-0451,AST-0094,HIGH,OBSERVED,0.942
ATK-00153,2026-09-21T20:17:00,CREDENTIAL_ACCESS,Suspicious Login,AST-0451,AST-0094,HIGH,OBSERVED,0.922
ATK-00153,2026-09-21T20:21:00,LATERAL_MOVEMENT,Internal Login Burst,AST-0451,AST-0094,HIGH,INFERRED,0.94
ATK-00153,2026-09-21T20:25:00,PERSISTENCE,Predicted Next Stage,AST-0451,AST-0094,MEDIUM,PREDICTED,0.896
ATK-00154,2026-09-15T07:39:00,RECONNAISSANCE,Port Scan,AST-0460,AST-0254,HIGH,OBSERVED,0.802
ATK-00154,2026-09-15T07:43:00,CREDENTIAL_ACCESS,Suspicious Login,AST-0460,AST-0254,HIGH,OBSERVED,0.736
ATK-00154,2026-09-15T07:47:00,LATERAL_MOVEMENT,Internal Login Burst,AST-0460,AST-0254,HIGH,INFERRED,0.692
ATK-00154,2026-09-15T07:51:00,PERSISTENCE,Predicted Next Stage,AST-0460,AST-0254,MEDIUM,PREDICTED,0.762
ATK-00155,2026-09-22T00:05:00,RECONNAISSANCE,Port Scan,AST-0247,AST-0442,HIGH,OBSERVED,0.9
ATK-00155,2026-09-22T00:09:00,CREDENTIAL_ACCESS,Suspicious Login,AST-0247,AST-0442,HIGH,OBSERVED,0.875
ATK-00155,2026-09-22T00:13:00,LATERAL_MOVEMENT,Internal Login Burst,AST-0247,AST-0442,HIGH,INFERRED,0.873
ATK-00155,2026-09-22T00:17:00,CREDENTIAL_ACCESS,Predicted Next Stage,AST-0247,AST-0442,MEDIUM,PREDICTED,0.844
ATK-00156,2026-09-03T12:44:00,RECONNAISSANCE,Port Scan,AST-0340,AST-0183,HIGH,OBSERVED,0.863
ATK-00156,2026-09-03T12:48:00,CREDENTIAL_ACCESS,Suspicious Login,AST-0340,AST-0183,HIGH,OBSERVED,0.902
ATK-00156,2026-09-03T12:52:00,LATERAL_MOVEMENT,Internal Login Burst,AST-0340,AST-0183,HIGH,INFERRED,0.9
ATK-00156,2026-09-03T12:56:00,EXFILTRATION,Predicted Next Stage,AST-0340,AST-0183,MEDIUM,PREDICTED,0.881
ATK-00157,2026-09-27T08:16:00,RECONNAISSANCE,Port Scan,AST-0167,AST-0355,HIGH,OBSERVED,0.818
ATK-00157,2026-09-27T08:20:00,CREDENTIAL_ACCESS,Suspicious Login,AST-0167,AST-0355,HIGH,OBSERVED,0.785
ATK-00157,2026-09-27T08:24:00,LATERAL_MOVEMENT,Internal Login Burst,AST-0167,AST-0355,HIGH,INFERRED,0.758
ATK-00157,2026-09-27T08:28:00,LATERAL_MOVEMENT,Predicted Next Stage,AST-0167,AST-0355,MEDIUM,PREDICTED,0.79
ATK-00158,2026-09-13T05:41:00,RECONNAISSANCE,Port Scan,AST-0494,AST-0273,HIGH,OBSERVED,0.754
ATK-00158,2026-09-13T05:45:00,CREDENTIAL_ACCESS,Suspicious Login,AST-0494,AST-0273,HIGH,OBSERVED,0.806
ATK-00158,2026-09-13T05:49:00,LATERAL_MOVEMENT,Internal Login Burst,AST-0494,AST-0273,HIGH,INFERRED,0.753
ATK-00158,2026-09-13T05:53:00,IMPACT,Predicted Next Stage,AST-0494,AST-0273,MEDIUM,PREDICTED,0.778
ATK-00159,2026-09-07T05:25:00,RECONNAISSANCE,Port Scan,AST-0447,AST-0015,HIGH,OBSERVED,0.776
ATK-00159,2026-09-07T05:29:00,CREDENTIAL_ACCESS,Suspicious Login,AST-0447,AST-0015,HIGH,OBSERVED,0.757
ATK-00159,2026-09-07T05:33:00,LATERAL_MOVEMENT,Internal Login Burst,AST-0447,AST-0015,HIGH,INFERRED,0.717
ATK-00159,2026-09-07T05:37:00,CREDENTIAL_ACCESS,Predicted Next Stage,AST-0447,AST-0015,MEDIUM,PREDICTED,0.768
ATK-00160,2026-09-21T02:23:00,RECONNAISSANCE,Port Scan,AST-0405,AST-0119,HIGH,OBSERVED,0.909
ATK-00160,2026-09-21T02:27:00,CREDENTIAL_ACCESS,Suspicious Login,AST-0405,AST-0119,HIGH,OBSERVED,0.888
ATK-00160,2026-09-21T02:31:00,LATERAL_MOVEMENT,Internal Login Burst,AST-0405,AST-0119,HIGH,INFERRED,0.869
ATK-00160,2026-09-21T02:35:00,PERSISTENCE,Predicted Next Stage,AST-0405,AST-0119,MEDIUM,PREDICTED,0.855
ATK-00161,2026-09-05T22:50:00,RECONNAISSANCE,Port Scan,AST-0062,AST-0307,HIGH,OBSERVED,0.825
ATK-00161,2026-09-05T22:54:00,CREDENTIAL_ACCESS,Suspicious Login,AST-0062,AST-0307,HIGH,OBSERVED,0.753
ATK-00161,2026-09-05T22:58:00,LATERAL_MOVEMENT,Internal Login Burst,AST-0062,AST-0307,HIGH,INFERRED,0.736
ATK-00161,2026-09-05T23:02:00,IMPACT,Predicted Next Stage,AST-0062,AST-0307,MEDIUM,PREDICTED,0.794
ATK-00162,2026-09-04T03:40:00,RECONNAISSANCE,Port Scan,AST-0310,AST-0086,HIGH,OBSERVED,0.896
ATK-00162,2026-09-04T03:44:00,CREDENTIAL_ACCESS,Suspicious Login,AST-0310,AST-0086,HIGH,OBSERVED,0.913
ATK-00162,2026-09-04T03:48:00,LATERAL_MOVEMENT,Internal Login Burst,AST-0310,AST-0086,HIGH,INFERRED,0.92
ATK-00162,2026-09-04T03:52:00,LATERAL_MOVEMENT,Predicted Next Stage,AST-0310,AST-0086,MEDIUM,PREDICTED,0.934
ATK-00163,2026-09-18T05:40:00,RECONNAISSANCE,Port Scan,AST-0053,AST-0036,HIGH,OBSERVED,0.82
ATK-00163,2026-09-18T05:44:00,CREDENTIAL_ACCESS,Suspicious Login,AST-0053,AST-0036,HIGH,OBSERVED,0.842
ATK-00163,2026-09-18T05:48:00,LATERAL_MOVEMENT,Internal Login Burst,AST-0053,AST-0036,HIGH,INFERRED,0.805
ATK-00163,2026-09-18T05:52:00,IMPACT,Predicted Next Stage,AST-0053,AST-0036,MEDIUM,PREDICTED,0.841
ATK-00164,2026-09-17T22:50:00,RECONNAISSANCE,Port Scan,AST-0355,AST-0266,HIGH,OBSERVED,0.907
ATK-00164,2026-09-17T22:54:00,CREDENTIAL_ACCESS,Suspicious Login,AST-0355,AST-0266,HIGH,OBSERVED,0.979
ATK-00164,2026-09-17T22:58:00,LATERAL_MOVEMENT,Internal Login Burst,AST-0355,AST-0266,HIGH,INFERRED,0.93
ATK-00164,2026-09-17T23:02:00,LATERAL_MOVEMENT,Predicted Next Stage,AST-0355,AST-0266,MEDIUM,PREDICTED,0.839
ATK-00165,2026-09-05T12:00:00,RECONNAISSANCE,Port Scan,AST-0351,AST-0144,HIGH,OBSERVED,0.743
ATK-00165,2026-09-05T12:04:00,CREDENTIAL_ACCESS,Suspicious Login,AST-0351,AST-0144,HIGH,OBSERVED,0.779
ATK-00165,2026-09-05T12:08:00,LATERAL_MOVEMENT,Internal Login Burst,AST-0351,AST-0144,HIGH,INFERRED,0.745
ATK-00165,2026-09-05T12:12:00,IMPACT,Predicted Next Stage,AST-0351,AST-0144,MEDIUM,PREDICTED,0.777
ATK-00166,2026-09-02T20:05:00,RECONNAISSANCE,Port Scan,AST-0045,AST-0213,HIGH,OBSERVED,0.78
ATK-00166,2026-09-02T20:09:00,CREDENTIAL_ACCESS,Suspicious Login,AST-0045,AST-0213,HIGH,OBSERVED,0.807
ATK-00166,2026-09-02T20:13:00,LATERAL_MOVEMENT,Internal Login Burst,AST-0045,AST-0213,HIGH,INFERRED,0.838
ATK-00166,2026-09-02T20:17:00,CREDENTIAL_ACCESS,Predicted Next Stage,AST-0045,AST-0213,MEDIUM,PREDICTED,0.819
ATK-00167,2026-09-09T16:09:00,RECONNAISSANCE,Port Scan,AST-0288,AST-0368,HIGH,OBSERVED,0.762
ATK-00167,2026-09-09T16:13:00,CREDENTIAL_ACCESS,Suspicious Login,AST-0288,AST-0368,HIGH,OBSERVED,0.775
ATK-00167,2026-09-09T16:17:00,LATERAL_MOVEMENT,Internal Login Burst,AST-0288,AST-0368,HIGH,INFERRED,0.713
ATK-00167,2026-09-09T16:21:00,INITIAL_ACCESS,Predicted Next Stage,AST-0288,AST-0368,MEDIUM,PREDICTED,0.757
ATK-00168,2026-09-17T07:33:00,RECONNAISSANCE,Port Scan,AST-0152,AST-0164,HIGH,OBSERVED,0.882
ATK-00168,2026-09-17T07:37:00,CREDENTIAL_ACCESS,Suspicious Login,AST-0152,AST-0164,HIGH,OBSERVED,0.914
ATK-00168,2026-09-17T07:41:00,LATERAL_MOVEMENT,Internal Login Burst,AST-0152,AST-0164,HIGH,INFERRED,0.905
ATK-00168,2026-09-17T07:45:00,LATERAL_MOVEMENT,Predicted Next Stage,AST-0152,AST-0164,MEDIUM,PREDICTED,0.88
ATK-00169,2026-09-18T02:47:00,RECONNAISSANCE,Port Scan,AST-0367,AST-0364,HIGH,OBSERVED,0.815
ATK-00169,2026-09-18T02:51:00,CREDENTIAL_ACCESS,Suspicious Login,AST-0367,AST-0364,HIGH,OBSERVED,0.809
ATK-00169,2026-09-18T02:55:00,LATERAL_MOVEMENT,Internal Login Burst,AST-0367,AST-0364,HIGH,INFERRED,0.814
ATK-00169,2026-09-18T02:59:00,IMPACT,Predicted Next Stage,AST-0367,AST-0364,MEDIUM,PREDICTED,0.777
ATK-00170,2026-09-06T13:00:00,RECONNAISSANCE,Port Scan,AST-0230,AST-0329,HIGH,OBSERVED,0.94
ATK-00170,2026-09-06T13:04:00,CREDENTIAL_ACCESS,Suspicious Login,AST-0230,AST-0329,HIGH,OBSERVED,0.989
ATK-00170,2026-09-06T13:08:00,LATERAL_MOVEMENT,Internal Login Burst,AST-0230,AST-0329,HIGH,INFERRED,0.965
ATK-00170,2026-09-06T13:12:00,EXFILTRATION,Predicted Next Stage,AST-0230,AST-0329,MEDIUM,PREDICTED,0.917
ATK-00171,2026-09-06T08:47:00,RECONNAISSANCE,Port Scan,AST-0188,AST-0253,HIGH,OBSERVED,0.746
ATK-00171,2026-09-06T08:51:00,CREDENTIAL_ACCESS,Suspicious Login,AST-0188,AST-0253,HIGH,OBSERVED,0.72
ATK-00171,2026-09-06T08:55:00,LATERAL_MOVEMENT,Internal Login Burst,AST-0188,AST-0253,HIGH,INFERRED,0.708
ATK-00171,2026-09-06T08:59:00,INITIAL_ACCESS,Predicted Next Stage,AST-0188,AST-0253,MEDIUM,PREDICTED,0.675
ATK-00172,2026-09-12T11:17:00,RECONNAISSANCE,Port Scan,AST-0084,AST-0429,HIGH,OBSERVED,0.836
ATK-00172,2026-09-12T11:21:00,CREDENTIAL_ACCESS,Suspicious Login,AST-0084,AST-0429,HIGH,OBSERVED,0.785
ATK-00172,2026-09-12T11:25:00,LATERAL_MOVEMENT,Internal Login Burst,AST-0084,AST-0429,HIGH,INFERRED,0.748
ATK-00172,2026-09-12T11:29:00,EXFILTRATION,Predicted Next Stage,AST-0084,AST-0429,MEDIUM,PREDICTED,0.891
ATK-00173,2026-09-08T20:45:00,RECONNAISSANCE,Port Scan,AST-0024,AST-0440,HIGH,OBSERVED,0.9
ATK-00173,2026-09-08T20:49:00,CREDENTIAL_ACCESS,Suspicious Login,AST-0024,AST-0440,HIGH,OBSERVED,0.909
ATK-00173,2026-09-08T20:53:00,LATERAL_MOVEMENT,Internal Login Burst,AST-0024,AST-0440,HIGH,INFERRED,0.856
ATK-00173,2026-09-08T20:57:00,PERSISTENCE,Predicted Next Stage,AST-0024,AST-0440,MEDIUM,PREDICTED,0.875
ATK-00174,2026-09-17T18:47:00,RECONNAISSANCE,Port Scan,AST-0022,AST-0169,HIGH,OBSERVED,0.806
ATK-00174,2026-09-17T18:51:00,CREDENTIAL_ACCESS,Suspicious Login,AST-0022,AST-0169,HIGH,OBSERVED,0.832
ATK-00174,2026-09-17T18:55:00,LATERAL_MOVEMENT,Internal Login Burst,AST-0022,AST-0169,HIGH,INFERRED,0.83
ATK-00174,2026-09-17T18:59:00,LATERAL_MOVEMENT,Predicted Next Stage,AST-0022,AST-0169,MEDIUM,PREDICTED,0.82
ATK-00175,2026-09-06T12:46:00,RECONNAISSANCE,Port Scan,AST-0160,AST-0414,HIGH,OBSERVED,0.802
ATK-00175,2026-09-06T12:50:00,CREDENTIAL_ACCESS,Suspicious Login,AST-0160,AST-0414,HIGH,OBSERVED,0.838
ATK-00175,2026-09-06T12:54:00,LATERAL_MOVEMENT,Internal Login Burst,AST-0160,AST-0414,HIGH,INFERRED,0.798
ATK-00175,2026-09-06T12:58:00,LATERAL_MOVEMENT,Predicted Next Stage,AST-0160,AST-0414,MEDIUM,PREDICTED,0.809
ATK-00176,2026-09-11T11:58:00,RECONNAISSANCE,Port Scan,AST-0365,AST-0150,HIGH,OBSERVED,0.83
ATK-00176,2026-09-11T12:02:00,CREDENTIAL_ACCESS,Suspicious Login,AST-0365,AST-0150,HIGH,OBSERVED,0.833
ATK-00176,2026-09-11T12:06:00,LATERAL_MOVEMENT,Internal Login Burst,AST-0365,AST-0150,HIGH,INFERRED,0.846
ATK-00176,2026-09-11T12:10:00,EXFILTRATION,Predicted Next Stage,AST-0365,AST-0150,MEDIUM,PREDICTED,0.826
ATK-00177,2026-09-20T02:47:00,RECONNAISSANCE,Port Scan,AST-0293,AST-0253,HIGH,OBSERVED,0.784
ATK-00177,2026-09-20T02:51:00,CREDENTIAL_ACCESS,Suspicious Login,AST-0293,AST-0253,HIGH,OBSERVED,0.808
ATK-00177,2026-09-20T02:55:00,LATERAL_MOVEMENT,Internal Login Burst,AST-0293,AST-0253,HIGH,INFERRED,0.842
ATK-00177,2026-09-20T02:59:00,IMPACT,Predicted Next Stage,AST-0293,AST-0253,MEDIUM,PREDICTED,0.808
ATK-00178,2026-09-05T17:57:00,RECONNAISSANCE,Port Scan,AST-0412,AST-0287,HIGH,OBSERVED,0.799
ATK-00178,2026-09-05T18:01:00,CREDENTIAL_ACCESS,Suspicious Login,AST-0412,AST-0287,HIGH,OBSERVED,0.82
ATK-00178,2026-09-05T18:05:00,LATERAL_MOVEMENT,Internal Login Burst,AST-0412,AST-0287,HIGH,INFERRED,0.821
ATK-00178,2026-09-05T18:09:00,LATERAL_MOVEMENT,Predicted Next Stage,AST-0412,AST-0287,MEDIUM,PREDICTED,0.819
ATK-00179,2026-09-15T10:59:00,RECONNAISSANCE,Port Scan,AST-0474,AST-0071,HIGH,OBSERVED,0.867
ATK-00179,2026-09-15T11:03:00,CREDENTIAL_ACCESS,Suspicious Login,AST-0474,AST-0071,HIGH,OBSERVED,0.839
ATK-00179,2026-09-15T11:07:00,LATERAL_MOVEMENT,Internal Login Burst,AST-0474,AST-0071,HIGH,INFERRED,0.872
ATK-00179,2026-09-15T11:11:00,IMPACT,Predicted Next Stage,AST-0474,AST-0071,MEDIUM,PREDICTED,0.861
ATK-00180,2026-09-13T07:23:00,RECONNAISSANCE,Port Scan,AST-0317,AST-0052,HIGH,OBSERVED,0.738
ATK-00180,2026-09-13T07:27:00,CREDENTIAL_ACCESS,Suspicious Login,AST-0317,AST-0052,HIGH,OBSERVED,0.8
ATK-00180,2026-09-13T07:31:00,LATERAL_MOVEMENT,Internal Login Burst,AST-0317,AST-0052,HIGH,INFERRED,0.732
ATK-00180,2026-09-13T07:35:00,IMPACT,Predicted Next Stage,AST-0317,AST-0052,MEDIUM,PREDICTED,0.762
ATK-00181,2026-09-20T05:13:00,RECONNAISSANCE,Port Scan,AST-0137,AST-0255,HIGH,OBSERVED,0.86
ATK-00181,2026-09-20T05:17:00,CREDENTIAL_ACCESS,Suspicious Login,AST-0137,AST-0255,HIGH,OBSERVED,0.838
ATK-00181,2026-09-20T05:21:00,LATERAL_MOVEMENT,Internal Login Burst,AST-0137,AST-0255,HIGH,INFERRED,0.809
ATK-00181,2026-09-20T05:25:00,CREDENTIAL_ACCESS,Predicted Next Stage,AST-0137,AST-0255,MEDIUM,PREDICTED,0.75
ATK-00182,2026-09-17T21:57:00,RECONNAISSANCE,Port Scan,AST-0341,AST-0388,HIGH,OBSERVED,0.874
ATK-00182,2026-09-17T22:01:00,CREDENTIAL_ACCESS,Suspicious Login,AST-0341,AST-0388,HIGH,OBSERVED,0.865
ATK-00182,2026-09-17T22:05:00,LATERAL_MOVEMENT,Internal Login Burst,AST-0341,AST-0388,HIGH,INFERRED,0.873
ATK-00182,2026-09-17T22:09:00,EXFILTRATION,Predicted Next Stage,AST-0341,AST-0388,MEDIUM,PREDICTED,0.881
ATK-00183,2026-09-18T23:22:00,RECONNAISSANCE,Port Scan,AST-0351,AST-0450,HIGH,OBSERVED,0.801
ATK-00183,2026-09-18T23:26:00,CREDENTIAL_ACCESS,Suspicious Login,AST-0351,AST-0450,HIGH,OBSERVED,0.818
ATK-00183,2026-09-18T23:30:00,LATERAL_MOVEMENT,Internal Login Burst,AST-0351,AST-0450,HIGH,INFERRED,0.865
ATK-00183,2026-09-18T23:34:00,CREDENTIAL_ACCESS,Predicted Next Stage,AST-0351,AST-0450,MEDIUM,PREDICTED,0.812
ATK-00184,2026-09-05T05:00:00,RECONNAISSANCE,Port Scan,AST-0102,AST-0355,HIGH,OBSERVED,0.796
ATK-00184,2026-09-05T05:04:00,CREDENTIAL_ACCESS,Suspicious Login,AST-0102,AST-0355,HIGH,OBSERVED,0.851
ATK-00184,2026-09-05T05:08:00,LATERAL_MOVEMENT,Internal Login Burst,AST-0102,AST-0355,HIGH,INFERRED,0.841
ATK-00184,2026-09-05T05:12:00,CREDENTIAL_ACCESS,Predicted Next Stage,AST-0102,AST-0355,MEDIUM,PREDICTED,0.81
ATK-00185,2026-09-08T18:33:00,RECONNAISSANCE,Port Scan,AST-0015,AST-0351,HIGH,OBSERVED,0.811
ATK-00185,2026-09-08T18:37:00,CREDENTIAL_ACCESS,Suspicious Login,AST-0015,AST-0351,HIGH,OBSERVED,0.794
ATK-00185,2026-09-08T18:41:00,LATERAL_MOVEMENT,Internal Login Burst,AST-0015,AST-0351,HIGH,INFERRED,0.786
ATK-00185,2026-09-08T18:45:00,INITIAL_ACCESS,Predicted Next Stage,AST-0015,AST-0351,MEDIUM,PREDICTED,0.786
ATK-00186,2026-09-01T19:09:00,RECONNAISSANCE,Port Scan,AST-0436,AST-0450,HIGH,OBSERVED,0.726
ATK-00186,2026-09-01T19:13:00,CREDENTIAL_ACCESS,Suspicious Login,AST-0436,AST-0450,HIGH,OBSERVED,0.78
ATK-00186,2026-09-01T19:17:00,LATERAL_MOVEMENT,Internal Login Burst,AST-0436,AST-0450,HIGH,INFERRED,0.732
ATK-00186,2026-09-01T19:21:00,IMPACT,Predicted Next Stage,AST-0436,AST-0450,MEDIUM,PREDICTED,0.77
ATK-00187,2026-09-11T15:44:00,RECONNAISSANCE,Port Scan,AST-0325,AST-0064,HIGH,OBSERVED,0.843
ATK-00187,2026-09-11T15:48:00,CREDENTIAL_ACCESS,Suspicious Login,AST-0325,AST-0064,HIGH,OBSERVED,0.829
ATK-00187,2026-09-11T15:52:00,LATERAL_MOVEMENT,Internal Login Burst,AST-0325,AST-0064,HIGH,INFERRED,0.765
ATK-00187,2026-09-11T15:56:00,LATERAL_MOVEMENT,Predicted Next Stage,AST-0325,AST-0064,MEDIUM,PREDICTED,0.81
ATK-00188,2026-09-02T13:43:00,RECONNAISSANCE,Port Scan,AST-0248,AST-0368,HIGH,OBSERVED,0.764
ATK-00188,2026-09-02T13:47:00,CREDENTIAL_ACCESS,Suspicious Login,AST-0248,AST-0368,HIGH,OBSERVED,0.819
ATK-00188,2026-09-02T13:51:00,LATERAL_MOVEMENT,Internal Login Burst,AST-0248,AST-0368,HIGH,INFERRED,0.81
ATK-00188,2026-09-02T13:55:00,EXFILTRATION,Predicted Next Stage,AST-0248,AST-0368,MEDIUM,PREDICTED,0.823
ATK-00189,2026-09-15T18:27:00,RECONNAISSANCE,Port Scan,AST-0399,AST-0229,HIGH,OBSERVED,0.756
ATK-00189,2026-09-15T18:31:00,CREDENTIAL_ACCESS,Suspicious Login,AST-0399,AST-0229,HIGH,OBSERVED,0.751
ATK-00189,2026-09-15T18:35:00,LATERAL_MOVEMENT,Internal Login Burst,AST-0399,AST-0229,HIGH,INFERRED,0.736
ATK-00189,2026-09-15T18:39:00,LATERAL_MOVEMENT,Predicted Next Stage,AST-0399,AST-0229,MEDIUM,PREDICTED,0.771
ATK-00190,2026-09-25T05:37:00,RECONNAISSANCE,Port Scan,AST-0141,AST-0379,HIGH,OBSERVED,0.717
ATK-00190,2026-09-25T05:41:00,CREDENTIAL_ACCESS,Suspicious Login,AST-0141,AST-0379,HIGH,OBSERVED,0.8
ATK-00190,2026-09-25T05:45:00,LATERAL_MOVEMENT,Internal Login Burst,AST-0141,AST-0379,HIGH,INFERRED,0.777
ATK-00190,2026-09-25T05:49:00,IMPACT,Predicted Next Stage,AST-0141,AST-0379,MEDIUM,PREDICTED,0.736
ATK-00191,2026-09-16T02:07:00,RECONNAISSANCE,Port Scan,AST-0061,AST-0168,HIGH,OBSERVED,0.725
ATK-00191,2026-09-16T02:11:00,CREDENTIAL_ACCESS,Suspicious Login,AST-0061,AST-0168,HIGH,OBSERVED,0.688
ATK-00191,2026-09-16T02:15:00,LATERAL_MOVEMENT,Internal Login Burst,AST-0061,AST-0168,HIGH,INFERRED,0.692
ATK-00191,2026-09-16T02:19:00,IMPACT,Predicted Next Stage,AST-0061,AST-0168,MEDIUM,PREDICTED,0.676
ATK-00192,2026-09-24T19:27:00,RECONNAISSANCE,Port Scan,AST-0268,AST-0232,HIGH,OBSERVED,0.979
ATK-00192,2026-09-24T19:31:00,CREDENTIAL_ACCESS,Suspicious Login,AST-0268,AST-0232,HIGH,OBSERVED,0.941
ATK-00192,2026-09-24T19:35:00,LATERAL_MOVEMENT,Internal Login Burst,AST-0268,AST-0232,HIGH,INFERRED,0.99
ATK-00192,2026-09-24T19:39:00,IMPACT,Predicted Next Stage,AST-0268,AST-0232,MEDIUM,PREDICTED,0.971
ATK-00193,2026-09-23T15:02:00,RECONNAISSANCE,Port Scan,AST-0428,AST-0319,HIGH,OBSERVED,0.892
ATK-00193,2026-09-23T15:06:00,CREDENTIAL_ACCESS,Suspicious Login,AST-0428,AST-0319,HIGH,OBSERVED,0.872
ATK-00193,2026-09-23T15:10:00,LATERAL_MOVEMENT,Internal Login Burst,AST-0428,AST-0319,HIGH,INFERRED,0.842
ATK-00193,2026-09-23T15:14:00,LATERAL_MOVEMENT,Predicted Next Stage,AST-0428,AST-0319,MEDIUM,PREDICTED,0.87
ATK-00194,2026-09-12T12:27:00,RECONNAISSANCE,Port Scan,AST-0288,AST-0316,HIGH,OBSERVED,0.882
ATK-00194,2026-09-12T12:31:00,CREDENTIAL_ACCESS,Suspicious Login,AST-0288,AST-0316,HIGH,OBSERVED,0.878
ATK-00194,2026-09-12T12:35:00,LATERAL_MOVEMENT,Internal Login Burst,AST-0288,AST-0316,HIGH,INFERRED,0.948
ATK-00194,2026-09-12T12:39:00,INITIAL_ACCESS,Predicted Next Stage,AST-0288,AST-0316,MEDIUM,PREDICTED,0.862
ATK-00195,2026-09-26T08:06:00,RECONNAISSANCE,Port Scan,AST-0004,AST-0347,HIGH,OBSERVED,0.802
ATK-00195,2026-09-26T08:10:00,CREDENTIAL_ACCESS,Suspicious Login,AST-0004,AST-0347,HIGH,OBSERVED,0.79
ATK-00195,2026-09-26T08:14:00,LATERAL_MOVEMENT,Internal Login Burst,AST-0004,AST-0347,HIGH,INFERRED,0.853
ATK-00195,2026-09-26T08:18:00,INITIAL_ACCESS,Predicted Next Stage,AST-0004,AST-0347,MEDIUM,PREDICTED,0.844
ATK-00196,2026-09-24T07:06:00,RECONNAISSANCE,Port Scan,AST-0110,AST-0248,HIGH,OBSERVED,0.861
ATK-00196,2026-09-24T07:10:00,CREDENTIAL_ACCESS,Suspicious Login,AST-0110,AST-0248,HIGH,OBSERVED,0.909
ATK-00196,2026-09-24T07:14:00,LATERAL_MOVEMENT,Internal Login Burst,AST-0110,AST-0248,HIGH,INFERRED,0.865
ATK-00196,2026-09-24T07:18:00,PERSISTENCE,Predicted Next Stage,AST-0110,AST-0248,MEDIUM,PREDICTED,0.904
ATK-00197,2026-09-13T02:02:00,RECONNAISSANCE,Port Scan,AST-0482,AST-0348,HIGH,OBSERVED,0.769
ATK-00197,2026-09-13T02:06:00,CREDENTIAL_ACCESS,Suspicious Login,AST-0482,AST-0348,HIGH,OBSERVED,0.809
ATK-00197,2026-09-13T02:10:00,LATERAL_MOVEMENT,Internal Login Burst,AST-0482,AST-0348,HIGH,INFERRED,0.799
ATK-00197,2026-09-13T02:14:00,IMPACT,Predicted Next Stage,AST-0482,AST-0348,MEDIUM,PREDICTED,0.811
ATK-00198,2026-09-04T09:10:00,RECONNAISSANCE,Port Scan,AST-0281,AST-0344,HIGH,OBSERVED,0.789
ATK-00198,2026-09-04T09:14:00,CREDENTIAL_ACCESS,Suspicious Login,AST-0281,AST-0344,HIGH,OBSERVED,0.724
ATK-00198,2026-09-04T09:18:00,LATERAL_MOVEMENT,Internal Login Burst,AST-0281,AST-0344,HIGH,INFERRED,0.747
ATK-00198,2026-09-04T09:22:00,PERSISTENCE,Predicted Next Stage,AST-0281,AST-0344,MEDIUM,PREDICTED,0.794
ATK-00199,2026-09-06T14:43:00,RECONNAISSANCE,Port Scan,AST-0165,AST-0123,HIGH,OBSERVED,0.831
ATK-00199,2026-09-06T14:47:00,CREDENTIAL_ACCESS,Suspicious Login,AST-0165,AST-0123,HIGH,OBSERVED,0.783
ATK-00199,2026-09-06T14:51:00,LATERAL_MOVEMENT,Internal Login Burst,AST-0165,AST-0123,HIGH,INFERRED,0.796
ATK-00199,2026-09-06T14:55:00,LATERAL_MOVEMENT,Predicted Next Stage,AST-0165,AST-0123,MEDIUM,PREDICTED,0.79
ATK-00200,2026-09-20T21:21:00,RECONNAISSANCE,Port Scan,AST-0395,AST-0330,HIGH,OBSERVED,0.935
ATK-00200,2026-09-20T21:25:00,CREDENTIAL_ACCESS,Suspicious Login,AST-0395,AST-0330,HIGH,OBSERVED,0.927
ATK-00200,2026-09-20T21:29:00,LATERAL_MOVEMENT,Internal Login Burst,AST-0395,AST-0330,HIGH,INFERRED,0.97
ATK-00200,2026-09-20T21:33:00,CREDENTIAL_ACCESS,Predicted Next Stage,AST-0395,AST-0330,MEDIUM,PREDICTED,0.915
ATK-00201,2026-09-08T23:23:00,RECONNAISSANCE,Port Scan,AST-0391,AST-0131,HIGH,OBSERVED,0.838
ATK-00201,2026-09-08T23:27:00,CREDENTIAL_ACCESS,Suspicious Login,AST-0391,AST-0131,HIGH,OBSERVED,0.83
ATK-00201,2026-09-08T23:31:00,LATERAL_MOVEMENT,Internal Login Burst,AST-0391,AST-0131,HIGH,INFERRED,0.828
ATK-00201,2026-09-08T23:35:00,CREDENTIAL_ACCESS,Predicted Next Stage,AST-0391,AST-0131,MEDIUM,PREDICTED,0.818
ATK-00202,2026-09-26T16:51:00,RECONNAISSANCE,Port Scan,AST-0236,AST-0088,HIGH,OBSERVED,0.798
ATK-00202,2026-09-26T16:55:00,CREDENTIAL_ACCESS,Suspicious Login,AST-0236,AST-0088,HIGH,OBSERVED,0.832
ATK-00202,2026-09-26T16:59:00,LATERAL_MOVEMENT,Internal Login Burst,AST-0236,AST-0088,HIGH,INFERRED,0.801
ATK-00202,2026-09-26T17:03:00,PERSISTENCE,Predicted Next Stage,AST-0236,AST-0088,MEDIUM,PREDICTED,0.835
ATK-00203,2026-09-12T17:43:00,RECONNAISSANCE,Port Scan,AST-0351,AST-0370,HIGH,OBSERVED,0.745
ATK-00203,2026-09-12T17:47:00,CREDENTIAL_ACCESS,Suspicious Login,AST-0351,AST-0370,HIGH,OBSERVED,0.714
ATK-00203,2026-09-12T17:51:00,LATERAL_MOVEMENT,Internal Login Burst,AST-0351,AST-0370,HIGH,INFERRED,0.656
ATK-00203,2026-09-12T17:55:00,PERSISTENCE,Predicted Next Stage,AST-0351,AST-0370,MEDIUM,PREDICTED,0.735
ATK-00204,2026-09-06T16:03:00,RECONNAISSANCE,Port Scan,AST-0429,AST-0414,HIGH,OBSERVED,0.723
ATK-00204,2026-09-06T16:07:00,CREDENTIAL_ACCESS,Suspicious Login,AST-0429,AST-0414,HIGH,OBSERVED,0.757
ATK-00204,2026-09-06T16:11:00,LATERAL_MOVEMENT,Internal Login Burst,AST-0429,AST-0414,HIGH,INFERRED,0.726
ATK-00204,2026-09-06T16:15:00,PERSISTENCE,Predicted Next Stage,AST-0429,AST-0414,MEDIUM,PREDICTED,0.732
ATK-00205,2026-09-13T14:09:00,RECONNAISSANCE,Port Scan,AST-0303,AST-0404,HIGH,OBSERVED,0.891
ATK-00205,2026-09-13T14:13:00,CREDENTIAL_ACCESS,Suspicious Login,AST-0303,AST-0404,HIGH,OBSERVED,0.907
ATK-00205,2026-09-13T14:17:00,LATERAL_MOVEMENT,Internal Login Burst,AST-0303,AST-0404,HIGH,INFERRED,0.913
ATK-00205,2026-09-13T14:21:00,LATERAL_MOVEMENT,Predicted Next Stage,AST-0303,AST-0404,MEDIUM,PREDICTED,0.88
ATK-00206,2026-09-01T19:31:00,RECONNAISSANCE,Port Scan,AST-0331,AST-0123,HIGH,OBSERVED,0.758
ATK-00206,2026-09-01T19:35:00,CREDENTIAL_ACCESS,Suspicious Login,AST-0331,AST-0123,HIGH,OBSERVED,0.743
ATK-00206,2026-09-01T19:39:00,LATERAL_MOVEMENT,Internal Login Burst,AST-0331,AST-0123,HIGH,INFERRED,0.775
ATK-00206,2026-09-01T19:43:00,EXFILTRATION,Predicted Next Stage,AST-0331,AST-0123,MEDIUM,PREDICTED,0.723
ATK-00207,2026-09-15T13:05:00,RECONNAISSANCE,Port Scan,AST-0226,AST-0254,HIGH,OBSERVED,0.78
ATK-00207,2026-09-15T13:09:00,CREDENTIAL_ACCESS,Suspicious Login,AST-0226,AST-0254,HIGH,OBSERVED,0.78
ATK-00207,2026-09-15T13:13:00,LATERAL_MOVEMENT,Internal Login Burst,AST-0226,AST-0254,HIGH,INFERRED,0.767
ATK-00207,2026-09-15T13:17:00,IMPACT,Predicted Next Stage,AST-0226,AST-0254,MEDIUM,PREDICTED,0.746
ATK-00208,2026-09-19T20:57:00,RECONNAISSANCE,Port Scan,AST-0070,AST-0494,HIGH,OBSERVED,0.925
ATK-00208,2026-09-19T21:01:00,CREDENTIAL_ACCESS,Suspicious Login,AST-0070,AST-0494,HIGH,OBSERVED,0.889
ATK-00208,2026-09-19T21:05:00,LATERAL_MOVEMENT,Internal Login Burst,AST-0070,AST-0494,HIGH,INFERRED,0.872
ATK-00208,2026-09-19T21:09:00,LATERAL_MOVEMENT,Predicted Next Stage,AST-0070,AST-0494,MEDIUM,PREDICTED,0.862
ATK-00209,2026-09-06T04:28:00,RECONNAISSANCE,Port Scan,AST-0280,AST-0308,HIGH,OBSERVED,0.685
ATK-00209,2026-09-06T04:32:00,CREDENTIAL_ACCESS,Suspicious Login,AST-0280,AST-0308,HIGH,OBSERVED,0.738
ATK-00209,2026-09-06T04:36:00,LATERAL_MOVEMENT,Internal Login Burst,AST-0280,AST-0308,HIGH,INFERRED,0.682
ATK-00209,2026-09-06T04:40:00,IMPACT,Predicted Next Stage,AST-0280,AST-0308,MEDIUM,PREDICTED,0.701
ATK-00210,2026-09-21T10:54:00,RECONNAISSANCE,Port Scan,AST-0221,AST-0109,HIGH,OBSERVED,0.736
ATK-00210,2026-09-21T10:58:00,CREDENTIAL_ACCESS,Suspicious Login,AST-0221,AST-0109,HIGH,OBSERVED,0.734
ATK-00210,2026-09-21T11:02:00,LATERAL_MOVEMENT,Internal Login Burst,AST-0221,AST-0109,HIGH,INFERRED,0.795
ATK-00210,2026-09-21T11:06:00,IMPACT,Predicted Next Stage,AST-0221,AST-0109,MEDIUM,PREDICTED,0.797
ATK-00211,2026-09-13T22:02:00,RECONNAISSANCE,Port Scan,AST-0459,AST-0144,HIGH,OBSERVED,0.883
ATK-00211,2026-09-13T22:06:00,CREDENTIAL_ACCESS,Suspicious Login,AST-0459,AST-0144,HIGH,OBSERVED,0.892
ATK-00211,2026-09-13T22:10:00,LATERAL_MOVEMENT,Internal Login Burst,AST-0459,AST-0144,HIGH,INFERRED,0.889
ATK-00211,2026-09-13T22:14:00,LATERAL_MOVEMENT,Predicted Next Stage,AST-0459,AST-0144,MEDIUM,PREDICTED,0.86
ATK-00212,2026-09-15T03:18:00,RECONNAISSANCE,Port Scan,AST-0065,AST-0441,HIGH,OBSERVED,0.855
ATK-00212,2026-09-15T03:22:00,CREDENTIAL_ACCESS,Suspicious Login,AST-0065,AST-0441,HIGH,OBSERVED,0.86
ATK-00212,2026-09-15T03:26:00,LATERAL_MOVEMENT,Internal Login Burst,AST-0065,AST-0441,HIGH,INFERRED,0.801
ATK-00212,2026-09-15T03:30:00,LATERAL_MOVEMENT,Predicted Next Stage,AST-0065,AST-0441,MEDIUM,PREDICTED,0.882
ATK-00213,2026-09-27T03:10:00,RECONNAISSANCE,Port Scan,AST-0025,AST-0154,HIGH,OBSERVED,0.834
ATK-00213,2026-09-27T03:14:00,CREDENTIAL_ACCESS,Suspicious Login,AST-0025,AST-0154,HIGH,OBSERVED,0.848
ATK-00213,2026-09-27T03:18:00,LATERAL_MOVEMENT,Internal Login Burst,AST-0025,AST-0154,HIGH,INFERRED,0.899
ATK-00213,2026-09-27T03:22:00,LATERAL_MOVEMENT,Predicted Next Stage,AST-0025,AST-0154,MEDIUM,PREDICTED,0.883
ATK-00214,2026-09-13T13:57:00,RECONNAISSANCE,Port Scan,AST-0311,AST-0375,HIGH,OBSERVED,0.887
ATK-00214,2026-09-13T14:01:00,CREDENTIAL_ACCESS,Suspicious Login,AST-0311,AST-0375,HIGH,OBSERVED,0.924
ATK-00214,2026-09-13T14:05:00,LATERAL_MOVEMENT,Internal Login Burst,AST-0311,AST-0375,HIGH,INFERRED,0.889
ATK-00214,2026-09-13T14:09:00,LATERAL_MOVEMENT,Predicted Next Stage,AST-0311,AST-0375,MEDIUM,PREDICTED,0.906
ATK-00215,2026-09-24T17:36:00,RECONNAISSANCE,Port Scan,AST-0026,AST-0426,HIGH,OBSERVED,0.686
ATK-00215,2026-09-24T17:40:00,CREDENTIAL_ACCESS,Suspicious Login,AST-0026,AST-0426,HIGH,OBSERVED,0.791
ATK-00215,2026-09-24T17:44:00,LATERAL_MOVEMENT,Internal Login Burst,AST-0026,AST-0426,HIGH,INFERRED,0.73
ATK-00215,2026-09-24T17:48:00,CREDENTIAL_ACCESS,Predicted Next Stage,AST-0026,AST-0426,MEDIUM,PREDICTED,0.787
ATK-00216,2026-09-03T06:26:00,RECONNAISSANCE,Port Scan,AST-0186,AST-0110,HIGH,OBSERVED,0.904
ATK-00216,2026-09-03T06:30:00,CREDENTIAL_ACCESS,Suspicious Login,AST-0186,AST-0110,HIGH,OBSERVED,0.909
ATK-00216,2026-09-03T06:34:00,LATERAL_MOVEMENT,Internal Login Burst,AST-0186,AST-0110,HIGH,INFERRED,0.906
ATK-00216,2026-09-03T06:38:00,EXFILTRATION,Predicted Next Stage,AST-0186,AST-0110,MEDIUM,PREDICTED,0.827
ATK-00217,2026-09-03T22:22:00,RECONNAISSANCE,Port Scan,AST-0492,AST-0467,HIGH,OBSERVED,0.843
ATK-00217,2026-09-03T22:26:00,CREDENTIAL_ACCESS,Suspicious Login,AST-0492,AST-0467,HIGH,OBSERVED,0.737
ATK-00217,2026-09-03T22:30:00,LATERAL_MOVEMENT,Internal Login Burst,AST-0492,AST-0467,HIGH,INFERRED,0.838
ATK-00217,2026-09-03T22:34:00,LATERAL_MOVEMENT,Predicted Next Stage,AST-0492,AST-0467,MEDIUM,PREDICTED,0.894
ATK-00218,2026-09-03T02:53:00,RECONNAISSANCE,Port Scan,AST-0025,AST-0285,HIGH,OBSERVED,0.842
ATK-00218,2026-09-03T02:57:00,CREDENTIAL_ACCESS,Suspicious Login,AST-0025,AST-0285,HIGH,OBSERVED,0.827
ATK-00218,2026-09-03T03:01:00,LATERAL_MOVEMENT,Internal Login Burst,AST-0025,AST-0285,HIGH,INFERRED,0.759
ATK-00218,2026-09-03T03:05:00,EXFILTRATION,Predicted Next Stage,AST-0025,AST-0285,MEDIUM,PREDICTED,0.85
ATK-00219,2026-09-14T22:32:00,RECONNAISSANCE,Port Scan,AST-0383,AST-0385,HIGH,OBSERVED,0.841
ATK-00219,2026-09-14T22:36:00,CREDENTIAL_ACCESS,Suspicious Login,AST-0383,AST-0385,HIGH,OBSERVED,0.875
ATK-00219,2026-09-14T22:40:00,LATERAL_MOVEMENT,Internal Login Burst,AST-0383,AST-0385,HIGH,INFERRED,0.864
ATK-00219,2026-09-14T22:44:00,IMPACT,Predicted Next Stage,AST-0383,AST-0385,MEDIUM,PREDICTED,0.889
ATK-00220,2026-09-25T11:40:00,RECONNAISSANCE,Port Scan,AST-0281,AST-0274,HIGH,OBSERVED,0.889
ATK-00220,2026-09-25T11:44:00,CREDENTIAL_ACCESS,Suspicious Login,AST-0281,AST-0274,HIGH,OBSERVED,0.942
ATK-00220,2026-09-25T11:48:00,LATERAL_MOVEMENT,Internal Login Burst,AST-0281,AST-0274,HIGH,INFERRED,0.852
ATK-00220,2026-09-25T11:52:00,EXFILTRATION,Predicted Next Stage,AST-0281,AST-0274,MEDIUM,PREDICTED,0.853
ATK-00221,2026-09-14T22:23:00,RECONNAISSANCE,Port Scan,AST-0074,AST-0313,HIGH,OBSERVED,0.853
ATK-00221,2026-09-14T22:27:00,CREDENTIAL_ACCESS,Suspicious Login,AST-0074,AST-0313,HIGH,OBSERVED,0.876
ATK-00221,2026-09-14T22:31:00,LATERAL_MOVEMENT,Internal Login Burst,AST-0074,AST-0313,HIGH,INFERRED,0.842
ATK-00221,2026-09-14T22:35:00,LATERAL_MOVEMENT,Predicted Next Stage,AST-0074,AST-0313,MEDIUM,PREDICTED,0.805
ATK-00222,2026-09-20T17:03:00,RECONNAISSANCE,Port Scan,AST-0098,AST-0342,HIGH,OBSERVED,0.872
ATK-00222,2026-09-20T17:07:00,CREDENTIAL_ACCESS,Suspicious Login,AST-0098,AST-0342,HIGH,OBSERVED,0.896
ATK-00222,2026-09-20T17:11:00,LATERAL_MOVEMENT,Internal Login Burst,AST-0098,AST-0342,HIGH,INFERRED,0.879
ATK-00222,2026-09-20T17:15:00,CREDENTIAL_ACCESS,Predicted Next Stage,AST-0098,AST-0342,MEDIUM,PREDICTED,0.9
ATK-00223,2026-09-24T18:58:00,RECONNAISSANCE,Port Scan,AST-0272,AST-0412,HIGH,OBSERVED,0.781
ATK-00223,2026-09-24T19:02:00,CREDENTIAL_ACCESS,Suspicious Login,AST-0272,AST-0412,HIGH,OBSERVED,0.756
ATK-00223,2026-09-24T19:06:00,LATERAL_MOVEMENT,Internal Login Burst,AST-0272,AST-0412,HIGH,INFERRED,0.772
ATK-00223,2026-09-24T19:10:00,EXFILTRATION,Predicted Next Stage,AST-0272,AST-0412,MEDIUM,PREDICTED,0.797
ATK-00224,2026-09-23T23:03:00,RECONNAISSANCE,Port Scan,AST-0141,AST-0103,HIGH,OBSERVED,0.799
ATK-00224,2026-09-23T23:07:00,CREDENTIAL_ACCESS,Suspicious Login,AST-0141,AST-0103,HIGH,OBSERVED,0.858
ATK-00224,2026-09-23T23:11:00,LATERAL_MOVEMENT,Internal Login Burst,AST-0141,AST-0103,HIGH,INFERRED,0.859
ATK-00224,2026-09-23T23:15:00,EXFILTRATION,Predicted Next Stage,AST-0141,AST-0103,MEDIUM,PREDICTED,0.836
ATK-00225,2026-09-13T04:08:00,RECONNAISSANCE,Port Scan,AST-0413,AST-0499,HIGH,OBSERVED,0.761
ATK-00225,2026-09-13T04:12:00,CREDENTIAL_ACCESS,Suspicious Login,AST-0413,AST-0499,HIGH,OBSERVED,0.759
ATK-00225,2026-09-13T04:16:00,LATERAL_MOVEMENT,Internal Login Burst,AST-0413,AST-0499,HIGH,INFERRED,0.849
ATK-00225,2026-09-13T04:20:00,EXFILTRATION,Predicted Next Stage,AST-0413,AST-0499,MEDIUM,PREDICTED,0.841
ATK-00226,2026-09-02T02:11:00,RECONNAISSANCE,Port Scan,AST-0467,AST-0052,HIGH,OBSERVED,0.876
ATK-00226,2026-09-02T02:15:00,CREDENTIAL_ACCESS,Suspicious Login,AST-0467,AST-0052,HIGH,OBSERVED,0.823
ATK-00226,2026-09-02T02:19:00,LATERAL_MOVEMENT,Internal Login Burst,AST-0467,AST-0052,HIGH,INFERRED,0.85
ATK-00226,2026-09-02T02:23:00,IMPACT,Predicted Next Stage,AST-0467,AST-0052,MEDIUM,PREDICTED,0.869
ATK-00227,2026-09-14T20:35:00,RECONNAISSANCE,Port Scan,AST-0455,AST-0196,HIGH,OBSERVED,0.858
ATK-00227,2026-09-14T20:39:00,CREDENTIAL_ACCESS,Suspicious Login,AST-0455,AST-0196,HIGH,OBSERVED,0.928
ATK-00227,2026-09-14T20:43:00,LATERAL_MOVEMENT,Internal Login Burst,AST-0455,AST-0196,HIGH,INFERRED,0.934
ATK-00227,2026-09-14T20:47:00,LATERAL_MOVEMENT,Predicted Next Stage,AST-0455,AST-0196,MEDIUM,PREDICTED,0.897
ATK-00228,2026-09-01T22:53:00,RECONNAISSANCE,Port Scan,AST-0257,AST-0500,HIGH,OBSERVED,0.789
ATK-00228,2026-09-01T22:57:00,CREDENTIAL_ACCESS,Suspicious Login,AST-0257,AST-0500,HIGH,OBSERVED,0.805
ATK-00228,2026-09-01T23:01:00,LATERAL_MOVEMENT,Internal Login Burst,AST-0257,AST-0500,HIGH,INFERRED,0.789
ATK-00228,2026-09-01T23:05:00,IMPACT,Predicted Next Stage,AST-0257,AST-0500,MEDIUM,PREDICTED,0.781
ATK-00229,2026-09-15T19:56:00,RECONNAISSANCE,Port Scan,AST-0157,AST-0452,HIGH,OBSERVED,0.741
ATK-00229,2026-09-15T20:00:00,CREDENTIAL_ACCESS,Suspicious Login,AST-0157,AST-0452,HIGH,OBSERVED,0.756
ATK-00229,2026-09-15T20:04:00,LATERAL_MOVEMENT,Internal Login Burst,AST-0157,AST-0452,HIGH,INFERRED,0.795
ATK-00229,2026-09-15T20:08:00,EXFILTRATION,Predicted Next Stage,AST-0157,AST-0452,MEDIUM,PREDICTED,0.824
ATK-00230,2026-09-21T09:55:00,RECONNAISSANCE,Port Scan,AST-0478,AST-0322,HIGH,OBSERVED,0.99
ATK-00230,2026-09-21T09:59:00,CREDENTIAL_ACCESS,Suspicious Login,AST-0478,AST-0322,HIGH,OBSERVED,0.969
ATK-00230,2026-09-21T10:03:00,LATERAL_MOVEMENT,Internal Login Burst,AST-0478,AST-0322,HIGH,INFERRED,0.965
ATK-00230,2026-09-21T10:07:00,EXFILTRATION,Predicted Next Stage,AST-0478,AST-0322,MEDIUM,PREDICTED,0.927
ATK-00231,2026-09-24T09:03:00,RECONNAISSANCE,Port Scan,AST-0468,AST-0106,HIGH,OBSERVED,0.791
ATK-00231,2026-09-24T09:07:00,CREDENTIAL_ACCESS,Suspicious Login,AST-0468,AST-0106,HIGH,OBSERVED,0.736
ATK-00231,2026-09-24T09:11:00,LATERAL_MOVEMENT,Internal Login Burst,AST-0468,AST-0106,HIGH,INFERRED,0.788
ATK-00231,2026-09-24T09:15:00,PERSISTENCE,Predicted Next Stage,AST-0468,AST-0106,MEDIUM,PREDICTED,0.783
ATK-00232,2026-09-07T08:36:00,RECONNAISSANCE,Port Scan,AST-0344,AST-0114,HIGH,OBSERVED,0.879
ATK-00232,2026-09-07T08:40:00,CREDENTIAL_ACCESS,Suspicious Login,AST-0344,AST-0114,HIGH,OBSERVED,0.891
ATK-00232,2026-09-07T08:44:00,LATERAL_MOVEMENT,Internal Login Burst,AST-0344,AST-0114,HIGH,INFERRED,0.869
ATK-00232,2026-09-07T08:48:00,LATERAL_MOVEMENT,Predicted Next Stage,AST-0344,AST-0114,MEDIUM,PREDICTED,0.871
ATK-00233,2026-09-24T22:22:00,RECONNAISSANCE,Port Scan,AST-0129,AST-0321,HIGH,OBSERVED,0.812
ATK-00233,2026-09-24T22:26:00,CREDENTIAL_ACCESS,Suspicious Login,AST-0129,AST-0321,HIGH,OBSERVED,0.82
ATK-00233,2026-09-24T22:30:00,LATERAL_MOVEMENT,Internal Login Burst,AST-0129,AST-0321,HIGH,INFERRED,0.839
ATK-00233,2026-09-24T22:34:00,LATERAL_MOVEMENT,Predicted Next Stage,AST-0129,AST-0321,MEDIUM,PREDICTED,0.829
ATK-00234,2026-09-10T05:20:00,RECONNAISSANCE,Port Scan,AST-0104,AST-0469,HIGH,OBSERVED,0.845
ATK-00234,2026-09-10T05:24:00,CREDENTIAL_ACCESS,Suspicious Login,AST-0104,AST-0469,HIGH,OBSERVED,0.84
ATK-00234,2026-09-10T05:28:00,LATERAL_MOVEMENT,Internal Login Burst,AST-0104,AST-0469,HIGH,INFERRED,0.845
ATK-00234,2026-09-10T05:32:00,PERSISTENCE,Predicted Next Stage,AST-0104,AST-0469,MEDIUM,PREDICTED,0.87
ATK-00235,2026-09-08T03:01:00,RECONNAISSANCE,Port Scan,AST-0088,AST-0455,HIGH,OBSERVED,0.689
ATK-00235,2026-09-08T03:05:00,CREDENTIAL_ACCESS,Suspicious Login,AST-0088,AST-0455,HIGH,OBSERVED,0.647
ATK-00235,2026-09-08T03:09:00,LATERAL_MOVEMENT,Internal Login Burst,AST-0088,AST-0455,HIGH,INFERRED,0.667
ATK-00235,2026-09-08T03:13:00,CREDENTIAL_ACCESS,Predicted Next Stage,AST-0088,AST-0455,MEDIUM,PREDICTED,0.715
ATK-00236,2026-09-01T10:06:00,RECONNAISSANCE,Port Scan,AST-0327,AST-0483,HIGH,OBSERVED,0.758
ATK-00236,2026-09-01T10:10:00,CREDENTIAL_ACCESS,Suspicious Login,AST-0327,AST-0483,HIGH,OBSERVED,0.819
ATK-00236,2026-09-01T10:14:00,LATERAL_MOVEMENT,Internal Login Burst,AST-0327,AST-0483,HIGH,INFERRED,0.793
ATK-00236,2026-09-01T10:18:00,IMPACT,Predicted Next Stage,AST-0327,AST-0483,MEDIUM,PREDICTED,0.801
ATK-00237,2026-09-15T02:55:00,RECONNAISSANCE,Port Scan,AST-0360,AST-0392,HIGH,OBSERVED,0.948
ATK-00237,2026-09-15T02:59:00,CREDENTIAL_ACCESS,Suspicious Login,AST-0360,AST-0392,HIGH,OBSERVED,0.913
ATK-00237,2026-09-15T03:03:00,LATERAL_MOVEMENT,Internal Login Burst,AST-0360,AST-0392,HIGH,INFERRED,0.978
ATK-00237,2026-09-15T03:07:00,CREDENTIAL_ACCESS,Predicted Next Stage,AST-0360,AST-0392,MEDIUM,PREDICTED,0.952
ATK-00238,2026-09-24T11:39:00,RECONNAISSANCE,Port Scan,AST-0461,AST-0428,HIGH,OBSERVED,0.694
ATK-00238,2026-09-24T11:43:00,CREDENTIAL_ACCESS,Suspicious Login,AST-0461,AST-0428,HIGH,OBSERVED,0.739
ATK-00238,2026-09-24T11:47:00,LATERAL_MOVEMENT,Internal Login Burst,AST-0461,AST-0428,HIGH,INFERRED,0.726
ATK-00238,2026-09-24T11:51:00,LATERAL_MOVEMENT,Predicted Next Stage,AST-0461,AST-0428,MEDIUM,PREDICTED,0.746
ATK-00239,2026-09-08T08:29:00,RECONNAISSANCE,Port Scan,AST-0164,AST-0150,HIGH,OBSERVED,0.802
ATK-00239,2026-09-08T08:33:00,CREDENTIAL_ACCESS,Suspicious Login,AST-0164,AST-0150,HIGH,OBSERVED,0.924
ATK-00239,2026-09-08T08:37:00,LATERAL_MOVEMENT,Internal Login Burst,AST-0164,AST-0150,HIGH,INFERRED,0.835
ATK-00239,2026-09-08T08:41:00,LATERAL_MOVEMENT,Predicted Next Stage,AST-0164,AST-0150,MEDIUM,PREDICTED,0.86
ATK-00240,2026-09-27T04:24:00,RECONNAISSANCE,Port Scan,AST-0154,AST-0060,HIGH,OBSERVED,0.755
ATK-00240,2026-09-27T04:28:00,CREDENTIAL_ACCESS,Suspicious Login,AST-0154,AST-0060,HIGH,OBSERVED,0.748
ATK-00240,2026-09-27T04:32:00,LATERAL_MOVEMENT,Internal Login Burst,AST-0154,AST-0060,HIGH,INFERRED,0.756
ATK-00240,2026-09-27T04:36:00,INITIAL_ACCESS,Predicted Next Stage,AST-0154,AST-0060,MEDIUM,PREDICTED,0.748
ATK-00241,2026-09-19T09:26:00,RECONNAISSANCE,Port Scan,AST-0297,AST-0326,HIGH,OBSERVED,0.911
ATK-00241,2026-09-19T09:30:00,CREDENTIAL_ACCESS,Suspicious Login,AST-0297,AST-0326,HIGH,OBSERVED,0.859
ATK-00241,2026-09-19T09:34:00,LATERAL_MOVEMENT,Internal Login Burst,AST-0297,AST-0326,HIGH,INFERRED,0.889
ATK-00241,2026-09-19T09:38:00,LATERAL_MOVEMENT,Predicted Next Stage,AST-0297,AST-0326,MEDIUM,PREDICTED,0.899
ATK-00242,2026-09-15T15:26:00,RECONNAISSANCE,Port Scan,AST-0055,AST-0059,HIGH,OBSERVED,0.883
ATK-00242,2026-09-15T15:30:00,CREDENTIAL_ACCESS,Suspicious Login,AST-0055,AST-0059,HIGH,OBSERVED,0.907
ATK-00242,2026-09-15T15:34:00,LATERAL_MOVEMENT,Internal Login Burst,AST-0055,AST-0059,HIGH,INFERRED,0.871
ATK-00242,2026-09-15T15:38:00,LATERAL_MOVEMENT,Predicted Next Stage,AST-0055,AST-0059,MEDIUM,PREDICTED,0.852
ATK-00243,2026-09-18T17:56:00,RECONNAISSANCE,Port Scan,AST-0138,AST-0326,HIGH,OBSERVED,0.766
ATK-00243,2026-09-18T18:00:00,CREDENTIAL_ACCESS,Suspicious Login,AST-0138,AST-0326,HIGH,OBSERVED,0.734
ATK-00243,2026-09-18T18:04:00,LATERAL_MOVEMENT,Internal Login Burst,AST-0138,AST-0326,HIGH,INFERRED,0.773
ATK-00243,2026-09-18T18:08:00,INITIAL_ACCESS,Predicted Next Stage,AST-0138,AST-0326,MEDIUM,PREDICTED,0.725
ATK-00244,2026-09-18T13:35:00,RECONNAISSANCE,Port Scan,AST-0295,AST-0153,HIGH,OBSERVED,0.815
ATK-00244,2026-09-18T13:39:00,CREDENTIAL_ACCESS,Suspicious Login,AST-0295,AST-0153,HIGH,OBSERVED,0.833
ATK-00244,2026-09-18T13:43:00,LATERAL_MOVEMENT,Internal Login Burst,AST-0295,AST-0153,HIGH,INFERRED,0.818
ATK-00244,2026-09-18T13:47:00,LATERAL_MOVEMENT,Predicted Next Stage,AST-0295,AST-0153,MEDIUM,PREDICTED,0.816
ATK-00245,2026-09-20T09:24:00,RECONNAISSANCE,Port Scan,AST-0059,AST-0030,HIGH,OBSERVED,0.731
ATK-00245,2026-09-20T09:28:00,CREDENTIAL_ACCESS,Suspicious Login,AST-0059,AST-0030,HIGH,OBSERVED,0.793
ATK-00245,2026-09-20T09:32:00,LATERAL_MOVEMENT,Internal Login Burst,AST-0059,AST-0030,HIGH,INFERRED,0.727
ATK-00245,2026-09-20T09:36:00,LATERAL_MOVEMENT,Predicted Next Stage,AST-0059,AST-0030,MEDIUM,PREDICTED,0.803
ATK-00246,2026-09-17T02:36:00,RECONNAISSANCE,Port Scan,AST-0405,AST-0417,HIGH,OBSERVED,0.827
ATK-00246,2026-09-17T02:40:00,CREDENTIAL_ACCESS,Suspicious Login,AST-0405,AST-0417,HIGH,OBSERVED,0.788
ATK-00246,2026-09-17T02:44:00,LATERAL_MOVEMENT,Internal Login Burst,AST-0405,AST-0417,HIGH,INFERRED,0.831
ATK-00246,2026-09-17T02:48:00,EXFILTRATION,Predicted Next Stage,AST-0405,AST-0417,MEDIUM,PREDICTED,0.804
ATK-00247,2026-09-11T03:28:00,RECONNAISSANCE,Port Scan,AST-0198,AST-0410,HIGH,OBSERVED,0.742
ATK-00247,2026-09-11T03:32:00,CREDENTIAL_ACCESS,Suspicious Login,AST-0198,AST-0410,HIGH,OBSERVED,0.766
ATK-00247,2026-09-11T03:36:00,LATERAL_MOVEMENT,Internal Login Burst,AST-0198,AST-0410,HIGH,INFERRED,0.765
ATK-00247,2026-09-11T03:40:00,IMPACT,Predicted Next Stage,AST-0198,AST-0410,MEDIUM,PREDICTED,0.792
ATK-00248,2026-09-03T15:35:00,RECONNAISSANCE,Port Scan,AST-0441,AST-0484,HIGH,OBSERVED,0.828
ATK-00248,2026-09-03T15:39:00,CREDENTIAL_ACCESS,Suspicious Login,AST-0441,AST-0484,HIGH,OBSERVED,0.823
ATK-00248,2026-09-03T15:43:00,LATERAL_MOVEMENT,Internal Login Burst,AST-0441,AST-0484,HIGH,INFERRED,0.83
ATK-00248,2026-09-03T15:47:00,LATERAL_MOVEMENT,Predicted Next Stage,AST-0441,AST-0484,MEDIUM,PREDICTED,0.782
ATK-00249,2026-09-02T11:15:00,RECONNAISSANCE,Port Scan,AST-0056,AST-0442,HIGH,OBSERVED,0.787
ATK-00249,2026-09-02T11:19:00,CREDENTIAL_ACCESS,Suspicious Login,AST-0056,AST-0442,HIGH,OBSERVED,0.823
ATK-00249,2026-09-02T11:23:00,LATERAL_MOVEMENT,Internal Login Burst,AST-0056,AST-0442,HIGH,INFERRED,0.798
ATK-00249,2026-09-02T11:27:00,CREDENTIAL_ACCESS,Predicted Next Stage,AST-0056,AST-0442,MEDIUM,PREDICTED,0.811
ATK-00250,2026-09-04T02:55:00,RECONNAISSANCE,Port Scan,AST-0491,AST-0400,HIGH,OBSERVED,0.905
ATK-00250,2026-09-04T02:59:00,CREDENTIAL_ACCESS,Suspicious Login,AST-0491,AST-0400,HIGH,OBSERVED,0.896
ATK-00250,2026-09-04T03:03:00,LATERAL_MOVEMENT,Internal Login Burst,AST-0491,AST-0400,HIGH,INFERRED,0.923
ATK-00250,2026-09-04T03:07:00,IMPACT,Predicted Next Stage,AST-0491,AST-0400,MEDIUM,PREDICTED,0.863
ATK-00251,2026-09-25T16:22:00,RECONNAISSANCE,Port Scan,AST-0341,AST-0365,HIGH,OBSERVED,0.873
ATK-00251,2026-09-25T16:26:00,CREDENTIAL_ACCESS,Suspicious Login,AST-0341,AST-0365,HIGH,OBSERVED,0.856
ATK-00251,2026-09-25T16:30:00,LATERAL_MOVEMENT,Internal Login Burst,AST-0341,AST-0365,HIGH,INFERRED,0.908
ATK-00251,2026-09-25T16:34:00,CREDENTIAL_ACCESS,Predicted Next Stage,AST-0341,AST-0365,MEDIUM,PREDICTED,0.821
ATK-00252,2026-09-22T12:44:00,RECONNAISSANCE,Port Scan,AST-0135,AST-0162,HIGH,OBSERVED,0.822
ATK-00252,2026-09-22T12:48:00,CREDENTIAL_ACCESS,Suspicious Login,AST-0135,AST-0162,HIGH,OBSERVED,0.772
ATK-00252,2026-09-22T12:52:00,LATERAL_MOVEMENT,Internal Login Burst,AST-0135,AST-0162,HIGH,INFERRED,0.836
ATK-00252,2026-09-22T12:56:00,IMPACT,Predicted Next Stage,AST-0135,AST-0162,MEDIUM,PREDICTED,0.756
ATK-00253,2026-09-14T16:50:00,RECONNAISSANCE,Port Scan,AST-0127,AST-0288,HIGH,OBSERVED,0.762
ATK-00253,2026-09-14T16:54:00,CREDENTIAL_ACCESS,Suspicious Login,AST-0127,AST-0288,HIGH,OBSERVED,0.766
ATK-00253,2026-09-14T16:58:00,LATERAL_MOVEMENT,Internal Login Burst,AST-0127,AST-0288,HIGH,INFERRED,0.788
ATK-00253,2026-09-14T17:02:00,INITIAL_ACCESS,Predicted Next Stage,AST-0127,AST-0288,MEDIUM,PREDICTED,0.769
ATK-00254,2026-09-18T00:14:00,RECONNAISSANCE,Port Scan,AST-0357,AST-0153,HIGH,OBSERVED,0.973
ATK-00254,2026-09-18T00:18:00,CREDENTIAL_ACCESS,Suspicious Login,AST-0357,AST-0153,HIGH,OBSERVED,0.986
ATK-00254,2026-09-18T00:22:00,LATERAL_MOVEMENT,Internal Login Burst,AST-0357,AST-0153,HIGH,INFERRED,0.971
ATK-00254,2026-09-18T00:26:00,LATERAL_MOVEMENT,Predicted Next Stage,AST-0357,AST-0153,MEDIUM,PREDICTED,0.946
ATK-00255,2026-09-18T17:38:00,RECONNAISSANCE,Port Scan,AST-0201,AST-0269,HIGH,OBSERVED,0.733
ATK-00255,2026-09-18T17:42:00,CREDENTIAL_ACCESS,Suspicious Login,AST-0201,AST-0269,HIGH,OBSERVED,0.712
ATK-00255,2026-09-18T17:46:00,LATERAL_MOVEMENT,Internal Login Burst,AST-0201,AST-0269,HIGH,INFERRED,0.657
ATK-00255,2026-09-18T17:50:00,PERSISTENCE,Predicted Next Stage,AST-0201,AST-0269,MEDIUM,PREDICTED,0.717
ATK-00256,2026-09-04T12:25:00,RECONNAISSANCE,Port Scan,AST-0483,AST-0185,HIGH,OBSERVED,0.748
ATK-00256,2026-09-04T12:29:00,CREDENTIAL_ACCESS,Suspicious Login,AST-0483,AST-0185,HIGH,OBSERVED,0.758
ATK-00256,2026-09-04T12:33:00,LATERAL_MOVEMENT,Internal Login Burst,AST-0483,AST-0185,HIGH,INFERRED,0.754
ATK-00256,2026-09-04T12:37:00,EXFILTRATION,Predicted Next Stage,AST-0483,AST-0185,MEDIUM,PREDICTED,0.787
ATK-00257,2026-09-11T00:35:00,RECONNAISSANCE,Port Scan,AST-0151,AST-0490,HIGH,OBSERVED,0.842
ATK-00257,2026-09-11T00:39:00,CREDENTIAL_ACCESS,Suspicious Login,AST-0151,AST-0490,HIGH,OBSERVED,0.864
ATK-00257,2026-09-11T00:43:00,LATERAL_MOVEMENT,Internal Login Burst,AST-0151,AST-0490,HIGH,INFERRED,0.849
ATK-00257,2026-09-11T00:47:00,CREDENTIAL_ACCESS,Predicted Next Stage,AST-0151,AST-0490,MEDIUM,PREDICTED,0.876
ATK-00258,2026-09-27T01:23:00,RECONNAISSANCE,Port Scan,AST-0314,AST-0427,HIGH,OBSERVED,0.794
ATK-00258,2026-09-27T01:27:00,CREDENTIAL_ACCESS,Suspicious Login,AST-0314,AST-0427,HIGH,OBSERVED,0.805
ATK-00258,2026-09-27T01:31:00,LATERAL_MOVEMENT,Internal Login Burst,AST-0314,AST-0427,HIGH,INFERRED,0.804
ATK-00258,2026-09-27T01:35:00,LATERAL_MOVEMENT,Predicted Next Stage,AST-0314,AST-0427,MEDIUM,PREDICTED,0.81
ATK-00259,2026-09-12T16:36:00,RECONNAISSANCE,Port Scan,AST-0493,AST-0344,HIGH,OBSERVED,0.726
ATK-00259,2026-09-12T16:40:00,CREDENTIAL_ACCESS,Suspicious Login,AST-0493,AST-0344,HIGH,OBSERVED,0.746
ATK-00259,2026-09-12T16:44:00,LATERAL_MOVEMENT,Internal Login Burst,AST-0493,AST-0344,HIGH,INFERRED,0.701
ATK-00259,2026-09-12T16:48:00,IMPACT,Predicted Next Stage,AST-0493,AST-0344,MEDIUM,PREDICTED,0.674
ATK-00260,2026-09-10T06:40:00,RECONNAISSANCE,Port Scan,AST-0296,AST-0138,HIGH,OBSERVED,0.778
ATK-00260,2026-09-10T06:44:00,CREDENTIAL_ACCESS,Suspicious Login,AST-0296,AST-0138,HIGH,OBSERVED,0.768
ATK-00260,2026-09-10T06:48:00,LATERAL_MOVEMENT,Internal Login Burst,AST-0296,AST-0138,HIGH,INFERRED,0.787
ATK-00260,2026-09-10T06:52:00,EXFILTRATION,Predicted Next Stage,AST-0296,AST-0138,MEDIUM,PREDICTED,0.773
ATK-00261,2026-09-27T14:39:00,RECONNAISSANCE,Port Scan,AST-0244,AST-0026,HIGH,OBSERVED,0.966
ATK-00261,2026-09-27T14:43:00,CREDENTIAL_ACCESS,Suspicious Login,AST-0244,AST-0026,HIGH,OBSERVED,0.933
ATK-00261,2026-09-27T14:47:00,LATERAL_MOVEMENT,Internal Login Burst,AST-0244,AST-0026,HIGH,INFERRED,0.928
ATK-00261,2026-09-27T14:51:00,PERSISTENCE,Predicted Next Stage,AST-0244,AST-0026,MEDIUM,PREDICTED,0.905
ATK-00262,2026-09-10T02:52:00,RECONNAISSANCE,Port Scan,AST-0030,AST-0038,HIGH,OBSERVED,0.793
ATK-00262,2026-09-10T02:56:00,CREDENTIAL_ACCESS,Suspicious Login,AST-0030,AST-0038,HIGH,OBSERVED,0.762
ATK-00262,2026-09-10T03:00:00,LATERAL_MOVEMENT,Internal Login Burst,AST-0030,AST-0038,HIGH,INFERRED,0.79
ATK-00262,2026-09-10T03:04:00,LATERAL_MOVEMENT,Predicted Next Stage,AST-0030,AST-0038,MEDIUM,PREDICTED,0.801
ATK-00263,2026-09-22T05:34:00,RECONNAISSANCE,Port Scan,AST-0071,AST-0269,HIGH,OBSERVED,0.777
ATK-00263,2026-09-22T05:38:00,CREDENTIAL_ACCESS,Suspicious Login,AST-0071,AST-0269,HIGH,OBSERVED,0.764
ATK-00263,2026-09-22T05:42:00,LATERAL_MOVEMENT,Internal Login Burst,AST-0071,AST-0269,HIGH,INFERRED,0.774
ATK-00263,2026-09-22T05:46:00,PERSISTENCE,Predicted Next Stage,AST-0071,AST-0269,MEDIUM,PREDICTED,0.725
ATK-00264,2026-09-26T11:28:00,RECONNAISSANCE,Port Scan,AST-0286,AST-0203,HIGH,OBSERVED,0.838
ATK-00264,2026-09-26T11:32:00,CREDENTIAL_ACCESS,Suspicious Login,AST-0286,AST-0203,HIGH,OBSERVED,0.82
ATK-00264,2026-09-26T11:36:00,LATERAL_MOVEMENT,Internal Login Burst,AST-0286,AST-0203,HIGH,INFERRED,0.82
ATK-00264,2026-09-26T11:40:00,LATERAL_MOVEMENT,Predicted Next Stage,AST-0286,AST-0203,MEDIUM,PREDICTED,0.83
ATK-00265,2026-09-24T09:17:00,RECONNAISSANCE,Port Scan,AST-0422,AST-0438,HIGH,OBSERVED,0.842
ATK-00265,2026-09-24T09:21:00,CREDENTIAL_ACCESS,Suspicious Login,AST-0422,AST-0438,HIGH,OBSERVED,0.793
ATK-00265,2026-09-24T09:25:00,LATERAL_MOVEMENT,Internal Login Burst,AST-0422,AST-0438,HIGH,INFERRED,0.87
ATK-00265,2026-09-24T09:29:00,EXFILTRATION,Predicted Next Stage,AST-0422,AST-0438,MEDIUM,PREDICTED,0.873
ATK-00266,2026-09-24T16:43:00,RECONNAISSANCE,Port Scan,AST-0182,AST-0041,HIGH,OBSERVED,0.778
ATK-00266,2026-09-24T16:47:00,CREDENTIAL_ACCESS,Suspicious Login,AST-0182,AST-0041,HIGH,OBSERVED,0.779
ATK-00266,2026-09-24T16:51:00,LATERAL_MOVEMENT,Internal Login Burst,AST-0182,AST-0041,HIGH,INFERRED,0.791
ATK-00266,2026-09-24T16:55:00,CREDENTIAL_ACCESS,Predicted Next Stage,AST-0182,AST-0041,MEDIUM,PREDICTED,0.818
ATK-00267,2026-09-26T13:40:00,RECONNAISSANCE,Port Scan,AST-0161,AST-0472,HIGH,OBSERVED,0.822
ATK-00267,2026-09-26T13:44:00,CREDENTIAL_ACCESS,Suspicious Login,AST-0161,AST-0472,HIGH,OBSERVED,0.792
ATK-00267,2026-09-26T13:48:00,LATERAL_MOVEMENT,Internal Login Burst,AST-0161,AST-0472,HIGH,INFERRED,0.751
ATK-00267,2026-09-26T13:52:00,IMPACT,Predicted Next Stage,AST-0161,AST-0472,MEDIUM,PREDICTED,0.779
ATK-00268,2026-09-05T02:16:00,RECONNAISSANCE,Port Scan,AST-0118,AST-0105,HIGH,OBSERVED,0.85
ATK-00268,2026-09-05T02:20:00,CREDENTIAL_ACCESS,Suspicious Login,AST-0118,AST-0105,HIGH,OBSERVED,0.803
ATK-00268,2026-09-05T02:24:00,LATERAL_MOVEMENT,Internal Login Burst,AST-0118,AST-0105,HIGH,INFERRED,0.872
ATK-00268,2026-09-05T02:28:00,EXFILTRATION,Predicted Next Stage,AST-0118,AST-0105,MEDIUM,PREDICTED,0.798
ATK-00269,2026-09-23T14:57:00,RECONNAISSANCE,Port Scan,AST-0322,AST-0472,HIGH,OBSERVED,0.802
ATK-00269,2026-09-23T15:01:00,CREDENTIAL_ACCESS,Suspicious Login,AST-0322,AST-0472,HIGH,OBSERVED,0.77
ATK-00269,2026-09-23T15:05:00,LATERAL_MOVEMENT,Internal Login Burst,AST-0322,AST-0472,HIGH,INFERRED,0.749
ATK-00269,2026-09-23T15:09:00,EXFILTRATION,Predicted Next Stage,AST-0322,AST-0472,MEDIUM,PREDICTED,0.73
ATK-00270,2026-09-11T03:41:00,RECONNAISSANCE,Port Scan,AST-0395,AST-0350,HIGH,OBSERVED,0.921
ATK-00270,2026-09-11T03:45:00,CREDENTIAL_ACCESS,Suspicious Login,AST-0395,AST-0350,HIGH,OBSERVED,0.911
ATK-00270,2026-09-11T03:49:00,LATERAL_MOVEMENT,Internal Login Burst,AST-0395,AST-0350,HIGH,INFERRED,0.869
ATK-00270,2026-09-11T03:53:00,LATERAL_MOVEMENT,Predicted Next Stage,AST-0395,AST-0350,MEDIUM,PREDICTED,0.99
ATK-00271,2026-09-23T23:36:00,RECONNAISSANCE,Port Scan,AST-0199,AST-0351,HIGH,OBSERVED,0.732
ATK-00271,2026-09-23T23:40:00,CREDENTIAL_ACCESS,Suspicious Login,AST-0199,AST-0351,HIGH,OBSERVED,0.788
ATK-00271,2026-09-23T23:44:00,LATERAL_MOVEMENT,Internal Login Burst,AST-0199,AST-0351,HIGH,INFERRED,0.796
ATK-00271,2026-09-23T23:48:00,CREDENTIAL_ACCESS,Predicted Next Stage,AST-0199,AST-0351,MEDIUM,PREDICTED,0.81
ATK-00272,2026-09-20T07:00:00,RECONNAISSANCE,Port Scan,AST-0432,AST-0174,HIGH,OBSERVED,0.753
ATK-00272,2026-09-20T07:04:00,CREDENTIAL_ACCESS,Suspicious Login,AST-0432,AST-0174,HIGH,OBSERVED,0.7
ATK-00272,2026-09-20T07:08:00,LATERAL_MOVEMENT,Internal Login Burst,AST-0432,AST-0174,HIGH,INFERRED,0.745
ATK-00272,2026-09-20T07:12:00,IMPACT,Predicted Next Stage,AST-0432,AST-0174,MEDIUM,PREDICTED,0.742
ATK-00273,2026-09-03T23:10:00,RECONNAISSANCE,Port Scan,AST-0198,AST-0487,HIGH,OBSERVED,0.768
ATK-00273,2026-09-03T23:14:00,CREDENTIAL_ACCESS,Suspicious Login,AST-0198,AST-0487,HIGH,OBSERVED,0.727
ATK-00273,2026-09-03T23:18:00,LATERAL_MOVEMENT,Internal Login Burst,AST-0198,AST-0487,HIGH,INFERRED,0.698
ATK-00273,2026-09-03T23:22:00,INITIAL_ACCESS,Predicted Next Stage,AST-0198,AST-0487,MEDIUM,PREDICTED,0.819
ATK-00274,2026-09-11T22:55:00,RECONNAISSANCE,Port Scan,AST-0486,AST-0412,HIGH,OBSERVED,0.812
ATK-00274,2026-09-11T22:59:00,CREDENTIAL_ACCESS,Suspicious Login,AST-0486,AST-0412,HIGH,OBSERVED,0.833
ATK-00274,2026-09-11T23:03:00,LATERAL_MOVEMENT,Internal Login Burst,AST-0486,AST-0412,HIGH,INFERRED,0.9
ATK-00274,2026-09-11T23:07:00,LATERAL_MOVEMENT,Predicted Next Stage,AST-0486,AST-0412,MEDIUM,PREDICTED,0.843
ATK-00275,2026-09-19T20:11:00,RECONNAISSANCE,Port Scan,AST-0257,AST-0493,HIGH,OBSERVED,0.786
ATK-00275,2026-09-19T20:15:00,CREDENTIAL_ACCESS,Suspicious Login,AST-0257,AST-0493,HIGH,OBSERVED,0.847
ATK-00275,2026-09-19T20:19:00,LATERAL_MOVEMENT,Internal Login Burst,AST-0257,AST-0493,HIGH,INFERRED,0.837
ATK-00275,2026-09-19T20:23:00,PERSISTENCE,Predicted Next Stage,AST-0257,AST-0493,MEDIUM,PREDICTED,0.846
ATK-00276,2026-09-27T23:26:00,RECONNAISSANCE,Port Scan,AST-0427,AST-0303,HIGH,OBSERVED,0.815
ATK-00276,2026-09-27T23:30:00,CREDENTIAL_ACCESS,Suspicious Login,AST-0427,AST-0303,HIGH,OBSERVED,0.818
ATK-00276,2026-09-27T23:34:00,LATERAL_MOVEMENT,Internal Login Burst,AST-0427,AST-0303,HIGH,INFERRED,0.816
ATK-00276,2026-09-27T23:38:00,CREDENTIAL_ACCESS,Predicted Next Stage,AST-0427,AST-0303,MEDIUM,PREDICTED,0.81
ATK-00277,2026-09-02T16:13:00,RECONNAISSANCE,Port Scan,AST-0379,AST-0428,HIGH,OBSERVED,0.827
ATK-00277,2026-09-02T16:17:00,CREDENTIAL_ACCESS,Suspicious Login,AST-0379,AST-0428,HIGH,OBSERVED,0.852
ATK-00277,2026-09-02T16:21:00,LATERAL_MOVEMENT,Internal Login Burst,AST-0379,AST-0428,HIGH,INFERRED,0.834
ATK-00277,2026-09-02T16:25:00,LATERAL_MOVEMENT,Predicted Next Stage,AST-0379,AST-0428,MEDIUM,PREDICTED,0.921
ATK-00278,2026-09-11T05:08:00,RECONNAISSANCE,Port Scan,AST-0459,AST-0265,HIGH,OBSERVED,0.834
ATK-00278,2026-09-11T05:12:00,CREDENTIAL_ACCESS,Suspicious Login,AST-0459,AST-0265,HIGH,OBSERVED,0.846
ATK-00278,2026-09-11T05:16:00,LATERAL_MOVEMENT,Internal Login Burst,AST-0459,AST-0265,HIGH,INFERRED,0.804
ATK-00278,2026-09-11T05:20:00,INITIAL_ACCESS,Predicted Next Stage,AST-0459,AST-0265,MEDIUM,PREDICTED,0.822
ATK-00279,2026-09-24T10:34:00,RECONNAISSANCE,Port Scan,AST-0406,AST-0250,HIGH,OBSERVED,0.799
ATK-00279,2026-09-24T10:38:00,CREDENTIAL_ACCESS,Suspicious Login,AST-0406,AST-0250,HIGH,OBSERVED,0.875
ATK-00279,2026-09-24T10:42:00,LATERAL_MOVEMENT,Internal Login Burst,AST-0406,AST-0250,HIGH,INFERRED,0.911
ATK-00279,2026-09-24T10:46:00,PERSISTENCE,Predicted Next Stage,AST-0406,AST-0250,MEDIUM,PREDICTED,0.904
ATK-00280,2026-09-09T15:25:00,RECONNAISSANCE,Port Scan,AST-0134,AST-0252,HIGH,OBSERVED,0.869
ATK-00280,2026-09-09T15:29:00,CREDENTIAL_ACCESS,Suspicious Login,AST-0134,AST-0252,HIGH,OBSERVED,0.828
ATK-00280,2026-09-09T15:33:00,LATERAL_MOVEMENT,Internal Login Burst,AST-0134,AST-0252,HIGH,INFERRED,0.878
ATK-00280,2026-09-09T15:37:00,LATERAL_MOVEMENT,Predicted Next Stage,AST-0134,AST-0252,MEDIUM,PREDICTED,0.877
ATK-00281,2026-09-12T16:29:00,RECONNAISSANCE,Port Scan,AST-0081,AST-0178,HIGH,OBSERVED,0.635
ATK-00281,2026-09-12T16:33:00,CREDENTIAL_ACCESS,Suspicious Login,AST-0081,AST-0178,HIGH,OBSERVED,0.689
ATK-00281,2026-09-12T16:37:00,LATERAL_MOVEMENT,Internal Login Burst,AST-0081,AST-0178,HIGH,INFERRED,0.748
ATK-00281,2026-09-12T16:41:00,EXFILTRATION,Predicted Next Stage,AST-0081,AST-0178,MEDIUM,PREDICTED,0.714
ATK-00282,2026-09-23T19:26:00,RECONNAISSANCE,Port Scan,AST-0091,AST-0494,HIGH,OBSERVED,0.782
ATK-00282,2026-09-23T19:30:00,CREDENTIAL_ACCESS,Suspicious Login,AST-0091,AST-0494,HIGH,OBSERVED,0.769
ATK-00282,2026-09-23T19:34:00,LATERAL_MOVEMENT,Internal Login Burst,AST-0091,AST-0494,HIGH,INFERRED,0.756
ATK-00282,2026-09-23T19:38:00,IMPACT,Predicted Next Stage,AST-0091,AST-0494,MEDIUM,PREDICTED,0.735
ATK-00283,2026-09-11T10:23:00,RECONNAISSANCE,Port Scan,AST-0146,AST-0014,HIGH,OBSERVED,0.731
ATK-00283,2026-09-11T10:27:00,CREDENTIAL_ACCESS,Suspicious Login,AST-0146,AST-0014,HIGH,OBSERVED,0.711
ATK-00283,2026-09-11T10:31:00,LATERAL_MOVEMENT,Internal Login Burst,AST-0146,AST-0014,HIGH,INFERRED,0.711
ATK-00283,2026-09-11T10:35:00,CREDENTIAL_ACCESS,Predicted Next Stage,AST-0146,AST-0014,MEDIUM,PREDICTED,0.703
ATK-00284,2026-09-03T03:58:00,RECONNAISSANCE,Port Scan,AST-0176,AST-0425,HIGH,OBSERVED,0.84
ATK-00284,2026-09-03T04:02:00,CREDENTIAL_ACCESS,Suspicious Login,AST-0176,AST-0425,HIGH,OBSERVED,0.817
ATK-00284,2026-09-03T04:06:00,LATERAL_MOVEMENT,Internal Login Burst,AST-0176,AST-0425,HIGH,INFERRED,0.821
ATK-00284,2026-09-03T04:10:00,IMPACT,Predicted Next Stage,AST-0176,AST-0425,MEDIUM,PREDICTED,0.82
ATK-00285,2026-09-15T22:37:00,RECONNAISSANCE,Port Scan,AST-0182,AST-0468,HIGH,OBSERVED,0.804
ATK-00285,2026-09-15T22:41:00,CREDENTIAL_ACCESS,Suspicious Login,AST-0182,AST-0468,HIGH,OBSERVED,0.752
ATK-00285,2026-09-15T22:45:00,LATERAL_MOVEMENT,Internal Login Burst,AST-0182,AST-0468,HIGH,INFERRED,0.818
ATK-00285,2026-09-15T22:49:00,EXFILTRATION,Predicted Next Stage,AST-0182,AST-0468,MEDIUM,PREDICTED,0.764
ATK-00286,2026-09-03T17:39:00,RECONNAISSANCE,Port Scan,AST-0207,AST-0228,HIGH,OBSERVED,0.936
ATK-00286,2026-09-03T17:43:00,CREDENTIAL_ACCESS,Suspicious Login,AST-0207,AST-0228,HIGH,OBSERVED,0.914
ATK-00286,2026-09-03T17:47:00,LATERAL_MOVEMENT,Internal Login Burst,AST-0207,AST-0228,HIGH,INFERRED,0.921
ATK-00286,2026-09-03T17:51:00,CREDENTIAL_ACCESS,Predicted Next Stage,AST-0207,AST-0228,MEDIUM,PREDICTED,0.956
ATK-00287,2026-09-11T22:10:00,RECONNAISSANCE,Port Scan,AST-0026,AST-0420,HIGH,OBSERVED,0.87
ATK-00287,2026-09-11T22:14:00,CREDENTIAL_ACCESS,Suspicious Login,AST-0026,AST-0420,HIGH,OBSERVED,0.86
ATK-00287,2026-09-11T22:18:00,LATERAL_MOVEMENT,Internal Login Burst,AST-0026,AST-0420,HIGH,INFERRED,0.878
ATK-00287,2026-09-11T22:22:00,CREDENTIAL_ACCESS,Predicted Next Stage,AST-0026,AST-0420,MEDIUM,PREDICTED,0.868
ATK-00288,2026-09-21T14:29:00,RECONNAISSANCE,Port Scan,AST-0084,AST-0283,HIGH,OBSERVED,0.866
ATK-00288,2026-09-21T14:33:00,CREDENTIAL_ACCESS,Suspicious Login,AST-0084,AST-0283,HIGH,OBSERVED,0.867
ATK-00288,2026-09-21T14:37:00,LATERAL_MOVEMENT,Internal Login Burst,AST-0084,AST-0283,HIGH,INFERRED,0.856
ATK-00288,2026-09-21T14:41:00,CREDENTIAL_ACCESS,Predicted Next Stage,AST-0084,AST-0283,MEDIUM,PREDICTED,0.797
ATK-00289,2026-09-18T12:55:00,RECONNAISSANCE,Port Scan,AST-0393,AST-0055,HIGH,OBSERVED,0.641
ATK-00289,2026-09-18T12:59:00,CREDENTIAL_ACCESS,Suspicious Login,AST-0393,AST-0055,HIGH,OBSERVED,0.682
ATK-00289,2026-09-18T13:03:00,LATERAL_MOVEMENT,Internal Login Burst,AST-0393,AST-0055,HIGH,INFERRED,0.725
ATK-00289,2026-09-18T13:07:00,PERSISTENCE,Predicted Next Stage,AST-0393,AST-0055,MEDIUM,PREDICTED,0.747
ATK-00290,2026-09-18T19:03:00,RECONNAISSANCE,Port Scan,AST-0388,AST-0077,HIGH,OBSERVED,0.633
ATK-00290,2026-09-18T19:07:00,CREDENTIAL_ACCESS,Suspicious Login,AST-0388,AST-0077,HIGH,OBSERVED,0.619
ATK-00290,2026-09-18T19:11:00,LATERAL_MOVEMENT,Internal Login Burst,AST-0388,AST-0077,HIGH,INFERRED,0.648
ATK-00290,2026-09-18T19:15:00,CREDENTIAL_ACCESS,Predicted Next Stage,AST-0388,AST-0077,MEDIUM,PREDICTED,0.668
ATK-00291,2026-09-21T11:57:00,RECONNAISSANCE,Port Scan,AST-0201,AST-0359,HIGH,OBSERVED,0.613
ATK-00291,2026-09-21T12:01:00,CREDENTIAL_ACCESS,Suspicious Login,AST-0201,AST-0359,HIGH,OBSERVED,0.678
ATK-00291,2026-09-21T12:05:00,LATERAL_MOVEMENT,Internal Login Burst,AST-0201,AST-0359,HIGH,INFERRED,0.72
ATK-00291,2026-09-21T12:09:00,LATERAL_MOVEMENT,Predicted Next Stage,AST-0201,AST-0359,MEDIUM,PREDICTED,0.642
ATK-00292,2026-09-21T02:42:00,RECONNAISSANCE,Port Scan,AST-0153,AST-0245,HIGH,OBSERVED,0.796
ATK-00292,2026-09-21T02:46:00,CREDENTIAL_ACCESS,Suspicious Login,AST-0153,AST-0245,HIGH,OBSERVED,0.771
ATK-00292,2026-09-21T02:50:00,LATERAL_MOVEMENT,Internal Login Burst,AST-0153,AST-0245,HIGH,INFERRED,0.784
ATK-00292,2026-09-21T02:54:00,CREDENTIAL_ACCESS,Predicted Next Stage,AST-0153,AST-0245,MEDIUM,PREDICTED,0.803
ATK-00293,2026-09-14T06:45:00,RECONNAISSANCE,Port Scan,AST-0232,AST-0124,HIGH,OBSERVED,0.808
ATK-00293,2026-09-14T06:49:00,CREDENTIAL_ACCESS,Suspicious Login,AST-0232,AST-0124,HIGH,OBSERVED,0.849
ATK-00293,2026-09-14T06:53:00,LATERAL_MOVEMENT,Internal Login Burst,AST-0232,AST-0124,HIGH,INFERRED,0.816
ATK-00293,2026-09-14T06:57:00,PERSISTENCE,Predicted Next Stage,AST-0232,AST-0124,MEDIUM,PREDICTED,0.822
ATK-00294,2026-09-25T07:31:00,RECONNAISSANCE,Port Scan,AST-0335,AST-0201,HIGH,OBSERVED,0.855
ATK-00294,2026-09-25T07:35:00,CREDENTIAL_ACCESS,Suspicious Login,AST-0335,AST-0201,HIGH,OBSERVED,0.851
ATK-00294,2026-09-25T07:39:00,LATERAL_MOVEMENT,Internal Login Burst,AST-0335,AST-0201,HIGH,INFERRED,0.84
ATK-00294,2026-09-25T07:43:00,LATERAL_MOVEMENT,Predicted Next Stage,AST-0335,AST-0201,MEDIUM,PREDICTED,0.784
ATK-00295,2026-09-09T12:00:00,RECONNAISSANCE,Port Scan,AST-0234,AST-0096,HIGH,OBSERVED,0.778
ATK-00295,2026-09-09T12:04:00,CREDENTIAL_ACCESS,Suspicious Login,AST-0234,AST-0096,HIGH,OBSERVED,0.777
ATK-00295,2026-09-09T12:08:00,LATERAL_MOVEMENT,Internal Login Burst,AST-0234,AST-0096,HIGH,INFERRED,0.856
ATK-00295,2026-09-09T12:12:00,PERSISTENCE,Predicted Next Stage,AST-0234,AST-0096,MEDIUM,PREDICTED,0.817
ATK-00296,2026-09-25T10:06:00,RECONNAISSANCE,Port Scan,AST-0081,AST-0265,HIGH,OBSERVED,0.681
ATK-00296,2026-09-25T10:10:00,CREDENTIAL_ACCESS,Suspicious Login,AST-0081,AST-0265,HIGH,OBSERVED,0.747
ATK-00296,2026-09-25T10:14:00,LATERAL_MOVEMENT,Internal Login Burst,AST-0081,AST-0265,HIGH,INFERRED,0.715
ATK-00296,2026-09-25T10:18:00,CREDENTIAL_ACCESS,Predicted Next Stage,AST-0081,AST-0265,MEDIUM,PREDICTED,0.755
ATK-00297,2026-09-21T20:57:00,RECONNAISSANCE,Port Scan,AST-0462,AST-0066,HIGH,OBSERVED,0.692
ATK-00297,2026-09-21T21:01:00,CREDENTIAL_ACCESS,Suspicious Login,AST-0462,AST-0066,HIGH,OBSERVED,0.677
ATK-00297,2026-09-21T21:05:00,LATERAL_MOVEMENT,Internal Login Burst,AST-0462,AST-0066,HIGH,INFERRED,0.701
ATK-00297,2026-09-21T21:09:00,INITIAL_ACCESS,Predicted Next Stage,AST-0462,AST-0066,MEDIUM,PREDICTED,0.699
ATK-00298,2026-09-24T01:36:00,RECONNAISSANCE,Port Scan,AST-0198,AST-0249,HIGH,OBSERVED,0.831
ATK-00298,2026-09-24T01:40:00,CREDENTIAL_ACCESS,Suspicious Login,AST-0198,AST-0249,HIGH,OBSERVED,0.804
ATK-00298,2026-09-24T01:44:00,LATERAL_MOVEMENT,Internal Login Burst,AST-0198,AST-0249,HIGH,INFERRED,0.806
ATK-00298,2026-09-24T01:48:00,PERSISTENCE,Predicted Next Stage,AST-0198,AST-0249,MEDIUM,PREDICTED,0.798
ATK-00299,2026-09-19T20:12:00,RECONNAISSANCE,Port Scan,AST-0364,AST-0040,HIGH,OBSERVED,0.863
ATK-00299,2026-09-19T20:16:00,CREDENTIAL_ACCESS,Suspicious Login,AST-0364,AST-0040,HIGH,OBSERVED,0.86
ATK-00299,2026-09-19T20:20:00,LATERAL_MOVEMENT,Internal Login Burst,AST-0364,AST-0040,HIGH,INFERRED,0.829
ATK-00299,2026-09-19T20:24:00,INITIAL_ACCESS,Predicted Next Stage,AST-0364,AST-0040,MEDIUM,PREDICTED,0.832
ATK-00300,2026-09-23T11:46:00,RECONNAISSANCE,Port Scan,AST-0045,AST-0224,HIGH,OBSERVED,0.754
ATK-00300,2026-09-23T11:50:00,CREDENTIAL_ACCESS,Suspicious Login,AST-0045,AST-0224,HIGH,OBSERVED,0.816
ATK-00300,2026-09-23T11:54:00,LATERAL_MOVEMENT,Internal Login Burst,AST-0045,AST-0224,HIGH,INFERRED,0.792
ATK-00300,2026-09-23T11:58:00,LATERAL_MOVEMENT,Predicted Next Stage,AST-0045,AST-0224,MEDIUM,PREDICTED,0.804
ATK-00301,2026-09-27T12:43:00,RECONNAISSANCE,Port Scan,AST-0140,AST-0263,HIGH,OBSERVED,0.809
ATK-00301,2026-09-27T12:47:00,CREDENTIAL_ACCESS,Suspicious Login,AST-0140,AST-0263,HIGH,OBSERVED,0.791
ATK-00301,2026-09-27T12:51:00,LATERAL_MOVEMENT,Internal Login Burst,AST-0140,AST-0263,HIGH,INFERRED,0.83
ATK-00301,2026-09-27T12:55:00,EXFILTRATION,Predicted Next Stage,AST-0140,AST-0263,MEDIUM,PREDICTED,0.768
ATK-00302,2026-09-24T13:42:00,RECONNAISSANCE,Port Scan,AST-0496,AST-0341,HIGH,OBSERVED,0.749
ATK-00302,2026-09-24T13:46:00,CREDENTIAL_ACCESS,Suspicious Login,AST-0496,AST-0341,HIGH,OBSERVED,0.758
ATK-00302,2026-09-24T13:50:00,LATERAL_MOVEMENT,Internal Login Burst,AST-0496,AST-0341,HIGH,INFERRED,0.729
ATK-00302,2026-09-24T13:54:00,IMPACT,Predicted Next Stage,AST-0496,AST-0341,MEDIUM,PREDICTED,0.711
ATK-00303,2026-09-27T20:11:00,RECONNAISSANCE,Port Scan,AST-0459,AST-0184,HIGH,OBSERVED,0.848
ATK-00303,2026-09-27T20:15:00,CREDENTIAL_ACCESS,Suspicious Login,AST-0459,AST-0184,HIGH,OBSERVED,0.809
ATK-00303,2026-09-27T20:19:00,LATERAL_MOVEMENT,Internal Login Burst,AST-0459,AST-0184,HIGH,INFERRED,0.794
ATK-00303,2026-09-27T20:23:00,PERSISTENCE,Predicted Next Stage,AST-0459,AST-0184,MEDIUM,PREDICTED,0.827
ATK-00304,2026-09-12T02:35:00,RECONNAISSANCE,Port Scan,AST-0076,AST-0051,HIGH,OBSERVED,0.792
ATK-00304,2026-09-12T02:39:00,CREDENTIAL_ACCESS,Suspicious Login,AST-0076,AST-0051,HIGH,OBSERVED,0.877
ATK-00304,2026-09-12T02:43:00,LATERAL_MOVEMENT,Internal Login Burst,AST-0076,AST-0051,HIGH,INFERRED,0.845
ATK-00304,2026-09-12T02:47:00,LATERAL_MOVEMENT,Predicted Next Stage,AST-0076,AST-0051,MEDIUM,PREDICTED,0.886
ATK-00305,2026-09-10T15:10:00,RECONNAISSANCE,Port Scan,AST-0440,AST-0317,HIGH,OBSERVED,0.853
ATK-00305,2026-09-10T15:14:00,CREDENTIAL_ACCESS,Suspicious Login,AST-0440,AST-0317,HIGH,OBSERVED,0.775
ATK-00305,2026-09-10T15:18:00,LATERAL_MOVEMENT,Internal Login Burst,AST-0440,AST-0317,HIGH,INFERRED,0.843
ATK-00305,2026-09-10T15:22:00,CREDENTIAL_ACCESS,Predicted Next Stage,AST-0440,AST-0317,MEDIUM,PREDICTED,0.795
ATK-00306,2026-09-03T22:38:00,RECONNAISSANCE,Port Scan,AST-0188,AST-0376,HIGH,OBSERVED,0.941
ATK-00306,2026-09-03T22:42:00,CREDENTIAL_ACCESS,Suspicious Login,AST-0188,AST-0376,HIGH,OBSERVED,0.957
ATK-00306,2026-09-03T22:46:00,LATERAL_MOVEMENT,Internal Login Burst,AST-0188,AST-0376,HIGH,INFERRED,0.946
ATK-00306,2026-09-03T22:50:00,CREDENTIAL_ACCESS,Predicted Next Stage,AST-0188,AST-0376,MEDIUM,PREDICTED,0.985
ATK-00307,2026-09-14T10:44:00,RECONNAISSANCE,Port Scan,AST-0229,AST-0465,HIGH,OBSERVED,0.786
ATK-00307,2026-09-14T10:48:00,CREDENTIAL_ACCESS,Suspicious Login,AST-0229,AST-0465,HIGH,OBSERVED,0.864
ATK-00307,2026-09-14T10:52:00,LATERAL_MOVEMENT,Internal Login Burst,AST-0229,AST-0465,HIGH,INFERRED,0.806
ATK-00307,2026-09-14T10:56:00,INITIAL_ACCESS,Predicted Next Stage,AST-0229,AST-0465,MEDIUM,PREDICTED,0.784
ATK-00308,2026-09-22T12:41:00,RECONNAISSANCE,Port Scan,AST-0172,AST-0120,HIGH,OBSERVED,0.65
ATK-00308,2026-09-22T12:45:00,CREDENTIAL_ACCESS,Suspicious Login,AST-0172,AST-0120,HIGH,OBSERVED,0.807
ATK-00308,2026-09-22T12:49:00,LATERAL_MOVEMENT,Internal Login Burst,AST-0172,AST-0120,HIGH,INFERRED,0.714
ATK-00308,2026-09-22T12:53:00,LATERAL_MOVEMENT,Predicted Next Stage,AST-0172,AST-0120,MEDIUM,PREDICTED,0.668
ATK-00309,2026-09-05T06:18:00,RECONNAISSANCE,Port Scan,AST-0141,AST-0342,HIGH,OBSERVED,0.78
ATK-00309,2026-09-05T06:22:00,CREDENTIAL_ACCESS,Suspicious Login,AST-0141,AST-0342,HIGH,OBSERVED,0.856
ATK-00309,2026-09-05T06:26:00,LATERAL_MOVEMENT,Internal Login Burst,AST-0141,AST-0342,HIGH,INFERRED,0.823
ATK-00309,2026-09-05T06:30:00,PERSISTENCE,Predicted Next Stage,AST-0141,AST-0342,MEDIUM,PREDICTED,0.793
ATK-00310,2026-09-18T08:59:00,RECONNAISSANCE,Port Scan,AST-0063,AST-0451,HIGH,OBSERVED,0.758
ATK-00310,2026-09-18T09:03:00,CREDENTIAL_ACCESS,Suspicious Login,AST-0063,AST-0451,HIGH,OBSERVED,0.67
ATK-00310,2026-09-18T09:07:00,LATERAL_MOVEMENT,Internal Login Burst,AST-0063,AST-0451,HIGH,INFERRED,0.734
ATK-00310,2026-09-18T09:11:00,IMPACT,Predicted Next Stage,AST-0063,AST-0451,MEDIUM,PREDICTED,0.77
ATK-00311,2026-09-20T04:43:00,RECONNAISSANCE,Port Scan,AST-0403,AST-0001,HIGH,OBSERVED,0.777
ATK-00311,2026-09-20T04:47:00,CREDENTIAL_ACCESS,Suspicious Login,AST-0403,AST-0001,HIGH,OBSERVED,0.788
ATK-00311,2026-09-20T04:51:00,LATERAL_MOVEMENT,Internal Login Burst,AST-0403,AST-0001,HIGH,INFERRED,0.862
ATK-00311,2026-09-20T04:55:00,EXFILTRATION,Predicted Next Stage,AST-0403,AST-0001,MEDIUM,PREDICTED,0.852
ATK-00312,2026-09-18T20:56:00,RECONNAISSANCE,Port Scan,AST-0367,AST-0317,HIGH,OBSERVED,0.776
ATK-00312,2026-09-18T21:00:00,CREDENTIAL_ACCESS,Suspicious Login,AST-0367,AST-0317,HIGH,OBSERVED,0.748
ATK-00312,2026-09-18T21:04:00,LATERAL_MOVEMENT,Internal Login Burst,AST-0367,AST-0317,HIGH,INFERRED,0.728
ATK-00312,2026-09-18T21:08:00,CREDENTIAL_ACCESS,Predicted Next Stage,AST-0367,AST-0317,MEDIUM,PREDICTED,0.725
ATK-00313,2026-09-17T01:47:00,RECONNAISSANCE,Port Scan,AST-0387,AST-0105,HIGH,OBSERVED,0.94
ATK-00313,2026-09-17T01:51:00,CREDENTIAL_ACCESS,Suspicious Login,AST-0387,AST-0105,HIGH,OBSERVED,0.847
ATK-00313,2026-09-17T01:55:00,LATERAL_MOVEMENT,Internal Login Burst,AST-0387,AST-0105,HIGH,INFERRED,0.842
ATK-00313,2026-09-17T01:59:00,CREDENTIAL_ACCESS,Predicted Next Stage,AST-0387,AST-0105,MEDIUM,PREDICTED,0.906
ATK-00314,2026-09-19T02:28:00,RECONNAISSANCE,Port Scan,AST-0163,AST-0432,HIGH,OBSERVED,0.932
ATK-00314,2026-09-19T02:32:00,CREDENTIAL_ACCESS,Suspicious Login,AST-0163,AST-0432,HIGH,OBSERVED,0.945
ATK-00314,2026-09-19T02:36:00,LATERAL_MOVEMENT,Internal Login Burst,AST-0163,AST-0432,HIGH,INFERRED,0.944
ATK-00314,2026-09-19T02:40:00,CREDENTIAL_ACCESS,Predicted Next Stage,AST-0163,AST-0432,MEDIUM,PREDICTED,0.932
ATK-00315,2026-09-08T23:53:00,RECONNAISSANCE,Port Scan,AST-0483,AST-0104,HIGH,OBSERVED,0.819
ATK-00315,2026-09-08T23:57:00,CREDENTIAL_ACCESS,Suspicious Login,AST-0483,AST-0104,HIGH,OBSERVED,0.883
ATK-00315,2026-09-09T00:01:00,LATERAL_MOVEMENT,Internal Login Burst,AST-0483,AST-0104,HIGH,INFERRED,0.853
ATK-00315,2026-09-09T00:05:00,CREDENTIAL_ACCESS,Predicted Next Stage,AST-0483,AST-0104,MEDIUM,PREDICTED,0.874
ATK-00316,2026-09-18T18:22:00,RECONNAISSANCE,Port Scan,AST-0267,AST-0390,HIGH,OBSERVED,0.748
ATK-00316,2026-09-18T18:26:00,CREDENTIAL_ACCESS,Suspicious Login,AST-0267,AST-0390,HIGH,OBSERVED,0.799
ATK-00316,2026-09-18T18:30:00,LATERAL_MOVEMENT,Internal Login Burst,AST-0267,AST-0390,HIGH,INFERRED,0.783
ATK-00316,2026-09-18T18:34:00,INITIAL_ACCESS,Predicted Next Stage,AST-0267,AST-0390,MEDIUM,PREDICTED,0.77
ATK-00317,2026-09-07T23:05:00,RECONNAISSANCE,Port Scan,AST-0361,AST-0349,HIGH,OBSERVED,0.784
ATK-00317,2026-09-07T23:09:00,CREDENTIAL_ACCESS,Suspicious Login,AST-0361,AST-0349,HIGH,OBSERVED,0.848
ATK-00317,2026-09-07T23:13:00,LATERAL_MOVEMENT,Internal Login Burst,AST-0361,AST-0349,HIGH,INFERRED,0.822
ATK-00317,2026-09-07T23:17:00,CREDENTIAL_ACCESS,Predicted Next Stage,AST-0361,AST-0349,MEDIUM,PREDICTED,0.805
ATK-00318,2026-09-12T05:29:00,RECONNAISSANCE,Port Scan,AST-0001,AST-0410,HIGH,OBSERVED,0.794
ATK-00318,2026-09-12T05:33:00,CREDENTIAL_ACCESS,Suspicious Login,AST-0001,AST-0410,HIGH,OBSERVED,0.757
ATK-00318,2026-09-12T05:37:00,LATERAL_MOVEMENT,Internal Login Burst,AST-0001,AST-0410,HIGH,INFERRED,0.775
ATK-00318,2026-09-12T05:41:00,EXFILTRATION,Predicted Next Stage,AST-0001,AST-0410,MEDIUM,PREDICTED,0.771
ATK-00319,2026-09-12T14:38:00,RECONNAISSANCE,Port Scan,AST-0378,AST-0439,HIGH,OBSERVED,0.876
ATK-00319,2026-09-12T14:42:00,CREDENTIAL_ACCESS,Suspicious Login,AST-0378,AST-0439,HIGH,OBSERVED,0.914
ATK-00319,2026-09-12T14:46:00,LATERAL_MOVEMENT,Internal Login Burst,AST-0378,AST-0439,HIGH,INFERRED,0.825
ATK-00319,2026-09-12T14:50:00,PERSISTENCE,Predicted Next Stage,AST-0378,AST-0439,MEDIUM,PREDICTED,0.873
ATK-00320,2026-09-01T18:34:00,RECONNAISSANCE,Port Scan,AST-0099,AST-0070,HIGH,OBSERVED,0.888
ATK-00320,2026-09-01T18:38:00,CREDENTIAL_ACCESS,Suspicious Login,AST-0099,AST-0070,HIGH,OBSERVED,0.865
ATK-00320,2026-09-01T18:42:00,LATERAL_MOVEMENT,Internal Login Burst,AST-0099,AST-0070,HIGH,INFERRED,0.955
ATK-00320,2026-09-01T18:46:00,IMPACT,Predicted Next Stage,AST-0099,AST-0070,MEDIUM,PREDICTED,0.843
ATK-00321,2026-09-05T23:11:00,RECONNAISSANCE,Port Scan,AST-0225,AST-0045,HIGH,OBSERVED,0.774
ATK-00321,2026-09-05T23:15:00,CREDENTIAL_ACCESS,Suspicious Login,AST-0225,AST-0045,HIGH,OBSERVED,0.741
ATK-00321,2026-09-05T23:19:00,LATERAL_MOVEMENT,Internal Login Burst,AST-0225,AST-0045,HIGH,INFERRED,0.735
ATK-00321,2026-09-05T23:23:00,IMPACT,Predicted Next Stage,AST-0225,AST-0045,MEDIUM,PREDICTED,0.715
ATK-00322,2026-09-05T03:20:00,RECONNAISSANCE,Port Scan,AST-0146,AST-0174,HIGH,OBSERVED,0.682
ATK-00322,2026-09-05T03:24:00,CREDENTIAL_ACCESS,Suspicious Login,AST-0146,AST-0174,HIGH,OBSERVED,0.752
ATK-00322,2026-09-05T03:28:00,LATERAL_MOVEMENT,Internal Login Burst,AST-0146,AST-0174,HIGH,INFERRED,0.698
ATK-00322,2026-09-05T03:32:00,LATERAL_MOVEMENT,Predicted Next Stage,AST-0146,AST-0174,MEDIUM,PREDICTED,0.713
ATK-00323,2026-09-09T23:49:00,RECONNAISSANCE,Port Scan,AST-0426,AST-0176,HIGH,OBSERVED,0.732
ATK-00323,2026-09-09T23:53:00,CREDENTIAL_ACCESS,Suspicious Login,AST-0426,AST-0176,HIGH,OBSERVED,0.721
ATK-00323,2026-09-09T23:57:00,LATERAL_MOVEMENT,Internal Login Burst,AST-0426,AST-0176,HIGH,INFERRED,0.713
ATK-00323,2026-09-10T00:01:00,LATERAL_MOVEMENT,Predicted Next Stage,AST-0426,AST-0176,MEDIUM,PREDICTED,0.758
ATK-00324,2026-09-12T19:42:00,RECONNAISSANCE,Port Scan,AST-0441,AST-0299,HIGH,OBSERVED,0.825
ATK-00324,2026-09-12T19:46:00,CREDENTIAL_ACCESS,Suspicious Login,AST-0441,AST-0299,HIGH,OBSERVED,0.809
ATK-00324,2026-09-12T19:50:00,LATERAL_MOVEMENT,Internal Login Burst,AST-0441,AST-0299,HIGH,INFERRED,0.81
ATK-00324,2026-09-12T19:54:00,LATERAL_MOVEMENT,Predicted Next Stage,AST-0441,AST-0299,MEDIUM,PREDICTED,0.777
ATK-00325,2026-09-02T07:44:00,RECONNAISSANCE,Port Scan,AST-0161,AST-0122,HIGH,OBSERVED,0.892
ATK-00325,2026-09-02T07:48:00,CREDENTIAL_ACCESS,Suspicious Login,AST-0161,AST-0122,HIGH,OBSERVED,0.866
ATK-00325,2026-09-02T07:52:00,LATERAL_MOVEMENT,Internal Login Burst,AST-0161,AST-0122,HIGH,INFERRED,0.931
ATK-00325,2026-09-02T07:56:00,CREDENTIAL_ACCESS,Predicted Next Stage,AST-0161,AST-0122,MEDIUM,PREDICTED,0.902
ATK-00326,2026-09-03T20:23:00,RECONNAISSANCE,Port Scan,AST-0391,AST-0052,HIGH,OBSERVED,0.883
ATK-00326,2026-09-03T20:27:00,CREDENTIAL_ACCESS,Suspicious Login,AST-0391,AST-0052,HIGH,OBSERVED,0.941
ATK-00326,2026-09-03T20:31:00,LATERAL_MOVEMENT,Internal Login Burst,AST-0391,AST-0052,HIGH,INFERRED,0.859
ATK-00326,2026-09-03T20:35:00,PERSISTENCE,Predicted Next Stage,AST-0391,AST-0052,MEDIUM,PREDICTED,0.901
ATK-00327,2026-09-02T02:54:00,RECONNAISSANCE,Port Scan,AST-0425,AST-0429,HIGH,OBSERVED,0.941
ATK-00327,2026-09-02T02:58:00,CREDENTIAL_ACCESS,Suspicious Login,AST-0425,AST-0429,HIGH,OBSERVED,0.894
ATK-00327,2026-09-02T03:02:00,LATERAL_MOVEMENT,Internal Login Burst,AST-0425,AST-0429,HIGH,INFERRED,0.906
ATK-00327,2026-09-02T03:06:00,LATERAL_MOVEMENT,Predicted Next Stage,AST-0425,AST-0429,MEDIUM,PREDICTED,0.902
ATK-00328,2026-09-17T23:28:00,RECONNAISSANCE,Port Scan,AST-0482,AST-0311,HIGH,OBSERVED,0.643
ATK-00328,2026-09-17T23:32:00,CREDENTIAL_ACCESS,Suspicious Login,AST-0482,AST-0311,HIGH,OBSERVED,0.665
ATK-00328,2026-09-17T23:36:00,LATERAL_MOVEMENT,Internal Login Burst,AST-0482,AST-0311,HIGH,INFERRED,0.653
ATK-00328,2026-09-17T23:40:00,IMPACT,Predicted Next Stage,AST-0482,AST-0311,MEDIUM,PREDICTED,0.705
ATK-00329,2026-09-17T07:11:00,RECONNAISSANCE,Port Scan,AST-0007,AST-0344,HIGH,OBSERVED,0.919
ATK-00329,2026-09-17T07:15:00,CREDENTIAL_ACCESS,Suspicious Login,AST-0007,AST-0344,HIGH,OBSERVED,0.925
ATK-00329,2026-09-17T07:19:00,LATERAL_MOVEMENT,Internal Login Burst,AST-0007,AST-0344,HIGH,INFERRED,0.886
ATK-00329,2026-09-17T07:23:00,PERSISTENCE,Predicted Next Stage,AST-0007,AST-0344,MEDIUM,PREDICTED,0.914
ATK-00330,2026-09-05T21:11:00,RECONNAISSANCE,Port Scan,AST-0044,AST-0287,HIGH,OBSERVED,0.84
ATK-00330,2026-09-05T21:15:00,CREDENTIAL_ACCESS,Suspicious Login,AST-0044,AST-0287,HIGH,OBSERVED,0.874
ATK-00330,2026-09-05T21:19:00,LATERAL_MOVEMENT,Internal Login Burst,AST-0044,AST-0287,HIGH,INFERRED,0.848
ATK-00330,2026-09-05T21:23:00,EXFILTRATION,Predicted Next Stage,AST-0044,AST-0287,MEDIUM,PREDICTED,0.828
ATK-00331,2026-09-08T08:00:00,RECONNAISSANCE,Port Scan,AST-0176,AST-0143,HIGH,OBSERVED,0.816
ATK-00331,2026-09-08T08:04:00,CREDENTIAL_ACCESS,Suspicious Login,AST-0176,AST-0143,HIGH,OBSERVED,0.787
ATK-00331,2026-09-08T08:08:00,LATERAL_MOVEMENT,Internal Login Burst,AST-0176,AST-0143,HIGH,INFERRED,0.839
ATK-00331,2026-09-08T08:12:00,EXFILTRATION,Predicted Next Stage,AST-0176,AST-0143,MEDIUM,PREDICTED,0.818
ATK-00332,2026-09-11T23:25:00,RECONNAISSANCE,Port Scan,AST-0352,AST-0270,HIGH,OBSERVED,0.819
ATK-00332,2026-09-11T23:29:00,CREDENTIAL_ACCESS,Suspicious Login,AST-0352,AST-0270,HIGH,OBSERVED,0.852
ATK-00332,2026-09-11T23:33:00,LATERAL_MOVEMENT,Internal Login Burst,AST-0352,AST-0270,HIGH,INFERRED,0.786
ATK-00332,2026-09-11T23:37:00,INITIAL_ACCESS,Predicted Next Stage,AST-0352,AST-0270,MEDIUM,PREDICTED,0.819
ATK-00333,2026-09-26T13:03:00,RECONNAISSANCE,Port Scan,AST-0314,AST-0121,HIGH,OBSERVED,0.826
ATK-00333,2026-09-26T13:07:00,CREDENTIAL_ACCESS,Suspicious Login,AST-0314,AST-0121,HIGH,OBSERVED,0.843
ATK-00333,2026-09-26T13:11:00,LATERAL_MOVEMENT,Internal Login Burst,AST-0314,AST-0121,HIGH,INFERRED,0.859
ATK-00333,2026-09-26T13:15:00,LATERAL_MOVEMENT,Predicted Next Stage,AST-0314,AST-0121,MEDIUM,PREDICTED,0.81
ATK-00334,2026-09-01T11:10:00,RECONNAISSANCE,Port Scan,AST-0394,AST-0178,HIGH,OBSERVED,0.789
ATK-00334,2026-09-01T11:14:00,CREDENTIAL_ACCESS,Suspicious Login,AST-0394,AST-0178,HIGH,OBSERVED,0.813
ATK-00334,2026-09-01T11:18:00,LATERAL_MOVEMENT,Internal Login Burst,AST-0394,AST-0178,HIGH,INFERRED,0.79
ATK-00334,2026-09-01T11:22:00,EXFILTRATION,Predicted Next Stage,AST-0394,AST-0178,MEDIUM,PREDICTED,0.806
ATK-00335,2026-09-19T20:39:00,RECONNAISSANCE,Port Scan,AST-0433,AST-0224,HIGH,OBSERVED,0.809
ATK-00335,2026-09-19T20:43:00,CREDENTIAL_ACCESS,Suspicious Login,AST-0433,AST-0224,HIGH,OBSERVED,0.803
ATK-00335,2026-09-19T20:47:00,LATERAL_MOVEMENT,Internal Login Burst,AST-0433,AST-0224,HIGH,INFERRED,0.797
ATK-00335,2026-09-19T20:51:00,CREDENTIAL_ACCESS,Predicted Next Stage,AST-0433,AST-0224,MEDIUM,PREDICTED,0.81
ATK-00336,2026-09-14T06:32:00,RECONNAISSANCE,Port Scan,AST-0360,AST-0005,HIGH,OBSERVED,0.813
ATK-00336,2026-09-14T06:36:00,CREDENTIAL_ACCESS,Suspicious Login,AST-0360,AST-0005,HIGH,OBSERVED,0.869
ATK-00336,2026-09-14T06:40:00,LATERAL_MOVEMENT,Internal Login Burst,AST-0360,AST-0005,HIGH,INFERRED,0.833
ATK-00336,2026-09-14T06:44:00,INITIAL_ACCESS,Predicted Next Stage,AST-0360,AST-0005,MEDIUM,PREDICTED,0.842
ATK-00337,2026-09-27T11:06:00,RECONNAISSANCE,Port Scan,AST-0219,AST-0377,HIGH,OBSERVED,0.807
ATK-00337,2026-09-27T11:10:00,CREDENTIAL_ACCESS,Suspicious Login,AST-0219,AST-0377,HIGH,OBSERVED,0.814
ATK-00337,2026-09-27T11:14:00,LATERAL_MOVEMENT,Internal Login Burst,AST-0219,AST-0377,HIGH,INFERRED,0.824
ATK-00337,2026-09-27T11:18:00,INITIAL_ACCESS,Predicted Next Stage,AST-0219,AST-0377,MEDIUM,PREDICTED,0.875
ATK-00338,2026-09-22T11:19:00,RECONNAISSANCE,Port Scan,AST-0391,AST-0292,HIGH,OBSERVED,0.917
ATK-00338,2026-09-22T11:23:00,CREDENTIAL_ACCESS,Suspicious Login,AST-0391,AST-0292,HIGH,OBSERVED,0.866
ATK-00338,2026-09-22T11:27:00,LATERAL_MOVEMENT,Internal Login Burst,AST-0391,AST-0292,HIGH,INFERRED,0.891
ATK-00338,2026-09-22T11:31:00,CREDENTIAL_ACCESS,Predicted Next Stage,AST-0391,AST-0292,MEDIUM,PREDICTED,0.915
ATK-00339,2026-09-13T01:38:00,RECONNAISSANCE,Port Scan,AST-0494,AST-0443,HIGH,OBSERVED,0.788
ATK-00339,2026-09-13T01:42:00,CREDENTIAL_ACCESS,Suspicious Login,AST-0494,AST-0443,HIGH,OBSERVED,0.825
ATK-00339,2026-09-13T01:46:00,LATERAL_MOVEMENT,Internal Login Burst,AST-0494,AST-0443,HIGH,INFERRED,0.793
ATK-00339,2026-09-13T01:50:00,EXFILTRATION,Predicted Next Stage,AST-0494,AST-0443,MEDIUM,PREDICTED,0.732
ATK-00340,2026-09-19T06:55:00,RECONNAISSANCE,Port Scan,AST-0036,AST-0495,HIGH,OBSERVED,0.691
ATK-00340,2026-09-19T06:59:00,CREDENTIAL_ACCESS,Suspicious Login,AST-0036,AST-0495,HIGH,OBSERVED,0.653
ATK-00340,2026-09-19T07:03:00,LATERAL_MOVEMENT,Internal Login Burst,AST-0036,AST-0495,HIGH,INFERRED,0.753
ATK-00340,2026-09-19T07:07:00,PERSISTENCE,Predicted Next Stage,AST-0036,AST-0495,MEDIUM,PREDICTED,0.719
ATK-00341,2026-09-21T20:46:00,RECONNAISSANCE,Port Scan,AST-0104,AST-0242,HIGH,OBSERVED,0.686
ATK-00341,2026-09-21T20:50:00,CREDENTIAL_ACCESS,Suspicious Login,AST-0104,AST-0242,HIGH,OBSERVED,0.749
ATK-00341,2026-09-21T20:54:00,LATERAL_MOVEMENT,Internal Login Burst,AST-0104,AST-0242,HIGH,INFERRED,0.699
ATK-00341,2026-09-21T20:58:00,INITIAL_ACCESS,Predicted Next Stage,AST-0104,AST-0242,MEDIUM,PREDICTED,0.725
ATK-00342,2026-09-03T10:10:00,RECONNAISSANCE,Port Scan,AST-0320,AST-0470,HIGH,OBSERVED,0.826
ATK-00342,2026-09-03T10:14:00,CREDENTIAL_ACCESS,Suspicious Login,AST-0320,AST-0470,HIGH,OBSERVED,0.837
ATK-00342,2026-09-03T10:18:00,LATERAL_MOVEMENT,Internal Login Burst,AST-0320,AST-0470,HIGH,INFERRED,0.844
ATK-00342,2026-09-03T10:22:00,INITIAL_ACCESS,Predicted Next Stage,AST-0320,AST-0470,MEDIUM,PREDICTED,0.788
ATK-00343,2026-09-18T00:58:00,RECONNAISSANCE,Port Scan,AST-0443,AST-0485,HIGH,OBSERVED,0.806
ATK-00343,2026-09-18T01:02:00,CREDENTIAL_ACCESS,Suspicious Login,AST-0443,AST-0485,HIGH,OBSERVED,0.753
ATK-00343,2026-09-18T01:06:00,LATERAL_MOVEMENT,Internal Login Burst,AST-0443,AST-0485,HIGH,INFERRED,0.753
ATK-00343,2026-09-18T01:10:00,IMPACT,Predicted Next Stage,AST-0443,AST-0485,MEDIUM,PREDICTED,0.694
ATK-00344,2026-09-22T05:16:00,RECONNAISSANCE,Port Scan,AST-0196,AST-0463,HIGH,OBSERVED,0.852
ATK-00344,2026-09-22T05:20:00,CREDENTIAL_ACCESS,Suspicious Login,AST-0196,AST-0463,HIGH,OBSERVED,0.825
ATK-00344,2026-09-22T05:24:00,LATERAL_MOVEMENT,Internal Login Burst,AST-0196,AST-0463,HIGH,INFERRED,0.763
ATK-00344,2026-09-22T05:28:00,LATERAL_MOVEMENT,Predicted Next Stage,AST-0196,AST-0463,MEDIUM,PREDICTED,0.801
ATK-00345,2026-09-20T17:17:00,RECONNAISSANCE,Port Scan,AST-0222,AST-0277,HIGH,OBSERVED,0.789
ATK-00345,2026-09-20T17:21:00,CREDENTIAL_ACCESS,Suspicious Login,AST-0222,AST-0277,HIGH,OBSERVED,0.825
ATK-00345,2026-09-20T17:25:00,LATERAL_MOVEMENT,Internal Login Burst,AST-0222,AST-0277,HIGH,INFERRED,0.823
ATK-00345,2026-09-20T17:29:00,LATERAL_MOVEMENT,Predicted Next Stage,AST-0222,AST-0277,MEDIUM,PREDICTED,0.827
ATK-00346,2026-09-01T22:55:00,RECONNAISSANCE,Port Scan,AST-0069,AST-0061,HIGH,OBSERVED,0.825
ATK-00346,2026-09-01T22:59:00,CREDENTIAL_ACCESS,Suspicious Login,AST-0069,AST-0061,HIGH,OBSERVED,0.803
ATK-00346,2026-09-01T23:03:00,LATERAL_MOVEMENT,Internal Login Burst,AST-0069,AST-0061,HIGH,INFERRED,0.794
ATK-00346,2026-09-01T23:07:00,INITIAL_ACCESS,Predicted Next Stage,AST-0069,AST-0061,MEDIUM,PREDICTED,0.712
ATK-00347,2026-09-22T18:48:00,RECONNAISSANCE,Port Scan,AST-0243,AST-0417,HIGH,OBSERVED,0.803
ATK-00347,2026-09-22T18:52:00,CREDENTIAL_ACCESS,Suspicious Login,AST-0243,AST-0417,HIGH,OBSERVED,0.802
ATK-00347,2026-09-22T18:56:00,LATERAL_MOVEMENT,Internal Login Burst,AST-0243,AST-0417,HIGH,INFERRED,0.837
ATK-00347,2026-09-22T19:00:00,EXFILTRATION,Predicted Next Stage,AST-0243,AST-0417,MEDIUM,PREDICTED,0.843
ATK-00348,2026-09-10T13:56:00,RECONNAISSANCE,Port Scan,AST-0242,AST-0394,HIGH,OBSERVED,0.733
ATK-00348,2026-09-10T14:00:00,CREDENTIAL_ACCESS,Suspicious Login,AST-0242,AST-0394,HIGH,OBSERVED,0.708
ATK-00348,2026-09-10T14:04:00,LATERAL_MOVEMENT,Internal Login Burst,AST-0242,AST-0394,HIGH,INFERRED,0.752
ATK-00348,2026-09-10T14:08:00,EXFILTRATION,Predicted Next Stage,AST-0242,AST-0394,MEDIUM,PREDICTED,0.71
ATK-00349,2026-09-14T04:38:00,RECONNAISSANCE,Port Scan,AST-0003,AST-0266,HIGH,OBSERVED,0.776
ATK-00349,2026-09-14T04:42:00,CREDENTIAL_ACCESS,Suspicious Login,AST-0003,AST-0266,HIGH,OBSERVED,0.759
ATK-00349,2026-09-14T04:46:00,LATERAL_MOVEMENT,Internal Login Burst,AST-0003,AST-0266,HIGH,INFERRED,0.772
ATK-00349,2026-09-14T04:50:00,CREDENTIAL_ACCESS,Predicted Next Stage,AST-0003,AST-0266,MEDIUM,PREDICTED,0.816
ATK-00350,2026-09-08T10:47:00,RECONNAISSANCE,Port Scan,AST-0376,AST-0063,HIGH,OBSERVED,0.786
ATK-00350,2026-09-08T10:51:00,CREDENTIAL_ACCESS,Suspicious Login,AST-0376,AST-0063,HIGH,OBSERVED,0.761
ATK-00350,2026-09-08T10:55:00,LATERAL_MOVEMENT,Internal Login Burst,AST-0376,AST-0063,HIGH,INFERRED,0.74
ATK-00350,2026-09-08T10:59:00,EXFILTRATION,Predicted Next Stage,AST-0376,AST-0063,MEDIUM,PREDICTED,0.78
ATK-00351,2026-09-17T04:09:00,RECONNAISSANCE,Port Scan,AST-0270,AST-0139,HIGH,OBSERVED,0.802
ATK-00351,2026-09-17T04:13:00,CREDENTIAL_ACCESS,Suspicious Login,AST-0270,AST-0139,HIGH,OBSERVED,0.828
ATK-00351,2026-09-17T04:17:00,LATERAL_MOVEMENT,Internal Login Burst,AST-0270,AST-0139,HIGH,INFERRED,0.82
ATK-00351,2026-09-17T04:21:00,EXFILTRATION,Predicted Next Stage,AST-0270,AST-0139,MEDIUM,PREDICTED,0.883
ATK-00352,2026-09-12T02:45:00,RECONNAISSANCE,Port Scan,AST-0482,AST-0401,HIGH,OBSERVED,0.831
ATK-00352,2026-09-12T02:49:00,CREDENTIAL_ACCESS,Suspicious Login,AST-0482,AST-0401,HIGH,OBSERVED,0.858
ATK-00352,2026-09-12T02:53:00,LATERAL_MOVEMENT,Internal Login Burst,AST-0482,AST-0401,HIGH,INFERRED,0.835
ATK-00352,2026-09-12T02:57:00,LATERAL_MOVEMENT,Predicted Next Stage,AST-0482,AST-0401,MEDIUM,PREDICTED,0.831
ATK-00353,2026-09-15T23:37:00,RECONNAISSANCE,Port Scan,AST-0314,AST-0191,HIGH,OBSERVED,0.779
ATK-00353,2026-09-15T23:41:00,CREDENTIAL_ACCESS,Suspicious Login,AST-0314,AST-0191,HIGH,OBSERVED,0.814
ATK-00353,2026-09-15T23:45:00,LATERAL_MOVEMENT,Internal Login Burst,AST-0314,AST-0191,HIGH,INFERRED,0.744
ATK-00353,2026-09-15T23:49:00,PERSISTENCE,Predicted Next Stage,AST-0314,AST-0191,MEDIUM,PREDICTED,0.831
ATK-00354,2026-09-27T02:34:00,RECONNAISSANCE,Port Scan,AST-0124,AST-0360,HIGH,OBSERVED,0.801
ATK-00354,2026-09-27T02:38:00,CREDENTIAL_ACCESS,Suspicious Login,AST-0124,AST-0360,HIGH,OBSERVED,0.864
ATK-00354,2026-09-27T02:42:00,LATERAL_MOVEMENT,Internal Login Burst,AST-0124,AST-0360,HIGH,INFERRED,0.853
ATK-00354,2026-09-27T02:46:00,EXFILTRATION,Predicted Next Stage,AST-0124,AST-0360,MEDIUM,PREDICTED,0.86
ATK-00355,2026-09-02T15:06:00,RECONNAISSANCE,Port Scan,AST-0263,AST-0454,HIGH,OBSERVED,0.785
ATK-00355,2026-09-02T15:10:00,CREDENTIAL_ACCESS,Suspicious Login,AST-0263,AST-0454,HIGH,OBSERVED,0.825
ATK-00355,2026-09-02T15:14:00,LATERAL_MOVEMENT,Internal Login Burst,AST-0263,AST-0454,HIGH,INFERRED,0.819
ATK-00355,2026-09-02T15:18:00,IMPACT,Predicted Next Stage,AST-0263,AST-0454,MEDIUM,PREDICTED,0.801
ATK-00356,2026-09-17T07:23:00,RECONNAISSANCE,Port Scan,AST-0369,AST-0373,HIGH,OBSERVED,0.742
ATK-00356,2026-09-17T07:27:00,CREDENTIAL_ACCESS,Suspicious Login,AST-0369,AST-0373,HIGH,OBSERVED,0.759
ATK-00356,2026-09-17T07:31:00,LATERAL_MOVEMENT,Internal Login Burst,AST-0369,AST-0373,HIGH,INFERRED,0.729
ATK-00356,2026-09-17T07:35:00,INITIAL_ACCESS,Predicted Next Stage,AST-0369,AST-0373,MEDIUM,PREDICTED,0.722
ATK-00357,2026-09-12T15:02:00,RECONNAISSANCE,Port Scan,AST-0031,AST-0180,HIGH,OBSERVED,0.735
ATK-00357,2026-09-12T15:06:00,CREDENTIAL_ACCESS,Suspicious Login,AST-0031,AST-0180,HIGH,OBSERVED,0.718
ATK-00357,2026-09-12T15:10:00,LATERAL_MOVEMENT,Internal Login Burst,AST-0031,AST-0180,HIGH,INFERRED,0.704
ATK-00357,2026-09-12T15:14:00,CREDENTIAL_ACCESS,Predicted Next Stage,AST-0031,AST-0180,MEDIUM,PREDICTED,0.764
ATK-00358,2026-09-17T12:50:00,RECONNAISSANCE,Port Scan,AST-0479,AST-0266,HIGH,OBSERVED,0.801
ATK-00358,2026-09-17T12:54:00,CREDENTIAL_ACCESS,Suspicious Login,AST-0479,AST-0266,HIGH,OBSERVED,0.824
ATK-00358,2026-09-17T12:58:00,LATERAL_MOVEMENT,Internal Login Burst,AST-0479,AST-0266,HIGH,INFERRED,0.797
ATK-00358,2026-09-17T13:02:00,INITIAL_ACCESS,Predicted Next Stage,AST-0479,AST-0266,MEDIUM,PREDICTED,0.82
ATK-00359,2026-09-12T04:39:00,RECONNAISSANCE,Port Scan,AST-0480,AST-0383,HIGH,OBSERVED,0.749
ATK-00359,2026-09-12T04:43:00,CREDENTIAL_ACCESS,Suspicious Login,AST-0480,AST-0383,HIGH,OBSERVED,0.758
ATK-00359,2026-09-12T04:47:00,LATERAL_MOVEMENT,Internal Login Burst,AST-0480,AST-0383,HIGH,INFERRED,0.702
ATK-00359,2026-09-12T04:51:00,CREDENTIAL_ACCESS,Predicted Next Stage,AST-0480,AST-0383,MEDIUM,PREDICTED,0.766
ATK-00360,2026-09-14T05:48:00,RECONNAISSANCE,Port Scan,AST-0176,AST-0008,HIGH,OBSERVED,0.761
ATK-00360,2026-09-14T05:52:00,CREDENTIAL_ACCESS,Suspicious Login,AST-0176,AST-0008,HIGH,OBSERVED,0.762
ATK-00360,2026-09-14T05:56:00,LATERAL_MOVEMENT,Internal Login Burst,AST-0176,AST-0008,HIGH,INFERRED,0.758
ATK-00360,2026-09-14T06:00:00,PERSISTENCE,Predicted Next Stage,AST-0176,AST-0008,MEDIUM,PREDICTED,0.743
ATK-00361,2026-09-13T07:13:00,RECONNAISSANCE,Port Scan,AST-0218,AST-0086,HIGH,OBSERVED,0.784
ATK-00361,2026-09-13T07:17:00,CREDENTIAL_ACCESS,Suspicious Login,AST-0218,AST-0086,HIGH,OBSERVED,0.738
ATK-00361,2026-09-13T07:21:00,LATERAL_MOVEMENT,Internal Login Burst,AST-0218,AST-0086,HIGH,INFERRED,0.752
ATK-00361,2026-09-13T07:25:00,LATERAL_MOVEMENT,Predicted Next Stage,AST-0218,AST-0086,MEDIUM,PREDICTED,0.822
ATK-00362,2026-09-24T18:31:00,RECONNAISSANCE,Port Scan,AST-0004,AST-0394,HIGH,OBSERVED,0.797
ATK-00362,2026-09-24T18:35:00,CREDENTIAL_ACCESS,Suspicious Login,AST-0004,AST-0394,HIGH,OBSERVED,0.863
ATK-00362,2026-09-24T18:39:00,LATERAL_MOVEMENT,Internal Login Burst,AST-0004,AST-0394,HIGH,INFERRED,0.839
ATK-00362,2026-09-24T18:43:00,CREDENTIAL_ACCESS,Predicted Next Stage,AST-0004,AST-0394,MEDIUM,PREDICTED,0.845
ATK-00363,2026-09-06T14:09:00,RECONNAISSANCE,Port Scan,AST-0211,AST-0348,HIGH,OBSERVED,0.718
ATK-00363,2026-09-06T14:13:00,CREDENTIAL_ACCESS,Suspicious Login,AST-0211,AST-0348,HIGH,OBSERVED,0.71
ATK-00363,2026-09-06T14:17:00,LATERAL_MOVEMENT,Internal Login Burst,AST-0211,AST-0348,HIGH,INFERRED,0.691
ATK-00363,2026-09-06T14:21:00,IMPACT,Predicted Next Stage,AST-0211,AST-0348,MEDIUM,PREDICTED,0.687
ATK-00364,2026-09-10T20:59:00,RECONNAISSANCE,Port Scan,AST-0343,AST-0223,HIGH,OBSERVED,0.756
ATK-00364,2026-09-10T21:03:00,CREDENTIAL_ACCESS,Suspicious Login,AST-0343,AST-0223,HIGH,OBSERVED,0.763
ATK-00364,2026-09-10T21:07:00,LATERAL_MOVEMENT,Internal Login Burst,AST-0343,AST-0223,HIGH,INFERRED,0.753
ATK-00364,2026-09-10T21:11:00,IMPACT,Predicted Next Stage,AST-0343,AST-0223,MEDIUM,PREDICTED,0.755
ATK-00365,2026-09-13T02:32:00,RECONNAISSANCE,Port Scan,AST-0417,AST-0388,HIGH,OBSERVED,0.766
ATK-00365,2026-09-13T02:36:00,CREDENTIAL_ACCESS,Suspicious Login,AST-0417,AST-0388,HIGH,OBSERVED,0.806
ATK-00365,2026-09-13T02:40:00,LATERAL_MOVEMENT,Internal Login Burst,AST-0417,AST-0388,HIGH,INFERRED,0.734
ATK-00365,2026-09-13T02:44:00,IMPACT,Predicted Next Stage,AST-0417,AST-0388,MEDIUM,PREDICTED,0.783
ATK-00366,2026-09-20T18:08:00,RECONNAISSANCE,Port Scan,AST-0458,AST-0232,HIGH,OBSERVED,0.804
ATK-00366,2026-09-20T18:12:00,CREDENTIAL_ACCESS,Suspicious Login,AST-0458,AST-0232,HIGH,OBSERVED,0.788
ATK-00366,2026-09-20T18:16:00,LATERAL_MOVEMENT,Internal Login Burst,AST-0458,AST-0232,HIGH,INFERRED,0.745
ATK-00366,2026-09-20T18:20:00,PERSISTENCE,Predicted Next Stage,AST-0458,AST-0232,MEDIUM,PREDICTED,0.759
ATK-00367,2026-09-19T05:05:00,RECONNAISSANCE,Port Scan,AST-0280,AST-0311,HIGH,OBSERVED,0.735
ATK-00367,2026-09-19T05:09:00,CREDENTIAL_ACCESS,Suspicious Login,AST-0280,AST-0311,HIGH,OBSERVED,0.721
ATK-00367,2026-09-19T05:13:00,LATERAL_MOVEMENT,Internal Login Burst,AST-0280,AST-0311,HIGH,INFERRED,0.748
ATK-00367,2026-09-19T05:17:00,CREDENTIAL_ACCESS,Predicted Next Stage,AST-0280,AST-0311,MEDIUM,PREDICTED,0.676
ATK-00368,2026-09-05T09:28:00,RECONNAISSANCE,Port Scan,AST-0411,AST-0457,HIGH,OBSERVED,0.713
ATK-00368,2026-09-05T09:32:00,CREDENTIAL_ACCESS,Suspicious Login,AST-0411,AST-0457,HIGH,OBSERVED,0.761
ATK-00368,2026-09-05T09:36:00,LATERAL_MOVEMENT,Internal Login Burst,AST-0411,AST-0457,HIGH,INFERRED,0.737
ATK-00368,2026-09-05T09:40:00,IMPACT,Predicted Next Stage,AST-0411,AST-0457,MEDIUM,PREDICTED,0.703
ATK-00369,2026-09-20T20:16:00,RECONNAISSANCE,Port Scan,AST-0035,AST-0173,HIGH,OBSERVED,0.8
ATK-00369,2026-09-20T20:20:00,CREDENTIAL_ACCESS,Suspicious Login,AST-0035,AST-0173,HIGH,OBSERVED,0.789
ATK-00369,2026-09-20T20:24:00,LATERAL_MOVEMENT,Internal Login Burst,AST-0035,AST-0173,HIGH,INFERRED,0.784
ATK-00369,2026-09-20T20:28:00,IMPACT,Predicted Next Stage,AST-0035,AST-0173,MEDIUM,PREDICTED,0.814
ATK-00370,2026-09-01T04:02:00,RECONNAISSANCE,Port Scan,AST-0071,AST-0426,HIGH,OBSERVED,0.906
ATK-00370,2026-09-01T04:06:00,CREDENTIAL_ACCESS,Suspicious Login,AST-0071,AST-0426,HIGH,OBSERVED,0.911
ATK-00370,2026-09-01T04:10:00,LATERAL_MOVEMENT,Internal Login Burst,AST-0071,AST-0426,HIGH,INFERRED,0.872
ATK-00370,2026-09-01T04:14:00,CREDENTIAL_ACCESS,Predicted Next Stage,AST-0071,AST-0426,MEDIUM,PREDICTED,0.913
ATK-00371,2026-09-22T01:53:00,RECONNAISSANCE,Port Scan,AST-0236,AST-0327,HIGH,OBSERVED,0.796
ATK-00371,2026-09-22T01:57:00,CREDENTIAL_ACCESS,Suspicious Login,AST-0236,AST-0327,HIGH,OBSERVED,0.809
ATK-00371,2026-09-22T02:01:00,LATERAL_MOVEMENT,Internal Login Burst,AST-0236,AST-0327,HIGH,INFERRED,0.841
ATK-00371,2026-09-22T02:05:00,LATERAL_MOVEMENT,Predicted Next Stage,AST-0236,AST-0327,MEDIUM,PREDICTED,0.818
ATK-00372,2026-09-21T10:12:00,RECONNAISSANCE,Port Scan,AST-0315,AST-0036,HIGH,OBSERVED,0.843
ATK-00372,2026-09-21T10:16:00,CREDENTIAL_ACCESS,Suspicious Login,AST-0315,AST-0036,HIGH,OBSERVED,0.902
ATK-00372,2026-09-21T10:20:00,LATERAL_MOVEMENT,Internal Login Burst,AST-0315,AST-0036,HIGH,INFERRED,0.944
ATK-00372,2026-09-21T10:24:00,LATERAL_MOVEMENT,Predicted Next Stage,AST-0315,AST-0036,MEDIUM,PREDICTED,0.902
ATK-00373,2026-09-20T14:36:00,RECONNAISSANCE,Port Scan,AST-0113,AST-0127,HIGH,OBSERVED,0.715
ATK-00373,2026-09-20T14:40:00,CREDENTIAL_ACCESS,Suspicious Login,AST-0113,AST-0127,HIGH,OBSERVED,0.769
ATK-00373,2026-09-20T14:44:00,LATERAL_MOVEMENT,Internal Login Burst,AST-0113,AST-0127,HIGH,INFERRED,0.8
ATK-00373,2026-09-20T14:48:00,IMPACT,Predicted Next Stage,AST-0113,AST-0127,MEDIUM,PREDICTED,0.804
ATK-00374,2026-09-14T10:57:00,RECONNAISSANCE,Port Scan,AST-0221,AST-0155,HIGH,OBSERVED,0.776
ATK-00374,2026-09-14T11:01:00,CREDENTIAL_ACCESS,Suspicious Login,AST-0221,AST-0155,HIGH,OBSERVED,0.818
ATK-00374,2026-09-14T11:05:00,LATERAL_MOVEMENT,Internal Login Burst,AST-0221,AST-0155,HIGH,INFERRED,0.823
ATK-00374,2026-09-14T11:09:00,CREDENTIAL_ACCESS,Predicted Next Stage,AST-0221,AST-0155,MEDIUM,PREDICTED,0.768
ATK-00375,2026-09-22T12:19:00,RECONNAISSANCE,Port Scan,AST-0219,AST-0465,HIGH,OBSERVED,0.862
ATK-00375,2026-09-22T12:23:00,CREDENTIAL_ACCESS,Suspicious Login,AST-0219,AST-0465,HIGH,OBSERVED,0.807
ATK-00375,2026-09-22T12:27:00,LATERAL_MOVEMENT,Internal Login Burst,AST-0219,AST-0465,HIGH,INFERRED,0.763
ATK-00375,2026-09-22T12:31:00,LATERAL_MOVEMENT,Predicted Next Stage,AST-0219,AST-0465,MEDIUM,PREDICTED,0.787
ATK-00376,2026-09-18T03:55:00,RECONNAISSANCE,Port Scan,AST-0152,AST-0246,HIGH,OBSERVED,0.912
ATK-00376,2026-09-18T03:59:00,CREDENTIAL_ACCESS,Suspicious Login,AST-0152,AST-0246,HIGH,OBSERVED,0.911
ATK-00376,2026-09-18T04:03:00,LATERAL_MOVEMENT,Internal Login Burst,AST-0152,AST-0246,HIGH,INFERRED,0.919
ATK-00376,2026-09-18T04:07:00,EXFILTRATION,Predicted Next Stage,AST-0152,AST-0246,MEDIUM,PREDICTED,0.916
ATK-00377,2026-09-10T17:01:00,RECONNAISSANCE,Port Scan,AST-0476,AST-0488,HIGH,OBSERVED,0.666
ATK-00377,2026-09-10T17:05:00,CREDENTIAL_ACCESS,Suspicious Login,AST-0476,AST-0488,HIGH,OBSERVED,0.714
ATK-00377,2026-09-10T17:09:00,LATERAL_MOVEMENT,Internal Login Burst,AST-0476,AST-0488,HIGH,INFERRED,0.759
ATK-00377,2026-09-10T17:13:00,EXFILTRATION,Predicted Next Stage,AST-0476,AST-0488,MEDIUM,PREDICTED,0.759
ATK-00378,2026-09-17T18:17:00,RECONNAISSANCE,Port Scan,AST-0300,AST-0262,HIGH,OBSERVED,0.885
ATK-00378,2026-09-17T18:21:00,CREDENTIAL_ACCESS,Suspicious Login,AST-0300,AST-0262,HIGH,OBSERVED,0.92
ATK-00378,2026-09-17T18:25:00,LATERAL_MOVEMENT,Internal Login Burst,AST-0300,AST-0262,HIGH,INFERRED,0.824
ATK-00378,2026-09-17T18:29:00,LATERAL_MOVEMENT,Predicted Next Stage,AST-0300,AST-0262,MEDIUM,PREDICTED,0.813
ATK-00379,2026-09-13T10:24:00,RECONNAISSANCE,Port Scan,AST-0381,AST-0021,HIGH,OBSERVED,0.66
ATK-00379,2026-09-13T10:28:00,CREDENTIAL_ACCESS,Suspicious Login,AST-0381,AST-0021,HIGH,OBSERVED,0.733
ATK-00379,2026-09-13T10:32:00,LATERAL_MOVEMENT,Internal Login Burst,AST-0381,AST-0021,HIGH,INFERRED,0.69
ATK-00379,2026-09-13T10:36:00,IMPACT,Predicted Next Stage,AST-0381,AST-0021,MEDIUM,PREDICTED,0.7
ATK-00380,2026-09-27T05:48:00,RECONNAISSANCE,Port Scan,AST-0106,AST-0373,HIGH,OBSERVED,0.766
ATK-00380,2026-09-27T05:52:00,CREDENTIAL_ACCESS,Suspicious Login,AST-0106,AST-0373,HIGH,OBSERVED,0.83
ATK-00380,2026-09-27T05:56:00,LATERAL_MOVEMENT,Internal Login Burst,AST-0106,AST-0373,HIGH,INFERRED,0.765
ATK-00380,2026-09-27T06:00:00,INITIAL_ACCESS,Predicted Next Stage,AST-0106,AST-0373,MEDIUM,PREDICTED,0.778
ATK-00381,2026-09-23T07:02:00,RECONNAISSANCE,Port Scan,AST-0479,AST-0037,HIGH,OBSERVED,0.875
ATK-00381,2026-09-23T07:06:00,CREDENTIAL_ACCESS,Suspicious Login,AST-0479,AST-0037,HIGH,OBSERVED,0.899
ATK-00381,2026-09-23T07:10:00,LATERAL_MOVEMENT,Internal Login Burst,AST-0479,AST-0037,HIGH,INFERRED,0.877
ATK-00381,2026-09-23T07:14:00,EXFILTRATION,Predicted Next Stage,AST-0479,AST-0037,MEDIUM,PREDICTED,0.876
ATK-00382,2026-09-19T02:46:00,RECONNAISSANCE,Port Scan,AST-0455,AST-0048,HIGH,OBSERVED,0.807
ATK-00382,2026-09-19T02:50:00,CREDENTIAL_ACCESS,Suspicious Login,AST-0455,AST-0048,HIGH,OBSERVED,0.799
ATK-00382,2026-09-19T02:54:00,LATERAL_MOVEMENT,Internal Login Burst,AST-0455,AST-0048,HIGH,INFERRED,0.71
ATK-00382,2026-09-19T02:58:00,IMPACT,Predicted Next Stage,AST-0455,AST-0048,MEDIUM,PREDICTED,0.767
ATK-00383,2026-09-17T09:18:00,RECONNAISSANCE,Port Scan,AST-0236,AST-0051,HIGH,OBSERVED,0.745
ATK-00383,2026-09-17T09:22:00,CREDENTIAL_ACCESS,Suspicious Login,AST-0236,AST-0051,HIGH,OBSERVED,0.827
ATK-00383,2026-09-17T09:26:00,LATERAL_MOVEMENT,Internal Login Burst,AST-0236,AST-0051,HIGH,INFERRED,0.813
ATK-00383,2026-09-17T09:30:00,LATERAL_MOVEMENT,Predicted Next Stage,AST-0236,AST-0051,MEDIUM,PREDICTED,0.797
ATK-00384,2026-09-05T02:37:00,RECONNAISSANCE,Port Scan,AST-0263,AST-0147,HIGH,OBSERVED,0.771
ATK-00384,2026-09-05T02:41:00,CREDENTIAL_ACCESS,Suspicious Login,AST-0263,AST-0147,HIGH,OBSERVED,0.844
ATK-00384,2026-09-05T02:45:00,LATERAL_MOVEMENT,Internal Login Burst,AST-0263,AST-0147,HIGH,INFERRED,0.815
ATK-00384,2026-09-05T02:49:00,INITIAL_ACCESS,Predicted Next Stage,AST-0263,AST-0147,MEDIUM,PREDICTED,0.812
ATK-00385,2026-09-27T12:34:00,RECONNAISSANCE,Port Scan,AST-0168,AST-0023,HIGH,OBSERVED,0.766
ATK-00385,2026-09-27T12:38:00,CREDENTIAL_ACCESS,Suspicious Login,AST-0168,AST-0023,HIGH,OBSERVED,0.834
ATK-00385,2026-09-27T12:42:00,LATERAL_MOVEMENT,Internal Login Burst,AST-0168,AST-0023,HIGH,INFERRED,0.758
ATK-00385,2026-09-27T12:46:00,CREDENTIAL_ACCESS,Predicted Next Stage,AST-0168,AST-0023,MEDIUM,PREDICTED,0.831
ATK-00386,2026-09-27T06:26:00,RECONNAISSANCE,Port Scan,AST-0040,AST-0456,HIGH,OBSERVED,0.656
ATK-00386,2026-09-27T06:30:00,CREDENTIAL_ACCESS,Suspicious Login,AST-0040,AST-0456,HIGH,OBSERVED,0.721
ATK-00386,2026-09-27T06:34:00,LATERAL_MOVEMENT,Internal Login Burst,AST-0040,AST-0456,HIGH,INFERRED,0.687
ATK-00386,2026-09-27T06:38:00,EXFILTRATION,Predicted Next Stage,AST-0040,AST-0456,MEDIUM,PREDICTED,0.686
ATK-00387,2026-09-13T22:17:00,RECONNAISSANCE,Port Scan,AST-0241,AST-0242,HIGH,OBSERVED,0.644
ATK-00387,2026-09-13T22:21:00,CREDENTIAL_ACCESS,Suspicious Login,AST-0241,AST-0242,HIGH,OBSERVED,0.721
ATK-00387,2026-09-13T22:25:00,LATERAL_MOVEMENT,Internal Login Burst,AST-0241,AST-0242,HIGH,INFERRED,0.669
ATK-00387,2026-09-13T22:29:00,PERSISTENCE,Predicted Next Stage,AST-0241,AST-0242,MEDIUM,PREDICTED,0.729
ATK-00388,2026-09-02T07:27:00,RECONNAISSANCE,Port Scan,AST-0188,AST-0114,HIGH,OBSERVED,0.753
ATK-00388,2026-09-02T07:31:00,CREDENTIAL_ACCESS,Suspicious Login,AST-0188,AST-0114,HIGH,OBSERVED,0.76
ATK-00388,2026-09-02T07:35:00,LATERAL_MOVEMENT,Internal Login Burst,AST-0188,AST-0114,HIGH,INFERRED,0.746
ATK-00388,2026-09-02T07:39:00,IMPACT,Predicted Next Stage,AST-0188,AST-0114,MEDIUM,PREDICTED,0.756
ATK-00389,2026-09-13T11:11:00,RECONNAISSANCE,Port Scan,AST-0442,AST-0500,HIGH,OBSERVED,0.82
ATK-00389,2026-09-13T11:15:00,CREDENTIAL_ACCESS,Suspicious Login,AST-0442,AST-0500,HIGH,OBSERVED,0.801
ATK-00389,2026-09-13T11:19:00,LATERAL_MOVEMENT,Internal Login Burst,AST-0442,AST-0500,HIGH,INFERRED,0.778
ATK-00389,2026-09-13T11:23:00,CREDENTIAL_ACCESS,Predicted Next Stage,AST-0442,AST-0500,MEDIUM,PREDICTED,0.849
ATK-00390,2026-09-24T10:56:00,RECONNAISSANCE,Port Scan,AST-0100,AST-0259,HIGH,OBSERVED,0.704
ATK-00390,2026-09-24T11:00:00,CREDENTIAL_ACCESS,Suspicious Login,AST-0100,AST-0259,HIGH,OBSERVED,0.72
ATK-00390,2026-09-24T11:04:00,LATERAL_MOVEMENT,Internal Login Burst,AST-0100,AST-0259,HIGH,INFERRED,0.692
ATK-00390,2026-09-24T11:08:00,INITIAL_ACCESS,Predicted Next Stage,AST-0100,AST-0259,MEDIUM,PREDICTED,0.723
ATK-00391,2026-09-11T07:50:00,RECONNAISSANCE,Port Scan,AST-0422,AST-0316,HIGH,OBSERVED,0.72
ATK-00391,2026-09-11T07:54:00,CREDENTIAL_ACCESS,Suspicious Login,AST-0422,AST-0316,HIGH,OBSERVED,0.724
ATK-00391,2026-09-11T07:58:00,LATERAL_MOVEMENT,Internal Login Burst,AST-0422,AST-0316,HIGH,INFERRED,0.743
ATK-00391,2026-09-11T08:02:00,INITIAL_ACCESS,Predicted Next Stage,AST-0422,AST-0316,MEDIUM,PREDICTED,0.769
ATK-00392,2026-09-15T22:22:00,RECONNAISSANCE,Port Scan,AST-0173,AST-0355,HIGH,OBSERVED,0.746
ATK-00392,2026-09-15T22:26:00,CREDENTIAL_ACCESS,Suspicious Login,AST-0173,AST-0355,HIGH,OBSERVED,0.721
ATK-00392,2026-09-15T22:30:00,LATERAL_MOVEMENT,Internal Login Burst,AST-0173,AST-0355,HIGH,INFERRED,0.757
ATK-00392,2026-09-15T22:34:00,INITIAL_ACCESS,Predicted Next Stage,AST-0173,AST-0355,MEDIUM,PREDICTED,0.702
ATK-00393,2026-09-02T01:03:00,RECONNAISSANCE,Port Scan,AST-0324,AST-0222,HIGH,OBSERVED,0.746
ATK-00393,2026-09-02T01:07:00,CREDENTIAL_ACCESS,Suspicious Login,AST-0324,AST-0222,HIGH,OBSERVED,0.734
ATK-00393,2026-09-02T01:11:00,LATERAL_MOVEMENT,Internal Login Burst,AST-0324,AST-0222,HIGH,INFERRED,0.758
ATK-00393,2026-09-02T01:15:00,LATERAL_MOVEMENT,Predicted Next Stage,AST-0324,AST-0222,MEDIUM,PREDICTED,0.722
ATK-00394,2026-09-23T09:40:00,RECONNAISSANCE,Port Scan,AST-0155,AST-0413,HIGH,OBSERVED,0.754
ATK-00394,2026-09-23T09:44:00,CREDENTIAL_ACCESS,Suspicious Login,AST-0155,AST-0413,HIGH,OBSERVED,0.814
ATK-00394,2026-09-23T09:48:00,LATERAL_MOVEMENT,Internal Login Burst,AST-0155,AST-0413,HIGH,INFERRED,0.818
ATK-00394,2026-09-23T09:52:00,LATERAL_MOVEMENT,Predicted Next Stage,AST-0155,AST-0413,MEDIUM,PREDICTED,0.779
ATK-00395,2026-09-03T05:37:00,RECONNAISSANCE,Port Scan,AST-0225,AST-0193,HIGH,OBSERVED,0.831
ATK-00395,2026-09-03T05:41:00,CREDENTIAL_ACCESS,Suspicious Login,AST-0225,AST-0193,HIGH,OBSERVED,0.822
ATK-00395,2026-09-03T05:45:00,LATERAL_MOVEMENT,Internal Login Burst,AST-0225,AST-0193,HIGH,INFERRED,0.813
ATK-00395,2026-09-03T05:49:00,LATERAL_MOVEMENT,Predicted Next Stage,AST-0225,AST-0193,MEDIUM,PREDICTED,0.89
ATK-00396,2026-09-22T19:32:00,RECONNAISSANCE,Port Scan,AST-0303,AST-0261,HIGH,OBSERVED,0.921
ATK-00396,2026-09-22T19:36:00,CREDENTIAL_ACCESS,Suspicious Login,AST-0303,AST-0261,HIGH,OBSERVED,0.839
ATK-00396,2026-09-22T19:40:00,LATERAL_MOVEMENT,Internal Login Burst,AST-0303,AST-0261,HIGH,INFERRED,0.819
ATK-00396,2026-09-22T19:44:00,LATERAL_MOVEMENT,Predicted Next Stage,AST-0303,AST-0261,MEDIUM,PREDICTED,0.889
ATK-00397,2026-09-21T00:22:00,RECONNAISSANCE,Port Scan,AST-0102,AST-0283,HIGH,OBSERVED,0.685
ATK-00397,2026-09-21T00:26:00,CREDENTIAL_ACCESS,Suspicious Login,AST-0102,AST-0283,HIGH,OBSERVED,0.732
ATK-00397,2026-09-21T00:30:00,LATERAL_MOVEMENT,Internal Login Burst,AST-0102,AST-0283,HIGH,INFERRED,0.709
ATK-00397,2026-09-21T00:34:00,INITIAL_ACCESS,Predicted Next Stage,AST-0102,AST-0283,MEDIUM,PREDICTED,0.734
ATK-00398,2026-09-15T13:12:00,RECONNAISSANCE,Port Scan,AST-0226,AST-0387,HIGH,OBSERVED,0.839
ATK-00398,2026-09-15T13:16:00,CREDENTIAL_ACCESS,Suspicious Login,AST-0226,AST-0387,HIGH,OBSERVED,0.877
ATK-00398,2026-09-15T13:20:00,LATERAL_MOVEMENT,Internal Login Burst,AST-0226,AST-0387,HIGH,INFERRED,0.831
ATK-00398,2026-09-15T13:24:00,LATERAL_MOVEMENT,Predicted Next Stage,AST-0226,AST-0387,MEDIUM,PREDICTED,0.938
ATK-00399,2026-09-27T18:35:00,RECONNAISSANCE,Port Scan,AST-0382,AST-0374,HIGH,OBSERVED,0.869
ATK-00399,2026-09-27T18:39:00,CREDENTIAL_ACCESS,Suspicious Login,AST-0382,AST-0374,HIGH,OBSERVED,0.859
ATK-00399,2026-09-27T18:43:00,LATERAL_MOVEMENT,Internal Login Burst,AST-0382,AST-0374,HIGH,INFERRED,0.867
ATK-00399,2026-09-27T18:47:00,EXFILTRATION,Predicted Next Stage,AST-0382,AST-0374,MEDIUM,PREDICTED,0.903
ATK-00400,2026-09-19T09:29:00,RECONNAISSANCE,Port Scan,AST-0127,AST-0465,HIGH,OBSERVED,0.758
ATK-00400,2026-09-19T09:33:00,CREDENTIAL_ACCESS,Suspicious Login,AST-0127,AST-0465,HIGH,OBSERVED,0.798
ATK-00400,2026-09-19T09:37:00,LATERAL_MOVEMENT,Internal Login Burst,AST-0127,AST-0465,HIGH,INFERRED,0.755
ATK-00400,2026-09-19T09:41:00,INITIAL_ACCESS,Predicted Next Stage,AST-0127,AST-0465,MEDIUM,PREDICTED,0.858
ATK-00401,2026-09-13T12:55:00,RECONNAISSANCE,Port Scan,AST-0100,AST-0098,HIGH,OBSERVED,0.738
ATK-00401,2026-09-13T12:59:00,CREDENTIAL_ACCESS,Suspicious Login,AST-0100,AST-0098,HIGH,OBSERVED,0.715
ATK-00401,2026-09-13T13:03:00,LATERAL_MOVEMENT,Internal Login Burst,AST-0100,AST-0098,HIGH,INFERRED,0.742
ATK-00401,2026-09-13T13:07:00,EXFILTRATION,Predicted Next Stage,AST-0100,AST-0098,MEDIUM,PREDICTED,0.743
ATK-00402,2026-09-09T08:18:00,RECONNAISSANCE,Port Scan,AST-0397,AST-0422,HIGH,OBSERVED,0.87
ATK-00402,2026-09-09T08:22:00,CREDENTIAL_ACCESS,Suspicious Login,AST-0397,AST-0422,HIGH,OBSERVED,0.843
ATK-00402,2026-09-09T08:26:00,LATERAL_MOVEMENT,Internal Login Burst,AST-0397,AST-0422,HIGH,INFERRED,0.787
ATK-00402,2026-09-09T08:30:00,CREDENTIAL_ACCESS,Predicted Next Stage,AST-0397,AST-0422,MEDIUM,PREDICTED,0.835
ATK-00403,2026-09-22T09:25:00,RECONNAISSANCE,Port Scan,AST-0130,AST-0007,HIGH,OBSERVED,0.917
ATK-00403,2026-09-22T09:29:00,CREDENTIAL_ACCESS,Suspicious Login,AST-0130,AST-0007,HIGH,OBSERVED,0.913
ATK-00403,2026-09-22T09:33:00,LATERAL_MOVEMENT,Internal Login Burst,AST-0130,AST-0007,HIGH,INFERRED,0.887
ATK-00403,2026-09-22T09:37:00,LATERAL_MOVEMENT,Predicted Next Stage,AST-0130,AST-0007,MEDIUM,PREDICTED,0.868
ATK-00404,2026-09-25T01:54:00,RECONNAISSANCE,Port Scan,AST-0419,AST-0249,HIGH,OBSERVED,0.807
ATK-00404,2026-09-25T01:58:00,CREDENTIAL_ACCESS,Suspicious Login,AST-0419,AST-0249,HIGH,OBSERVED,0.796
ATK-00404,2026-09-25T02:02:00,LATERAL_MOVEMENT,Internal Login Burst,AST-0419,AST-0249,HIGH,INFERRED,0.782
ATK-00404,2026-09-25T02:06:00,PERSISTENCE,Predicted Next Stage,AST-0419,AST-0249,MEDIUM,PREDICTED,0.829
ATK-00405,2026-09-06T04:02:00,RECONNAISSANCE,Port Scan,AST-0466,AST-0148,HIGH,OBSERVED,0.788
ATK-00405,2026-09-06T04:06:00,CREDENTIAL_ACCESS,Suspicious Login,AST-0466,AST-0148,HIGH,OBSERVED,0.81
ATK-00405,2026-09-06T04:10:00,LATERAL_MOVEMENT,Internal Login Burst,AST-0466,AST-0148,HIGH,INFERRED,0.801
ATK-00405,2026-09-06T04:14:00,IMPACT,Predicted Next Stage,AST-0466,AST-0148,MEDIUM,PREDICTED,0.825
ATK-00406,2026-09-17T19:10:00,RECONNAISSANCE,Port Scan,AST-0494,AST-0470,HIGH,OBSERVED,0.896
ATK-00406,2026-09-17T19:14:00,CREDENTIAL_ACCESS,Suspicious Login,AST-0494,AST-0470,HIGH,OBSERVED,0.947
ATK-00406,2026-09-17T19:18:00,LATERAL_MOVEMENT,Internal Login Burst,AST-0494,AST-0470,HIGH,INFERRED,0.881
ATK-00406,2026-09-17T19:22:00,EXFILTRATION,Predicted Next Stage,AST-0494,AST-0470,MEDIUM,PREDICTED,0.892
ATK-00407,2026-09-20T01:55:00,RECONNAISSANCE,Port Scan,AST-0447,AST-0143,HIGH,OBSERVED,0.776
ATK-00407,2026-09-20T01:59:00,CREDENTIAL_ACCESS,Suspicious Login,AST-0447,AST-0143,HIGH,OBSERVED,0.779
ATK-00407,2026-09-20T02:03:00,LATERAL_MOVEMENT,Internal Login Burst,AST-0447,AST-0143,HIGH,INFERRED,0.767
ATK-00407,2026-09-20T02:07:00,LATERAL_MOVEMENT,Predicted Next Stage,AST-0447,AST-0143,MEDIUM,PREDICTED,0.796
ATK-00408,2026-09-15T21:04:00,RECONNAISSANCE,Port Scan,AST-0259,AST-0258,HIGH,OBSERVED,0.867
ATK-00408,2026-09-15T21:08:00,CREDENTIAL_ACCESS,Suspicious Login,AST-0259,AST-0258,HIGH,OBSERVED,0.845
ATK-00408,2026-09-15T21:12:00,LATERAL_MOVEMENT,Internal Login Burst,AST-0259,AST-0258,HIGH,INFERRED,0.889
ATK-00408,2026-09-15T21:16:00,LATERAL_MOVEMENT,Predicted Next Stage,AST-0259,AST-0258,MEDIUM,PREDICTED,0.846
ATK-00409,2026-09-12T11:49:00,RECONNAISSANCE,Port Scan,AST-0184,AST-0104,HIGH,OBSERVED,0.758
ATK-00409,2026-09-12T11:53:00,CREDENTIAL_ACCESS,Suspicious Login,AST-0184,AST-0104,HIGH,OBSERVED,0.742
ATK-00409,2026-09-12T11:57:00,LATERAL_MOVEMENT,Internal Login Burst,AST-0184,AST-0104,HIGH,INFERRED,0.752
ATK-00409,2026-09-12T12:01:00,INITIAL_ACCESS,Predicted Next Stage,AST-0184,AST-0104,MEDIUM,PREDICTED,0.75
ATK-00410,2026-09-12T04:02:00,RECONNAISSANCE,Port Scan,AST-0042,AST-0390,HIGH,OBSERVED,0.735
ATK-00410,2026-09-12T04:06:00,CREDENTIAL_ACCESS,Suspicious Login,AST-0042,AST-0390,HIGH,OBSERVED,0.788
ATK-00410,2026-09-12T04:10:00,LATERAL_MOVEMENT,Internal Login Burst,AST-0042,AST-0390,HIGH,INFERRED,0.772
ATK-00410,2026-09-12T04:14:00,CREDENTIAL_ACCESS,Predicted Next Stage,AST-0042,AST-0390,MEDIUM,PREDICTED,0.778
ATK-00411,2026-09-11T10:11:00,RECONNAISSANCE,Port Scan,AST-0193,AST-0203,HIGH,OBSERVED,0.73
ATK-00411,2026-09-11T10:15:00,CREDENTIAL_ACCESS,Suspicious Login,AST-0193,AST-0203,HIGH,OBSERVED,0.693
ATK-00411,2026-09-11T10:19:00,LATERAL_MOVEMENT,Internal Login Burst,AST-0193,AST-0203,HIGH,INFERRED,0.753
ATK-00411,2026-09-11T10:23:00,LATERAL_MOVEMENT,Predicted Next Stage,AST-0193,AST-0203,MEDIUM,PREDICTED,0.689
ATK-00412,2026-09-20T07:01:00,RECONNAISSANCE,Port Scan,AST-0231,AST-0003,HIGH,OBSERVED,0.762
ATK-00412,2026-09-20T07:05:00,CREDENTIAL_ACCESS,Suspicious Login,AST-0231,AST-0003,HIGH,OBSERVED,0.712
ATK-00412,2026-09-20T07:09:00,LATERAL_MOVEMENT,Internal Login Burst,AST-0231,AST-0003,HIGH,INFERRED,0.713
ATK-00412,2026-09-20T07:13:00,IMPACT,Predicted Next Stage,AST-0231,AST-0003,MEDIUM,PREDICTED,0.693
ATK-00413,2026-09-15T02:24:00,RECONNAISSANCE,Port Scan,AST-0252,AST-0433,HIGH,OBSERVED,0.806
ATK-00413,2026-09-15T02:28:00,CREDENTIAL_ACCESS,Suspicious Login,AST-0252,AST-0433,HIGH,OBSERVED,0.851
ATK-00413,2026-09-15T02:32:00,LATERAL_MOVEMENT,Internal Login Burst,AST-0252,AST-0433,HIGH,INFERRED,0.765
ATK-00413,2026-09-15T02:36:00,LATERAL_MOVEMENT,Predicted Next Stage,AST-0252,AST-0433,MEDIUM,PREDICTED,0.826
ATK-00414,2026-09-22T12:06:00,RECONNAISSANCE,Port Scan,AST-0092,AST-0099,HIGH,OBSERVED,0.911
ATK-00414,2026-09-22T12:10:00,CREDENTIAL_ACCESS,Suspicious Login,AST-0092,AST-0099,HIGH,OBSERVED,0.891
ATK-00414,2026-09-22T12:14:00,LATERAL_MOVEMENT,Internal Login Burst,AST-0092,AST-0099,HIGH,INFERRED,0.876
ATK-00414,2026-09-22T12:18:00,CREDENTIAL_ACCESS,Predicted Next Stage,AST-0092,AST-0099,MEDIUM,PREDICTED,0.914
ATK-00415,2026-09-26T21:29:00,RECONNAISSANCE,Port Scan,AST-0477,AST-0421,HIGH,OBSERVED,0.772
ATK-00415,2026-09-26T21:33:00,CREDENTIAL_ACCESS,Suspicious Login,AST-0477,AST-0421,HIGH,OBSERVED,0.787
ATK-00415,2026-09-26T21:37:00,LATERAL_MOVEMENT,Internal Login Burst,AST-0477,AST-0421,HIGH,INFERRED,0.806
ATK-00415,2026-09-26T21:41:00,EXFILTRATION,Predicted Next Stage,AST-0477,AST-0421,MEDIUM,PREDICTED,0.785
ATK-00416,2026-09-25T01:09:00,RECONNAISSANCE,Port Scan,AST-0363,AST-0411,HIGH,OBSERVED,0.825
ATK-00416,2026-09-25T01:13:00,CREDENTIAL_ACCESS,Suspicious Login,AST-0363,AST-0411,HIGH,OBSERVED,0.813
ATK-00416,2026-09-25T01:17:00,LATERAL_MOVEMENT,Internal Login Burst,AST-0363,AST-0411,HIGH,INFERRED,0.896
ATK-00416,2026-09-25T01:21:00,PERSISTENCE,Predicted Next Stage,AST-0363,AST-0411,MEDIUM,PREDICTED,0.857
ATK-00417,2026-09-09T14:54:00,RECONNAISSANCE,Port Scan,AST-0311,AST-0102,HIGH,OBSERVED,0.736
ATK-00417,2026-09-09T14:58:00,CREDENTIAL_ACCESS,Suspicious Login,AST-0311,AST-0102,HIGH,OBSERVED,0.706
ATK-00417,2026-09-09T15:02:00,LATERAL_MOVEMENT,Internal Login Burst,AST-0311,AST-0102,HIGH,INFERRED,0.748
ATK-00417,2026-09-09T15:06:00,IMPACT,Predicted Next Stage,AST-0311,AST-0102,MEDIUM,PREDICTED,0.705
ATK-00418,2026-09-07T15:27:00,RECONNAISSANCE,Port Scan,AST-0234,AST-0336,HIGH,OBSERVED,0.704
ATK-00418,2026-09-07T15:31:00,CREDENTIAL_ACCESS,Suspicious Login,AST-0234,AST-0336,HIGH,OBSERVED,0.739
ATK-00418,2026-09-07T15:35:00,LATERAL_MOVEMENT,Internal Login Burst,AST-0234,AST-0336,HIGH,INFERRED,0.685
ATK-00418,2026-09-07T15:39:00,CREDENTIAL_ACCESS,Predicted Next Stage,AST-0234,AST-0336,MEDIUM,PREDICTED,0.718
ATK-00419,2026-09-12T08:19:00,RECONNAISSANCE,Port Scan,AST-0210,AST-0378,HIGH,OBSERVED,0.712
ATK-00419,2026-09-12T08:23:00,CREDENTIAL_ACCESS,Suspicious Login,AST-0210,AST-0378,HIGH,OBSERVED,0.72
ATK-00419,2026-09-12T08:27:00,LATERAL_MOVEMENT,Internal Login Burst,AST-0210,AST-0378,HIGH,INFERRED,0.733
ATK-00419,2026-09-12T08:31:00,IMPACT,Predicted Next Stage,AST-0210,AST-0378,MEDIUM,PREDICTED,0.711
ATK-00420,2026-09-25T15:40:00,RECONNAISSANCE,Port Scan,AST-0042,AST-0400,HIGH,OBSERVED,0.795
ATK-00420,2026-09-25T15:44:00,CREDENTIAL_ACCESS,Suspicious Login,AST-0042,AST-0400,HIGH,OBSERVED,0.834
ATK-00420,2026-09-25T15:48:00,LATERAL_MOVEMENT,Internal Login Burst,AST-0042,AST-0400,HIGH,INFERRED,0.838
ATK-00420,2026-09-25T15:52:00,EXFILTRATION,Predicted Next Stage,AST-0042,AST-0400,MEDIUM,PREDICTED,0.807
ATK-00421,2026-09-04T22:05:00,RECONNAISSANCE,Port Scan,AST-0054,AST-0058,HIGH,OBSERVED,0.855
ATK-00421,2026-09-04T22:09:00,CREDENTIAL_ACCESS,Suspicious Login,AST-0054,AST-0058,HIGH,OBSERVED,0.829
ATK-00421,2026-09-04T22:13:00,LATERAL_MOVEMENT,Internal Login Burst,AST-0054,AST-0058,HIGH,INFERRED,0.856
ATK-00421,2026-09-04T22:17:00,LATERAL_MOVEMENT,Predicted Next Stage,AST-0054,AST-0058,MEDIUM,PREDICTED,0.824
ATK-00422,2026-09-11T00:23:00,RECONNAISSANCE,Port Scan,AST-0462,AST-0315,HIGH,OBSERVED,0.929
ATK-00422,2026-09-11T00:27:00,CREDENTIAL_ACCESS,Suspicious Login,AST-0462,AST-0315,HIGH,OBSERVED,0.852
ATK-00422,2026-09-11T00:31:00,LATERAL_MOVEMENT,Internal Login Burst,AST-0462,AST-0315,HIGH,INFERRED,0.881
ATK-00422,2026-09-11T00:35:00,LATERAL_MOVEMENT,Predicted Next Stage,AST-0462,AST-0315,MEDIUM,PREDICTED,0.913
ATK-00423,2026-09-19T18:11:00,RECONNAISSANCE,Port Scan,AST-0491,AST-0297,HIGH,OBSERVED,0.797
ATK-00423,2026-09-19T18:15:00,CREDENTIAL_ACCESS,Suspicious Login,AST-0491,AST-0297,HIGH,OBSERVED,0.834
ATK-00423,2026-09-19T18:19:00,LATERAL_MOVEMENT,Internal Login Burst,AST-0491,AST-0297,HIGH,INFERRED,0.864
ATK-00423,2026-09-19T18:23:00,LATERAL_MOVEMENT,Predicted Next Stage,AST-0491,AST-0297,MEDIUM,PREDICTED,0.788
ATK-00424,2026-09-09T16:00:00,RECONNAISSANCE,Port Scan,AST-0213,AST-0249,HIGH,OBSERVED,0.749
ATK-00424,2026-09-09T16:04:00,CREDENTIAL_ACCESS,Suspicious Login,AST-0213,AST-0249,HIGH,OBSERVED,0.754
ATK-00424,2026-09-09T16:08:00,LATERAL_MOVEMENT,Internal Login Burst,AST-0213,AST-0249,HIGH,INFERRED,0.766
ATK-00424,2026-09-09T16:12:00,EXFILTRATION,Predicted Next Stage,AST-0213,AST-0249,MEDIUM,PREDICTED,0.712
ATK-00425,2026-09-09T23:37:00,RECONNAISSANCE,Port Scan,AST-0247,AST-0171,HIGH,OBSERVED,0.805
ATK-00425,2026-09-09T23:41:00,CREDENTIAL_ACCESS,Suspicious Login,AST-0247,AST-0171,HIGH,OBSERVED,0.744
ATK-00425,2026-09-09T23:45:00,LATERAL_MOVEMENT,Internal Login Burst,AST-0247,AST-0171,HIGH,INFERRED,0.77
ATK-00425,2026-09-09T23:49:00,IMPACT,Predicted Next Stage,AST-0247,AST-0171,MEDIUM,PREDICTED,0.8
ATK-00426,2026-09-24T03:01:00,RECONNAISSANCE,Port Scan,AST-0201,AST-0308,HIGH,OBSERVED,0.869
ATK-00426,2026-09-24T03:05:00,CREDENTIAL_ACCESS,Suspicious Login,AST-0201,AST-0308,HIGH,OBSERVED,0.891
ATK-00426,2026-09-24T03:09:00,LATERAL_MOVEMENT,Internal Login Burst,AST-0201,AST-0308,HIGH,INFERRED,0.887
ATK-00426,2026-09-24T03:13:00,EXFILTRATION,Predicted Next Stage,AST-0201,AST-0308,MEDIUM,PREDICTED,0.897
ATK-00427,2026-09-19T01:05:00,RECONNAISSANCE,Port Scan,AST-0046,AST-0241,HIGH,OBSERVED,0.82
ATK-00427,2026-09-19T01:09:00,CREDENTIAL_ACCESS,Suspicious Login,AST-0046,AST-0241,HIGH,OBSERVED,0.794
ATK-00427,2026-09-19T01:13:00,LATERAL_MOVEMENT,Internal Login Burst,AST-0046,AST-0241,HIGH,INFERRED,0.831
ATK-00427,2026-09-19T01:17:00,IMPACT,Predicted Next Stage,AST-0046,AST-0241,MEDIUM,PREDICTED,0.801
ATK-00428,2026-09-17T08:44:00,RECONNAISSANCE,Port Scan,AST-0003,AST-0298,HIGH,OBSERVED,0.714
ATK-00428,2026-09-17T08:48:00,CREDENTIAL_ACCESS,Suspicious Login,AST-0003,AST-0298,HIGH,OBSERVED,0.747
ATK-00428,2026-09-17T08:52:00,LATERAL_MOVEMENT,Internal Login Burst,AST-0003,AST-0298,HIGH,INFERRED,0.776
ATK-00428,2026-09-17T08:56:00,EXFILTRATION,Predicted Next Stage,AST-0003,AST-0298,MEDIUM,PREDICTED,0.722
ATK-00429,2026-09-21T18:03:00,RECONNAISSANCE,Port Scan,AST-0144,AST-0210,HIGH,OBSERVED,0.807
ATK-00429,2026-09-21T18:07:00,CREDENTIAL_ACCESS,Suspicious Login,AST-0144,AST-0210,HIGH,OBSERVED,0.809
ATK-00429,2026-09-21T18:11:00,LATERAL_MOVEMENT,Internal Login Burst,AST-0144,AST-0210,HIGH,INFERRED,0.774
ATK-00429,2026-09-21T18:15:00,LATERAL_MOVEMENT,Predicted Next Stage,AST-0144,AST-0210,MEDIUM,PREDICTED,0.845
ATK-00430,2026-09-12T15:28:00,RECONNAISSANCE,Port Scan,AST-0470,AST-0407,HIGH,OBSERVED,0.845
ATK-00430,2026-09-12T15:32:00,CREDENTIAL_ACCESS,Suspicious Login,AST-0470,AST-0407,HIGH,OBSERVED,0.828
ATK-00430,2026-09-12T15:36:00,LATERAL_MOVEMENT,Internal Login Burst,AST-0470,AST-0407,HIGH,INFERRED,0.871
ATK-00430,2026-09-12T15:40:00,INITIAL_ACCESS,Predicted Next Stage,AST-0470,AST-0407,MEDIUM,PREDICTED,0.852
ATK-00431,2026-09-10T13:27:00,RECONNAISSANCE,Port Scan,AST-0063,AST-0337,HIGH,OBSERVED,0.732
ATK-00431,2026-09-10T13:31:00,CREDENTIAL_ACCESS,Suspicious Login,AST-0063,AST-0337,HIGH,OBSERVED,0.798
ATK-00431,2026-09-10T13:35:00,LATERAL_MOVEMENT,Internal Login Burst,AST-0063,AST-0337,HIGH,INFERRED,0.749
ATK-00431,2026-09-10T13:39:00,LATERAL_MOVEMENT,Predicted Next Stage,AST-0063,AST-0337,MEDIUM,PREDICTED,0.752
ATK-00432,2026-09-12T03:37:00,RECONNAISSANCE,Port Scan,AST-0233,AST-0211,HIGH,OBSERVED,0.766
ATK-00432,2026-09-12T03:41:00,CREDENTIAL_ACCESS,Suspicious Login,AST-0233,AST-0211,HIGH,OBSERVED,0.817
ATK-00432,2026-09-12T03:45:00,LATERAL_MOVEMENT,Internal Login Burst,AST-0233,AST-0211,HIGH,INFERRED,0.778
ATK-00432,2026-09-12T03:49:00,EXFILTRATION,Predicted Next Stage,AST-0233,AST-0211,MEDIUM,PREDICTED,0.795
ATK-00433,2026-09-04T17:50:00,RECONNAISSANCE,Port Scan,AST-0070,AST-0086,HIGH,OBSERVED,0.779
ATK-00433,2026-09-04T17:54:00,CREDENTIAL_ACCESS,Suspicious Login,AST-0070,AST-0086,HIGH,OBSERVED,0.762
ATK-00433,2026-09-04T17:58:00,LATERAL_MOVEMENT,Internal Login Burst,AST-0070,AST-0086,HIGH,INFERRED,0.739
ATK-00433,2026-09-04T18:02:00,PERSISTENCE,Predicted Next Stage,AST-0070,AST-0086,MEDIUM,PREDICTED,0.773
ATK-00434,2026-09-23T19:31:00,RECONNAISSANCE,Port Scan,AST-0096,AST-0132,HIGH,OBSERVED,0.717
ATK-00434,2026-09-23T19:35:00,CREDENTIAL_ACCESS,Suspicious Login,AST-0096,AST-0132,HIGH,OBSERVED,0.717
ATK-00434,2026-09-23T19:39:00,LATERAL_MOVEMENT,Internal Login Burst,AST-0096,AST-0132,HIGH,INFERRED,0.688
ATK-00434,2026-09-23T19:43:00,INITIAL_ACCESS,Predicted Next Stage,AST-0096,AST-0132,MEDIUM,PREDICTED,0.731
ATK-00435,2026-09-09T03:25:00,RECONNAISSANCE,Port Scan,AST-0327,AST-0373,HIGH,OBSERVED,0.909
ATK-00435,2026-09-09T03:29:00,CREDENTIAL_ACCESS,Suspicious Login,AST-0327,AST-0373,HIGH,OBSERVED,0.84
ATK-00435,2026-09-09T03:33:00,LATERAL_MOVEMENT,Internal Login Burst,AST-0327,AST-0373,HIGH,INFERRED,0.819
ATK-00435,2026-09-09T03:37:00,EXFILTRATION,Predicted Next Stage,AST-0327,AST-0373,MEDIUM,PREDICTED,0.834
ATK-00436,2026-09-05T04:08:00,RECONNAISSANCE,Port Scan,AST-0188,AST-0332,HIGH,OBSERVED,0.882
ATK-00436,2026-09-05T04:12:00,CREDENTIAL_ACCESS,Suspicious Login,AST-0188,AST-0332,HIGH,OBSERVED,0.778
ATK-00436,2026-09-05T04:16:00,LATERAL_MOVEMENT,Internal Login Burst,AST-0188,AST-0332,HIGH,INFERRED,0.79
ATK-00436,2026-09-05T04:20:00,INITIAL_ACCESS,Predicted Next Stage,AST-0188,AST-0332,MEDIUM,PREDICTED,0.871
ATK-00437,2026-09-02T10:25:00,RECONNAISSANCE,Port Scan,AST-0261,AST-0105,HIGH,OBSERVED,0.91
ATK-00437,2026-09-02T10:29:00,CREDENTIAL_ACCESS,Suspicious Login,AST-0261,AST-0105,HIGH,OBSERVED,0.838
ATK-00437,2026-09-02T10:33:00,LATERAL_MOVEMENT,Internal Login Burst,AST-0261,AST-0105,HIGH,INFERRED,0.92
ATK-00437,2026-09-02T10:37:00,LATERAL_MOVEMENT,Predicted Next Stage,AST-0261,AST-0105,MEDIUM,PREDICTED,0.921
ATK-00438,2026-09-23T08:31:00,RECONNAISSANCE,Port Scan,AST-0143,AST-0365,HIGH,OBSERVED,0.969
ATK-00438,2026-09-23T08:35:00,CREDENTIAL_ACCESS,Suspicious Login,AST-0143,AST-0365,HIGH,OBSERVED,0.906
ATK-00438,2026-09-23T08:39:00,LATERAL_MOVEMENT,Internal Login Burst,AST-0143,AST-0365,HIGH,INFERRED,0.888
ATK-00438,2026-09-23T08:43:00,LATERAL_MOVEMENT,Predicted Next Stage,AST-0143,AST-0365,MEDIUM,PREDICTED,0.944
ATK-00439,2026-09-27T21:19:00,RECONNAISSANCE,Port Scan,AST-0020,AST-0440,HIGH,OBSERVED,0.855
ATK-00439,2026-09-27T21:23:00,CREDENTIAL_ACCESS,Suspicious Login,AST-0020,AST-0440,HIGH,OBSERVED,0.835
ATK-00439,2026-09-27T21:27:00,LATERAL_MOVEMENT,Internal Login Burst,AST-0020,AST-0440,HIGH,INFERRED,0.843
ATK-00439,2026-09-27T21:31:00,EXFILTRATION,Predicted Next Stage,AST-0020,AST-0440,MEDIUM,PREDICTED,0.853
ATK-00440,2026-09-26T04:39:00,RECONNAISSANCE,Port Scan,AST-0239,AST-0410,HIGH,OBSERVED,0.771
ATK-00440,2026-09-26T04:43:00,CREDENTIAL_ACCESS,Suspicious Login,AST-0239,AST-0410,HIGH,OBSERVED,0.819
ATK-00440,2026-09-26T04:47:00,LATERAL_MOVEMENT,Internal Login Burst,AST-0239,AST-0410,HIGH,INFERRED,0.783
ATK-00440,2026-09-26T04:51:00,LATERAL_MOVEMENT,Predicted Next Stage,AST-0239,AST-0410,MEDIUM,PREDICTED,0.822
ATK-00441,2026-09-11T17:11:00,RECONNAISSANCE,Port Scan,AST-0013,AST-0242,HIGH,OBSERVED,0.787
ATK-00441,2026-09-11T17:15:00,CREDENTIAL_ACCESS,Suspicious Login,AST-0013,AST-0242,HIGH,OBSERVED,0.837
ATK-00441,2026-09-11T17:19:00,LATERAL_MOVEMENT,Internal Login Burst,AST-0013,AST-0242,HIGH,INFERRED,0.884
ATK-00441,2026-09-11T17:23:00,LATERAL_MOVEMENT,Predicted Next Stage,AST-0013,AST-0242,MEDIUM,PREDICTED,0.815
ATK-00442,2026-09-22T10:01:00,RECONNAISSANCE,Port Scan,AST-0092,AST-0253,HIGH,OBSERVED,0.906
ATK-00442,2026-09-22T10:05:00,CREDENTIAL_ACCESS,Suspicious Login,AST-0092,AST-0253,HIGH,OBSERVED,0.833
ATK-00442,2026-09-22T10:09:00,LATERAL_MOVEMENT,Internal Login Burst,AST-0092,AST-0253,HIGH,INFERRED,0.898
ATK-00442,2026-09-22T10:13:00,IMPACT,Predicted Next Stage,AST-0092,AST-0253,MEDIUM,PREDICTED,0.885
ATK-00443,2026-09-25T02:25:00,RECONNAISSANCE,Port Scan,AST-0418,AST-0055,HIGH,OBSERVED,0.791
ATK-00443,2026-09-25T02:29:00,CREDENTIAL_ACCESS,Suspicious Login,AST-0418,AST-0055,HIGH,OBSERVED,0.825
ATK-00443,2026-09-25T02:33:00,LATERAL_MOVEMENT,Internal Login Burst,AST-0418,AST-0055,HIGH,INFERRED,0.808
ATK-00443,2026-09-25T02:37:00,CREDENTIAL_ACCESS,Predicted Next Stage,AST-0418,AST-0055,MEDIUM,PREDICTED,0.825
ATK-00444,2026-09-06T20:57:00,RECONNAISSANCE,Port Scan,AST-0397,AST-0275,HIGH,OBSERVED,0.915
ATK-00444,2026-09-06T21:01:00,CREDENTIAL_ACCESS,Suspicious Login,AST-0397,AST-0275,HIGH,OBSERVED,0.868
ATK-00444,2026-09-06T21:05:00,LATERAL_MOVEMENT,Internal Login Burst,AST-0397,AST-0275,HIGH,INFERRED,0.966
ATK-00444,2026-09-06T21:09:00,LATERAL_MOVEMENT,Predicted Next Stage,AST-0397,AST-0275,MEDIUM,PREDICTED,0.944
ATK-00445,2026-09-05T11:43:00,RECONNAISSANCE,Port Scan,AST-0103,AST-0290,HIGH,OBSERVED,0.878
ATK-00445,2026-09-05T11:47:00,CREDENTIAL_ACCESS,Suspicious Login,AST-0103,AST-0290,HIGH,OBSERVED,0.863
ATK-00445,2026-09-05T11:51:00,LATERAL_MOVEMENT,Internal Login Burst,AST-0103,AST-0290,HIGH,INFERRED,0.884
ATK-00445,2026-09-05T11:55:00,LATERAL_MOVEMENT,Predicted Next Stage,AST-0103,AST-0290,MEDIUM,PREDICTED,0.922
ATK-00446,2026-09-26T18:32:00,RECONNAISSANCE,Port Scan,AST-0263,AST-0484,HIGH,OBSERVED,0.864
ATK-00446,2026-09-26T18:36:00,CREDENTIAL_ACCESS,Suspicious Login,AST-0263,AST-0484,HIGH,OBSERVED,0.857
ATK-00446,2026-09-26T18:40:00,LATERAL_MOVEMENT,Internal Login Burst,AST-0263,AST-0484,HIGH,INFERRED,0.87
ATK-00446,2026-09-26T18:44:00,LATERAL_MOVEMENT,Predicted Next Stage,AST-0263,AST-0484,MEDIUM,PREDICTED,0.899
ATK-00447,2026-09-22T14:31:00,RECONNAISSANCE,Port Scan,AST-0450,AST-0390,HIGH,OBSERVED,0.919
ATK-00447,2026-09-22T14:35:00,CREDENTIAL_ACCESS,Suspicious Login,AST-0450,AST-0390,HIGH,OBSERVED,0.931
ATK-00447,2026-09-22T14:39:00,LATERAL_MOVEMENT,Internal Login Burst,AST-0450,AST-0390,HIGH,INFERRED,0.87
ATK-00447,2026-09-22T14:43:00,LATERAL_MOVEMENT,Predicted Next Stage,AST-0450,AST-0390,MEDIUM,PREDICTED,0.988
ATK-00448,2026-09-06T18:10:00,RECONNAISSANCE,Port Scan,AST-0444,AST-0216,HIGH,OBSERVED,0.686
ATK-00448,2026-09-06T18:14:00,CREDENTIAL_ACCESS,Suspicious Login,AST-0444,AST-0216,HIGH,OBSERVED,0.639
ATK-00448,2026-09-06T18:18:00,LATERAL_MOVEMENT,Internal Login Burst,AST-0444,AST-0216,HIGH,INFERRED,0.593
ATK-00448,2026-09-06T18:22:00,EXFILTRATION,Predicted Next Stage,AST-0444,AST-0216,MEDIUM,PREDICTED,0.642
ATK-00449,2026-09-26T08:10:00,RECONNAISSANCE,Port Scan,AST-0413,AST-0231,HIGH,OBSERVED,0.874
ATK-00449,2026-09-26T08:14:00,CREDENTIAL_ACCESS,Suspicious Login,AST-0413,AST-0231,HIGH,OBSERVED,0.833
ATK-00449,2026-09-26T08:18:00,LATERAL_MOVEMENT,Internal Login Burst,AST-0413,AST-0231,HIGH,INFERRED,0.824
ATK-00449,2026-09-26T08:22:00,IMPACT,Predicted Next Stage,AST-0413,AST-0231,MEDIUM,PREDICTED,0.873
ATK-00450,2026-09-15T09:56:00,RECONNAISSANCE,Port Scan,AST-0386,AST-0002,HIGH,OBSERVED,0.662
ATK-00450,2026-09-15T10:00:00,CREDENTIAL_ACCESS,Suspicious Login,AST-0386,AST-0002,HIGH,OBSERVED,0.749
ATK-00450,2026-09-15T10:04:00,LATERAL_MOVEMENT,Internal Login Burst,AST-0386,AST-0002,HIGH,INFERRED,0.691
ATK-00450,2026-09-15T10:08:00,EXFILTRATION,Predicted Next Stage,AST-0386,AST-0002,MEDIUM,PREDICTED,0.687
ATK-00451,2026-09-22T01:46:00,RECONNAISSANCE,Port Scan,AST-0017,AST-0273,HIGH,OBSERVED,0.801
ATK-00451,2026-09-22T01:50:00,CREDENTIAL_ACCESS,Suspicious Login,AST-0017,AST-0273,HIGH,OBSERVED,0.768
ATK-00451,2026-09-22T01:54:00,LATERAL_MOVEMENT,Internal Login Burst,AST-0017,AST-0273,HIGH,INFERRED,0.822
ATK-00451,2026-09-22T01:58:00,LATERAL_MOVEMENT,Predicted Next Stage,AST-0017,AST-0273,MEDIUM,PREDICTED,0.773
ATK-00452,2026-09-15T17:42:00,RECONNAISSANCE,Port Scan,AST-0031,AST-0212,HIGH,OBSERVED,0.731
ATK-00452,2026-09-15T17:46:00,CREDENTIAL_ACCESS,Suspicious Login,AST-0031,AST-0212,HIGH,OBSERVED,0.798
ATK-00452,2026-09-15T17:50:00,LATERAL_MOVEMENT,Internal Login Burst,AST-0031,AST-0212,HIGH,INFERRED,0.792
ATK-00452,2026-09-15T17:54:00,IMPACT,Predicted Next Stage,AST-0031,AST-0212,MEDIUM,PREDICTED,0.852
ATK-00453,2026-09-11T01:05:00,RECONNAISSANCE,Port Scan,AST-0128,AST-0070,HIGH,OBSERVED,0.772
ATK-00453,2026-09-11T01:09:00,CREDENTIAL_ACCESS,Suspicious Login,AST-0128,AST-0070,HIGH,OBSERVED,0.811
ATK-00453,2026-09-11T01:13:00,LATERAL_MOVEMENT,Internal Login Burst,AST-0128,AST-0070,HIGH,INFERRED,0.786
ATK-00453,2026-09-11T01:17:00,PERSISTENCE,Predicted Next Stage,AST-0128,AST-0070,MEDIUM,PREDICTED,0.829
ATK-00454,2026-09-19T03:52:00,RECONNAISSANCE,Port Scan,AST-0091,AST-0174,HIGH,OBSERVED,0.856
ATK-00454,2026-09-19T03:56:00,CREDENTIAL_ACCESS,Suspicious Login,AST-0091,AST-0174,HIGH,OBSERVED,0.825
ATK-00454,2026-09-19T04:00:00,LATERAL_MOVEMENT,Internal Login Burst,AST-0091,AST-0174,HIGH,INFERRED,0.853
ATK-00454,2026-09-19T04:04:00,LATERAL_MOVEMENT,Predicted Next Stage,AST-0091,AST-0174,MEDIUM,PREDICTED,0.829
ATK-00455,2026-09-23T23:08:00,RECONNAISSANCE,Port Scan,AST-0112,AST-0259,HIGH,OBSERVED,0.894
ATK-00455,2026-09-23T23:12:00,CREDENTIAL_ACCESS,Suspicious Login,AST-0112,AST-0259,HIGH,OBSERVED,0.865
ATK-00455,2026-09-23T23:16:00,LATERAL_MOVEMENT,Internal Login Burst,AST-0112,AST-0259,HIGH,INFERRED,0.836
ATK-00455,2026-09-23T23:20:00,IMPACT,Predicted Next Stage,AST-0112,AST-0259,MEDIUM,PREDICTED,0.887
ATK-00456,2026-09-02T08:10:00,RECONNAISSANCE,Port Scan,AST-0224,AST-0021,HIGH,OBSERVED,0.79
ATK-00456,2026-09-02T08:14:00,CREDENTIAL_ACCESS,Suspicious Login,AST-0224,AST-0021,HIGH,OBSERVED,0.748
ATK-00456,2026-09-02T08:18:00,LATERAL_MOVEMENT,Internal Login Burst,AST-0224,AST-0021,HIGH,INFERRED,0.873
ATK-00456,2026-09-02T08:22:00,IMPACT,Predicted Next Stage,AST-0224,AST-0021,MEDIUM,PREDICTED,0.759
ATK-00457,2026-09-08T04:36:00,RECONNAISSANCE,Port Scan,AST-0193,AST-0261,HIGH,OBSERVED,0.79
ATK-00457,2026-09-08T04:40:00,CREDENTIAL_ACCESS,Suspicious Login,AST-0193,AST-0261,HIGH,OBSERVED,0.763
ATK-00457,2026-09-08T04:44:00,LATERAL_MOVEMENT,Internal Login Burst,AST-0193,AST-0261,HIGH,INFERRED,0.747
ATK-00457,2026-09-08T04:48:00,EXFILTRATION,Predicted Next Stage,AST-0193,AST-0261,MEDIUM,PREDICTED,0.757
ATK-00458,2026-09-13T07:22:00,RECONNAISSANCE,Port Scan,AST-0205,AST-0126,HIGH,OBSERVED,0.819
ATK-00458,2026-09-13T07:26:00,CREDENTIAL_ACCESS,Suspicious Login,AST-0205,AST-0126,HIGH,OBSERVED,0.849
ATK-00458,2026-09-13T07:30:00,LATERAL_MOVEMENT,Internal Login Burst,AST-0205,AST-0126,HIGH,INFERRED,0.8
ATK-00458,2026-09-13T07:34:00,IMPACT,Predicted Next Stage,AST-0205,AST-0126,MEDIUM,PREDICTED,0.915
ATK-00459,2026-09-19T12:29:00,RECONNAISSANCE,Port Scan,AST-0198,AST-0327,HIGH,OBSERVED,0.796
ATK-00459,2026-09-19T12:33:00,CREDENTIAL_ACCESS,Suspicious Login,AST-0198,AST-0327,HIGH,OBSERVED,0.878
ATK-00459,2026-09-19T12:37:00,LATERAL_MOVEMENT,Internal Login Burst,AST-0198,AST-0327,HIGH,INFERRED,0.818
ATK-00459,2026-09-19T12:41:00,IMPACT,Predicted Next Stage,AST-0198,AST-0327,MEDIUM,PREDICTED,0.803
ATK-00460,2026-09-23T06:00:00,RECONNAISSANCE,Port Scan,AST-0118,AST-0054,HIGH,OBSERVED,0.761
ATK-00460,2026-09-23T06:04:00,CREDENTIAL_ACCESS,Suspicious Login,AST-0118,AST-0054,HIGH,OBSERVED,0.74
ATK-00460,2026-09-23T06:08:00,LATERAL_MOVEMENT,Internal Login Burst,AST-0118,AST-0054,HIGH,INFERRED,0.791
ATK-00460,2026-09-23T06:12:00,LATERAL_MOVEMENT,Predicted Next Stage,AST-0118,AST-0054,MEDIUM,PREDICTED,0.767
ATK-00461,2026-09-20T21:48:00,RECONNAISSANCE,Port Scan,AST-0224,AST-0237,HIGH,OBSERVED,0.84
ATK-00461,2026-09-20T21:52:00,CREDENTIAL_ACCESS,Suspicious Login,AST-0224,AST-0237,HIGH,OBSERVED,0.849
ATK-00461,2026-09-20T21:56:00,LATERAL_MOVEMENT,Internal Login Burst,AST-0224,AST-0237,HIGH,INFERRED,0.828
ATK-00461,2026-09-20T22:00:00,LATERAL_MOVEMENT,Predicted Next Stage,AST-0224,AST-0237,MEDIUM,PREDICTED,0.806
ATK-00462,2026-09-23T12:00:00,RECONNAISSANCE,Port Scan,AST-0480,AST-0059,HIGH,OBSERVED,0.908
ATK-00462,2026-09-23T12:04:00,CREDENTIAL_ACCESS,Suspicious Login,AST-0480,AST-0059,HIGH,OBSERVED,0.874
ATK-00462,2026-09-23T12:08:00,LATERAL_MOVEMENT,Internal Login Burst,AST-0480,AST-0059,HIGH,INFERRED,0.891
ATK-00462,2026-09-23T12:12:00,PERSISTENCE,Predicted Next Stage,AST-0480,AST-0059,MEDIUM,PREDICTED,0.842
ATK-00463,2026-09-08T19:42:00,RECONNAISSANCE,Port Scan,AST-0457,AST-0422,HIGH,OBSERVED,0.781
ATK-00463,2026-09-08T19:46:00,CREDENTIAL_ACCESS,Suspicious Login,AST-0457,AST-0422,HIGH,OBSERVED,0.853
ATK-00463,2026-09-08T19:50:00,LATERAL_MOVEMENT,Internal Login Burst,AST-0457,AST-0422,HIGH,INFERRED,0.795
ATK-00463,2026-09-08T19:54:00,LATERAL_MOVEMENT,Predicted Next Stage,AST-0457,AST-0422,MEDIUM,PREDICTED,0.848
ATK-00464,2026-09-04T05:38:00,RECONNAISSANCE,Port Scan,AST-0235,AST-0020,HIGH,OBSERVED,0.862
ATK-00464,2026-09-04T05:42:00,CREDENTIAL_ACCESS,Suspicious Login,AST-0235,AST-0020,HIGH,OBSERVED,0.812
ATK-00464,2026-09-04T05:46:00,LATERAL_MOVEMENT,Internal Login Burst,AST-0235,AST-0020,HIGH,INFERRED,0.803
ATK-00464,2026-09-04T05:50:00,LATERAL_MOVEMENT,Predicted Next Stage,AST-0235,AST-0020,MEDIUM,PREDICTED,0.874
ATK-00465,2026-09-22T23:00:00,RECONNAISSANCE,Port Scan,AST-0076,AST-0348,HIGH,OBSERVED,0.881
ATK-00465,2026-09-22T23:04:00,CREDENTIAL_ACCESS,Suspicious Login,AST-0076,AST-0348,HIGH,OBSERVED,0.935
ATK-00465,2026-09-22T23:08:00,LATERAL_MOVEMENT,Internal Login Burst,AST-0076,AST-0348,HIGH,INFERRED,0.94
ATK-00465,2026-09-22T23:12:00,EXFILTRATION,Predicted Next Stage,AST-0076,AST-0348,MEDIUM,PREDICTED,0.91
ATK-00466,2026-09-13T19:42:00,RECONNAISSANCE,Port Scan,AST-0481,AST-0244,HIGH,OBSERVED,0.82
ATK-00466,2026-09-13T19:46:00,CREDENTIAL_ACCESS,Suspicious Login,AST-0481,AST-0244,HIGH,OBSERVED,0.836
ATK-00466,2026-09-13T19:50:00,LATERAL_MOVEMENT,Internal Login Burst,AST-0481,AST-0244,HIGH,INFERRED,0.892
ATK-00466,2026-09-13T19:54:00,INITIAL_ACCESS,Predicted Next Stage,AST-0481,AST-0244,MEDIUM,PREDICTED,0.845
ATK-00467,2026-09-15T22:33:00,RECONNAISSANCE,Port Scan,AST-0396,AST-0409,HIGH,OBSERVED,0.827
ATK-00467,2026-09-15T22:37:00,CREDENTIAL_ACCESS,Suspicious Login,AST-0396,AST-0409,HIGH,OBSERVED,0.804
ATK-00467,2026-09-15T22:41:00,LATERAL_MOVEMENT,Internal Login Burst,AST-0396,AST-0409,HIGH,INFERRED,0.851
ATK-00467,2026-09-15T22:45:00,CREDENTIAL_ACCESS,Predicted Next Stage,AST-0396,AST-0409,MEDIUM,PREDICTED,0.857
ATK-00468,2026-09-15T09:42:00,RECONNAISSANCE,Port Scan,AST-0255,AST-0041,HIGH,OBSERVED,0.87
ATK-00468,2026-09-15T09:46:00,CREDENTIAL_ACCESS,Suspicious Login,AST-0255,AST-0041,HIGH,OBSERVED,0.849
ATK-00468,2026-09-15T09:50:00,LATERAL_MOVEMENT,Internal Login Burst,AST-0255,AST-0041,HIGH,INFERRED,0.787
ATK-00468,2026-09-15T09:54:00,LATERAL_MOVEMENT,Predicted Next Stage,AST-0255,AST-0041,MEDIUM,PREDICTED,0.808
ATK-00469,2026-09-09T03:58:00,RECONNAISSANCE,Port Scan,AST-0231,AST-0142,HIGH,OBSERVED,0.728
ATK-00469,2026-09-09T04:02:00,CREDENTIAL_ACCESS,Suspicious Login,AST-0231,AST-0142,HIGH,OBSERVED,0.716
ATK-00469,2026-09-09T04:06:00,LATERAL_MOVEMENT,Internal Login Burst,AST-0231,AST-0142,HIGH,INFERRED,0.793
ATK-00469,2026-09-09T04:10:00,INITIAL_ACCESS,Predicted Next Stage,AST-0231,AST-0142,MEDIUM,PREDICTED,0.709
ATK-00470,2026-09-09T21:35:00,RECONNAISSANCE,Port Scan,AST-0321,AST-0123,HIGH,OBSERVED,0.947
ATK-00470,2026-09-09T21:39:00,CREDENTIAL_ACCESS,Suspicious Login,AST-0321,AST-0123,HIGH,OBSERVED,0.9
ATK-00470,2026-09-09T21:43:00,LATERAL_MOVEMENT,Internal Login Burst,AST-0321,AST-0123,HIGH,INFERRED,0.932
ATK-00470,2026-09-09T21:47:00,LATERAL_MOVEMENT,Predicted Next Stage,AST-0321,AST-0123,MEDIUM,PREDICTED,0.885
ATK-00471,2026-09-23T00:13:00,RECONNAISSANCE,Port Scan,AST-0429,AST-0474,HIGH,OBSERVED,0.838
ATK-00471,2026-09-23T00:17:00,CREDENTIAL_ACCESS,Suspicious Login,AST-0429,AST-0474,HIGH,OBSERVED,0.839
ATK-00471,2026-09-23T00:21:00,LATERAL_MOVEMENT,Internal Login Burst,AST-0429,AST-0474,HIGH,INFERRED,0.845
ATK-00471,2026-09-23T00:25:00,EXFILTRATION,Predicted Next Stage,AST-0429,AST-0474,MEDIUM,PREDICTED,0.799
ATK-00472,2026-09-03T06:18:00,RECONNAISSANCE,Port Scan,AST-0222,AST-0318,HIGH,OBSERVED,0.859
ATK-00472,2026-09-03T06:22:00,CREDENTIAL_ACCESS,Suspicious Login,AST-0222,AST-0318,HIGH,OBSERVED,0.932
ATK-00472,2026-09-03T06:26:00,LATERAL_MOVEMENT,Internal Login Burst,AST-0222,AST-0318,HIGH,INFERRED,0.901
ATK-00472,2026-09-03T06:30:00,LATERAL_MOVEMENT,Predicted Next Stage,AST-0222,AST-0318,MEDIUM,PREDICTED,0.875
ATK-00473,2026-09-09T19:43:00,RECONNAISSANCE,Port Scan,AST-0003,AST-0163,HIGH,OBSERVED,0.884
ATK-00473,2026-09-09T19:47:00,CREDENTIAL_ACCESS,Suspicious Login,AST-0003,AST-0163,HIGH,OBSERVED,0.806
ATK-00473,2026-09-09T19:51:00,LATERAL_MOVEMENT,Internal Login Burst,AST-0003,AST-0163,HIGH,INFERRED,0.847
ATK-00473,2026-09-09T19:55:00,IMPACT,Predicted Next Stage,AST-0003,AST-0163,MEDIUM,PREDICTED,0.849
ATK-00474,2026-09-14T23:17:00,RECONNAISSANCE,Port Scan,AST-0404,AST-0491,HIGH,OBSERVED,0.83
ATK-00474,2026-09-14T23:21:00,CREDENTIAL_ACCESS,Suspicious Login,AST-0404,AST-0491,HIGH,OBSERVED,0.884
ATK-00474,2026-09-14T23:25:00,LATERAL_MOVEMENT,Internal Login Burst,AST-0404,AST-0491,HIGH,INFERRED,0.914
ATK-00474,2026-09-14T23:29:00,EXFILTRATION,Predicted Next Stage,AST-0404,AST-0491,MEDIUM,PREDICTED,0.866
ATK-00475,2026-09-25T11:20:00,RECONNAISSANCE,Port Scan,AST-0316,AST-0345,HIGH,OBSERVED,0.852
ATK-00475,2026-09-25T11:24:00,CREDENTIAL_ACCESS,Suspicious Login,AST-0316,AST-0345,HIGH,OBSERVED,0.821
ATK-00475,2026-09-25T11:28:00,LATERAL_MOVEMENT,Internal Login Burst,AST-0316,AST-0345,HIGH,INFERRED,0.863
ATK-00475,2026-09-25T11:32:00,LATERAL_MOVEMENT,Predicted Next Stage,AST-0316,AST-0345,MEDIUM,PREDICTED,0.858
ATK-00476,2026-09-26T08:02:00,RECONNAISSANCE,Port Scan,AST-0181,AST-0240,HIGH,OBSERVED,0.832
ATK-00476,2026-09-26T08:06:00,CREDENTIAL_ACCESS,Suspicious Login,AST-0181,AST-0240,HIGH,OBSERVED,0.802
ATK-00476,2026-09-26T08:10:00,LATERAL_MOVEMENT,Internal Login Burst,AST-0181,AST-0240,HIGH,INFERRED,0.828
ATK-00476,2026-09-26T08:14:00,LATERAL_MOVEMENT,Predicted Next Stage,AST-0181,AST-0240,MEDIUM,PREDICTED,0.798
ATK-00477,2026-09-11T12:32:00,RECONNAISSANCE,Port Scan,AST-0197,AST-0081,HIGH,OBSERVED,0.978
ATK-00477,2026-09-11T12:36:00,CREDENTIAL_ACCESS,Suspicious Login,AST-0197,AST-0081,HIGH,OBSERVED,0.899
ATK-00477,2026-09-11T12:40:00,LATERAL_MOVEMENT,Internal Login Burst,AST-0197,AST-0081,HIGH,INFERRED,0.913
ATK-00477,2026-09-11T12:44:00,LATERAL_MOVEMENT,Predicted Next Stage,AST-0197,AST-0081,MEDIUM,PREDICTED,0.889
ATK-00478,2026-09-19T11:49:00,RECONNAISSANCE,Port Scan,AST-0216,AST-0155,HIGH,OBSERVED,0.764
ATK-00478,2026-09-19T11:53:00,CREDENTIAL_ACCESS,Suspicious Login,AST-0216,AST-0155,HIGH,OBSERVED,0.735
ATK-00478,2026-09-19T11:57:00,LATERAL_MOVEMENT,Internal Login Burst,AST-0216,AST-0155,HIGH,INFERRED,0.702
ATK-00478,2026-09-19T12:01:00,LATERAL_MOVEMENT,Predicted Next Stage,AST-0216,AST-0155,MEDIUM,PREDICTED,0.775
ATK-00479,2026-09-26T06:20:00,RECONNAISSANCE,Port Scan,AST-0433,AST-0314,HIGH,OBSERVED,0.811
ATK-00479,2026-09-26T06:24:00,CREDENTIAL_ACCESS,Suspicious Login,AST-0433,AST-0314,HIGH,OBSERVED,0.792
ATK-00479,2026-09-26T06:28:00,LATERAL_MOVEMENT,Internal Login Burst,AST-0433,AST-0314,HIGH,INFERRED,0.792
ATK-00479,2026-09-26T06:32:00,LATERAL_MOVEMENT,Predicted Next Stage,AST-0433,AST-0314,MEDIUM,PREDICTED,0.778
ATK-00480,2026-09-25T04:42:00,RECONNAISSANCE,Port Scan,AST-0354,AST-0365,HIGH,OBSERVED,0.926
ATK-00480,2026-09-25T04:46:00,CREDENTIAL_ACCESS,Suspicious Login,AST-0354,AST-0365,HIGH,OBSERVED,0.934
ATK-00480,2026-09-25T04:50:00,LATERAL_MOVEMENT,Internal Login Burst,AST-0354,AST-0365,HIGH,INFERRED,0.91
ATK-00480,2026-09-25T04:54:00,LATERAL_MOVEMENT,Predicted Next Stage,AST-0354,AST-0365,MEDIUM,PREDICTED,0.891
ATK-00481,2026-09-17T09:32:00,RECONNAISSANCE,Port Scan,AST-0303,AST-0330,HIGH,OBSERVED,0.862
ATK-00481,2026-09-17T09:36:00,CREDENTIAL_ACCESS,Suspicious Login,AST-0303,AST-0330,HIGH,OBSERVED,0.887
ATK-00481,2026-09-17T09:40:00,LATERAL_MOVEMENT,Internal Login Burst,AST-0303,AST-0330,HIGH,INFERRED,0.901
ATK-00481,2026-09-17T09:44:00,EXFILTRATION,Predicted Next Stage,AST-0303,AST-0330,MEDIUM,PREDICTED,0.859
ATK-00482,2026-09-08T02:51:00,RECONNAISSANCE,Port Scan,AST-0144,AST-0358,HIGH,OBSERVED,0.805
ATK-00482,2026-09-08T02:55:00,CREDENTIAL_ACCESS,Suspicious Login,AST-0144,AST-0358,HIGH,OBSERVED,0.814
ATK-00482,2026-09-08T02:59:00,LATERAL_MOVEMENT,Internal Login Burst,AST-0144,AST-0358,HIGH,INFERRED,0.775
ATK-00482,2026-09-08T03:03:00,INITIAL_ACCESS,Predicted Next Stage,AST-0144,AST-0358,MEDIUM,PREDICTED,0.825
ATK-00483,2026-09-06T21:55:00,RECONNAISSANCE,Port Scan,AST-0404,AST-0489,HIGH,OBSERVED,0.82
ATK-00483,2026-09-06T21:59:00,CREDENTIAL_ACCESS,Suspicious Login,AST-0404,AST-0489,HIGH,OBSERVED,0.887
ATK-00483,2026-09-06T22:03:00,LATERAL_MOVEMENT,Internal Login Burst,AST-0404,AST-0489,HIGH,INFERRED,0.86
ATK-00483,2026-09-06T22:07:00,IMPACT,Predicted Next Stage,AST-0404,AST-0489,MEDIUM,PREDICTED,0.783
ATK-00484,2026-09-08T01:40:00,RECONNAISSANCE,Port Scan,AST-0212,AST-0047,HIGH,OBSERVED,0.827
ATK-00484,2026-09-08T01:44:00,CREDENTIAL_ACCESS,Suspicious Login,AST-0212,AST-0047,HIGH,OBSERVED,0.792
ATK-00484,2026-09-08T01:48:00,LATERAL_MOVEMENT,Internal Login Burst,AST-0212,AST-0047,HIGH,INFERRED,0.864
ATK-00484,2026-09-08T01:52:00,PERSISTENCE,Predicted Next Stage,AST-0212,AST-0047,MEDIUM,PREDICTED,0.872
ATK-00485,2026-09-04T12:51:00,RECONNAISSANCE,Port Scan,AST-0101,AST-0256,HIGH,OBSERVED,0.915
ATK-00485,2026-09-04T12:55:00,CREDENTIAL_ACCESS,Suspicious Login,AST-0101,AST-0256,HIGH,OBSERVED,0.94
ATK-00485,2026-09-04T12:59:00,LATERAL_MOVEMENT,Internal Login Burst,AST-0101,AST-0256,HIGH,INFERRED,0.847
ATK-00485,2026-09-04T13:03:00,CREDENTIAL_ACCESS,Predicted Next Stage,AST-0101,AST-0256,MEDIUM,PREDICTED,0.891
ATK-00486,2026-09-25T14:05:00,RECONNAISSANCE,Port Scan,AST-0356,AST-0450,HIGH,OBSERVED,0.927
ATK-00486,2026-09-25T14:09:00,CREDENTIAL_ACCESS,Suspicious Login,AST-0356,AST-0450,HIGH,OBSERVED,0.891
ATK-00486,2026-09-25T14:13:00,LATERAL_MOVEMENT,Internal Login Burst,AST-0356,AST-0450,HIGH,INFERRED,0.941
ATK-00486,2026-09-25T14:17:00,PERSISTENCE,Predicted Next Stage,AST-0356,AST-0450,MEDIUM,PREDICTED,0.863
ATK-00487,2026-09-10T03:04:00,RECONNAISSANCE,Port Scan,AST-0426,AST-0065,HIGH,OBSERVED,0.818
ATK-00487,2026-09-10T03:08:00,CREDENTIAL_ACCESS,Suspicious Login,AST-0426,AST-0065,HIGH,OBSERVED,0.763
ATK-00487,2026-09-10T03:12:00,LATERAL_MOVEMENT,Internal Login Burst,AST-0426,AST-0065,HIGH,INFERRED,0.764
ATK-00487,2026-09-10T03:16:00,LATERAL_MOVEMENT,Predicted Next Stage,AST-0426,AST-0065,MEDIUM,PREDICTED,0.769
ATK-00488,2026-09-04T01:04:00,RECONNAISSANCE,Port Scan,AST-0203,AST-0041,HIGH,OBSERVED,0.817
ATK-00488,2026-09-04T01:08:00,CREDENTIAL_ACCESS,Suspicious Login,AST-0203,AST-0041,HIGH,OBSERVED,0.749
ATK-00488,2026-09-04T01:12:00,LATERAL_MOVEMENT,Internal Login Burst,AST-0203,AST-0041,HIGH,INFERRED,0.782
ATK-00488,2026-09-04T01:16:00,LATERAL_MOVEMENT,Predicted Next Stage,AST-0203,AST-0041,MEDIUM,PREDICTED,0.817
ATK-00489,2026-09-18T21:32:00,RECONNAISSANCE,Port Scan,AST-0408,AST-0364,HIGH,OBSERVED,0.718
ATK-00489,2026-09-18T21:36:00,CREDENTIAL_ACCESS,Suspicious Login,AST-0408,AST-0364,HIGH,OBSERVED,0.688
ATK-00489,2026-09-18T21:40:00,LATERAL_MOVEMENT,Internal Login Burst,AST-0408,AST-0364,HIGH,INFERRED,0.729
ATK-00489,2026-09-18T21:44:00,INITIAL_ACCESS,Predicted Next Stage,AST-0408,AST-0364,MEDIUM,PREDICTED,0.703
ATK-00490,2026-09-27T15:16:00,RECONNAISSANCE,Port Scan,AST-0490,AST-0143,HIGH,OBSERVED,0.744
ATK-00490,2026-09-27T15:20:00,CREDENTIAL_ACCESS,Suspicious Login,AST-0490,AST-0143,HIGH,OBSERVED,0.788
ATK-00490,2026-09-27T15:24:00,LATERAL_MOVEMENT,Internal Login Burst,AST-0490,AST-0143,HIGH,INFERRED,0.772
ATK-00490,2026-09-27T15:28:00,INITIAL_ACCESS,Predicted Next Stage,AST-0490,AST-0143,MEDIUM,PREDICTED,0.775
ATK-00491,2026-09-12T00:55:00,RECONNAISSANCE,Port Scan,AST-0402,AST-0206,HIGH,OBSERVED,0.854
ATK-00491,2026-09-12T00:59:00,CREDENTIAL_ACCESS,Suspicious Login,AST-0402,AST-0206,HIGH,OBSERVED,0.931
ATK-00491,2026-09-12T01:03:00,LATERAL_MOVEMENT,Internal Login Burst,AST-0402,AST-0206,HIGH,INFERRED,0.862
ATK-00491,2026-09-12T01:07:00,LATERAL_MOVEMENT,Predicted Next Stage,AST-0402,AST-0206,MEDIUM,PREDICTED,0.895
ATK-00492,2026-09-08T00:28:00,RECONNAISSANCE,Port Scan,AST-0368,AST-0180,HIGH,OBSERVED,0.954
ATK-00492,2026-09-08T00:32:00,CREDENTIAL_ACCESS,Suspicious Login,AST-0368,AST-0180,HIGH,OBSERVED,0.866
ATK-00492,2026-09-08T00:36:00,LATERAL_MOVEMENT,Internal Login Burst,AST-0368,AST-0180,HIGH,INFERRED,0.931
ATK-00492,2026-09-08T00:40:00,IMPACT,Predicted Next Stage,AST-0368,AST-0180,MEDIUM,PREDICTED,0.877
ATK-00493,2026-09-09T20:21:00,RECONNAISSANCE,Port Scan,AST-0200,AST-0239,HIGH,OBSERVED,0.937
ATK-00493,2026-09-09T20:25:00,CREDENTIAL_ACCESS,Suspicious Login,AST-0200,AST-0239,HIGH,OBSERVED,0.97
ATK-00493,2026-09-09T20:29:00,LATERAL_MOVEMENT,Internal Login Burst,AST-0200,AST-0239,HIGH,INFERRED,0.927
ATK-00493,2026-09-09T20:33:00,LATERAL_MOVEMENT,Predicted Next Stage,AST-0200,AST-0239,MEDIUM,PREDICTED,0.915
ATK-00494,2026-09-23T22:25:00,RECONNAISSANCE,Port Scan,AST-0127,AST-0444,HIGH,OBSERVED,0.769
ATK-00494,2026-09-23T22:29:00,CREDENTIAL_ACCESS,Suspicious Login,AST-0127,AST-0444,HIGH,OBSERVED,0.715
ATK-00494,2026-09-23T22:33:00,LATERAL_MOVEMENT,Internal Login Burst,AST-0127,AST-0444,HIGH,INFERRED,0.727
ATK-00494,2026-09-23T22:37:00,INITIAL_ACCESS,Predicted Next Stage,AST-0127,AST-0444,MEDIUM,PREDICTED,0.747
ATK-00495,2026-09-18T17:40:00,RECONNAISSANCE,Port Scan,AST-0172,AST-0373,HIGH,OBSERVED,0.835
ATK-00495,2026-09-18T17:44:00,CREDENTIAL_ACCESS,Suspicious Login,AST-0172,AST-0373,HIGH,OBSERVED,0.781
ATK-00495,2026-09-18T17:48:00,LATERAL_MOVEMENT,Internal Login Burst,AST-0172,AST-0373,HIGH,INFERRED,0.81
ATK-00495,2026-09-18T17:52:00,PERSISTENCE,Predicted Next Stage,AST-0172,AST-0373,MEDIUM,PREDICTED,0.823
ATK-00496,2026-09-06T11:25:00,RECONNAISSANCE,Port Scan,AST-0291,AST-0067,HIGH,OBSERVED,0.815
ATK-00496,2026-09-06T11:29:00,CREDENTIAL_ACCESS,Suspicious Login,AST-0291,AST-0067,HIGH,OBSERVED,0.74
ATK-00496,2026-09-06T11:33:00,LATERAL_MOVEMENT,Internal Login Burst,AST-0291,AST-0067,HIGH,INFERRED,0.841
ATK-00496,2026-09-06T11:37:00,INITIAL_ACCESS,Predicted Next Stage,AST-0291,AST-0067,MEDIUM,PREDICTED,0.891
ATK-00497,2026-09-10T07:20:00,RECONNAISSANCE,Port Scan,AST-0022,AST-0042,HIGH,OBSERVED,0.771
ATK-00497,2026-09-10T07:24:00,CREDENTIAL_ACCESS,Suspicious Login,AST-0022,AST-0042,HIGH,OBSERVED,0.726
ATK-00497,2026-09-10T07:28:00,LATERAL_MOVEMENT,Internal Login Burst,AST-0022,AST-0042,HIGH,INFERRED,0.764
ATK-00497,2026-09-10T07:32:00,INITIAL_ACCESS,Predicted Next Stage,AST-0022,AST-0042,MEDIUM,PREDICTED,0.718
ATK-00498,2026-09-08T00:08:00,RECONNAISSANCE,Port Scan,AST-0244,AST-0296,HIGH,OBSERVED,0.864
ATK-00498,2026-09-08T00:12:00,CREDENTIAL_ACCESS,Suspicious Login,AST-0244,AST-0296,HIGH,OBSERVED,0.921
ATK-00498,2026-09-08T00:16:00,LATERAL_MOVEMENT,Internal Login Burst,AST-0244,AST-0296,HIGH,INFERRED,0.876
ATK-00498,2026-09-08T00:20:00,LATERAL_MOVEMENT,Predicted Next Stage,AST-0244,AST-0296,MEDIUM,PREDICTED,0.931
ATK-00499,2026-09-22T21:40:00,RECONNAISSANCE,Port Scan,AST-0113,AST-0328,HIGH,OBSERVED,0.8
ATK-00499,2026-09-22T21:44:00,CREDENTIAL_ACCESS,Suspicious Login,AST-0113,AST-0328,HIGH,OBSERVED,0.783
ATK-00499,2026-09-22T21:48:00,LATERAL_MOVEMENT,Internal Login Burst,AST-0113,AST-0328,HIGH,INFERRED,0.81
ATK-00499,2026-09-22T21:52:00,EXFILTRATION,Predicted Next Stage,AST-0113,AST-0328,MEDIUM,PREDICTED,0.767
ATK-00500,2026-09-27T10:04:00,RECONNAISSANCE,Port Scan,AST-0284,AST-0497,HIGH,OBSERVED,0.772
ATK-00500,2026-09-27T10:08:00,CREDENTIAL_ACCESS,Suspicious Login,AST-0284,AST-0497,HIGH,OBSERVED,0.758
ATK-00500,2026-09-27T10:12:00,LATERAL_MOVEMENT,Internal Login Burst,AST-0284,AST-0497,HIGH,INFERRED,0.774
ATK-00500,2026-09-27T10:16:00,INITIAL_ACCESS,Predicted Next Stage,AST-0284,AST-0497,MEDIUM,PREDICTED,0.756
ATK-00501,2026-09-05T06:25:00,RECONNAISSANCE,Port Scan,AST-0023,AST-0398,HIGH,OBSERVED,0.943
ATK-00501,2026-09-05T06:29:00,CREDENTIAL_ACCESS,Suspicious Login,AST-0023,AST-0398,HIGH,OBSERVED,0.906
ATK-00501,2026-09-05T06:33:00,LATERAL_MOVEMENT,Internal Login Burst,AST-0023,AST-0398,HIGH,INFERRED,0.907
ATK-00501,2026-09-05T06:37:00,LATERAL_MOVEMENT,Predicted Next Stage,AST-0023,AST-0398,MEDIUM,PREDICTED,0.918
ATK-00502,2026-09-15T11:46:00,RECONNAISSANCE,Port Scan,AST-0129,AST-0080,HIGH,OBSERVED,0.902
ATK-00502,2026-09-15T11:50:00,CREDENTIAL_ACCESS,Suspicious Login,AST-0129,AST-0080,HIGH,OBSERVED,0.912
ATK-00502,2026-09-15T11:54:00,LATERAL_MOVEMENT,Internal Login Burst,AST-0129,AST-0080,HIGH,INFERRED,0.916
ATK-00502,2026-09-15T11:58:00,LATERAL_MOVEMENT,Predicted Next Stage,AST-0129,AST-0080,MEDIUM,PREDICTED,0.936
ATK-00503,2026-09-11T22:38:00,RECONNAISSANCE,Port Scan,AST-0463,AST-0092,HIGH,OBSERVED,0.846
ATK-00503,2026-09-11T22:42:00,CREDENTIAL_ACCESS,Suspicious Login,AST-0463,AST-0092,HIGH,OBSERVED,0.77
ATK-00503,2026-09-11T22:46:00,LATERAL_MOVEMENT,Internal Login Burst,AST-0463,AST-0092,HIGH,INFERRED,0.764
ATK-00503,2026-09-11T22:50:00,LATERAL_MOVEMENT,Predicted Next Stage,AST-0463,AST-0092,MEDIUM,PREDICTED,0.829
ATK-00504,2026-09-27T14:05:00,RECONNAISSANCE,Port Scan,AST-0020,AST-0145,HIGH,OBSERVED,0.964
ATK-00504,2026-09-27T14:09:00,CREDENTIAL_ACCESS,Suspicious Login,AST-0020,AST-0145,HIGH,OBSERVED,0.989
ATK-00504,2026-09-27T14:13:00,LATERAL_MOVEMENT,Internal Login Burst,AST-0020,AST-0145,HIGH,INFERRED,0.913
ATK-00504,2026-09-27T14:17:00,PERSISTENCE,Predicted Next Stage,AST-0020,AST-0145,MEDIUM,PREDICTED,0.937
ATK-00505,2026-09-22T07:26:00,RECONNAISSANCE,Port Scan,AST-0370,AST-0399,HIGH,OBSERVED,0.841
ATK-00505,2026-09-22T07:30:00,CREDENTIAL_ACCESS,Suspicious Login,AST-0370,AST-0399,HIGH,OBSERVED,0.913
ATK-00505,2026-09-22T07:34:00,LATERAL_MOVEMENT,Internal Login Burst,AST-0370,AST-0399,HIGH,INFERRED,0.786
ATK-00505,2026-09-22T07:38:00,CREDENTIAL_ACCESS,Predicted Next Stage,AST-0370,AST-0399,MEDIUM,PREDICTED,0.831
ATK-00506,2026-09-13T18:22:00,RECONNAISSANCE,Port Scan,AST-0269,AST-0168,HIGH,OBSERVED,0.763
ATK-00506,2026-09-13T18:26:00,CREDENTIAL_ACCESS,Suspicious Login,AST-0269,AST-0168,HIGH,OBSERVED,0.762
ATK-00506,2026-09-13T18:30:00,LATERAL_MOVEMENT,Internal Login Burst,AST-0269,AST-0168,HIGH,INFERRED,0.788
ATK-00506,2026-09-13T18:34:00,LATERAL_MOVEMENT,Predicted Next Stage,AST-0269,AST-0168,MEDIUM,PREDICTED,0.804
ATK-00507,2026-09-05T15:45:00,RECONNAISSANCE,Port Scan,AST-0016,AST-0198,HIGH,OBSERVED,0.825
ATK-00507,2026-09-05T15:49:00,CREDENTIAL_ACCESS,Suspicious Login,AST-0016,AST-0198,HIGH,OBSERVED,0.843
ATK-00507,2026-09-05T15:53:00,LATERAL_MOVEMENT,Internal Login Burst,AST-0016,AST-0198,HIGH,INFERRED,0.809
ATK-00507,2026-09-05T15:57:00,IMPACT,Predicted Next Stage,AST-0016,AST-0198,MEDIUM,PREDICTED,0.864
ATK-00508,2026-09-15T00:54:00,RECONNAISSANCE,Port Scan,AST-0288,AST-0262,HIGH,OBSERVED,0.868
ATK-00508,2026-09-15T00:58:00,CREDENTIAL_ACCESS,Suspicious Login,AST-0288,AST-0262,HIGH,OBSERVED,0.836
ATK-00508,2026-09-15T01:02:00,LATERAL_MOVEMENT,Internal Login Burst,AST-0288,AST-0262,HIGH,INFERRED,0.873
ATK-00508,2026-09-15T01:06:00,INITIAL_ACCESS,Predicted Next Stage,AST-0288,AST-0262,MEDIUM,PREDICTED,0.894
ATK-00509,2026-09-17T11:32:00,RECONNAISSANCE,Port Scan,AST-0479,AST-0139,HIGH,OBSERVED,0.742
ATK-00509,2026-09-17T11:36:00,CREDENTIAL_ACCESS,Suspicious Login,AST-0479,AST-0139,HIGH,OBSERVED,0.782
ATK-00509,2026-09-17T11:40:00,LATERAL_MOVEMENT,Internal Login Burst,AST-0479,AST-0139,HIGH,INFERRED,0.802
ATK-00509,2026-09-17T11:44:00,PERSISTENCE,Predicted Next Stage,AST-0479,AST-0139,MEDIUM,PREDICTED,0.724
ATK-00510,2026-09-14T21:48:00,RECONNAISSANCE,Port Scan,AST-0010,AST-0048,HIGH,OBSERVED,0.87
ATK-00510,2026-09-14T21:52:00,CREDENTIAL_ACCESS,Suspicious Login,AST-0010,AST-0048,HIGH,OBSERVED,0.837
ATK-00510,2026-09-14T21:56:00,LATERAL_MOVEMENT,Internal Login Burst,AST-0010,AST-0048,HIGH,INFERRED,0.823
ATK-00510,2026-09-14T22:00:00,IMPACT,Predicted Next Stage,AST-0010,AST-0048,MEDIUM,PREDICTED,0.799
ATK-00511,2026-09-19T17:15:00,RECONNAISSANCE,Port Scan,AST-0110,AST-0129,HIGH,OBSERVED,0.774
ATK-00511,2026-09-19T17:19:00,CREDENTIAL_ACCESS,Suspicious Login,AST-0110,AST-0129,HIGH,OBSERVED,0.793
ATK-00511,2026-09-19T17:23:00,LATERAL_MOVEMENT,Internal Login Burst,AST-0110,AST-0129,HIGH,INFERRED,0.806
ATK-00511,2026-09-19T17:27:00,EXFILTRATION,Predicted Next Stage,AST-0110,AST-0129,MEDIUM,PREDICTED,0.79
ATK-00512,2026-09-27T05:26:00,RECONNAISSANCE,Port Scan,AST-0389,AST-0279,HIGH,OBSERVED,0.839
ATK-00512,2026-09-27T05:30:00,CREDENTIAL_ACCESS,Suspicious Login,AST-0389,AST-0279,HIGH,OBSERVED,0.78
ATK-00512,2026-09-27T05:34:00,LATERAL_MOVEMENT,Internal Login Burst,AST-0389,AST-0279,HIGH,INFERRED,0.759
ATK-00512,2026-09-27T05:38:00,EXFILTRATION,Predicted Next Stage,AST-0389,AST-0279,MEDIUM,PREDICTED,0.786
ATK-00513,2026-09-09T13:59:00,RECONNAISSANCE,Port Scan,AST-0312,AST-0110,HIGH,OBSERVED,0.857
ATK-00513,2026-09-09T14:03:00,CREDENTIAL_ACCESS,Suspicious Login,AST-0312,AST-0110,HIGH,OBSERVED,0.84
ATK-00513,2026-09-09T14:07:00,LATERAL_MOVEMENT,Internal Login Burst,AST-0312,AST-0110,HIGH,INFERRED,0.874
ATK-00513,2026-09-09T14:11:00,IMPACT,Predicted Next Stage,AST-0312,AST-0110,MEDIUM,PREDICTED,0.847
ATK-00514,2026-09-16T23:28:00,RECONNAISSANCE,Port Scan,AST-0433,AST-0059,HIGH,OBSERVED,0.845
ATK-00514,2026-09-16T23:32:00,CREDENTIAL_ACCESS,Suspicious Login,AST-0433,AST-0059,HIGH,OBSERVED,0.753
ATK-00514,2026-09-16T23:36:00,LATERAL_MOVEMENT,Internal Login Burst,AST-0433,AST-0059,HIGH,INFERRED,0.909
ATK-00514,2026-09-16T23:40:00,LATERAL_MOVEMENT,Predicted Next Stage,AST-0433,AST-0059,MEDIUM,PREDICTED,0.842
ATK-00515,2026-09-20T18:05:00,RECONNAISSANCE,Port Scan,AST-0422,AST-0249,HIGH,OBSERVED,0.796
ATK-00515,2026-09-20T18:09:00,CREDENTIAL_ACCESS,Suspicious Login,AST-0422,AST-0249,HIGH,OBSERVED,0.813
ATK-00515,2026-09-20T18:13:00,LATERAL_MOVEMENT,Internal Login Burst,AST-0422,AST-0249,HIGH,INFERRED,0.759
ATK-00515,2026-09-20T18:17:00,LATERAL_MOVEMENT,Predicted Next Stage,AST-0422,AST-0249,MEDIUM,PREDICTED,0.804
ATK-00516,2026-09-24T19:14:00,RECONNAISSANCE,Port Scan,AST-0309,AST-0490,HIGH,OBSERVED,0.759
ATK-00516,2026-09-24T19:18:00,CREDENTIAL_ACCESS,Suspicious Login,AST-0309,AST-0490,HIGH,OBSERVED,0.743
ATK-00516,2026-09-24T19:22:00,LATERAL_MOVEMENT,Internal Login Burst,AST-0309,AST-0490,HIGH,INFERRED,0.748
ATK-00516,2026-09-24T19:26:00,EXFILTRATION,Predicted Next Stage,AST-0309,AST-0490,MEDIUM,PREDICTED,0.761
ATK-00517,2026-09-20T19:47:00,RECONNAISSANCE,Port Scan,AST-0373,AST-0413,HIGH,OBSERVED,0.78
ATK-00517,2026-09-20T19:51:00,CREDENTIAL_ACCESS,Suspicious Login,AST-0373,AST-0413,HIGH,OBSERVED,0.832
ATK-00517,2026-09-20T19:55:00,LATERAL_MOVEMENT,Internal Login Burst,AST-0373,AST-0413,HIGH,INFERRED,0.804
ATK-00517,2026-09-20T19:59:00,EXFILTRATION,Predicted Next Stage,AST-0373,AST-0413,MEDIUM,PREDICTED,0.828
ATK-00518,2026-09-23T14:00:00,RECONNAISSANCE,Port Scan,AST-0270,AST-0105,HIGH,OBSERVED,0.73
ATK-00518,2026-09-23T14:04:00,CREDENTIAL_ACCESS,Suspicious Login,AST-0270,AST-0105,HIGH,OBSERVED,0.749
ATK-00518,2026-09-23T14:08:00,LATERAL_MOVEMENT,Internal Login Burst,AST-0270,AST-0105,HIGH,INFERRED,0.781
ATK-00518,2026-09-23T14:12:00,IMPACT,Predicted Next Stage,AST-0270,AST-0105,MEDIUM,PREDICTED,0.716
ATK-00519,2026-09-25T03:17:00,RECONNAISSANCE,Port Scan,AST-0292,AST-0051,HIGH,OBSERVED,0.88
ATK-00519,2026-09-25T03:21:00,CREDENTIAL_ACCESS,Suspicious Login,AST-0292,AST-0051,HIGH,OBSERVED,0.804
ATK-00519,2026-09-25T03:25:00,LATERAL_MOVEMENT,Internal Login Burst,AST-0292,AST-0051,HIGH,INFERRED,0.804
ATK-00519,2026-09-25T03:29:00,INITIAL_ACCESS,Predicted Next Stage,AST-0292,AST-0051,MEDIUM,PREDICTED,0.871
ATK-00520,2026-09-17T16:32:00,RECONNAISSANCE,Port Scan,AST-0226,AST-0161,HIGH,OBSERVED,0.821
ATK-00520,2026-09-17T16:36:00,CREDENTIAL_ACCESS,Suspicious Login,AST-0226,AST-0161,HIGH,OBSERVED,0.833
ATK-00520,2026-09-17T16:40:00,LATERAL_MOVEMENT,Internal Login Burst,AST-0226,AST-0161,HIGH,INFERRED,0.833
ATK-00520,2026-09-17T16:44:00,CREDENTIAL_ACCESS,Predicted Next Stage,AST-0226,AST-0161,MEDIUM,PREDICTED,0.861
ATK-00521,2026-09-06T17:05:00,RECONNAISSANCE,Port Scan,AST-0157,AST-0199,HIGH,OBSERVED,0.833
ATK-00521,2026-09-06T17:09:00,CREDENTIAL_ACCESS,Suspicious Login,AST-0157,AST-0199,HIGH,OBSERVED,0.813
ATK-00521,2026-09-06T17:13:00,LATERAL_MOVEMENT,Internal Login Burst,AST-0157,AST-0199,HIGH,INFERRED,0.766
ATK-00521,2026-09-06T17:17:00,EXFILTRATION,Predicted Next Stage,AST-0157,AST-0199,MEDIUM,PREDICTED,0.787
ATK-00522,2026-09-17T15:50:00,RECONNAISSANCE,Port Scan,AST-0465,AST-0166,HIGH,OBSERVED,0.779
ATK-00522,2026-09-17T15:54:00,CREDENTIAL_ACCESS,Suspicious Login,AST-0465,AST-0166,HIGH,OBSERVED,0.744
ATK-00522,2026-09-17T15:58:00,LATERAL_MOVEMENT,Internal Login Burst,AST-0465,AST-0166,HIGH,INFERRED,0.744
ATK-00522,2026-09-17T16:02:00,INITIAL_ACCESS,Predicted Next Stage,AST-0465,AST-0166,MEDIUM,PREDICTED,0.815
ATK-00523,2026-09-13T12:52:00,RECONNAISSANCE,Port Scan,AST-0322,AST-0347,HIGH,OBSERVED,0.801
ATK-00523,2026-09-13T12:56:00,CREDENTIAL_ACCESS,Suspicious Login,AST-0322,AST-0347,HIGH,OBSERVED,0.735
ATK-00523,2026-09-13T13:00:00,LATERAL_MOVEMENT,Internal Login Burst,AST-0322,AST-0347,HIGH,INFERRED,0.747
ATK-00523,2026-09-13T13:04:00,IMPACT,Predicted Next Stage,AST-0322,AST-0347,MEDIUM,PREDICTED,0.753
ATK-00524,2026-09-26T06:48:00,RECONNAISSANCE,Port Scan,AST-0107,AST-0180,HIGH,OBSERVED,0.853
ATK-00524,2026-09-26T06:52:00,CREDENTIAL_ACCESS,Suspicious Login,AST-0107,AST-0180,HIGH,OBSERVED,0.942
ATK-00524,2026-09-26T06:56:00,LATERAL_MOVEMENT,Internal Login Burst,AST-0107,AST-0180,HIGH,INFERRED,0.921
ATK-00524,2026-09-26T07:00:00,LATERAL_MOVEMENT,Predicted Next Stage,AST-0107,AST-0180,MEDIUM,PREDICTED,0.9
ATK-00525,2026-09-21T06:37:00,RECONNAISSANCE,Port Scan,AST-0478,AST-0167,HIGH,OBSERVED,0.842
ATK-00525,2026-09-21T06:41:00,CREDENTIAL_ACCESS,Suspicious Login,AST-0478,AST-0167,HIGH,OBSERVED,0.785
ATK-00525,2026-09-21T06:45:00,LATERAL_MOVEMENT,Internal Login Burst,AST-0478,AST-0167,HIGH,INFERRED,0.842
ATK-00525,2026-09-21T06:49:00,PERSISTENCE,Predicted Next Stage,AST-0478,AST-0167,MEDIUM,PREDICTED,0.82
ATK-00526,2026-09-11T10:03:00,RECONNAISSANCE,Port Scan,AST-0031,AST-0008,HIGH,OBSERVED,0.886
ATK-00526,2026-09-11T10:07:00,CREDENTIAL_ACCESS,Suspicious Login,AST-0031,AST-0008,HIGH,OBSERVED,0.922
ATK-00526,2026-09-11T10:11:00,LATERAL_MOVEMENT,Internal Login Burst,AST-0031,AST-0008,HIGH,INFERRED,0.99
ATK-00526,2026-09-11T10:15:00,EXFILTRATION,Predicted Next Stage,AST-0031,AST-0008,MEDIUM,PREDICTED,0.949
ATK-00527,2026-09-03T11:12:00,RECONNAISSANCE,Port Scan,AST-0090,AST-0294,HIGH,OBSERVED,0.902
ATK-00527,2026-09-03T11:16:00,CREDENTIAL_ACCESS,Suspicious Login,AST-0090,AST-0294,HIGH,OBSERVED,0.878
ATK-00527,2026-09-03T11:20:00,LATERAL_MOVEMENT,Internal Login Burst,AST-0090,AST-0294,HIGH,INFERRED,0.883
ATK-00527,2026-09-03T11:24:00,EXFILTRATION,Predicted Next Stage,AST-0090,AST-0294,MEDIUM,PREDICTED,0.932
ATK-00528,2026-09-04T16:50:00,RECONNAISSANCE,Port Scan,AST-0105,AST-0305,HIGH,OBSERVED,0.677
ATK-00528,2026-09-04T16:54:00,CREDENTIAL_ACCESS,Suspicious Login,AST-0105,AST-0305,HIGH,OBSERVED,0.741
ATK-00528,2026-09-04T16:58:00,LATERAL_MOVEMENT,Internal Login Burst,AST-0105,AST-0305,HIGH,INFERRED,0.733
ATK-00528,2026-09-04T17:02:00,PERSISTENCE,Predicted Next Stage,AST-0105,AST-0305,MEDIUM,PREDICTED,0.721
ATK-00529,2026-09-14T08:44:00,RECONNAISSANCE,Port Scan,AST-0299,AST-0303,HIGH,OBSERVED,0.762
ATK-00529,2026-09-14T08:48:00,CREDENTIAL_ACCESS,Suspicious Login,AST-0299,AST-0303,HIGH,OBSERVED,0.722
ATK-00529,2026-09-14T08:52:00,LATERAL_MOVEMENT,Internal Login Burst,AST-0299,AST-0303,HIGH,INFERRED,0.712
ATK-00529,2026-09-14T08:56:00,EXFILTRATION,Predicted Next Stage,AST-0299,AST-0303,MEDIUM,PREDICTED,0.798
ATK-00530,2026-09-06T00:25:00,RECONNAISSANCE,Port Scan,AST-0019,AST-0010,HIGH,OBSERVED,0.868
ATK-00530,2026-09-06T00:29:00,CREDENTIAL_ACCESS,Suspicious Login,AST-0019,AST-0010,HIGH,OBSERVED,0.88
ATK-00530,2026-09-06T00:33:00,LATERAL_MOVEMENT,Internal Login Burst,AST-0019,AST-0010,HIGH,INFERRED,0.879
ATK-00530,2026-09-06T00:37:00,LATERAL_MOVEMENT,Predicted Next Stage,AST-0019,AST-0010,MEDIUM,PREDICTED,0.832
ATK-00531,2026-09-19T16:54:00,RECONNAISSANCE,Port Scan,AST-0104,AST-0249,HIGH,OBSERVED,0.743
ATK-00531,2026-09-19T16:58:00,CREDENTIAL_ACCESS,Suspicious Login,AST-0104,AST-0249,HIGH,OBSERVED,0.708
ATK-00531,2026-09-19T17:02:00,LATERAL_MOVEMENT,Internal Login Burst,AST-0104,AST-0249,HIGH,INFERRED,0.725
ATK-00531,2026-09-19T17:06:00,CREDENTIAL_ACCESS,Predicted Next Stage,AST-0104,AST-0249,MEDIUM,PREDICTED,0.732
ATK-00532,2026-09-09T09:29:00,RECONNAISSANCE,Port Scan,AST-0222,AST-0408,HIGH,OBSERVED,0.892
ATK-00532,2026-09-09T09:33:00,CREDENTIAL_ACCESS,Suspicious Login,AST-0222,AST-0408,HIGH,OBSERVED,0.848
ATK-00532,2026-09-09T09:37:00,LATERAL_MOVEMENT,Internal Login Burst,AST-0222,AST-0408,HIGH,INFERRED,0.819
ATK-00532,2026-09-09T09:41:00,LATERAL_MOVEMENT,Predicted Next Stage,AST-0222,AST-0408,MEDIUM,PREDICTED,0.821
ATK-00533,2026-09-02T21:00:00,RECONNAISSANCE,Port Scan,AST-0451,AST-0353,HIGH,OBSERVED,0.706
ATK-00533,2026-09-02T21:04:00,CREDENTIAL_ACCESS,Suspicious Login,AST-0451,AST-0353,HIGH,OBSERVED,0.717
ATK-00533,2026-09-02T21:08:00,LATERAL_MOVEMENT,Internal Login Burst,AST-0451,AST-0353,HIGH,INFERRED,0.765
ATK-00533,2026-09-02T21:12:00,EXFILTRATION,Predicted Next Stage,AST-0451,AST-0353,MEDIUM,PREDICTED,0.779
ATK-00534,2026-09-12T18:41:00,RECONNAISSANCE,Port Scan,AST-0358,AST-0307,HIGH,OBSERVED,0.707
ATK-00534,2026-09-12T18:45:00,CREDENTIAL_ACCESS,Suspicious Login,AST-0358,AST-0307,HIGH,OBSERVED,0.786
ATK-00534,2026-09-12T18:49:00,LATERAL_MOVEMENT,Internal Login Burst,AST-0358,AST-0307,HIGH,INFERRED,0.76
ATK-00534,2026-09-12T18:53:00,LATERAL_MOVEMENT,Predicted Next Stage,AST-0358,AST-0307,MEDIUM,PREDICTED,0.813
ATK-00535,2026-09-17T04:44:00,RECONNAISSANCE,Port Scan,AST-0454,AST-0414,HIGH,OBSERVED,0.72
ATK-00535,2026-09-17T04:48:00,CREDENTIAL_ACCESS,Suspicious Login,AST-0454,AST-0414,HIGH,OBSERVED,0.782
ATK-00535,2026-09-17T04:52:00,LATERAL_MOVEMENT,Internal Login Burst,AST-0454,AST-0414,HIGH,INFERRED,0.723
ATK-00535,2026-09-17T04:56:00,IMPACT,Predicted Next Stage,AST-0454,AST-0414,MEDIUM,PREDICTED,0.766
ATK-00536,2026-09-20T20:54:00,RECONNAISSANCE,Port Scan,AST-0194,AST-0369,HIGH,OBSERVED,0.789
ATK-00536,2026-09-20T20:58:00,CREDENTIAL_ACCESS,Suspicious Login,AST-0194,AST-0369,HIGH,OBSERVED,0.845
ATK-00536,2026-09-20T21:02:00,LATERAL_MOVEMENT,Internal Login Burst,AST-0194,AST-0369,HIGH,INFERRED,0.816
ATK-00536,2026-09-20T21:06:00,LATERAL_MOVEMENT,Predicted Next Stage,AST-0194,AST-0369,MEDIUM,PREDICTED,0.839
ATK-00537,2026-09-08T06:35:00,RECONNAISSANCE,Port Scan,AST-0082,AST-0445,HIGH,OBSERVED,0.864
ATK-00537,2026-09-08T06:39:00,CREDENTIAL_ACCESS,Suspicious Login,AST-0082,AST-0445,HIGH,OBSERVED,0.858
ATK-00537,2026-09-08T06:43:00,LATERAL_MOVEMENT,Internal Login Burst,AST-0082,AST-0445,HIGH,INFERRED,0.776
ATK-00537,2026-09-08T06:47:00,EXFILTRATION,Predicted Next Stage,AST-0082,AST-0445,MEDIUM,PREDICTED,0.816
ATK-00538,2026-09-26T19:47:00,RECONNAISSANCE,Port Scan,AST-0405,AST-0314,HIGH,OBSERVED,0.692
ATK-00538,2026-09-26T19:51:00,CREDENTIAL_ACCESS,Suspicious Login,AST-0405,AST-0314,HIGH,OBSERVED,0.696
ATK-00538,2026-09-26T19:55:00,LATERAL_MOVEMENT,Internal Login Burst,AST-0405,AST-0314,HIGH,INFERRED,0.692
ATK-00538,2026-09-26T19:59:00,IMPACT,Predicted Next Stage,AST-0405,AST-0314,MEDIUM,PREDICTED,0.682
ATK-00539,2026-09-04T23:47:00,RECONNAISSANCE,Port Scan,AST-0251,AST-0071,HIGH,OBSERVED,0.755
ATK-00539,2026-09-04T23:51:00,CREDENTIAL_ACCESS,Suspicious Login,AST-0251,AST-0071,HIGH,OBSERVED,0.805
ATK-00539,2026-09-04T23:55:00,LATERAL_MOVEMENT,Internal Login Burst,AST-0251,AST-0071,HIGH,INFERRED,0.714
ATK-00539,2026-09-04T23:59:00,LATERAL_MOVEMENT,Predicted Next Stage,AST-0251,AST-0071,MEDIUM,PREDICTED,0.704
ATK-00540,2026-09-21T07:46:00,RECONNAISSANCE,Port Scan,AST-0191,AST-0159,HIGH,OBSERVED,0.851
ATK-00540,2026-09-21T07:50:00,CREDENTIAL_ACCESS,Suspicious Login,AST-0191,AST-0159,HIGH,OBSERVED,0.863
ATK-00540,2026-09-21T07:54:00,LATERAL_MOVEMENT,Internal Login Burst,AST-0191,AST-0159,HIGH,INFERRED,0.815
ATK-00540,2026-09-21T07:58:00,CREDENTIAL_ACCESS,Predicted Next Stage,AST-0191,AST-0159,MEDIUM,PREDICTED,0.751
ATK-00541,2026-09-17T08:08:00,RECONNAISSANCE,Port Scan,AST-0031,AST-0427,HIGH,OBSERVED,0.738
ATK-00541,2026-09-17T08:12:00,CREDENTIAL_ACCESS,Suspicious Login,AST-0031,AST-0427,HIGH,OBSERVED,0.823
ATK-00541,2026-09-17T08:16:00,LATERAL_MOVEMENT,Internal Login Burst,AST-0031,AST-0427,HIGH,INFERRED,0.802
ATK-00541,2026-09-17T08:20:00,LATERAL_MOVEMENT,Predicted Next Stage,AST-0031,AST-0427,MEDIUM,PREDICTED,0.82
ATK-00542,2026-09-16T05:34:00,RECONNAISSANCE,Port Scan,AST-0030,AST-0428,HIGH,OBSERVED,0.901
ATK-00542,2026-09-16T05:38:00,CREDENTIAL_ACCESS,Suspicious Login,AST-0030,AST-0428,HIGH,OBSERVED,0.899
ATK-00542,2026-09-16T05:42:00,LATERAL_MOVEMENT,Internal Login Burst,AST-0030,AST-0428,HIGH,INFERRED,0.894
ATK-00542,2026-09-16T05:46:00,PERSISTENCE,Predicted Next Stage,AST-0030,AST-0428,MEDIUM,PREDICTED,0.862
ATK-00543,2026-09-03T12:31:00,RECONNAISSANCE,Port Scan,AST-0239,AST-0011,HIGH,OBSERVED,0.775
ATK-00543,2026-09-03T12:35:00,CREDENTIAL_ACCESS,Suspicious Login,AST-0239,AST-0011,HIGH,OBSERVED,0.789
ATK-00543,2026-09-03T12:39:00,LATERAL_MOVEMENT,Internal Login Burst,AST-0239,AST-0011,HIGH,INFERRED,0.71
ATK-00543,2026-09-03T12:43:00,IMPACT,Predicted Next Stage,AST-0239,AST-0011,MEDIUM,PREDICTED,0.753
ATK-00544,2026-09-01T21:00:00,RECONNAISSANCE,Port Scan,AST-0473,AST-0421,HIGH,OBSERVED,0.78
ATK-00544,2026-09-01T21:04:00,CREDENTIAL_ACCESS,Suspicious Login,AST-0473,AST-0421,HIGH,OBSERVED,0.795
ATK-00544,2026-09-01T21:08:00,LATERAL_MOVEMENT,Internal Login Burst,AST-0473,AST-0421,HIGH,INFERRED,0.818
ATK-00544,2026-09-01T21:12:00,PERSISTENCE,Predicted Next Stage,AST-0473,AST-0421,MEDIUM,PREDICTED,0.729
ATK-00545,2026-09-24T20:14:00,RECONNAISSANCE,Port Scan,AST-0208,AST-0335,HIGH,OBSERVED,0.862
ATK-00545,2026-09-24T20:18:00,CREDENTIAL_ACCESS,Suspicious Login,AST-0208,AST-0335,HIGH,OBSERVED,0.824
ATK-00545,2026-09-24T20:22:00,LATERAL_MOVEMENT,Internal Login Burst,AST-0208,AST-0335,HIGH,INFERRED,0.846
ATK-00545,2026-09-24T20:26:00,IMPACT,Predicted Next Stage,AST-0208,AST-0335,MEDIUM,PREDICTED,0.871
ATK-00546,2026-09-21T11:43:00,RECONNAISSANCE,Port Scan,AST-0351,AST-0450,HIGH,OBSERVED,0.745
ATK-00546,2026-09-21T11:47:00,CREDENTIAL_ACCESS,Suspicious Login,AST-0351,AST-0450,HIGH,OBSERVED,0.759
ATK-00546,2026-09-21T11:51:00,LATERAL_MOVEMENT,Internal Login Burst,AST-0351,AST-0450,HIGH,INFERRED,0.698
ATK-00546,2026-09-21T11:55:00,INITIAL_ACCESS,Predicted Next Stage,AST-0351,AST-0450,MEDIUM,PREDICTED,0.777
ATK-00547,2026-09-19T19:12:00,RECONNAISSANCE,Port Scan,AST-0307,AST-0111,HIGH,OBSERVED,0.896
ATK-00547,2026-09-19T19:16:00,CREDENTIAL_ACCESS,Suspicious Login,AST-0307,AST-0111,HIGH,OBSERVED,0.932
ATK-00547,2026-09-19T19:20:00,LATERAL_MOVEMENT,Internal Login Burst,AST-0307,AST-0111,HIGH,INFERRED,0.871
ATK-00547,2026-09-19T19:24:00,LATERAL_MOVEMENT,Predicted Next Stage,AST-0307,AST-0111,MEDIUM,PREDICTED,0.888
ATK-00548,2026-09-01T09:24:00,RECONNAISSANCE,Port Scan,AST-0476,AST-0163,HIGH,OBSERVED,0.816
ATK-00548,2026-09-01T09:28:00,CREDENTIAL_ACCESS,Suspicious Login,AST-0476,AST-0163,HIGH,OBSERVED,0.891
ATK-00548,2026-09-01T09:32:00,LATERAL_MOVEMENT,Internal Login Burst,AST-0476,AST-0163,HIGH,INFERRED,0.84
ATK-00548,2026-09-01T09:36:00,EXFILTRATION,Predicted Next Stage,AST-0476,AST-0163,MEDIUM,PREDICTED,0.878
ATK-00549,2026-09-27T16:15:00,RECONNAISSANCE,Port Scan,AST-0288,AST-0115,HIGH,OBSERVED,0.787
ATK-00549,2026-09-27T16:19:00,CREDENTIAL_ACCESS,Suspicious Login,AST-0288,AST-0115,HIGH,OBSERVED,0.701
ATK-00549,2026-09-27T16:23:00,LATERAL_MOVEMENT,Internal Login Burst,AST-0288,AST-0115,HIGH,INFERRED,0.733
ATK-00549,2026-09-27T16:27:00,IMPACT,Predicted Next Stage,AST-0288,AST-0115,MEDIUM,PREDICTED,0.695
ATK-00550,2026-09-10T17:29:00,RECONNAISSANCE,Port Scan,AST-0009,AST-0201,HIGH,OBSERVED,0.902
ATK-00550,2026-09-10T17:33:00,CREDENTIAL_ACCESS,Suspicious Login,AST-0009,AST-0201,HIGH,OBSERVED,0.953
ATK-00550,2026-09-10T17:37:00,LATERAL_MOVEMENT,Internal Login Burst,AST-0009,AST-0201,HIGH,INFERRED,0.933
ATK-00550,2026-09-10T17:41:00,LATERAL_MOVEMENT,Predicted Next Stage,AST-0009,AST-0201,MEDIUM,PREDICTED,0.917
ATK-00551,2026-09-01T22:21:00,RECONNAISSANCE,Port Scan,AST-0165,AST-0084,HIGH,OBSERVED,0.783
ATK-00551,2026-09-01T22:25:00,CREDENTIAL_ACCESS,Suspicious Login,AST-0165,AST-0084,HIGH,OBSERVED,0.716
ATK-00551,2026-09-01T22:29:00,LATERAL_MOVEMENT,Internal Login Burst,AST-0165,AST-0084,HIGH,INFERRED,0.715
ATK-00551,2026-09-01T22:33:00,EXFILTRATION,Predicted Next Stage,AST-0165,AST-0084,MEDIUM,PREDICTED,0.729
ATK-00552,2026-09-13T12:49:00,RECONNAISSANCE,Port Scan,AST-0298,AST-0196,HIGH,OBSERVED,0.805
ATK-00552,2026-09-13T12:53:00,CREDENTIAL_ACCESS,Suspicious Login,AST-0298,AST-0196,HIGH,OBSERVED,0.855
ATK-00552,2026-09-13T12:57:00,LATERAL_MOVEMENT,Internal Login Burst,AST-0298,AST-0196,HIGH,INFERRED,0.782
ATK-00552,2026-09-13T13:01:00,LATERAL_MOVEMENT,Predicted Next Stage,AST-0298,AST-0196,MEDIUM,PREDICTED,0.856
ATK-00553,2026-09-24T18:48:00,RECONNAISSANCE,Port Scan,AST-0260,AST-0401,HIGH,OBSERVED,0.95
ATK-00553,2026-09-24T18:52:00,CREDENTIAL_ACCESS,Suspicious Login,AST-0260,AST-0401,HIGH,OBSERVED,0.887
ATK-00553,2026-09-24T18:56:00,LATERAL_MOVEMENT,Internal Login Burst,AST-0260,AST-0401,HIGH,INFERRED,0.901
ATK-00553,2026-09-24T19:00:00,LATERAL_MOVEMENT,Predicted Next Stage,AST-0260,AST-0401,MEDIUM,PREDICTED,0.904
ATK-00554,2026-09-08T23:21:00,RECONNAISSANCE,Port Scan,AST-0059,AST-0108,HIGH,OBSERVED,0.868
ATK-00554,2026-09-08T23:25:00,CREDENTIAL_ACCESS,Suspicious Login,AST-0059,AST-0108,HIGH,OBSERVED,0.845
ATK-00554,2026-09-08T23:29:00,LATERAL_MOVEMENT,Internal Login Burst,AST-0059,AST-0108,HIGH,INFERRED,0.787
ATK-00554,2026-09-08T23:33:00,CREDENTIAL_ACCESS,Predicted Next Stage,AST-0059,AST-0108,MEDIUM,PREDICTED,0.828
ATK-00555,2026-09-10T15:47:00,RECONNAISSANCE,Port Scan,AST-0401,AST-0137,HIGH,OBSERVED,0.818
ATK-00555,2026-09-10T15:51:00,CREDENTIAL_ACCESS,Suspicious Login,AST-0401,AST-0137,HIGH,OBSERVED,0.85
ATK-00555,2026-09-10T15:55:00,LATERAL_MOVEMENT,Internal Login Burst,AST-0401,AST-0137,HIGH,INFERRED,0.848
ATK-00555,2026-09-10T15:59:00,LATERAL_MOVEMENT,Predicted Next Stage,AST-0401,AST-0137,MEDIUM,PREDICTED,0.819
ATK-00556,2026-09-09T22:51:00,RECONNAISSANCE,Port Scan,AST-0088,AST-0158,HIGH,OBSERVED,0.761
ATK-00556,2026-09-09T22:55:00,CREDENTIAL_ACCESS,Suspicious Login,AST-0088,AST-0158,HIGH,OBSERVED,0.789
ATK-00556,2026-09-09T22:59:00,LATERAL_MOVEMENT,Internal Login Burst,AST-0088,AST-0158,HIGH,INFERRED,0.739
ATK-00556,2026-09-09T23:03:00,IMPACT,Predicted Next Stage,AST-0088,AST-0158,MEDIUM,PREDICTED,0.782
ATK-00557,2026-09-16T10:05:00,RECONNAISSANCE,Port Scan,AST-0324,AST-0207,HIGH,OBSERVED,0.739
ATK-00557,2026-09-16T10:09:00,CREDENTIAL_ACCESS,Suspicious Login,AST-0324,AST-0207,HIGH,OBSERVED,0.684
ATK-00557,2026-09-16T10:13:00,LATERAL_MOVEMENT,Internal Login Burst,AST-0324,AST-0207,HIGH,INFERRED,0.727
ATK-00557,2026-09-16T10:17:00,INITIAL_ACCESS,Predicted Next Stage,AST-0324,AST-0207,MEDIUM,PREDICTED,0.688
ATK-00558,2026-09-05T06:01:00,RECONNAISSANCE,Port Scan,AST-0128,AST-0414,HIGH,OBSERVED,0.718
ATK-00558,2026-09-05T06:05:00,CREDENTIAL_ACCESS,Suspicious Login,AST-0128,AST-0414,HIGH,OBSERVED,0.748
ATK-00558,2026-09-05T06:09:00,LATERAL_MOVEMENT,Internal Login Burst,AST-0128,AST-0414,HIGH,INFERRED,0.712
ATK-00558,2026-09-05T06:13:00,IMPACT,Predicted Next Stage,AST-0128,AST-0414,MEDIUM,PREDICTED,0.722
ATK-00559,2026-09-17T23:06:00,RECONNAISSANCE,Port Scan,AST-0117,AST-0238,HIGH,OBSERVED,0.783
ATK-00559,2026-09-17T23:10:00,CREDENTIAL_ACCESS,Suspicious Login,AST-0117,AST-0238,HIGH,OBSERVED,0.746
ATK-00559,2026-09-17T23:14:00,LATERAL_MOVEMENT,Internal Login Burst,AST-0117,AST-0238,HIGH,INFERRED,0.769
ATK-00559,2026-09-17T23:18:00,CREDENTIAL_ACCESS,Predicted Next Stage,AST-0117,AST-0238,MEDIUM,PREDICTED,0.8
ATK-00560,2026-09-06T17:54:00,RECONNAISSANCE,Port Scan,AST-0450,AST-0341,HIGH,OBSERVED,0.733
ATK-00560,2026-09-06T17:58:00,CREDENTIAL_ACCESS,Suspicious Login,AST-0450,AST-0341,HIGH,OBSERVED,0.735
ATK-00560,2026-09-06T18:02:00,LATERAL_MOVEMENT,Internal Login Burst,AST-0450,AST-0341,HIGH,INFERRED,0.707
ATK-00560,2026-09-06T18:06:00,INITIAL_ACCESS,Predicted Next Stage,AST-0450,AST-0341,MEDIUM,PREDICTED,0.746
ATK-00561,2026-09-09T19:08:00,RECONNAISSANCE,Port Scan,AST-0166,AST-0055,HIGH,OBSERVED,0.814
ATK-00561,2026-09-09T19:12:00,CREDENTIAL_ACCESS,Suspicious Login,AST-0166,AST-0055,HIGH,OBSERVED,0.797
ATK-00561,2026-09-09T19:16:00,LATERAL_MOVEMENT,Internal Login Burst,AST-0166,AST-0055,HIGH,INFERRED,0.746
ATK-00561,2026-09-09T19:20:00,PERSISTENCE,Predicted Next Stage,AST-0166,AST-0055,MEDIUM,PREDICTED,0.779
ATK-00562,2026-09-18T02:47:00,RECONNAISSANCE,Port Scan,AST-0210,AST-0099,HIGH,OBSERVED,0.857
ATK-00562,2026-09-18T02:51:00,CREDENTIAL_ACCESS,Suspicious Login,AST-0210,AST-0099,HIGH,OBSERVED,0.9
ATK-00562,2026-09-18T02:55:00,LATERAL_MOVEMENT,Internal Login Burst,AST-0210,AST-0099,HIGH,INFERRED,0.843
ATK-00562,2026-09-18T02:59:00,INITIAL_ACCESS,Predicted Next Stage,AST-0210,AST-0099,MEDIUM,PREDICTED,0.881
ATK-00563,2026-09-07T09:31:00,RECONNAISSANCE,Port Scan,AST-0338,AST-0185,HIGH,OBSERVED,0.759
ATK-00563,2026-09-07T09:35:00,CREDENTIAL_ACCESS,Suspicious Login,AST-0338,AST-0185,HIGH,OBSERVED,0.79
ATK-00563,2026-09-07T09:39:00,LATERAL_MOVEMENT,Internal Login Burst,AST-0338,AST-0185,HIGH,INFERRED,0.783
ATK-00563,2026-09-07T09:43:00,INITIAL_ACCESS,Predicted Next Stage,AST-0338,AST-0185,MEDIUM,PREDICTED,0.782
ATK-00564,2026-09-10T10:48:00,RECONNAISSANCE,Port Scan,AST-0250,AST-0176,HIGH,OBSERVED,0.755
ATK-00564,2026-09-10T10:52:00,CREDENTIAL_ACCESS,Suspicious Login,AST-0250,AST-0176,HIGH,OBSERVED,0.75
ATK-00564,2026-09-10T10:56:00,LATERAL_MOVEMENT,Internal Login Burst,AST-0250,AST-0176,HIGH,INFERRED,0.779
ATK-00564,2026-09-10T11:00:00,INITIAL_ACCESS,Predicted Next Stage,AST-0250,AST-0176,MEDIUM,PREDICTED,0.752
ATK-00565,2026-09-27T23:33:00,RECONNAISSANCE,Port Scan,AST-0054,AST-0486,HIGH,OBSERVED,0.799
ATK-00565,2026-09-27T23:37:00,CREDENTIAL_ACCESS,Suspicious Login,AST-0054,AST-0486,HIGH,OBSERVED,0.745
ATK-00565,2026-09-27T23:41:00,LATERAL_MOVEMENT,Internal Login Burst,AST-0054,AST-0486,HIGH,INFERRED,0.765
ATK-00565,2026-09-27T23:45:00,IMPACT,Predicted Next Stage,AST-0054,AST-0486,MEDIUM,PREDICTED,0.757
ATK-00566,2026-09-24T10:09:00,RECONNAISSANCE,Port Scan,AST-0268,AST-0390,HIGH,OBSERVED,0.778
ATK-00566,2026-09-24T10:13:00,CREDENTIAL_ACCESS,Suspicious Login,AST-0268,AST-0390,HIGH,OBSERVED,0.757
ATK-00566,2026-09-24T10:17:00,LATERAL_MOVEMENT,Internal Login Burst,AST-0268,AST-0390,HIGH,INFERRED,0.742
ATK-00566,2026-09-24T10:21:00,IMPACT,Predicted Next Stage,AST-0268,AST-0390,MEDIUM,PREDICTED,0.737
ATK-00567,2026-09-01T18:12:00,RECONNAISSANCE,Port Scan,AST-0281,AST-0034,HIGH,OBSERVED,0.838
ATK-00567,2026-09-01T18:16:00,CREDENTIAL_ACCESS,Suspicious Login,AST-0281,AST-0034,HIGH,OBSERVED,0.796
ATK-00567,2026-09-01T18:20:00,LATERAL_MOVEMENT,Internal Login Burst,AST-0281,AST-0034,HIGH,INFERRED,0.791
ATK-00567,2026-09-01T18:24:00,EXFILTRATION,Predicted Next Stage,AST-0281,AST-0034,MEDIUM,PREDICTED,0.822
ATK-00568,2026-09-04T23:48:00,RECONNAISSANCE,Port Scan,AST-0165,AST-0118,HIGH,OBSERVED,0.813
ATK-00568,2026-09-04T23:52:00,CREDENTIAL_ACCESS,Suspicious Login,AST-0165,AST-0118,HIGH,OBSERVED,0.839
ATK-00568,2026-09-04T23:56:00,LATERAL_MOVEMENT,Internal Login Burst,AST-0165,AST-0118,HIGH,INFERRED,0.861
ATK-00568,2026-09-05T00:00:00,PERSISTENCE,Predicted Next Stage,AST-0165,AST-0118,MEDIUM,PREDICTED,0.898
ATK-00569,2026-09-26T20:42:00,RECONNAISSANCE,Port Scan,AST-0202,AST-0028,HIGH,OBSERVED,0.662
ATK-00569,2026-09-26T20:46:00,CREDENTIAL_ACCESS,Suspicious Login,AST-0202,AST-0028,HIGH,OBSERVED,0.693
ATK-00569,2026-09-26T20:50:00,LATERAL_MOVEMENT,Internal Login Burst,AST-0202,AST-0028,HIGH,INFERRED,0.688
ATK-00569,2026-09-26T20:54:00,INITIAL_ACCESS,Predicted Next Stage,AST-0202,AST-0028,MEDIUM,PREDICTED,0.621
ATK-00570,2026-09-01T21:39:00,RECONNAISSANCE,Port Scan,AST-0091,AST-0193,HIGH,OBSERVED,0.883
ATK-00570,2026-09-01T21:43:00,CREDENTIAL_ACCESS,Suspicious Login,AST-0091,AST-0193,HIGH,OBSERVED,0.87
ATK-00570,2026-09-01T21:47:00,LATERAL_MOVEMENT,Internal Login Burst,AST-0091,AST-0193,HIGH,INFERRED,0.838
ATK-00570,2026-09-01T21:51:00,CREDENTIAL_ACCESS,Predicted Next Stage,AST-0091,AST-0193,MEDIUM,PREDICTED,0.881
ATK-00571,2026-09-14T00:48:00,RECONNAISSANCE,Port Scan,AST-0329,AST-0077,HIGH,OBSERVED,0.843
ATK-00571,2026-09-14T00:52:00,CREDENTIAL_ACCESS,Suspicious Login,AST-0329,AST-0077,HIGH,OBSERVED,0.902
ATK-00571,2026-09-14T00:56:00,LATERAL_MOVEMENT,Internal Login Burst,AST-0329,AST-0077,HIGH,INFERRED,0.885
ATK-00571,2026-09-14T01:00:00,LATERAL_MOVEMENT,Predicted Next Stage,AST-0329,AST-0077,MEDIUM,PREDICTED,0.869
ATK-00572,2026-09-22T06:29:00,RECONNAISSANCE,Port Scan,AST-0275,AST-0387,HIGH,OBSERVED,0.806
ATK-00572,2026-09-22T06:33:00,CREDENTIAL_ACCESS,Suspicious Login,AST-0275,AST-0387,HIGH,OBSERVED,0.754
ATK-00572,2026-09-22T06:37:00,LATERAL_MOVEMENT,Internal Login Burst,AST-0275,AST-0387,HIGH,INFERRED,0.815
ATK-00572,2026-09-22T06:41:00,INITIAL_ACCESS,Predicted Next Stage,AST-0275,AST-0387,MEDIUM,PREDICTED,0.801
ATK-00573,2026-09-01T18:48:00,RECONNAISSANCE,Port Scan,AST-0398,AST-0175,HIGH,OBSERVED,0.776
ATK-00573,2026-09-01T18:52:00,CREDENTIAL_ACCESS,Suspicious Login,AST-0398,AST-0175,HIGH,OBSERVED,0.819
ATK-00573,2026-09-01T18:56:00,LATERAL_MOVEMENT,Internal Login Burst,AST-0398,AST-0175,HIGH,INFERRED,0.838
ATK-00573,2026-09-01T19:00:00,LATERAL_MOVEMENT,Predicted Next Stage,AST-0398,AST-0175,MEDIUM,PREDICTED,0.831
ATK-00574,2026-09-23T15:39:00,RECONNAISSANCE,Port Scan,AST-0121,AST-0164,HIGH,OBSERVED,0.797
ATK-00574,2026-09-23T15:43:00,CREDENTIAL_ACCESS,Suspicious Login,AST-0121,AST-0164,HIGH,OBSERVED,0.788
ATK-00574,2026-09-23T15:47:00,LATERAL_MOVEMENT,Internal Login Burst,AST-0121,AST-0164,HIGH,INFERRED,0.856
ATK-00574,2026-09-23T15:51:00,LATERAL_MOVEMENT,Predicted Next Stage,AST-0121,AST-0164,MEDIUM,PREDICTED,0.865
ATK-00575,2026-09-19T09:57:00,RECONNAISSANCE,Port Scan,AST-0136,AST-0194,HIGH,OBSERVED,0.842
ATK-00575,2026-09-19T10:01:00,CREDENTIAL_ACCESS,Suspicious Login,AST-0136,AST-0194,HIGH,OBSERVED,0.801
ATK-00575,2026-09-19T10:05:00,LATERAL_MOVEMENT,Internal Login Burst,AST-0136,AST-0194,HIGH,INFERRED,0.781
ATK-00575,2026-09-19T10:09:00,IMPACT,Predicted Next Stage,AST-0136,AST-0194,MEDIUM,PREDICTED,0.834
ATK-00576,2026-09-17T07:50:00,RECONNAISSANCE,Port Scan,AST-0112,AST-0197,HIGH,OBSERVED,0.906
ATK-00576,2026-09-17T07:54:00,CREDENTIAL_ACCESS,Suspicious Login,AST-0112,AST-0197,HIGH,OBSERVED,0.816
ATK-00576,2026-09-17T07:58:00,LATERAL_MOVEMENT,Internal Login Burst,AST-0112,AST-0197,HIGH,INFERRED,0.857
ATK-00576,2026-09-17T08:02:00,LATERAL_MOVEMENT,Predicted Next Stage,AST-0112,AST-0197,MEDIUM,PREDICTED,0.85
ATK-00577,2026-09-17T20:14:00,RECONNAISSANCE,Port Scan,AST-0194,AST-0129,HIGH,OBSERVED,0.92
ATK-00577,2026-09-17T20:18:00,CREDENTIAL_ACCESS,Suspicious Login,AST-0194,AST-0129,HIGH,OBSERVED,0.92
ATK-00577,2026-09-17T20:22:00,LATERAL_MOVEMENT,Internal Login Burst,AST-0194,AST-0129,HIGH,INFERRED,0.959
ATK-00577,2026-09-17T20:26:00,LATERAL_MOVEMENT,Predicted Next Stage,AST-0194,AST-0129,MEDIUM,PREDICTED,0.858
ATK-00578,2026-09-04T01:58:00,RECONNAISSANCE,Port Scan,AST-0055,AST-0393,HIGH,OBSERVED,0.772
ATK-00578,2026-09-04T02:02:00,CREDENTIAL_ACCESS,Suspicious Login,AST-0055,AST-0393,HIGH,OBSERVED,0.868
ATK-00578,2026-09-04T02:06:00,LATERAL_MOVEMENT,Internal Login Burst,AST-0055,AST-0393,HIGH,INFERRED,0.745
ATK-00578,2026-09-04T02:10:00,LATERAL_MOVEMENT,Predicted Next Stage,AST-0055,AST-0393,MEDIUM,PREDICTED,0.779
ATK-00579,2026-09-10T17:00:00,RECONNAISSANCE,Port Scan,AST-0424,AST-0002,HIGH,OBSERVED,0.793
ATK-00579,2026-09-10T17:04:00,CREDENTIAL_ACCESS,Suspicious Login,AST-0424,AST-0002,HIGH,OBSERVED,0.783
ATK-00579,2026-09-10T17:08:00,LATERAL_MOVEMENT,Internal Login Burst,AST-0424,AST-0002,HIGH,INFERRED,0.841
ATK-00579,2026-09-10T17:12:00,CREDENTIAL_ACCESS,Predicted Next Stage,AST-0424,AST-0002,MEDIUM,PREDICTED,0.769
ATK-00580,2026-09-18T17:22:00,RECONNAISSANCE,Port Scan,AST-0146,AST-0386,HIGH,OBSERVED,0.856
ATK-00580,2026-09-18T17:26:00,CREDENTIAL_ACCESS,Suspicious Login,AST-0146,AST-0386,HIGH,OBSERVED,0.841
ATK-00580,2026-09-18T17:30:00,LATERAL_MOVEMENT,Internal Login Burst,AST-0146,AST-0386,HIGH,INFERRED,0.84
ATK-00580,2026-09-18T17:34:00,LATERAL_MOVEMENT,Predicted Next Stage,AST-0146,AST-0386,MEDIUM,PREDICTED,0.809
ATK-00581,2026-09-09T23:01:00,RECONNAISSANCE,Port Scan,AST-0408,AST-0016,HIGH,OBSERVED,0.813
ATK-00581,2026-09-09T23:05:00,CREDENTIAL_ACCESS,Suspicious Login,AST-0408,AST-0016,HIGH,OBSERVED,0.877
ATK-00581,2026-09-09T23:09:00,LATERAL_MOVEMENT,Internal Login Burst,AST-0408,AST-0016,HIGH,INFERRED,0.862
ATK-00581,2026-09-09T23:13:00,EXFILTRATION,Predicted Next Stage,AST-0408,AST-0016,MEDIUM,PREDICTED,0.834
ATK-00582,2026-09-16T00:09:00,RECONNAISSANCE,Port Scan,AST-0021,AST-0057,HIGH,OBSERVED,0.674
ATK-00582,2026-09-16T00:13:00,CREDENTIAL_ACCESS,Suspicious Login,AST-0021,AST-0057,HIGH,OBSERVED,0.78
ATK-00582,2026-09-16T00:17:00,LATERAL_MOVEMENT,Internal Login Burst,AST-0021,AST-0057,HIGH,INFERRED,0.739
ATK-00582,2026-09-16T00:21:00,IMPACT,Predicted Next Stage,AST-0021,AST-0057,MEDIUM,PREDICTED,0.778
ATK-00583,2026-09-20T05:34:00,RECONNAISSANCE,Port Scan,AST-0187,AST-0057,HIGH,OBSERVED,0.69
ATK-00583,2026-09-20T05:38:00,CREDENTIAL_ACCESS,Suspicious Login,AST-0187,AST-0057,HIGH,OBSERVED,0.702
ATK-00583,2026-09-20T05:42:00,LATERAL_MOVEMENT,Internal Login Burst,AST-0187,AST-0057,HIGH,INFERRED,0.773
ATK-00583,2026-09-20T05:46:00,PERSISTENCE,Predicted Next Stage,AST-0187,AST-0057,MEDIUM,PREDICTED,0.663
ATK-00584,2026-09-09T11:03:00,RECONNAISSANCE,Port Scan,AST-0099,AST-0269,HIGH,OBSERVED,0.833
ATK-00584,2026-09-09T11:07:00,CREDENTIAL_ACCESS,Suspicious Login,AST-0099,AST-0269,HIGH,OBSERVED,0.881
ATK-00584,2026-09-09T11:11:00,LATERAL_MOVEMENT,Internal Login Burst,AST-0099,AST-0269,HIGH,INFERRED,0.88
ATK-00584,2026-09-09T11:15:00,LATERAL_MOVEMENT,Predicted Next Stage,AST-0099,AST-0269,MEDIUM,PREDICTED,0.901
ATK-00585,2026-09-05T05:31:00,RECONNAISSANCE,Port Scan,AST-0242,AST-0025,HIGH,OBSERVED,0.913
ATK-00585,2026-09-05T05:35:00,CREDENTIAL_ACCESS,Suspicious Login,AST-0242,AST-0025,HIGH,OBSERVED,0.948
ATK-00585,2026-09-05T05:39:00,LATERAL_MOVEMENT,Internal Login Burst,AST-0242,AST-0025,HIGH,INFERRED,0.926
ATK-00585,2026-09-05T05:43:00,PERSISTENCE,Predicted Next Stage,AST-0242,AST-0025,MEDIUM,PREDICTED,0.899
ATK-00586,2026-09-18T01:58:00,RECONNAISSANCE,Port Scan,AST-0377,AST-0387,HIGH,OBSERVED,0.802
ATK-00586,2026-09-18T02:02:00,CREDENTIAL_ACCESS,Suspicious Login,AST-0377,AST-0387,HIGH,OBSERVED,0.732
ATK-00586,2026-09-18T02:06:00,LATERAL_MOVEMENT,Internal Login Burst,AST-0377,AST-0387,HIGH,INFERRED,0.783
ATK-00586,2026-09-18T02:10:00,IMPACT,Predicted Next Stage,AST-0377,AST-0387,MEDIUM,PREDICTED,0.814
ATK-00587,2026-09-19T10:19:00,RECONNAISSANCE,Port Scan,AST-0481,AST-0279,HIGH,OBSERVED,0.847
ATK-00587,2026-09-19T10:23:00,CREDENTIAL_ACCESS,Suspicious Login,AST-0481,AST-0279,HIGH,OBSERVED,0.802
ATK-00587,2026-09-19T10:27:00,LATERAL_MOVEMENT,Internal Login Burst,AST-0481,AST-0279,HIGH,INFERRED,0.844
ATK-00587,2026-09-19T10:31:00,IMPACT,Predicted Next Stage,AST-0481,AST-0279,MEDIUM,PREDICTED,0.86
ATK-00588,2026-09-13T05:36:00,RECONNAISSANCE,Port Scan,AST-0116,AST-0266,HIGH,OBSERVED,0.731
ATK-00588,2026-09-13T05:40:00,CREDENTIAL_ACCESS,Suspicious Login,AST-0116,AST-0266,HIGH,OBSERVED,0.686
ATK-00588,2026-09-13T05:44:00,LATERAL_MOVEMENT,Internal Login Burst,AST-0116,AST-0266,HIGH,INFERRED,0.703
ATK-00588,2026-09-13T05:48:00,EXFILTRATION,Predicted Next Stage,AST-0116,AST-0266,MEDIUM,PREDICTED,0.688
ATK-00589,2026-09-22T10:01:00,RECONNAISSANCE,Port Scan,AST-0117,AST-0024,HIGH,OBSERVED,0.802
ATK-00589,2026-09-22T10:05:00,CREDENTIAL_ACCESS,Suspicious Login,AST-0117,AST-0024,HIGH,OBSERVED,0.833
ATK-00589,2026-09-22T10:09:00,LATERAL_MOVEMENT,Internal Login Burst,AST-0117,AST-0024,HIGH,INFERRED,0.858
ATK-00589,2026-09-22T10:13:00,EXFILTRATION,Predicted Next Stage,AST-0117,AST-0024,MEDIUM,PREDICTED,0.796
ATK-00590,2026-09-16T07:22:00,RECONNAISSANCE,Port Scan,AST-0441,AST-0348,HIGH,OBSERVED,0.869
ATK-00590,2026-09-16T07:26:00,CREDENTIAL_ACCESS,Suspicious Login,AST-0441,AST-0348,HIGH,OBSERVED,0.796
ATK-00590,2026-09-16T07:30:00,LATERAL_MOVEMENT,Internal Login Burst,AST-0441,AST-0348,HIGH,INFERRED,0.853
ATK-00590,2026-09-16T07:34:00,LATERAL_MOVEMENT,Predicted Next Stage,AST-0441,AST-0348,MEDIUM,PREDICTED,0.848
ATK-00591,2026-09-26T17:52:00,RECONNAISSANCE,Port Scan,AST-0259,AST-0299,HIGH,OBSERVED,0.955
ATK-00591,2026-09-26T17:56:00,CREDENTIAL_ACCESS,Suspicious Login,AST-0259,AST-0299,HIGH,OBSERVED,0.99
ATK-00591,2026-09-26T18:00:00,LATERAL_MOVEMENT,Internal Login Burst,AST-0259,AST-0299,HIGH,INFERRED,0.931
ATK-00591,2026-09-26T18:04:00,LATERAL_MOVEMENT,Predicted Next Stage,AST-0259,AST-0299,MEDIUM,PREDICTED,0.977
ATK-00592,2026-09-06T20:45:00,RECONNAISSANCE,Port Scan,AST-0103,AST-0244,HIGH,OBSERVED,0.811
ATK-00592,2026-09-06T20:49:00,CREDENTIAL_ACCESS,Suspicious Login,AST-0103,AST-0244,HIGH,OBSERVED,0.812
ATK-00592,2026-09-06T20:53:00,LATERAL_MOVEMENT,Internal Login Burst,AST-0103,AST-0244,HIGH,INFERRED,0.807
ATK-00592,2026-09-06T20:57:00,CREDENTIAL_ACCESS,Predicted Next Stage,AST-0103,AST-0244,MEDIUM,PREDICTED,0.807
ATK-00593,2026-09-26T18:02:00,RECONNAISSANCE,Port Scan,AST-0315,AST-0201,HIGH,OBSERVED,0.765
ATK-00593,2026-09-26T18:06:00,CREDENTIAL_ACCESS,Suspicious Login,AST-0315,AST-0201,HIGH,OBSERVED,0.826
ATK-00593,2026-09-26T18:10:00,LATERAL_MOVEMENT,Internal Login Burst,AST-0315,AST-0201,HIGH,INFERRED,0.731
ATK-00593,2026-09-26T18:14:00,LATERAL_MOVEMENT,Predicted Next Stage,AST-0315,AST-0201,MEDIUM,PREDICTED,0.812
ATK-00594,2026-09-10T14:22:00,RECONNAISSANCE,Port Scan,AST-0245,AST-0381,HIGH,OBSERVED,0.813
ATK-00594,2026-09-10T14:26:00,CREDENTIAL_ACCESS,Suspicious Login,AST-0245,AST-0381,HIGH,OBSERVED,0.784
ATK-00594,2026-09-10T14:30:00,LATERAL_MOVEMENT,Internal Login Burst,AST-0245,AST-0381,HIGH,INFERRED,0.812
ATK-00594,2026-09-10T14:34:00,LATERAL_MOVEMENT,Predicted Next Stage,AST-0245,AST-0381,MEDIUM,PREDICTED,0.803
ATK-00595,2026-09-26T23:21:00,RECONNAISSANCE,Port Scan,AST-0381,AST-0342,HIGH,OBSERVED,0.839
ATK-00595,2026-09-26T23:25:00,CREDENTIAL_ACCESS,Suspicious Login,AST-0381,AST-0342,HIGH,OBSERVED,0.846
ATK-00595,2026-09-26T23:29:00,LATERAL_MOVEMENT,Internal Login Burst,AST-0381,AST-0342,HIGH,INFERRED,0.807
ATK-00595,2026-09-26T23:33:00,EXFILTRATION,Predicted Next Stage,AST-0381,AST-0342,MEDIUM,PREDICTED,0.878
ATK-00596,2026-09-16T11:59:00,RECONNAISSANCE,Port Scan,AST-0320,AST-0333,HIGH,OBSERVED,0.861
ATK-00596,2026-09-16T12:03:00,CREDENTIAL_ACCESS,Suspicious Login,AST-0320,AST-0333,HIGH,OBSERVED,0.826
ATK-00596,2026-09-16T12:07:00,LATERAL_MOVEMENT,Internal Login Burst,AST-0320,AST-0333,HIGH,INFERRED,0.813
ATK-00596,2026-09-16T12:11:00,CREDENTIAL_ACCESS,Predicted Next Stage,AST-0320,AST-0333,MEDIUM,PREDICTED,0.791
ATK-00597,2026-09-25T08:58:00,RECONNAISSANCE,Port Scan,AST-0140,AST-0294,HIGH,OBSERVED,0.99
ATK-00597,2026-09-25T09:02:00,CREDENTIAL_ACCESS,Suspicious Login,AST-0140,AST-0294,HIGH,OBSERVED,0.966
ATK-00597,2026-09-25T09:06:00,LATERAL_MOVEMENT,Internal Login Burst,AST-0140,AST-0294,HIGH,INFERRED,0.935
ATK-00597,2026-09-25T09:10:00,LATERAL_MOVEMENT,Predicted Next Stage,AST-0140,AST-0294,MEDIUM,PREDICTED,0.927
ATK-00598,2026-09-16T09:43:00,RECONNAISSANCE,Port Scan,AST-0129,AST-0273,HIGH,OBSERVED,0.796
ATK-00598,2026-09-16T09:47:00,CREDENTIAL_ACCESS,Suspicious Login,AST-0129,AST-0273,HIGH,OBSERVED,0.807
ATK-00598,2026-09-16T09:51:00,LATERAL_MOVEMENT,Internal Login Burst,AST-0129,AST-0273,HIGH,INFERRED,0.833
ATK-00598,2026-09-16T09:55:00,PERSISTENCE,Predicted Next Stage,AST-0129,AST-0273,MEDIUM,PREDICTED,0.779
ATK-00599,2026-09-02T03:58:00,RECONNAISSANCE,Port Scan,AST-0220,AST-0133,HIGH,OBSERVED,0.723
ATK-00599,2026-09-02T04:02:00,CREDENTIAL_ACCESS,Suspicious Login,AST-0220,AST-0133,HIGH,OBSERVED,0.731
ATK-00599,2026-09-02T04:06:00,LATERAL_MOVEMENT,Internal Login Burst,AST-0220,AST-0133,HIGH,INFERRED,0.652
ATK-00599,2026-09-02T04:10:00,LATERAL_MOVEMENT,Predicted Next Stage,AST-0220,AST-0133,MEDIUM,PREDICTED,0.7
ATK-00600,2026-09-24T01:47:00,RECONNAISSANCE,Port Scan,AST-0164,AST-0285,HIGH,OBSERVED,0.793
ATK-00600,2026-09-24T01:51:00,CREDENTIAL_ACCESS,Suspicious Login,AST-0164,AST-0285,HIGH,OBSERVED,0.805
ATK-00600,2026-09-24T01:55:00,LATERAL_MOVEMENT,Internal Login Burst,AST-0164,AST-0285,HIGH,INFERRED,0.762
ATK-00600,2026-09-24T01:59:00,EXFILTRATION,Predicted Next Stage,AST-0164,AST-0285,MEDIUM,PREDICTED,0.826
ATK-00601,2026-09-19T09:35:00,RECONNAISSANCE,Port Scan,AST-0394,AST-0086,HIGH,OBSERVED,0.875
ATK-00601,2026-09-19T09:39:00,CREDENTIAL_ACCESS,Suspicious Login,AST-0394,AST-0086,HIGH,OBSERVED,0.823
ATK-00601,2026-09-19T09:43:00,LATERAL_MOVEMENT,Internal Login Burst,AST-0394,AST-0086,HIGH,INFERRED,0.886
ATK-00601,2026-09-19T09:47:00,IMPACT,Predicted Next Stage,AST-0394,AST-0086,MEDIUM,PREDICTED,0.866
ATK-00602,2026-09-26T08:59:00,RECONNAISSANCE,Port Scan,AST-0238,AST-0138,HIGH,OBSERVED,0.794
ATK-00602,2026-09-26T09:03:00,CREDENTIAL_ACCESS,Suspicious Login,AST-0238,AST-0138,HIGH,OBSERVED,0.691
ATK-00602,2026-09-26T09:07:00,LATERAL_MOVEMENT,Internal Login Burst,AST-0238,AST-0138,HIGH,INFERRED,0.759
ATK-00602,2026-09-26T09:11:00,EXFILTRATION,Predicted Next Stage,AST-0238,AST-0138,MEDIUM,PREDICTED,0.787
ATK-00603,2026-09-04T12:09:00,RECONNAISSANCE,Port Scan,AST-0139,AST-0286,HIGH,OBSERVED,0.962
ATK-00603,2026-09-04T12:13:00,CREDENTIAL_ACCESS,Suspicious Login,AST-0139,AST-0286,HIGH,OBSERVED,0.955
ATK-00603,2026-09-04T12:17:00,LATERAL_MOVEMENT,Internal Login Burst,AST-0139,AST-0286,HIGH,INFERRED,0.907
ATK-00603,2026-09-04T12:21:00,CREDENTIAL_ACCESS,Predicted Next Stage,AST-0139,AST-0286,MEDIUM,PREDICTED,0.969
ATK-00604,2026-09-14T17:21:00,RECONNAISSANCE,Port Scan,AST-0305,AST-0147,HIGH,OBSERVED,0.726
ATK-00604,2026-09-14T17:25:00,CREDENTIAL_ACCESS,Suspicious Login,AST-0305,AST-0147,HIGH,OBSERVED,0.73
ATK-00604,2026-09-14T17:29:00,LATERAL_MOVEMENT,Internal Login Burst,AST-0305,AST-0147,HIGH,INFERRED,0.767
ATK-00604,2026-09-14T17:33:00,LATERAL_MOVEMENT,Predicted Next Stage,AST-0305,AST-0147,MEDIUM,PREDICTED,0.733
ATK-00605,2026-09-25T12:48:00,RECONNAISSANCE,Port Scan,AST-0342,AST-0293,HIGH,OBSERVED,0.9
ATK-00605,2026-09-25T12:52:00,CREDENTIAL_ACCESS,Suspicious Login,AST-0342,AST-0293,HIGH,OBSERVED,0.947
ATK-00605,2026-09-25T12:56:00,LATERAL_MOVEMENT,Internal Login Burst,AST-0342,AST-0293,HIGH,INFERRED,0.953
ATK-00605,2026-09-25T13:00:00,LATERAL_MOVEMENT,Predicted Next Stage,AST-0342,AST-0293,MEDIUM,PREDICTED,0.932
ATK-00606,2026-09-25T08:15:00,RECONNAISSANCE,Port Scan,AST-0467,AST-0496,HIGH,OBSERVED,0.89
ATK-00606,2026-09-25T08:19:00,CREDENTIAL_ACCESS,Suspicious Login,AST-0467,AST-0496,HIGH,OBSERVED,0.919
ATK-00606,2026-09-25T08:23:00,LATERAL_MOVEMENT,Internal Login Burst,AST-0467,AST-0496,HIGH,INFERRED,0.844
ATK-00606,2026-09-25T08:27:00,INITIAL_ACCESS,Predicted Next Stage,AST-0467,AST-0496,MEDIUM,PREDICTED,0.852
ATK-00607,2026-09-21T06:29:00,RECONNAISSANCE,Port Scan,AST-0308,AST-0169,HIGH,OBSERVED,0.834
ATK-00607,2026-09-21T06:33:00,CREDENTIAL_ACCESS,Suspicious Login,AST-0308,AST-0169,HIGH,OBSERVED,0.861
ATK-00607,2026-09-21T06:37:00,LATERAL_MOVEMENT,Internal Login Burst,AST-0308,AST-0169,HIGH,INFERRED,0.838
ATK-00607,2026-09-21T06:41:00,EXFILTRATION,Predicted Next Stage,AST-0308,AST-0169,MEDIUM,PREDICTED,0.826
ATK-00608,2026-09-11T15:06:00,RECONNAISSANCE,Port Scan,AST-0285,AST-0097,HIGH,OBSERVED,0.843
ATK-00608,2026-09-11T15:10:00,CREDENTIAL_ACCESS,Suspicious Login,AST-0285,AST-0097,HIGH,OBSERVED,0.891
ATK-00608,2026-09-11T15:14:00,LATERAL_MOVEMENT,Internal Login Burst,AST-0285,AST-0097,HIGH,INFERRED,0.819
ATK-00608,2026-09-11T15:18:00,LATERAL_MOVEMENT,Predicted Next Stage,AST-0285,AST-0097,MEDIUM,PREDICTED,0.847
ATK-00609,2026-09-09T02:54:00,RECONNAISSANCE,Port Scan,AST-0413,AST-0050,HIGH,OBSERVED,0.743
ATK-00609,2026-09-09T02:58:00,CREDENTIAL_ACCESS,Suspicious Login,AST-0413,AST-0050,HIGH,OBSERVED,0.709
ATK-00609,2026-09-09T03:02:00,LATERAL_MOVEMENT,Internal Login Burst,AST-0413,AST-0050,HIGH,INFERRED,0.771
ATK-00609,2026-09-09T03:06:00,INITIAL_ACCESS,Predicted Next Stage,AST-0413,AST-0050,MEDIUM,PREDICTED,0.753
ATK-00610,2026-09-13T23:07:00,RECONNAISSANCE,Port Scan,AST-0043,AST-0216,HIGH,OBSERVED,0.811
ATK-00610,2026-09-13T23:11:00,CREDENTIAL_ACCESS,Suspicious Login,AST-0043,AST-0216,HIGH,OBSERVED,0.81
ATK-00610,2026-09-13T23:15:00,LATERAL_MOVEMENT,Internal Login Burst,AST-0043,AST-0216,HIGH,INFERRED,0.81
ATK-00610,2026-09-13T23:19:00,EXFILTRATION,Predicted Next Stage,AST-0043,AST-0216,MEDIUM,PREDICTED,0.808
ATK-00611,2026-09-06T00:11:00,RECONNAISSANCE,Port Scan,AST-0255,AST-0492,HIGH,OBSERVED,0.79
ATK-00611,2026-09-06T00:15:00,CREDENTIAL_ACCESS,Suspicious Login,AST-0255,AST-0492,HIGH,OBSERVED,0.766
ATK-00611,2026-09-06T00:19:00,LATERAL_MOVEMENT,Internal Login Burst,AST-0255,AST-0492,HIGH,INFERRED,0.809
ATK-00611,2026-09-06T00:23:00,INITIAL_ACCESS,Predicted Next Stage,AST-0255,AST-0492,MEDIUM,PREDICTED,0.742
ATK-00612,2026-09-26T22:07:00,RECONNAISSANCE,Port Scan,AST-0283,AST-0326,HIGH,OBSERVED,0.887
ATK-00612,2026-09-26T22:11:00,CREDENTIAL_ACCESS,Suspicious Login,AST-0283,AST-0326,HIGH,OBSERVED,0.863
ATK-00612,2026-09-26T22:15:00,LATERAL_MOVEMENT,Internal Login Burst,AST-0283,AST-0326,HIGH,INFERRED,0.82
ATK-00612,2026-09-26T22:19:00,INITIAL_ACCESS,Predicted Next Stage,AST-0283,AST-0326,MEDIUM,PREDICTED,0.887
ATK-00613,2026-09-06T05:20:00,RECONNAISSANCE,Port Scan,AST-0020,AST-0320,HIGH,OBSERVED,0.812
ATK-00613,2026-09-06T05:24:00,CREDENTIAL_ACCESS,Suspicious Login,AST-0020,AST-0320,HIGH,OBSERVED,0.787
ATK-00613,2026-09-06T05:28:00,LATERAL_MOVEMENT,Internal Login Burst,AST-0020,AST-0320,HIGH,INFERRED,0.835
ATK-00613,2026-09-06T05:32:00,INITIAL_ACCESS,Predicted Next Stage,AST-0020,AST-0320,MEDIUM,PREDICTED,0.789
ATK-00614,2026-09-17T06:00:00,RECONNAISSANCE,Port Scan,AST-0035,AST-0171,HIGH,OBSERVED,0.712
ATK-00614,2026-09-17T06:04:00,CREDENTIAL_ACCESS,Suspicious Login,AST-0035,AST-0171,HIGH,OBSERVED,0.68
ATK-00614,2026-09-17T06:08:00,LATERAL_MOVEMENT,Internal Login Burst,AST-0035,AST-0171,HIGH,INFERRED,0.747
ATK-00614,2026-09-17T06:12:00,INITIAL_ACCESS,Predicted Next Stage,AST-0035,AST-0171,MEDIUM,PREDICTED,0.744
ATK-00615,2026-09-11T17:20:00,RECONNAISSANCE,Port Scan,AST-0423,AST-0028,HIGH,OBSERVED,0.796
ATK-00615,2026-09-11T17:24:00,CREDENTIAL_ACCESS,Suspicious Login,AST-0423,AST-0028,HIGH,OBSERVED,0.752
ATK-00615,2026-09-11T17:28:00,LATERAL_MOVEMENT,Internal Login Burst,AST-0423,AST-0028,HIGH,INFERRED,0.802
ATK-00615,2026-09-11T17:32:00,IMPACT,Predicted Next Stage,AST-0423,AST-0028,MEDIUM,PREDICTED,0.837
ATK-00616,2026-09-22T07:19:00,RECONNAISSANCE,Port Scan,AST-0047,AST-0254,HIGH,OBSERVED,0.865
ATK-00616,2026-09-22T07:23:00,CREDENTIAL_ACCESS,Suspicious Login,AST-0047,AST-0254,HIGH,OBSERVED,0.825
ATK-00616,2026-09-22T07:27:00,LATERAL_MOVEMENT,Internal Login Burst,AST-0047,AST-0254,HIGH,INFERRED,0.867
ATK-00616,2026-09-22T07:31:00,CREDENTIAL_ACCESS,Predicted Next Stage,AST-0047,AST-0254,MEDIUM,PREDICTED,0.863
ATK-00617,2026-09-13T04:28:00,RECONNAISSANCE,Port Scan,AST-0193,AST-0071,HIGH,OBSERVED,0.788
ATK-00617,2026-09-13T04:32:00,CREDENTIAL_ACCESS,Suspicious Login,AST-0193,AST-0071,HIGH,OBSERVED,0.824
ATK-00617,2026-09-13T04:36:00,LATERAL_MOVEMENT,Internal Login Burst,AST-0193,AST-0071,HIGH,INFERRED,0.836
ATK-00617,2026-09-13T04:40:00,IMPACT,Predicted Next Stage,AST-0193,AST-0071,MEDIUM,PREDICTED,0.81
ATK-00618,2026-09-18T13:48:00,RECONNAISSANCE,Port Scan,AST-0416,AST-0113,HIGH,OBSERVED,0.822
ATK-00618,2026-09-18T13:52:00,CREDENTIAL_ACCESS,Suspicious Login,AST-0416,AST-0113,HIGH,OBSERVED,0.817
ATK-00618,2026-09-18T13:56:00,LATERAL_MOVEMENT,Internal Login Burst,AST-0416,AST-0113,HIGH,INFERRED,0.802
ATK-00618,2026-09-18T14:00:00,IMPACT,Predicted Next Stage,AST-0416,AST-0113,MEDIUM,PREDICTED,0.9
ATK-00619,2026-09-06T07:58:00,RECONNAISSANCE,Port Scan,AST-0111,AST-0175,HIGH,OBSERVED,0.909
ATK-00619,2026-09-06T08:02:00,CREDENTIAL_ACCESS,Suspicious Login,AST-0111,AST-0175,HIGH,OBSERVED,0.934
ATK-00619,2026-09-06T08:06:00,LATERAL_MOVEMENT,Internal Login Burst,AST-0111,AST-0175,HIGH,INFERRED,0.927
ATK-00619,2026-09-06T08:10:00,LATERAL_MOVEMENT,Predicted Next Stage,AST-0111,AST-0175,MEDIUM,PREDICTED,0.895
ATK-00620,2026-09-03T13:51:00,RECONNAISSANCE,Port Scan,AST-0055,AST-0225,HIGH,OBSERVED,0.812
ATK-00620,2026-09-03T13:55:00,CREDENTIAL_ACCESS,Suspicious Login,AST-0055,AST-0225,HIGH,OBSERVED,0.733
ATK-00620,2026-09-03T13:59:00,LATERAL_MOVEMENT,Internal Login Burst,AST-0055,AST-0225,HIGH,INFERRED,0.797
ATK-00620,2026-09-03T14:03:00,IMPACT,Predicted Next Stage,AST-0055,AST-0225,MEDIUM,PREDICTED,0.829
ATK-00621,2026-09-01T22:11:00,RECONNAISSANCE,Port Scan,AST-0262,AST-0251,HIGH,OBSERVED,0.8
ATK-00621,2026-09-01T22:15:00,CREDENTIAL_ACCESS,Suspicious Login,AST-0262,AST-0251,HIGH,OBSERVED,0.805
ATK-00621,2026-09-01T22:19:00,LATERAL_MOVEMENT,Internal Login Burst,AST-0262,AST-0251,HIGH,INFERRED,0.792
ATK-00621,2026-09-01T22:23:00,LATERAL_MOVEMENT,Predicted Next Stage,AST-0262,AST-0251,MEDIUM,PREDICTED,0.773
ATK-00622,2026-09-20T00:32:00,RECONNAISSANCE,Port Scan,AST-0497,AST-0170,HIGH,OBSERVED,0.869
ATK-00622,2026-09-20T00:36:00,CREDENTIAL_ACCESS,Suspicious Login,AST-0497,AST-0170,HIGH,OBSERVED,0.873
ATK-00622,2026-09-20T00:40:00,LATERAL_MOVEMENT,Internal Login Burst,AST-0497,AST-0170,HIGH,INFERRED,0.781
ATK-00622,2026-09-20T00:44:00,LATERAL_MOVEMENT,Predicted Next Stage,AST-0497,AST-0170,MEDIUM,PREDICTED,0.806
ATK-00623,2026-09-09T16:40:00,RECONNAISSANCE,Port Scan,AST-0320,AST-0077,HIGH,OBSERVED,0.823
ATK-00623,2026-09-09T16:44:00,CREDENTIAL_ACCESS,Suspicious Login,AST-0320,AST-0077,HIGH,OBSERVED,0.779
ATK-00623,2026-09-09T16:48:00,LATERAL_MOVEMENT,Internal Login Burst,AST-0320,AST-0077,HIGH,INFERRED,0.779
ATK-00623,2026-09-09T16:52:00,EXFILTRATION,Predicted Next Stage,AST-0320,AST-0077,MEDIUM,PREDICTED,0.794
ATK-00624,2026-09-16T17:48:00,RECONNAISSANCE,Port Scan,AST-0293,AST-0079,HIGH,OBSERVED,0.794
ATK-00624,2026-09-16T17:52:00,CREDENTIAL_ACCESS,Suspicious Login,AST-0293,AST-0079,HIGH,OBSERVED,0.814
ATK-00624,2026-09-16T17:56:00,LATERAL_MOVEMENT,Internal Login Burst,AST-0293,AST-0079,HIGH,INFERRED,0.805
ATK-00624,2026-09-16T18:00:00,EXFILTRATION,Predicted Next Stage,AST-0293,AST-0079,MEDIUM,PREDICTED,0.784
ATK-00625,2026-09-02T03:39:00,RECONNAISSANCE,Port Scan,AST-0127,AST-0353,HIGH,OBSERVED,0.99
ATK-00625,2026-09-02T03:43:00,CREDENTIAL_ACCESS,Suspicious Login,AST-0127,AST-0353,HIGH,OBSERVED,0.941
ATK-00625,2026-09-02T03:47:00,LATERAL_MOVEMENT,Internal Login Burst,AST-0127,AST-0353,HIGH,INFERRED,0.99
ATK-00625,2026-09-02T03:51:00,PERSISTENCE,Predicted Next Stage,AST-0127,AST-0353,MEDIUM,PREDICTED,0.918
ATK-00626,2026-09-10T11:59:00,RECONNAISSANCE,Port Scan,AST-0469,AST-0132,HIGH,OBSERVED,0.75
ATK-00626,2026-09-10T12:03:00,CREDENTIAL_ACCESS,Suspicious Login,AST-0469,AST-0132,HIGH,OBSERVED,0.739
ATK-00626,2026-09-10T12:07:00,LATERAL_MOVEMENT,Internal Login Burst,AST-0469,AST-0132,HIGH,INFERRED,0.745
ATK-00626,2026-09-10T12:11:00,IMPACT,Predicted Next Stage,AST-0469,AST-0132,MEDIUM,PREDICTED,0.723
ATK-00627,2026-09-20T06:32:00,RECONNAISSANCE,Port Scan,AST-0479,AST-0453,HIGH,OBSERVED,0.767
ATK-00627,2026-09-20T06:36:00,CREDENTIAL_ACCESS,Suspicious Login,AST-0479,AST-0453,HIGH,OBSERVED,0.758
ATK-00627,2026-09-20T06:40:00,LATERAL_MOVEMENT,Internal Login Burst,AST-0479,AST-0453,HIGH,INFERRED,0.735
ATK-00627,2026-09-20T06:44:00,PERSISTENCE,Predicted Next Stage,AST-0479,AST-0453,MEDIUM,PREDICTED,0.741
ATK-00628,2026-09-04T20:28:00,RECONNAISSANCE,Port Scan,AST-0106,AST-0066,HIGH,OBSERVED,0.859
ATK-00628,2026-09-04T20:32:00,CREDENTIAL_ACCESS,Suspicious Login,AST-0106,AST-0066,HIGH,OBSERVED,0.87
ATK-00628,2026-09-04T20:36:00,LATERAL_MOVEMENT,Internal Login Burst,AST-0106,AST-0066,HIGH,INFERRED,0.825
ATK-00628,2026-09-04T20:40:00,LATERAL_MOVEMENT,Predicted Next Stage,AST-0106,AST-0066,MEDIUM,PREDICTED,0.866
ATK-00629,2026-09-26T23:56:00,RECONNAISSANCE,Port Scan,AST-0179,AST-0148,HIGH,OBSERVED,0.79
ATK-00629,2026-09-27T00:00:00,CREDENTIAL_ACCESS,Suspicious Login,AST-0179,AST-0148,HIGH,OBSERVED,0.764
ATK-00629,2026-09-27T00:04:00,LATERAL_MOVEMENT,Internal Login Burst,AST-0179,AST-0148,HIGH,INFERRED,0.815
ATK-00629,2026-09-27T00:08:00,INITIAL_ACCESS,Predicted Next Stage,AST-0179,AST-0148,MEDIUM,PREDICTED,0.765
ATK-00630,2026-09-12T07:11:00,RECONNAISSANCE,Port Scan,AST-0255,AST-0234,HIGH,OBSERVED,0.757
ATK-00630,2026-09-12T07:15:00,CREDENTIAL_ACCESS,Suspicious Login,AST-0255,AST-0234,HIGH,OBSERVED,0.751
ATK-00630,2026-09-12T07:19:00,LATERAL_MOVEMENT,Internal Login Burst,AST-0255,AST-0234,HIGH,INFERRED,0.755
ATK-00630,2026-09-12T07:23:00,INITIAL_ACCESS,Predicted Next Stage,AST-0255,AST-0234,MEDIUM,PREDICTED,0.731
ATK-00631,2026-09-05T09:04:00,RECONNAISSANCE,Port Scan,AST-0076,AST-0187,HIGH,OBSERVED,0.857
ATK-00631,2026-09-05T09:08:00,CREDENTIAL_ACCESS,Suspicious Login,AST-0076,AST-0187,HIGH,OBSERVED,0.844
ATK-00631,2026-09-05T09:12:00,LATERAL_MOVEMENT,Internal Login Burst,AST-0076,AST-0187,HIGH,INFERRED,0.816
ATK-00631,2026-09-05T09:16:00,PERSISTENCE,Predicted Next Stage,AST-0076,AST-0187,MEDIUM,PREDICTED,0.845
ATK-00632,2026-09-26T00:03:00,RECONNAISSANCE,Port Scan,AST-0249,AST-0251,HIGH,OBSERVED,0.788
ATK-00632,2026-09-26T00:07:00,CREDENTIAL_ACCESS,Suspicious Login,AST-0249,AST-0251,HIGH,OBSERVED,0.754
ATK-00632,2026-09-26T00:11:00,LATERAL_MOVEMENT,Internal Login Burst,AST-0249,AST-0251,HIGH,INFERRED,0.795
ATK-00632,2026-09-26T00:15:00,EXFILTRATION,Predicted Next Stage,AST-0249,AST-0251,MEDIUM,PREDICTED,0.822
ATK-00633,2026-09-04T15:14:00,RECONNAISSANCE,Port Scan,AST-0092,AST-0185,HIGH,OBSERVED,0.829
ATK-00633,2026-09-04T15:18:00,CREDENTIAL_ACCESS,Suspicious Login,AST-0092,AST-0185,HIGH,OBSERVED,0.891
ATK-00633,2026-09-04T15:22:00,LATERAL_MOVEMENT,Internal Login Burst,AST-0092,AST-0185,HIGH,INFERRED,0.882
ATK-00633,2026-09-04T15:26:00,EXFILTRATION,Predicted Next Stage,AST-0092,AST-0185,MEDIUM,PREDICTED,0.925
ATK-00634,2026-09-11T07:36:00,RECONNAISSANCE,Port Scan,AST-0025,AST-0081,HIGH,OBSERVED,0.81
ATK-00634,2026-09-11T07:40:00,CREDENTIAL_ACCESS,Suspicious Login,AST-0025,AST-0081,HIGH,OBSERVED,0.846
ATK-00634,2026-09-11T07:44:00,LATERAL_MOVEMENT,Internal Login Burst,AST-0025,AST-0081,HIGH,INFERRED,0.854
ATK-00634,2026-09-11T07:48:00,LATERAL_MOVEMENT,Predicted Next Stage,AST-0025,AST-0081,MEDIUM,PREDICTED,0.863
ATK-00635,2026-09-03T03:03:00,RECONNAISSANCE,Port Scan,AST-0334,AST-0398,HIGH,OBSERVED,0.859
ATK-00635,2026-09-03T03:07:00,CREDENTIAL_ACCESS,Suspicious Login,AST-0334,AST-0398,HIGH,OBSERVED,0.779
ATK-00635,2026-09-03T03:11:00,LATERAL_MOVEMENT,Internal Login Burst,AST-0334,AST-0398,HIGH,INFERRED,0.806
ATK-00635,2026-09-03T03:15:00,IMPACT,Predicted Next Stage,AST-0334,AST-0398,MEDIUM,PREDICTED,0.835
ATK-00636,2026-09-12T09:06:00,RECONNAISSANCE,Port Scan,AST-0278,AST-0335,HIGH,OBSERVED,0.837
ATK-00636,2026-09-12T09:10:00,CREDENTIAL_ACCESS,Suspicious Login,AST-0278,AST-0335,HIGH,OBSERVED,0.861
ATK-00636,2026-09-12T09:14:00,LATERAL_MOVEMENT,Internal Login Burst,AST-0278,AST-0335,HIGH,INFERRED,0.895
ATK-00636,2026-09-12T09:18:00,LATERAL_MOVEMENT,Predicted Next Stage,AST-0278,AST-0335,MEDIUM,PREDICTED,0.927
ATK-00637,2026-09-14T02:46:00,RECONNAISSANCE,Port Scan,AST-0053,AST-0428,HIGH,OBSERVED,0.844
ATK-00637,2026-09-14T02:50:00,CREDENTIAL_ACCESS,Suspicious Login,AST-0053,AST-0428,HIGH,OBSERVED,0.853
ATK-00637,2026-09-14T02:54:00,LATERAL_MOVEMENT,Internal Login Burst,AST-0053,AST-0428,HIGH,INFERRED,0.85
ATK-00637,2026-09-14T02:58:00,LATERAL_MOVEMENT,Predicted Next Stage,AST-0053,AST-0428,MEDIUM,PREDICTED,0.781
ATK-00638,2026-09-24T13:15:00,RECONNAISSANCE,Port Scan,AST-0019,AST-0301,HIGH,OBSERVED,0.839
ATK-00638,2026-09-24T13:19:00,CREDENTIAL_ACCESS,Suspicious Login,AST-0019,AST-0301,HIGH,OBSERVED,0.801
ATK-00638,2026-09-24T13:23:00,LATERAL_MOVEMENT,Internal Login Burst,AST-0019,AST-0301,HIGH,INFERRED,0.785
ATK-00638,2026-09-24T13:27:00,LATERAL_MOVEMENT,Predicted Next Stage,AST-0019,AST-0301,MEDIUM,PREDICTED,0.854
ATK-00639,2026-09-01T18:25:00,RECONNAISSANCE,Port Scan,AST-0081,AST-0164,HIGH,OBSERVED,0.72
ATK-00639,2026-09-01T18:29:00,CREDENTIAL_ACCESS,Suspicious Login,AST-0081,AST-0164,HIGH,OBSERVED,0.642
ATK-00639,2026-09-01T18:33:00,LATERAL_MOVEMENT,Internal Login Burst,AST-0081,AST-0164,HIGH,INFERRED,0.691
ATK-00639,2026-09-01T18:37:00,LATERAL_MOVEMENT,Predicted Next Stage,AST-0081,AST-0164,MEDIUM,PREDICTED,0.636
ATK-00640,2026-09-21T23:14:00,RECONNAISSANCE,Port Scan,AST-0314,AST-0189,HIGH,OBSERVED,0.789
ATK-00640,2026-09-21T23:18:00,CREDENTIAL_ACCESS,Suspicious Login,AST-0314,AST-0189,HIGH,OBSERVED,0.72
ATK-00640,2026-09-21T23:22:00,LATERAL_MOVEMENT,Internal Login Burst,AST-0314,AST-0189,HIGH,INFERRED,0.778
ATK-00640,2026-09-21T23:26:00,IMPACT,Predicted Next Stage,AST-0314,AST-0189,MEDIUM,PREDICTED,0.798
ATK-00641,2026-09-13T15:02:00,RECONNAISSANCE,Port Scan,AST-0377,AST-0385,HIGH,OBSERVED,0.726
ATK-00641,2026-09-13T15:06:00,CREDENTIAL_ACCESS,Suspicious Login,AST-0377,AST-0385,HIGH,OBSERVED,0.683
ATK-00641,2026-09-13T15:10:00,LATERAL_MOVEMENT,Internal Login Burst,AST-0377,AST-0385,HIGH,INFERRED,0.701
ATK-00641,2026-09-13T15:14:00,LATERAL_MOVEMENT,Predicted Next Stage,AST-0377,AST-0385,MEDIUM,PREDICTED,0.754
ATK-00642,2026-09-16T04:45:00,RECONNAISSANCE,Port Scan,AST-0300,AST-0472,HIGH,OBSERVED,0.872
ATK-00642,2026-09-16T04:49:00,CREDENTIAL_ACCESS,Suspicious Login,AST-0300,AST-0472,HIGH,OBSERVED,0.852
ATK-00642,2026-09-16T04:53:00,LATERAL_MOVEMENT,Internal Login Burst,AST-0300,AST-0472,HIGH,INFERRED,0.944
ATK-00642,2026-09-16T04:57:00,LATERAL_MOVEMENT,Predicted Next Stage,AST-0300,AST-0472,MEDIUM,PREDICTED,0.9
ATK-00643,2026-09-18T14:48:00,RECONNAISSANCE,Port Scan,AST-0295,AST-0429,HIGH,OBSERVED,0.767
ATK-00643,2026-09-18T14:52:00,CREDENTIAL_ACCESS,Suspicious Login,AST-0295,AST-0429,HIGH,OBSERVED,0.839
ATK-00643,2026-09-18T14:56:00,LATERAL_MOVEMENT,Internal Login Burst,AST-0295,AST-0429,HIGH,INFERRED,0.771
ATK-00643,2026-09-18T15:00:00,CREDENTIAL_ACCESS,Predicted Next Stage,AST-0295,AST-0429,MEDIUM,PREDICTED,0.807
ATK-00644,2026-09-18T22:26:00,RECONNAISSANCE,Port Scan,AST-0326,AST-0346,HIGH,OBSERVED,0.819
ATK-00644,2026-09-18T22:30:00,CREDENTIAL_ACCESS,Suspicious Login,AST-0326,AST-0346,HIGH,OBSERVED,0.748
ATK-00644,2026-09-18T22:34:00,LATERAL_MOVEMENT,Internal Login Burst,AST-0326,AST-0346,HIGH,INFERRED,0.824
ATK-00644,2026-09-18T22:38:00,INITIAL_ACCESS,Predicted Next Stage,AST-0326,AST-0346,MEDIUM,PREDICTED,0.804
ATK-00645,2026-09-20T07:20:00,RECONNAISSANCE,Port Scan,AST-0275,AST-0107,HIGH,OBSERVED,0.863
ATK-00645,2026-09-20T07:24:00,CREDENTIAL_ACCESS,Suspicious Login,AST-0275,AST-0107,HIGH,OBSERVED,0.855
ATK-00645,2026-09-20T07:28:00,LATERAL_MOVEMENT,Internal Login Burst,AST-0275,AST-0107,HIGH,INFERRED,0.843
ATK-00645,2026-09-20T07:32:00,LATERAL_MOVEMENT,Predicted Next Stage,AST-0275,AST-0107,MEDIUM,PREDICTED,0.845
ATK-00646,2026-09-27T00:18:00,RECONNAISSANCE,Port Scan,AST-0152,AST-0204,HIGH,OBSERVED,0.775
ATK-00646,2026-09-27T00:22:00,CREDENTIAL_ACCESS,Suspicious Login,AST-0152,AST-0204,HIGH,OBSERVED,0.803
ATK-00646,2026-09-27T00:26:00,LATERAL_MOVEMENT,Internal Login Burst,AST-0152,AST-0204,HIGH,INFERRED,0.759
ATK-00646,2026-09-27T00:30:00,IMPACT,Predicted Next Stage,AST-0152,AST-0204,MEDIUM,PREDICTED,0.779
ATK-00647,2026-09-08T09:14:00,RECONNAISSANCE,Port Scan,AST-0050,AST-0167,HIGH,OBSERVED,0.857
ATK-00647,2026-09-08T09:18:00,CREDENTIAL_ACCESS,Suspicious Login,AST-0050,AST-0167,HIGH,OBSERVED,0.879
ATK-00647,2026-09-08T09:22:00,LATERAL_MOVEMENT,Internal Login Burst,AST-0050,AST-0167,HIGH,INFERRED,0.846
ATK-00647,2026-09-08T09:26:00,LATERAL_MOVEMENT,Predicted Next Stage,AST-0050,AST-0167,MEDIUM,PREDICTED,0.933
ATK-00648,2026-09-20T20:28:00,RECONNAISSANCE,Port Scan,AST-0263,AST-0228,HIGH,OBSERVED,0.844
ATK-00648,2026-09-20T20:32:00,CREDENTIAL_ACCESS,Suspicious Login,AST-0263,AST-0228,HIGH,OBSERVED,0.894
ATK-00648,2026-09-20T20:36:00,LATERAL_MOVEMENT,Internal Login Burst,AST-0263,AST-0228,HIGH,INFERRED,0.919
ATK-00648,2026-09-20T20:40:00,LATERAL_MOVEMENT,Predicted Next Stage,AST-0263,AST-0228,MEDIUM,PREDICTED,0.862
ATK-00649,2026-09-16T20:00:00,RECONNAISSANCE,Port Scan,AST-0073,AST-0188,HIGH,OBSERVED,0.735
ATK-00649,2026-09-16T20:04:00,CREDENTIAL_ACCESS,Suspicious Login,AST-0073,AST-0188,HIGH,OBSERVED,0.73
ATK-00649,2026-09-16T20:08:00,LATERAL_MOVEMENT,Internal Login Burst,AST-0073,AST-0188,HIGH,INFERRED,0.733
ATK-00649,2026-09-16T20:12:00,IMPACT,Predicted Next Stage,AST-0073,AST-0188,MEDIUM,PREDICTED,0.732
ATK-00650,2026-09-09T13:36:00,RECONNAISSANCE,Port Scan,AST-0326,AST-0365,HIGH,OBSERVED,0.663
ATK-00650,2026-09-09T13:40:00,CREDENTIAL_ACCESS,Suspicious Login,AST-0326,AST-0365,HIGH,OBSERVED,0.721
ATK-00650,2026-09-09T13:44:00,LATERAL_MOVEMENT,Internal Login Burst,AST-0326,AST-0365,HIGH,INFERRED,0.74
ATK-00650,2026-09-09T13:48:00,INITIAL_ACCESS,Predicted Next Stage,AST-0326,AST-0365,MEDIUM,PREDICTED,0.721
ATK-00651,2026-09-06T23:26:00,RECONNAISSANCE,Port Scan,AST-0484,AST-0389,HIGH,OBSERVED,0.718
ATK-00651,2026-09-06T23:30:00,CREDENTIAL_ACCESS,Suspicious Login,AST-0484,AST-0389,HIGH,OBSERVED,0.69
ATK-00651,2026-09-06T23:34:00,LATERAL_MOVEMENT,Internal Login Burst,AST-0484,AST-0389,HIGH,INFERRED,0.686
ATK-00651,2026-09-06T23:38:00,INITIAL_ACCESS,Predicted Next Stage,AST-0484,AST-0389,MEDIUM,PREDICTED,0.718
ATK-00652,2026-09-16T08:00:00,RECONNAISSANCE,Port Scan,AST-0460,AST-0362,HIGH,OBSERVED,0.827
ATK-00652,2026-09-16T08:04:00,CREDENTIAL_ACCESS,Suspicious Login,AST-0460,AST-0362,HIGH,OBSERVED,0.866
ATK-00652,2026-09-16T08:08:00,LATERAL_MOVEMENT,Internal Login Burst,AST-0460,AST-0362,HIGH,INFERRED,0.818
ATK-00652,2026-09-16T08:12:00,CREDENTIAL_ACCESS,Predicted Next Stage,AST-0460,AST-0362,MEDIUM,PREDICTED,0.848
ATK-00653,2026-09-05T12:47:00,RECONNAISSANCE,Port Scan,AST-0492,AST-0194,HIGH,OBSERVED,0.599
ATK-00653,2026-09-05T12:51:00,CREDENTIAL_ACCESS,Suspicious Login,AST-0492,AST-0194,HIGH,OBSERVED,0.596
ATK-00653,2026-09-05T12:55:00,LATERAL_MOVEMENT,Internal Login Burst,AST-0492,AST-0194,HIGH,INFERRED,0.7
ATK-00653,2026-09-05T12:59:00,INITIAL_ACCESS,Predicted Next Stage,AST-0492,AST-0194,MEDIUM,PREDICTED,0.584
ATK-00654,2026-09-12T02:53:00,RECONNAISSANCE,Port Scan,AST-0385,AST-0254,HIGH,OBSERVED,0.78
ATK-00654,2026-09-12T02:57:00,CREDENTIAL_ACCESS,Suspicious Login,AST-0385,AST-0254,HIGH,OBSERVED,0.76
ATK-00654,2026-09-12T03:01:00,LATERAL_MOVEMENT,Internal Login Burst,AST-0385,AST-0254,HIGH,INFERRED,0.771
ATK-00654,2026-09-12T03:05:00,EXFILTRATION,Predicted Next Stage,AST-0385,AST-0254,MEDIUM,PREDICTED,0.794
ATK-00655,2026-09-23T00:03:00,RECONNAISSANCE,Port Scan,AST-0373,AST-0443,HIGH,OBSERVED,0.688
ATK-00655,2026-09-23T00:07:00,CREDENTIAL_ACCESS,Suspicious Login,AST-0373,AST-0443,HIGH,OBSERVED,0.68
ATK-00655,2026-09-23T00:11:00,LATERAL_MOVEMENT,Internal Login Burst,AST-0373,AST-0443,HIGH,INFERRED,0.747
ATK-00655,2026-09-23T00:15:00,IMPACT,Predicted Next Stage,AST-0373,AST-0443,MEDIUM,PREDICTED,0.747
ATK-00656,2026-09-16T02:07:00,RECONNAISSANCE,Port Scan,AST-0168,AST-0326,HIGH,OBSERVED,0.8
ATK-00656,2026-09-16T02:11:00,CREDENTIAL_ACCESS,Suspicious Login,AST-0168,AST-0326,HIGH,OBSERVED,0.818
ATK-00656,2026-09-16T02:15:00,LATERAL_MOVEMENT,Internal Login Burst,AST-0168,AST-0326,HIGH,INFERRED,0.813
ATK-00656,2026-09-16T02:19:00,INITIAL_ACCESS,Predicted Next Stage,AST-0168,AST-0326,MEDIUM,PREDICTED,0.818
ATK-00657,2026-09-16T12:38:00,RECONNAISSANCE,Port Scan,AST-0431,AST-0280,HIGH,OBSERVED,0.936
ATK-00657,2026-09-16T12:42:00,CREDENTIAL_ACCESS,Suspicious Login,AST-0431,AST-0280,HIGH,OBSERVED,0.899
ATK-00657,2026-09-16T12:46:00,LATERAL_MOVEMENT,Internal Login Burst,AST-0431,AST-0280,HIGH,INFERRED,0.9
ATK-00657,2026-09-16T12:50:00,INITIAL_ACCESS,Predicted Next Stage,AST-0431,AST-0280,MEDIUM,PREDICTED,0.901
ATK-00658,2026-09-27T16:17:00,RECONNAISSANCE,Port Scan,AST-0342,AST-0010,HIGH,OBSERVED,0.697
ATK-00658,2026-09-27T16:21:00,CREDENTIAL_ACCESS,Suspicious Login,AST-0342,AST-0010,HIGH,OBSERVED,0.649
ATK-00658,2026-09-27T16:25:00,LATERAL_MOVEMENT,Internal Login Burst,AST-0342,AST-0010,HIGH,INFERRED,0.733
ATK-00658,2026-09-27T16:29:00,INITIAL_ACCESS,Predicted Next Stage,AST-0342,AST-0010,MEDIUM,PREDICTED,0.668
ATK-00659,2026-09-09T02:09:00,RECONNAISSANCE,Port Scan,AST-0383,AST-0018,HIGH,OBSERVED,0.846
ATK-00659,2026-09-09T02:13:00,CREDENTIAL_ACCESS,Suspicious Login,AST-0383,AST-0018,HIGH,OBSERVED,0.835
ATK-00659,2026-09-09T02:17:00,LATERAL_MOVEMENT,Internal Login Burst,AST-0383,AST-0018,HIGH,INFERRED,0.819
ATK-00659,2026-09-09T02:21:00,LATERAL_MOVEMENT,Predicted Next Stage,AST-0383,AST-0018,MEDIUM,PREDICTED,0.818
ATK-00660,2026-09-21T12:07:00,RECONNAISSANCE,Port Scan,AST-0102,AST-0054,HIGH,OBSERVED,0.744
ATK-00660,2026-09-21T12:11:00,CREDENTIAL_ACCESS,Suspicious Login,AST-0102,AST-0054,HIGH,OBSERVED,0.73
ATK-00660,2026-09-21T12:15:00,LATERAL_MOVEMENT,Internal Login Burst,AST-0102,AST-0054,HIGH,INFERRED,0.756
ATK-00660,2026-09-21T12:19:00,LATERAL_MOVEMENT,Predicted Next Stage,AST-0102,AST-0054,MEDIUM,PREDICTED,0.735
ATK-00661,2026-09-21T05:58:00,RECONNAISSANCE,Port Scan,AST-0153,AST-0141,HIGH,OBSERVED,0.797
ATK-00661,2026-09-21T06:02:00,CREDENTIAL_ACCESS,Suspicious Login,AST-0153,AST-0141,HIGH,OBSERVED,0.694
ATK-00661,2026-09-21T06:06:00,LATERAL_MOVEMENT,Internal Login Burst,AST-0153,AST-0141,HIGH,INFERRED,0.78
ATK-00661,2026-09-21T06:10:00,LATERAL_MOVEMENT,Predicted Next Stage,AST-0153,AST-0141,MEDIUM,PREDICTED,0.755
ATK-00662,2026-09-07T14:22:00,RECONNAISSANCE,Port Scan,AST-0197,AST-0127,HIGH,OBSERVED,0.904
ATK-00662,2026-09-07T14:26:00,CREDENTIAL_ACCESS,Suspicious Login,AST-0197,AST-0127,HIGH,OBSERVED,0.822
ATK-00662,2026-09-07T14:30:00,LATERAL_MOVEMENT,Internal Login Burst,AST-0197,AST-0127,HIGH,INFERRED,0.881
ATK-00662,2026-09-07T14:34:00,EXFILTRATION,Predicted Next Stage,AST-0197,AST-0127,MEDIUM,PREDICTED,0.884
ATK-00663,2026-09-19T22:07:00,RECONNAISSANCE,Port Scan,AST-0234,AST-0186,HIGH,OBSERVED,0.706
ATK-00663,2026-09-19T22:11:00,CREDENTIAL_ACCESS,Suspicious Login,AST-0234,AST-0186,HIGH,OBSERVED,0.698
ATK-00663,2026-09-19T22:15:00,LATERAL_MOVEMENT,Internal Login Burst,AST-0234,AST-0186,HIGH,INFERRED,0.661
ATK-00663,2026-09-19T22:19:00,IMPACT,Predicted Next Stage,AST-0234,AST-0186,MEDIUM,PREDICTED,0.719
ATK-00664,2026-09-14T12:21:00,RECONNAISSANCE,Port Scan,AST-0493,AST-0490,HIGH,OBSERVED,0.828
ATK-00664,2026-09-14T12:25:00,CREDENTIAL_ACCESS,Suspicious Login,AST-0493,AST-0490,HIGH,OBSERVED,0.799
ATK-00664,2026-09-14T12:29:00,LATERAL_MOVEMENT,Internal Login Burst,AST-0493,AST-0490,HIGH,INFERRED,0.816
ATK-00664,2026-09-14T12:33:00,LATERAL_MOVEMENT,Predicted Next Stage,AST-0493,AST-0490,MEDIUM,PREDICTED,0.845
ATK-00665,2026-09-21T17:35:00,RECONNAISSANCE,Port Scan,AST-0411,AST-0157,HIGH,OBSERVED,0.754
ATK-00665,2026-09-21T17:39:00,CREDENTIAL_ACCESS,Suspicious Login,AST-0411,AST-0157,HIGH,OBSERVED,0.771
ATK-00665,2026-09-21T17:43:00,LATERAL_MOVEMENT,Internal Login Burst,AST-0411,AST-0157,HIGH,INFERRED,0.764
ATK-00665,2026-09-21T17:47:00,PERSISTENCE,Predicted Next Stage,AST-0411,AST-0157,MEDIUM,PREDICTED,0.786
ATK-00666,2026-09-27T03:28:00,RECONNAISSANCE,Port Scan,AST-0473,AST-0233,HIGH,OBSERVED,0.824
ATK-00666,2026-09-27T03:32:00,CREDENTIAL_ACCESS,Suspicious Login,AST-0473,AST-0233,HIGH,OBSERVED,0.825
ATK-00666,2026-09-27T03:36:00,LATERAL_MOVEMENT,Internal Login Burst,AST-0473,AST-0233,HIGH,INFERRED,0.853
ATK-00666,2026-09-27T03:40:00,CREDENTIAL_ACCESS,Predicted Next Stage,AST-0473,AST-0233,MEDIUM,PREDICTED,0.843
ATK-00667,2026-09-24T02:49:00,RECONNAISSANCE,Port Scan,AST-0135,AST-0041,HIGH,OBSERVED,0.782
ATK-00667,2026-09-24T02:53:00,CREDENTIAL_ACCESS,Suspicious Login,AST-0135,AST-0041,HIGH,OBSERVED,0.779
ATK-00667,2026-09-24T02:57:00,LATERAL_MOVEMENT,Internal Login Burst,AST-0135,AST-0041,HIGH,INFERRED,0.769
ATK-00667,2026-09-24T03:01:00,EXFILTRATION,Predicted Next Stage,AST-0135,AST-0041,MEDIUM,PREDICTED,0.822
ATK-00668,2026-09-17T07:09:00,RECONNAISSANCE,Port Scan,AST-0128,AST-0354,HIGH,OBSERVED,0.835
ATK-00668,2026-09-17T07:13:00,CREDENTIAL_ACCESS,Suspicious Login,AST-0128,AST-0354,HIGH,OBSERVED,0.872
ATK-00668,2026-09-17T07:17:00,LATERAL_MOVEMENT,Internal Login Burst,AST-0128,AST-0354,HIGH,INFERRED,0.873
ATK-00668,2026-09-17T07:21:00,LATERAL_MOVEMENT,Predicted Next Stage,AST-0128,AST-0354,MEDIUM,PREDICTED,0.822
ATK-00669,2026-09-19T09:39:00,RECONNAISSANCE,Port Scan,AST-0053,AST-0364,HIGH,OBSERVED,0.79
ATK-00669,2026-09-19T09:43:00,CREDENTIAL_ACCESS,Suspicious Login,AST-0053,AST-0364,HIGH,OBSERVED,0.797
ATK-00669,2026-09-19T09:47:00,LATERAL_MOVEMENT,Internal Login Burst,AST-0053,AST-0364,HIGH,INFERRED,0.799
ATK-00669,2026-09-19T09:51:00,EXFILTRATION,Predicted Next Stage,AST-0053,AST-0364,MEDIUM,PREDICTED,0.773
ATK-00670,2026-09-06T14:22:00,RECONNAISSANCE,Port Scan,AST-0112,AST-0114,HIGH,OBSERVED,0.826
ATK-00670,2026-09-06T14:26:00,CREDENTIAL_ACCESS,Suspicious Login,AST-0112,AST-0114,HIGH,OBSERVED,0.821
ATK-00670,2026-09-06T14:30:00,LATERAL_MOVEMENT,Internal Login Burst,AST-0112,AST-0114,HIGH,INFERRED,0.777
ATK-00670,2026-09-06T14:34:00,PERSISTENCE,Predicted Next Stage,AST-0112,AST-0114,MEDIUM,PREDICTED,0.81
ATK-00671,2026-09-12T11:51:00,RECONNAISSANCE,Port Scan,AST-0214,AST-0200,HIGH,OBSERVED,0.722
ATK-00671,2026-09-12T11:55:00,CREDENTIAL_ACCESS,Suspicious Login,AST-0214,AST-0200,HIGH,OBSERVED,0.707
ATK-00671,2026-09-12T11:59:00,LATERAL_MOVEMENT,Internal Login Burst,AST-0214,AST-0200,HIGH,INFERRED,0.732
ATK-00671,2026-09-12T12:03:00,IMPACT,Predicted Next Stage,AST-0214,AST-0200,MEDIUM,PREDICTED,0.717
ATK-00672,2026-09-26T16:43:00,RECONNAISSANCE,Port Scan,AST-0063,AST-0321,HIGH,OBSERVED,0.701
ATK-00672,2026-09-26T16:47:00,CREDENTIAL_ACCESS,Suspicious Login,AST-0063,AST-0321,HIGH,OBSERVED,0.656
ATK-00672,2026-09-26T16:51:00,LATERAL_MOVEMENT,Internal Login Burst,AST-0063,AST-0321,HIGH,INFERRED,0.711
ATK-00672,2026-09-26T16:55:00,EXFILTRATION,Predicted Next Stage,AST-0063,AST-0321,MEDIUM,PREDICTED,0.701
ATK-00673,2026-09-17T02:05:00,RECONNAISSANCE,Port Scan,AST-0447,AST-0383,HIGH,OBSERVED,0.768
ATK-00673,2026-09-17T02:09:00,CREDENTIAL_ACCESS,Suspicious Login,AST-0447,AST-0383,HIGH,OBSERVED,0.748
ATK-00673,2026-09-17T02:13:00,LATERAL_MOVEMENT,Internal Login Burst,AST-0447,AST-0383,HIGH,INFERRED,0.826
ATK-00673,2026-09-17T02:17:00,LATERAL_MOVEMENT,Predicted Next Stage,AST-0447,AST-0383,MEDIUM,PREDICTED,0.778
ATK-00674,2026-09-01T23:57:00,RECONNAISSANCE,Port Scan,AST-0076,AST-0441,HIGH,OBSERVED,0.724
ATK-00674,2026-09-02T00:01:00,CREDENTIAL_ACCESS,Suspicious Login,AST-0076,AST-0441,HIGH,OBSERVED,0.732
ATK-00674,2026-09-02T00:05:00,LATERAL_MOVEMENT,Internal Login Burst,AST-0076,AST-0441,HIGH,INFERRED,0.714
ATK-00674,2026-09-02T00:09:00,INITIAL_ACCESS,Predicted Next Stage,AST-0076,AST-0441,MEDIUM,PREDICTED,0.746
ATK-00675,2026-09-10T20:17:00,RECONNAISSANCE,Port Scan,AST-0247,AST-0076,HIGH,OBSERVED,0.86
ATK-00675,2026-09-10T20:21:00,CREDENTIAL_ACCESS,Suspicious Login,AST-0247,AST-0076,HIGH,OBSERVED,0.884
ATK-00675,2026-09-10T20:25:00,LATERAL_MOVEMENT,Internal Login Burst,AST-0247,AST-0076,HIGH,INFERRED,0.921
ATK-00675,2026-09-10T20:29:00,EXFILTRATION,Predicted Next Stage,AST-0247,AST-0076,MEDIUM,PREDICTED,0.871
ATK-00676,2026-09-22T06:51:00,RECONNAISSANCE,Port Scan,AST-0110,AST-0471,HIGH,OBSERVED,0.772
ATK-00676,2026-09-22T06:55:00,CREDENTIAL_ACCESS,Suspicious Login,AST-0110,AST-0471,HIGH,OBSERVED,0.793
ATK-00676,2026-09-22T06:59:00,LATERAL_MOVEMENT,Internal Login Burst,AST-0110,AST-0471,HIGH,INFERRED,0.829
ATK-00676,2026-09-22T07:03:00,IMPACT,Predicted Next Stage,AST-0110,AST-0471,MEDIUM,PREDICTED,0.816
ATK-00677,2026-09-12T15:52:00,RECONNAISSANCE,Port Scan,AST-0047,AST-0405,HIGH,OBSERVED,0.762
ATK-00677,2026-09-12T15:56:00,CREDENTIAL_ACCESS,Suspicious Login,AST-0047,AST-0405,HIGH,OBSERVED,0.737
ATK-00677,2026-09-12T16:00:00,LATERAL_MOVEMENT,Internal Login Burst,AST-0047,AST-0405,HIGH,INFERRED,0.734
ATK-00677,2026-09-12T16:04:00,IMPACT,Predicted Next Stage,AST-0047,AST-0405,MEDIUM,PREDICTED,0.736
ATK-00678,2026-09-25T07:32:00,RECONNAISSANCE,Port Scan,AST-0143,AST-0129,HIGH,OBSERVED,0.798
ATK-00678,2026-09-25T07:36:00,CREDENTIAL_ACCESS,Suspicious Login,AST-0143,AST-0129,HIGH,OBSERVED,0.801
ATK-00678,2026-09-25T07:40:00,LATERAL_MOVEMENT,Internal Login Burst,AST-0143,AST-0129,HIGH,INFERRED,0.812
ATK-00678,2026-09-25T07:44:00,CREDENTIAL_ACCESS,Predicted Next Stage,AST-0143,AST-0129,MEDIUM,PREDICTED,0.797
ATK-00679,2026-09-12T14:37:00,RECONNAISSANCE,Port Scan,AST-0394,AST-0431,HIGH,OBSERVED,0.718
ATK-00679,2026-09-12T14:41:00,CREDENTIAL_ACCESS,Suspicious Login,AST-0394,AST-0431,HIGH,OBSERVED,0.729
ATK-00679,2026-09-12T14:45:00,LATERAL_MOVEMENT,Internal Login Burst,AST-0394,AST-0431,HIGH,INFERRED,0.735
ATK-00679,2026-09-12T14:49:00,IMPACT,Predicted Next Stage,AST-0394,AST-0431,MEDIUM,PREDICTED,0.754
ATK-00680,2026-09-22T13:15:00,RECONNAISSANCE,Port Scan,AST-0050,AST-0044,HIGH,OBSERVED,0.746
ATK-00680,2026-09-22T13:19:00,CREDENTIAL_ACCESS,Suspicious Login,AST-0050,AST-0044,HIGH,OBSERVED,0.734
ATK-00680,2026-09-22T13:23:00,LATERAL_MOVEMENT,Internal Login Burst,AST-0050,AST-0044,HIGH,INFERRED,0.75
ATK-00680,2026-09-22T13:27:00,LATERAL_MOVEMENT,Predicted Next Stage,AST-0050,AST-0044,MEDIUM,PREDICTED,0.774
ATK-00681,2026-09-20T16:27:00,RECONNAISSANCE,Port Scan,AST-0451,AST-0162,HIGH,OBSERVED,0.688
ATK-00681,2026-09-20T16:31:00,CREDENTIAL_ACCESS,Suspicious Login,AST-0451,AST-0162,HIGH,OBSERVED,0.749
ATK-00681,2026-09-20T16:35:00,LATERAL_MOVEMENT,Internal Login Burst,AST-0451,AST-0162,HIGH,INFERRED,0.738
ATK-00681,2026-09-20T16:39:00,IMPACT,Predicted Next Stage,AST-0451,AST-0162,MEDIUM,PREDICTED,0.721
ATK-00682,2026-09-27T21:12:00,RECONNAISSANCE,Port Scan,AST-0252,AST-0437,HIGH,OBSERVED,0.775
ATK-00682,2026-09-27T21:16:00,CREDENTIAL_ACCESS,Suspicious Login,AST-0252,AST-0437,HIGH,OBSERVED,0.744
ATK-00682,2026-09-27T21:20:00,LATERAL_MOVEMENT,Internal Login Burst,AST-0252,AST-0437,HIGH,INFERRED,0.787
ATK-00682,2026-09-27T21:24:00,PERSISTENCE,Predicted Next Stage,AST-0252,AST-0437,MEDIUM,PREDICTED,0.76
ATK-00683,2026-09-22T02:33:00,RECONNAISSANCE,Port Scan,AST-0381,AST-0166,HIGH,OBSERVED,0.811
ATK-00683,2026-09-22T02:37:00,CREDENTIAL_ACCESS,Suspicious Login,AST-0381,AST-0166,HIGH,OBSERVED,0.811
ATK-00683,2026-09-22T02:41:00,LATERAL_MOVEMENT,Internal Login Burst,AST-0381,AST-0166,HIGH,INFERRED,0.87
ATK-00683,2026-09-22T02:45:00,IMPACT,Predicted Next Stage,AST-0381,AST-0166,MEDIUM,PREDICTED,0.789
ATK-00684,2026-09-08T04:41:00,RECONNAISSANCE,Port Scan,AST-0023,AST-0006,HIGH,OBSERVED,0.757
ATK-00684,2026-09-08T04:45:00,CREDENTIAL_ACCESS,Suspicious Login,AST-0023,AST-0006,HIGH,OBSERVED,0.777
ATK-00684,2026-09-08T04:49:00,LATERAL_MOVEMENT,Internal Login Burst,AST-0023,AST-0006,HIGH,INFERRED,0.781
ATK-00684,2026-09-08T04:53:00,CREDENTIAL_ACCESS,Predicted Next Stage,AST-0023,AST-0006,MEDIUM,PREDICTED,0.774
ATK-00685,2026-09-07T15:41:00,RECONNAISSANCE,Port Scan,AST-0083,AST-0489,HIGH,OBSERVED,0.69
ATK-00685,2026-09-07T15:45:00,CREDENTIAL_ACCESS,Suspicious Login,AST-0083,AST-0489,HIGH,OBSERVED,0.728
ATK-00685,2026-09-07T15:49:00,LATERAL_MOVEMENT,Internal Login Burst,AST-0083,AST-0489,HIGH,INFERRED,0.672
ATK-00685,2026-09-07T15:53:00,CREDENTIAL_ACCESS,Predicted Next Stage,AST-0083,AST-0489,MEDIUM,PREDICTED,0.683
ATK-00686,2026-09-17T23:26:00,RECONNAISSANCE,Port Scan,AST-0066,AST-0001,HIGH,OBSERVED,0.777
ATK-00686,2026-09-17T23:30:00,CREDENTIAL_ACCESS,Suspicious Login,AST-0066,AST-0001,HIGH,OBSERVED,0.717
ATK-00686,2026-09-17T23:34:00,LATERAL_MOVEMENT,Internal Login Burst,AST-0066,AST-0001,HIGH,INFERRED,0.819
ATK-00686,2026-09-17T23:38:00,LATERAL_MOVEMENT,Predicted Next Stage,AST-0066,AST-0001,MEDIUM,PREDICTED,0.733
ATK-00687,2026-09-12T20:01:00,RECONNAISSANCE,Port Scan,AST-0420,AST-0043,HIGH,OBSERVED,0.924
ATK-00687,2026-09-12T20:05:00,CREDENTIAL_ACCESS,Suspicious Login,AST-0420,AST-0043,HIGH,OBSERVED,0.937
ATK-00687,2026-09-12T20:09:00,LATERAL_MOVEMENT,Internal Login Burst,AST-0420,AST-0043,HIGH,INFERRED,0.872
ATK-00687,2026-09-12T20:13:00,LATERAL_MOVEMENT,Predicted Next Stage,AST-0420,AST-0043,MEDIUM,PREDICTED,0.88
ATK-00688,2026-09-14T21:29:00,RECONNAISSANCE,Port Scan,AST-0289,AST-0200,HIGH,OBSERVED,0.804
ATK-00688,2026-09-14T21:33:00,CREDENTIAL_ACCESS,Suspicious Login,AST-0289,AST-0200,HIGH,OBSERVED,0.872
ATK-00688,2026-09-14T21:37:00,LATERAL_MOVEMENT,Internal Login Burst,AST-0289,AST-0200,HIGH,INFERRED,0.836
ATK-00688,2026-09-14T21:41:00,PERSISTENCE,Predicted Next Stage,AST-0289,AST-0200,MEDIUM,PREDICTED,0.84
ATK-00689,2026-09-05T13:04:00,RECONNAISSANCE,Port Scan,AST-0226,AST-0235,HIGH,OBSERVED,0.908
ATK-00689,2026-09-05T13:08:00,CREDENTIAL_ACCESS,Suspicious Login,AST-0226,AST-0235,HIGH,OBSERVED,0.883
ATK-00689,2026-09-05T13:12:00,LATERAL_MOVEMENT,Internal Login Burst,AST-0226,AST-0235,HIGH,INFERRED,0.883
ATK-00689,2026-09-05T13:16:00,LATERAL_MOVEMENT,Predicted Next Stage,AST-0226,AST-0235,MEDIUM,PREDICTED,0.834
ATK-00690,2026-09-03T13:35:00,RECONNAISSANCE,Port Scan,AST-0382,AST-0335,HIGH,OBSERVED,0.76
ATK-00690,2026-09-03T13:39:00,CREDENTIAL_ACCESS,Suspicious Login,AST-0382,AST-0335,HIGH,OBSERVED,0.703
ATK-00690,2026-09-03T13:43:00,LATERAL_MOVEMENT,Internal Login Burst,AST-0382,AST-0335,HIGH,INFERRED,0.741
ATK-00690,2026-09-03T13:47:00,INITIAL_ACCESS,Predicted Next Stage,AST-0382,AST-0335,MEDIUM,PREDICTED,0.768
ATK-00691,2026-09-12T01:38:00,RECONNAISSANCE,Port Scan,AST-0194,AST-0113,HIGH,OBSERVED,0.91
ATK-00691,2026-09-12T01:42:00,CREDENTIAL_ACCESS,Suspicious Login,AST-0194,AST-0113,HIGH,OBSERVED,0.872
ATK-00691,2026-09-12T01:46:00,LATERAL_MOVEMENT,Internal Login Burst,AST-0194,AST-0113,HIGH,INFERRED,0.894
ATK-00691,2026-09-12T01:50:00,IMPACT,Predicted Next Stage,AST-0194,AST-0113,MEDIUM,PREDICTED,0.883
ATK-00692,2026-09-08T13:56:00,RECONNAISSANCE,Port Scan,AST-0091,AST-0377,HIGH,OBSERVED,0.878
ATK-00692,2026-09-08T14:00:00,CREDENTIAL_ACCESS,Suspicious Login,AST-0091,AST-0377,HIGH,OBSERVED,0.895
ATK-00692,2026-09-08T14:04:00,LATERAL_MOVEMENT,Internal Login Burst,AST-0091,AST-0377,HIGH,INFERRED,0.857
ATK-00692,2026-09-08T14:08:00,LATERAL_MOVEMENT,Predicted Next Stage,AST-0091,AST-0377,MEDIUM,PREDICTED,0.902
ATK-00693,2026-09-16T09:52:00,RECONNAISSANCE,Port Scan,AST-0428,AST-0480,HIGH,OBSERVED,0.789
ATK-00693,2026-09-16T09:56:00,CREDENTIAL_ACCESS,Suspicious Login,AST-0428,AST-0480,HIGH,OBSERVED,0.77
ATK-00693,2026-09-16T10:00:00,LATERAL_MOVEMENT,Internal Login Burst,AST-0428,AST-0480,HIGH,INFERRED,0.755
ATK-00693,2026-09-16T10:04:00,LATERAL_MOVEMENT,Predicted Next Stage,AST-0428,AST-0480,MEDIUM,PREDICTED,0.768
ATK-00694,2026-09-16T18:12:00,RECONNAISSANCE,Port Scan,AST-0296,AST-0028,HIGH,OBSERVED,0.872
ATK-00694,2026-09-16T18:16:00,CREDENTIAL_ACCESS,Suspicious Login,AST-0296,AST-0028,HIGH,OBSERVED,0.889
ATK-00694,2026-09-16T18:20:00,LATERAL_MOVEMENT,Internal Login Burst,AST-0296,AST-0028,HIGH,INFERRED,0.899
ATK-00694,2026-09-16T18:24:00,EXFILTRATION,Predicted Next Stage,AST-0296,AST-0028,MEDIUM,PREDICTED,0.919
ATK-00695,2026-09-02T22:46:00,RECONNAISSANCE,Port Scan,AST-0398,AST-0287,HIGH,OBSERVED,0.875
ATK-00695,2026-09-02T22:50:00,CREDENTIAL_ACCESS,Suspicious Login,AST-0398,AST-0287,HIGH,OBSERVED,0.82
ATK-00695,2026-09-02T22:54:00,LATERAL_MOVEMENT,Internal Login Burst,AST-0398,AST-0287,HIGH,INFERRED,0.826
ATK-00695,2026-09-02T22:58:00,CREDENTIAL_ACCESS,Predicted Next Stage,AST-0398,AST-0287,MEDIUM,PREDICTED,0.854
ATK-00696,2026-09-12T14:32:00,RECONNAISSANCE,Port Scan,AST-0137,AST-0392,HIGH,OBSERVED,0.786
ATK-00696,2026-09-12T14:36:00,CREDENTIAL_ACCESS,Suspicious Login,AST-0137,AST-0392,HIGH,OBSERVED,0.674
ATK-00696,2026-09-12T14:40:00,LATERAL_MOVEMENT,Internal Login Burst,AST-0137,AST-0392,HIGH,INFERRED,0.778
ATK-00696,2026-09-12T14:44:00,PERSISTENCE,Predicted Next Stage,AST-0137,AST-0392,MEDIUM,PREDICTED,0.739
ATK-00697,2026-09-09T23:05:00,RECONNAISSANCE,Port Scan,AST-0290,AST-0146,HIGH,OBSERVED,0.713
ATK-00697,2026-09-09T23:09:00,CREDENTIAL_ACCESS,Suspicious Login,AST-0290,AST-0146,HIGH,OBSERVED,0.78
ATK-00697,2026-09-09T23:13:00,LATERAL_MOVEMENT,Internal Login Burst,AST-0290,AST-0146,HIGH,INFERRED,0.749
ATK-00697,2026-09-09T23:17:00,INITIAL_ACCESS,Predicted Next Stage,AST-0290,AST-0146,MEDIUM,PREDICTED,0.731
ATK-00698,2026-09-06T11:00:00,RECONNAISSANCE,Port Scan,AST-0347,AST-0403,HIGH,OBSERVED,0.85
ATK-00698,2026-09-06T11:04:00,CREDENTIAL_ACCESS,Suspicious Login,AST-0347,AST-0403,HIGH,OBSERVED,0.919
ATK-00698,2026-09-06T11:08:00,LATERAL_MOVEMENT,Internal Login Burst,AST-0347,AST-0403,HIGH,INFERRED,0.915
ATK-00698,2026-09-06T11:12:00,LATERAL_MOVEMENT,Predicted Next Stage,AST-0347,AST-0403,MEDIUM,PREDICTED,0.857
ATK-00699,2026-09-21T06:32:00,RECONNAISSANCE,Port Scan,AST-0278,AST-0088,HIGH,OBSERVED,0.868
ATK-00699,2026-09-21T06:36:00,CREDENTIAL_ACCESS,Suspicious Login,AST-0278,AST-0088,HIGH,OBSERVED,0.806
ATK-00699,2026-09-21T06:40:00,LATERAL_MOVEMENT,Internal Login Burst,AST-0278,AST-0088,HIGH,INFERRED,0.845
ATK-00699,2026-09-21T06:44:00,EXFILTRATION,Predicted Next Stage,AST-0278,AST-0088,MEDIUM,PREDICTED,0.865
ATK-00700,2026-09-21T07:07:00,RECONNAISSANCE,Port Scan,AST-0477,AST-0271,HIGH,OBSERVED,0.866
ATK-00700,2026-09-21T07:11:00,CREDENTIAL_ACCESS,Suspicious Login,AST-0477,AST-0271,HIGH,OBSERVED,0.837
ATK-00700,2026-09-21T07:15:00,LATERAL_MOVEMENT,Internal Login Burst,AST-0477,AST-0271,HIGH,INFERRED,0.759
ATK-00700,2026-09-21T07:19:00,PERSISTENCE,Predicted Next Stage,AST-0477,AST-0271,MEDIUM,PREDICTED,0.859
ATK-00701,2026-09-03T23:58:00,RECONNAISSANCE,Port Scan,AST-0443,AST-0015,HIGH,OBSERVED,0.747
ATK-00701,2026-09-04T00:02:00,CREDENTIAL_ACCESS,Suspicious Login,AST-0443,AST-0015,HIGH,OBSERVED,0.805
ATK-00701,2026-09-04T00:06:00,LATERAL_MOVEMENT,Internal Login Burst,AST-0443,AST-0015,HIGH,INFERRED,0.767
ATK-00701,2026-09-04T00:10:00,EXFILTRATION,Predicted Next Stage,AST-0443,AST-0015,MEDIUM,PREDICTED,0.782
ATK-00702,2026-09-18T13:46:00,RECONNAISSANCE,Port Scan,AST-0157,AST-0466,HIGH,OBSERVED,0.731
ATK-00702,2026-09-18T13:50:00,CREDENTIAL_ACCESS,Suspicious Login,AST-0157,AST-0466,HIGH,OBSERVED,0.771
ATK-00702,2026-09-18T13:54:00,LATERAL_MOVEMENT,Internal Login Burst,AST-0157,AST-0466,HIGH,INFERRED,0.746
ATK-00702,2026-09-18T13:58:00,IMPACT,Predicted Next Stage,AST-0157,AST-0466,MEDIUM,PREDICTED,0.727
ATK-00703,2026-09-11T15:26:00,RECONNAISSANCE,Port Scan,AST-0080,AST-0242,HIGH,OBSERVED,0.745
ATK-00703,2026-09-11T15:30:00,CREDENTIAL_ACCESS,Suspicious Login,AST-0080,AST-0242,HIGH,OBSERVED,0.77
ATK-00703,2026-09-11T15:34:00,LATERAL_MOVEMENT,Internal Login Burst,AST-0080,AST-0242,HIGH,INFERRED,0.766
ATK-00703,2026-09-11T15:38:00,INITIAL_ACCESS,Predicted Next Stage,AST-0080,AST-0242,MEDIUM,PREDICTED,0.732
ATK-00704,2026-09-26T15:01:00,RECONNAISSANCE,Port Scan,AST-0398,AST-0282,HIGH,OBSERVED,0.896
ATK-00704,2026-09-26T15:05:00,CREDENTIAL_ACCESS,Suspicious Login,AST-0398,AST-0282,HIGH,OBSERVED,0.854
ATK-00704,2026-09-26T15:09:00,LATERAL_MOVEMENT,Internal Login Burst,AST-0398,AST-0282,HIGH,INFERRED,0.832
ATK-00704,2026-09-26T15:13:00,LATERAL_MOVEMENT,Predicted Next Stage,AST-0398,AST-0282,MEDIUM,PREDICTED,0.857
ATK-00705,2026-09-05T22:29:00,RECONNAISSANCE,Port Scan,AST-0458,AST-0011,HIGH,OBSERVED,0.765
ATK-00705,2026-09-05T22:33:00,CREDENTIAL_ACCESS,Suspicious Login,AST-0458,AST-0011,HIGH,OBSERVED,0.757
ATK-00705,2026-09-05T22:37:00,LATERAL_MOVEMENT,Internal Login Burst,AST-0458,AST-0011,HIGH,INFERRED,0.799
ATK-00705,2026-09-05T22:41:00,EXFILTRATION,Predicted Next Stage,AST-0458,AST-0011,MEDIUM,PREDICTED,0.735
ATK-00706,2026-09-19T00:27:00,RECONNAISSANCE,Port Scan,AST-0024,AST-0258,HIGH,OBSERVED,0.868
ATK-00706,2026-09-19T00:31:00,CREDENTIAL_ACCESS,Suspicious Login,AST-0024,AST-0258,HIGH,OBSERVED,0.9
ATK-00706,2026-09-19T00:35:00,LATERAL_MOVEMENT,Internal Login Burst,AST-0024,AST-0258,HIGH,INFERRED,0.938
ATK-00706,2026-09-19T00:39:00,LATERAL_MOVEMENT,Predicted Next Stage,AST-0024,AST-0258,MEDIUM,PREDICTED,0.896
ATK-00707,2026-09-12T18:22:00,RECONNAISSANCE,Port Scan,AST-0255,AST-0314,HIGH,OBSERVED,0.861
ATK-00707,2026-09-12T18:26:00,CREDENTIAL_ACCESS,Suspicious Login,AST-0255,AST-0314,HIGH,OBSERVED,0.856
ATK-00707,2026-09-12T18:30:00,LATERAL_MOVEMENT,Internal Login Burst,AST-0255,AST-0314,HIGH,INFERRED,0.794
ATK-00707,2026-09-12T18:34:00,LATERAL_MOVEMENT,Predicted Next Stage,AST-0255,AST-0314,MEDIUM,PREDICTED,0.84
ATK-00708,2026-09-02T01:45:00,RECONNAISSANCE,Port Scan,AST-0230,AST-0201,HIGH,OBSERVED,0.9
ATK-00708,2026-09-02T01:49:00,CREDENTIAL_ACCESS,Suspicious Login,AST-0230,AST-0201,HIGH,OBSERVED,0.894
ATK-00708,2026-09-02T01:53:00,LATERAL_MOVEMENT,Internal Login Burst,AST-0230,AST-0201,HIGH,INFERRED,0.862
ATK-00708,2026-09-02T01:57:00,LATERAL_MOVEMENT,Predicted Next Stage,AST-0230,AST-0201,MEDIUM,PREDICTED,0.843
ATK-00709,2026-09-02T02:21:00,RECONNAISSANCE,Port Scan,AST-0330,AST-0466,HIGH,OBSERVED,0.88
ATK-00709,2026-09-02T02:25:00,CREDENTIAL_ACCESS,Suspicious Login,AST-0330,AST-0466,HIGH,OBSERVED,0.853
ATK-00709,2026-09-02T02:29:00,LATERAL_MOVEMENT,Internal Login Burst,AST-0330,AST-0466,HIGH,INFERRED,0.814
ATK-00709,2026-09-02T02:33:00,EXFILTRATION,Predicted Next Stage,AST-0330,AST-0466,MEDIUM,PREDICTED,0.798
ATK-00710,2026-09-11T14:00:00,RECONNAISSANCE,Port Scan,AST-0096,AST-0399,HIGH,OBSERVED,0.762
ATK-00710,2026-09-11T14:04:00,CREDENTIAL_ACCESS,Suspicious Login,AST-0096,AST-0399,HIGH,OBSERVED,0.814
ATK-00710,2026-09-11T14:08:00,LATERAL_MOVEMENT,Internal Login Burst,AST-0096,AST-0399,HIGH,INFERRED,0.834
ATK-00710,2026-09-11T14:12:00,INITIAL_ACCESS,Predicted Next Stage,AST-0096,AST-0399,MEDIUM,PREDICTED,0.768
ATK-00711,2026-09-15T12:31:00,RECONNAISSANCE,Port Scan,AST-0390,AST-0431,HIGH,OBSERVED,0.764
ATK-00711,2026-09-15T12:35:00,CREDENTIAL_ACCESS,Suspicious Login,AST-0390,AST-0431,HIGH,OBSERVED,0.771
ATK-00711,2026-09-15T12:39:00,LATERAL_MOVEMENT,Internal Login Burst,AST-0390,AST-0431,HIGH,INFERRED,0.806
ATK-00711,2026-09-15T12:43:00,IMPACT,Predicted Next Stage,AST-0390,AST-0431,MEDIUM,PREDICTED,0.73
ATK-00712,2026-09-22T00:26:00,RECONNAISSANCE,Port Scan,AST-0398,AST-0023,HIGH,OBSERVED,0.893
ATK-00712,2026-09-22T00:30:00,CREDENTIAL_ACCESS,Suspicious Login,AST-0398,AST-0023,HIGH,OBSERVED,0.831
ATK-00712,2026-09-22T00:34:00,LATERAL_MOVEMENT,Internal Login Burst,AST-0398,AST-0023,HIGH,INFERRED,0.89
ATK-00712,2026-09-22T00:38:00,EXFILTRATION,Predicted Next Stage,AST-0398,AST-0023,MEDIUM,PREDICTED,0.886
ATK-00713,2026-09-23T12:38:00,RECONNAISSANCE,Port Scan,AST-0448,AST-0362,HIGH,OBSERVED,0.757
ATK-00713,2026-09-23T12:42:00,CREDENTIAL_ACCESS,Suspicious Login,AST-0448,AST-0362,HIGH,OBSERVED,0.781
ATK-00713,2026-09-23T12:46:00,LATERAL_MOVEMENT,Internal Login Burst,AST-0448,AST-0362,HIGH,INFERRED,0.777
ATK-00713,2026-09-23T12:50:00,IMPACT,Predicted Next Stage,AST-0448,AST-0362,MEDIUM,PREDICTED,0.833
ATK-00714,2026-09-05T16:39:00,RECONNAISSANCE,Port Scan,AST-0410,AST-0215,HIGH,OBSERVED,0.803
ATK-00714,2026-09-05T16:43:00,CREDENTIAL_ACCESS,Suspicious Login,AST-0410,AST-0215,HIGH,OBSERVED,0.761
ATK-00714,2026-09-05T16:47:00,LATERAL_MOVEMENT,Internal Login Burst,AST-0410,AST-0215,HIGH,INFERRED,0.799
ATK-00714,2026-09-05T16:51:00,CREDENTIAL_ACCESS,Predicted Next Stage,AST-0410,AST-0215,MEDIUM,PREDICTED,0.814
ATK-00715,2026-09-02T09:07:00,RECONNAISSANCE,Port Scan,AST-0059,AST-0131,HIGH,OBSERVED,0.79
ATK-00715,2026-09-02T09:11:00,CREDENTIAL_ACCESS,Suspicious Login,AST-0059,AST-0131,HIGH,OBSERVED,0.758
ATK-00715,2026-09-02T09:15:00,LATERAL_MOVEMENT,Internal Login Burst,AST-0059,AST-0131,HIGH,INFERRED,0.768
ATK-00715,2026-09-02T09:19:00,EXFILTRATION,Predicted Next Stage,AST-0059,AST-0131,MEDIUM,PREDICTED,0.703
ATK-00716,2026-09-15T15:22:00,RECONNAISSANCE,Port Scan,AST-0062,AST-0463,HIGH,OBSERVED,0.809
ATK-00716,2026-09-15T15:26:00,CREDENTIAL_ACCESS,Suspicious Login,AST-0062,AST-0463,HIGH,OBSERVED,0.831
ATK-00716,2026-09-15T15:30:00,LATERAL_MOVEMENT,Internal Login Burst,AST-0062,AST-0463,HIGH,INFERRED,0.807
ATK-00716,2026-09-15T15:34:00,INITIAL_ACCESS,Predicted Next Stage,AST-0062,AST-0463,MEDIUM,PREDICTED,0.806
ATK-00717,2026-09-06T23:31:00,RECONNAISSANCE,Port Scan,AST-0035,AST-0371,HIGH,OBSERVED,0.916
ATK-00717,2026-09-06T23:35:00,CREDENTIAL_ACCESS,Suspicious Login,AST-0035,AST-0371,HIGH,OBSERVED,0.936
ATK-00717,2026-09-06T23:39:00,LATERAL_MOVEMENT,Internal Login Burst,AST-0035,AST-0371,HIGH,INFERRED,0.897
ATK-00717,2026-09-06T23:43:00,PERSISTENCE,Predicted Next Stage,AST-0035,AST-0371,MEDIUM,PREDICTED,0.932
ATK-00718,2026-09-25T07:51:00,RECONNAISSANCE,Port Scan,AST-0312,AST-0114,HIGH,OBSERVED,0.826
ATK-00718,2026-09-25T07:55:00,CREDENTIAL_ACCESS,Suspicious Login,AST-0312,AST-0114,HIGH,OBSERVED,0.84
ATK-00718,2026-09-25T07:59:00,LATERAL_MOVEMENT,Internal Login Burst,AST-0312,AST-0114,HIGH,INFERRED,0.788
ATK-00718,2026-09-25T08:03:00,CREDENTIAL_ACCESS,Predicted Next Stage,AST-0312,AST-0114,MEDIUM,PREDICTED,0.847
ATK-00719,2026-09-03T16:08:00,RECONNAISSANCE,Port Scan,AST-0373,AST-0165,HIGH,OBSERVED,0.707
ATK-00719,2026-09-03T16:12:00,CREDENTIAL_ACCESS,Suspicious Login,AST-0373,AST-0165,HIGH,OBSERVED,0.786
ATK-00719,2026-09-03T16:16:00,LATERAL_MOVEMENT,Internal Login Burst,AST-0373,AST-0165,HIGH,INFERRED,0.858
ATK-00719,2026-09-03T16:20:00,INITIAL_ACCESS,Predicted Next Stage,AST-0373,AST-0165,MEDIUM,PREDICTED,0.781
ATK-00720,2026-09-26T10:46:00,RECONNAISSANCE,Port Scan,AST-0071,AST-0103,HIGH,OBSERVED,0.818
ATK-00720,2026-09-26T10:50:00,CREDENTIAL_ACCESS,Suspicious Login,AST-0071,AST-0103,HIGH,OBSERVED,0.805
ATK-00720,2026-09-26T10:54:00,LATERAL_MOVEMENT,Internal Login Burst,AST-0071,AST-0103,HIGH,INFERRED,0.833
ATK-00720,2026-09-26T10:58:00,LATERAL_MOVEMENT,Predicted Next Stage,AST-0071,AST-0103,MEDIUM,PREDICTED,0.83
ATK-00721,2026-09-09T11:09:00,RECONNAISSANCE,Port Scan,AST-0314,AST-0445,HIGH,OBSERVED,0.872
ATK-00721,2026-09-09T11:13:00,CREDENTIAL_ACCESS,Suspicious Login,AST-0314,AST-0445,HIGH,OBSERVED,0.929
ATK-00721,2026-09-09T11:17:00,LATERAL_MOVEMENT,Internal Login Burst,AST-0314,AST-0445,HIGH,INFERRED,0.884
ATK-00721,2026-09-09T11:21:00,EXFILTRATION,Predicted Next Stage,AST-0314,AST-0445,MEDIUM,PREDICTED,0.88
ATK-00722,2026-09-19T05:58:00,RECONNAISSANCE,Port Scan,AST-0431,AST-0028,HIGH,OBSERVED,0.758
ATK-00722,2026-09-19T06:02:00,CREDENTIAL_ACCESS,Suspicious Login,AST-0431,AST-0028,HIGH,OBSERVED,0.709
ATK-00722,2026-09-19T06:06:00,LATERAL_MOVEMENT,Internal Login Burst,AST-0431,AST-0028,HIGH,INFERRED,0.754
ATK-00722,2026-09-19T06:10:00,INITIAL_ACCESS,Predicted Next Stage,AST-0431,AST-0028,MEDIUM,PREDICTED,0.701
ATK-00723,2026-09-13T02:45:00,RECONNAISSANCE,Port Scan,AST-0390,AST-0236,HIGH,OBSERVED,0.835
ATK-00723,2026-09-13T02:49:00,CREDENTIAL_ACCESS,Suspicious Login,AST-0390,AST-0236,HIGH,OBSERVED,0.876
ATK-00723,2026-09-13T02:53:00,LATERAL_MOVEMENT,Internal Login Burst,AST-0390,AST-0236,HIGH,INFERRED,0.819
ATK-00723,2026-09-13T02:57:00,PERSISTENCE,Predicted Next Stage,AST-0390,AST-0236,MEDIUM,PREDICTED,0.862
ATK-00724,2026-09-15T01:10:00,RECONNAISSANCE,Port Scan,AST-0303,AST-0318,HIGH,OBSERVED,0.807
ATK-00724,2026-09-15T01:14:00,CREDENTIAL_ACCESS,Suspicious Login,AST-0303,AST-0318,HIGH,OBSERVED,0.788
ATK-00724,2026-09-15T01:18:00,LATERAL_MOVEMENT,Internal Login Burst,AST-0303,AST-0318,HIGH,INFERRED,0.777
ATK-00724,2026-09-15T01:22:00,INITIAL_ACCESS,Predicted Next Stage,AST-0303,AST-0318,MEDIUM,PREDICTED,0.803
ATK-00725,2026-09-23T10:39:00,RECONNAISSANCE,Port Scan,AST-0057,AST-0020,HIGH,OBSERVED,0.755
ATK-00725,2026-09-23T10:43:00,CREDENTIAL_ACCESS,Suspicious Login,AST-0057,AST-0020,HIGH,OBSERVED,0.833
ATK-00725,2026-09-23T10:47:00,LATERAL_MOVEMENT,Internal Login Burst,AST-0057,AST-0020,HIGH,INFERRED,0.823
ATK-00725,2026-09-23T10:51:00,CREDENTIAL_ACCESS,Predicted Next Stage,AST-0057,AST-0020,MEDIUM,PREDICTED,0.786
ATK-00726,2026-09-27T14:02:00,RECONNAISSANCE,Port Scan,AST-0279,AST-0348,HIGH,OBSERVED,0.8
ATK-00726,2026-09-27T14:06:00,CREDENTIAL_ACCESS,Suspicious Login,AST-0279,AST-0348,HIGH,OBSERVED,0.861
ATK-00726,2026-09-27T14:10:00,LATERAL_MOVEMENT,Internal Login Burst,AST-0279,AST-0348,HIGH,INFERRED,0.827
ATK-00726,2026-09-27T14:14:00,INITIAL_ACCESS,Predicted Next Stage,AST-0279,AST-0348,MEDIUM,PREDICTED,0.908
ATK-00727,2026-09-05T04:42:00,RECONNAISSANCE,Port Scan,AST-0375,AST-0353,HIGH,OBSERVED,0.788
ATK-00727,2026-09-05T04:46:00,CREDENTIAL_ACCESS,Suspicious Login,AST-0375,AST-0353,HIGH,OBSERVED,0.684
ATK-00727,2026-09-05T04:50:00,LATERAL_MOVEMENT,Internal Login Burst,AST-0375,AST-0353,HIGH,INFERRED,0.749
ATK-00727,2026-09-05T04:54:00,CREDENTIAL_ACCESS,Predicted Next Stage,AST-0375,AST-0353,MEDIUM,PREDICTED,0.745
ATK-00728,2026-09-08T20:48:00,RECONNAISSANCE,Port Scan,AST-0413,AST-0303,HIGH,OBSERVED,0.962
ATK-00728,2026-09-08T20:52:00,CREDENTIAL_ACCESS,Suspicious Login,AST-0413,AST-0303,HIGH,OBSERVED,0.934
ATK-00728,2026-09-08T20:56:00,LATERAL_MOVEMENT,Internal Login Burst,AST-0413,AST-0303,HIGH,INFERRED,0.916
ATK-00728,2026-09-08T21:00:00,EXFILTRATION,Predicted Next Stage,AST-0413,AST-0303,MEDIUM,PREDICTED,0.928
ATK-00729,2026-09-16T19:02:00,RECONNAISSANCE,Port Scan,AST-0130,AST-0419,HIGH,OBSERVED,0.859
ATK-00729,2026-09-16T19:06:00,CREDENTIAL_ACCESS,Suspicious Login,AST-0130,AST-0419,HIGH,OBSERVED,0.824
ATK-00729,2026-09-16T19:10:00,LATERAL_MOVEMENT,Internal Login Burst,AST-0130,AST-0419,HIGH,INFERRED,0.85
ATK-00729,2026-09-16T19:14:00,EXFILTRATION,Predicted Next Stage,AST-0130,AST-0419,MEDIUM,PREDICTED,0.86
ATK-00730,2026-09-01T14:12:00,RECONNAISSANCE,Port Scan,AST-0406,AST-0177,HIGH,OBSERVED,0.783
ATK-00730,2026-09-01T14:16:00,CREDENTIAL_ACCESS,Suspicious Login,AST-0406,AST-0177,HIGH,OBSERVED,0.731
ATK-00730,2026-09-01T14:20:00,LATERAL_MOVEMENT,Internal Login Burst,AST-0406,AST-0177,HIGH,INFERRED,0.776
ATK-00730,2026-09-01T14:24:00,PERSISTENCE,Predicted Next Stage,AST-0406,AST-0177,MEDIUM,PREDICTED,0.781
ATK-00731,2026-09-13T01:16:00,RECONNAISSANCE,Port Scan,AST-0122,AST-0478,HIGH,OBSERVED,0.866
ATK-00731,2026-09-13T01:20:00,CREDENTIAL_ACCESS,Suspicious Login,AST-0122,AST-0478,HIGH,OBSERVED,0.892
ATK-00731,2026-09-13T01:24:00,LATERAL_MOVEMENT,Internal Login Burst,AST-0122,AST-0478,HIGH,INFERRED,0.903
ATK-00731,2026-09-13T01:28:00,LATERAL_MOVEMENT,Predicted Next Stage,AST-0122,AST-0478,MEDIUM,PREDICTED,0.865
ATK-00732,2026-09-03T20:48:00,RECONNAISSANCE,Port Scan,AST-0497,AST-0166,HIGH,OBSERVED,0.759
ATK-00732,2026-09-03T20:52:00,CREDENTIAL_ACCESS,Suspicious Login,AST-0497,AST-0166,HIGH,OBSERVED,0.733
ATK-00732,2026-09-03T20:56:00,LATERAL_MOVEMENT,Internal Login Burst,AST-0497,AST-0166,HIGH,INFERRED,0.746
ATK-00732,2026-09-03T21:00:00,INITIAL_ACCESS,Predicted Next Stage,AST-0497,AST-0166,MEDIUM,PREDICTED,0.766
ATK-00733,2026-09-12T16:27:00,RECONNAISSANCE,Port Scan,AST-0294,AST-0464,HIGH,OBSERVED,0.768
ATK-00733,2026-09-12T16:31:00,CREDENTIAL_ACCESS,Suspicious Login,AST-0294,AST-0464,HIGH,OBSERVED,0.805
ATK-00733,2026-09-12T16:35:00,LATERAL_MOVEMENT,Internal Login Burst,AST-0294,AST-0464,HIGH,INFERRED,0.815
ATK-00733,2026-09-12T16:39:00,LATERAL_MOVEMENT,Predicted Next Stage,AST-0294,AST-0464,MEDIUM,PREDICTED,0.778
ATK-00734,2026-09-06T18:19:00,RECONNAISSANCE,Port Scan,AST-0229,AST-0290,HIGH,OBSERVED,0.791
ATK-00734,2026-09-06T18:23:00,CREDENTIAL_ACCESS,Suspicious Login,AST-0229,AST-0290,HIGH,OBSERVED,0.838
ATK-00734,2026-09-06T18:27:00,LATERAL_MOVEMENT,Internal Login Burst,AST-0229,AST-0290,HIGH,INFERRED,0.877
ATK-00734,2026-09-06T18:31:00,INITIAL_ACCESS,Predicted Next Stage,AST-0229,AST-0290,MEDIUM,PREDICTED,0.829
ATK-00735,2026-09-03T13:21:00,RECONNAISSANCE,Port Scan,AST-0497,AST-0258,HIGH,OBSERVED,0.852
ATK-00735,2026-09-03T13:25:00,CREDENTIAL_ACCESS,Suspicious Login,AST-0497,AST-0258,HIGH,OBSERVED,0.812
ATK-00735,2026-09-03T13:29:00,LATERAL_MOVEMENT,Internal Login Burst,AST-0497,AST-0258,HIGH,INFERRED,0.783
ATK-00735,2026-09-03T13:33:00,PERSISTENCE,Predicted Next Stage,AST-0497,AST-0258,MEDIUM,PREDICTED,0.831
ATK-00736,2026-09-07T19:02:00,RECONNAISSANCE,Port Scan,AST-0155,AST-0207,HIGH,OBSERVED,0.745
ATK-00736,2026-09-07T19:06:00,CREDENTIAL_ACCESS,Suspicious Login,AST-0155,AST-0207,HIGH,OBSERVED,0.751
ATK-00736,2026-09-07T19:10:00,LATERAL_MOVEMENT,Internal Login Burst,AST-0155,AST-0207,HIGH,INFERRED,0.747
ATK-00736,2026-09-07T19:14:00,PERSISTENCE,Predicted Next Stage,AST-0155,AST-0207,MEDIUM,PREDICTED,0.762
ATK-00737,2026-09-07T09:03:00,RECONNAISSANCE,Port Scan,AST-0173,AST-0499,HIGH,OBSERVED,0.773
ATK-00737,2026-09-07T09:07:00,CREDENTIAL_ACCESS,Suspicious Login,AST-0173,AST-0499,HIGH,OBSERVED,0.774
ATK-00737,2026-09-07T09:11:00,LATERAL_MOVEMENT,Internal Login Burst,AST-0173,AST-0499,HIGH,INFERRED,0.773
ATK-00737,2026-09-07T09:15:00,IMPACT,Predicted Next Stage,AST-0173,AST-0499,MEDIUM,PREDICTED,0.77
ATK-00738,2026-09-22T07:29:00,RECONNAISSANCE,Port Scan,AST-0468,AST-0116,HIGH,OBSERVED,0.888
ATK-00738,2026-09-22T07:33:00,CREDENTIAL_ACCESS,Suspicious Login,AST-0468,AST-0116,HIGH,OBSERVED,0.858
ATK-00738,2026-09-22T07:37:00,LATERAL_MOVEMENT,Internal Login Burst,AST-0468,AST-0116,HIGH,INFERRED,0.871
ATK-00738,2026-09-22T07:41:00,LATERAL_MOVEMENT,Predicted Next Stage,AST-0468,AST-0116,MEDIUM,PREDICTED,0.877
ATK-00739,2026-09-26T03:08:00,RECONNAISSANCE,Port Scan,AST-0189,AST-0359,HIGH,OBSERVED,0.861
ATK-00739,2026-09-26T03:12:00,CREDENTIAL_ACCESS,Suspicious Login,AST-0189,AST-0359,HIGH,OBSERVED,0.866
ATK-00739,2026-09-26T03:16:00,LATERAL_MOVEMENT,Internal Login Burst,AST-0189,AST-0359,HIGH,INFERRED,0.853
ATK-00739,2026-09-26T03:20:00,CREDENTIAL_ACCESS,Predicted Next Stage,AST-0189,AST-0359,MEDIUM,PREDICTED,0.849
ATK-00740,2026-09-05T02:18:00,RECONNAISSANCE,Port Scan,AST-0409,AST-0404,HIGH,OBSERVED,0.819
ATK-00740,2026-09-05T02:22:00,CREDENTIAL_ACCESS,Suspicious Login,AST-0409,AST-0404,HIGH,OBSERVED,0.871
ATK-00740,2026-09-05T02:26:00,LATERAL_MOVEMENT,Internal Login Burst,AST-0409,AST-0404,HIGH,INFERRED,0.83
ATK-00740,2026-09-05T02:30:00,CREDENTIAL_ACCESS,Predicted Next Stage,AST-0409,AST-0404,MEDIUM,PREDICTED,0.844
ATK-00741,2026-09-14T12:22:00,RECONNAISSANCE,Port Scan,AST-0243,AST-0145,HIGH,OBSERVED,0.71
ATK-00741,2026-09-14T12:26:00,CREDENTIAL_ACCESS,Suspicious Login,AST-0243,AST-0145,HIGH,OBSERVED,0.713
ATK-00741,2026-09-14T12:30:00,LATERAL_MOVEMENT,Internal Login Burst,AST-0243,AST-0145,HIGH,INFERRED,0.777
ATK-00741,2026-09-14T12:34:00,IMPACT,Predicted Next Stage,AST-0243,AST-0145,MEDIUM,PREDICTED,0.76
ATK-00742,2026-09-19T00:52:00,RECONNAISSANCE,Port Scan,AST-0438,AST-0403,HIGH,OBSERVED,0.834
ATK-00742,2026-09-19T00:56:00,CREDENTIAL_ACCESS,Suspicious Login,AST-0438,AST-0403,HIGH,OBSERVED,0.749
ATK-00742,2026-09-19T01:00:00,LATERAL_MOVEMENT,Internal Login Burst,AST-0438,AST-0403,HIGH,INFERRED,0.793
ATK-00742,2026-09-19T01:04:00,LATERAL_MOVEMENT,Predicted Next Stage,AST-0438,AST-0403,MEDIUM,PREDICTED,0.79
ATK-00743,2026-09-27T23:41:00,RECONNAISSANCE,Port Scan,AST-0141,AST-0454,HIGH,OBSERVED,0.745
ATK-00743,2026-09-27T23:45:00,CREDENTIAL_ACCESS,Suspicious Login,AST-0141,AST-0454,HIGH,OBSERVED,0.766
ATK-00743,2026-09-27T23:49:00,LATERAL_MOVEMENT,Internal Login Burst,AST-0141,AST-0454,HIGH,INFERRED,0.74
ATK-00743,2026-09-27T23:53:00,INITIAL_ACCESS,Predicted Next Stage,AST-0141,AST-0454,MEDIUM,PREDICTED,0.75
ATK-00744,2026-09-22T08:38:00,RECONNAISSANCE,Port Scan,AST-0071,AST-0394,HIGH,OBSERVED,0.858
ATK-00744,2026-09-22T08:42:00,CREDENTIAL_ACCESS,Suspicious Login,AST-0071,AST-0394,HIGH,OBSERVED,0.84
ATK-00744,2026-09-22T08:46:00,LATERAL_MOVEMENT,Internal Login Burst,AST-0071,AST-0394,HIGH,INFERRED,0.877
ATK-00744,2026-09-22T08:50:00,EXFILTRATION,Predicted Next Stage,AST-0071,AST-0394,MEDIUM,PREDICTED,0.825
ATK-00745,2026-09-06T12:25:00,RECONNAISSANCE,Port Scan,AST-0380,AST-0402,HIGH,OBSERVED,0.848
ATK-00745,2026-09-06T12:29:00,CREDENTIAL_ACCESS,Suspicious Login,AST-0380,AST-0402,HIGH,OBSERVED,0.862
ATK-00745,2026-09-06T12:33:00,LATERAL_MOVEMENT,Internal Login Burst,AST-0380,AST-0402,HIGH,INFERRED,0.838
ATK-00745,2026-09-06T12:37:00,EXFILTRATION,Predicted Next Stage,AST-0380,AST-0402,MEDIUM,PREDICTED,0.787
ATK-00746,2026-09-10T15:24:00,RECONNAISSANCE,Port Scan,AST-0407,AST-0296,HIGH,OBSERVED,0.796
ATK-00746,2026-09-10T15:28:00,CREDENTIAL_ACCESS,Suspicious Login,AST-0407,AST-0296,HIGH,OBSERVED,0.832
ATK-00746,2026-09-10T15:32:00,LATERAL_MOVEMENT,Internal Login Burst,AST-0407,AST-0296,HIGH,INFERRED,0.825
ATK-00746,2026-09-10T15:36:00,LATERAL_MOVEMENT,Predicted Next Stage,AST-0407,AST-0296,MEDIUM,PREDICTED,0.868
ATK-00747,2026-09-18T02:00:00,RECONNAISSANCE,Port Scan,AST-0248,AST-0314,HIGH,OBSERVED,0.886
ATK-00747,2026-09-18T02:04:00,CREDENTIAL_ACCESS,Suspicious Login,AST-0248,AST-0314,HIGH,OBSERVED,0.905
ATK-00747,2026-09-18T02:08:00,LATERAL_MOVEMENT,Internal Login Burst,AST-0248,AST-0314,HIGH,INFERRED,0.957
ATK-00747,2026-09-18T02:12:00,CREDENTIAL_ACCESS,Predicted Next Stage,AST-0248,AST-0314,MEDIUM,PREDICTED,0.915
ATK-00748,2026-09-04T22:23:00,RECONNAISSANCE,Port Scan,AST-0442,AST-0131,HIGH,OBSERVED,0.731
ATK-00748,2026-09-04T22:27:00,CREDENTIAL_ACCESS,Suspicious Login,AST-0442,AST-0131,HIGH,OBSERVED,0.742
ATK-00748,2026-09-04T22:31:00,LATERAL_MOVEMENT,Internal Login Burst,AST-0442,AST-0131,HIGH,INFERRED,0.782
ATK-00748,2026-09-04T22:35:00,CREDENTIAL_ACCESS,Predicted Next Stage,AST-0442,AST-0131,MEDIUM,PREDICTED,0.69
ATK-00749,2026-09-14T04:52:00,RECONNAISSANCE,Port Scan,AST-0205,AST-0452,HIGH,OBSERVED,0.864
ATK-00749,2026-09-14T04:56:00,CREDENTIAL_ACCESS,Suspicious Login,AST-0205,AST-0452,HIGH,OBSERVED,0.802
ATK-00749,2026-09-14T05:00:00,LATERAL_MOVEMENT,Internal Login Burst,AST-0205,AST-0452,HIGH,INFERRED,0.867
ATK-00749,2026-09-14T05:04:00,EXFILTRATION,Predicted Next Stage,AST-0205,AST-0452,MEDIUM,PREDICTED,0.865
ATK-00750,2026-09-01T11:26:00,RECONNAISSANCE,Port Scan,AST-0261,AST-0177,HIGH,OBSERVED,0.695
ATK-00750,2026-09-01T11:30:00,CREDENTIAL_ACCESS,Suspicious Login,AST-0261,AST-0177,HIGH,OBSERVED,0.729
ATK-00750,2026-09-01T11:34:00,LATERAL_MOVEMENT,Internal Login Burst,AST-0261,AST-0177,HIGH,INFERRED,0.653
ATK-00750,2026-09-01T11:38:00,INITIAL_ACCESS,Predicted Next Stage,AST-0261,AST-0177,MEDIUM,PREDICTED,0.701
ATK-00751,2026-09-12T00:24:00,RECONNAISSANCE,Port Scan,AST-0297,AST-0249,HIGH,OBSERVED,0.86
ATK-00751,2026-09-12T00:28:00,CREDENTIAL_ACCESS,Suspicious Login,AST-0297,AST-0249,HIGH,OBSERVED,0.778
ATK-00751,2026-09-12T00:32:00,LATERAL_MOVEMENT,Internal Login Burst,AST-0297,AST-0249,HIGH,INFERRED,0.869
ATK-00751,2026-09-12T00:36:00,EXFILTRATION,Predicted Next Stage,AST-0297,AST-0249,MEDIUM,PREDICTED,0.807
ATK-00752,2026-09-02T08:19:00,RECONNAISSANCE,Port Scan,AST-0135,AST-0170,HIGH,OBSERVED,0.813
ATK-00752,2026-09-02T08:23:00,CREDENTIAL_ACCESS,Suspicious Login,AST-0135,AST-0170,HIGH,OBSERVED,0.896
ATK-00752,2026-09-02T08:27:00,LATERAL_MOVEMENT,Internal Login Burst,AST-0135,AST-0170,HIGH,INFERRED,0.843
ATK-00752,2026-09-02T08:31:00,EXFILTRATION,Predicted Next Stage,AST-0135,AST-0170,MEDIUM,PREDICTED,0.83
ATK-00753,2026-09-23T01:00:00,RECONNAISSANCE,Port Scan,AST-0283,AST-0203,HIGH,OBSERVED,0.746
ATK-00753,2026-09-23T01:04:00,CREDENTIAL_ACCESS,Suspicious Login,AST-0283,AST-0203,HIGH,OBSERVED,0.697
ATK-00753,2026-09-23T01:08:00,LATERAL_MOVEMENT,Internal Login Burst,AST-0283,AST-0203,HIGH,INFERRED,0.75
ATK-00753,2026-09-23T01:12:00,IMPACT,Predicted Next Stage,AST-0283,AST-0203,MEDIUM,PREDICTED,0.717
ATK-00754,2026-09-23T10:50:00,RECONNAISSANCE,Port Scan,AST-0311,AST-0494,HIGH,OBSERVED,0.885
ATK-00754,2026-09-23T10:54:00,CREDENTIAL_ACCESS,Suspicious Login,AST-0311,AST-0494,HIGH,OBSERVED,0.923
ATK-00754,2026-09-23T10:58:00,LATERAL_MOVEMENT,Internal Login Burst,AST-0311,AST-0494,HIGH,INFERRED,0.892
ATK-00754,2026-09-23T11:02:00,IMPACT,Predicted Next Stage,AST-0311,AST-0494,MEDIUM,PREDICTED,0.908
ATK-00755,2026-09-06T00:01:00,RECONNAISSANCE,Port Scan,AST-0227,AST-0294,HIGH,OBSERVED,0.957
ATK-00755,2026-09-06T00:05:00,CREDENTIAL_ACCESS,Suspicious Login,AST-0227,AST-0294,HIGH,OBSERVED,0.917
ATK-00755,2026-09-06T00:09:00,LATERAL_MOVEMENT,Internal Login Burst,AST-0227,AST-0294,HIGH,INFERRED,0.943
ATK-00755,2026-09-06T00:13:00,CREDENTIAL_ACCESS,Predicted Next Stage,AST-0227,AST-0294,MEDIUM,PREDICTED,0.931
ATK-00756,2026-09-16T08:33:00,RECONNAISSANCE,Port Scan,AST-0398,AST-0308,HIGH,OBSERVED,0.798
ATK-00756,2026-09-16T08:37:00,CREDENTIAL_ACCESS,Suspicious Login,AST-0398,AST-0308,HIGH,OBSERVED,0.763
ATK-00756,2026-09-16T08:41:00,LATERAL_MOVEMENT,Internal Login Burst,AST-0398,AST-0308,HIGH,INFERRED,0.775
ATK-00756,2026-09-16T08:45:00,INITIAL_ACCESS,Predicted Next Stage,AST-0398,AST-0308,MEDIUM,PREDICTED,0.708
ATK-00757,2026-09-07T06:55:00,RECONNAISSANCE,Port Scan,AST-0423,AST-0294,HIGH,OBSERVED,0.68
ATK-00757,2026-09-07T06:59:00,CREDENTIAL_ACCESS,Suspicious Login,AST-0423,AST-0294,HIGH,OBSERVED,0.788
ATK-00757,2026-09-07T07:03:00,LATERAL_MOVEMENT,Internal Login Burst,AST-0423,AST-0294,HIGH,INFERRED,0.711
ATK-00757,2026-09-07T07:07:00,EXFILTRATION,Predicted Next Stage,AST-0423,AST-0294,MEDIUM,PREDICTED,0.699
ATK-00758,2026-09-09T17:07:00,RECONNAISSANCE,Port Scan,AST-0191,AST-0099,HIGH,OBSERVED,0.922
ATK-00758,2026-09-09T17:11:00,CREDENTIAL_ACCESS,Suspicious Login,AST-0191,AST-0099,HIGH,OBSERVED,0.922
ATK-00758,2026-09-09T17:15:00,LATERAL_MOVEMENT,Internal Login Burst,AST-0191,AST-0099,HIGH,INFERRED,0.977
ATK-00758,2026-09-09T17:19:00,EXFILTRATION,Predicted Next Stage,AST-0191,AST-0099,MEDIUM,PREDICTED,0.908
ATK-00759,2026-09-10T05:37:00,RECONNAISSANCE,Port Scan,AST-0395,AST-0467,HIGH,OBSERVED,0.765
ATK-00759,2026-09-10T05:41:00,CREDENTIAL_ACCESS,Suspicious Login,AST-0395,AST-0467,HIGH,OBSERVED,0.745
ATK-00759,2026-09-10T05:45:00,LATERAL_MOVEMENT,Internal Login Burst,AST-0395,AST-0467,HIGH,INFERRED,0.784
ATK-00759,2026-09-10T05:49:00,IMPACT,Predicted Next Stage,AST-0395,AST-0467,MEDIUM,PREDICTED,0.737
ATK-00760,2026-09-22T06:47:00,RECONNAISSANCE,Port Scan,AST-0034,AST-0120,HIGH,OBSERVED,0.799
ATK-00760,2026-09-22T06:51:00,CREDENTIAL_ACCESS,Suspicious Login,AST-0034,AST-0120,HIGH,OBSERVED,0.84
ATK-00760,2026-09-22T06:55:00,LATERAL_MOVEMENT,Internal Login Burst,AST-0034,AST-0120,HIGH,INFERRED,0.865
ATK-00760,2026-09-22T06:59:00,IMPACT,Predicted Next Stage,AST-0034,AST-0120,MEDIUM,PREDICTED,0.872
ATK-00761,2026-09-05T00:48:00,RECONNAISSANCE,Port Scan,AST-0134,AST-0323,HIGH,OBSERVED,0.692
ATK-00761,2026-09-05T00:52:00,CREDENTIAL_ACCESS,Suspicious Login,AST-0134,AST-0323,HIGH,OBSERVED,0.771
ATK-00761,2026-09-05T00:56:00,LATERAL_MOVEMENT,Internal Login Burst,AST-0134,AST-0323,HIGH,INFERRED,0.734
ATK-00761,2026-09-05T01:00:00,IMPACT,Predicted Next Stage,AST-0134,AST-0323,MEDIUM,PREDICTED,0.751
ATK-00762,2026-09-26T20:52:00,RECONNAISSANCE,Port Scan,AST-0335,AST-0247,HIGH,OBSERVED,0.895
ATK-00762,2026-09-26T20:56:00,CREDENTIAL_ACCESS,Suspicious Login,AST-0335,AST-0247,HIGH,OBSERVED,0.909
ATK-00762,2026-09-26T21:00:00,LATERAL_MOVEMENT,Internal Login Burst,AST-0335,AST-0247,HIGH,INFERRED,0.889
ATK-00762,2026-09-26T21:04:00,LATERAL_MOVEMENT,Predicted Next Stage,AST-0335,AST-0247,MEDIUM,PREDICTED,0.895
ATK-00763,2026-09-19T13:21:00,RECONNAISSANCE,Port Scan,AST-0407,AST-0494,HIGH,OBSERVED,0.771
ATK-00763,2026-09-19T13:25:00,CREDENTIAL_ACCESS,Suspicious Login,AST-0407,AST-0494,HIGH,OBSERVED,0.705
ATK-00763,2026-09-19T13:29:00,LATERAL_MOVEMENT,Internal Login Burst,AST-0407,AST-0494,HIGH,INFERRED,0.757
ATK-00763,2026-09-19T13:33:00,EXFILTRATION,Predicted Next Stage,AST-0407,AST-0494,MEDIUM,PREDICTED,0.798
ATK-00764,2026-09-22T16:08:00,RECONNAISSANCE,Port Scan,AST-0280,AST-0445,HIGH,OBSERVED,0.859
ATK-00764,2026-09-22T16:12:00,CREDENTIAL_ACCESS,Suspicious Login,AST-0280,AST-0445,HIGH,OBSERVED,0.842
ATK-00764,2026-09-22T16:16:00,LATERAL_MOVEMENT,Internal Login Burst,AST-0280,AST-0445,HIGH,INFERRED,0.812
ATK-00764,2026-09-22T16:20:00,IMPACT,Predicted Next Stage,AST-0280,AST-0445,MEDIUM,PREDICTED,0.769
ATK-00765,2026-09-01T23:47:00,RECONNAISSANCE,Port Scan,AST-0184,AST-0448,HIGH,OBSERVED,0.717
ATK-00765,2026-09-01T23:51:00,CREDENTIAL_ACCESS,Suspicious Login,AST-0184,AST-0448,HIGH,OBSERVED,0.648
ATK-00765,2026-09-01T23:55:00,LATERAL_MOVEMENT,Internal Login Burst,AST-0184,AST-0448,HIGH,INFERRED,0.726
ATK-00765,2026-09-01T23:59:00,CREDENTIAL_ACCESS,Predicted Next Stage,AST-0184,AST-0448,MEDIUM,PREDICTED,0.716
ATK-00766,2026-09-24T05:52:00,RECONNAISSANCE,Port Scan,AST-0130,AST-0400,HIGH,OBSERVED,0.83
ATK-00766,2026-09-24T05:56:00,CREDENTIAL_ACCESS,Suspicious Login,AST-0130,AST-0400,HIGH,OBSERVED,0.876
ATK-00766,2026-09-24T06:00:00,LATERAL_MOVEMENT,Internal Login Burst,AST-0130,AST-0400,HIGH,INFERRED,0.881
ATK-00766,2026-09-24T06:04:00,IMPACT,Predicted Next Stage,AST-0130,AST-0400,MEDIUM,PREDICTED,0.862
ATK-00767,2026-09-14T03:54:00,RECONNAISSANCE,Port Scan,AST-0437,AST-0330,HIGH,OBSERVED,0.837
ATK-00767,2026-09-14T03:58:00,CREDENTIAL_ACCESS,Suspicious Login,AST-0437,AST-0330,HIGH,OBSERVED,0.864
ATK-00767,2026-09-14T04:02:00,LATERAL_MOVEMENT,Internal Login Burst,AST-0437,AST-0330,HIGH,INFERRED,0.844
ATK-00767,2026-09-14T04:06:00,LATERAL_MOVEMENT,Predicted Next Stage,AST-0437,AST-0330,MEDIUM,PREDICTED,0.877
ATK-00768,2026-09-11T18:21:00,RECONNAISSANCE,Port Scan,AST-0180,AST-0077,HIGH,OBSERVED,0.702
ATK-00768,2026-09-11T18:25:00,CREDENTIAL_ACCESS,Suspicious Login,AST-0180,AST-0077,HIGH,OBSERVED,0.753
ATK-00768,2026-09-11T18:29:00,LATERAL_MOVEMENT,Internal Login Burst,AST-0180,AST-0077,HIGH,INFERRED,0.707
ATK-00768,2026-09-11T18:33:00,EXFILTRATION,Predicted Next Stage,AST-0180,AST-0077,MEDIUM,PREDICTED,0.768
ATK-00769,2026-09-04T22:09:00,RECONNAISSANCE,Port Scan,AST-0332,AST-0485,HIGH,OBSERVED,0.866
ATK-00769,2026-09-04T22:13:00,CREDENTIAL_ACCESS,Suspicious Login,AST-0332,AST-0485,HIGH,OBSERVED,0.911
ATK-00769,2026-09-04T22:17:00,LATERAL_MOVEMENT,Internal Login Burst,AST-0332,AST-0485,HIGH,INFERRED,0.893
ATK-00769,2026-09-04T22:21:00,IMPACT,Predicted Next Stage,AST-0332,AST-0485,MEDIUM,PREDICTED,0.894
ATK-00770,2026-09-11T08:35:00,RECONNAISSANCE,Port Scan,AST-0080,AST-0024,HIGH,OBSERVED,0.769
ATK-00770,2026-09-11T08:39:00,CREDENTIAL_ACCESS,Suspicious Login,AST-0080,AST-0024,HIGH,OBSERVED,0.791
ATK-00770,2026-09-11T08:43:00,LATERAL_MOVEMENT,Internal Login Burst,AST-0080,AST-0024,HIGH,INFERRED,0.776
ATK-00770,2026-09-11T08:47:00,IMPACT,Predicted Next Stage,AST-0080,AST-0024,MEDIUM,PREDICTED,0.755
ATK-00771,2026-09-01T21:13:00,RECONNAISSANCE,Port Scan,AST-0367,AST-0264,HIGH,OBSERVED,0.824
ATK-00771,2026-09-01T21:17:00,CREDENTIAL_ACCESS,Suspicious Login,AST-0367,AST-0264,HIGH,OBSERVED,0.866
ATK-00771,2026-09-01T21:21:00,LATERAL_MOVEMENT,Internal Login Burst,AST-0367,AST-0264,HIGH,INFERRED,0.808
ATK-00771,2026-09-01T21:25:00,PERSISTENCE,Predicted Next Stage,AST-0367,AST-0264,MEDIUM,PREDICTED,0.837
ATK-00772,2026-09-18T12:43:00,RECONNAISSANCE,Port Scan,AST-0037,AST-0206,HIGH,OBSERVED,0.79
ATK-00772,2026-09-18T12:47:00,CREDENTIAL_ACCESS,Suspicious Login,AST-0037,AST-0206,HIGH,OBSERVED,0.876
ATK-00772,2026-09-18T12:51:00,LATERAL_MOVEMENT,Internal Login Burst,AST-0037,AST-0206,HIGH,INFERRED,0.791
ATK-00772,2026-09-18T12:55:00,LATERAL_MOVEMENT,Predicted Next Stage,AST-0037,AST-0206,MEDIUM,PREDICTED,0.845
ATK-00773,2026-09-05T02:27:00,RECONNAISSANCE,Port Scan,AST-0099,AST-0039,HIGH,OBSERVED,0.797
ATK-00773,2026-09-05T02:31:00,CREDENTIAL_ACCESS,Suspicious Login,AST-0099,AST-0039,HIGH,OBSERVED,0.797
ATK-00773,2026-09-05T02:35:00,LATERAL_MOVEMENT,Internal Login Burst,AST-0099,AST-0039,HIGH,INFERRED,0.8
ATK-00773,2026-09-05T02:39:00,CREDENTIAL_ACCESS,Predicted Next Stage,AST-0099,AST-0039,MEDIUM,PREDICTED,0.839
ATK-00774,2026-09-17T21:34:00,RECONNAISSANCE,Port Scan,AST-0099,AST-0494,HIGH,OBSERVED,0.706
ATK-00774,2026-09-17T21:38:00,CREDENTIAL_ACCESS,Suspicious Login,AST-0099,AST-0494,HIGH,OBSERVED,0.744
ATK-00774,2026-09-17T21:42:00,LATERAL_MOVEMENT,Internal Login Burst,AST-0099,AST-0494,HIGH,INFERRED,0.807
ATK-00774,2026-09-17T21:46:00,IMPACT,Predicted Next Stage,AST-0099,AST-0494,MEDIUM,PREDICTED,0.705
ATK-00775,2026-09-06T00:35:00,RECONNAISSANCE,Port Scan,AST-0173,AST-0245,HIGH,OBSERVED,0.835
ATK-00775,2026-09-06T00:39:00,CREDENTIAL_ACCESS,Suspicious Login,AST-0173,AST-0245,HIGH,OBSERVED,0.851
ATK-00775,2026-09-06T00:43:00,LATERAL_MOVEMENT,Internal Login Burst,AST-0173,AST-0245,HIGH,INFERRED,0.779
ATK-00775,2026-09-06T00:47:00,LATERAL_MOVEMENT,Predicted Next Stage,AST-0173,AST-0245,MEDIUM,PREDICTED,0.819
ATK-00776,2026-09-24T13:36:00,RECONNAISSANCE,Port Scan,AST-0140,AST-0138,HIGH,OBSERVED,0.826
ATK-00776,2026-09-24T13:40:00,CREDENTIAL_ACCESS,Suspicious Login,AST-0140,AST-0138,HIGH,OBSERVED,0.78
ATK-00776,2026-09-24T13:44:00,LATERAL_MOVEMENT,Internal Login Burst,AST-0140,AST-0138,HIGH,INFERRED,0.722
ATK-00776,2026-09-24T13:48:00,LATERAL_MOVEMENT,Predicted Next Stage,AST-0140,AST-0138,MEDIUM,PREDICTED,0.832
ATK-00777,2026-09-27T01:05:00,RECONNAISSANCE,Port Scan,AST-0496,AST-0306,HIGH,OBSERVED,0.836
ATK-00777,2026-09-27T01:09:00,CREDENTIAL_ACCESS,Suspicious Login,AST-0496,AST-0306,HIGH,OBSERVED,0.85
ATK-00777,2026-09-27T01:13:00,LATERAL_MOVEMENT,Internal Login Burst,AST-0496,AST-0306,HIGH,INFERRED,0.824
ATK-00777,2026-09-27T01:17:00,CREDENTIAL_ACCESS,Predicted Next Stage,AST-0496,AST-0306,MEDIUM,PREDICTED,0.84
ATK-00778,2026-09-22T13:53:00,RECONNAISSANCE,Port Scan,AST-0024,AST-0434,HIGH,OBSERVED,0.851
ATK-00778,2026-09-22T13:57:00,CREDENTIAL_ACCESS,Suspicious Login,AST-0024,AST-0434,HIGH,OBSERVED,0.834
ATK-00778,2026-09-22T14:01:00,LATERAL_MOVEMENT,Internal Login Burst,AST-0024,AST-0434,HIGH,INFERRED,0.774
ATK-00778,2026-09-22T14:05:00,LATERAL_MOVEMENT,Predicted Next Stage,AST-0024,AST-0434,MEDIUM,PREDICTED,0.838
ATK-00779,2026-09-17T19:06:00,RECONNAISSANCE,Port Scan,AST-0067,AST-0119,HIGH,OBSERVED,0.723
ATK-00779,2026-09-17T19:10:00,CREDENTIAL_ACCESS,Suspicious Login,AST-0067,AST-0119,HIGH,OBSERVED,0.744
ATK-00779,2026-09-17T19:14:00,LATERAL_MOVEMENT,Internal Login Burst,AST-0067,AST-0119,HIGH,INFERRED,0.656
ATK-00779,2026-09-17T19:18:00,CREDENTIAL_ACCESS,Predicted Next Stage,AST-0067,AST-0119,MEDIUM,PREDICTED,0.713
ATK-00780,2026-09-10T13:24:00,RECONNAISSANCE,Port Scan,AST-0103,AST-0284,HIGH,OBSERVED,0.762
ATK-00780,2026-09-10T13:28:00,CREDENTIAL_ACCESS,Suspicious Login,AST-0103,AST-0284,HIGH,OBSERVED,0.787
ATK-00780,2026-09-10T13:32:00,LATERAL_MOVEMENT,Internal Login Burst,AST-0103,AST-0284,HIGH,INFERRED,0.78
ATK-00780,2026-09-10T13:36:00,IMPACT,Predicted Next Stage,AST-0103,AST-0284,MEDIUM,PREDICTED,0.774
ATK-00781,2026-09-21T02:58:00,RECONNAISSANCE,Port Scan,AST-0033,AST-0200,HIGH,OBSERVED,0.746
ATK-00781,2026-09-21T03:02:00,CREDENTIAL_ACCESS,Suspicious Login,AST-0033,AST-0200,HIGH,OBSERVED,0.745
ATK-00781,2026-09-21T03:06:00,LATERAL_MOVEMENT,Internal Login Burst,AST-0033,AST-0200,HIGH,INFERRED,0.774
ATK-00781,2026-09-21T03:10:00,CREDENTIAL_ACCESS,Predicted Next Stage,AST-0033,AST-0200,MEDIUM,PREDICTED,0.761
ATK-00782,2026-09-22T02:14:00,RECONNAISSANCE,Port Scan,AST-0039,AST-0015,HIGH,OBSERVED,0.798
ATK-00782,2026-09-22T02:18:00,CREDENTIAL_ACCESS,Suspicious Login,AST-0039,AST-0015,HIGH,OBSERVED,0.816
ATK-00782,2026-09-22T02:22:00,LATERAL_MOVEMENT,Internal Login Burst,AST-0039,AST-0015,HIGH,INFERRED,0.831
ATK-00782,2026-09-22T02:26:00,CREDENTIAL_ACCESS,Predicted Next Stage,AST-0039,AST-0015,MEDIUM,PREDICTED,0.794
ATK-00783,2026-09-01T15:45:00,RECONNAISSANCE,Port Scan,AST-0334,AST-0361,HIGH,OBSERVED,0.676
ATK-00783,2026-09-01T15:49:00,CREDENTIAL_ACCESS,Suspicious Login,AST-0334,AST-0361,HIGH,OBSERVED,0.71
ATK-00783,2026-09-01T15:53:00,LATERAL_MOVEMENT,Internal Login Burst,AST-0334,AST-0361,HIGH,INFERRED,0.668
ATK-00783,2026-09-01T15:57:00,PERSISTENCE,Predicted Next Stage,AST-0334,AST-0361,MEDIUM,PREDICTED,0.676
ATK-00784,2026-09-10T10:14:00,RECONNAISSANCE,Port Scan,AST-0208,AST-0210,HIGH,OBSERVED,0.692
ATK-00784,2026-09-10T10:18:00,CREDENTIAL_ACCESS,Suspicious Login,AST-0208,AST-0210,HIGH,OBSERVED,0.708
ATK-00784,2026-09-10T10:22:00,LATERAL_MOVEMENT,Internal Login Burst,AST-0208,AST-0210,HIGH,INFERRED,0.695
ATK-00784,2026-09-10T10:26:00,INITIAL_ACCESS,Predicted Next Stage,AST-0208,AST-0210,MEDIUM,PREDICTED,0.7
ATK-00785,2026-09-23T06:06:00,RECONNAISSANCE,Port Scan,AST-0014,AST-0499,HIGH,OBSERVED,0.772
ATK-00785,2026-09-23T06:10:00,CREDENTIAL_ACCESS,Suspicious Login,AST-0014,AST-0499,HIGH,OBSERVED,0.727
ATK-00785,2026-09-23T06:14:00,LATERAL_MOVEMENT,Internal Login Burst,AST-0014,AST-0499,HIGH,INFERRED,0.739
ATK-00785,2026-09-23T06:18:00,IMPACT,Predicted Next Stage,AST-0014,AST-0499,MEDIUM,PREDICTED,0.756
ATK-00786,2026-09-26T19:50:00,RECONNAISSANCE,Port Scan,AST-0398,AST-0282,HIGH,OBSERVED,0.727
ATK-00786,2026-09-26T19:54:00,CREDENTIAL_ACCESS,Suspicious Login,AST-0398,AST-0282,HIGH,OBSERVED,0.733
ATK-00786,2026-09-26T19:58:00,LATERAL_MOVEMENT,Internal Login Burst,AST-0398,AST-0282,HIGH,INFERRED,0.749
ATK-00786,2026-09-26T20:02:00,INITIAL_ACCESS,Predicted Next Stage,AST-0398,AST-0282,MEDIUM,PREDICTED,0.687
ATK-00787,2026-09-14T03:26:00,RECONNAISSANCE,Port Scan,AST-0167,AST-0257,HIGH,OBSERVED,0.795
ATK-00787,2026-09-14T03:30:00,CREDENTIAL_ACCESS,Suspicious Login,AST-0167,AST-0257,HIGH,OBSERVED,0.769
ATK-00787,2026-09-14T03:34:00,LATERAL_MOVEMENT,Internal Login Burst,AST-0167,AST-0257,HIGH,INFERRED,0.838
ATK-00787,2026-09-14T03:38:00,LATERAL_MOVEMENT,Predicted Next Stage,AST-0167,AST-0257,MEDIUM,PREDICTED,0.791
ATK-00788,2026-09-08T09:14:00,RECONNAISSANCE,Port Scan,AST-0254,AST-0442,HIGH,OBSERVED,0.712
ATK-00788,2026-09-08T09:18:00,CREDENTIAL_ACCESS,Suspicious Login,AST-0254,AST-0442,HIGH,OBSERVED,0.724
ATK-00788,2026-09-08T09:22:00,LATERAL_MOVEMENT,Internal Login Burst,AST-0254,AST-0442,HIGH,INFERRED,0.787
ATK-00788,2026-09-08T09:26:00,IMPACT,Predicted Next Stage,AST-0254,AST-0442,MEDIUM,PREDICTED,0.739
ATK-00789,2026-09-27T10:09:00,RECONNAISSANCE,Port Scan,AST-0240,AST-0498,HIGH,OBSERVED,0.855
ATK-00789,2026-09-27T10:13:00,CREDENTIAL_ACCESS,Suspicious Login,AST-0240,AST-0498,HIGH,OBSERVED,0.808
ATK-00789,2026-09-27T10:17:00,LATERAL_MOVEMENT,Internal Login Burst,AST-0240,AST-0498,HIGH,INFERRED,0.776
ATK-00789,2026-09-27T10:21:00,IMPACT,Predicted Next Stage,AST-0240,AST-0498,MEDIUM,PREDICTED,0.82
ATK-00790,2026-09-03T01:06:00,RECONNAISSANCE,Port Scan,AST-0488,AST-0248,HIGH,OBSERVED,0.765
ATK-00790,2026-09-03T01:10:00,CREDENTIAL_ACCESS,Suspicious Login,AST-0488,AST-0248,HIGH,OBSERVED,0.829
ATK-00790,2026-09-03T01:14:00,LATERAL_MOVEMENT,Internal Login Burst,AST-0488,AST-0248,HIGH,INFERRED,0.77
ATK-00790,2026-09-03T01:18:00,IMPACT,Predicted Next Stage,AST-0488,AST-0248,MEDIUM,PREDICTED,0.788
ATK-00791,2026-09-14T07:44:00,RECONNAISSANCE,Port Scan,AST-0395,AST-0309,HIGH,OBSERVED,0.796
ATK-00791,2026-09-14T07:48:00,CREDENTIAL_ACCESS,Suspicious Login,AST-0395,AST-0309,HIGH,OBSERVED,0.764
ATK-00791,2026-09-14T07:52:00,LATERAL_MOVEMENT,Internal Login Burst,AST-0395,AST-0309,HIGH,INFERRED,0.801
ATK-00791,2026-09-14T07:56:00,LATERAL_MOVEMENT,Predicted Next Stage,AST-0395,AST-0309,MEDIUM,PREDICTED,0.758
ATK-00792,2026-09-27T22:35:00,RECONNAISSANCE,Port Scan,AST-0065,AST-0446,HIGH,OBSERVED,0.925
ATK-00792,2026-09-27T22:39:00,CREDENTIAL_ACCESS,Suspicious Login,AST-0065,AST-0446,HIGH,OBSERVED,0.919
ATK-00792,2026-09-27T22:43:00,LATERAL_MOVEMENT,Internal Login Burst,AST-0065,AST-0446,HIGH,INFERRED,0.869
ATK-00792,2026-09-27T22:47:00,LATERAL_MOVEMENT,Predicted Next Stage,AST-0065,AST-0446,MEDIUM,PREDICTED,0.921
ATK-00793,2026-09-27T22:55:00,RECONNAISSANCE,Port Scan,AST-0427,AST-0439,HIGH,OBSERVED,0.797
ATK-00793,2026-09-27T22:59:00,CREDENTIAL_ACCESS,Suspicious Login,AST-0427,AST-0439,HIGH,OBSERVED,0.798
ATK-00793,2026-09-27T23:03:00,LATERAL_MOVEMENT,Internal Login Burst,AST-0427,AST-0439,HIGH,INFERRED,0.828
ATK-00793,2026-09-27T23:07:00,EXFILTRATION,Predicted Next Stage,AST-0427,AST-0439,MEDIUM,PREDICTED,0.768
ATK-00794,2026-09-25T09:05:00,RECONNAISSANCE,Port Scan,AST-0156,AST-0475,HIGH,OBSERVED,0.741
ATK-00794,2026-09-25T09:09:00,CREDENTIAL_ACCESS,Suspicious Login,AST-0156,AST-0475,HIGH,OBSERVED,0.786
ATK-00794,2026-09-25T09:13:00,LATERAL_MOVEMENT,Internal Login Burst,AST-0156,AST-0475,HIGH,INFERRED,0.741
ATK-00794,2026-09-25T09:17:00,PERSISTENCE,Predicted Next Stage,AST-0156,AST-0475,MEDIUM,PREDICTED,0.757
ATK-00795,2026-09-22T01:34:00,RECONNAISSANCE,Port Scan,AST-0301,AST-0258,HIGH,OBSERVED,0.876
ATK-00795,2026-09-22T01:38:00,CREDENTIAL_ACCESS,Suspicious Login,AST-0301,AST-0258,HIGH,OBSERVED,0.858
ATK-00795,2026-09-22T01:42:00,LATERAL_MOVEMENT,Internal Login Burst,AST-0301,AST-0258,HIGH,INFERRED,0.821
ATK-00795,2026-09-22T01:46:00,LATERAL_MOVEMENT,Predicted Next Stage,AST-0301,AST-0258,MEDIUM,PREDICTED,0.814
ATK-00796,2026-09-23T08:41:00,RECONNAISSANCE,Port Scan,AST-0250,AST-0391,HIGH,OBSERVED,0.656
ATK-00796,2026-09-23T08:45:00,CREDENTIAL_ACCESS,Suspicious Login,AST-0250,AST-0391,HIGH,OBSERVED,0.651
ATK-00796,2026-09-23T08:49:00,LATERAL_MOVEMENT,Internal Login Burst,AST-0250,AST-0391,HIGH,INFERRED,0.668
ATK-00796,2026-09-23T08:53:00,LATERAL_MOVEMENT,Predicted Next Stage,AST-0250,AST-0391,MEDIUM,PREDICTED,0.726
ATK-00797,2026-09-10T20:24:00,RECONNAISSANCE,Port Scan,AST-0494,AST-0376,HIGH,OBSERVED,0.814
ATK-00797,2026-09-10T20:28:00,CREDENTIAL_ACCESS,Suspicious Login,AST-0494,AST-0376,HIGH,OBSERVED,0.828
ATK-00797,2026-09-10T20:32:00,LATERAL_MOVEMENT,Internal Login Burst,AST-0494,AST-0376,HIGH,INFERRED,0.79
ATK-00797,2026-09-10T20:36:00,IMPACT,Predicted Next Stage,AST-0494,AST-0376,MEDIUM,PREDICTED,0.835
ATK-00798,2026-09-27T09:27:00,RECONNAISSANCE,Port Scan,AST-0383,AST-0130,HIGH,OBSERVED,0.835
ATK-00798,2026-09-27T09:31:00,CREDENTIAL_ACCESS,Suspicious Login,AST-0383,AST-0130,HIGH,OBSERVED,0.874
ATK-00798,2026-09-27T09:35:00,LATERAL_MOVEMENT,Internal Login Burst,AST-0383,AST-0130,HIGH,INFERRED,0.875
ATK-00798,2026-09-27T09:39:00,LATERAL_MOVEMENT,Predicted Next Stage,AST-0383,AST-0130,MEDIUM,PREDICTED,0.874
ATK-00799,2026-09-16T12:02:00,RECONNAISSANCE,Port Scan,AST-0481,AST-0046,HIGH,OBSERVED,0.918
ATK-00799,2026-09-16T12:06:00,CREDENTIAL_ACCESS,Suspicious Login,AST-0481,AST-0046,HIGH,OBSERVED,0.88
ATK-00799,2026-09-16T12:10:00,LATERAL_MOVEMENT,Internal Login Burst,AST-0481,AST-0046,HIGH,INFERRED,0.904
ATK-00799,2026-09-16T12:14:00,PERSISTENCE,Predicted Next Stage,AST-0481,AST-0046,MEDIUM,PREDICTED,0.866
ATK-00800,2026-09-20T13:48:00,RECONNAISSANCE,Port Scan,AST-0293,AST-0238,HIGH,OBSERVED,0.811
ATK-00800,2026-09-20T13:52:00,CREDENTIAL_ACCESS,Suspicious Login,AST-0293,AST-0238,HIGH,OBSERVED,0.784
ATK-00800,2026-09-20T13:56:00,LATERAL_MOVEMENT,Internal Login Burst,AST-0293,AST-0238,HIGH,INFERRED,0.797
ATK-00800,2026-09-20T14:00:00,EXFILTRATION,Predicted Next Stage,AST-0293,AST-0238,MEDIUM,PREDICTED,0.761
ATK-00801,2026-09-23T22:19:00,RECONNAISSANCE,Port Scan,AST-0186,AST-0069,HIGH,OBSERVED,0.853
ATK-00801,2026-09-23T22:23:00,CREDENTIAL_ACCESS,Suspicious Login,AST-0186,AST-0069,HIGH,OBSERVED,0.866
ATK-00801,2026-09-23T22:27:00,LATERAL_MOVEMENT,Internal Login Burst,AST-0186,AST-0069,HIGH,INFERRED,0.93
ATK-00801,2026-09-23T22:31:00,LATERAL_MOVEMENT,Predicted Next Stage,AST-0186,AST-0069,MEDIUM,PREDICTED,0.862
ATK-00802,2026-09-04T04:32:00,RECONNAISSANCE,Port Scan,AST-0494,AST-0429,HIGH,OBSERVED,0.86
ATK-00802,2026-09-04T04:36:00,CREDENTIAL_ACCESS,Suspicious Login,AST-0494,AST-0429,HIGH,OBSERVED,0.919
ATK-00802,2026-09-04T04:40:00,LATERAL_MOVEMENT,Internal Login Burst,AST-0494,AST-0429,HIGH,INFERRED,0.83
ATK-00802,2026-09-04T04:44:00,LATERAL_MOVEMENT,Predicted Next Stage,AST-0494,AST-0429,MEDIUM,PREDICTED,0.904
ATK-00803,2026-09-18T20:38:00,RECONNAISSANCE,Port Scan,AST-0064,AST-0105,HIGH,OBSERVED,0.762
ATK-00803,2026-09-18T20:42:00,CREDENTIAL_ACCESS,Suspicious Login,AST-0064,AST-0105,HIGH,OBSERVED,0.754
ATK-00803,2026-09-18T20:46:00,LATERAL_MOVEMENT,Internal Login Burst,AST-0064,AST-0105,HIGH,INFERRED,0.79
ATK-00803,2026-09-18T20:50:00,INITIAL_ACCESS,Predicted Next Stage,AST-0064,AST-0105,MEDIUM,PREDICTED,0.757
ATK-00804,2026-09-14T15:08:00,RECONNAISSANCE,Port Scan,AST-0484,AST-0245,HIGH,OBSERVED,0.681
ATK-00804,2026-09-14T15:12:00,CREDENTIAL_ACCESS,Suspicious Login,AST-0484,AST-0245,HIGH,OBSERVED,0.744
ATK-00804,2026-09-14T15:16:00,LATERAL_MOVEMENT,Internal Login Burst,AST-0484,AST-0245,HIGH,INFERRED,0.69
ATK-00804,2026-09-14T15:20:00,LATERAL_MOVEMENT,Predicted Next Stage,AST-0484,AST-0245,MEDIUM,PREDICTED,0.732
ATK-00805,2026-09-01T13:51:00,RECONNAISSANCE,Port Scan,AST-0122,AST-0233,HIGH,OBSERVED,0.835
ATK-00805,2026-09-01T13:55:00,CREDENTIAL_ACCESS,Suspicious Login,AST-0122,AST-0233,HIGH,OBSERVED,0.81
ATK-00805,2026-09-01T13:59:00,LATERAL_MOVEMENT,Internal Login Burst,AST-0122,AST-0233,HIGH,INFERRED,0.843
ATK-00805,2026-09-01T14:03:00,PERSISTENCE,Predicted Next Stage,AST-0122,AST-0233,MEDIUM,PREDICTED,0.806
ATK-00806,2026-09-07T21:18:00,RECONNAISSANCE,Port Scan,AST-0213,AST-0270,HIGH,OBSERVED,0.823
ATK-00806,2026-09-07T21:22:00,CREDENTIAL_ACCESS,Suspicious Login,AST-0213,AST-0270,HIGH,OBSERVED,0.925
ATK-00806,2026-09-07T21:26:00,LATERAL_MOVEMENT,Internal Login Burst,AST-0213,AST-0270,HIGH,INFERRED,0.922
ATK-00806,2026-09-07T21:30:00,LATERAL_MOVEMENT,Predicted Next Stage,AST-0213,AST-0270,MEDIUM,PREDICTED,0.826
ATK-00807,2026-09-13T23:23:00,RECONNAISSANCE,Port Scan,AST-0004,AST-0246,HIGH,OBSERVED,0.728
ATK-00807,2026-09-13T23:27:00,CREDENTIAL_ACCESS,Suspicious Login,AST-0004,AST-0246,HIGH,OBSERVED,0.709
ATK-00807,2026-09-13T23:31:00,LATERAL_MOVEMENT,Internal Login Burst,AST-0004,AST-0246,HIGH,INFERRED,0.765
ATK-00807,2026-09-13T23:35:00,INITIAL_ACCESS,Predicted Next Stage,AST-0004,AST-0246,MEDIUM,PREDICTED,0.789
ATK-00808,2026-09-23T09:40:00,RECONNAISSANCE,Port Scan,AST-0010,AST-0082,HIGH,OBSERVED,0.915
ATK-00808,2026-09-23T09:44:00,CREDENTIAL_ACCESS,Suspicious Login,AST-0010,AST-0082,HIGH,OBSERVED,0.917
ATK-00808,2026-09-23T09:48:00,LATERAL_MOVEMENT,Internal Login Burst,AST-0010,AST-0082,HIGH,INFERRED,0.873
ATK-00808,2026-09-23T09:52:00,LATERAL_MOVEMENT,Predicted Next Stage,AST-0010,AST-0082,MEDIUM,PREDICTED,0.876
ATK-00809,2026-09-23T23:28:00,RECONNAISSANCE,Port Scan,AST-0048,AST-0110,HIGH,OBSERVED,0.7
ATK-00809,2026-09-23T23:32:00,CREDENTIAL_ACCESS,Suspicious Login,AST-0048,AST-0110,HIGH,OBSERVED,0.758
ATK-00809,2026-09-23T23:36:00,LATERAL_MOVEMENT,Internal Login Burst,AST-0048,AST-0110,HIGH,INFERRED,0.746
ATK-00809,2026-09-23T23:40:00,IMPACT,Predicted Next Stage,AST-0048,AST-0110,MEDIUM,PREDICTED,0.699
ATK-00810,2026-09-16T03:49:00,RECONNAISSANCE,Port Scan,AST-0250,AST-0302,HIGH,OBSERVED,0.884
ATK-00810,2026-09-16T03:53:00,CREDENTIAL_ACCESS,Suspicious Login,AST-0250,AST-0302,HIGH,OBSERVED,0.859
ATK-00810,2026-09-16T03:57:00,LATERAL_MOVEMENT,Internal Login Burst,AST-0250,AST-0302,HIGH,INFERRED,0.984
ATK-00810,2026-09-16T04:01:00,LATERAL_MOVEMENT,Predicted Next Stage,AST-0250,AST-0302,MEDIUM,PREDICTED,0.918
ATK-00811,2026-09-05T11:00:00,RECONNAISSANCE,Port Scan,AST-0079,AST-0313,HIGH,OBSERVED,0.938
ATK-00811,2026-09-05T11:04:00,CREDENTIAL_ACCESS,Suspicious Login,AST-0079,AST-0313,HIGH,OBSERVED,0.987
ATK-00811,2026-09-05T11:08:00,LATERAL_MOVEMENT,Internal Login Burst,AST-0079,AST-0313,HIGH,INFERRED,0.898
ATK-00811,2026-09-05T11:12:00,IMPACT,Predicted Next Stage,AST-0079,AST-0313,MEDIUM,PREDICTED,0.92
ATK-00812,2026-09-20T11:02:00,RECONNAISSANCE,Port Scan,AST-0184,AST-0279,HIGH,OBSERVED,0.874
ATK-00812,2026-09-20T11:06:00,CREDENTIAL_ACCESS,Suspicious Login,AST-0184,AST-0279,HIGH,OBSERVED,0.783
ATK-00812,2026-09-20T11:10:00,LATERAL_MOVEMENT,Internal Login Burst,AST-0184,AST-0279,HIGH,INFERRED,0.83
ATK-00812,2026-09-20T11:14:00,LATERAL_MOVEMENT,Predicted Next Stage,AST-0184,AST-0279,MEDIUM,PREDICTED,0.851
ATK-00813,2026-09-19T21:00:00,RECONNAISSANCE,Port Scan,AST-0152,AST-0198,HIGH,OBSERVED,0.815
ATK-00813,2026-09-19T21:04:00,CREDENTIAL_ACCESS,Suspicious Login,AST-0152,AST-0198,HIGH,OBSERVED,0.825
ATK-00813,2026-09-19T21:08:00,LATERAL_MOVEMENT,Internal Login Burst,AST-0152,AST-0198,HIGH,INFERRED,0.873
ATK-00813,2026-09-19T21:12:00,PERSISTENCE,Predicted Next Stage,AST-0152,AST-0198,MEDIUM,PREDICTED,0.815
ATK-00814,2026-09-05T22:02:00,RECONNAISSANCE,Port Scan,AST-0074,AST-0267,HIGH,OBSERVED,0.968
ATK-00814,2026-09-05T22:06:00,CREDENTIAL_ACCESS,Suspicious Login,AST-0074,AST-0267,HIGH,OBSERVED,0.936
ATK-00814,2026-09-05T22:10:00,LATERAL_MOVEMENT,Internal Login Burst,AST-0074,AST-0267,HIGH,INFERRED,0.949
ATK-00814,2026-09-05T22:14:00,LATERAL_MOVEMENT,Predicted Next Stage,AST-0074,AST-0267,MEDIUM,PREDICTED,0.909
ATK-00815,2026-09-09T06:47:00,RECONNAISSANCE,Port Scan,AST-0424,AST-0070,HIGH,OBSERVED,0.76
ATK-00815,2026-09-09T06:51:00,CREDENTIAL_ACCESS,Suspicious Login,AST-0424,AST-0070,HIGH,OBSERVED,0.761
ATK-00815,2026-09-09T06:55:00,LATERAL_MOVEMENT,Internal Login Burst,AST-0424,AST-0070,HIGH,INFERRED,0.772
ATK-00815,2026-09-09T06:59:00,IMPACT,Predicted Next Stage,AST-0424,AST-0070,MEDIUM,PREDICTED,0.753
ATK-00816,2026-09-25T23:29:00,RECONNAISSANCE,Port Scan,AST-0091,AST-0473,HIGH,OBSERVED,0.804
ATK-00816,2026-09-25T23:33:00,CREDENTIAL_ACCESS,Suspicious Login,AST-0091,AST-0473,HIGH,OBSERVED,0.769
ATK-00816,2026-09-25T23:37:00,LATERAL_MOVEMENT,Internal Login Burst,AST-0091,AST-0473,HIGH,INFERRED,0.771
ATK-00816,2026-09-25T23:41:00,EXFILTRATION,Predicted Next Stage,AST-0091,AST-0473,MEDIUM,PREDICTED,0.873
ATK-00817,2026-09-27T11:28:00,RECONNAISSANCE,Port Scan,AST-0073,AST-0453,HIGH,OBSERVED,0.851
ATK-00817,2026-09-27T11:32:00,CREDENTIAL_ACCESS,Suspicious Login,AST-0073,AST-0453,HIGH,OBSERVED,0.781
ATK-00817,2026-09-27T11:36:00,LATERAL_MOVEMENT,Internal Login Burst,AST-0073,AST-0453,HIGH,INFERRED,0.787
ATK-00817,2026-09-27T11:40:00,IMPACT,Predicted Next Stage,AST-0073,AST-0453,MEDIUM,PREDICTED,0.811
ATK-00818,2026-09-18T15:34:00,RECONNAISSANCE,Port Scan,AST-0333,AST-0275,HIGH,OBSERVED,0.861
ATK-00818,2026-09-18T15:38:00,CREDENTIAL_ACCESS,Suspicious Login,AST-0333,AST-0275,HIGH,OBSERVED,0.885
ATK-00818,2026-09-18T15:42:00,LATERAL_MOVEMENT,Internal Login Burst,AST-0333,AST-0275,HIGH,INFERRED,0.865
ATK-00818,2026-09-18T15:46:00,PERSISTENCE,Predicted Next Stage,AST-0333,AST-0275,MEDIUM,PREDICTED,0.822
ATK-00819,2026-09-08T10:05:00,RECONNAISSANCE,Port Scan,AST-0500,AST-0492,HIGH,OBSERVED,0.891
ATK-00819,2026-09-08T10:09:00,CREDENTIAL_ACCESS,Suspicious Login,AST-0500,AST-0492,HIGH,OBSERVED,0.859
ATK-00819,2026-09-08T10:13:00,LATERAL_MOVEMENT,Internal Login Burst,AST-0500,AST-0492,HIGH,INFERRED,0.9
ATK-00819,2026-09-08T10:17:00,CREDENTIAL_ACCESS,Predicted Next Stage,AST-0500,AST-0492,MEDIUM,PREDICTED,0.941
ATK-00820,2026-09-04T17:29:00,RECONNAISSANCE,Port Scan,AST-0159,AST-0173,HIGH,OBSERVED,0.814
ATK-00820,2026-09-04T17:33:00,CREDENTIAL_ACCESS,Suspicious Login,AST-0159,AST-0173,HIGH,OBSERVED,0.788
ATK-00820,2026-09-04T17:37:00,LATERAL_MOVEMENT,Internal Login Burst,AST-0159,AST-0173,HIGH,INFERRED,0.807
ATK-00820,2026-09-04T17:41:00,CREDENTIAL_ACCESS,Predicted Next Stage,AST-0159,AST-0173,MEDIUM,PREDICTED,0.861
ATK-00821,2026-09-10T18:44:00,RECONNAISSANCE,Port Scan,AST-0296,AST-0035,HIGH,OBSERVED,0.86
ATK-00821,2026-09-10T18:48:00,CREDENTIAL_ACCESS,Suspicious Login,AST-0296,AST-0035,HIGH,OBSERVED,0.888
ATK-00821,2026-09-10T18:52:00,LATERAL_MOVEMENT,Internal Login Burst,AST-0296,AST-0035,HIGH,INFERRED,0.816
ATK-00821,2026-09-10T18:56:00,EXFILTRATION,Predicted Next Stage,AST-0296,AST-0035,MEDIUM,PREDICTED,0.929
ATK-00822,2026-09-08T08:14:00,RECONNAISSANCE,Port Scan,AST-0264,AST-0393,HIGH,OBSERVED,0.798
ATK-00822,2026-09-08T08:18:00,CREDENTIAL_ACCESS,Suspicious Login,AST-0264,AST-0393,HIGH,OBSERVED,0.781
ATK-00822,2026-09-08T08:22:00,LATERAL_MOVEMENT,Internal Login Burst,AST-0264,AST-0393,HIGH,INFERRED,0.836
ATK-00822,2026-09-08T08:26:00,LATERAL_MOVEMENT,Predicted Next Stage,AST-0264,AST-0393,MEDIUM,PREDICTED,0.753
ATK-00823,2026-09-13T04:04:00,RECONNAISSANCE,Port Scan,AST-0425,AST-0092,HIGH,OBSERVED,0.761
ATK-00823,2026-09-13T04:08:00,CREDENTIAL_ACCESS,Suspicious Login,AST-0425,AST-0092,HIGH,OBSERVED,0.783
ATK-00823,2026-09-13T04:12:00,LATERAL_MOVEMENT,Internal Login Burst,AST-0425,AST-0092,HIGH,INFERRED,0.768
ATK-00823,2026-09-13T04:16:00,LATERAL_MOVEMENT,Predicted Next Stage,AST-0425,AST-0092,MEDIUM,PREDICTED,0.803
ATK-00824,2026-09-18T07:14:00,RECONNAISSANCE,Port Scan,AST-0283,AST-0018,HIGH,OBSERVED,0.761
ATK-00824,2026-09-18T07:18:00,CREDENTIAL_ACCESS,Suspicious Login,AST-0283,AST-0018,HIGH,OBSERVED,0.813
ATK-00824,2026-09-18T07:22:00,LATERAL_MOVEMENT,Internal Login Burst,AST-0283,AST-0018,HIGH,INFERRED,0.817
ATK-00824,2026-09-18T07:26:00,LATERAL_MOVEMENT,Predicted Next Stage,AST-0283,AST-0018,MEDIUM,PREDICTED,0.768
ATK-00825,2026-09-26T12:25:00,RECONNAISSANCE,Port Scan,AST-0295,AST-0205,HIGH,OBSERVED,0.821
ATK-00825,2026-09-26T12:29:00,CREDENTIAL_ACCESS,Suspicious Login,AST-0295,AST-0205,HIGH,OBSERVED,0.811
ATK-00825,2026-09-26T12:33:00,LATERAL_MOVEMENT,Internal Login Burst,AST-0295,AST-0205,HIGH,INFERRED,0.789
ATK-00825,2026-09-26T12:37:00,EXFILTRATION,Predicted Next Stage,AST-0295,AST-0205,MEDIUM,PREDICTED,0.79
ATK-00826,2026-09-15T21:34:00,RECONNAISSANCE,Port Scan,AST-0075,AST-0307,HIGH,OBSERVED,0.792
ATK-00826,2026-09-15T21:38:00,CREDENTIAL_ACCESS,Suspicious Login,AST-0075,AST-0307,HIGH,OBSERVED,0.807
ATK-00826,2026-09-15T21:42:00,LATERAL_MOVEMENT,Internal Login Burst,AST-0075,AST-0307,HIGH,INFERRED,0.804
ATK-00826,2026-09-15T21:46:00,CREDENTIAL_ACCESS,Predicted Next Stage,AST-0075,AST-0307,MEDIUM,PREDICTED,0.757
ATK-00827,2026-09-14T03:39:00,RECONNAISSANCE,Port Scan,AST-0028,AST-0143,HIGH,OBSERVED,0.788
ATK-00827,2026-09-14T03:43:00,CREDENTIAL_ACCESS,Suspicious Login,AST-0028,AST-0143,HIGH,OBSERVED,0.735
ATK-00827,2026-09-14T03:47:00,LATERAL_MOVEMENT,Internal Login Burst,AST-0028,AST-0143,HIGH,INFERRED,0.713
ATK-00827,2026-09-14T03:51:00,INITIAL_ACCESS,Predicted Next Stage,AST-0028,AST-0143,MEDIUM,PREDICTED,0.807
ATK-00828,2026-09-18T06:36:00,RECONNAISSANCE,Port Scan,AST-0250,AST-0193,HIGH,OBSERVED,0.793
ATK-00828,2026-09-18T06:40:00,CREDENTIAL_ACCESS,Suspicious Login,AST-0250,AST-0193,HIGH,OBSERVED,0.788
ATK-00828,2026-09-18T06:44:00,LATERAL_MOVEMENT,Internal Login Burst,AST-0250,AST-0193,HIGH,INFERRED,0.832
ATK-00828,2026-09-18T06:48:00,IMPACT,Predicted Next Stage,AST-0250,AST-0193,MEDIUM,PREDICTED,0.833
ATK-00829,2026-09-23T19:10:00,RECONNAISSANCE,Port Scan,AST-0041,AST-0205,HIGH,OBSERVED,0.952
ATK-00829,2026-09-23T19:14:00,CREDENTIAL_ACCESS,Suspicious Login,AST-0041,AST-0205,HIGH,OBSERVED,0.876
ATK-00829,2026-09-23T19:18:00,LATERAL_MOVEMENT,Internal Login Burst,AST-0041,AST-0205,HIGH,INFERRED,0.896
ATK-00829,2026-09-23T19:22:00,IMPACT,Predicted Next Stage,AST-0041,AST-0205,MEDIUM,PREDICTED,0.81
ATK-00830,2026-09-24T20:36:00,RECONNAISSANCE,Port Scan,AST-0103,AST-0034,HIGH,OBSERVED,0.763
ATK-00830,2026-09-24T20:40:00,CREDENTIAL_ACCESS,Suspicious Login,AST-0103,AST-0034,HIGH,OBSERVED,0.809
ATK-00830,2026-09-24T20:44:00,LATERAL_MOVEMENT,Internal Login Burst,AST-0103,AST-0034,HIGH,INFERRED,0.817
ATK-00830,2026-09-24T20:48:00,CREDENTIAL_ACCESS,Predicted Next Stage,AST-0103,AST-0034,MEDIUM,PREDICTED,0.819
ATK-00831,2026-09-07T14:39:00,RECONNAISSANCE,Port Scan,AST-0370,AST-0012,HIGH,OBSERVED,0.854
ATK-00831,2026-09-07T14:43:00,CREDENTIAL_ACCESS,Suspicious Login,AST-0370,AST-0012,HIGH,OBSERVED,0.812
ATK-00831,2026-09-07T14:47:00,LATERAL_MOVEMENT,Internal Login Burst,AST-0370,AST-0012,HIGH,INFERRED,0.88
ATK-00831,2026-09-07T14:51:00,LATERAL_MOVEMENT,Predicted Next Stage,AST-0370,AST-0012,MEDIUM,PREDICTED,0.827
ATK-00832,2026-09-05T16:11:00,RECONNAISSANCE,Port Scan,AST-0156,AST-0029,HIGH,OBSERVED,0.743
ATK-00832,2026-09-05T16:15:00,CREDENTIAL_ACCESS,Suspicious Login,AST-0156,AST-0029,HIGH,OBSERVED,0.819
ATK-00832,2026-09-05T16:19:00,LATERAL_MOVEMENT,Internal Login Burst,AST-0156,AST-0029,HIGH,INFERRED,0.76
ATK-00832,2026-09-05T16:23:00,INITIAL_ACCESS,Predicted Next Stage,AST-0156,AST-0029,MEDIUM,PREDICTED,0.789
ATK-00833,2026-09-10T08:35:00,RECONNAISSANCE,Port Scan,AST-0450,AST-0040,HIGH,OBSERVED,0.749
ATK-00833,2026-09-10T08:39:00,CREDENTIAL_ACCESS,Suspicious Login,AST-0450,AST-0040,HIGH,OBSERVED,0.746
ATK-00833,2026-09-10T08:43:00,LATERAL_MOVEMENT,Internal Login Burst,AST-0450,AST-0040,HIGH,INFERRED,0.72
ATK-00833,2026-09-10T08:47:00,INITIAL_ACCESS,Predicted Next Stage,AST-0450,AST-0040,MEDIUM,PREDICTED,0.776
ATK-00834,2026-09-08T22:40:00,RECONNAISSANCE,Port Scan,AST-0015,AST-0397,HIGH,OBSERVED,0.895
ATK-00834,2026-09-08T22:44:00,CREDENTIAL_ACCESS,Suspicious Login,AST-0015,AST-0397,HIGH,OBSERVED,0.897
ATK-00834,2026-09-08T22:48:00,LATERAL_MOVEMENT,Internal Login Burst,AST-0015,AST-0397,HIGH,INFERRED,0.881
ATK-00834,2026-09-08T22:52:00,CREDENTIAL_ACCESS,Predicted Next Stage,AST-0015,AST-0397,MEDIUM,PREDICTED,0.881
ATK-00835,2026-09-13T18:11:00,RECONNAISSANCE,Port Scan,AST-0400,AST-0216,HIGH,OBSERVED,0.876
ATK-00835,2026-09-13T18:15:00,CREDENTIAL_ACCESS,Suspicious Login,AST-0400,AST-0216,HIGH,OBSERVED,0.841
ATK-00835,2026-09-13T18:19:00,LATERAL_MOVEMENT,Internal Login Burst,AST-0400,AST-0216,HIGH,INFERRED,0.841
ATK-00835,2026-09-13T18:23:00,EXFILTRATION,Predicted Next Stage,AST-0400,AST-0216,MEDIUM,PREDICTED,0.828
ATK-00836,2026-09-08T18:46:00,RECONNAISSANCE,Port Scan,AST-0265,AST-0253,HIGH,OBSERVED,0.89
ATK-00836,2026-09-08T18:50:00,CREDENTIAL_ACCESS,Suspicious Login,AST-0265,AST-0253,HIGH,OBSERVED,0.92
ATK-00836,2026-09-08T18:54:00,LATERAL_MOVEMENT,Internal Login Burst,AST-0265,AST-0253,HIGH,INFERRED,0.913
ATK-00836,2026-09-08T18:58:00,LATERAL_MOVEMENT,Predicted Next Stage,AST-0265,AST-0253,MEDIUM,PREDICTED,0.975
ATK-00837,2026-09-06T05:49:00,RECONNAISSANCE,Port Scan,AST-0334,AST-0019,HIGH,OBSERVED,0.866
ATK-00837,2026-09-06T05:53:00,CREDENTIAL_ACCESS,Suspicious Login,AST-0334,AST-0019,HIGH,OBSERVED,0.815
ATK-00837,2026-09-06T05:57:00,LATERAL_MOVEMENT,Internal Login Burst,AST-0334,AST-0019,HIGH,INFERRED,0.861
ATK-00837,2026-09-06T06:01:00,EXFILTRATION,Predicted Next Stage,AST-0334,AST-0019,MEDIUM,PREDICTED,0.849
ATK-00838,2026-09-25T09:25:00,RECONNAISSANCE,Port Scan,AST-0351,AST-0339,HIGH,OBSERVED,0.822
ATK-00838,2026-09-25T09:29:00,CREDENTIAL_ACCESS,Suspicious Login,AST-0351,AST-0339,HIGH,OBSERVED,0.831
ATK-00838,2026-09-25T09:33:00,LATERAL_MOVEMENT,Internal Login Burst,AST-0351,AST-0339,HIGH,INFERRED,0.798
ATK-00838,2026-09-25T09:37:00,LATERAL_MOVEMENT,Predicted Next Stage,AST-0351,AST-0339,MEDIUM,PREDICTED,0.794
ATK-00839,2026-09-09T04:52:00,RECONNAISSANCE,Port Scan,AST-0386,AST-0449,HIGH,OBSERVED,0.915
ATK-00839,2026-09-09T04:56:00,CREDENTIAL_ACCESS,Suspicious Login,AST-0386,AST-0449,HIGH,OBSERVED,0.847
ATK-00839,2026-09-09T05:00:00,LATERAL_MOVEMENT,Internal Login Burst,AST-0386,AST-0449,HIGH,INFERRED,0.86
ATK-00839,2026-09-09T05:04:00,IMPACT,Predicted Next Stage,AST-0386,AST-0449,MEDIUM,PREDICTED,0.893
ATK-00840,2026-09-19T05:50:00,RECONNAISSANCE,Port Scan,AST-0045,AST-0328,HIGH,OBSERVED,0.748
ATK-00840,2026-09-19T05:54:00,CREDENTIAL_ACCESS,Suspicious Login,AST-0045,AST-0328,HIGH,OBSERVED,0.716
ATK-00840,2026-09-19T05:58:00,LATERAL_MOVEMENT,Internal Login Burst,AST-0045,AST-0328,HIGH,INFERRED,0.729
ATK-00840,2026-09-19T06:02:00,INITIAL_ACCESS,Predicted Next Stage,AST-0045,AST-0328,MEDIUM,PREDICTED,0.716
ATK-00841,2026-09-07T20:08:00,RECONNAISSANCE,Port Scan,AST-0429,AST-0489,HIGH,OBSERVED,0.828
ATK-00841,2026-09-07T20:12:00,CREDENTIAL_ACCESS,Suspicious Login,AST-0429,AST-0489,HIGH,OBSERVED,0.774
ATK-00841,2026-09-07T20:16:00,LATERAL_MOVEMENT,Internal Login Burst,AST-0429,AST-0489,HIGH,INFERRED,0.735
ATK-00841,2026-09-07T20:20:00,LATERAL_MOVEMENT,Predicted Next Stage,AST-0429,AST-0489,MEDIUM,PREDICTED,0.74
ATK-00842,2026-09-23T20:14:00,RECONNAISSANCE,Port Scan,AST-0475,AST-0386,HIGH,OBSERVED,0.74
ATK-00842,2026-09-23T20:18:00,CREDENTIAL_ACCESS,Suspicious Login,AST-0475,AST-0386,HIGH,OBSERVED,0.763
ATK-00842,2026-09-23T20:22:00,LATERAL_MOVEMENT,Internal Login Burst,AST-0475,AST-0386,HIGH,INFERRED,0.77
ATK-00842,2026-09-23T20:26:00,CREDENTIAL_ACCESS,Predicted Next Stage,AST-0475,AST-0386,MEDIUM,PREDICTED,0.78
ATK-00843,2026-09-10T12:51:00,RECONNAISSANCE,Port Scan,AST-0021,AST-0480,HIGH,OBSERVED,0.81
ATK-00843,2026-09-10T12:55:00,CREDENTIAL_ACCESS,Suspicious Login,AST-0021,AST-0480,HIGH,OBSERVED,0.812
ATK-00843,2026-09-10T12:59:00,LATERAL_MOVEMENT,Internal Login Burst,AST-0021,AST-0480,HIGH,INFERRED,0.823
ATK-00843,2026-09-10T13:03:00,IMPACT,Predicted Next Stage,AST-0021,AST-0480,MEDIUM,PREDICTED,0.771
ATK-00844,2026-09-16T04:13:00,RECONNAISSANCE,Port Scan,AST-0239,AST-0309,HIGH,OBSERVED,0.823
ATK-00844,2026-09-16T04:17:00,CREDENTIAL_ACCESS,Suspicious Login,AST-0239,AST-0309,HIGH,OBSERVED,0.875
ATK-00844,2026-09-16T04:21:00,LATERAL_MOVEMENT,Internal Login Burst,AST-0239,AST-0309,HIGH,INFERRED,0.764
ATK-00844,2026-09-16T04:25:00,CREDENTIAL_ACCESS,Predicted Next Stage,AST-0239,AST-0309,MEDIUM,PREDICTED,0.819
ATK-00845,2026-09-25T23:26:00,RECONNAISSANCE,Port Scan,AST-0448,AST-0303,HIGH,OBSERVED,0.749
ATK-00845,2026-09-25T23:30:00,CREDENTIAL_ACCESS,Suspicious Login,AST-0448,AST-0303,HIGH,OBSERVED,0.771
ATK-00845,2026-09-25T23:34:00,LATERAL_MOVEMENT,Internal Login Burst,AST-0448,AST-0303,HIGH,INFERRED,0.745
ATK-00845,2026-09-25T23:38:00,EXFILTRATION,Predicted Next Stage,AST-0448,AST-0303,MEDIUM,PREDICTED,0.745
ATK-00846,2026-09-18T23:01:00,RECONNAISSANCE,Port Scan,AST-0437,AST-0354,HIGH,OBSERVED,0.683
ATK-00846,2026-09-18T23:05:00,CREDENTIAL_ACCESS,Suspicious Login,AST-0437,AST-0354,HIGH,OBSERVED,0.676
ATK-00846,2026-09-18T23:09:00,LATERAL_MOVEMENT,Internal Login Burst,AST-0437,AST-0354,HIGH,INFERRED,0.718
ATK-00846,2026-09-18T23:13:00,IMPACT,Predicted Next Stage,AST-0437,AST-0354,MEDIUM,PREDICTED,0.729
ATK-00847,2026-09-22T00:48:00,RECONNAISSANCE,Port Scan,AST-0128,AST-0243,HIGH,OBSERVED,0.827
ATK-00847,2026-09-22T00:52:00,CREDENTIAL_ACCESS,Suspicious Login,AST-0128,AST-0243,HIGH,OBSERVED,0.859
ATK-00847,2026-09-22T00:56:00,LATERAL_MOVEMENT,Internal Login Burst,AST-0128,AST-0243,HIGH,INFERRED,0.837
ATK-00847,2026-09-22T01:00:00,PERSISTENCE,Predicted Next Stage,AST-0128,AST-0243,MEDIUM,PREDICTED,0.822
ATK-00848,2026-09-09T00:08:00,RECONNAISSANCE,Port Scan,AST-0317,AST-0117,HIGH,OBSERVED,0.829
ATK-00848,2026-09-09T00:12:00,CREDENTIAL_ACCESS,Suspicious Login,AST-0317,AST-0117,HIGH,OBSERVED,0.765
ATK-00848,2026-09-09T00:16:00,LATERAL_MOVEMENT,Internal Login Burst,AST-0317,AST-0117,HIGH,INFERRED,0.788
ATK-00848,2026-09-09T00:20:00,EXFILTRATION,Predicted Next Stage,AST-0317,AST-0117,MEDIUM,PREDICTED,0.719
ATK-00849,2026-09-04T00:52:00,RECONNAISSANCE,Port Scan,AST-0446,AST-0445,HIGH,OBSERVED,0.805
ATK-00849,2026-09-04T00:56:00,CREDENTIAL_ACCESS,Suspicious Login,AST-0446,AST-0445,HIGH,OBSERVED,0.895
ATK-00849,2026-09-04T01:00:00,LATERAL_MOVEMENT,Internal Login Burst,AST-0446,AST-0445,HIGH,INFERRED,0.89
ATK-00849,2026-09-04T01:04:00,IMPACT,Predicted Next Stage,AST-0446,AST-0445,MEDIUM,PREDICTED,0.888
ATK-00850,2026-09-14T06:16:00,RECONNAISSANCE,Port Scan,AST-0231,AST-0181,HIGH,OBSERVED,0.752
ATK-00850,2026-09-14T06:20:00,CREDENTIAL_ACCESS,Suspicious Login,AST-0231,AST-0181,HIGH,OBSERVED,0.705
ATK-00850,2026-09-14T06:24:00,LATERAL_MOVEMENT,Internal Login Burst,AST-0231,AST-0181,HIGH,INFERRED,0.746
ATK-00850,2026-09-14T06:28:00,PERSISTENCE,Predicted Next Stage,AST-0231,AST-0181,MEDIUM,PREDICTED,0.717
ATK-00851,2026-09-11T22:44:00,RECONNAISSANCE,Port Scan,AST-0244,AST-0247,HIGH,OBSERVED,0.789
ATK-00851,2026-09-11T22:48:00,CREDENTIAL_ACCESS,Suspicious Login,AST-0244,AST-0247,HIGH,OBSERVED,0.787
ATK-00851,2026-09-11T22:52:00,LATERAL_MOVEMENT,Internal Login Burst,AST-0244,AST-0247,HIGH,INFERRED,0.848
ATK-00851,2026-09-11T22:56:00,INITIAL_ACCESS,Predicted Next Stage,AST-0244,AST-0247,MEDIUM,PREDICTED,0.792
ATK-00852,2026-09-17T23:06:00,RECONNAISSANCE,Port Scan,AST-0197,AST-0311,HIGH,OBSERVED,0.958
ATK-00852,2026-09-17T23:10:00,CREDENTIAL_ACCESS,Suspicious Login,AST-0197,AST-0311,HIGH,OBSERVED,0.907
ATK-00852,2026-09-17T23:14:00,LATERAL_MOVEMENT,Internal Login Burst,AST-0197,AST-0311,HIGH,INFERRED,0.905
ATK-00852,2026-09-17T23:18:00,LATERAL_MOVEMENT,Predicted Next Stage,AST-0197,AST-0311,MEDIUM,PREDICTED,0.981
ATK-00853,2026-09-23T17:57:00,RECONNAISSANCE,Port Scan,AST-0152,AST-0012,HIGH,OBSERVED,0.795
ATK-00853,2026-09-23T18:01:00,CREDENTIAL_ACCESS,Suspicious Login,AST-0152,AST-0012,HIGH,OBSERVED,0.835
ATK-00853,2026-09-23T18:05:00,LATERAL_MOVEMENT,Internal Login Burst,AST-0152,AST-0012,HIGH,INFERRED,0.753
ATK-00853,2026-09-23T18:09:00,INITIAL_ACCESS,Predicted Next Stage,AST-0152,AST-0012,MEDIUM,PREDICTED,0.797
ATK-00854,2026-09-20T11:05:00,RECONNAISSANCE,Port Scan,AST-0057,AST-0099,HIGH,OBSERVED,0.919
ATK-00854,2026-09-20T11:09:00,CREDENTIAL_ACCESS,Suspicious Login,AST-0057,AST-0099,HIGH,OBSERVED,0.848
ATK-00854,2026-09-20T11:13:00,LATERAL_MOVEMENT,Internal Login Burst,AST-0057,AST-0099,HIGH,INFERRED,0.833
ATK-00854,2026-09-20T11:17:00,LATERAL_MOVEMENT,Predicted Next Stage,AST-0057,AST-0099,MEDIUM,PREDICTED,0.838
ATK-00855,2026-09-06T04:39:00,RECONNAISSANCE,Port Scan,AST-0432,AST-0313,HIGH,OBSERVED,0.767
ATK-00855,2026-09-06T04:43:00,CREDENTIAL_ACCESS,Suspicious Login,AST-0432,AST-0313,HIGH,OBSERVED,0.701
ATK-00855,2026-09-06T04:47:00,LATERAL_MOVEMENT,Internal Login Burst,AST-0432,AST-0313,HIGH,INFERRED,0.736
ATK-00855,2026-09-06T04:51:00,INITIAL_ACCESS,Predicted Next Stage,AST-0432,AST-0313,MEDIUM,PREDICTED,0.762
ATK-00856,2026-09-26T10:14:00,RECONNAISSANCE,Port Scan,AST-0498,AST-0134,HIGH,OBSERVED,0.781
ATK-00856,2026-09-26T10:18:00,CREDENTIAL_ACCESS,Suspicious Login,AST-0498,AST-0134,HIGH,OBSERVED,0.777
ATK-00856,2026-09-26T10:22:00,LATERAL_MOVEMENT,Internal Login Burst,AST-0498,AST-0134,HIGH,INFERRED,0.808
ATK-00856,2026-09-26T10:26:00,LATERAL_MOVEMENT,Predicted Next Stage,AST-0498,AST-0134,MEDIUM,PREDICTED,0.92
ATK-00857,2026-09-10T23:25:00,RECONNAISSANCE,Port Scan,AST-0062,AST-0417,HIGH,OBSERVED,0.827
ATK-00857,2026-09-10T23:29:00,CREDENTIAL_ACCESS,Suspicious Login,AST-0062,AST-0417,HIGH,OBSERVED,0.763
ATK-00857,2026-09-10T23:33:00,LATERAL_MOVEMENT,Internal Login Burst,AST-0062,AST-0417,HIGH,INFERRED,0.867
ATK-00857,2026-09-10T23:37:00,PERSISTENCE,Predicted Next Stage,AST-0062,AST-0417,MEDIUM,PREDICTED,0.824
ATK-00858,2026-09-08T09:22:00,RECONNAISSANCE,Port Scan,AST-0016,AST-0337,HIGH,OBSERVED,0.78
ATK-00858,2026-09-08T09:26:00,CREDENTIAL_ACCESS,Suspicious Login,AST-0016,AST-0337,HIGH,OBSERVED,0.774
ATK-00858,2026-09-08T09:30:00,LATERAL_MOVEMENT,Internal Login Burst,AST-0016,AST-0337,HIGH,INFERRED,0.739
ATK-00858,2026-09-08T09:34:00,PERSISTENCE,Predicted Next Stage,AST-0016,AST-0337,MEDIUM,PREDICTED,0.869
ATK-00859,2026-09-11T01:57:00,RECONNAISSANCE,Port Scan,AST-0270,AST-0156,HIGH,OBSERVED,0.759
ATK-00859,2026-09-11T02:01:00,CREDENTIAL_ACCESS,Suspicious Login,AST-0270,AST-0156,HIGH,OBSERVED,0.708
ATK-00859,2026-09-11T02:05:00,LATERAL_MOVEMENT,Internal Login Burst,AST-0270,AST-0156,HIGH,INFERRED,0.69
ATK-00859,2026-09-11T02:09:00,INITIAL_ACCESS,Predicted Next Stage,AST-0270,AST-0156,MEDIUM,PREDICTED,0.7
ATK-00860,2026-09-05T20:22:00,RECONNAISSANCE,Port Scan,AST-0172,AST-0125,HIGH,OBSERVED,0.79
ATK-00860,2026-09-05T20:26:00,CREDENTIAL_ACCESS,Suspicious Login,AST-0172,AST-0125,HIGH,OBSERVED,0.774
ATK-00860,2026-09-05T20:30:00,LATERAL_MOVEMENT,Internal Login Burst,AST-0172,AST-0125,HIGH,INFERRED,0.733
ATK-00860,2026-09-05T20:34:00,INITIAL_ACCESS,Predicted Next Stage,AST-0172,AST-0125,MEDIUM,PREDICTED,0.791
ATK-00861,2026-09-27T05:53:00,RECONNAISSANCE,Port Scan,AST-0491,AST-0009,HIGH,OBSERVED,0.704
ATK-00861,2026-09-27T05:57:00,CREDENTIAL_ACCESS,Suspicious Login,AST-0491,AST-0009,HIGH,OBSERVED,0.733
ATK-00861,2026-09-27T06:01:00,LATERAL_MOVEMENT,Internal Login Burst,AST-0491,AST-0009,HIGH,INFERRED,0.735
ATK-00861,2026-09-27T06:05:00,INITIAL_ACCESS,Predicted Next Stage,AST-0491,AST-0009,MEDIUM,PREDICTED,0.734
ATK-00862,2026-09-22T16:00:00,RECONNAISSANCE,Port Scan,AST-0338,AST-0230,HIGH,OBSERVED,0.887
ATK-00862,2026-09-22T16:04:00,CREDENTIAL_ACCESS,Suspicious Login,AST-0338,AST-0230,HIGH,OBSERVED,0.919
ATK-00862,2026-09-22T16:08:00,LATERAL_MOVEMENT,Internal Login Burst,AST-0338,AST-0230,HIGH,INFERRED,0.964
ATK-00862,2026-09-22T16:12:00,CREDENTIAL_ACCESS,Predicted Next Stage,AST-0338,AST-0230,MEDIUM,PREDICTED,0.92
ATK-00863,2026-09-09T14:11:00,RECONNAISSANCE,Port Scan,AST-0291,AST-0174,HIGH,OBSERVED,0.853
ATK-00863,2026-09-09T14:15:00,CREDENTIAL_ACCESS,Suspicious Login,AST-0291,AST-0174,HIGH,OBSERVED,0.779
ATK-00863,2026-09-09T14:19:00,LATERAL_MOVEMENT,Internal Login Burst,AST-0291,AST-0174,HIGH,INFERRED,0.792
ATK-00863,2026-09-09T14:23:00,EXFILTRATION,Predicted Next Stage,AST-0291,AST-0174,MEDIUM,PREDICTED,0.759
ATK-00864,2026-09-12T14:09:00,RECONNAISSANCE,Port Scan,AST-0449,AST-0079,HIGH,OBSERVED,0.743
ATK-00864,2026-09-12T14:13:00,CREDENTIAL_ACCESS,Suspicious Login,AST-0449,AST-0079,HIGH,OBSERVED,0.707
ATK-00864,2026-09-12T14:17:00,LATERAL_MOVEMENT,Internal Login Burst,AST-0449,AST-0079,HIGH,INFERRED,0.732
ATK-00864,2026-09-12T14:21:00,EXFILTRATION,Predicted Next Stage,AST-0449,AST-0079,MEDIUM,PREDICTED,0.776
ATK-00865,2026-09-05T04:35:00,RECONNAISSANCE,Port Scan,AST-0219,AST-0488,HIGH,OBSERVED,0.728
ATK-00865,2026-09-05T04:39:00,CREDENTIAL_ACCESS,Suspicious Login,AST-0219,AST-0488,HIGH,OBSERVED,0.836
ATK-00865,2026-09-05T04:43:00,LATERAL_MOVEMENT,Internal Login Burst,AST-0219,AST-0488,HIGH,INFERRED,0.758
ATK-00865,2026-09-05T04:47:00,PERSISTENCE,Predicted Next Stage,AST-0219,AST-0488,MEDIUM,PREDICTED,0.805
ATK-00866,2026-09-27T01:38:00,RECONNAISSANCE,Port Scan,AST-0495,AST-0436,HIGH,OBSERVED,0.756
ATK-00866,2026-09-27T01:42:00,CREDENTIAL_ACCESS,Suspicious Login,AST-0495,AST-0436,HIGH,OBSERVED,0.805
ATK-00866,2026-09-27T01:46:00,LATERAL_MOVEMENT,Internal Login Burst,AST-0495,AST-0436,HIGH,INFERRED,0.767
ATK-00866,2026-09-27T01:50:00,CREDENTIAL_ACCESS,Predicted Next Stage,AST-0495,AST-0436,MEDIUM,PREDICTED,0.75
ATK-00867,2026-09-24T02:03:00,RECONNAISSANCE,Port Scan,AST-0083,AST-0100,HIGH,OBSERVED,0.657
ATK-00867,2026-09-24T02:07:00,CREDENTIAL_ACCESS,Suspicious Login,AST-0083,AST-0100,HIGH,OBSERVED,0.723
ATK-00867,2026-09-24T02:11:00,LATERAL_MOVEMENT,Internal Login Burst,AST-0083,AST-0100,HIGH,INFERRED,0.671
ATK-00867,2026-09-24T02:15:00,EXFILTRATION,Predicted Next Stage,AST-0083,AST-0100,MEDIUM,PREDICTED,0.64
ATK-00868,2026-09-13T06:59:00,RECONNAISSANCE,Port Scan,AST-0006,AST-0123,HIGH,OBSERVED,0.862
ATK-00868,2026-09-13T07:03:00,CREDENTIAL_ACCESS,Suspicious Login,AST-0006,AST-0123,HIGH,OBSERVED,0.854
ATK-00868,2026-09-13T07:07:00,LATERAL_MOVEMENT,Internal Login Burst,AST-0006,AST-0123,HIGH,INFERRED,0.806
ATK-00868,2026-09-13T07:11:00,CREDENTIAL_ACCESS,Predicted Next Stage,AST-0006,AST-0123,MEDIUM,PREDICTED,0.879
ATK-00869,2026-09-06T07:17:00,RECONNAISSANCE,Port Scan,AST-0127,AST-0405,HIGH,OBSERVED,0.819
ATK-00869,2026-09-06T07:21:00,CREDENTIAL_ACCESS,Suspicious Login,AST-0127,AST-0405,HIGH,OBSERVED,0.803
ATK-00869,2026-09-06T07:25:00,LATERAL_MOVEMENT,Internal Login Burst,AST-0127,AST-0405,HIGH,INFERRED,0.846
ATK-00869,2026-09-06T07:29:00,LATERAL_MOVEMENT,Predicted Next Stage,AST-0127,AST-0405,MEDIUM,PREDICTED,0.818
ATK-00870,2026-09-09T22:14:00,RECONNAISSANCE,Port Scan,AST-0495,AST-0391,HIGH,OBSERVED,0.866
ATK-00870,2026-09-09T22:18:00,CREDENTIAL_ACCESS,Suspicious Login,AST-0495,AST-0391,HIGH,OBSERVED,0.825
ATK-00870,2026-09-09T22:22:00,LATERAL_MOVEMENT,Internal Login Burst,AST-0495,AST-0391,HIGH,INFERRED,0.836
ATK-00870,2026-09-09T22:26:00,INITIAL_ACCESS,Predicted Next Stage,AST-0495,AST-0391,MEDIUM,PREDICTED,0.881
ATK-00871,2026-09-22T14:01:00,RECONNAISSANCE,Port Scan,AST-0324,AST-0290,HIGH,OBSERVED,0.761
ATK-00871,2026-09-22T14:05:00,CREDENTIAL_ACCESS,Suspicious Login,AST-0324,AST-0290,HIGH,OBSERVED,0.702
ATK-00871,2026-09-22T14:09:00,LATERAL_MOVEMENT,Internal Login Burst,AST-0324,AST-0290,HIGH,INFERRED,0.731
ATK-00871,2026-09-22T14:13:00,INITIAL_ACCESS,Predicted Next Stage,AST-0324,AST-0290,MEDIUM,PREDICTED,0.777
ATK-00872,2026-09-08T00:18:00,RECONNAISSANCE,Port Scan,AST-0375,AST-0296,HIGH,OBSERVED,0.839
ATK-00872,2026-09-08T00:22:00,CREDENTIAL_ACCESS,Suspicious Login,AST-0375,AST-0296,HIGH,OBSERVED,0.808
ATK-00872,2026-09-08T00:26:00,LATERAL_MOVEMENT,Internal Login Burst,AST-0375,AST-0296,HIGH,INFERRED,0.841
ATK-00872,2026-09-08T00:30:00,LATERAL_MOVEMENT,Predicted Next Stage,AST-0375,AST-0296,MEDIUM,PREDICTED,0.816
ATK-00873,2026-09-17T04:17:00,RECONNAISSANCE,Port Scan,AST-0232,AST-0010,HIGH,OBSERVED,0.741
ATK-00873,2026-09-17T04:21:00,CREDENTIAL_ACCESS,Suspicious Login,AST-0232,AST-0010,HIGH,OBSERVED,0.764
ATK-00873,2026-09-17T04:25:00,LATERAL_MOVEMENT,Internal Login Burst,AST-0232,AST-0010,HIGH,INFERRED,0.863
ATK-00873,2026-09-17T04:29:00,LATERAL_MOVEMENT,Predicted Next Stage,AST-0232,AST-0010,MEDIUM,PREDICTED,0.784
ATK-00874,2026-09-20T08:27:00,RECONNAISSANCE,Port Scan,AST-0307,AST-0331,HIGH,OBSERVED,0.806
ATK-00874,2026-09-20T08:31:00,CREDENTIAL_ACCESS,Suspicious Login,AST-0307,AST-0331,HIGH,OBSERVED,0.811
ATK-00874,2026-09-20T08:35:00,LATERAL_MOVEMENT,Internal Login Burst,AST-0307,AST-0331,HIGH,INFERRED,0.813
ATK-00874,2026-09-20T08:39:00,EXFILTRATION,Predicted Next Stage,AST-0307,AST-0331,MEDIUM,PREDICTED,0.804
ATK-00875,2026-09-25T21:38:00,RECONNAISSANCE,Port Scan,AST-0340,AST-0185,HIGH,OBSERVED,0.884
ATK-00875,2026-09-25T21:42:00,CREDENTIAL_ACCESS,Suspicious Login,AST-0340,AST-0185,HIGH,OBSERVED,0.92
ATK-00875,2026-09-25T21:46:00,LATERAL_MOVEMENT,Internal Login Burst,AST-0340,AST-0185,HIGH,INFERRED,0.889
ATK-00875,2026-09-25T21:50:00,LATERAL_MOVEMENT,Predicted Next Stage,AST-0340,AST-0185,MEDIUM,PREDICTED,0.954
ATK-00876,2026-09-10T20:16:00,RECONNAISSANCE,Port Scan,AST-0430,AST-0090,HIGH,OBSERVED,0.94
ATK-00876,2026-09-10T20:20:00,CREDENTIAL_ACCESS,Suspicious Login,AST-0430,AST-0090,HIGH,OBSERVED,0.882
ATK-00876,2026-09-10T20:24:00,LATERAL_MOVEMENT,Internal Login Burst,AST-0430,AST-0090,HIGH,INFERRED,0.912
ATK-00876,2026-09-10T20:28:00,CREDENTIAL_ACCESS,Predicted Next Stage,AST-0430,AST-0090,MEDIUM,PREDICTED,0.875
ATK-00877,2026-09-06T23:49:00,RECONNAISSANCE,Port Scan,AST-0313,AST-0382,HIGH,OBSERVED,0.738
ATK-00877,2026-09-06T23:53:00,CREDENTIAL_ACCESS,Suspicious Login,AST-0313,AST-0382,HIGH,OBSERVED,0.731
ATK-00877,2026-09-06T23:57:00,LATERAL_MOVEMENT,Internal Login Burst,AST-0313,AST-0382,HIGH,INFERRED,0.734
ATK-00877,2026-09-07T00:01:00,CREDENTIAL_ACCESS,Predicted Next Stage,AST-0313,AST-0382,MEDIUM,PREDICTED,0.75
ATK-00878,2026-09-25T02:43:00,RECONNAISSANCE,Port Scan,AST-0058,AST-0328,HIGH,OBSERVED,0.729
ATK-00878,2026-09-25T02:47:00,CREDENTIAL_ACCESS,Suspicious Login,AST-0058,AST-0328,HIGH,OBSERVED,0.737
ATK-00878,2026-09-25T02:51:00,LATERAL_MOVEMENT,Internal Login Burst,AST-0058,AST-0328,HIGH,INFERRED,0.791
ATK-00878,2026-09-25T02:55:00,LATERAL_MOVEMENT,Predicted Next Stage,AST-0058,AST-0328,MEDIUM,PREDICTED,0.811
ATK-00879,2026-09-25T03:15:00,RECONNAISSANCE,Port Scan,AST-0362,AST-0084,HIGH,OBSERVED,0.74
ATK-00879,2026-09-25T03:19:00,CREDENTIAL_ACCESS,Suspicious Login,AST-0362,AST-0084,HIGH,OBSERVED,0.719
ATK-00879,2026-09-25T03:23:00,LATERAL_MOVEMENT,Internal Login Burst,AST-0362,AST-0084,HIGH,INFERRED,0.748
ATK-00879,2026-09-25T03:27:00,LATERAL_MOVEMENT,Predicted Next Stage,AST-0362,AST-0084,MEDIUM,PREDICTED,0.739
ATK-00880,2026-09-06T23:25:00,RECONNAISSANCE,Port Scan,AST-0334,AST-0122,HIGH,OBSERVED,0.898
ATK-00880,2026-09-06T23:29:00,CREDENTIAL_ACCESS,Suspicious Login,AST-0334,AST-0122,HIGH,OBSERVED,0.922
ATK-00880,2026-09-06T23:33:00,LATERAL_MOVEMENT,Internal Login Burst,AST-0334,AST-0122,HIGH,INFERRED,0.924
ATK-00880,2026-09-06T23:37:00,PERSISTENCE,Predicted Next Stage,AST-0334,AST-0122,MEDIUM,PREDICTED,0.886
ATK-00881,2026-09-19T19:49:00,RECONNAISSANCE,Port Scan,AST-0433,AST-0005,HIGH,OBSERVED,0.716
ATK-00881,2026-09-19T19:53:00,CREDENTIAL_ACCESS,Suspicious Login,AST-0433,AST-0005,HIGH,OBSERVED,0.788
ATK-00881,2026-09-19T19:57:00,LATERAL_MOVEMENT,Internal Login Burst,AST-0433,AST-0005,HIGH,INFERRED,0.764
ATK-00881,2026-09-19T20:01:00,IMPACT,Predicted Next Stage,AST-0433,AST-0005,MEDIUM,PREDICTED,0.742
ATK-00882,2026-09-25T22:51:00,RECONNAISSANCE,Port Scan,AST-0166,AST-0014,HIGH,OBSERVED,0.744
ATK-00882,2026-09-25T22:55:00,CREDENTIAL_ACCESS,Suspicious Login,AST-0166,AST-0014,HIGH,OBSERVED,0.819
ATK-00882,2026-09-25T22:59:00,LATERAL_MOVEMENT,Internal Login Burst,AST-0166,AST-0014,HIGH,INFERRED,0.785
ATK-00882,2026-09-25T23:03:00,LATERAL_MOVEMENT,Predicted Next Stage,AST-0166,AST-0014,MEDIUM,PREDICTED,0.756
ATK-00883,2026-09-10T16:08:00,RECONNAISSANCE,Port Scan,AST-0305,AST-0228,HIGH,OBSERVED,0.818
ATK-00883,2026-09-10T16:12:00,CREDENTIAL_ACCESS,Suspicious Login,AST-0305,AST-0228,HIGH,OBSERVED,0.812
ATK-00883,2026-09-10T16:16:00,LATERAL_MOVEMENT,Internal Login Burst,AST-0305,AST-0228,HIGH,INFERRED,0.77
ATK-00883,2026-09-10T16:20:00,IMPACT,Predicted Next Stage,AST-0305,AST-0228,MEDIUM,PREDICTED,0.826
ATK-00884,2026-09-10T10:20:00,RECONNAISSANCE,Port Scan,AST-0209,AST-0166,HIGH,OBSERVED,0.786
ATK-00884,2026-09-10T10:24:00,CREDENTIAL_ACCESS,Suspicious Login,AST-0209,AST-0166,HIGH,OBSERVED,0.736
ATK-00884,2026-09-10T10:28:00,LATERAL_MOVEMENT,Internal Login Burst,AST-0209,AST-0166,HIGH,INFERRED,0.708
ATK-00884,2026-09-10T10:32:00,EXFILTRATION,Predicted Next Stage,AST-0209,AST-0166,MEDIUM,PREDICTED,0.759
ATK-00885,2026-09-10T17:12:00,RECONNAISSANCE,Port Scan,AST-0083,AST-0225,HIGH,OBSERVED,0.901
ATK-00885,2026-09-10T17:16:00,CREDENTIAL_ACCESS,Suspicious Login,AST-0083,AST-0225,HIGH,OBSERVED,0.92
ATK-00885,2026-09-10T17:20:00,LATERAL_MOVEMENT,Internal Login Burst,AST-0083,AST-0225,HIGH,INFERRED,0.894
ATK-00885,2026-09-10T17:24:00,EXFILTRATION,Predicted Next Stage,AST-0083,AST-0225,MEDIUM,PREDICTED,0.911
ATK-00886,2026-09-17T05:52:00,RECONNAISSANCE,Port Scan,AST-0244,AST-0094,HIGH,OBSERVED,0.83
ATK-00886,2026-09-17T05:56:00,CREDENTIAL_ACCESS,Suspicious Login,AST-0244,AST-0094,HIGH,OBSERVED,0.796
ATK-00886,2026-09-17T06:00:00,LATERAL_MOVEMENT,Internal Login Burst,AST-0244,AST-0094,HIGH,INFERRED,0.767
ATK-00886,2026-09-17T06:04:00,INITIAL_ACCESS,Predicted Next Stage,AST-0244,AST-0094,MEDIUM,PREDICTED,0.784
ATK-00887,2026-09-14T14:54:00,RECONNAISSANCE,Port Scan,AST-0116,AST-0051,HIGH,OBSERVED,0.782
ATK-00887,2026-09-14T14:58:00,CREDENTIAL_ACCESS,Suspicious Login,AST-0116,AST-0051,HIGH,OBSERVED,0.778
ATK-00887,2026-09-14T15:02:00,LATERAL_MOVEMENT,Internal Login Burst,AST-0116,AST-0051,HIGH,INFERRED,0.816
ATK-00887,2026-09-14T15:06:00,PERSISTENCE,Predicted Next Stage,AST-0116,AST-0051,MEDIUM,PREDICTED,0.847
ATK-00888,2026-09-14T09:45:00,RECONNAISSANCE,Port Scan,AST-0434,AST-0488,HIGH,OBSERVED,0.839
ATK-00888,2026-09-14T09:49:00,CREDENTIAL_ACCESS,Suspicious Login,AST-0434,AST-0488,HIGH,OBSERVED,0.847
ATK-00888,2026-09-14T09:53:00,LATERAL_MOVEMENT,Internal Login Burst,AST-0434,AST-0488,HIGH,INFERRED,0.842
ATK-00888,2026-09-14T09:57:00,PERSISTENCE,Predicted Next Stage,AST-0434,AST-0488,MEDIUM,PREDICTED,0.845
ATK-00889,2026-09-24T09:42:00,RECONNAISSANCE,Port Scan,AST-0348,AST-0387,HIGH,OBSERVED,0.87
ATK-00889,2026-09-24T09:46:00,CREDENTIAL_ACCESS,Suspicious Login,AST-0348,AST-0387,HIGH,OBSERVED,0.859
ATK-00889,2026-09-24T09:50:00,LATERAL_MOVEMENT,Internal Login Burst,AST-0348,AST-0387,HIGH,INFERRED,0.823
ATK-00889,2026-09-24T09:54:00,CREDENTIAL_ACCESS,Predicted Next Stage,AST-0348,AST-0387,MEDIUM,PREDICTED,0.883
ATK-00890,2026-09-12T12:43:00,RECONNAISSANCE,Port Scan,AST-0342,AST-0306,HIGH,OBSERVED,0.776
ATK-00890,2026-09-12T12:47:00,CREDENTIAL_ACCESS,Suspicious Login,AST-0342,AST-0306,HIGH,OBSERVED,0.699
ATK-00890,2026-09-12T12:51:00,LATERAL_MOVEMENT,Internal Login Burst,AST-0342,AST-0306,HIGH,INFERRED,0.683
ATK-00890,2026-09-12T12:55:00,CREDENTIAL_ACCESS,Predicted Next Stage,AST-0342,AST-0306,MEDIUM,PREDICTED,0.709
ATK-00891,2026-09-20T08:11:00,RECONNAISSANCE,Port Scan,AST-0208,AST-0283,HIGH,OBSERVED,0.802
ATK-00891,2026-09-20T08:15:00,CREDENTIAL_ACCESS,Suspicious Login,AST-0208,AST-0283,HIGH,OBSERVED,0.719
ATK-00891,2026-09-20T08:19:00,LATERAL_MOVEMENT,Internal Login Burst,AST-0208,AST-0283,HIGH,INFERRED,0.775
ATK-00891,2026-09-20T08:23:00,EXFILTRATION,Predicted Next Stage,AST-0208,AST-0283,MEDIUM,PREDICTED,0.771
ATK-00892,2026-09-10T04:43:00,RECONNAISSANCE,Port Scan,AST-0084,AST-0158,HIGH,OBSERVED,0.799
ATK-00892,2026-09-10T04:47:00,CREDENTIAL_ACCESS,Suspicious Login,AST-0084,AST-0158,HIGH,OBSERVED,0.768
ATK-00892,2026-09-10T04:51:00,LATERAL_MOVEMENT,Internal Login Burst,AST-0084,AST-0158,HIGH,INFERRED,0.768
ATK-00892,2026-09-10T04:55:00,EXFILTRATION,Predicted Next Stage,AST-0084,AST-0158,MEDIUM,PREDICTED,0.804
ATK-00893,2026-09-16T01:36:00,RECONNAISSANCE,Port Scan,AST-0446,AST-0091,HIGH,OBSERVED,0.78
ATK-00893,2026-09-16T01:40:00,CREDENTIAL_ACCESS,Suspicious Login,AST-0446,AST-0091,HIGH,OBSERVED,0.827
ATK-00893,2026-09-16T01:44:00,LATERAL_MOVEMENT,Internal Login Burst,AST-0446,AST-0091,HIGH,INFERRED,0.79
ATK-00893,2026-09-16T01:48:00,IMPACT,Predicted Next Stage,AST-0446,AST-0091,MEDIUM,PREDICTED,0.815
ATK-00894,2026-09-06T05:03:00,RECONNAISSANCE,Port Scan,AST-0247,AST-0173,HIGH,OBSERVED,0.841
ATK-00894,2026-09-06T05:07:00,CREDENTIAL_ACCESS,Suspicious Login,AST-0247,AST-0173,HIGH,OBSERVED,0.824
ATK-00894,2026-09-06T05:11:00,LATERAL_MOVEMENT,Internal Login Burst,AST-0247,AST-0173,HIGH,INFERRED,0.791
ATK-00894,2026-09-06T05:15:00,INITIAL_ACCESS,Predicted Next Stage,AST-0247,AST-0173,MEDIUM,PREDICTED,0.788
ATK-00895,2026-09-01T05:03:00,RECONNAISSANCE,Port Scan,AST-0297,AST-0033,HIGH,OBSERVED,0.857
ATK-00895,2026-09-01T05:07:00,CREDENTIAL_ACCESS,Suspicious Login,AST-0297,AST-0033,HIGH,OBSERVED,0.834
ATK-00895,2026-09-01T05:11:00,LATERAL_MOVEMENT,Internal Login Burst,AST-0297,AST-0033,HIGH,INFERRED,0.83
ATK-00895,2026-09-01T05:15:00,LATERAL_MOVEMENT,Predicted Next Stage,AST-0297,AST-0033,MEDIUM,PREDICTED,0.829
ATK-00896,2026-09-05T06:20:00,RECONNAISSANCE,Port Scan,AST-0208,AST-0052,HIGH,OBSERVED,0.73
ATK-00896,2026-09-05T06:24:00,CREDENTIAL_ACCESS,Suspicious Login,AST-0208,AST-0052,HIGH,OBSERVED,0.689
ATK-00896,2026-09-05T06:28:00,LATERAL_MOVEMENT,Internal Login Burst,AST-0208,AST-0052,HIGH,INFERRED,0.713
ATK-00896,2026-09-05T06:32:00,INITIAL_ACCESS,Predicted Next Stage,AST-0208,AST-0052,MEDIUM,PREDICTED,0.714
ATK-00897,2026-09-14T13:54:00,RECONNAISSANCE,Port Scan,AST-0355,AST-0330,HIGH,OBSERVED,0.831
ATK-00897,2026-09-14T13:58:00,CREDENTIAL_ACCESS,Suspicious Login,AST-0355,AST-0330,HIGH,OBSERVED,0.909
ATK-00897,2026-09-14T14:02:00,LATERAL_MOVEMENT,Internal Login Burst,AST-0355,AST-0330,HIGH,INFERRED,0.883
ATK-00897,2026-09-14T14:06:00,CREDENTIAL_ACCESS,Predicted Next Stage,AST-0355,AST-0330,MEDIUM,PREDICTED,0.887
ATK-00898,2026-09-05T12:27:00,RECONNAISSANCE,Port Scan,AST-0483,AST-0012,HIGH,OBSERVED,0.767
ATK-00898,2026-09-05T12:31:00,CREDENTIAL_ACCESS,Suspicious Login,AST-0483,AST-0012,HIGH,OBSERVED,0.746
ATK-00898,2026-09-05T12:35:00,LATERAL_MOVEMENT,Internal Login Burst,AST-0483,AST-0012,HIGH,INFERRED,0.77
ATK-00898,2026-09-05T12:39:00,IMPACT,Predicted Next Stage,AST-0483,AST-0012,MEDIUM,PREDICTED,0.765
ATK-00899,2026-09-02T16:29:00,RECONNAISSANCE,Port Scan,AST-0447,AST-0007,HIGH,OBSERVED,0.805
ATK-00899,2026-09-02T16:33:00,CREDENTIAL_ACCESS,Suspicious Login,AST-0447,AST-0007,HIGH,OBSERVED,0.83
ATK-00899,2026-09-02T16:37:00,LATERAL_MOVEMENT,Internal Login Burst,AST-0447,AST-0007,HIGH,INFERRED,0.86
ATK-00899,2026-09-02T16:41:00,LATERAL_MOVEMENT,Predicted Next Stage,AST-0447,AST-0007,MEDIUM,PREDICTED,0.784
ATK-00900,2026-09-08T01:30:00,RECONNAISSANCE,Port Scan,AST-0371,AST-0169,HIGH,OBSERVED,0.842
ATK-00900,2026-09-08T01:34:00,CREDENTIAL_ACCESS,Suspicious Login,AST-0371,AST-0169,HIGH,OBSERVED,0.888
ATK-00900,2026-09-08T01:38:00,LATERAL_MOVEMENT,Internal Login Burst,AST-0371,AST-0169,HIGH,INFERRED,0.912
ATK-00900,2026-09-08T01:42:00,LATERAL_MOVEMENT,Predicted Next Stage,AST-0371,AST-0169,MEDIUM,PREDICTED,0.952
ATK-00901,2026-09-02T17:57:00,RECONNAISSANCE,Port Scan,AST-0463,AST-0277,HIGH,OBSERVED,0.904
ATK-00901,2026-09-02T18:01:00,CREDENTIAL_ACCESS,Suspicious Login,AST-0463,AST-0277,HIGH,OBSERVED,0.927
ATK-00901,2026-09-02T18:05:00,LATERAL_MOVEMENT,Internal Login Burst,AST-0463,AST-0277,HIGH,INFERRED,0.902
ATK-00901,2026-09-02T18:09:00,LATERAL_MOVEMENT,Predicted Next Stage,AST-0463,AST-0277,MEDIUM,PREDICTED,0.904
ATK-00902,2026-09-14T16:21:00,RECONNAISSANCE,Port Scan,AST-0210,AST-0273,HIGH,OBSERVED,0.733
ATK-00902,2026-09-14T16:25:00,CREDENTIAL_ACCESS,Suspicious Login,AST-0210,AST-0273,HIGH,OBSERVED,0.762
ATK-00902,2026-09-14T16:29:00,LATERAL_MOVEMENT,Internal Login Burst,AST-0210,AST-0273,HIGH,INFERRED,0.749
ATK-00902,2026-09-14T16:33:00,PERSISTENCE,Predicted Next Stage,AST-0210,AST-0273,MEDIUM,PREDICTED,0.794
ATK-00903,2026-09-04T12:29:00,RECONNAISSANCE,Port Scan,AST-0478,AST-0082,HIGH,OBSERVED,0.878
ATK-00903,2026-09-04T12:33:00,CREDENTIAL_ACCESS,Suspicious Login,AST-0478,AST-0082,HIGH,OBSERVED,0.831
ATK-00903,2026-09-04T12:37:00,LATERAL_MOVEMENT,Internal Login Burst,AST-0478,AST-0082,HIGH,INFERRED,0.847
ATK-00903,2026-09-04T12:41:00,LATERAL_MOVEMENT,Predicted Next Stage,AST-0478,AST-0082,MEDIUM,PREDICTED,0.89
ATK-00904,2026-09-09T10:10:00,RECONNAISSANCE,Port Scan,AST-0420,AST-0496,HIGH,OBSERVED,0.822
ATK-00904,2026-09-09T10:14:00,CREDENTIAL_ACCESS,Suspicious Login,AST-0420,AST-0496,HIGH,OBSERVED,0.816
ATK-00904,2026-09-09T10:18:00,LATERAL_MOVEMENT,Internal Login Burst,AST-0420,AST-0496,HIGH,INFERRED,0.863
ATK-00904,2026-09-09T10:22:00,INITIAL_ACCESS,Predicted Next Stage,AST-0420,AST-0496,MEDIUM,PREDICTED,0.851
ATK-00905,2026-09-16T04:20:00,RECONNAISSANCE,Port Scan,AST-0323,AST-0406,HIGH,OBSERVED,0.871
ATK-00905,2026-09-16T04:24:00,CREDENTIAL_ACCESS,Suspicious Login,AST-0323,AST-0406,HIGH,OBSERVED,0.775
ATK-00905,2026-09-16T04:28:00,LATERAL_MOVEMENT,Internal Login Burst,AST-0323,AST-0406,HIGH,INFERRED,0.819
ATK-00905,2026-09-16T04:32:00,IMPACT,Predicted Next Stage,AST-0323,AST-0406,MEDIUM,PREDICTED,0.851
ATK-00906,2026-09-10T11:14:00,RECONNAISSANCE,Port Scan,AST-0178,AST-0480,HIGH,OBSERVED,0.753
ATK-00906,2026-09-10T11:18:00,CREDENTIAL_ACCESS,Suspicious Login,AST-0178,AST-0480,HIGH,OBSERVED,0.828
ATK-00906,2026-09-10T11:22:00,LATERAL_MOVEMENT,Internal Login Burst,AST-0178,AST-0480,HIGH,INFERRED,0.871
ATK-00906,2026-09-10T11:26:00,IMPACT,Predicted Next Stage,AST-0178,AST-0480,MEDIUM,PREDICTED,0.849
ATK-00907,2026-09-24T18:04:00,RECONNAISSANCE,Port Scan,AST-0038,AST-0398,HIGH,OBSERVED,0.766
ATK-00907,2026-09-24T18:08:00,CREDENTIAL_ACCESS,Suspicious Login,AST-0038,AST-0398,HIGH,OBSERVED,0.724
ATK-00907,2026-09-24T18:12:00,LATERAL_MOVEMENT,Internal Login Burst,AST-0038,AST-0398,HIGH,INFERRED,0.732
ATK-00907,2026-09-24T18:16:00,IMPACT,Predicted Next Stage,AST-0038,AST-0398,MEDIUM,PREDICTED,0.792
ATK-00908,2026-09-22T02:48:00,RECONNAISSANCE,Port Scan,AST-0397,AST-0270,HIGH,OBSERVED,0.813
ATK-00908,2026-09-22T02:52:00,CREDENTIAL_ACCESS,Suspicious Login,AST-0397,AST-0270,HIGH,OBSERVED,0.794
ATK-00908,2026-09-22T02:56:00,LATERAL_MOVEMENT,Internal Login Burst,AST-0397,AST-0270,HIGH,INFERRED,0.812
ATK-00908,2026-09-22T03:00:00,EXFILTRATION,Predicted Next Stage,AST-0397,AST-0270,MEDIUM,PREDICTED,0.797
ATK-00909,2026-09-11T16:43:00,RECONNAISSANCE,Port Scan,AST-0289,AST-0290,HIGH,OBSERVED,0.802
ATK-00909,2026-09-11T16:47:00,CREDENTIAL_ACCESS,Suspicious Login,AST-0289,AST-0290,HIGH,OBSERVED,0.894
ATK-00909,2026-09-11T16:51:00,LATERAL_MOVEMENT,Internal Login Burst,AST-0289,AST-0290,HIGH,INFERRED,0.861
ATK-00909,2026-09-11T16:55:00,EXFILTRATION,Predicted Next Stage,AST-0289,AST-0290,MEDIUM,PREDICTED,0.879
ATK-00910,2026-09-12T05:17:00,RECONNAISSANCE,Port Scan,AST-0280,AST-0338,HIGH,OBSERVED,0.929
ATK-00910,2026-09-12T05:21:00,CREDENTIAL_ACCESS,Suspicious Login,AST-0280,AST-0338,HIGH,OBSERVED,0.929
ATK-00910,2026-09-12T05:25:00,LATERAL_MOVEMENT,Internal Login Burst,AST-0280,AST-0338,HIGH,INFERRED,0.945
ATK-00910,2026-09-12T05:29:00,CREDENTIAL_ACCESS,Predicted Next Stage,AST-0280,AST-0338,MEDIUM,PREDICTED,0.919
ATK-00911,2026-09-20T13:12:00,RECONNAISSANCE,Port Scan,AST-0243,AST-0438,HIGH,OBSERVED,0.749
ATK-00911,2026-09-20T13:16:00,CREDENTIAL_ACCESS,Suspicious Login,AST-0243,AST-0438,HIGH,OBSERVED,0.818
ATK-00911,2026-09-20T13:20:00,LATERAL_MOVEMENT,Internal Login Burst,AST-0243,AST-0438,HIGH,INFERRED,0.807
ATK-00911,2026-09-20T13:24:00,LATERAL_MOVEMENT,Predicted Next Stage,AST-0243,AST-0438,MEDIUM,PREDICTED,0.795
ATK-00912,2026-09-06T12:58:00,RECONNAISSANCE,Port Scan,AST-0112,AST-0256,HIGH,OBSERVED,0.7
ATK-00912,2026-09-06T13:02:00,CREDENTIAL_ACCESS,Suspicious Login,AST-0112,AST-0256,HIGH,OBSERVED,0.662
ATK-00912,2026-09-06T13:06:00,LATERAL_MOVEMENT,Internal Login Burst,AST-0112,AST-0256,HIGH,INFERRED,0.724
ATK-00912,2026-09-06T13:10:00,IMPACT,Predicted Next Stage,AST-0112,AST-0256,MEDIUM,PREDICTED,0.678
ATK-00913,2026-09-03T00:30:00,RECONNAISSANCE,Port Scan,AST-0219,AST-0019,HIGH,OBSERVED,0.814
ATK-00913,2026-09-03T00:34:00,CREDENTIAL_ACCESS,Suspicious Login,AST-0219,AST-0019,HIGH,OBSERVED,0.764
ATK-00913,2026-09-03T00:38:00,LATERAL_MOVEMENT,Internal Login Burst,AST-0219,AST-0019,HIGH,INFERRED,0.801
ATK-00913,2026-09-03T00:42:00,CREDENTIAL_ACCESS,Predicted Next Stage,AST-0219,AST-0019,MEDIUM,PREDICTED,0.805
ATK-00914,2026-09-19T11:55:00,RECONNAISSANCE,Port Scan,AST-0401,AST-0245,HIGH,OBSERVED,0.766
ATK-00914,2026-09-19T11:59:00,CREDENTIAL_ACCESS,Suspicious Login,AST-0401,AST-0245,HIGH,OBSERVED,0.727
ATK-00914,2026-09-19T12:03:00,LATERAL_MOVEMENT,Internal Login Burst,AST-0401,AST-0245,HIGH,INFERRED,0.71
ATK-00914,2026-09-19T12:07:00,INITIAL_ACCESS,Predicted Next Stage,AST-0401,AST-0245,MEDIUM,PREDICTED,0.778
ATK-00915,2026-09-13T11:31:00,RECONNAISSANCE,Port Scan,AST-0426,AST-0292,HIGH,OBSERVED,0.852
ATK-00915,2026-09-13T11:35:00,CREDENTIAL_ACCESS,Suspicious Login,AST-0426,AST-0292,HIGH,OBSERVED,0.827
ATK-00915,2026-09-13T11:39:00,LATERAL_MOVEMENT,Internal Login Burst,AST-0426,AST-0292,HIGH,INFERRED,0.839
ATK-00915,2026-09-13T11:43:00,LATERAL_MOVEMENT,Predicted Next Stage,AST-0426,AST-0292,MEDIUM,PREDICTED,0.774
ATK-00916,2026-09-02T12:44:00,RECONNAISSANCE,Port Scan,AST-0353,AST-0068,HIGH,OBSERVED,0.913
ATK-00916,2026-09-02T12:48:00,CREDENTIAL_ACCESS,Suspicious Login,AST-0353,AST-0068,HIGH,OBSERVED,0.925
ATK-00916,2026-09-02T12:52:00,LATERAL_MOVEMENT,Internal Login Burst,AST-0353,AST-0068,HIGH,INFERRED,0.891
ATK-00916,2026-09-02T12:56:00,CREDENTIAL_ACCESS,Predicted Next Stage,AST-0353,AST-0068,MEDIUM,PREDICTED,0.872
ATK-00917,2026-09-06T15:59:00,RECONNAISSANCE,Port Scan,AST-0282,AST-0294,HIGH,OBSERVED,0.78
ATK-00917,2026-09-06T16:03:00,CREDENTIAL_ACCESS,Suspicious Login,AST-0282,AST-0294,HIGH,OBSERVED,0.752
ATK-00917,2026-09-06T16:07:00,LATERAL_MOVEMENT,Internal Login Burst,AST-0282,AST-0294,HIGH,INFERRED,0.756
ATK-00917,2026-09-06T16:11:00,IMPACT,Predicted Next Stage,AST-0282,AST-0294,MEDIUM,PREDICTED,0.759
ATK-00918,2026-09-10T14:41:00,RECONNAISSANCE,Port Scan,AST-0225,AST-0197,HIGH,OBSERVED,0.868
ATK-00918,2026-09-10T14:45:00,CREDENTIAL_ACCESS,Suspicious Login,AST-0225,AST-0197,HIGH,OBSERVED,0.856
ATK-00918,2026-09-10T14:49:00,LATERAL_MOVEMENT,Internal Login Burst,AST-0225,AST-0197,HIGH,INFERRED,0.829
ATK-00918,2026-09-10T14:53:00,EXFILTRATION,Predicted Next Stage,AST-0225,AST-0197,MEDIUM,PREDICTED,0.886
ATK-00919,2026-09-08T06:16:00,RECONNAISSANCE,Port Scan,AST-0028,AST-0102,HIGH,OBSERVED,0.749
ATK-00919,2026-09-08T06:20:00,CREDENTIAL_ACCESS,Suspicious Login,AST-0028,AST-0102,HIGH,OBSERVED,0.805
ATK-00919,2026-09-08T06:24:00,LATERAL_MOVEMENT,Internal Login Burst,AST-0028,AST-0102,HIGH,INFERRED,0.799
ATK-00919,2026-09-08T06:28:00,INITIAL_ACCESS,Predicted Next Stage,AST-0028,AST-0102,MEDIUM,PREDICTED,0.721
ATK-00920,2026-09-05T03:43:00,RECONNAISSANCE,Port Scan,AST-0206,AST-0458,HIGH,OBSERVED,0.749
ATK-00920,2026-09-05T03:47:00,CREDENTIAL_ACCESS,Suspicious Login,AST-0206,AST-0458,HIGH,OBSERVED,0.732
ATK-00920,2026-09-05T03:51:00,LATERAL_MOVEMENT,Internal Login Burst,AST-0206,AST-0458,HIGH,INFERRED,0.741
ATK-00920,2026-09-05T03:55:00,IMPACT,Predicted Next Stage,AST-0206,AST-0458,MEDIUM,PREDICTED,0.713
ATK-00921,2026-09-03T05:27:00,RECONNAISSANCE,Port Scan,AST-0330,AST-0181,HIGH,OBSERVED,0.987
ATK-00921,2026-09-03T05:31:00,CREDENTIAL_ACCESS,Suspicious Login,AST-0330,AST-0181,HIGH,OBSERVED,0.967
ATK-00921,2026-09-03T05:35:00,LATERAL_MOVEMENT,Internal Login Burst,AST-0330,AST-0181,HIGH,INFERRED,0.943
ATK-00921,2026-09-03T05:39:00,CREDENTIAL_ACCESS,Predicted Next Stage,AST-0330,AST-0181,MEDIUM,PREDICTED,0.924
ATK-00922,2026-09-26T14:21:00,RECONNAISSANCE,Port Scan,AST-0464,AST-0061,HIGH,OBSERVED,0.732
ATK-00922,2026-09-26T14:25:00,CREDENTIAL_ACCESS,Suspicious Login,AST-0464,AST-0061,HIGH,OBSERVED,0.772
ATK-00922,2026-09-26T14:29:00,LATERAL_MOVEMENT,Internal Login Burst,AST-0464,AST-0061,HIGH,INFERRED,0.819
ATK-00922,2026-09-26T14:33:00,INITIAL_ACCESS,Predicted Next Stage,AST-0464,AST-0061,MEDIUM,PREDICTED,0.823
ATK-00923,2026-09-02T11:00:00,RECONNAISSANCE,Port Scan,AST-0169,AST-0171,HIGH,OBSERVED,0.787
ATK-00923,2026-09-02T11:04:00,CREDENTIAL_ACCESS,Suspicious Login,AST-0169,AST-0171,HIGH,OBSERVED,0.841
ATK-00923,2026-09-02T11:08:00,LATERAL_MOVEMENT,Internal Login Burst,AST-0169,AST-0171,HIGH,INFERRED,0.822
ATK-00923,2026-09-02T11:12:00,CREDENTIAL_ACCESS,Predicted Next Stage,AST-0169,AST-0171,MEDIUM,PREDICTED,0.802
ATK-00924,2026-09-20T09:41:00,RECONNAISSANCE,Port Scan,AST-0449,AST-0230,HIGH,OBSERVED,0.755
ATK-00924,2026-09-20T09:45:00,CREDENTIAL_ACCESS,Suspicious Login,AST-0449,AST-0230,HIGH,OBSERVED,0.809
ATK-00924,2026-09-20T09:49:00,LATERAL_MOVEMENT,Internal Login Burst,AST-0449,AST-0230,HIGH,INFERRED,0.834
ATK-00924,2026-09-20T09:53:00,INITIAL_ACCESS,Predicted Next Stage,AST-0449,AST-0230,MEDIUM,PREDICTED,0.933
ATK-00925,2026-09-22T19:45:00,RECONNAISSANCE,Port Scan,AST-0365,AST-0170,HIGH,OBSERVED,0.817
ATK-00925,2026-09-22T19:49:00,CREDENTIAL_ACCESS,Suspicious Login,AST-0365,AST-0170,HIGH,OBSERVED,0.917
ATK-00925,2026-09-22T19:53:00,LATERAL_MOVEMENT,Internal Login Burst,AST-0365,AST-0170,HIGH,INFERRED,0.81
ATK-00925,2026-09-22T19:57:00,IMPACT,Predicted Next Stage,AST-0365,AST-0170,MEDIUM,PREDICTED,0.893
ATK-00926,2026-09-05T21:20:00,RECONNAISSANCE,Port Scan,AST-0376,AST-0336,HIGH,OBSERVED,0.766
ATK-00926,2026-09-05T21:24:00,CREDENTIAL_ACCESS,Suspicious Login,AST-0376,AST-0336,HIGH,OBSERVED,0.792
ATK-00926,2026-09-05T21:28:00,LATERAL_MOVEMENT,Internal Login Burst,AST-0376,AST-0336,HIGH,INFERRED,0.783
ATK-00926,2026-09-05T21:32:00,INITIAL_ACCESS,Predicted Next Stage,AST-0376,AST-0336,MEDIUM,PREDICTED,0.739
ATK-00927,2026-09-14T22:48:00,RECONNAISSANCE,Port Scan,AST-0184,AST-0329,HIGH,OBSERVED,0.81
ATK-00927,2026-09-14T22:52:00,CREDENTIAL_ACCESS,Suspicious Login,AST-0184,AST-0329,HIGH,OBSERVED,0.803
ATK-00927,2026-09-14T22:56:00,LATERAL_MOVEMENT,Internal Login Burst,AST-0184,AST-0329,HIGH,INFERRED,0.792
ATK-00927,2026-09-14T23:00:00,EXFILTRATION,Predicted Next Stage,AST-0184,AST-0329,MEDIUM,PREDICTED,0.822
ATK-00928,2026-09-18T14:56:00,RECONNAISSANCE,Port Scan,AST-0485,AST-0135,HIGH,OBSERVED,0.821
ATK-00928,2026-09-18T15:00:00,CREDENTIAL_ACCESS,Suspicious Login,AST-0485,AST-0135,HIGH,OBSERVED,0.881
ATK-00928,2026-09-18T15:04:00,LATERAL_MOVEMENT,Internal Login Burst,AST-0485,AST-0135,HIGH,INFERRED,0.914
ATK-00928,2026-09-18T15:08:00,IMPACT,Predicted Next Stage,AST-0485,AST-0135,MEDIUM,PREDICTED,0.921
ATK-00929,2026-09-10T16:51:00,RECONNAISSANCE,Port Scan,AST-0177,AST-0195,HIGH,OBSERVED,0.743
ATK-00929,2026-09-10T16:55:00,CREDENTIAL_ACCESS,Suspicious Login,AST-0177,AST-0195,HIGH,OBSERVED,0.716
ATK-00929,2026-09-10T16:59:00,LATERAL_MOVEMENT,Internal Login Burst,AST-0177,AST-0195,HIGH,INFERRED,0.729
ATK-00929,2026-09-10T17:03:00,INITIAL_ACCESS,Predicted Next Stage,AST-0177,AST-0195,MEDIUM,PREDICTED,0.766
ATK-00930,2026-09-05T21:55:00,RECONNAISSANCE,Port Scan,AST-0417,AST-0160,HIGH,OBSERVED,0.739
ATK-00930,2026-09-05T21:59:00,CREDENTIAL_ACCESS,Suspicious Login,AST-0417,AST-0160,HIGH,OBSERVED,0.767
ATK-00930,2026-09-05T22:03:00,LATERAL_MOVEMENT,Internal Login Burst,AST-0417,AST-0160,HIGH,INFERRED,0.78
ATK-00930,2026-09-05T22:07:00,IMPACT,Predicted Next Stage,AST-0417,AST-0160,MEDIUM,PREDICTED,0.732
ATK-00931,2026-09-11T18:47:00,RECONNAISSANCE,Port Scan,AST-0333,AST-0370,HIGH,OBSERVED,0.832
ATK-00931,2026-09-11T18:51:00,CREDENTIAL_ACCESS,Suspicious Login,AST-0333,AST-0370,HIGH,OBSERVED,0.846
ATK-00931,2026-09-11T18:55:00,LATERAL_MOVEMENT,Internal Login Burst,AST-0333,AST-0370,HIGH,INFERRED,0.828
ATK-00931,2026-09-11T18:59:00,LATERAL_MOVEMENT,Predicted Next Stage,AST-0333,AST-0370,MEDIUM,PREDICTED,0.765
ATK-00932,2026-09-26T22:57:00,RECONNAISSANCE,Port Scan,AST-0309,AST-0183,HIGH,OBSERVED,0.894
ATK-00932,2026-09-26T23:01:00,CREDENTIAL_ACCESS,Suspicious Login,AST-0309,AST-0183,HIGH,OBSERVED,0.962
ATK-00932,2026-09-26T23:05:00,LATERAL_MOVEMENT,Internal Login Burst,AST-0309,AST-0183,HIGH,INFERRED,0.894
ATK-00932,2026-09-26T23:09:00,CREDENTIAL_ACCESS,Predicted Next Stage,AST-0309,AST-0183,MEDIUM,PREDICTED,0.897
ATK-00933,2026-09-26T02:38:00,RECONNAISSANCE,Port Scan,AST-0481,AST-0476,HIGH,OBSERVED,0.753
ATK-00933,2026-09-26T02:42:00,CREDENTIAL_ACCESS,Suspicious Login,AST-0481,AST-0476,HIGH,OBSERVED,0.789
ATK-00933,2026-09-26T02:46:00,LATERAL_MOVEMENT,Internal Login Burst,AST-0481,AST-0476,HIGH,INFERRED,0.743
ATK-00933,2026-09-26T02:50:00,EXFILTRATION,Predicted Next Stage,AST-0481,AST-0476,MEDIUM,PREDICTED,0.751
ATK-00934,2026-09-16T15:47:00,RECONNAISSANCE,Port Scan,AST-0268,AST-0205,HIGH,OBSERVED,0.723
ATK-00934,2026-09-16T15:51:00,CREDENTIAL_ACCESS,Suspicious Login,AST-0268,AST-0205,HIGH,OBSERVED,0.793
ATK-00934,2026-09-16T15:55:00,LATERAL_MOVEMENT,Internal Login Burst,AST-0268,AST-0205,HIGH,INFERRED,0.737
ATK-00934,2026-09-16T15:59:00,PERSISTENCE,Predicted Next Stage,AST-0268,AST-0205,MEDIUM,PREDICTED,0.757
ATK-00935,2026-09-04T11:16:00,RECONNAISSANCE,Port Scan,AST-0376,AST-0084,HIGH,OBSERVED,0.9
ATK-00935,2026-09-04T11:20:00,CREDENTIAL_ACCESS,Suspicious Login,AST-0376,AST-0084,HIGH,OBSERVED,0.873
ATK-00935,2026-09-04T11:24:00,LATERAL_MOVEMENT,Internal Login Burst,AST-0376,AST-0084,HIGH,INFERRED,0.829
ATK-00935,2026-09-04T11:28:00,LATERAL_MOVEMENT,Predicted Next Stage,AST-0376,AST-0084,MEDIUM,PREDICTED,0.835
ATK-00936,2026-09-25T21:36:00,RECONNAISSANCE,Port Scan,AST-0410,AST-0397,HIGH,OBSERVED,0.803
ATK-00936,2026-09-25T21:40:00,CREDENTIAL_ACCESS,Suspicious Login,AST-0410,AST-0397,HIGH,OBSERVED,0.826
ATK-00936,2026-09-25T21:44:00,LATERAL_MOVEMENT,Internal Login Burst,AST-0410,AST-0397,HIGH,INFERRED,0.831
ATK-00936,2026-09-25T21:48:00,EXFILTRATION,Predicted Next Stage,AST-0410,AST-0397,MEDIUM,PREDICTED,0.886
ATK-00937,2026-09-25T23:02:00,RECONNAISSANCE,Port Scan,AST-0307,AST-0065,HIGH,OBSERVED,0.821
ATK-00937,2026-09-25T23:06:00,CREDENTIAL_ACCESS,Suspicious Login,AST-0307,AST-0065,HIGH,OBSERVED,0.836
ATK-00937,2026-09-25T23:10:00,LATERAL_MOVEMENT,Internal Login Burst,AST-0307,AST-0065,HIGH,INFERRED,0.8
ATK-00937,2026-09-25T23:14:00,INITIAL_ACCESS,Predicted Next Stage,AST-0307,AST-0065,MEDIUM,PREDICTED,0.806
ATK-00938,2026-09-12T15:47:00,RECONNAISSANCE,Port Scan,AST-0186,AST-0056,HIGH,OBSERVED,0.811
ATK-00938,2026-09-12T15:51:00,CREDENTIAL_ACCESS,Suspicious Login,AST-0186,AST-0056,HIGH,OBSERVED,0.772
ATK-00938,2026-09-12T15:55:00,LATERAL_MOVEMENT,Internal Login Burst,AST-0186,AST-0056,HIGH,INFERRED,0.777
ATK-00938,2026-09-12T15:59:00,LATERAL_MOVEMENT,Predicted Next Stage,AST-0186,AST-0056,MEDIUM,PREDICTED,0.787
ATK-00939,2026-09-01T13:47:00,RECONNAISSANCE,Port Scan,AST-0488,AST-0251,HIGH,OBSERVED,0.854
ATK-00939,2026-09-01T13:51:00,CREDENTIAL_ACCESS,Suspicious Login,AST-0488,AST-0251,HIGH,OBSERVED,0.835
ATK-00939,2026-09-01T13:55:00,LATERAL_MOVEMENT,Internal Login Burst,AST-0488,AST-0251,HIGH,INFERRED,0.825
ATK-00939,2026-09-01T13:59:00,INITIAL_ACCESS,Predicted Next Stage,AST-0488,AST-0251,MEDIUM,PREDICTED,0.821
ATK-00940,2026-09-21T13:24:00,RECONNAISSANCE,Port Scan,AST-0012,AST-0192,HIGH,OBSERVED,0.902
ATK-00940,2026-09-21T13:28:00,CREDENTIAL_ACCESS,Suspicious Login,AST-0012,AST-0192,HIGH,OBSERVED,0.963
ATK-00940,2026-09-21T13:32:00,LATERAL_MOVEMENT,Internal Login Burst,AST-0012,AST-0192,HIGH,INFERRED,0.917
ATK-00940,2026-09-21T13:36:00,PERSISTENCE,Predicted Next Stage,AST-0012,AST-0192,MEDIUM,PREDICTED,0.925
ATK-00941,2026-09-16T05:47:00,RECONNAISSANCE,Port Scan,AST-0403,AST-0277,HIGH,OBSERVED,0.907
ATK-00941,2026-09-16T05:51:00,CREDENTIAL_ACCESS,Suspicious Login,AST-0403,AST-0277,HIGH,OBSERVED,0.899
ATK-00941,2026-09-16T05:55:00,LATERAL_MOVEMENT,Internal Login Burst,AST-0403,AST-0277,HIGH,INFERRED,0.926
ATK-00941,2026-09-16T05:59:00,LATERAL_MOVEMENT,Predicted Next Stage,AST-0403,AST-0277,MEDIUM,PREDICTED,0.935
ATK-00942,2026-09-25T09:51:00,RECONNAISSANCE,Port Scan,AST-0394,AST-0041,HIGH,OBSERVED,0.894
ATK-00942,2026-09-25T09:55:00,CREDENTIAL_ACCESS,Suspicious Login,AST-0394,AST-0041,HIGH,OBSERVED,0.846
ATK-00942,2026-09-25T09:59:00,LATERAL_MOVEMENT,Internal Login Burst,AST-0394,AST-0041,HIGH,INFERRED,0.867
ATK-00942,2026-09-25T10:03:00,CREDENTIAL_ACCESS,Predicted Next Stage,AST-0394,AST-0041,MEDIUM,PREDICTED,0.901
ATK-00943,2026-09-12T13:19:00,RECONNAISSANCE,Port Scan,AST-0069,AST-0013,HIGH,OBSERVED,0.85
ATK-00943,2026-09-12T13:23:00,CREDENTIAL_ACCESS,Suspicious Login,AST-0069,AST-0013,HIGH,OBSERVED,0.921
ATK-00943,2026-09-12T13:27:00,LATERAL_MOVEMENT,Internal Login Burst,AST-0069,AST-0013,HIGH,INFERRED,0.858
ATK-00943,2026-09-12T13:31:00,CREDENTIAL_ACCESS,Predicted Next Stage,AST-0069,AST-0013,MEDIUM,PREDICTED,0.849
ATK-00944,2026-09-17T03:26:00,RECONNAISSANCE,Port Scan,AST-0170,AST-0158,HIGH,OBSERVED,0.906
ATK-00944,2026-09-17T03:30:00,CREDENTIAL_ACCESS,Suspicious Login,AST-0170,AST-0158,HIGH,OBSERVED,0.893
ATK-00944,2026-09-17T03:34:00,LATERAL_MOVEMENT,Internal Login Burst,AST-0170,AST-0158,HIGH,INFERRED,0.856
ATK-00944,2026-09-17T03:38:00,PERSISTENCE,Predicted Next Stage,AST-0170,AST-0158,MEDIUM,PREDICTED,0.887
ATK-00945,2026-09-26T13:44:00,RECONNAISSANCE,Port Scan,AST-0463,AST-0191,HIGH,OBSERVED,0.745
ATK-00945,2026-09-26T13:48:00,CREDENTIAL_ACCESS,Suspicious Login,AST-0463,AST-0191,HIGH,OBSERVED,0.764
ATK-00945,2026-09-26T13:52:00,LATERAL_MOVEMENT,Internal Login Burst,AST-0463,AST-0191,HIGH,INFERRED,0.794
ATK-00945,2026-09-26T13:56:00,INITIAL_ACCESS,Predicted Next Stage,AST-0463,AST-0191,MEDIUM,PREDICTED,0.829
ATK-00946,2026-09-15T10:36:00,RECONNAISSANCE,Port Scan,AST-0301,AST-0054,HIGH,OBSERVED,0.927
ATK-00946,2026-09-15T10:40:00,CREDENTIAL_ACCESS,Suspicious Login,AST-0301,AST-0054,HIGH,OBSERVED,0.886
ATK-00946,2026-09-15T10:44:00,LATERAL_MOVEMENT,Internal Login Burst,AST-0301,AST-0054,HIGH,INFERRED,0.886
ATK-00946,2026-09-15T10:48:00,LATERAL_MOVEMENT,Predicted Next Stage,AST-0301,AST-0054,MEDIUM,PREDICTED,0.93
ATK-00947,2026-09-22T12:41:00,RECONNAISSANCE,Port Scan,AST-0238,AST-0147,HIGH,OBSERVED,0.77
ATK-00947,2026-09-22T12:45:00,CREDENTIAL_ACCESS,Suspicious Login,AST-0238,AST-0147,HIGH,OBSERVED,0.679
ATK-00947,2026-09-22T12:49:00,LATERAL_MOVEMENT,Internal Login Burst,AST-0238,AST-0147,HIGH,INFERRED,0.708
ATK-00947,2026-09-22T12:53:00,PERSISTENCE,Predicted Next Stage,AST-0238,AST-0147,MEDIUM,PREDICTED,0.734
ATK-00948,2026-09-17T03:18:00,RECONNAISSANCE,Port Scan,AST-0320,AST-0053,HIGH,OBSERVED,0.773
ATK-00948,2026-09-17T03:22:00,CREDENTIAL_ACCESS,Suspicious Login,AST-0320,AST-0053,HIGH,OBSERVED,0.738
ATK-00948,2026-09-17T03:26:00,LATERAL_MOVEMENT,Internal Login Burst,AST-0320,AST-0053,HIGH,INFERRED,0.786
ATK-00948,2026-09-17T03:30:00,INITIAL_ACCESS,Predicted Next Stage,AST-0320,AST-0053,MEDIUM,PREDICTED,0.816
ATK-00949,2026-09-10T21:31:00,RECONNAISSANCE,Port Scan,AST-0428,AST-0448,HIGH,OBSERVED,0.711
ATK-00949,2026-09-10T21:35:00,CREDENTIAL_ACCESS,Suspicious Login,AST-0428,AST-0448,HIGH,OBSERVED,0.745
ATK-00949,2026-09-10T21:39:00,LATERAL_MOVEMENT,Internal Login Burst,AST-0428,AST-0448,HIGH,INFERRED,0.729
ATK-00949,2026-09-10T21:43:00,INITIAL_ACCESS,Predicted Next Stage,AST-0428,AST-0448,MEDIUM,PREDICTED,0.751
ATK-00950,2026-09-21T01:51:00,RECONNAISSANCE,Port Scan,AST-0184,AST-0422,HIGH,OBSERVED,0.77
ATK-00950,2026-09-21T01:55:00,CREDENTIAL_ACCESS,Suspicious Login,AST-0184,AST-0422,HIGH,OBSERVED,0.783
ATK-00950,2026-09-21T01:59:00,LATERAL_MOVEMENT,Internal Login Burst,AST-0184,AST-0422,HIGH,INFERRED,0.797
ATK-00950,2026-09-21T02:03:00,INITIAL_ACCESS,Predicted Next Stage,AST-0184,AST-0422,MEDIUM,PREDICTED,0.738
ATK-00951,2026-09-10T15:45:00,RECONNAISSANCE,Port Scan,AST-0249,AST-0321,HIGH,OBSERVED,0.839
ATK-00951,2026-09-10T15:49:00,CREDENTIAL_ACCESS,Suspicious Login,AST-0249,AST-0321,HIGH,OBSERVED,0.837
ATK-00951,2026-09-10T15:53:00,LATERAL_MOVEMENT,Internal Login Burst,AST-0249,AST-0321,HIGH,INFERRED,0.895
ATK-00951,2026-09-10T15:57:00,CREDENTIAL_ACCESS,Predicted Next Stage,AST-0249,AST-0321,MEDIUM,PREDICTED,0.907
ATK-00952,2026-09-21T17:07:00,RECONNAISSANCE,Port Scan,AST-0422,AST-0260,HIGH,OBSERVED,0.981
ATK-00952,2026-09-21T17:11:00,CREDENTIAL_ACCESS,Suspicious Login,AST-0422,AST-0260,HIGH,OBSERVED,0.907
ATK-00952,2026-09-21T17:15:00,LATERAL_MOVEMENT,Internal Login Burst,AST-0422,AST-0260,HIGH,INFERRED,0.884
ATK-00952,2026-09-21T17:19:00,CREDENTIAL_ACCESS,Predicted Next Stage,AST-0422,AST-0260,MEDIUM,PREDICTED,0.855
ATK-00953,2026-09-20T05:01:00,RECONNAISSANCE,Port Scan,AST-0181,AST-0291,HIGH,OBSERVED,0.892
ATK-00953,2026-09-20T05:05:00,CREDENTIAL_ACCESS,Suspicious Login,AST-0181,AST-0291,HIGH,OBSERVED,0.911
ATK-00953,2026-09-20T05:09:00,LATERAL_MOVEMENT,Internal Login Burst,AST-0181,AST-0291,HIGH,INFERRED,0.9
ATK-00953,2026-09-20T05:13:00,CREDENTIAL_ACCESS,Predicted Next Stage,AST-0181,AST-0291,MEDIUM,PREDICTED,0.876
ATK-00954,2026-09-21T22:38:00,RECONNAISSANCE,Port Scan,AST-0286,AST-0225,HIGH,OBSERVED,0.79
ATK-00954,2026-09-21T22:42:00,CREDENTIAL_ACCESS,Suspicious Login,AST-0286,AST-0225,HIGH,OBSERVED,0.723
ATK-00954,2026-09-21T22:46:00,LATERAL_MOVEMENT,Internal Login Burst,AST-0286,AST-0225,HIGH,INFERRED,0.801
ATK-00954,2026-09-21T22:50:00,LATERAL_MOVEMENT,Predicted Next Stage,AST-0286,AST-0225,MEDIUM,PREDICTED,0.77
ATK-00955,2026-09-03T19:53:00,RECONNAISSANCE,Port Scan,AST-0348,AST-0100,HIGH,OBSERVED,0.892
ATK-00955,2026-09-03T19:57:00,CREDENTIAL_ACCESS,Suspicious Login,AST-0348,AST-0100,HIGH,OBSERVED,0.826
ATK-00955,2026-09-03T20:01:00,LATERAL_MOVEMENT,Internal Login Burst,AST-0348,AST-0100,HIGH,INFERRED,0.933
ATK-00955,2026-09-03T20:05:00,CREDENTIAL_ACCESS,Predicted Next Stage,AST-0348,AST-0100,MEDIUM,PREDICTED,0.862
ATK-00956,2026-09-11T07:57:00,RECONNAISSANCE,Port Scan,AST-0130,AST-0466,HIGH,OBSERVED,0.817
ATK-00956,2026-09-11T08:01:00,CREDENTIAL_ACCESS,Suspicious Login,AST-0130,AST-0466,HIGH,OBSERVED,0.801
ATK-00956,2026-09-11T08:05:00,LATERAL_MOVEMENT,Internal Login Burst,AST-0130,AST-0466,HIGH,INFERRED,0.77
ATK-00956,2026-09-11T08:09:00,LATERAL_MOVEMENT,Predicted Next Stage,AST-0130,AST-0466,MEDIUM,PREDICTED,0.807
ATK-00957,2026-09-19T05:45:00,RECONNAISSANCE,Port Scan,AST-0154,AST-0169,HIGH,OBSERVED,0.757
ATK-00957,2026-09-19T05:49:00,CREDENTIAL_ACCESS,Suspicious Login,AST-0154,AST-0169,HIGH,OBSERVED,0.713
ATK-00957,2026-09-19T05:53:00,LATERAL_MOVEMENT,Internal Login Burst,AST-0154,AST-0169,HIGH,INFERRED,0.798
ATK-00957,2026-09-19T05:57:00,INITIAL_ACCESS,Predicted Next Stage,AST-0154,AST-0169,MEDIUM,PREDICTED,0.712
ATK-00958,2026-09-13T23:41:00,RECONNAISSANCE,Port Scan,AST-0038,AST-0189,HIGH,OBSERVED,0.795
ATK-00958,2026-09-13T23:45:00,CREDENTIAL_ACCESS,Suspicious Login,AST-0038,AST-0189,HIGH,OBSERVED,0.81
ATK-00958,2026-09-13T23:49:00,LATERAL_MOVEMENT,Internal Login Burst,AST-0038,AST-0189,HIGH,INFERRED,0.794
ATK-00958,2026-09-13T23:53:00,LATERAL_MOVEMENT,Predicted Next Stage,AST-0038,AST-0189,MEDIUM,PREDICTED,0.75
ATK-00959,2026-09-15T13:50:00,RECONNAISSANCE,Port Scan,AST-0442,AST-0046,HIGH,OBSERVED,0.838
ATK-00959,2026-09-15T13:54:00,CREDENTIAL_ACCESS,Suspicious Login,AST-0442,AST-0046,HIGH,OBSERVED,0.711
ATK-00959,2026-09-15T13:58:00,LATERAL_MOVEMENT,Internal Login Burst,AST-0442,AST-0046,HIGH,INFERRED,0.818
ATK-00959,2026-09-15T14:02:00,CREDENTIAL_ACCESS,Predicted Next Stage,AST-0442,AST-0046,MEDIUM,PREDICTED,0.776
ATK-00960,2026-09-21T12:00:00,RECONNAISSANCE,Port Scan,AST-0479,AST-0271,HIGH,OBSERVED,0.803
ATK-00960,2026-09-21T12:04:00,CREDENTIAL_ACCESS,Suspicious Login,AST-0479,AST-0271,HIGH,OBSERVED,0.774
ATK-00960,2026-09-21T12:08:00,LATERAL_MOVEMENT,Internal Login Burst,AST-0479,AST-0271,HIGH,INFERRED,0.855
ATK-00960,2026-09-21T12:12:00,EXFILTRATION,Predicted Next Stage,AST-0479,AST-0271,MEDIUM,PREDICTED,0.867
ATK-00961,2026-09-17T15:03:00,RECONNAISSANCE,Port Scan,AST-0365,AST-0499,HIGH,OBSERVED,0.828
ATK-00961,2026-09-17T15:07:00,CREDENTIAL_ACCESS,Suspicious Login,AST-0365,AST-0499,HIGH,OBSERVED,0.84
ATK-00961,2026-09-17T15:11:00,LATERAL_MOVEMENT,Internal Login Burst,AST-0365,AST-0499,HIGH,INFERRED,0.814
ATK-00961,2026-09-17T15:15:00,INITIAL_ACCESS,Predicted Next Stage,AST-0365,AST-0499,MEDIUM,PREDICTED,0.806
ATK-00962,2026-09-22T19:22:00,RECONNAISSANCE,Port Scan,AST-0487,AST-0343,HIGH,OBSERVED,0.81
ATK-00962,2026-09-22T19:26:00,CREDENTIAL_ACCESS,Suspicious Login,AST-0487,AST-0343,HIGH,OBSERVED,0.847
ATK-00962,2026-09-22T19:30:00,LATERAL_MOVEMENT,Internal Login Burst,AST-0487,AST-0343,HIGH,INFERRED,0.741
ATK-00962,2026-09-22T19:34:00,IMPACT,Predicted Next Stage,AST-0487,AST-0343,MEDIUM,PREDICTED,0.818
ATK-00963,2026-09-20T14:21:00,RECONNAISSANCE,Port Scan,AST-0239,AST-0241,HIGH,OBSERVED,0.909
ATK-00963,2026-09-20T14:25:00,CREDENTIAL_ACCESS,Suspicious Login,AST-0239,AST-0241,HIGH,OBSERVED,0.924
ATK-00963,2026-09-20T14:29:00,LATERAL_MOVEMENT,Internal Login Burst,AST-0239,AST-0241,HIGH,INFERRED,0.963
ATK-00963,2026-09-20T14:33:00,LATERAL_MOVEMENT,Predicted Next Stage,AST-0239,AST-0241,MEDIUM,PREDICTED,0.898
ATK-00964,2026-09-14T02:00:00,RECONNAISSANCE,Port Scan,AST-0398,AST-0487,HIGH,OBSERVED,0.719
ATK-00964,2026-09-14T02:04:00,CREDENTIAL_ACCESS,Suspicious Login,AST-0398,AST-0487,HIGH,OBSERVED,0.731
ATK-00964,2026-09-14T02:08:00,LATERAL_MOVEMENT,Internal Login Burst,AST-0398,AST-0487,HIGH,INFERRED,0.81
ATK-00964,2026-09-14T02:12:00,INITIAL_ACCESS,Predicted Next Stage,AST-0398,AST-0487,MEDIUM,PREDICTED,0.742
ATK-00965,2026-09-10T02:39:00,RECONNAISSANCE,Port Scan,AST-0472,AST-0463,HIGH,OBSERVED,0.878
ATK-00965,2026-09-10T02:43:00,CREDENTIAL_ACCESS,Suspicious Login,AST-0472,AST-0463,HIGH,OBSERVED,0.85
ATK-00965,2026-09-10T02:47:00,LATERAL_MOVEMENT,Internal Login Burst,AST-0472,AST-0463,HIGH,INFERRED,0.864
ATK-00965,2026-09-10T02:51:00,LATERAL_MOVEMENT,Predicted Next Stage,AST-0472,AST-0463,MEDIUM,PREDICTED,0.874
ATK-00966,2026-09-07T09:56:00,RECONNAISSANCE,Port Scan,AST-0056,AST-0112,HIGH,OBSERVED,0.848
ATK-00966,2026-09-07T10:00:00,CREDENTIAL_ACCESS,Suspicious Login,AST-0056,AST-0112,HIGH,OBSERVED,0.88
ATK-00966,2026-09-07T10:04:00,LATERAL_MOVEMENT,Internal Login Burst,AST-0056,AST-0112,HIGH,INFERRED,0.88
ATK-00966,2026-09-07T10:08:00,CREDENTIAL_ACCESS,Predicted Next Stage,AST-0056,AST-0112,MEDIUM,PREDICTED,0.932
ATK-00967,2026-09-26T15:19:00,RECONNAISSANCE,Port Scan,AST-0397,AST-0135,HIGH,OBSERVED,0.771
ATK-00967,2026-09-26T15:23:00,CREDENTIAL_ACCESS,Suspicious Login,AST-0397,AST-0135,HIGH,OBSERVED,0.76
ATK-00967,2026-09-26T15:27:00,LATERAL_MOVEMENT,Internal Login Burst,AST-0397,AST-0135,HIGH,INFERRED,0.774
ATK-00967,2026-09-26T15:31:00,IMPACT,Predicted Next Stage,AST-0397,AST-0135,MEDIUM,PREDICTED,0.798
ATK-00968,2026-09-19T21:02:00,RECONNAISSANCE,Port Scan,AST-0052,AST-0240,HIGH,OBSERVED,0.798
ATK-00968,2026-09-19T21:06:00,CREDENTIAL_ACCESS,Suspicious Login,AST-0052,AST-0240,HIGH,OBSERVED,0.758
ATK-00968,2026-09-19T21:10:00,LATERAL_MOVEMENT,Internal Login Burst,AST-0052,AST-0240,HIGH,INFERRED,0.798
ATK-00968,2026-09-19T21:14:00,EXFILTRATION,Predicted Next Stage,AST-0052,AST-0240,MEDIUM,PREDICTED,0.8
ATK-00969,2026-09-12T01:54:00,RECONNAISSANCE,Port Scan,AST-0164,AST-0269,HIGH,OBSERVED,0.843
ATK-00969,2026-09-12T01:58:00,CREDENTIAL_ACCESS,Suspicious Login,AST-0164,AST-0269,HIGH,OBSERVED,0.786
ATK-00969,2026-09-12T02:02:00,LATERAL_MOVEMENT,Internal Login Burst,AST-0164,AST-0269,HIGH,INFERRED,0.799
ATK-00969,2026-09-12T02:06:00,IMPACT,Predicted Next Stage,AST-0164,AST-0269,MEDIUM,PREDICTED,0.777
ATK-00970,2026-09-20T15:21:00,RECONNAISSANCE,Port Scan,AST-0090,AST-0318,HIGH,OBSERVED,0.858
ATK-00970,2026-09-20T15:25:00,CREDENTIAL_ACCESS,Suspicious Login,AST-0090,AST-0318,HIGH,OBSERVED,0.837
ATK-00970,2026-09-20T15:29:00,LATERAL_MOVEMENT,Internal Login Burst,AST-0090,AST-0318,HIGH,INFERRED,0.922
ATK-00970,2026-09-20T15:33:00,PERSISTENCE,Predicted Next Stage,AST-0090,AST-0318,MEDIUM,PREDICTED,0.81
ATK-00971,2026-09-23T11:56:00,RECONNAISSANCE,Port Scan,AST-0136,AST-0053,HIGH,OBSERVED,0.795
ATK-00971,2026-09-23T12:00:00,CREDENTIAL_ACCESS,Suspicious Login,AST-0136,AST-0053,HIGH,OBSERVED,0.799
ATK-00971,2026-09-23T12:04:00,LATERAL_MOVEMENT,Internal Login Burst,AST-0136,AST-0053,HIGH,INFERRED,0.861
ATK-00971,2026-09-23T12:08:00,EXFILTRATION,Predicted Next Stage,AST-0136,AST-0053,MEDIUM,PREDICTED,0.825
ATK-00972,2026-09-24T05:08:00,RECONNAISSANCE,Port Scan,AST-0162,AST-0294,HIGH,OBSERVED,0.707
ATK-00972,2026-09-24T05:12:00,CREDENTIAL_ACCESS,Suspicious Login,AST-0162,AST-0294,HIGH,OBSERVED,0.687
ATK-00972,2026-09-24T05:16:00,LATERAL_MOVEMENT,Internal Login Burst,AST-0162,AST-0294,HIGH,INFERRED,0.752
ATK-00972,2026-09-24T05:20:00,LATERAL_MOVEMENT,Predicted Next Stage,AST-0162,AST-0294,MEDIUM,PREDICTED,0.752
ATK-00973,2026-09-08T05:33:00,RECONNAISSANCE,Port Scan,AST-0254,AST-0455,HIGH,OBSERVED,0.794
ATK-00973,2026-09-08T05:37:00,CREDENTIAL_ACCESS,Suspicious Login,AST-0254,AST-0455,HIGH,OBSERVED,0.78
ATK-00973,2026-09-08T05:41:00,LATERAL_MOVEMENT,Internal Login Burst,AST-0254,AST-0455,HIGH,INFERRED,0.798
ATK-00973,2026-09-08T05:45:00,LATERAL_MOVEMENT,Predicted Next Stage,AST-0254,AST-0455,MEDIUM,PREDICTED,0.862
ATK-00974,2026-09-20T19:34:00,RECONNAISSANCE,Port Scan,AST-0001,AST-0050,HIGH,OBSERVED,0.712
ATK-00974,2026-09-20T19:38:00,CREDENTIAL_ACCESS,Suspicious Login,AST-0001,AST-0050,HIGH,OBSERVED,0.686
ATK-00974,2026-09-20T19:42:00,LATERAL_MOVEMENT,Internal Login Burst,AST-0001,AST-0050,HIGH,INFERRED,0.693
ATK-00974,2026-09-20T19:46:00,IMPACT,Predicted Next Stage,AST-0001,AST-0050,MEDIUM,PREDICTED,0.708
ATK-00975,2026-09-17T01:37:00,RECONNAISSANCE,Port Scan,AST-0409,AST-0090,HIGH,OBSERVED,0.767
ATK-00975,2026-09-17T01:41:00,CREDENTIAL_ACCESS,Suspicious Login,AST-0409,AST-0090,HIGH,OBSERVED,0.73
ATK-00975,2026-09-17T01:45:00,LATERAL_MOVEMENT,Internal Login Burst,AST-0409,AST-0090,HIGH,INFERRED,0.739
ATK-00975,2026-09-17T01:49:00,IMPACT,Predicted Next Stage,AST-0409,AST-0090,MEDIUM,PREDICTED,0.827
ATK-00976,2026-09-15T22:55:00,RECONNAISSANCE,Port Scan,AST-0200,AST-0341,HIGH,OBSERVED,0.733
ATK-00976,2026-09-15T22:59:00,CREDENTIAL_ACCESS,Suspicious Login,AST-0200,AST-0341,HIGH,OBSERVED,0.679
ATK-00976,2026-09-15T23:03:00,LATERAL_MOVEMENT,Internal Login Burst,AST-0200,AST-0341,HIGH,INFERRED,0.734
ATK-00976,2026-09-15T23:07:00,EXFILTRATION,Predicted Next Stage,AST-0200,AST-0341,MEDIUM,PREDICTED,0.695
ATK-00977,2026-09-09T18:40:00,RECONNAISSANCE,Port Scan,AST-0046,AST-0061,HIGH,OBSERVED,0.873
ATK-00977,2026-09-09T18:44:00,CREDENTIAL_ACCESS,Suspicious Login,AST-0046,AST-0061,HIGH,OBSERVED,0.818
ATK-00977,2026-09-09T18:48:00,LATERAL_MOVEMENT,Internal Login Burst,AST-0046,AST-0061,HIGH,INFERRED,0.942
ATK-00977,2026-09-09T18:52:00,CREDENTIAL_ACCESS,Predicted Next Stage,AST-0046,AST-0061,MEDIUM,PREDICTED,0.901
ATK-00978,2026-09-04T12:44:00,RECONNAISSANCE,Port Scan,AST-0123,AST-0223,HIGH,OBSERVED,0.774
ATK-00978,2026-09-04T12:48:00,CREDENTIAL_ACCESS,Suspicious Login,AST-0123,AST-0223,HIGH,OBSERVED,0.715
ATK-00978,2026-09-04T12:52:00,LATERAL_MOVEMENT,Internal Login Burst,AST-0123,AST-0223,HIGH,INFERRED,0.736
ATK-00978,2026-09-04T12:56:00,PERSISTENCE,Predicted Next Stage,AST-0123,AST-0223,MEDIUM,PREDICTED,0.717
ATK-00979,2026-09-27T02:50:00,RECONNAISSANCE,Port Scan,AST-0273,AST-0042,HIGH,OBSERVED,0.919
ATK-00979,2026-09-27T02:54:00,CREDENTIAL_ACCESS,Suspicious Login,AST-0273,AST-0042,HIGH,OBSERVED,0.937
ATK-00979,2026-09-27T02:58:00,LATERAL_MOVEMENT,Internal Login Burst,AST-0273,AST-0042,HIGH,INFERRED,0.938
ATK-00979,2026-09-27T03:02:00,LATERAL_MOVEMENT,Predicted Next Stage,AST-0273,AST-0042,MEDIUM,PREDICTED,0.961
ATK-00980,2026-09-08T02:27:00,RECONNAISSANCE,Port Scan,AST-0251,AST-0131,HIGH,OBSERVED,0.882
ATK-00980,2026-09-08T02:31:00,CREDENTIAL_ACCESS,Suspicious Login,AST-0251,AST-0131,HIGH,OBSERVED,0.888
ATK-00980,2026-09-08T02:35:00,LATERAL_MOVEMENT,Internal Login Burst,AST-0251,AST-0131,HIGH,INFERRED,0.959
ATK-00980,2026-09-08T02:39:00,EXFILTRATION,Predicted Next Stage,AST-0251,AST-0131,MEDIUM,PREDICTED,0.874
ATK-00981,2026-09-12T03:53:00,RECONNAISSANCE,Port Scan,AST-0180,AST-0352,HIGH,OBSERVED,0.764
ATK-00981,2026-09-12T03:57:00,CREDENTIAL_ACCESS,Suspicious Login,AST-0180,AST-0352,HIGH,OBSERVED,0.824
ATK-00981,2026-09-12T04:01:00,LATERAL_MOVEMENT,Internal Login Burst,AST-0180,AST-0352,HIGH,INFERRED,0.817
ATK-00981,2026-09-12T04:05:00,EXFILTRATION,Predicted Next Stage,AST-0180,AST-0352,MEDIUM,PREDICTED,0.768
ATK-00982,2026-09-05T13:41:00,RECONNAISSANCE,Port Scan,AST-0292,AST-0364,HIGH,OBSERVED,0.71
ATK-00982,2026-09-05T13:45:00,CREDENTIAL_ACCESS,Suspicious Login,AST-0292,AST-0364,HIGH,OBSERVED,0.759
ATK-00982,2026-09-05T13:49:00,LATERAL_MOVEMENT,Internal Login Burst,AST-0292,AST-0364,HIGH,INFERRED,0.752
ATK-00982,2026-09-05T13:53:00,INITIAL_ACCESS,Predicted Next Stage,AST-0292,AST-0364,MEDIUM,PREDICTED,0.754
ATK-00983,2026-09-27T20:43:00,RECONNAISSANCE,Port Scan,AST-0070,AST-0278,HIGH,OBSERVED,0.807
ATK-00983,2026-09-27T20:47:00,CREDENTIAL_ACCESS,Suspicious Login,AST-0070,AST-0278,HIGH,OBSERVED,0.756
ATK-00983,2026-09-27T20:51:00,LATERAL_MOVEMENT,Internal Login Burst,AST-0070,AST-0278,HIGH,INFERRED,0.866
ATK-00983,2026-09-27T20:55:00,INITIAL_ACCESS,Predicted Next Stage,AST-0070,AST-0278,MEDIUM,PREDICTED,0.818
ATK-00984,2026-09-03T01:24:00,RECONNAISSANCE,Port Scan,AST-0458,AST-0037,HIGH,OBSERVED,0.887
ATK-00984,2026-09-03T01:28:00,CREDENTIAL_ACCESS,Suspicious Login,AST-0458,AST-0037,HIGH,OBSERVED,0.862
ATK-00984,2026-09-03T01:32:00,LATERAL_MOVEMENT,Internal Login Burst,AST-0458,AST-0037,HIGH,INFERRED,0.836
ATK-00984,2026-09-03T01:36:00,LATERAL_MOVEMENT,Predicted Next Stage,AST-0458,AST-0037,MEDIUM,PREDICTED,0.892
ATK-00985,2026-09-20T13:59:00,RECONNAISSANCE,Port Scan,AST-0182,AST-0069,HIGH,OBSERVED,0.799
ATK-00985,2026-09-20T14:03:00,CREDENTIAL_ACCESS,Suspicious Login,AST-0182,AST-0069,HIGH,OBSERVED,0.864
ATK-00985,2026-09-20T14:07:00,LATERAL_MOVEMENT,Internal Login Burst,AST-0182,AST-0069,HIGH,INFERRED,0.803
ATK-00985,2026-09-20T14:11:00,LATERAL_MOVEMENT,Predicted Next Stage,AST-0182,AST-0069,MEDIUM,PREDICTED,0.839
ATK-00986,2026-09-23T05:39:00,RECONNAISSANCE,Port Scan,AST-0030,AST-0201,HIGH,OBSERVED,0.786
ATK-00986,2026-09-23T05:43:00,CREDENTIAL_ACCESS,Suspicious Login,AST-0030,AST-0201,HIGH,OBSERVED,0.841
ATK-00986,2026-09-23T05:47:00,LATERAL_MOVEMENT,Internal Login Burst,AST-0030,AST-0201,HIGH,INFERRED,0.851
ATK-00986,2026-09-23T05:51:00,CREDENTIAL_ACCESS,Predicted Next Stage,AST-0030,AST-0201,MEDIUM,PREDICTED,0.764
ATK-00987,2026-09-02T10:07:00,RECONNAISSANCE,Port Scan,AST-0159,AST-0305,HIGH,OBSERVED,0.85
ATK-00987,2026-09-02T10:11:00,CREDENTIAL_ACCESS,Suspicious Login,AST-0159,AST-0305,HIGH,OBSERVED,0.803
ATK-00987,2026-09-02T10:15:00,LATERAL_MOVEMENT,Internal Login Burst,AST-0159,AST-0305,HIGH,INFERRED,0.888
ATK-00987,2026-09-02T10:19:00,INITIAL_ACCESS,Predicted Next Stage,AST-0159,AST-0305,MEDIUM,PREDICTED,0.868
ATK-00988,2026-09-16T14:46:00,RECONNAISSANCE,Port Scan,AST-0231,AST-0334,HIGH,OBSERVED,0.892
ATK-00988,2026-09-16T14:50:00,CREDENTIAL_ACCESS,Suspicious Login,AST-0231,AST-0334,HIGH,OBSERVED,0.89
ATK-00988,2026-09-16T14:54:00,LATERAL_MOVEMENT,Internal Login Burst,AST-0231,AST-0334,HIGH,INFERRED,0.904
ATK-00988,2026-09-16T14:58:00,PERSISTENCE,Predicted Next Stage,AST-0231,AST-0334,MEDIUM,PREDICTED,0.904
ATK-00989,2026-09-01T20:59:00,RECONNAISSANCE,Port Scan,AST-0206,AST-0035,HIGH,OBSERVED,0.828
ATK-00989,2026-09-01T21:03:00,CREDENTIAL_ACCESS,Suspicious Login,AST-0206,AST-0035,HIGH,OBSERVED,0.757
ATK-00989,2026-09-01T21:07:00,LATERAL_MOVEMENT,Internal Login Burst,AST-0206,AST-0035,HIGH,INFERRED,0.799
ATK-00989,2026-09-01T21:11:00,EXFILTRATION,Predicted Next Stage,AST-0206,AST-0035,MEDIUM,PREDICTED,0.814
ATK-00990,2026-09-01T17:08:00,RECONNAISSANCE,Port Scan,AST-0041,AST-0169,HIGH,OBSERVED,0.853
ATK-00990,2026-09-01T17:12:00,CREDENTIAL_ACCESS,Suspicious Login,AST-0041,AST-0169,HIGH,OBSERVED,0.867
ATK-00990,2026-09-01T17:16:00,LATERAL_MOVEMENT,Internal Login Burst,AST-0041,AST-0169,HIGH,INFERRED,0.826
ATK-00990,2026-09-01T17:20:00,IMPACT,Predicted Next Stage,AST-0041,AST-0169,MEDIUM,PREDICTED,0.861
ATK-00991,2026-09-22T00:00:00,RECONNAISSANCE,Port Scan,AST-0157,AST-0041,HIGH,OBSERVED,0.78
ATK-00991,2026-09-22T00:04:00,CREDENTIAL_ACCESS,Suspicious Login,AST-0157,AST-0041,HIGH,OBSERVED,0.75
ATK-00991,2026-09-22T00:08:00,LATERAL_MOVEMENT,Internal Login Burst,AST-0157,AST-0041,HIGH,INFERRED,0.74
ATK-00991,2026-09-22T00:12:00,INITIAL_ACCESS,Predicted Next Stage,AST-0157,AST-0041,MEDIUM,PREDICTED,0.737
ATK-00992,2026-09-20T01:55:00,RECONNAISSANCE,Port Scan,AST-0258,AST-0028,HIGH,OBSERVED,0.722
ATK-00992,2026-09-20T01:59:00,CREDENTIAL_ACCESS,Suspicious Login,AST-0258,AST-0028,HIGH,OBSERVED,0.779
ATK-00992,2026-09-20T02:03:00,LATERAL_MOVEMENT,Internal Login Burst,AST-0258,AST-0028,HIGH,INFERRED,0.733
ATK-00992,2026-09-20T02:07:00,IMPACT,Predicted Next Stage,AST-0258,AST-0028,MEDIUM,PREDICTED,0.779
ATK-00993,2026-09-26T06:05:00,RECONNAISSANCE,Port Scan,AST-0048,AST-0356,HIGH,OBSERVED,0.771
ATK-00993,2026-09-26T06:09:00,CREDENTIAL_ACCESS,Suspicious Login,AST-0048,AST-0356,HIGH,OBSERVED,0.827
ATK-00993,2026-09-26T06:13:00,LATERAL_MOVEMENT,Internal Login Burst,AST-0048,AST-0356,HIGH,INFERRED,0.761
ATK-00993,2026-09-26T06:17:00,IMPACT,Predicted Next Stage,AST-0048,AST-0356,MEDIUM,PREDICTED,0.743
ATK-00994,2026-09-05T07:22:00,RECONNAISSANCE,Port Scan,AST-0469,AST-0245,HIGH,OBSERVED,0.836
ATK-00994,2026-09-05T07:26:00,CREDENTIAL_ACCESS,Suspicious Login,AST-0469,AST-0245,HIGH,OBSERVED,0.871
ATK-00994,2026-09-05T07:30:00,LATERAL_MOVEMENT,Internal Login Burst,AST-0469,AST-0245,HIGH,INFERRED,0.874
ATK-00994,2026-09-05T07:34:00,INITIAL_ACCESS,Predicted Next Stage,AST-0469,AST-0245,MEDIUM,PREDICTED,0.842
ATK-00995,2026-09-03T13:03:00,RECONNAISSANCE,Port Scan,AST-0328,AST-0382,HIGH,OBSERVED,0.792
ATK-00995,2026-09-03T13:07:00,CREDENTIAL_ACCESS,Suspicious Login,AST-0328,AST-0382,HIGH,OBSERVED,0.763
ATK-00995,2026-09-03T13:11:00,LATERAL_MOVEMENT,Internal Login Burst,AST-0328,AST-0382,HIGH,INFERRED,0.762
ATK-00995,2026-09-03T13:15:00,CREDENTIAL_ACCESS,Predicted Next Stage,AST-0328,AST-0382,MEDIUM,PREDICTED,0.743
ATK-00996,2026-09-05T03:46:00,RECONNAISSANCE,Port Scan,AST-0075,AST-0127,HIGH,OBSERVED,0.886
ATK-00996,2026-09-05T03:50:00,CREDENTIAL_ACCESS,Suspicious Login,AST-0075,AST-0127,HIGH,OBSERVED,0.85
ATK-00996,2026-09-05T03:54:00,LATERAL_MOVEMENT,Internal Login Burst,AST-0075,AST-0127,HIGH,INFERRED,0.894
ATK-00996,2026-09-05T03:58:00,LATERAL_MOVEMENT,Predicted Next Stage,AST-0075,AST-0127,MEDIUM,PREDICTED,0.908
ATK-00997,2026-09-05T12:36:00,RECONNAISSANCE,Port Scan,AST-0353,AST-0140,HIGH,OBSERVED,0.821
ATK-00997,2026-09-05T12:40:00,CREDENTIAL_ACCESS,Suspicious Login,AST-0353,AST-0140,HIGH,OBSERVED,0.8
ATK-00997,2026-09-05T12:44:00,LATERAL_MOVEMENT,Internal Login Burst,AST-0353,AST-0140,HIGH,INFERRED,0.768
ATK-00997,2026-09-05T12:48:00,INITIAL_ACCESS,Predicted Next Stage,AST-0353,AST-0140,MEDIUM,PREDICTED,0.848
ATK-00998,2026-09-05T06:42:00,RECONNAISSANCE,Port Scan,AST-0098,AST-0456,HIGH,OBSERVED,0.836
ATK-00998,2026-09-05T06:46:00,CREDENTIAL_ACCESS,Suspicious Login,AST-0098,AST-0456,HIGH,OBSERVED,0.863
ATK-00998,2026-09-05T06:50:00,LATERAL_MOVEMENT,Internal Login Burst,AST-0098,AST-0456,HIGH,INFERRED,0.852
ATK-00998,2026-09-05T06:54:00,EXFILTRATION,Predicted Next Stage,AST-0098,AST-0456,MEDIUM,PREDICTED,0.863
ATK-00999,2026-09-20T09:48:00,RECONNAISSANCE,Port Scan,AST-0413,AST-0321,HIGH,OBSERVED,0.735
ATK-00999,2026-09-20T09:52:00,CREDENTIAL_ACCESS,Suspicious Login,AST-0413,AST-0321,HIGH,OBSERVED,0.725
ATK-00999,2026-09-20T09:56:00,LATERAL_MOVEMENT,Internal Login Burst,AST-0413,AST-0321,HIGH,INFERRED,0.737
ATK-00999,2026-09-20T10:00:00,INITIAL_ACCESS,Predicted Next Stage,AST-0413,AST-0321,MEDIUM,PREDICTED,0.79
ATK-01000,2026-09-12T12:53:00,RECONNAISSANCE,Port Scan,AST-0190,AST-0381,HIGH,OBSERVED,0.848
ATK-01000,2026-09-12T12:57:00,CREDENTIAL_ACCESS,Suspicious Login,AST-0190,AST-0381,HIGH,OBSERVED,0.836
ATK-01000,2026-09-12T13:01:00,LATERAL_MOVEMENT,Internal Login Burst,AST-0190,AST-0381,HIGH,INFERRED,0.811
ATK-01000,2026-09-12T13:05:00,IMPACT,Predicted Next Stage,AST-0190,AST-0381,MEDIUM,PREDICTED,0.781
