incident_id,title,risk_score,status,source_asset_id,target_asset_id,sector,created_at
INC-2026-0001,Credential Access activity involving AST-0426,81.6,CONTAINMENT,AST-0071,AST-0426,Banking & Finance,2026-09-01T04:02:00
INC-2026-0002,Lateral Movement activity involving AST-0499,73.5,RECOVERY,AST-0060,AST-0499,Banking & Finance,2026-09-24T19:30:00
INC-2026-0003,Exfiltration activity involving AST-0199,68.7,OPEN,AST-0157,AST-0199,Healthcare,2026-09-06T17:05:00
INC-2026-0004,Credential Access activity involving AST-0389,72.6,ERADICATION,AST-0213,AST-0389,Telecom,2026-09-18T04:42:00
INC-2026-0005,Impact activity involving AST-0364,86.9,OPEN,AST-0089,AST-0364,Banking & Finance,2026-09-20T03:11:00
INC-2026-0006,Exfiltration activity involving AST-0353,78.1,RESOLVED,AST-0228,AST-0353,Telecom,2026-09-12T22:04:00
INC-2026-0007,Exfiltration activity involving AST-0452,74.1,INVESTIGATING,AST-0205,AST-0452,Telecom,2026-09-14T04:52:00
INC-2026-0008,Credential Access activity involving AST-0172,79.7,ERADICATION,AST-0410,AST-0172,IT & ITES,2026-09-06T03:51:00
INC-2026-0009,Impact activity involving AST-0389,91.4,RECOVERY,AST-0178,AST-0389,Healthcare,2026-09-26T03:24:00
INC-2026-0010,Exfiltration activity involving AST-0298,84.1,OPEN,AST-0163,AST-0298,Healthcare,2026-09-22T03:40:00
INC-2026-0011,Lateral Movement activity involving AST-0027,83.9,INVESTIGATING,AST-0141,AST-0027,Power & Energy,2026-09-19T19:43:00
INC-2026-0012,Lateral Movement activity involving AST-0471,93.6,RESOLVED,AST-0023,AST-0471,Government,2026-09-10T22:45:00
INC-2026-0013,Persistence activity involving AST-0394,74.6,RESOLVED,AST-0484,AST-0394,Defence,2026-09-06T09:50:00
INC-2026-0014,Initial Access activity involving AST-0361,68.6,ERADICATION,AST-0107,AST-0361,Power & Energy,2026-09-11T09:15:00
INC-2026-0015,Persistence activity involving AST-0363,77.0,CONTAINMENT,AST-0219,AST-0363,Telecom,2026-09-21T08:10:00
INC-2026-0016,Initial Access activity involving AST-0326,64.6,ERADICATION,AST-0138,AST-0326,Power & Energy,2026-09-18T17:56:00
INC-2026-0017,Initial Access activity involving AST-0058,64.9,RECOVERY,AST-0265,AST-0058,Transport,2026-09-09T05:29:00
INC-2026-0018,Exfiltration activity involving AST-0102,66.0,RESOLVED,AST-0308,AST-0102,Education,2026-09-03T08:59:00
INC-2026-0019,Impact activity involving AST-0485,65.8,CONTAINMENT,AST-0443,AST-0485,IT & ITES,2026-09-18T00:58:00
INC-2026-0020,Lateral Movement activity involving AST-0270,73.7,ERADICATION,AST-0427,AST-0270,IT & ITES,2026-09-26T19:08:00
INC-2026-0021,Impact activity involving AST-0425,70.9,CONTAINMENT,AST-0176,AST-0425,Healthcare,2026-09-03T03:58:00
INC-2026-0022,Lateral Movement activity involving AST-0092,70.2,INVESTIGATING,AST-0425,AST-0092,IT & ITES,2026-09-13T04:04:00
INC-2026-0023,Impact activity involving AST-0473,88.2,ERADICATION,AST-0302,AST-0473,Education,2026-09-17T11:39:00
INC-2026-0024,Lateral Movement activity involving AST-0164,79.3,CONTAINMENT,AST-0152,AST-0164,Healthcare,2026-09-17T07:33:00
INC-2026-0025,Persistence activity involving AST-0192,81.5,CONTAINMENT,AST-0138,AST-0192,Power & Energy,2026-09-11T21:39:00
INC-2026-0026,Impact activity involving AST-0024,77.9,RESOLVED,AST-0120,AST-0024,Power & Energy,2026-09-24T07:29:00
INC-2026-0027,Impact activity involving AST-0437,70.0,OPEN,AST-0078,AST-0437,Banking & Finance,2026-09-12T00:47:00
INC-2026-0028,Exfiltration activity involving AST-0300,94.0,RECOVERY,AST-0245,AST-0300,Telecom,2026-09-08T18:48:00
INC-2026-0029,Persistence activity involving AST-0022,85.1,CONTAINMENT,AST-0235,AST-0022,Telecom,2026-09-27T13:14:00
INC-2026-0030,Exfiltration activity involving AST-0179,63.7,RECOVERY,AST-0391,AST-0179,Manufacturing,2026-09-03T09:16:00
INC-2026-0031,Exfiltration activity involving AST-0303,99.0,CONTAINMENT,AST-0413,AST-0303,IT & ITES,2026-09-08T20:48:00
INC-2026-0032,Initial Access activity involving AST-0193,67.2,RECOVERY,AST-0050,AST-0193,Government,2026-09-02T04:57:00
INC-2026-0033,Persistence activity involving AST-0243,72.8,ERADICATION,AST-0128,AST-0243,Power & Energy,2026-09-22T00:48:00
INC-2026-0034,Impact activity involving AST-0127,65.5,INVESTIGATING,AST-0113,AST-0127,Power & Energy,2026-09-20T14:36:00
INC-2026-0035,Lateral Movement activity involving AST-0305,71.0,CONTAINMENT,AST-0208,AST-0305,Telecom,2026-09-03T17:41:00
INC-2026-0036,Lateral Movement activity involving AST-0277,82.1,CONTAINMENT,AST-0403,AST-0277,IT & ITES,2026-09-16T05:47:00
INC-2026-0037,Exfiltration activity involving AST-0092,77.4,INVESTIGATING,AST-0500,AST-0092,Defence,2026-09-17T01:50:00
INC-2026-0038,Lateral Movement activity involving AST-0257,67.6,OPEN,AST-0167,AST-0257,Healthcare,2026-09-14T03:26:00
INC-2026-0039,Credential Access activity involving AST-0370,75.1,INVESTIGATING,AST-0122,AST-0370,Power & Energy,2026-09-18T03:47:00
INC-2026-0040,Exfiltration activity involving AST-0166,65.4,OPEN,AST-0209,AST-0166,Telecom,2026-09-10T10:20:00
INC-2026-0041,Initial Access activity involving AST-0288,67.0,INVESTIGATING,AST-0127,AST-0288,Power & Energy,2026-09-14T16:50:00
INC-2026-0042,Initial Access activity involving AST-0223,62.5,INVESTIGATING,AST-0013,AST-0223,Government,2026-09-03T21:30:00
INC-2026-0043,Credential Access activity involving AST-0222,76.4,ERADICATION,AST-0464,AST-0222,Defence,2026-09-08T06:25:00
INC-2026-0044,Credential Access activity involving AST-0338,99.0,INVESTIGATING,AST-0280,AST-0338,Transport,2026-09-12T05:17:00
INC-2026-0045,Lateral Movement activity involving AST-0494,79.7,OPEN,AST-0070,AST-0494,Banking & Finance,2026-09-19T20:57:00
INC-2026-0046,Persistence activity involving AST-0297,73.8,CONTAINMENT,AST-0250,AST-0297,Telecom,2026-09-11T00:38:00
INC-2026-0047,Exfiltration activity involving AST-0081,70.7,RESOLVED,AST-0113,AST-0081,Power & Energy,2026-09-19T13:11:00
INC-2026-0048,Credential Access activity involving AST-0437,71.3,RECOVERY,AST-0415,AST-0437,IT & ITES,2026-09-11T04:28:00
INC-2026-0049,Initial Access activity involving AST-0362,63.4,OPEN,AST-0384,AST-0362,Manufacturing,2026-09-09T22:07:00
INC-2026-0050,Initial Access activity involving AST-0245,63.5,RESOLVED,AST-0401,AST-0245,IT & ITES,2026-09-19T11:55:00
INC-2026-0051,Credential Access activity involving AST-0442,69.2,CONTAINMENT,AST-0056,AST-0442,Banking & Finance,2026-09-02T11:15:00
INC-2026-0052,Impact activity involving AST-0162,63.7,RESOLVED,AST-0451,AST-0162,Defence,2026-09-20T16:27:00
INC-2026-0053,Lateral Movement activity involving AST-0135,81.1,RESOLVED,AST-0401,AST-0135,IT & ITES,2026-09-07T04:57:00
INC-2026-0054,Initial Access activity involving AST-0111,63.0,INVESTIGATING,AST-0375,AST-0111,Manufacturing,2026-09-21T02:26:00
INC-2026-0055,Lateral Movement activity involving AST-0264,77.6,ERADICATION,AST-0058,AST-0264,Banking & Finance,2026-09-11T19:46:00
INC-2026-0056,Impact activity involving AST-0359,66.4,INVESTIGATING,AST-0007,AST-0359,Government,2026-09-02T02:49:00
INC-2026-0057,Impact activity involving AST-0398,72.9,RESOLVED,AST-0334,AST-0398,Education,2026-09-03T03:03:00
INC-2026-0058,Exfiltration activity involving AST-0156,70.4,INVESTIGATING,AST-0046,AST-0156,Government,2026-09-09T01:58:00
INC-2026-0059,Impact activity involving AST-0348,59.5,OPEN,AST-0211,AST-0348,Telecom,2026-09-06T14:09:00
INC-2026-0060,Lateral Movement activity involving AST-0174,62.3,CONTAINMENT,AST-0146,AST-0174,Power & Energy,2026-09-05T03:20:00
INC-2026-0061,Lateral Movement activity involving AST-0042,83.2,RECOVERY,AST-0273,AST-0042,Transport,2026-09-27T02:50:00
INC-2026-0062,Persistence activity involving AST-0334,66.5,CONTAINMENT,AST-0119,AST-0334,Power & Energy,2026-09-01T04:17:00
INC-2026-0063,Lateral Movement activity involving AST-0491,80.5,RECOVERY,AST-0400,AST-0491,Manufacturing,2026-09-20T22:25:00
INC-2026-0064,Lateral Movement activity involving AST-0240,73.6,INVESTIGATING,AST-0253,AST-0240,Transport,2026-09-04T06:47:00
INC-2026-0065,Lateral Movement activity involving AST-0097,75.6,CONTAINMENT,AST-0285,AST-0097,Transport,2026-09-11T15:06:00
INC-2026-0066,Impact activity involving AST-0103,69.8,RESOLVED,AST-0204,AST-0103,Telecom,2026-09-11T00:39:00
INC-2026-0067,Persistence activity involving AST-0122,79.2,RESOLVED,AST-0334,AST-0122,Education,2026-09-06T23:25:00
INC-2026-0068,Credential Access activity involving AST-0285,84.2,RESOLVED,AST-0034,AST-0285,Government,2026-09-03T07:03:00
INC-2026-0069,Exfiltration activity involving AST-0470,99.0,RESOLVED,AST-0494,AST-0470,Defence,2026-09-17T19:10:00
INC-2026-0070,Persistence activity involving AST-0488,75.2,RESOLVED,AST-0434,AST-0488,IT & ITES,2026-09-14T09:45:00
INC-2026-0071,Lateral Movement activity involving AST-0108,75.8,OPEN,AST-0006,AST-0108,Government,2026-09-21T17:26:00
INC-2026-0072,Impact activity involving AST-0323,82.5,RESOLVED,AST-0134,AST-0323,Power & Energy,2026-09-05T00:48:00
INC-2026-0073,Credential Access activity involving AST-0500,72.5,INVESTIGATING,AST-0442,AST-0500,IT & ITES,2026-09-13T11:11:00
INC-2026-0074,Lateral Movement activity involving AST-0196,78.8,INVESTIGATING,AST-0455,AST-0196,Defence,2026-09-14T20:35:00
INC-2026-0075,Impact activity involving AST-0210,63.2,ERADICATION,AST-0071,AST-0210,Banking & Finance,2026-09-09T15:56:00
INC-2026-0076,Credential Access activity involving AST-0485,73.1,ERADICATION,AST-0451,AST-0485,Defence,2026-09-02T09:47:00
INC-2026-0077,Persistence activity involving AST-0493,75.1,RECOVERY,AST-0257,AST-0493,Transport,2026-09-19T20:11:00
INC-2026-0078,Initial Access activity involving AST-0104,66.0,OPEN,AST-0184,AST-0104,Healthcare,2026-09-12T11:49:00
INC-2026-0079,Lateral Movement activity involving AST-0315,99.0,ERADICATION,AST-0462,AST-0315,Defence,2026-09-11T00:23:00
INC-2026-0080,Lateral Movement activity involving AST-0043,81.0,RECOVERY,AST-0420,AST-0043,IT & ITES,2026-09-12T20:01:00
INC-2026-0081,Exfiltration activity involving AST-0360,76.6,ERADICATION,AST-0279,AST-0360,Transport,2026-09-02T04:11:00
INC-2026-0082,Lateral Movement activity involving AST-0195,68.8,RESOLVED,AST-0372,AST-0195,Manufacturing,2026-09-26T08:48:00
INC-2026-0083,Initial Access activity involving AST-0316,85.3,RESOLVED,AST-0422,AST-0316,IT & ITES,2026-09-11T07:50:00
INC-2026-0084,Lateral Movement activity involving AST-0327,74.9,ERADICATION,AST-0033,AST-0327,Government,2026-09-03T07:00:00
INC-2026-0085,Initial Access activity involving AST-0131,62.3,INVESTIGATING,AST-0434,AST-0131,IT & ITES,2026-09-25T22:41:00
INC-2026-0086,Lateral Movement activity involving AST-0133,64.6,ERADICATION,AST-0220,AST-0133,Telecom,2026-09-02T03:58:00
INC-2026-0087,Impact activity involving AST-0406,71.9,RESOLVED,AST-0323,AST-0406,Education,2026-09-16T04:20:00
INC-2026-0088,Initial Access activity involving AST-0121,72.6,INVESTIGATING,AST-0415,AST-0121,IT & ITES,2026-09-10T12:16:00
INC-2026-0089,Lateral Movement activity involving AST-0401,76.2,OPEN,AST-0482,AST-0401,Defence,2026-09-12T02:45:00
INC-2026-0090,Impact activity involving AST-0489,75.0,OPEN,AST-0404,AST-0489,IT & ITES,2026-09-06T21:55:00
INC-2026-0091,Initial Access activity involving AST-0421,59.7,OPEN,AST-0147,AST-0421,Power & Energy,2026-09-03T13:17:00
INC-2026-0092,Credential Access activity involving AST-0383,65.4,ERADICATION,AST-0480,AST-0383,Defence,2026-09-12T04:39:00
INC-2026-0093,Impact activity involving AST-0168,62.8,RESOLVED,AST-0061,AST-0168,Banking & Finance,2026-09-16T02:07:00
INC-2026-0094,Exfiltration activity involving AST-0456,75.8,OPEN,AST-0098,AST-0456,Banking & Finance,2026-09-05T06:42:00
INC-2026-0095,Impact activity involving AST-0045,63.3,RECOVERY,AST-0225,AST-0045,Telecom,2026-09-05T23:11:00
INC-2026-0096,Credential Access activity involving AST-0378,63.3,ERADICATION,AST-0350,AST-0378,Education,2026-09-19T02:02:00
INC-2026-0097,Impact activity involving AST-0163,61.9,RESOLVED,AST-0431,AST-0163,IT & ITES,2026-09-14T07:52:00
INC-2026-0098,Lateral Movement activity involving AST-0166,85.7,ERADICATION,AST-0226,AST-0166,Telecom,2026-09-19T13:40:00
INC-2026-0099,Exfiltration activity involving AST-0362,83.7,INVESTIGATING,AST-0412,AST-0362,IT & ITES,2026-09-25T11:26:00
INC-2026-0100,Credential Access activity involving AST-0365,74.7,RESOLVED,AST-0341,AST-0365,Education,2026-09-25T16:22:00
INC-2026-0101,Persistence activity involving AST-0488,73.7,ERADICATION,AST-0337,AST-0488,Education,2026-09-12T13:57:00
INC-2026-0102,Lateral Movement activity involving AST-0124,69.6,RECOVERY,AST-0115,AST-0124,Power & Energy,2026-09-10T04:52:00
INC-2026-0103,Lateral Movement activity involving AST-0311,86.6,INVESTIGATING,AST-0197,AST-0311,Healthcare,2026-09-17T23:06:00
INC-2026-0104,Credential Access activity involving AST-0350,53.1,INVESTIGATING,AST-0426,AST-0350,IT & ITES,2026-09-21T01:12:00
INC-2026-0105,Lateral Movement activity involving AST-0441,71.4,RESOLVED,AST-0111,AST-0441,Power & Energy,2026-09-04T07:27:00
INC-2026-0106,Lateral Movement activity involving AST-0380,75.8,RESOLVED,AST-0389,AST-0380,Manufacturing,2026-09-27T10:06:00
INC-2026-0107,Lateral Movement activity involving AST-0393,76.4,OPEN,AST-0152,AST-0393,Healthcare,2026-09-23T11:31:00
INC-2026-0108,Impact activity involving AST-0449,66.5,CONTAINMENT,AST-0454,AST-0449,Defence,2026-09-03T21:35:00
INC-2026-0109,Impact activity involving AST-0144,65.0,ERADICATION,AST-0351,AST-0144,Manufacturing,2026-09-05T12:00:00
INC-2026-0110,Lateral Movement activity involving AST-0240,72.9,OPEN,AST-0181,AST-0240,Healthcare,2026-09-26T08:02:00
INC-2026-0111,Credential Access activity involving AST-0118,65.1,OPEN,AST-0411,AST-0118,IT & ITES,2026-09-18T11:17:00
INC-2026-0112,Impact activity involving AST-0223,64.1,RECOVERY,AST-0343,AST-0223,Education,2026-09-10T20:59:00
INC-2026-0113,Initial Access activity involving AST-0128,73.3,INVESTIGATING,AST-0490,AST-0128,Defence,2026-09-08T21:00:00
INC-2026-0114,Lateral Movement activity involving AST-0467,71.2,INVESTIGATING,AST-0492,AST-0467,Defence,2026-09-03T22:22:00
INC-2026-0115,Impact activity involving AST-0348,68.7,OPEN,AST-0482,AST-0348,Defence,2026-09-13T02:02:00
INC-2026-0116,Impact activity involving AST-0007,69.2,RECOVERY,AST-0398,AST-0007,Manufacturing,2026-09-10T13:47:00
INC-2026-0117,Credential Access activity involving AST-0177,72.9,INVESTIGATING,AST-0259,AST-0177,Transport,2026-09-03T12:59:00
INC-2026-0118,Impact activity involving AST-0046,64.3,RESOLVED,AST-0376,AST-0046,Manufacturing,2026-09-06T02:09:00
INC-2026-0119,Persistence activity involving AST-0335,79.6,CONTAINMENT,AST-0413,AST-0335,IT & ITES,2026-09-02T04:32:00
INC-2026-0120,Credential Access activity involving AST-0307,71.0,INVESTIGATING,AST-0075,AST-0307,Banking & Finance,2026-09-15T21:34:00
INC-2026-0121,Lateral Movement activity involving AST-0405,73.4,INVESTIGATING,AST-0127,AST-0405,Power & Energy,2026-09-06T07:17:00
INC-2026-0122,Credential Access activity involving AST-0406,78.4,RESOLVED,AST-0330,AST-0406,Education,2026-09-08T03:04:00
INC-2026-0123,Credential Access activity involving AST-0435,95.8,INVESTIGATING,AST-0277,AST-0435,Transport,2026-09-17T03:18:00
INC-2026-0124,Persistence activity involving AST-0498,67.4,INVESTIGATING,AST-0070,AST-0498,Banking & Finance,2026-09-21T17:08:00
INC-2026-0125,Impact activity involving AST-0279,91.8,RESOLVED,AST-0481,AST-0279,Defence,2026-09-19T10:19:00
INC-2026-0126,Impact activity involving AST-0159,67.4,RESOLVED,AST-0279,AST-0159,Transport,2026-09-03T10:45:00
INC-2026-0127,Exfiltration activity involving AST-0472,65.3,RESOLVED,AST-0322,AST-0472,Education,2026-09-23T14:57:00
INC-2026-0128,Credential Access activity involving AST-0254,73.4,INVESTIGATING,AST-0455,AST-0254,Defence,2026-09-02T10:43:00
INC-2026-0129,Credential Access activity involving AST-0119,62.2,INVESTIGATING,AST-0067,AST-0119,Banking & Finance,2026-09-17T19:06:00
INC-2026-0130,Impact activity involving AST-0162,68.1,ERADICATION,AST-0135,AST-0162,Power & Energy,2026-09-22T12:44:00
INC-2026-0131,Impact activity involving AST-0028,65.7,RECOVERY,AST-0258,AST-0028,Transport,2026-09-20T01:55:00
INC-2026-0132,Credential Access activity involving AST-0362,75.8,OPEN,AST-0460,AST-0362,Defence,2026-09-16T08:00:00
INC-2026-0133,Impact activity involving AST-0329,99.0,RESOLVED,AST-0412,AST-0329,IT & ITES,2026-09-08T12:24:00
INC-2026-0134,Exfiltration activity involving AST-0035,69.6,RESOLVED,AST-0206,AST-0035,Telecom,2026-09-01T20:59:00
INC-2026-0135,Exfiltration activity involving AST-0467,74.5,OPEN,AST-0500,AST-0467,Defence,2026-09-27T15:19:00
INC-2026-0136,Initial Access activity involving AST-0358,63.9,RESOLVED,AST-0263,AST-0358,Transport,2026-09-04T08:06:00
INC-2026-0137,Initial Access activity involving AST-0086,71.4,RESOLVED,AST-0117,AST-0086,Power & Energy,2026-09-10T10:25:00
INC-2026-0138,Credential Access activity involving AST-0489,60.6,OPEN,AST-0083,AST-0489,Banking & Finance,2026-09-07T15:41:00
INC-2026-0139,Exfiltration activity involving AST-0308,77.5,RESOLVED,AST-0201,AST-0308,Telecom,2026-09-24T03:01:00
INC-2026-0140,Persistence activity involving AST-0334,77.4,OPEN,AST-0231,AST-0334,Telecom,2026-09-16T14:46:00
INC-2026-0141,Impact activity involving AST-0385,76.6,RECOVERY,AST-0383,AST-0385,Manufacturing,2026-09-14T22:32:00
INC-2026-0142,Initial Access activity involving AST-0394,69.2,OPEN,AST-0272,AST-0394,Transport,2026-09-19T20:38:00
INC-2026-0143,Lateral Movement activity involving AST-0247,78.5,RESOLVED,AST-0335,AST-0247,Education,2026-09-26T20:52:00
INC-2026-0144,Impact activity involving AST-0212,68.8,CONTAINMENT,AST-0409,AST-0212,IT & ITES,2026-09-16T22:15:00
INC-2026-0145,Lateral Movement activity involving AST-0103,71.9,CONTAINMENT,AST-0071,AST-0103,Banking & Finance,2026-09-26T10:46:00
INC-2026-0146,Initial Access activity involving AST-0492,68.8,OPEN,AST-0255,AST-0492,Transport,2026-09-06T00:11:00
INC-2026-0147,Persistence activity involving AST-0192,80.8,INVESTIGATING,AST-0012,AST-0192,Government,2026-09-21T13:24:00
INC-2026-0148,Credential Access activity involving AST-0026,63.7,CONTAINMENT,AST-0476,AST-0026,Defence,2026-09-21T01:51:00
INC-2026-0149,Initial Access activity involving AST-0347,73.8,OPEN,AST-0004,AST-0347,Government,2026-09-26T08:06:00
INC-2026-0150,Credential Access activity involving AST-0432,82.1,RESOLVED,AST-0163,AST-0432,Healthcare,2026-09-19T02:28:00
INC-2026-0151,Persistence activity involving AST-0114,71.5,OPEN,AST-0276,AST-0114,Transport,2026-09-06T20:52:00
INC-2026-0152,Impact activity involving AST-0070,64.7,RESOLVED,AST-0424,AST-0070,IT & ITES,2026-09-09T06:47:00
INC-2026-0153,Exfiltration activity involving AST-0342,74.8,OPEN,AST-0381,AST-0342,Manufacturing,2026-09-26T23:21:00
INC-2026-0154,Initial Access activity involving AST-0083,73.6,RECOVERY,AST-0363,AST-0083,Manufacturing,2026-09-18T22:52:00
INC-2026-0155,Impact activity involving AST-0368,69.4,RESOLVED,AST-0469,AST-0368,Defence,2026-09-13T08:15:00
INC-2026-0156,Impact activity involving AST-0102,64.4,CONTAINMENT,AST-0311,AST-0102,Education,2026-09-09T14:54:00
INC-2026-0157,Initial Access activity involving AST-0390,83.1,RESOLVED,AST-0471,AST-0390,Defence,2026-09-01T22:27:00
INC-2026-0158,Lateral Movement activity involving AST-0443,64.2,RECOVERY,AST-0221,AST-0443,Telecom,2026-09-08T18:31:00
INC-2026-0159,Impact activity involving AST-0356,65.7,RECOVERY,AST-0048,AST-0356,Government,2026-09-26T06:05:00
INC-2026-0160,Impact activity involving AST-0057,90.5,ERADICATION,AST-0143,AST-0057,Power & Energy,2026-09-15T05:09:00
INC-2026-0161,Initial Access activity involving AST-0023,56.7,OPEN,AST-0371,AST-0023,Manufacturing,2026-09-19T00:45:00
INC-2026-0162,Lateral Movement activity involving AST-0196,73.2,RECOVERY,AST-0298,AST-0196,Transport,2026-09-13T12:49:00
INC-2026-0163,Credential Access activity involving AST-0446,65.7,INVESTIGATING,AST-0019,AST-0446,Government,2026-09-07T04:55:00
INC-2026-0164,Impact activity involving AST-0016,62.5,INVESTIGATING,AST-0441,AST-0016,IT & ITES,2026-09-24T16:38:00
INC-2026-0165,Initial Access activity involving AST-0246,64.5,RECOVERY,AST-0004,AST-0246,Government,2026-09-13T23:23:00
INC-2026-0166,Lateral Movement activity involving AST-0433,72.1,ERADICATION,AST-0252,AST-0433,Transport,2026-09-15T02:24:00
INC-2026-0167,Exfiltration activity involving AST-0117,68.3,RECOVERY,AST-0317,AST-0117,Education,2026-09-09T00:08:00
INC-2026-0168,Impact activity involving AST-0296,69.2,CONTAINMENT,AST-0055,AST-0296,Banking & Finance,2026-09-13T17:49:00
INC-2026-0169,Lateral Movement activity involving AST-0180,66.0,RESOLVED,AST-0171,AST-0180,Healthcare,2026-09-12T19:50:00
INC-2026-0170,Initial Access activity involving AST-0384,83.4,ERADICATION,AST-0180,AST-0384,Healthcare,2026-09-17T19:07:00
INC-2026-0171,Exfiltration activity involving AST-0077,71.5,RESOLVED,AST-0320,AST-0077,Education,2026-09-09T16:40:00
INC-2026-0172,Credential Access activity involving AST-0077,55.4,RECOVERY,AST-0388,AST-0077,Manufacturing,2026-09-18T19:03:00
INC-2026-0173,Credential Access activity involving AST-0314,81.8,OPEN,AST-0248,AST-0314,Telecom,2026-09-18T02:00:00
INC-2026-0174,Exfiltration activity involving AST-0454,87.1,CONTAINMENT,AST-0108,AST-0454,Power & Energy,2026-09-19T17:13:00
INC-2026-0175,Credential Access activity involving AST-0330,79.9,OPEN,AST-0355,AST-0330,Manufacturing,2026-09-14T13:54:00
INC-2026-0176,Credential Access activity involving AST-0342,79.2,INVESTIGATING,AST-0098,AST-0342,Banking & Finance,2026-09-20T17:03:00
INC-2026-0177,Lateral Movement activity involving AST-0294,82.2,CONTAINMENT,AST-0140,AST-0294,Power & Energy,2026-09-25T08:58:00
INC-2026-0178,Exfiltration activity involving AST-0311,62.5,INVESTIGATING,AST-0314,AST-0311,Education,2026-09-22T19:45:00
INC-2026-0179,Lateral Movement activity involving AST-0469,72.5,OPEN,AST-0288,AST-0469,Transport,2026-09-25T22:21:00
INC-2026-0180,Exfiltration activity involving AST-0261,66.7,RESOLVED,AST-0193,AST-0261,Healthcare,2026-09-08T04:36:00
INC-2026-0181,Exfiltration activity involving AST-0445,68.9,RECOVERY,AST-0082,AST-0445,Banking & Finance,2026-09-08T06:35:00
INC-2026-0182,Lateral Movement activity involving AST-0225,68.3,RESOLVED,AST-0286,AST-0225,Transport,2026-09-21T22:38:00
INC-2026-0183,Exfiltration activity involving AST-0174,70.7,INVESTIGATING,AST-0291,AST-0174,Transport,2026-09-09T14:11:00
INC-2026-0184,Credential Access activity involving AST-0223,59.7,CONTAINMENT,AST-0138,AST-0223,Power & Energy,2026-09-05T21:42:00
INC-2026-0185,Initial Access activity involving AST-0346,69.2,RECOVERY,AST-0326,AST-0346,Education,2026-09-18T22:26:00
INC-2026-0186,Persistence activity involving AST-0106,89.4,RESOLVED,AST-0468,AST-0106,Defence,2026-09-24T09:03:00
INC-2026-0187,Exfiltration activity involving AST-0112,68.1,OPEN,AST-0470,AST-0112,Defence,2026-09-02T12:59:00
INC-2026-0188,Lateral Movement activity involving AST-0221,75.1,RECOVERY,AST-0010,AST-0221,Government,2026-09-14T14:28:00
INC-2026-0189,Lateral Movement activity involving AST-0121,73.7,RESOLVED,AST-0084,AST-0121,Banking & Finance,2026-09-03T02:13:00
INC-2026-0190,Initial Access activity involving AST-0171,62.6,ERADICATION,AST-0035,AST-0171,Government,2026-09-17T06:00:00
INC-2026-0191,Exfiltration activity involving AST-0479,57.0,RECOVERY,AST-0080,AST-0479,Banking & Finance,2026-09-14T07:26:00
INC-2026-0192,Initial Access activity involving AST-0277,75.9,RECOVERY,AST-0318,AST-0277,Education,2026-09-19T08:40:00
INC-2026-0193,Credential Access activity involving AST-0386,99.0,OPEN,AST-0200,AST-0386,Healthcare,2026-09-01T23:32:00
INC-2026-0194,Lateral Movement activity involving AST-0142,78.6,INVESTIGATING,AST-0151,AST-0142,Healthcare,2026-09-07T05:19:00
INC-2026-0195,Credential Access activity involving AST-0015,89.7,RESOLVED,AST-0174,AST-0015,Healthcare,2026-09-12T05:36:00
INC-2026-0196,Credential Access activity involving AST-0010,78.7,CONTAINMENT,AST-0387,AST-0010,Manufacturing,2026-09-14T15:37:00
INC-2026-0197,Initial Access activity involving AST-0277,64.7,OPEN,AST-0088,AST-0277,Banking & Finance,2026-09-16T06:13:00
INC-2026-0198,Lateral Movement activity involving AST-0033,76.6,RESOLVED,AST-0292,AST-0033,Transport,2026-09-24T11:39:00
INC-2026-0199,Credential Access activity involving AST-0154,65.7,OPEN,AST-0071,AST-0154,Banking & Finance,2026-09-20T20:26:00
INC-2026-0200,Impact activity involving AST-0318,67.5,RECOVERY,AST-0088,AST-0318,Banking & Finance,2026-09-06T13:26:00
INC-2026-0201,Lateral Movement activity involving AST-0347,78.2,RESOLVED,AST-0498,AST-0347,Defence,2026-09-14T07:06:00
INC-2026-0202,Lateral Movement activity involving AST-0300,72.6,OPEN,AST-0477,AST-0300,Defence,2026-09-06T05:04:00
INC-2026-0203,Exfiltration activity involving AST-0354,68.8,OPEN,AST-0197,AST-0354,Healthcare,2026-09-12T18:53:00
INC-2026-0204,Persistence activity involving AST-0223,86.2,RESOLVED,AST-0123,AST-0223,Power & Energy,2026-09-04T12:44:00
INC-2026-0205,Initial Access activity involving AST-0364,64.6,RESOLVED,AST-0292,AST-0364,Transport,2026-09-05T13:41:00
INC-2026-0206,Exfiltration activity involving AST-0183,71.3,RECOVERY,AST-0008,AST-0183,Government,2026-09-18T12:19:00
INC-2026-0207,Lateral Movement activity involving AST-0287,93.3,OPEN,AST-0412,AST-0287,IT & ITES,2026-09-05T17:57:00
INC-2026-0208,Impact activity involving AST-0252,77.7,CONTAINMENT,AST-0424,AST-0252,IT & ITES,2026-09-01T06:19:00
INC-2026-0209,Initial Access activity involving AST-0142,63.9,CONTAINMENT,AST-0231,AST-0142,Telecom,2026-09-09T03:58:00
INC-2026-0210,Credential Access activity involving AST-0122,98.7,RECOVERY,AST-0161,AST-0122,Healthcare,2026-09-02T07:44:00
INC-2026-0211,Lateral Movement activity involving AST-0086,79.8,CONTAINMENT,AST-0310,AST-0086,Education,2026-09-04T03:40:00
INC-2026-0212,Initial Access activity involving AST-0252,88.2,CONTAINMENT,AST-0144,AST-0252,Power & Energy,2026-09-04T11:41:00
INC-2026-0213,Impact activity involving AST-0113,80.3,RECOVERY,AST-0194,AST-0113,Healthcare,2026-09-12T01:38:00
INC-2026-0214,Lateral Movement activity involving AST-0345,76.0,RESOLVED,AST-0316,AST-0345,Education,2026-09-25T11:20:00
INC-2026-0215,Persistence activity involving AST-0207,70.9,ERADICATION,AST-0415,AST-0207,IT & ITES,2026-09-06T03:33:00
INC-2026-0216,Exfiltration activity involving AST-0164,75.0,RESOLVED,AST-0205,AST-0164,Telecom,2026-09-03T03:10:00
INC-2026-0217,Exfiltration activity involving AST-0158,66.5,RECOVERY,AST-0084,AST-0158,Banking & Finance,2026-09-10T04:43:00
INC-2026-0218,Initial Access activity involving AST-0364,63.7,OPEN,AST-0408,AST-0364,IT & ITES,2026-09-18T21:32:00
INC-2026-0219,Persistence activity involving AST-0282,74.6,OPEN,AST-0188,AST-0282,Healthcare,2026-09-15T02:20:00
INC-2026-0220,Lateral Movement activity involving AST-0314,73.6,RECOVERY,AST-0255,AST-0314,Transport,2026-09-12T18:22:00
INC-2026-0221,Exfiltration activity involving AST-0394,80.9,RESOLVED,AST-0242,AST-0394,Telecom,2026-09-10T13:56:00
INC-2026-0222,Initial Access activity involving AST-0187,64.9,INVESTIGATING,AST-0102,AST-0187,Power & Energy,2026-09-13T16:51:00
INC-2026-0223,Lateral Movement activity involving AST-0086,67.9,CONTAINMENT,AST-0218,AST-0086,Telecom,2026-09-13T07:13:00
INC-2026-0224,Impact activity involving AST-0184,60.9,RECOVERY,AST-0335,AST-0184,Education,2026-09-27T12:17:00
INC-2026-0225,Credential Access activity involving AST-0081,71.1,ERADICATION,AST-0325,AST-0081,Education,2026-09-23T19:59:00
INC-2026-0226,Lateral Movement activity involving AST-0251,80.7,ERADICATION,AST-0475,AST-0251,Defence,2026-09-12T19:23:00
INC-2026-0227,Persistence activity involving AST-0098,71.0,INVESTIGATING,AST-0380,AST-0098,Manufacturing,2026-09-10T07:21:00
INC-2026-0228,Lateral Movement activity involving AST-0008,76.8,RESOLVED,AST-0013,AST-0008,Government,2026-09-23T03:41:00
INC-2026-0229,Credential Access activity involving AST-0249,62.1,INVESTIGATING,AST-0104,AST-0249,Power & Energy,2026-09-19T16:54:00
INC-2026-0230,Lateral Movement activity involving AST-0354,75.4,RESOLVED,AST-0128,AST-0354,Power & Energy,2026-09-17T07:09:00
INC-2026-0231,Impact activity involving AST-0148,69.7,RECOVERY,AST-0466,AST-0148,Defence,2026-09-06T04:02:00
INC-2026-0232,Lateral Movement activity involving AST-0048,73.6,ERADICATION,AST-0444,AST-0048,IT & ITES,2026-09-20T14:47:00
INC-2026-0233,Lateral Movement activity involving AST-0381,91.0,OPEN,AST-0245,AST-0381,Telecom,2026-09-10T14:22:00
INC-2026-0234,Impact activity involving AST-0364,71.5,RESOLVED,AST-0132,AST-0364,Power & Energy,2026-09-19T09:22:00
INC-2026-0235,Persistence activity involving AST-0114,72.3,RESOLVED,AST-0112,AST-0114,Power & Energy,2026-09-06T14:22:00
INC-2026-0236,Lateral Movement activity involving AST-0404,80.1,OPEN,AST-0303,AST-0404,Education,2026-09-13T14:09:00
INC-2026-0237,Initial Access activity involving AST-0132,60.1,OPEN,AST-0096,AST-0132,Banking & Finance,2026-09-23T19:31:00
INC-2026-0238,Impact activity involving AST-0400,73.5,RESOLVED,AST-0130,AST-0400,Power & Energy,2026-09-24T05:52:00
INC-2026-0239,Lateral Movement activity involving AST-0105,74.2,RESOLVED,AST-0369,AST-0105,Manufacturing,2026-09-23T08:49:00
INC-2026-0240,Credential Access activity involving AST-0090,77.3,RECOVERY,AST-0430,AST-0090,IT & ITES,2026-09-10T20:16:00
INC-2026-0241,Lateral Movement activity involving AST-0461,68.0,OPEN,AST-0449,AST-0461,IT & ITES,2026-09-24T08:18:00
INC-2026-0242,Exfiltration activity involving AST-0028,73.0,CONTAINMENT,AST-0147,AST-0028,Power & Energy,2026-09-15T17:33:00
INC-2026-0243,Impact activity involving AST-0500,69.3,OPEN,AST-0257,AST-0500,Transport,2026-09-01T22:53:00
INC-2026-0244,Impact activity involving AST-0235,78.4,OPEN,AST-0065,AST-0235,Banking & Finance,2026-09-02T08:40:00
INC-2026-0245,Lateral Movement activity involving AST-0195,69.8,CONTAINMENT,AST-0428,AST-0195,IT & ITES,2026-09-06T11:30:00
INC-2026-0246,Initial Access activity involving AST-0470,73.2,INVESTIGATING,AST-0320,AST-0470,Education,2026-09-03T10:10:00
INC-2026-0247,Persistence activity involving AST-0124,70.5,OPEN,AST-0232,AST-0124,Telecom,2026-09-14T06:45:00
INC-2026-0248,Lateral Movement activity involving AST-0275,82.5,CONTAINMENT,AST-0397,AST-0275,Manufacturing,2026-09-06T20:57:00
INC-2026-0249,Exfiltration activity involving AST-0440,75.4,RECOVERY,AST-0020,AST-0440,Government,2026-09-27T21:19:00
INC-2026-0250,Exfiltration activity involving AST-0298,63.9,INVESTIGATING,AST-0003,AST-0298,Government,2026-09-17T08:44:00
INC-2026-0251,Initial Access activity involving AST-0251,90.7,RESOLVED,AST-0488,AST-0251,Defence,2026-09-01T13:47:00
INC-2026-0252,Impact activity involving AST-0378,74.0,CONTAINMENT,AST-0098,AST-0378,Banking & Finance,2026-09-11T12:47:00
INC-2026-0253,Exfiltration activity involving AST-0279,70.6,RECOVERY,AST-0389,AST-0279,Manufacturing,2026-09-27T05:26:00
INC-2026-0254,Lateral Movement activity involving AST-0133,66.2,CONTAINMENT,AST-0033,AST-0133,Government,2026-09-11T23:18:00
INC-2026-0255,Persistence activity involving AST-0458,76.4,CONTAINMENT,AST-0269,AST-0458,Transport,2026-09-04T02:37:00
INC-2026-0256,Initial Access activity involving AST-0128,62.9,RECOVERY,AST-0234,AST-0128,Telecom,2026-09-26T15:24:00
INC-2026-0257,Lateral Movement activity involving AST-0429,81.4,RECOVERY,AST-0425,AST-0429,IT & ITES,2026-09-02T02:54:00
INC-2026-0258,Initial Access activity involving AST-0007,71.3,CONTAINMENT,AST-0058,AST-0007,Banking & Finance,2026-09-27T22:48:00
INC-2026-0259,Lateral Movement activity involving AST-0153,70.8,ERADICATION,AST-0204,AST-0153,Telecom,2026-09-22T13:58:00
INC-2026-0260,Exfiltration activity involving AST-0069,69.6,INVESTIGATING,AST-0078,AST-0069,Banking & Finance,2026-09-11T14:54:00
INC-2026-0261,Exfiltration activity involving AST-0206,54.2,RESOLVED,AST-0085,AST-0206,Banking & Finance,2026-09-25T07:15:00
INC-2026-0262,Exfiltration activity involving AST-0016,75.7,ERADICATION,AST-0408,AST-0016,IT & ITES,2026-09-09T23:01:00
INC-2026-0263,Credential Access activity involving AST-0112,77.9,OPEN,AST-0056,AST-0112,Banking & Finance,2026-09-07T09:56:00
INC-2026-0264,Lateral Movement activity involving AST-0213,94.4,RESOLVED,AST-0413,AST-0213,IT & ITES,2026-09-20T10:19:00
INC-2026-0265,Lateral Movement activity involving AST-0198,84.1,ERADICATION,AST-0156,AST-0198,Healthcare,2026-09-02T04:02:00
INC-2026-0266,Impact activity involving AST-0057,85.2,OPEN,AST-0021,AST-0057,Government,2026-09-16T00:09:00
INC-2026-0267,Persistence activity involving AST-0105,80.1,RESOLVED,AST-0377,AST-0105,Manufacturing,2026-09-01T20:18:00
INC-2026-0268,Impact activity involving AST-0186,58.2,RECOVERY,AST-0234,AST-0186,Telecom,2026-09-19T22:07:00
INC-2026-0269,Lateral Movement activity involving AST-0344,76.4,INVESTIGATING,AST-0130,AST-0344,Power & Energy,2026-09-23T21:21:00
INC-2026-0270,Lateral Movement activity involving AST-0164,75.4,OPEN,AST-0121,AST-0164,Power & Energy,2026-09-23T15:39:00
INC-2026-0271,Credential Access activity involving AST-0041,76.4,ERADICATION,AST-0394,AST-0041,Manufacturing,2026-09-25T09:51:00
INC-2026-0272,Persistence activity involving AST-0232,67.9,RECOVERY,AST-0458,AST-0232,Defence,2026-09-20T18:08:00
INC-2026-0273,Credential Access activity involving AST-0342,96.5,RECOVERY,AST-0174,AST-0342,Healthcare,2026-09-14T01:52:00
INC-2026-0274,Credential Access activity involving AST-0333,69.3,RESOLVED,AST-0320,AST-0333,Education,2026-09-16T11:59:00
INC-2026-0275,Impact activity involving AST-0060,62.4,OPEN,AST-0444,AST-0060,IT & ITES,2026-09-11T11:40:00
INC-2026-0276,Lateral Movement activity involving AST-0252,78.5,OPEN,AST-0221,AST-0252,Telecom,2026-09-26T02:07:00
INC-2026-0277,Credential Access activity involving AST-0139,69.1,RESOLVED,AST-0437,AST-0139,IT & ITES,2026-09-20T05:18:00
INC-2026-0278,Persistence activity involving AST-0025,73.3,OPEN,AST-0155,AST-0025,Healthcare,2026-09-22T18:57:00
INC-2026-0279,Lateral Movement activity involving AST-0477,80.4,INVESTIGATING,AST-0419,AST-0477,IT & ITES,2026-09-03T08:37:00
INC-2026-0280,Lateral Movement activity involving AST-0377,78.7,INVESTIGATING,AST-0091,AST-0377,Banking & Finance,2026-09-08T13:56:00
INC-2026-0281,Persistence activity involving AST-0340,69.9,RESOLVED,AST-0297,AST-0340,Transport,2026-09-23T04:09:00
INC-2026-0282,Initial Access activity involving AST-0094,89.9,OPEN,AST-0244,AST-0094,Telecom,2026-09-17T05:52:00
INC-2026-0283,Exfiltration activity involving AST-0153,73.4,INVESTIGATING,AST-0322,AST-0153,Education,2026-09-11T20:04:00
INC-2026-0284,Lateral Movement activity involving AST-0312,93.4,CONTAINMENT,AST-0093,AST-0312,Banking & Finance,2026-09-19T07:54:00
INC-2026-0285,Impact activity involving AST-0351,72.7,RESOLVED,AST-0442,AST-0351,IT & ITES,2026-09-18T06:27:00
INC-2026-0286,Impact activity involving AST-0181,79.0,RESOLVED,AST-0061,AST-0181,Banking & Finance,2026-09-24T14:00:00
INC-2026-0287,Exfiltration activity involving AST-0360,68.6,ERADICATION,AST-0256,AST-0360,Transport,2026-09-22T14:10:00
INC-2026-0288,Initial Access activity involving AST-0451,87.1,CONTAINMENT,AST-0093,AST-0451,Banking & Finance,2026-09-11T15:54:00
INC-2026-0289,Credential Access activity involving AST-0491,64.5,RESOLVED,AST-0052,AST-0491,Banking & Finance,2026-09-06T13:45:00
INC-2026-0290,Initial Access activity involving AST-0328,63.7,CONTAINMENT,AST-0045,AST-0328,Government,2026-09-19T05:50:00
INC-2026-0291,Lateral Movement activity involving AST-0481,78.1,OPEN,AST-0404,AST-0481,IT & ITES,2026-09-23T07:01:00
INC-2026-0292,Impact activity involving AST-0078,64.3,RESOLVED,AST-0237,AST-0078,Telecom,2026-09-04T18:15:00
INC-2026-0293,Initial Access activity involving AST-0261,69.6,CONTAINMENT,AST-0479,AST-0261,Defence,2026-09-07T06:10:00
INC-2026-0294,Exfiltration activity involving AST-0139,73.2,INVESTIGATING,AST-0270,AST-0139,Transport,2026-09-17T04:09:00
INC-2026-0295,Lateral Movement activity involving AST-0386,76.6,RECOVERY,AST-0146,AST-0386,Power & Energy,2026-09-18T17:22:00
INC-2026-0296,Credential Access activity involving AST-0422,72.1,ERADICATION,AST-0397,AST-0422,Manufacturing,2026-09-09T08:18:00
INC-2026-0297,Persistence activity involving AST-0105,68.2,RECOVERY,AST-0467,AST-0105,Defence,2026-09-17T01:46:00
INC-2026-0298,Impact activity involving AST-0341,62.8,ERADICATION,AST-0496,AST-0341,Defence,2026-09-24T13:42:00
INC-2026-0299,Initial Access activity involving AST-0245,74.1,RECOVERY,AST-0469,AST-0245,Defence,2026-09-05T07:22:00
INC-2026-0300,Initial Access activity involving AST-0493,85.4,CONTAINMENT,AST-0143,AST-0493,Power & Energy,2026-09-19T10:14:00
INC-2026-0301,Credential Access activity involving AST-0131,61.7,OPEN,AST-0442,AST-0131,IT & ITES,2026-09-04T22:23:00
INC-2026-0302,Impact activity involving AST-0273,62.5,ERADICATION,AST-0006,AST-0273,Government,2026-09-03T13:36:00
INC-2026-0303,Exfiltration activity involving AST-0335,61.1,OPEN,AST-0100,AST-0335,Banking & Finance,2026-09-01T08:37:00
INC-2026-0304,Initial Access activity involving AST-0206,64.9,INVESTIGATING,AST-0213,AST-0206,Telecom,2026-09-16T16:25:00
INC-2026-0305,Initial Access activity involving AST-0244,95.6,CONTAINMENT,AST-0481,AST-0244,Defence,2026-09-13T19:42:00
INC-2026-0306,Lateral Movement activity involving AST-0031,76.6,INVESTIGATING,AST-0500,AST-0031,Defence,2026-09-13T05:50:00
INC-2026-0307,Credential Access activity involving AST-0287,75.7,INVESTIGATING,AST-0398,AST-0287,Manufacturing,2026-09-02T22:46:00
INC-2026-0308,Impact activity involving AST-0072,81.6,RESOLVED,AST-0021,AST-0072,Government,2026-09-02T08:33:00
INC-2026-0309,Persistence activity involving AST-0475,65.7,RECOVERY,AST-0156,AST-0475,Healthcare,2026-09-25T09:05:00
INC-2026-0310,Impact activity involving AST-0430,71.6,OPEN,AST-0154,AST-0430,Healthcare,2026-09-11T11:22:00
INC-2026-0311,Credential Access activity involving AST-0409,74.1,CONTAINMENT,AST-0396,AST-0409,Manufacturing,2026-09-15T22:33:00
INC-2026-0312,Lateral Movement activity involving AST-0369,72.0,OPEN,AST-0194,AST-0369,Healthcare,2026-09-20T20:54:00
INC-2026-0313,Lateral Movement activity involving AST-0302,63.6,RECOVERY,AST-0464,AST-0302,Defence,2026-09-03T23:46:00
INC-2026-0314,Lateral Movement activity involving AST-0230,90.7,CONTAINMENT,AST-0249,AST-0230,Telecom,2026-09-01T14:16:00
INC-2026-0315,Lateral Movement activity involving AST-0463,72.5,INVESTIGATING,AST-0196,AST-0463,Healthcare,2026-09-22T05:16:00
INC-2026-0316,Impact activity involving AST-0314,60.1,RECOVERY,AST-0405,AST-0314,IT & ITES,2026-09-26T19:47:00
INC-2026-0317,Credential Access activity involving AST-0169,68.5,RECOVERY,AST-0387,AST-0169,Manufacturing,2026-09-04T07:56:00
INC-2026-0318,Credential Access activity involving AST-0365,90.9,RECOVERY,AST-0277,AST-0365,Transport,2026-09-22T10:37:00
INC-2026-0319,Lateral Movement activity involving AST-0203,71.3,OPEN,AST-0286,AST-0203,Transport,2026-09-26T11:28:00
INC-2026-0320,Lateral Movement activity involving AST-0299,71.2,ERADICATION,AST-0441,AST-0299,IT & ITES,2026-09-12T19:42:00
INC-2026-0321,Lateral Movement activity involving AST-0069,85.1,ERADICATION,AST-0170,AST-0069,Healthcare,2026-09-12T21:02:00
INC-2026-0322,Credential Access activity involving AST-0354,67.2,RECOVERY,AST-0273,AST-0354,Transport,2026-09-08T22:37:00
INC-2026-0323,Exfiltration activity involving AST-0131,83.9,OPEN,AST-0059,AST-0131,Banking & Finance,2026-09-02T09:07:00
INC-2026-0324,Lateral Movement activity involving AST-0057,84.4,RECOVERY,AST-0454,AST-0057,Defence,2026-09-21T18:26:00
INC-2026-0325,Credential Access activity involving AST-0417,90.7,ERADICATION,AST-0018,AST-0417,Government,2026-09-16T08:06:00
INC-2026-0326,Exfiltration activity involving AST-0445,81.3,OPEN,AST-0314,AST-0445,Education,2026-09-09T11:09:00
INC-2026-0327,Lateral Movement activity involving AST-0065,93.4,INVESTIGATING,AST-0462,AST-0065,Defence,2026-09-21T09:45:00
INC-2026-0328,Lateral Movement activity involving AST-0099,99.0,OPEN,AST-0057,AST-0099,Banking & Finance,2026-09-20T11:05:00
INC-2026-0329,Initial Access activity involving AST-0115,70.1,RECOVERY,AST-0486,AST-0115,Defence,2026-09-14T22:06:00
INC-2026-0330,Initial Access activity involving AST-0268,68.8,ERADICATION,AST-0027,AST-0268,Government,2026-09-15T20:18:00
INC-2026-0331,Persistence activity involving AST-0336,65.1,ERADICATION,AST-0053,AST-0336,Banking & Finance,2026-09-27T19:30:00
INC-2026-0332,Persistence activity involving AST-0275,94.3,INVESTIGATING,AST-0333,AST-0275,Education,2026-09-18T15:34:00
INC-2026-0333,Persistence activity involving AST-0417,73.9,OPEN,AST-0062,AST-0417,Banking & Finance,2026-09-10T23:25:00
INC-2026-0334,Exfiltration activity involving AST-0340,66.7,INVESTIGATING,AST-0040,AST-0340,Government,2026-09-23T11:10:00
INC-2026-0335,Lateral Movement activity involving AST-0125,73.0,RECOVERY,AST-0457,AST-0125,Defence,2026-09-05T12:11:00
INC-2026-0336,Impact activity involving AST-0273,86.1,INVESTIGATING,AST-0494,AST-0273,Defence,2026-09-13T05:41:00
INC-2026-0337,Impact activity involving AST-0058,68.3,RESOLVED,AST-0435,AST-0058,IT & ITES,2026-09-05T18:57:00
INC-2026-0338,Impact activity involving AST-0381,73.1,RESOLVED,AST-0190,AST-0381,Healthcare,2026-09-12T12:53:00
INC-2026-0339,Credential Access activity involving AST-0120,68.5,ERADICATION,AST-0119,AST-0120,Power & Energy,2026-09-02T20:35:00
INC-2026-0340,Lateral Movement activity involving AST-0262,77.0,INVESTIGATING,AST-0300,AST-0262,Transport,2026-09-17T18:17:00
INC-2026-0341,Impact activity involving AST-0359,80.5,RESOLVED,AST-0345,AST-0359,Education,2026-09-18T13:21:00
INC-2026-0342,Impact activity involving AST-0294,84.4,OPEN,AST-0282,AST-0294,Transport,2026-09-06T15:59:00
INC-2026-0343,Initial Access activity involving AST-0483,64.4,CONTAINMENT,AST-0238,AST-0483,Telecom,2026-09-10T03:48:00
INC-2026-0344,Credential Access activity involving AST-0317,72.6,RECOVERY,AST-0440,AST-0317,IT & ITES,2026-09-10T15:10:00
INC-2026-0345,Lateral Movement activity involving AST-0108,73.5,OPEN,AST-0418,AST-0108,IT & ITES,2026-09-09T18:51:00
INC-2026-0346,Exfiltration activity involving AST-0098,64.3,RESOLVED,AST-0100,AST-0098,Banking & Finance,2026-09-13T12:55:00
INC-2026-0347,Exfiltration activity involving AST-0265,72.2,RECOVERY,AST-0096,AST-0265,Banking & Finance,2026-09-09T21:19:00
INC-2026-0348,Exfiltration activity involving AST-0068,66.1,ERADICATION,AST-0088,AST-0068,Banking & Finance,2026-09-07T01:20:00
INC-2026-0349,Exfiltration activity involving AST-0321,59.5,OPEN,AST-0063,AST-0321,Banking & Finance,2026-09-26T16:43:00
INC-2026-0350,Exfiltration activity involving AST-0026,63.7,INVESTIGATING,AST-0066,AST-0026,Banking & Finance,2026-09-13T10:01:00
INC-2026-0351,Lateral Movement activity involving AST-0273,67.6,RECOVERY,AST-0017,AST-0273,Government,2026-09-22T01:46:00
INC-2026-0352,Persistence activity involving AST-0081,64.1,RESOLVED,AST-0065,AST-0081,Banking & Finance,2026-09-01T08:04:00
INC-2026-0353,Lateral Movement activity involving AST-0155,78.1,RECOVERY,AST-0500,AST-0155,Defence,2026-09-07T17:09:00
INC-2026-0354,Exfiltration activity involving AST-0270,69.9,INVESTIGATING,AST-0397,AST-0270,Manufacturing,2026-09-22T02:48:00
INC-2026-0355,Persistence activity involving AST-0491,76.2,ERADICATION,AST-0367,AST-0491,Manufacturing,2026-09-19T03:18:00
INC-2026-0356,Impact activity involving AST-0059,72.0,CONTAINMENT,AST-0499,AST-0059,Defence,2026-09-06T05:37:00
INC-2026-0357,Lateral Movement activity involving AST-0016,70.4,INVESTIGATING,AST-0391,AST-0016,Manufacturing,2026-09-16T09:25:00
INC-2026-0358,Exfiltration activity involving AST-0403,75.2,ERADICATION,AST-0286,AST-0403,Transport,2026-09-17T02:15:00
INC-2026-0359,Exfiltration activity involving AST-0341,82.2,RECOVERY,AST-0200,AST-0341,Healthcare,2026-09-15T22:55:00
INC-2026-0360,Lateral Movement activity involving AST-0114,77.7,RESOLVED,AST-0344,AST-0114,Education,2026-09-07T08:36:00
INC-2026-0361,Persistence activity involving AST-0299,71.0,CONTAINMENT,AST-0040,AST-0299,Government,2026-09-18T05:52:00
INC-2026-0362,Impact activity involving AST-0205,78.8,RESOLVED,AST-0041,AST-0205,Government,2026-09-23T19:10:00
INC-2026-0363,Initial Access activity involving AST-0355,60.6,OPEN,AST-0173,AST-0355,Healthcare,2026-09-15T22:22:00
INC-2026-0364,Impact activity involving AST-0499,82.8,RESOLVED,AST-0205,AST-0499,Telecom,2026-09-23T05:50:00
INC-2026-0365,Initial Access activity involving AST-0391,73.3,RECOVERY,AST-0390,AST-0391,Manufacturing,2026-09-13T20:45:00
INC-2026-0366,Impact activity involving AST-0099,64.9,OPEN,AST-0406,AST-0099,IT & ITES,2026-09-26T08:50:00
INC-2026-0367,Initial Access activity involving AST-0025,75.5,OPEN,AST-0487,AST-0025,Defence,2026-09-18T13:08:00
INC-2026-0368,Impact activity involving AST-0179,66.9,RECOVERY,AST-0319,AST-0179,Education,2026-09-05T23:40:00
INC-2026-0369,Lateral Movement activity involving AST-0394,64.6,OPEN,AST-0381,AST-0394,Manufacturing,2026-09-25T08:28:00
INC-2026-0370,Lateral Movement activity involving AST-0010,67.4,INVESTIGATING,AST-0232,AST-0010,Telecom,2026-09-17T04:17:00
INC-2026-0371,Lateral Movement activity involving AST-0018,69.0,OPEN,AST-0283,AST-0018,Transport,2026-09-18T07:14:00
INC-2026-0372,Credential Access activity involving AST-0055,72.0,INVESTIGATING,AST-0418,AST-0055,IT & ITES,2026-09-25T02:25:00
INC-2026-0373,Persistence activity involving AST-0428,77.6,CONTAINMENT,AST-0030,AST-0428,Government,2026-09-16T05:34:00
INC-2026-0374,Impact activity involving AST-0230,68.0,RESOLVED,AST-0020,AST-0230,Government,2026-09-04T06:47:00
INC-2026-0375,Initial Access activity involving AST-0368,63.1,OPEN,AST-0288,AST-0368,Transport,2026-09-09T16:09:00
INC-2026-0376,Impact activity involving AST-0303,68.9,OPEN,AST-0253,AST-0303,Transport,2026-09-18T05:47:00
INC-2026-0377,Impact activity involving AST-0370,70.8,RESOLVED,AST-0315,AST-0370,Education,2026-09-22T05:53:00
INC-2026-0378,Exfiltration activity involving AST-0417,70.3,ERADICATION,AST-0405,AST-0417,IT & ITES,2026-09-17T02:36:00
INC-2026-0379,Persistence activity involving AST-0465,67.6,INVESTIGATING,AST-0120,AST-0465,Power & Energy,2026-09-24T08:07:00
INC-2026-0380,Exfiltration activity involving AST-0336,89.3,INVESTIGATING,AST-0282,AST-0336,Transport,2026-09-05T18:09:00
INC-2026-0381,Impact activity involving AST-0313,63.1,ERADICATION,AST-0344,AST-0313,Education,2026-09-20T09:39:00
INC-2026-0382,Lateral Movement activity involving AST-0348,74.5,INVESTIGATING,AST-0441,AST-0348,IT & ITES,2026-09-16T07:22:00
INC-2026-0383,Persistence activity involving AST-0453,70.4,CONTAINMENT,AST-0334,AST-0453,Education,2026-09-24T22:20:00
INC-2026-0384,Initial Access activity involving AST-0168,62.5,RECOVERY,AST-0069,AST-0168,Banking & Finance,2026-09-12T06:24:00
INC-2026-0385,Impact activity involving AST-0225,70.7,INVESTIGATING,AST-0055,AST-0225,Banking & Finance,2026-09-03T13:51:00
INC-2026-0386,Impact activity involving AST-0443,62.3,INVESTIGATING,AST-0373,AST-0443,Manufacturing,2026-09-23T00:03:00
INC-2026-0387,Exfiltration activity involving AST-0410,70.8,INVESTIGATING,AST-0001,AST-0410,Government,2026-09-12T05:29:00
INC-2026-0388,Initial Access activity involving AST-0317,75.9,RESOLVED,AST-0238,AST-0317,Telecom,2026-09-24T19:10:00
INC-2026-0389,Lateral Movement activity involving AST-0343,80.0,ERADICATION,AST-0443,AST-0343,IT & ITES,2026-09-01T02:24:00
INC-2026-0390,Impact activity involving AST-0390,62.1,RESOLVED,AST-0268,AST-0390,Transport,2026-09-24T10:09:00
INC-2026-0391,Initial Access activity involving AST-0225,72.7,CONTAINMENT,AST-0010,AST-0225,Government,2026-09-02T01:38:00
INC-2026-0392,Lateral Movement activity involving AST-0006,71.9,INVESTIGATING,AST-0177,AST-0006,Healthcare,2026-09-09T01:54:00
INC-2026-0393,Credential Access activity involving AST-0244,76.7,RESOLVED,AST-0463,AST-0244,Defence,2026-09-15T07:20:00
INC-2026-0394,Exfiltration activity involving AST-0287,74.6,ERADICATION,AST-0044,AST-0287,Government,2026-09-05T21:11:00
INC-2026-0395,Exfiltration activity involving AST-0320,67.8,RESOLVED,AST-0140,AST-0320,Power & Energy,2026-09-15T18:28:00
INC-2026-0396,Impact activity involving AST-0021,64.8,ERADICATION,AST-0404,AST-0021,IT & ITES,2026-09-21T12:33:00
INC-2026-0397,Impact activity involving AST-0024,68.4,INVESTIGATING,AST-0080,AST-0024,Banking & Finance,2026-09-11T08:35:00
INC-2026-0398,Lateral Movement activity involving AST-0391,89.9,CONTAINMENT,AST-0333,AST-0391,Education,2026-09-02T17:41:00
INC-2026-0399,Lateral Movement activity involving AST-0229,90.0,INVESTIGATING,AST-0399,AST-0229,Manufacturing,2026-09-15T18:27:00
INC-2026-0400,Impact activity involving AST-0048,66.0,CONTAINMENT,AST-0455,AST-0048,Defence,2026-09-19T02:46:00
INC-2026-0401,Initial Access activity involving AST-0044,75.0,OPEN,AST-0006,AST-0044,Government,2026-09-22T06:52:00
INC-2026-0402,Impact activity involving AST-0493,71.0,INVESTIGATING,AST-0307,AST-0493,Education,2026-09-04T21:41:00
INC-2026-0403,Lateral Movement activity involving AST-0304,80.1,RECOVERY,AST-0286,AST-0304,Transport,2026-09-12T06:44:00
INC-2026-0404,Impact activity involving AST-0067,57.8,RESOLVED,AST-0149,AST-0067,Power & Energy,2026-09-16T02:19:00
INC-2026-0405,Exfiltration activity involving AST-0304,89.7,OPEN,AST-0462,AST-0304,Defence,2026-09-21T07:52:00
INC-2026-0406,Exfiltration activity involving AST-0141,83.6,OPEN,AST-0242,AST-0141,Telecom,2026-09-11T08:47:00
INC-2026-0407,Lateral Movement activity involving AST-0180,93.8,INVESTIGATING,AST-0021,AST-0180,Government,2026-09-01T20:56:00
INC-2026-0408,Lateral Movement activity involving AST-0234,71.6,OPEN,AST-0117,AST-0234,Power & Energy,2026-09-17T09:47:00
INC-2026-0409,Exfiltration activity involving AST-0132,72.1,RESOLVED,AST-0156,AST-0132,Healthcare,2026-09-03T09:07:00
INC-2026-0410,Lateral Movement activity involving AST-0277,74.9,OPEN,AST-0198,AST-0277,Healthcare,2026-09-06T14:08:00
INC-2026-0411,Persistence activity involving AST-0242,59.6,ERADICATION,AST-0241,AST-0242,Telecom,2026-09-13T22:17:00
INC-2026-0412,Lateral Movement activity involving AST-0108,81.0,INVESTIGATING,AST-0122,AST-0108,Power & Energy,2026-09-07T18:48:00
INC-2026-0413,Exfiltration activity involving AST-0364,71.4,ERADICATION,AST-0053,AST-0364,Banking & Finance,2026-09-19T09:39:00
INC-2026-0414,Initial Access activity involving AST-0008,67.4,ERADICATION,AST-0208,AST-0008,Telecom,2026-09-27T13:48:00
INC-2026-0415,Credential Access activity involving AST-0122,72.3,OPEN,AST-0096,AST-0122,Banking & Finance,2026-09-04T13:01:00
INC-2026-0416,Initial Access activity involving AST-0175,63.3,OPEN,AST-0376,AST-0175,Manufacturing,2026-09-16T17:18:00
INC-2026-0417,Credential Access activity involving AST-0173,73.3,RESOLVED,AST-0159,AST-0173,Healthcare,2026-09-04T17:29:00
INC-2026-0418,Persistence activity involving AST-0428,72.7,OPEN,AST-0473,AST-0428,Defence,2026-09-09T23:43:00
INC-2026-0419,Lateral Movement activity involving AST-0258,99.0,CONTAINMENT,AST-0024,AST-0258,Government,2026-09-19T00:27:00
INC-2026-0420,Impact activity involving AST-0434,63.9,INVESTIGATING,AST-0365,AST-0434,Manufacturing,2026-09-21T22:08:00
INC-2026-0421,Lateral Movement activity involving AST-0120,61.6,OPEN,AST-0172,AST-0120,Healthcare,2026-09-22T12:41:00
INC-2026-0422,Persistence activity involving AST-0472,84.4,ERADICATION,AST-0453,AST-0472,Defence,2026-09-14T03:19:00
INC-2026-0423,Exfiltration activity involving AST-0037,95.1,RESOLVED,AST-0077,AST-0037,Banking & Finance,2026-09-14T16:18:00
INC-2026-0424,Exfiltration activity involving AST-0211,67.1,RECOVERY,AST-0233,AST-0211,Telecom,2026-09-12T03:37:00
INC-2026-0425,Exfiltration activity involving AST-0303,84.0,RECOVERY,AST-0448,AST-0303,IT & ITES,2026-09-25T23:26:00
INC-2026-0426,Initial Access activity involving AST-0047,95.8,CONTAINMENT,AST-0247,AST-0047,Telecom,2026-09-21T07:50:00
INC-2026-0427,Credential Access activity involving AST-0387,75.0,INVESTIGATING,AST-0362,AST-0387,Manufacturing,2026-09-26T15:05:00
INC-2026-0428,Impact activity involving AST-0284,87.5,ERADICATION,AST-0103,AST-0284,Power & Energy,2026-09-10T13:24:00
INC-2026-0429,Lateral Movement activity involving AST-0041,71.5,RESOLVED,AST-0255,AST-0041,Transport,2026-09-15T09:42:00
INC-2026-0430,Lateral Movement activity involving AST-0350,82.2,ERADICATION,AST-0395,AST-0350,Manufacturing,2026-09-11T03:41:00
INC-2026-0431,Credential Access activity involving AST-0232,75.8,ERADICATION,AST-0132,AST-0232,Power & Energy,2026-09-02T22:39:00
INC-2026-0432,Lateral Movement activity involving AST-0201,78.4,ERADICATION,AST-0230,AST-0201,Telecom,2026-09-02T01:45:00
INC-2026-0433,Impact activity involving AST-0364,62.7,OPEN,AST-0058,AST-0364,Banking & Finance,2026-09-08T14:51:00
INC-2026-0434,Persistence activity involving AST-0454,70.4,INVESTIGATING,AST-0287,AST-0454,Transport,2026-09-14T06:09:00
INC-2026-0435,Persistence activity involving AST-0052,80.7,OPEN,AST-0391,AST-0052,Manufacturing,2026-09-03T20:23:00
INC-2026-0436,Persistence activity involving AST-0319,71.2,RESOLVED,AST-0446,AST-0319,IT & ITES,2026-09-07T01:59:00
INC-2026-0437,Credential Access activity involving AST-0193,78.4,ERADICATION,AST-0091,AST-0193,Banking & Finance,2026-09-01T21:39:00
INC-2026-0438,Lateral Movement activity involving AST-0042,77.1,INVESTIGATING,AST-0194,AST-0042,Healthcare,2026-09-25T17:27:00
INC-2026-0439,Impact activity involving AST-0067,69.2,RECOVERY,AST-0209,AST-0067,Telecom,2026-09-13T23:47:00
INC-2026-0440,Impact activity involving AST-0011,65.3,INVESTIGATING,AST-0239,AST-0011,Telecom,2026-09-03T12:31:00
INC-2026-0441,Persistence activity involving AST-0414,67.2,ERADICATION,AST-0117,AST-0414,Power & Energy,2026-09-07T00:07:00
INC-2026-0442,Exfiltration activity involving AST-0148,70.9,OPEN,AST-0430,AST-0148,IT & ITES,2026-09-08T21:19:00
INC-2026-0443,Impact activity involving AST-0419,77.1,OPEN,AST-0336,AST-0419,Education,2026-09-11T17:31:00
INC-2026-0444,Credential Access activity involving AST-0274,98.3,INVESTIGATING,AST-0249,AST-0274,Telecom,2026-09-07T20:54:00
INC-2026-0445,Impact activity involving AST-0385,87.9,OPEN,AST-0448,AST-0385,IT & ITES,2026-09-23T17:36:00
INC-2026-0446,Initial Access activity involving AST-0230,60.6,RESOLVED,AST-0146,AST-0230,Power & Energy,2026-09-06T10:15:00
INC-2026-0447,Impact activity involving AST-0393,61.7,RESOLVED,AST-0458,AST-0393,Defence,2026-09-04T20:34:00
INC-2026-0448,Lateral Movement activity involving AST-0092,70.6,INVESTIGATING,AST-0463,AST-0092,Defence,2026-09-11T22:38:00
INC-2026-0449,Lateral Movement activity involving AST-0379,73.3,OPEN,AST-0268,AST-0379,Transport,2026-09-03T03:18:00
INC-2026-0450,Lateral Movement activity involving AST-0279,74.8,RECOVERY,AST-0184,AST-0279,Healthcare,2026-09-20T11:02:00
INC-2026-0451,Impact activity involving AST-0458,62.0,ERADICATION,AST-0206,AST-0458,Telecom,2026-09-05T03:43:00
INC-2026-0452,Lateral Movement activity involving AST-0422,69.9,ERADICATION,AST-0457,AST-0422,Defence,2026-09-08T19:42:00
INC-2026-0453,Lateral Movement activity involving AST-0153,68.3,RECOVERY,AST-0295,AST-0153,Transport,2026-09-18T13:35:00
INC-2026-0454,Credential Access activity involving AST-0045,78.3,ERADICATION,AST-0374,AST-0045,Manufacturing,2026-09-16T19:17:00
INC-2026-0455,Exfiltration activity involving AST-0447,66.7,INVESTIGATING,AST-0176,AST-0447,Healthcare,2026-09-12T17:14:00
INC-2026-0456,Persistence activity involving AST-0462,69.5,ERADICATION,AST-0323,AST-0462,Education,2026-09-05T05:08:00
INC-2026-0457,Lateral Movement activity involving AST-0107,71.8,CONTAINMENT,AST-0477,AST-0107,Defence,2026-09-07T09:53:00
INC-2026-0458,Credential Access activity involving AST-0266,69.4,INVESTIGATING,AST-0421,AST-0266,IT & ITES,2026-09-01T09:55:00
INC-2026-0459,Lateral Movement activity involving AST-0391,71.3,RESOLVED,AST-0402,AST-0391,IT & ITES,2026-09-10T00:49:00
INC-2026-0460,Credential Access activity involving AST-0104,75.1,INVESTIGATING,AST-0483,AST-0104,Defence,2026-09-08T23:53:00
INC-2026-0461,Lateral Movement activity involving AST-0465,71.0,CONTAINMENT,AST-0219,AST-0465,Telecom,2026-09-22T12:19:00
INC-2026-0462,Persistence activity involving AST-0318,75.2,INVESTIGATING,AST-0090,AST-0318,Banking & Finance,2026-09-20T15:21:00
INC-2026-0463,Initial Access activity involving AST-0497,65.4,INVESTIGATING,AST-0284,AST-0497,Transport,2026-09-27T10:04:00
INC-2026-0464,Exfiltration activity involving AST-0294,77.4,OPEN,AST-0090,AST-0294,Banking & Finance,2026-09-03T11:12:00
INC-2026-0465,Impact activity involving AST-0488,63.2,INVESTIGATING,AST-0092,AST-0488,Banking & Finance,2026-09-20T07:21:00
INC-2026-0466,Impact activity involving AST-0252,60.1,RECOVERY,AST-0040,AST-0252,Government,2026-09-19T14:43:00
INC-2026-0467,Exfiltration activity involving AST-0078,70.5,OPEN,AST-0012,AST-0078,Government,2026-09-06T21:09:00
INC-2026-0468,Persistence activity involving AST-0207,64.7,OPEN,AST-0155,AST-0207,Healthcare,2026-09-07T19:02:00
INC-2026-0469,Persistence activity involving AST-0440,97.0,RECOVERY,AST-0024,AST-0440,Government,2026-09-08T20:45:00
INC-2026-0470,Impact activity involving AST-0456,92.8,RECOVERY,AST-0244,AST-0456,Telecom,2026-09-02T03:32:00
INC-2026-0471,Exfiltration activity involving AST-0023,67.0,OPEN,AST-0209,AST-0023,Telecom,2026-09-25T17:34:00
INC-2026-0472,Exfiltration activity involving AST-0178,67.1,ERADICATION,AST-0394,AST-0178,Manufacturing,2026-09-01T11:10:00
INC-2026-0473,Lateral Movement activity involving AST-0288,99.0,INVESTIGATING,AST-0352,AST-0288,Manufacturing,2026-09-01T00:34:00
INC-2026-0474,Exfiltration activity involving AST-0077,83.5,RESOLVED,AST-0180,AST-0077,Healthcare,2026-09-11T18:21:00
INC-2026-0475,Persistence activity involving AST-0392,64.5,RECOVERY,AST-0137,AST-0392,Power & Energy,2026-09-12T14:32:00
INC-2026-0476,Lateral Movement activity involving AST-0148,90.9,RECOVERY,AST-0277,AST-0148,Transport,2026-09-06T19:59:00
INC-2026-0477,Exfiltration activity involving AST-0341,61.6,CONTAINMENT,AST-0391,AST-0341,Manufacturing,2026-09-25T13:54:00
INC-2026-0478,Initial Access activity involving AST-0371,77.3,CONTAINMENT,AST-0446,AST-0371,IT & ITES,2026-09-20T04:31:00
INC-2026-0479,Credential Access activity involving AST-0245,68.1,ERADICATION,AST-0153,AST-0245,Healthcare,2026-09-21T02:42:00
INC-2026-0480,Exfiltration activity involving AST-0488,73.6,RECOVERY,AST-0450,AST-0488,IT & ITES,2026-09-05T09:07:00
INC-2026-0481,Exfiltration activity involving AST-0178,55.2,RECOVERY,AST-0254,AST-0178,Transport,2026-09-05T08:36:00
INC-2026-0482,Credential Access activity involving AST-0125,67.4,CONTAINMENT,AST-0041,AST-0125,Government,2026-09-22T20:37:00
INC-2026-0483,Impact activity involving AST-0453,71.3,OPEN,AST-0073,AST-0453,Banking & Finance,2026-09-27T11:28:00
INC-2026-0484,Impact activity involving AST-0364,73.0,RESOLVED,AST-0367,AST-0364,Manufacturing,2026-09-18T02:47:00
INC-2026-0485,Exfiltration activity involving AST-0499,90.8,RECOVERY,AST-0413,AST-0499,IT & ITES,2026-09-13T04:08:00
INC-2026-0486,Initial Access activity involving AST-0496,78.3,INVESTIGATING,AST-0467,AST-0496,Defence,2026-09-25T08:15:00
INC-2026-0487,Initial Access activity involving AST-0391,75.6,RECOVERY,AST-0495,AST-0391,Defence,2026-09-09T22:14:00
INC-2026-0488,Persistence activity involving AST-0421,68.0,INVESTIGATING,AST-0473,AST-0421,Defence,2026-09-01T21:00:00
INC-2026-0489,Lateral Movement activity involving AST-0030,86.0,OPEN,AST-0059,AST-0030,Banking & Finance,2026-09-20T09:24:00
INC-2026-0490,Lateral Movement activity involving AST-0123,99.0,CONTAINMENT,AST-0321,AST-0123,Education,2026-09-09T21:35:00
INC-2026-0491,Initial Access activity involving AST-0139,91.4,RESOLVED,AST-0161,AST-0139,Healthcare,2026-09-25T07:19:00
INC-2026-0492,Impact activity involving AST-0241,70.6,INVESTIGATING,AST-0046,AST-0241,Government,2026-09-19T01:05:00
INC-2026-0493,Exfiltration activity involving AST-0234,71.6,RESOLVED,AST-0307,AST-0234,Education,2026-09-16T06:53:00
INC-2026-0494,Exfiltration activity involving AST-0138,70.4,RECOVERY,AST-0296,AST-0138,Transport,2026-09-10T06:40:00
INC-2026-0495,Lateral Movement activity involving AST-0054,82.8,CONTAINMENT,AST-0301,AST-0054,Education,2026-09-15T10:36:00
INC-2026-0496,Impact activity involving AST-0450,85.0,RECOVERY,AST-0436,AST-0450,IT & ITES,2026-09-01T19:09:00
INC-2026-0497,Initial Access activity involving AST-0180,73.0,RESOLVED,AST-0330,AST-0180,Education,2026-09-03T08:11:00
INC-2026-0498,Exfiltration activity involving AST-0456,57.3,RECOVERY,AST-0040,AST-0456,Government,2026-09-27T06:26:00
INC-2026-0499,Lateral Movement activity involving AST-0198,81.7,OPEN,AST-0241,AST-0198,Telecom,2026-09-11T05:21:00
INC-2026-0500,Lateral Movement activity involving AST-0267,83.1,RESOLVED,AST-0074,AST-0267,Banking & Finance,2026-09-05T22:02:00
INC-2026-0501,Persistence activity involving AST-0108,93.9,CONTAINMENT,AST-0144,AST-0108,Power & Energy,2026-09-15T20:27:00
INC-2026-0502,Impact activity involving AST-0245,69.4,OPEN,AST-0109,AST-0245,Power & Energy,2026-09-25T07:43:00
INC-2026-0503,Initial Access activity involving AST-0365,60.9,CONTAINMENT,AST-0326,AST-0365,Education,2026-09-09T13:36:00
INC-2026-0504,Impact activity involving AST-0347,63.9,RECOVERY,AST-0322,AST-0347,Education,2026-09-13T12:52:00
INC-2026-0505,Lateral Movement activity involving AST-0081,66.6,ERADICATION,AST-0158,AST-0081,Healthcare,2026-09-17T16:00:00
INC-2026-0506,Lateral Movement activity involving AST-0303,67.0,INVESTIGATING,AST-0284,AST-0303,Transport,2026-09-14T12:33:00
INC-2026-0507,Initial Access activity involving AST-0465,70.4,CONTAINMENT,AST-0127,AST-0465,Power & Energy,2026-09-19T09:29:00
INC-2026-0508,Lateral Movement activity involving AST-0296,73.5,RESOLVED,AST-0375,AST-0296,Manufacturing,2026-09-08T00:18:00
INC-2026-0509,Credential Access activity involving AST-0425,93.5,OPEN,AST-0245,AST-0425,Telecom,2026-09-16T19:49:00
INC-2026-0510,Lateral Movement activity involving AST-0109,72.3,RESOLVED,AST-0225,AST-0109,Telecom,2026-09-13T08:27:00
INC-2026-0511,Exfiltration activity involving AST-0319,62.5,RECOVERY,AST-0320,AST-0319,Education,2026-09-19T03:27:00
INC-2026-0512,Lateral Movement activity involving AST-0277,82.3,OPEN,AST-0463,AST-0277,Defence,2026-09-02T17:57:00
INC-2026-0513,Lateral Movement activity involving AST-0209,99.0,RESOLVED,AST-0144,AST-0209,Power & Energy,2026-09-01T07:42:00
INC-2026-0514,Initial Access activity involving AST-0247,91.2,RESOLVED,AST-0244,AST-0247,Telecom,2026-09-11T22:44:00
INC-2026-0515,Impact activity involving AST-0336,64.4,RECOVERY,AST-0047,AST-0336,Government,2026-09-16T01:55:00
INC-2026-0516,Lateral Movement activity involving AST-0377,76.8,CONTAINMENT,AST-0500,AST-0377,Defence,2026-09-04T22:34:00
INC-2026-0517,Lateral Movement activity involving AST-0185,81.3,OPEN,AST-0090,AST-0185,Banking & Finance,2026-09-01T12:04:00
INC-2026-0518,Initial Access activity involving AST-0428,66.0,RECOVERY,AST-0328,AST-0428,Education,2026-09-03T09:02:00
INC-2026-0519,Credential Access activity involving AST-0387,75.4,RESOLVED,AST-0348,AST-0387,Education,2026-09-24T09:42:00
INC-2026-0520,Lateral Movement activity involving AST-0387,76.3,RESOLVED,AST-0226,AST-0387,Telecom,2026-09-15T13:12:00
INC-2026-0521,Impact activity involving AST-0410,65.8,INVESTIGATING,AST-0198,AST-0410,Healthcare,2026-09-11T03:28:00
INC-2026-0522,Credential Access activity involving AST-0442,97.4,CONTAINMENT,AST-0247,AST-0442,Telecom,2026-09-22T00:05:00
INC-2026-0523,Credential Access activity involving AST-0230,99.0,RECOVERY,AST-0338,AST-0230,Education,2026-09-22T16:00:00
INC-2026-0524,Impact activity involving AST-0484,90.9,OPEN,AST-0199,AST-0484,Healthcare,2026-09-15T15:57:00
INC-2026-0525,Lateral Movement activity involving AST-0148,81.9,CONTAINMENT,AST-0307,AST-0148,Education,2026-09-23T02:00:00
INC-2026-0526,Impact activity involving AST-0380,72.6,RESOLVED,AST-0492,AST-0380,Defence,2026-09-09T22:20:00
INC-2026-0527,Exfiltration activity involving AST-0425,82.7,INVESTIGATING,AST-0321,AST-0425,Education,2026-09-17T10:06:00
INC-2026-0528,Exfiltration activity involving AST-0131,79.0,OPEN,AST-0251,AST-0131,Transport,2026-09-08T02:27:00
INC-2026-0529,Impact activity involving AST-0135,70.9,CONTAINMENT,AST-0397,AST-0135,Manufacturing,2026-09-26T15:19:00
INC-2026-0530,Lateral Movement activity involving AST-0405,70.0,RECOVERY,AST-0029,AST-0405,Government,2026-09-18T23:17:00
INC-2026-0531,Lateral Movement activity involving AST-0097,70.0,INVESTIGATING,AST-0050,AST-0097,Government,2026-09-10T06:57:00
INC-2026-0532,Credential Access activity involving AST-0286,84.6,CONTAINMENT,AST-0139,AST-0286,Power & Energy,2026-09-04T12:09:00
INC-2026-0533,Lateral Movement activity involving AST-0393,76.5,RECOVERY,AST-0214,AST-0393,Telecom,2026-09-01T15:08:00
INC-2026-0534,Lateral Movement activity involving AST-0247,81.7,RESOLVED,AST-0040,AST-0247,Government,2026-09-03T09:50:00
INC-2026-0535,Persistence activity involving AST-0198,73.0,INVESTIGATING,AST-0152,AST-0198,Healthcare,2026-09-19T21:00:00
INC-2026-0536,Lateral Movement activity involving AST-0320,73.2,CONTAINMENT,AST-0032,AST-0320,Government,2026-09-23T23:43:00
INC-2026-0537,Lateral Movement activity involving AST-0175,71.8,RESOLVED,AST-0398,AST-0175,Manufacturing,2026-09-01T18:48:00
INC-2026-0538,Lateral Movement activity involving AST-0082,74.4,ERADICATION,AST-0478,AST-0082,Defence,2026-09-04T12:29:00
INC-2026-0539,Persistence activity involving AST-0088,71.9,INVESTIGATING,AST-0236,AST-0088,Telecom,2026-09-26T16:51:00
INC-2026-0540,Initial Access activity involving AST-0164,74.3,CONTAINMENT,AST-0055,AST-0164,Banking & Finance,2026-09-27T03:57:00
INC-2026-0541,Credential Access activity involving AST-0155,71.2,RESOLVED,AST-0487,AST-0155,Defence,2026-09-05T08:57:00
INC-2026-0542,Lateral Movement activity involving AST-0484,78.0,CONTAINMENT,AST-0263,AST-0484,Transport,2026-09-26T18:32:00
INC-2026-0543,Impact activity involving AST-0442,66.5,RESOLVED,AST-0254,AST-0442,Transport,2026-09-08T09:14:00
INC-2026-0544,Impact activity involving AST-0253,69.8,RESOLVED,AST-0293,AST-0253,Transport,2026-09-20T02:47:00
INC-2026-0545,Lateral Movement activity involving AST-0064,68.7,RECOVERY,AST-0325,AST-0064,Education,2026-09-11T15:44:00
INC-2026-0546,Initial Access activity involving AST-0156,64.0,RECOVERY,AST-0270,AST-0156,Transport,2026-09-11T01:57:00
INC-2026-0547,Lateral Movement activity involving AST-0261,77.7,ERADICATION,AST-0303,AST-0261,Education,2026-09-22T19:32:00
INC-2026-0548,Initial Access activity involving AST-0355,93.1,RECOVERY,AST-0057,AST-0355,Banking & Finance,2026-09-23T22:16:00
INC-2026-0549,Exfiltration activity involving AST-0331,68.7,OPEN,AST-0196,AST-0331,Healthcare,2026-09-11T20:11:00
INC-2026-0550,Initial Access activity involving AST-0080,64.1,INVESTIGATING,AST-0408,AST-0080,IT & ITES,2026-09-08T18:41:00
INC-2026-0551,Initial Access activity involving AST-0050,78.5,ERADICATION,AST-0057,AST-0050,Banking & Finance,2026-09-03T09:37:00
INC-2026-0552,Initial Access activity involving AST-0299,73.5,INVESTIGATING,AST-0207,AST-0299,Telecom,2026-09-17T04:58:00
INC-2026-0553,Persistence activity involving AST-0076,75.3,ERADICATION,AST-0257,AST-0076,Transport,2026-09-03T23:38:00
INC-2026-0554,Exfiltration activity involving AST-0225,80.2,RECOVERY,AST-0083,AST-0225,Banking & Finance,2026-09-10T17:12:00
INC-2026-0555,Impact activity involving AST-0367,58.4,ERADICATION,AST-0016,AST-0367,Government,2026-09-23T04:31:00
INC-2026-0556,Lateral Movement activity involving AST-0243,75.5,OPEN,AST-0380,AST-0243,Manufacturing,2026-09-26T18:17:00
INC-2026-0557,Credential Access activity involving AST-0123,74.5,RESOLVED,AST-0006,AST-0123,Government,2026-09-13T06:59:00
INC-2026-0558,Initial Access activity involving AST-0230,75.3,ERADICATION,AST-0449,AST-0230,IT & ITES,2026-09-20T09:41:00
INC-2026-0559,Lateral Movement activity involving AST-0143,73.1,RESOLVED,AST-0070,AST-0143,Banking & Finance,2026-09-17T01:09:00
INC-2026-0560,Exfiltration activity involving AST-0398,77.8,INVESTIGATING,AST-0485,AST-0398,Defence,2026-09-11T17:22:00
INC-2026-0561,Impact activity involving AST-0471,86.3,RESOLVED,AST-0422,AST-0471,IT & ITES,2026-09-12T13:16:00
INC-2026-0562,Lateral Movement activity involving AST-0466,70.4,RESOLVED,AST-0130,AST-0466,Power & Energy,2026-09-11T07:57:00
INC-2026-0563,Impact activity involving AST-0181,67.2,OPEN,AST-0221,AST-0181,Telecom,2026-09-15T18:28:00
INC-2026-0564,Lateral Movement activity involving AST-0427,69.7,CONTAINMENT,AST-0031,AST-0427,Government,2026-09-17T08:08:00
INC-2026-0565,Lateral Movement activity involving AST-0153,83.3,INVESTIGATING,AST-0305,AST-0153,Education,2026-09-23T10:44:00
INC-2026-0566,Credential Access activity involving AST-0306,72.9,RECOVERY,AST-0496,AST-0306,Defence,2026-09-27T01:05:00
INC-2026-0567,Exfiltration activity involving AST-0065,64.0,RESOLVED,AST-0221,AST-0065,Telecom,2026-09-07T02:44:00
INC-2026-0568,Initial Access activity involving AST-0140,78.8,RESOLVED,AST-0258,AST-0140,Transport,2026-09-09T09:31:00
INC-2026-0569,Exfiltration activity involving AST-0329,82.4,OPEN,AST-0493,AST-0329,Defence,2026-09-24T15:31:00
INC-2026-0570,Impact activity involving AST-0457,63.9,RECOVERY,AST-0411,AST-0457,IT & ITES,2026-09-05T09:28:00
INC-2026-0571,Exfiltration activity involving AST-0252,91.3,INVESTIGATING,AST-0021,AST-0252,Government,2026-09-22T12:01:00
INC-2026-0572,Impact activity involving AST-0398,64.8,OPEN,AST-0038,AST-0398,Government,2026-09-24T18:04:00
INC-2026-0573,Credential Access activity involving AST-0453,63.7,OPEN,AST-0263,AST-0453,Transport,2026-09-23T16:55:00
INC-2026-0574,Lateral Movement activity involving AST-0026,79.3,OPEN,AST-0013,AST-0026,Government,2026-09-12T00:02:00
INC-2026-0575,Initial Access activity involving AST-0207,61.0,RESOLVED,AST-0324,AST-0207,Education,2026-09-16T10:05:00
INC-2026-0576,Initial Access activity involving AST-0275,65.2,OPEN,AST-0404,AST-0275,IT & ITES,2026-09-10T20:45:00
INC-2026-0577,Persistence activity involving AST-0073,76.2,OPEN,AST-0498,AST-0073,Defence,2026-09-25T17:15:00
INC-2026-0578,Impact activity involving AST-0189,67.6,ERADICATION,AST-0314,AST-0189,Education,2026-09-21T23:14:00
INC-2026-0579,Lateral Movement activity involving AST-0317,77.1,OPEN,AST-0135,AST-0317,Power & Energy,2026-09-25T15:06:00
INC-2026-0580,Initial Access activity involving AST-0139,64.9,RECOVERY,AST-0194,AST-0139,Healthcare,2026-09-15T02:05:00
INC-2026-0581,Initial Access activity involving AST-0177,60.1,INVESTIGATING,AST-0261,AST-0177,Transport,2026-09-01T11:26:00
INC-2026-0582,Persistence activity involving AST-0495,59.3,CONTAINMENT,AST-0036,AST-0495,Government,2026-09-19T06:55:00
INC-2026-0583,Credential Access activity involving AST-0046,69.3,RECOVERY,AST-0442,AST-0046,IT & ITES,2026-09-15T13:50:00
INC-2026-0584,Exfiltration activity involving AST-0290,73.5,OPEN,AST-0051,AST-0290,Banking & Finance,2026-09-24T19:42:00
INC-2026-0585,Lateral Movement activity involving AST-0293,83.4,INVESTIGATING,AST-0342,AST-0293,Education,2026-09-25T12:48:00
INC-2026-0586,Impact activity involving AST-0498,70.8,INVESTIGATING,AST-0240,AST-0498,Telecom,2026-09-27T10:09:00
INC-2026-0587,Credential Access activity involving AST-0429,69.0,CONTAINMENT,AST-0295,AST-0429,Transport,2026-09-18T14:48:00
INC-2026-0588,Impact activity involving AST-0241,92.8,OPEN,AST-0059,AST-0241,Banking & Finance,2026-09-02T12:09:00
INC-2026-0589,Lateral Movement activity involving AST-0471,69.6,RECOVERY,AST-0211,AST-0471,Telecom,2026-09-04T19:58:00
INC-2026-0590,Exfiltration activity involving AST-0238,71.1,CONTAINMENT,AST-0293,AST-0238,Transport,2026-09-20T13:48:00
INC-2026-0591,Credential Access activity involving AST-0436,66.2,OPEN,AST-0495,AST-0436,Defence,2026-09-27T01:38:00
INC-2026-0592,Initial Access activity involving AST-0316,78.4,RESOLVED,AST-0288,AST-0316,Transport,2026-09-12T12:27:00
INC-2026-0593,Lateral Movement activity involving AST-0448,99.0,INVESTIGATING,AST-0170,AST-0448,Healthcare,2026-09-05T04:15:00
INC-2026-0594,Initial Access activity involving AST-0211,69.3,CONTAINMENT,AST-0124,AST-0211,Power & Energy,2026-09-01T18:15:00
INC-2026-0595,Lateral Movement activity involving AST-0134,72.2,OPEN,AST-0498,AST-0134,Defence,2026-09-26T10:14:00
INC-2026-0596,Lateral Movement activity involving AST-0391,58.9,CONTAINMENT,AST-0250,AST-0391,Telecom,2026-09-23T08:41:00
INC-2026-0597,Impact activity involving AST-0466,63.5,CONTAINMENT,AST-0186,AST-0466,Healthcare,2026-09-05T00:59:00
INC-2026-0598,Lateral Movement activity involving AST-0260,73.7,INVESTIGATING,AST-0370,AST-0260,Manufacturing,2026-09-11T02:21:00
INC-2026-0599,Lateral Movement activity involving AST-0495,69.2,ERADICATION,AST-0286,AST-0495,Transport,2026-09-18T21:58:00
INC-2026-0600,Initial Access activity involving AST-0242,60.8,INVESTIGATING,AST-0104,AST-0242,Power & Energy,2026-09-21T20:46:00
INC-2026-0601,Exfiltration activity involving AST-0271,69.4,ERADICATION,AST-0013,AST-0271,Government,2026-09-08T17:46:00
INC-2026-0602,Exfiltration activity involving AST-0394,75.8,CONTAINMENT,AST-0071,AST-0394,Banking & Finance,2026-09-22T08:38:00
INC-2026-0603,Credential Access activity involving AST-0414,59.5,INVESTIGATING,AST-0283,AST-0414,Transport,2026-09-10T00:23:00
INC-2026-0604,Initial Access activity involving AST-0040,94.7,CONTAINMENT,AST-0364,AST-0040,Manufacturing,2026-09-19T20:12:00
INC-2026-0605,Lateral Movement activity involving AST-0270,74.0,RECOVERY,AST-0272,AST-0270,Transport,2026-09-02T15:49:00
INC-2026-0606,Initial Access activity involving AST-0050,67.3,ERADICATION,AST-0121,AST-0050,Power & Energy,2026-09-02T14:54:00
INC-2026-0607,Credential Access activity involving AST-0312,79.5,RECOVERY,AST-0053,AST-0312,Banking & Finance,2026-09-22T02:08:00
INC-2026-0608,Initial Access activity involving AST-0028,64.1,ERADICATION,AST-0431,AST-0028,IT & ITES,2026-09-19T05:58:00
INC-2026-0609,Lateral Movement activity involving AST-0365,87.2,RESOLVED,AST-0245,AST-0365,Telecom,2026-09-23T12:03:00
INC-2026-0610,Impact activity involving AST-0198,73.5,OPEN,AST-0016,AST-0198,Government,2026-09-05T15:45:00
INC-2026-0611,Impact activity involving AST-0214,89.0,OPEN,AST-0346,AST-0214,Education,2026-09-27T23:23:00
INC-2026-0612,Exfiltration activity involving AST-0285,69.9,ERADICATION,AST-0025,AST-0285,Government,2026-09-03T02:53:00
INC-2026-0613,Lateral Movement activity involving AST-0457,70.1,OPEN,AST-0459,AST-0457,Defence,2026-09-26T03:42:00
INC-2026-0614,Persistence activity involving AST-0343,91.3,INVESTIGATING,AST-0199,AST-0343,Healthcare,2026-09-10T12:31:00
INC-2026-0615,Impact activity involving AST-0271,66.3,CONTAINMENT,AST-0139,AST-0271,Power & Energy,2026-09-24T04:05:00
INC-2026-0616,Lateral Movement activity involving AST-0161,84.6,ERADICATION,AST-0162,AST-0161,Healthcare,2026-09-05T21:30:00
INC-2026-0617,Credential Access activity involving AST-0291,80.0,ERADICATION,AST-0181,AST-0291,Healthcare,2026-09-20T05:01:00
INC-2026-0618,Credential Access activity involving AST-0309,71.5,ERADICATION,AST-0239,AST-0309,Telecom,2026-09-16T04:13:00
INC-2026-0619,Initial Access activity involving AST-0253,62.4,OPEN,AST-0188,AST-0253,Healthcare,2026-09-06T08:47:00
INC-2026-0620,Initial Access activity involving AST-0270,91.9,INVESTIGATING,AST-0352,AST-0270,Manufacturing,2026-09-11T23:25:00
INC-2026-0621,Lateral Movement activity involving AST-0322,77.7,OPEN,AST-0240,AST-0322,Telecom,2026-09-08T08:17:00
INC-2026-0622,Exfiltration activity involving AST-0015,65.7,RESOLVED,AST-0443,AST-0015,IT & ITES,2026-09-03T23:58:00
INC-2026-0623,Initial Access activity involving AST-0448,65.1,ERADICATION,AST-0428,AST-0448,IT & ITES,2026-09-10T21:31:00
INC-2026-0624,Impact activity involving AST-0480,92.7,INVESTIGATING,AST-0331,AST-0480,Education,2026-09-24T05:40:00
INC-2026-0625,Exfiltration activity involving AST-0263,68.0,OPEN,AST-0140,AST-0263,Power & Energy,2026-09-27T12:43:00
INC-2026-0626,Credential Access activity involving AST-0351,73.7,CONTAINMENT,AST-0202,AST-0351,Telecom,2026-09-20T01:58:00
INC-2026-0627,Lateral Movement activity involving AST-0468,72.2,RESOLVED,AST-0371,AST-0468,Manufacturing,2026-09-23T20:42:00
INC-2026-0628,Lateral Movement activity involving AST-0049,73.2,RECOVERY,AST-0011,AST-0049,Government,2026-09-08T08:54:00
INC-2026-0629,Initial Access activity involving AST-0060,66.1,ERADICATION,AST-0154,AST-0060,Healthcare,2026-09-27T04:24:00
INC-2026-0630,Lateral Movement activity involving AST-0138,69.1,INVESTIGATING,AST-0140,AST-0138,Power & Energy,2026-09-24T13:36:00
INC-2026-0631,Initial Access activity involving AST-0185,92.0,ERADICATION,AST-0338,AST-0185,Education,2026-09-07T09:31:00
INC-2026-0632,Lateral Movement activity involving AST-0180,83.4,OPEN,AST-0107,AST-0180,Power & Energy,2026-09-26T06:48:00
INC-2026-0633,Lateral Movement activity involving AST-0296,99.0,ERADICATION,AST-0244,AST-0296,Telecom,2026-09-08T00:08:00
INC-2026-0634,Lateral Movement activity involving AST-0072,73.5,CONTAINMENT,AST-0339,AST-0072,Education,2026-09-02T02:49:00
INC-2026-0635,Lateral Movement activity involving AST-0185,81.4,RECOVERY,AST-0340,AST-0185,Education,2026-09-25T21:38:00
INC-2026-0636,Initial Access activity involving AST-0039,62.8,OPEN,AST-0449,AST-0039,IT & ITES,2026-09-08T19:19:00
INC-2026-0637,Lateral Movement activity involving AST-0327,70.9,RESOLVED,AST-0236,AST-0327,Telecom,2026-09-22T01:53:00
INC-2026-0638,Credential Access activity involving AST-0438,79.6,RESOLVED,AST-0316,AST-0438,Education,2026-09-01T02:29:00
INC-2026-0639,Credential Access activity involving AST-0388,63.0,RESOLVED,AST-0124,AST-0388,Power & Energy,2026-09-21T21:23:00
INC-2026-0640,Impact activity involving AST-0134,70.8,INVESTIGATING,AST-0169,AST-0134,Healthcare,2026-09-24T20:20:00
INC-2026-0641,Lateral Movement activity involving AST-0330,74.6,OPEN,AST-0437,AST-0330,IT & ITES,2026-09-14T03:54:00
INC-2026-0642,Lateral Movement activity involving AST-0020,97.1,ERADICATION,AST-0235,AST-0020,Telecom,2026-09-04T05:38:00
INC-2026-0643,Credential Access activity involving AST-0422,72.6,RESOLVED,AST-0292,AST-0422,Transport,2026-09-14T02:52:00
INC-2026-0644,Credential Access activity involving AST-0317,66.0,CONTAINMENT,AST-0367,AST-0317,Manufacturing,2026-09-18T20:56:00
INC-2026-0645,Persistence activity involving AST-0200,72.1,RECOVERY,AST-0289,AST-0200,Transport,2026-09-14T21:29:00
INC-2026-0646,Initial Access activity involving AST-0490,71.4,OPEN,AST-0310,AST-0490,Education,2026-09-06T04:27:00
INC-2026-0647,Lateral Movement activity involving AST-0041,69.4,OPEN,AST-0203,AST-0041,Telecom,2026-09-04T01:04:00
INC-2026-0648,Credential Access activity involving AST-0212,72.6,RESOLVED,AST-0105,AST-0212,Power & Energy,2026-09-17T00:43:00
INC-2026-0649,Exfiltration activity involving AST-0178,61.0,OPEN,AST-0081,AST-0178,Banking & Finance,2026-09-12T16:29:00
INC-2026-0650,Credential Access activity involving AST-0368,79.6,CONTAINMENT,AST-0127,AST-0368,Power & Energy,2026-09-08T07:09:00
INC-2026-0651,Initial Access activity involving AST-0332,74.8,ERADICATION,AST-0188,AST-0332,Healthcare,2026-09-05T04:08:00
INC-2026-0652,Credential Access activity involving AST-0338,71.8,OPEN,AST-0035,AST-0338,Government,2026-09-09T23:43:00
INC-2026-0653,Lateral Movement activity involving AST-0469,78.6,RESOLVED,AST-0064,AST-0469,Banking & Finance,2026-09-09T01:03:00
INC-2026-0654,Impact activity involving AST-0326,67.1,CONTAINMENT,AST-0166,AST-0326,Healthcare,2026-09-13T11:08:00
INC-2026-0655,Lateral Movement activity involving AST-0224,68.1,RECOVERY,AST-0045,AST-0224,Government,2026-09-23T11:46:00
INC-2026-0656,Exfiltration activity involving AST-0254,66.4,OPEN,AST-0385,AST-0254,Manufacturing,2026-09-12T02:53:00
INC-2026-0657,Persistence activity involving AST-0035,78.1,OPEN,AST-0198,AST-0035,Healthcare,2026-09-05T09:06:00
INC-2026-0658,Impact activity involving AST-0181,93.5,CONTAINMENT,AST-0422,AST-0181,IT & ITES,2026-09-06T00:23:00
INC-2026-0659,Initial Access activity involving AST-0487,63.6,RESOLVED,AST-0198,AST-0487,Healthcare,2026-09-03T23:10:00
INC-2026-0660,Persistence activity involving AST-0055,66.4,INVESTIGATING,AST-0166,AST-0055,Healthcare,2026-09-09T19:08:00
INC-2026-0661,Impact activity involving AST-0307,70.8,RESOLVED,AST-0499,AST-0307,Defence,2026-09-13T02:03:00
INC-2026-0662,Exfiltration activity involving AST-0417,91.7,RECOVERY,AST-0243,AST-0417,Telecom,2026-09-22T18:48:00
INC-2026-0663,Impact activity involving AST-0104,67.0,OPEN,AST-0374,AST-0104,Manufacturing,2026-09-07T21:57:00
INC-2026-0664,Credential Access activity involving AST-0303,71.2,CONTAINMENT,AST-0427,AST-0303,IT & ITES,2026-09-27T23:26:00
INC-2026-0665,Initial Access activity involving AST-0301,63.2,RESOLVED,AST-0215,AST-0301,Telecom,2026-09-18T04:47:00
INC-2026-0666,Exfiltration activity involving AST-0235,68.3,INVESTIGATING,AST-0014,AST-0235,Government,2026-09-19T21:43:00
INC-2026-0667,Impact activity involving AST-0393,67.4,OPEN,AST-0355,AST-0393,Manufacturing,2026-09-13T01:51:00
INC-2026-0668,Impact activity involving AST-0021,59.5,OPEN,AST-0381,AST-0021,Manufacturing,2026-09-13T10:24:00
INC-2026-0669,Lateral Movement activity involving AST-0478,77.8,CONTAINMENT,AST-0122,AST-0478,Power & Energy,2026-09-13T01:16:00
INC-2026-0670,Credential Access activity involving AST-0262,71.7,OPEN,AST-0101,AST-0262,Power & Energy,2026-09-24T10:05:00
INC-2026-0671,Persistence activity involving AST-0421,82.6,OPEN,AST-0197,AST-0421,Healthcare,2026-09-21T14:14:00
INC-2026-0672,Lateral Movement activity involving AST-0160,99.0,RESOLVED,AST-0422,AST-0160,IT & ITES,2026-09-18T20:58:00
INC-2026-0673,Lateral Movement activity involving AST-0238,75.4,RESOLVED,AST-0092,AST-0238,Banking & Finance,2026-09-11T13:06:00
INC-2026-0674,Lateral Movement activity involving AST-0105,80.0,RECOVERY,AST-0261,AST-0105,Transport,2026-09-02T10:25:00
INC-2026-0675,Exfiltration activity involving AST-0378,64.7,RESOLVED,AST-0053,AST-0378,Banking & Finance,2026-09-13T19:35:00
INC-2026-0676,Persistence activity involving AST-0384,67.2,RECOVERY,AST-0397,AST-0384,Manufacturing,2026-09-23T03:48:00
INC-2026-0677,Credential Access activity involving AST-0233,73.9,OPEN,AST-0473,AST-0233,Defence,2026-09-27T03:28:00
INC-2026-0678,Lateral Movement activity involving AST-0443,75.2,RECOVERY,AST-0211,AST-0443,Telecom,2026-09-01T16:13:00
INC-2026-0679,Persistence activity involving AST-0226,93.9,INVESTIGATING,AST-0422,AST-0226,IT & ITES,2026-09-23T04:50:00
INC-2026-0680,Lateral Movement activity involving AST-0245,72.2,RESOLVED,AST-0173,AST-0245,Healthcare,2026-09-06T00:35:00
INC-2026-0681,Impact activity involving AST-0434,68.7,ERADICATION,AST-0319,AST-0434,Education,2026-09-19T11:41:00
INC-2026-0682,Impact activity involving AST-0145,83.4,RESOLVED,AST-0243,AST-0145,Telecom,2026-09-14T12:22:00
INC-2026-0683,Exfiltration activity involving AST-0485,78.8,INVESTIGATING,AST-0318,AST-0485,Education,2026-09-19T14:45:00
INC-2026-0684,Credential Access activity involving AST-0394,60.0,RESOLVED,AST-0374,AST-0394,Manufacturing,2026-09-25T17:56:00
INC-2026-0685,Lateral Movement activity involving AST-0129,82.1,ERADICATION,AST-0194,AST-0129,Healthcare,2026-09-17T20:14:00
INC-2026-0686,Lateral Movement activity involving AST-0167,78.5,ERADICATION,AST-0050,AST-0167,Government,2026-09-08T09:14:00
INC-2026-0687,Lateral Movement activity involving AST-0303,76.3,ERADICATION,AST-0066,AST-0303,Banking & Finance,2026-09-04T03:27:00
INC-2026-0688,Persistence activity involving AST-0187,70.2,INVESTIGATING,AST-0076,AST-0187,Banking & Finance,2026-09-05T09:04:00
INC-2026-0689,Impact activity involving AST-0485,99.0,RESOLVED,AST-0332,AST-0485,Education,2026-09-04T22:09:00
INC-2026-0690,Exfiltration activity involving AST-0402,72.7,OPEN,AST-0380,AST-0402,Manufacturing,2026-09-06T12:25:00
INC-2026-0691,Credential Access activity involving AST-0061,77.1,RECOVERY,AST-0046,AST-0061,Government,2026-09-09T18:40:00
INC-2026-0692,Lateral Movement activity involving AST-0497,95.3,OPEN,AST-0481,AST-0497,Defence,2026-09-15T01:17:00
INC-2026-0693,Lateral Movement activity involving AST-0008,93.6,INVESTIGATING,AST-0266,AST-0008,Transport,2026-09-07T16:21:00
INC-2026-0694,Initial Access activity involving AST-0366,74.9,RESOLVED,AST-0309,AST-0366,Education,2026-09-01T04:58:00
INC-2026-0695,Credential Access activity involving AST-0129,89.0,ERADICATION,AST-0143,AST-0129,Power & Energy,2026-09-25T07:32:00
INC-2026-0696,Impact activity involving AST-0401,95.8,ERADICATION,AST-0331,AST-0401,Education,2026-09-19T03:05:00
INC-2026-0697,Lateral Movement activity involving AST-0163,73.6,OPEN,AST-0067,AST-0163,Banking & Finance,2026-09-07T12:27:00
INC-2026-0698,Initial Access activity involving AST-0239,65.8,OPEN,AST-0181,AST-0239,Healthcare,2026-09-19T01:42:00
INC-2026-0699,Exfiltration activity involving AST-0283,66.4,CONTAINMENT,AST-0208,AST-0283,Telecom,2026-09-20T08:11:00
INC-2026-0700,Credential Access activity involving AST-0496,73.1,ERADICATION,AST-0072,AST-0496,Banking & Finance,2026-09-06T08:44:00
INC-2026-0701,Lateral Movement activity involving AST-0123,70.5,RECOVERY,AST-0165,AST-0123,Healthcare,2026-09-06T14:43:00
INC-2026-0702,Exfiltration activity involving AST-0207,70.7,CONTAINMENT,AST-0014,AST-0207,Government,2026-09-01T17:23:00
INC-2026-0703,Impact activity involving AST-0020,68.7,ERADICATION,AST-0126,AST-0020,Power & Energy,2026-09-26T22:28:00
INC-2026-0704,Lateral Movement activity involving AST-0084,62.8,CONTAINMENT,AST-0362,AST-0084,Manufacturing,2026-09-25T03:15:00
INC-2026-0705,Initial Access activity involving AST-0182,70.6,RESOLVED,AST-0081,AST-0182,Banking & Finance,2026-09-26T17:32:00
INC-2026-0706,Initial Access activity involving AST-0075,74.9,CONTAINMENT,AST-0147,AST-0075,Power & Energy,2026-09-03T08:22:00
INC-2026-0707,Credential Access activity involving AST-0488,63.7,RESOLVED,AST-0260,AST-0488,Transport,2026-09-26T12:24:00
INC-2026-0708,Lateral Movement activity involving AST-0288,74.7,RECOVERY,AST-0363,AST-0288,Manufacturing,2026-09-11T06:24:00
INC-2026-0709,Credential Access activity involving AST-0108,94.6,ERADICATION,AST-0059,AST-0108,Banking & Finance,2026-09-08T23:21:00
INC-2026-0710,Credential Access activity involving AST-0006,85.0,OPEN,AST-0023,AST-0006,Government,2026-09-08T04:41:00
INC-2026-0711,Lateral Movement activity involving AST-0191,71.7,OPEN,AST-0409,AST-0191,IT & ITES,2026-09-27T23:47:00
INC-2026-0712,Impact activity involving AST-0003,61.0,OPEN,AST-0231,AST-0003,Telecom,2026-09-20T07:01:00
INC-2026-0713,Persistence activity involving AST-0473,84.2,INVESTIGATING,AST-0197,AST-0473,Healthcare,2026-09-04T10:31:00
INC-2026-0714,Impact activity involving AST-0012,67.5,RESOLVED,AST-0483,AST-0012,Defence,2026-09-05T12:27:00
INC-2026-0715,Impact activity involving AST-0092,65.4,RECOVERY,AST-0434,AST-0092,IT & ITES,2026-09-20T23:52:00
INC-2026-0716,Impact activity involving AST-0299,58.0,CONTAINMENT,AST-0073,AST-0299,Banking & Finance,2026-09-16T04:20:00
INC-2026-0717,Impact activity involving AST-0170,75.3,ERADICATION,AST-0365,AST-0170,Manufacturing,2026-09-22T19:45:00
INC-2026-0718,Lateral Movement activity involving AST-0202,83.2,ERADICATION,AST-0106,AST-0202,Power & Energy,2026-09-02T03:02:00
INC-2026-0719,Exfiltration activity involving AST-0001,73.0,CONTAINMENT,AST-0403,AST-0001,IT & ITES,2026-09-20T04:43:00
INC-2026-0720,Lateral Movement activity involving AST-0464,70.4,ERADICATION,AST-0294,AST-0464,Transport,2026-09-12T16:27:00
INC-2026-0721,Lateral Movement activity involving AST-0210,64.3,RECOVERY,AST-0067,AST-0210,Banking & Finance,2026-09-09T00:52:00
INC-2026-0722,Initial Access activity involving AST-0326,71.3,RECOVERY,AST-0168,AST-0326,Healthcare,2026-09-16T02:07:00
INC-2026-0723,Lateral Movement activity involving AST-0337,65.7,INVESTIGATING,AST-0063,AST-0337,Banking & Finance,2026-09-10T13:27:00
INC-2026-0724,Persistence activity involving AST-0248,79.4,RESOLVED,AST-0110,AST-0248,Power & Energy,2026-09-24T07:06:00
INC-2026-0725,Credential Access activity involving AST-0375,76.9,ERADICATION,AST-0484,AST-0375,Defence,2026-09-07T10:24:00
INC-2026-0726,Lateral Movement activity involving AST-0141,72.6,RESOLVED,AST-0230,AST-0141,Telecom,2026-09-18T22:26:00
INC-2026-0727,Credential Access activity involving AST-0289,80.5,INVESTIGATING,AST-0084,AST-0289,Banking & Finance,2026-09-26T01:52:00
INC-2026-0728,Exfiltration activity involving AST-0215,74.4,OPEN,AST-0498,AST-0215,Defence,2026-09-12T16:58:00
INC-2026-0729,Impact activity involving AST-0169,61.1,INVESTIGATING,AST-0392,AST-0169,Manufacturing,2026-09-03T02:12:00
INC-2026-0730,Initial Access activity involving AST-0436,60.9,CONTAINMENT,AST-0072,AST-0436,Banking & Finance,2026-09-26T13:54:00
INC-2026-0731,Impact activity involving AST-0426,83.4,RESOLVED,AST-0236,AST-0426,Telecom,2026-09-04T08:53:00
INC-2026-0732,Impact activity involving AST-0390,81.7,CONTAINMENT,AST-0089,AST-0390,Banking & Finance,2026-09-08T02:05:00
INC-2026-0733,Initial Access activity involving AST-0034,73.0,CONTAINMENT,AST-0274,AST-0034,Transport,2026-09-11T18:38:00
INC-2026-0734,Initial Access activity involving AST-0067,72.1,INVESTIGATING,AST-0291,AST-0067,Transport,2026-09-06T11:25:00
INC-2026-0735,Exfiltration activity involving AST-0353,79.4,OPEN,AST-0088,AST-0353,Banking & Finance,2026-09-05T19:54:00
INC-2026-0736,Lateral Movement activity involving AST-0135,98.3,RESOLVED,AST-0416,AST-0135,IT & ITES,2026-09-06T17:09:00
INC-2026-0737,Impact activity involving AST-0494,77.1,RESOLVED,AST-0311,AST-0494,Education,2026-09-23T10:50:00
INC-2026-0738,Persistence activity involving AST-0199,79.6,RESOLVED,AST-0210,AST-0199,Telecom,2026-09-20T12:48:00
INC-2026-0739,Credential Access activity involving AST-0038,70.2,OPEN,AST-0009,AST-0038,Government,2026-09-08T15:08:00
INC-2026-0740,Credential Access activity involving AST-0215,68.0,OPEN,AST-0410,AST-0215,IT & ITES,2026-09-05T16:39:00
INC-2026-0741,Lateral Movement activity involving AST-0428,75.1,OPEN,AST-0053,AST-0428,Banking & Finance,2026-09-14T02:46:00
INC-2026-0742,Lateral Movement activity involving AST-0058,74.1,OPEN,AST-0054,AST-0058,Banking & Finance,2026-09-04T22:05:00
INC-2026-0743,Credential Access activity involving AST-0282,64.7,OPEN,AST-0215,AST-0282,Telecom,2026-09-20T04:36:00
INC-2026-0744,Credential Access activity involving AST-0200,66.0,ERADICATION,AST-0033,AST-0200,Government,2026-09-21T02:58:00
INC-2026-0745,Lateral Movement activity involving AST-0428,66.1,OPEN,AST-0461,AST-0428,Defence,2026-09-24T11:39:00
INC-2026-0746,Lateral Movement activity involving AST-0328,68.8,OPEN,AST-0058,AST-0328,Banking & Finance,2026-09-25T02:43:00
INC-2026-0747,Persistence activity involving AST-0046,99.0,ERADICATION,AST-0481,AST-0046,Defence,2026-09-16T12:02:00
INC-2026-0748,Exfiltration activity involving AST-0317,63.9,INVESTIGATING,AST-0407,AST-0317,IT & ITES,2026-09-08T06:46:00
INC-2026-0749,Lateral Movement activity involving AST-0128,70.4,RESOLVED,AST-0162,AST-0128,Healthcare,2026-09-04T12:16:00
INC-2026-0750,Initial Access activity involving AST-0052,71.7,INVESTIGATING,AST-0275,AST-0052,Transport,2026-09-08T09:15:00
INC-2026-0751,Initial Access activity involving AST-0341,80.8,OPEN,AST-0235,AST-0341,Telecom,2026-09-02T19:04:00
INC-2026-0752,Impact activity involving AST-0344,62.5,RESOLVED,AST-0493,AST-0344,Defence,2026-09-12T16:36:00
INC-2026-0753,Initial Access activity involving AST-0186,86.3,RESOLVED,AST-0242,AST-0186,Telecom,2026-09-05T01:40:00
INC-2026-0754,Exfiltration activity involving AST-0123,82.7,INVESTIGATING,AST-0331,AST-0123,Education,2026-09-01T19:31:00
INC-2026-0755,Exfiltration activity involving AST-0438,93.4,RECOVERY,AST-0422,AST-0438,IT & ITES,2026-09-24T09:17:00
INC-2026-0756,Persistence activity involving AST-0447,78.0,RECOVERY,AST-0369,AST-0447,Manufacturing,2026-09-09T05:40:00
INC-2026-0757,Lateral Movement activity involving AST-0410,72.7,OPEN,AST-0239,AST-0410,Telecom,2026-09-26T04:39:00
INC-2026-0758,Lateral Movement activity involving AST-0484,69.5,ERADICATION,AST-0441,AST-0484,IT & ITES,2026-09-03T15:35:00
INC-2026-0759,Credential Access activity involving AST-0095,70.3,INVESTIGATING,AST-0192,AST-0095,Healthcare,2026-09-23T10:26:00
INC-2026-0760,Lateral Movement activity involving AST-0307,66.1,CONTAINMENT,AST-0358,AST-0307,Manufacturing,2026-09-12T18:41:00
INC-2026-0761,Impact activity involving AST-0076,85.4,ERADICATION,AST-0280,AST-0076,Transport,2026-09-08T11:20:00
INC-2026-0762,Persistence activity involving AST-0059,72.1,RECOVERY,AST-0395,AST-0059,Manufacturing,2026-09-16T11:39:00
INC-2026-0763,Credential Access activity involving AST-0397,79.6,ERADICATION,AST-0015,AST-0397,Government,2026-09-08T22:40:00
INC-2026-0764,Lateral Movement activity involving AST-0269,78.0,OPEN,AST-0099,AST-0269,Banking & Finance,2026-09-09T11:03:00
INC-2026-0765,Initial Access activity involving AST-0422,66.6,RECOVERY,AST-0184,AST-0422,Healthcare,2026-09-21T01:51:00
INC-2026-0766,Exfiltration activity involving AST-0474,73.5,ERADICATION,AST-0429,AST-0474,IT & ITES,2026-09-23T00:13:00
INC-2026-0767,Impact activity involving AST-0110,73.4,INVESTIGATING,AST-0312,AST-0110,Education,2026-09-09T13:59:00
INC-2026-0768,Credential Access activity involving AST-0251,71.1,RESOLVED,AST-0315,AST-0251,Education,2026-09-04T02:32:00
INC-2026-0769,Exfiltration activity involving AST-0429,70.3,CONTAINMENT,AST-0084,AST-0429,Banking & Finance,2026-09-12T11:17:00
INC-2026-0770,Lateral Movement activity involving AST-0159,79.7,OPEN,AST-0101,AST-0159,Power & Energy,2026-09-19T16:58:00
INC-2026-0771,Lateral Movement activity involving AST-0197,74.1,CONTAINMENT,AST-0334,AST-0197,Education,2026-09-04T10:16:00
INC-2026-0772,Persistence activity involving AST-0030,67.9,RESOLVED,AST-0288,AST-0030,Transport,2026-09-13T17:51:00
INC-2026-0773,Impact activity involving AST-0073,73.2,CONTAINMENT,AST-0366,AST-0073,Manufacturing,2026-09-15T14:18:00
INC-2026-0774,Impact activity involving AST-0091,68.2,INVESTIGATING,AST-0446,AST-0091,IT & ITES,2026-09-16T01:36:00
INC-2026-0775,Lateral Movement activity involving AST-0349,81.2,RECOVERY,AST-0279,AST-0349,Transport,2026-09-12T22:55:00
INC-2026-0776,Lateral Movement activity involving AST-0044,66.8,CONTAINMENT,AST-0050,AST-0044,Government,2026-09-22T13:15:00
INC-2026-0777,Lateral Movement activity involving AST-0276,73.2,INVESTIGATING,AST-0486,AST-0276,Defence,2026-09-20T11:40:00
INC-2026-0778,Credential Access activity involving AST-0184,95.1,CONTAINMENT,AST-0133,AST-0184,Power & Energy,2026-09-01T16:32:00
INC-2026-0779,Impact activity involving AST-0048,71.9,OPEN,AST-0010,AST-0048,Government,2026-09-14T21:48:00
INC-2026-0780,Exfiltration activity involving AST-0024,73.8,CONTAINMENT,AST-0117,AST-0024,Power & Energy,2026-09-22T10:01:00
INC-2026-0781,Lateral Movement activity involving AST-0384,73.0,RECOVERY,AST-0038,AST-0384,Government,2026-09-06T07:07:00
INC-2026-0782,Impact activity involving AST-0113,94.1,OPEN,AST-0416,AST-0113,IT & ITES,2026-09-18T13:48:00
INC-2026-0783,Lateral Movement activity involving AST-0302,81.6,CONTAINMENT,AST-0259,AST-0302,Transport,2026-09-17T17:55:00
INC-2026-0784,Impact activity involving AST-0230,80.4,CONTAINMENT,AST-0231,AST-0230,Telecom,2026-09-07T16:54:00
INC-2026-0785,Initial Access activity involving AST-0010,60.2,RECOVERY,AST-0342,AST-0010,Education,2026-09-27T16:17:00
INC-2026-0786,Lateral Movement activity involving AST-0287,84.4,OPEN,AST-0038,AST-0287,Government,2026-09-16T23:53:00
INC-2026-0787,Credential Access activity involving AST-0125,75.5,INVESTIGATING,AST-0014,AST-0125,Government,2026-09-18T08:10:00
INC-2026-0788,Initial Access activity involving AST-0338,64.5,ERADICATION,AST-0022,AST-0338,Government,2026-09-24T18:30:00
INC-2026-0789,Initial Access activity involving AST-0173,91.0,CONTAINMENT,AST-0247,AST-0173,Telecom,2026-09-06T05:03:00
INC-2026-0790,Initial Access activity involving AST-0042,64.0,CONTAINMENT,AST-0022,AST-0042,Government,2026-09-10T07:20:00
INC-2026-0791,Impact activity involving AST-0240,63.3,INVESTIGATING,AST-0004,AST-0240,Government,2026-09-12T03:37:00
INC-2026-0792,Persistence activity involving AST-0028,68.7,INVESTIGATING,AST-0391,AST-0028,Manufacturing,2026-09-27T19:14:00
INC-2026-0793,Lateral Movement activity involving AST-0229,68.5,OPEN,AST-0038,AST-0229,Government,2026-09-10T17:05:00
INC-2026-0794,Initial Access activity involving AST-0176,67.6,ERADICATION,AST-0250,AST-0176,Telecom,2026-09-10T10:48:00
INC-2026-0795,Persistence activity involving AST-0371,82.7,RECOVERY,AST-0035,AST-0371,Government,2026-09-06T23:31:00
INC-2026-0796,Impact activity involving AST-0071,76.8,RESOLVED,AST-0253,AST-0071,Transport,2026-09-01T04:10:00
INC-2026-0797,Impact activity involving AST-0120,74.1,RESOLVED,AST-0034,AST-0120,Government,2026-09-22T06:47:00
INC-2026-0798,Exfiltration activity involving AST-0273,70.4,INVESTIGATING,AST-0326,AST-0273,Education,2026-09-12T17:31:00
INC-2026-0799,Initial Access activity involving AST-0133,63.8,CONTAINMENT,AST-0309,AST-0133,Education,2026-09-23T07:49:00
INC-2026-0800,Lateral Movement activity involving AST-0468,68.9,CONTAINMENT,AST-0466,AST-0468,Defence,2026-09-01T19:11:00
INC-2026-0801,Exfiltration activity involving AST-0439,68.7,INVESTIGATING,AST-0427,AST-0439,IT & ITES,2026-09-27T22:55:00
INC-2026-0802,Credential Access activity involving AST-0120,79.1,OPEN,AST-0201,AST-0120,Telecom,2026-09-09T02:38:00
INC-2026-0803,Credential Access activity involving AST-0256,79.5,INVESTIGATING,AST-0101,AST-0256,Power & Energy,2026-09-04T12:51:00
INC-2026-0804,Impact activity involving AST-0483,72.3,RECOVERY,AST-0327,AST-0483,Education,2026-09-01T10:06:00
INC-2026-0805,Initial Access activity involving AST-0028,57.4,CONTAINMENT,AST-0202,AST-0028,Telecom,2026-09-26T20:42:00
INC-2026-0806,Exfiltration activity involving AST-0227,97.2,RESOLVED,AST-0488,AST-0227,Defence,2026-09-20T21:13:00
INC-2026-0807,Persistence activity involving AST-0119,80.1,RESOLVED,AST-0405,AST-0119,IT & ITES,2026-09-21T02:23:00
INC-2026-0808,Exfiltration activity involving AST-0002,61.3,RESOLVED,AST-0386,AST-0002,Manufacturing,2026-09-15T09:56:00
INC-2026-0809,Lateral Movement activity involving AST-0428,69.5,ERADICATION,AST-0260,AST-0428,Transport,2026-09-11T08:40:00
INC-2026-0810,Exfiltration activity involving AST-0184,88.8,OPEN,AST-0416,AST-0184,IT & ITES,2026-09-23T11:34:00
INC-2026-0811,Exfiltration activity involving AST-0321,88.1,INVESTIGATING,AST-0264,AST-0321,Transport,2026-09-23T07:36:00
INC-2026-0812,Persistence activity involving AST-0059,77.1,RECOVERY,AST-0480,AST-0059,Defence,2026-09-23T12:00:00
INC-2026-0813,Exfiltration activity involving AST-0083,70.6,CONTAINMENT,AST-0326,AST-0083,Education,2026-09-12T07:14:00
INC-2026-0814,Exfiltration activity involving AST-0100,56.1,ERADICATION,AST-0083,AST-0100,Banking & Finance,2026-09-24T02:03:00
INC-2026-0815,Lateral Movement activity involving AST-0143,81.9,ERADICATION,AST-0487,AST-0143,Defence,2026-09-22T13:56:00
INC-2026-0816,Exfiltration activity involving AST-0019,70.3,CONTAINMENT,AST-0334,AST-0019,Education,2026-09-06T05:49:00
INC-2026-0817,Lateral Movement activity involving AST-0341,77.1,INVESTIGATING,AST-0392,AST-0341,Manufacturing,2026-09-20T01:04:00
INC-2026-0818,Initial Access activity involving AST-0191,69.4,RECOVERY,AST-0463,AST-0191,Defence,2026-09-26T13:44:00
INC-2026-0819,Lateral Movement activity involving AST-0412,74.0,OPEN,AST-0486,AST-0412,Defence,2026-09-11T22:55:00
INC-2026-0820,Lateral Movement activity involving AST-0090,92.7,RESOLVED,AST-0103,AST-0090,Power & Energy,2026-09-22T21:52:00
INC-2026-0821,Exfiltration activity involving AST-0079,63.3,ERADICATION,AST-0449,AST-0079,IT & ITES,2026-09-12T14:09:00
INC-2026-0822,Credential Access activity involving AST-0331,72.7,RESOLVED,AST-0071,AST-0331,Banking & Finance,2026-09-18T06:46:00
INC-2026-0823,Lateral Movement activity involving AST-0415,83.1,ERADICATION,AST-0142,AST-0415,Power & Energy,2026-09-15T06:59:00
INC-2026-0824,Persistence activity involving AST-0286,69.8,CONTAINMENT,AST-0227,AST-0286,Telecom,2026-09-03T20:12:00
INC-2026-0825,Exfiltration activity involving AST-0435,75.5,RECOVERY,AST-0361,AST-0435,Manufacturing,2026-09-08T09:49:00
INC-2026-0826,Lateral Movement activity involving AST-0337,79.1,INVESTIGATING,AST-0048,AST-0337,Government,2026-09-07T05:15:00
INC-2026-0827,Exfiltration activity involving AST-0049,67.1,RESOLVED,AST-0166,AST-0049,Healthcare,2026-09-23T15:26:00
INC-2026-0828,Initial Access activity involving AST-0349,81.6,ERADICATION,AST-0391,AST-0349,Manufacturing,2026-09-14T19:03:00
INC-2026-0829,Credential Access activity involving AST-0085,66.0,ERADICATION,AST-0298,AST-0085,Transport,2026-09-09T00:10:00
INC-2026-0830,Initial Access activity involving AST-0385,60.7,ERADICATION,AST-0201,AST-0385,Telecom,2026-09-05T07:26:00
INC-2026-0831,Impact activity involving AST-0362,87.9,ERADICATION,AST-0448,AST-0362,IT & ITES,2026-09-23T12:38:00
INC-2026-0832,Lateral Movement activity involving AST-0070,63.6,INVESTIGATING,AST-0109,AST-0070,Power & Energy,2026-09-16T18:05:00
INC-2026-0833,Exfiltration activity involving AST-0490,66.7,RESOLVED,AST-0309,AST-0490,Education,2026-09-24T19:14:00
INC-2026-0834,Exfiltration activity involving AST-0146,80.3,ERADICATION,AST-0264,AST-0146,Transport,2026-09-23T19:07:00
INC-2026-0835,Lateral Movement activity involving AST-0176,74.4,ERADICATION,AST-0376,AST-0176,Manufacturing,2026-09-22T22:56:00
INC-2026-0836,Lateral Movement activity involving AST-0069,75.6,INVESTIGATING,AST-0186,AST-0069,Healthcare,2026-09-23T22:19:00
INC-2026-0837,Impact activity involving AST-0499,62.9,RESOLVED,AST-0014,AST-0499,Government,2026-09-23T06:06:00
INC-2026-0838,Exfiltration activity involving AST-0199,72.8,INVESTIGATING,AST-0259,AST-0199,Transport,2026-09-06T14:18:00
INC-2026-0839,Lateral Movement activity involving AST-0249,94.7,INVESTIGATING,AST-0235,AST-0249,Telecom,2026-09-15T12:29:00
INC-2026-0840,Impact activity involving AST-0194,70.9,RESOLVED,AST-0136,AST-0194,Power & Energy,2026-09-19T09:57:00
INC-2026-0841,Exfiltration activity involving AST-0474,70.4,CONTAINMENT,AST-0071,AST-0474,Banking & Finance,2026-09-22T23:07:00
INC-2026-0842,Exfiltration activity involving AST-0247,62.2,OPEN,AST-0043,AST-0247,Government,2026-09-01T10:48:00
INC-2026-0843,Lateral Movement activity involving AST-0086,89.1,ERADICATION,AST-0488,AST-0086,Defence,2026-09-01T01:56:00
INC-2026-0844,Lateral Movement activity involving AST-0492,73.6,OPEN,AST-0030,AST-0492,Government,2026-09-27T13:45:00
INC-2026-0845,Persistence activity involving AST-0300,68.9,RESOLVED,AST-0274,AST-0300,Transport,2026-09-24T22:56:00
INC-2026-0846,Persistence activity involving AST-0253,70.2,RESOLVED,AST-0153,AST-0253,Healthcare,2026-09-24T01:40:00
INC-2026-0847,Initial Access activity involving AST-0441,63.0,INVESTIGATING,AST-0076,AST-0441,Banking & Finance,2026-09-01T23:57:00
INC-2026-0848,Credential Access activity involving AST-0483,65.5,CONTAINMENT,AST-0460,AST-0483,Defence,2026-09-12T07:46:00
INC-2026-0849,Impact activity involving AST-0213,72.5,INVESTIGATING,AST-0066,AST-0213,Banking & Finance,2026-09-06T13:01:00
INC-2026-0850,Exfiltration activity involving AST-0120,72.9,OPEN,AST-0454,AST-0120,Defence,2026-09-20T07:53:00
INC-2026-0851,Persistence activity involving AST-0344,89.6,RESOLVED,AST-0281,AST-0344,Transport,2026-09-04T09:10:00
INC-2026-0852,Credential Access activity involving AST-0336,61.2,INVESTIGATING,AST-0234,AST-0336,Telecom,2026-09-07T15:27:00
INC-2026-0853,Initial Access activity involving AST-0326,78.9,RESOLVED,AST-0283,AST-0326,Transport,2026-09-26T22:07:00
INC-2026-0854,Lateral Movement activity involving AST-0365,62.9,INVESTIGATING,AST-0369,AST-0365,Manufacturing,2026-09-26T06:56:00
INC-2026-0855,Impact activity involving AST-0115,72.5,RECOVERY,AST-0074,AST-0115,Banking & Finance,2026-09-04T22:11:00
INC-2026-0856,Lateral Movement activity involving AST-0209,67.8,OPEN,AST-0401,AST-0209,IT & ITES,2026-09-26T03:38:00
INC-2026-0857,Persistence activity involving AST-0236,75.3,RECOVERY,AST-0300,AST-0236,Transport,2026-09-22T11:02:00
INC-2026-0858,Exfiltration activity involving AST-0268,95.5,ERADICATION,AST-0280,AST-0268,Transport,2026-09-24T02:36:00
INC-2026-0859,Credential Access activity involving AST-0107,84.3,OPEN,AST-0441,AST-0107,IT & ITES,2026-09-26T21:26:00
INC-2026-0860,Lateral Movement activity involving AST-0288,75.9,OPEN,AST-0091,AST-0288,Banking & Finance,2026-09-07T19:48:00
INC-2026-0861,Initial Access activity involving AST-0365,86.7,CONTAINMENT,AST-0199,AST-0365,Healthcare,2026-09-14T20:14:00
INC-2026-0862,Lateral Movement activity involving AST-0306,92.7,OPEN,AST-0247,AST-0306,Telecom,2026-09-27T01:05:00
INC-2026-0863,Initial Access activity involving AST-0290,63.5,RECOVERY,AST-0324,AST-0290,Education,2026-09-22T14:01:00
INC-2026-0864,Lateral Movement activity involving AST-0251,68.6,RECOVERY,AST-0262,AST-0251,Transport,2026-09-01T22:11:00
INC-2026-0865,Credential Access activity involving AST-0046,64.7,RESOLVED,AST-0185,AST-0046,Healthcare,2026-09-10T19:23:00
INC-2026-0866,Lateral Movement activity involving AST-0159,71.8,RECOVERY,AST-0172,AST-0159,Healthcare,2026-09-23T06:30:00
INC-2026-0867,Lateral Movement activity involving AST-0047,71.6,RECOVERY,AST-0290,AST-0047,Transport,2026-09-07T20:46:00
INC-2026-0868,Lateral Movement activity involving AST-0154,74.9,ERADICATION,AST-0025,AST-0154,Government,2026-09-27T03:10:00
INC-2026-0869,Initial Access activity involving AST-0242,62.9,INVESTIGATING,AST-0080,AST-0242,Banking & Finance,2026-09-11T15:26:00
INC-2026-0870,Initial Access activity involving AST-0284,65.9,CONTAINMENT,AST-0259,AST-0284,Transport,2026-09-15T18:17:00
INC-2026-0871,Impact activity involving AST-0248,91.2,RESOLVED,AST-0488,AST-0248,Defence,2026-09-03T01:06:00
INC-2026-0872,Initial Access activity involving AST-0105,67.0,CONTAINMENT,AST-0064,AST-0105,Banking & Finance,2026-09-18T20:38:00
INC-2026-0873,Initial Access activity involving AST-0147,71.1,OPEN,AST-0263,AST-0147,Transport,2026-09-05T02:37:00
INC-2026-0874,Credential Access activity involving AST-0328,71.1,CONTAINMENT,AST-0435,AST-0328,IT & ITES,2026-09-26T14:08:00
INC-2026-0875,Impact activity involving AST-0480,90.7,ERADICATION,AST-0178,AST-0480,Healthcare,2026-09-10T11:14:00
INC-2026-0876,Exfiltration activity involving AST-0407,64.7,RESOLVED,AST-0446,AST-0407,IT & ITES,2026-09-01T07:53:00
INC-2026-0877,Impact activity involving AST-0411,72.9,RESOLVED,AST-0371,AST-0411,Manufacturing,2026-09-03T10:16:00
INC-2026-0878,Exfiltration activity involving AST-0457,75.3,CONTAINMENT,AST-0194,AST-0457,Healthcare,2026-09-26T02:00:00
INC-2026-0879,Lateral Movement activity involving AST-0153,83.0,OPEN,AST-0357,AST-0153,Manufacturing,2026-09-18T00:14:00
INC-2026-0880,Credential Access activity involving AST-0331,70.8,RECOVERY,AST-0288,AST-0331,Transport,2026-09-01T21:09:00
INC-2026-0881,Exfiltration activity involving AST-0145,71.8,RECOVERY,AST-0110,AST-0145,Power & Energy,2026-09-25T02:45:00
INC-2026-0882,Impact activity involving AST-0434,62.1,OPEN,AST-0046,AST-0434,Government,2026-09-14T14:49:00
INC-2026-0883,Persistence activity involving AST-0359,81.1,OPEN,AST-0466,AST-0359,Defence,2026-09-12T04:06:00
INC-2026-0884,Credential Access activity involving AST-0148,89.9,ERADICATION,AST-0133,AST-0148,Power & Energy,2026-09-01T21:39:00
INC-2026-0885,Initial Access activity involving AST-0097,65.5,OPEN,AST-0215,AST-0097,Telecom,2026-09-18T06:02:00
INC-2026-0886,Initial Access activity involving AST-0496,73.3,ERADICATION,AST-0420,AST-0496,IT & ITES,2026-09-09T10:10:00
INC-2026-0887,Persistence activity involving AST-0165,77.8,RECOVERY,AST-0114,AST-0165,Power & Energy,2026-09-03T00:00:00
INC-2026-0888,Exfiltration activity involving AST-0088,79.0,ERADICATION,AST-0278,AST-0088,Transport,2026-09-21T06:32:00
INC-2026-0889,Impact activity involving AST-0494,66.6,INVESTIGATING,AST-0091,AST-0494,Banking & Finance,2026-09-23T19:26:00
INC-2026-0890,Lateral Movement activity involving AST-0215,67.5,OPEN,AST-0232,AST-0215,Telecom,2026-09-24T16:21:00
INC-2026-0891,Persistence activity involving AST-0273,72.1,RESOLVED,AST-0129,AST-0273,Power & Energy,2026-09-16T09:43:00
INC-2026-0892,Initial Access activity involving AST-0278,86.0,ERADICATION,AST-0247,AST-0278,Telecom,2026-09-06T00:51:00
INC-2026-0893,Exfiltration activity involving AST-0275,72.3,CONTAINMENT,AST-0313,AST-0275,Education,2026-09-09T11:12:00
INC-2026-0894,Impact activity involving AST-0114,65.4,INVESTIGATING,AST-0188,AST-0114,Healthcare,2026-09-02T07:27:00
INC-2026-0895,Persistence activity involving AST-0125,99.0,OPEN,AST-0471,AST-0125,Defence,2026-09-06T00:08:00
INC-2026-0896,Initial Access activity involving AST-0392,65.2,CONTAINMENT,AST-0082,AST-0392,Banking & Finance,2026-09-09T20:43:00
INC-2026-0897,Exfiltration activity involving AST-0240,67.9,OPEN,AST-0052,AST-0240,Banking & Finance,2026-09-19T21:02:00
INC-2026-0898,Exfiltration activity involving AST-0162,68.3,ERADICATION,AST-0191,AST-0162,Healthcare,2026-09-13T22:10:00
INC-2026-0899,Lateral Movement activity involving AST-0275,75.3,OPEN,AST-0371,AST-0275,Manufacturing,2026-09-17T05:18:00
INC-2026-0900,Impact activity involving AST-0343,70.8,OPEN,AST-0487,AST-0343,Defence,2026-09-22T19:22:00
INC-2026-0901,Lateral Movement activity involving AST-0290,98.3,RECOVERY,AST-0103,AST-0290,Power & Energy,2026-09-05T11:43:00
INC-2026-0902,Lateral Movement activity involving AST-0038,89.5,RESOLVED,AST-0021,AST-0038,Government,2026-09-09T20:26:00
INC-2026-0903,Impact activity involving AST-0109,67.1,OPEN,AST-0221,AST-0109,Telecom,2026-09-21T10:54:00
INC-2026-0904,Exfiltration activity involving AST-0105,74.1,ERADICATION,AST-0118,AST-0105,Power & Energy,2026-09-05T02:16:00
INC-2026-0905,Exfiltration activity involving AST-0163,76.7,INVESTIGATING,AST-0476,AST-0163,Defence,2026-09-01T09:24:00
INC-2026-0906,Initial Access activity involving AST-0334,83.6,RESOLVED,AST-0018,AST-0334,Government,2026-09-05T03:47:00
INC-2026-0907,Credential Access activity involving AST-0171,70.4,RECOVERY,AST-0169,AST-0171,Healthcare,2026-09-02T11:00:00
INC-2026-0908,Lateral Movement activity involving AST-0385,61.7,CONTAINMENT,AST-0377,AST-0385,Manufacturing,2026-09-13T15:02:00
INC-2026-0909,Credential Access activity involving AST-0343,76.9,OPEN,AST-0046,AST-0343,Government,2026-09-06T06:12:00
INC-2026-0910,Lateral Movement activity involving AST-0007,72.5,RESOLVED,AST-0447,AST-0007,IT & ITES,2026-09-02T16:29:00
INC-2026-0911,Persistence activity involving AST-0368,75.7,OPEN,AST-0342,AST-0368,Education,2026-09-24T16:11:00
INC-2026-0912,Impact activity involving AST-0071,70.6,INVESTIGATING,AST-0193,AST-0071,Healthcare,2026-09-13T04:28:00
INC-2026-0913,Persistence activity involving AST-0240,60.2,RESOLVED,AST-0330,AST-0240,Education,2026-09-25T23:12:00
INC-2026-0914,Persistence activity involving AST-0353,84.8,OPEN,AST-0127,AST-0353,Power & Energy,2026-09-02T03:39:00
INC-2026-0915,Initial Access activity involving AST-0372,70.0,OPEN,AST-0431,AST-0372,IT & ITES,2026-09-16T14:24:00
INC-2026-0916,Exfiltration activity involving AST-0251,85.7,OPEN,AST-0249,AST-0251,Telecom,2026-09-26T00:03:00
INC-2026-0917,Impact activity involving AST-0412,78.2,INVESTIGATING,AST-0053,AST-0412,Banking & Finance,2026-09-14T23:56:00
INC-2026-0918,Credential Access activity involving AST-0499,66.1,CONTAINMENT,AST-0317,AST-0499,Education,2026-09-06T13:16:00
INC-2026-0919,Credential Access activity involving AST-0120,61.9,RESOLVED,AST-0358,AST-0120,Manufacturing,2026-09-27T17:03:00
INC-2026-0920,Initial Access activity involving AST-0099,68.9,ERADICATION,AST-0400,AST-0099,Manufacturing,2026-09-20T07:31:00
INC-2026-0921,Credential Access activity involving AST-0077,76.9,INVESTIGATING,AST-0024,AST-0077,Government,2026-09-18T10:36:00
INC-2026-0922,Initial Access activity involving AST-0485,66.6,RECOVERY,AST-0236,AST-0485,Telecom,2026-09-25T04:07:00
INC-2026-0923,Impact activity involving AST-0126,75.7,INVESTIGATING,AST-0205,AST-0126,Telecom,2026-09-13T07:22:00
INC-2026-0924,Initial Access activity involving AST-0007,64.9,RESOLVED,AST-0254,AST-0007,Transport,2026-09-02T20:50:00
INC-2026-0925,Exfiltration activity involving AST-0449,72.7,CONTAINMENT,AST-0071,AST-0449,Banking & Finance,2026-09-22T20:24:00
INC-2026-0926,Lateral Movement activity involving AST-0398,79.3,CONTAINMENT,AST-0427,AST-0398,IT & ITES,2026-09-04T01:28:00
INC-2026-0927,Lateral Movement activity involving AST-0263,58.2,OPEN,AST-0138,AST-0263,Power & Energy,2026-09-18T02:33:00
INC-2026-0928,Lateral Movement activity involving AST-0297,92.4,ERADICATION,AST-0491,AST-0297,Defence,2026-09-19T18:11:00
INC-2026-0929,Impact activity involving AST-0465,89.0,CONTAINMENT,AST-0497,AST-0465,Defence,2026-09-07T18:41:00
INC-2026-0930,Persistence activity involving AST-0441,97.6,RECOVERY,AST-0178,AST-0441,Healthcare,2026-09-11T09:58:00
INC-2026-0931,Initial Access activity involving AST-0431,73.8,ERADICATION,AST-0441,AST-0431,IT & ITES,2026-09-01T05:43:00
INC-2026-0932,Impact activity involving AST-0414,65.0,RESOLVED,AST-0454,AST-0414,Defence,2026-09-17T04:44:00
INC-2026-0933,Exfiltration activity involving AST-0447,82.4,INVESTIGATING,AST-0352,AST-0447,Manufacturing,2026-09-26T19:13:00
INC-2026-0934,Lateral Movement activity involving AST-0087,79.2,RECOVERY,AST-0095,AST-0087,Banking & Finance,2026-09-06T20:57:00
INC-2026-0935,Lateral Movement activity involving AST-0440,64.6,INVESTIGATING,AST-0344,AST-0440,Education,2026-09-06T02:49:00
INC-2026-0936,Credential Access activity involving AST-0109,74.0,CONTAINMENT,AST-0392,AST-0109,Manufacturing,2026-09-09T23:53:00
INC-2026-0937,Lateral Movement activity involving AST-0127,76.9,INVESTIGATING,AST-0075,AST-0127,Banking & Finance,2026-09-05T03:46:00
INC-2026-0938,Lateral Movement activity involving AST-0393,70.6,RESOLVED,AST-0055,AST-0393,Banking & Finance,2026-09-04T01:58:00
INC-2026-0939,Initial Access activity involving AST-0004,66.0,ERADICATION,AST-0480,AST-0004,Defence,2026-09-13T00:26:00
INC-2026-0940,Persistence activity involving AST-0198,92.4,OPEN,AST-0247,AST-0198,Telecom,2026-09-23T14:34:00
INC-2026-0941,Lateral Movement activity involving AST-0181,74.6,OPEN,AST-0310,AST-0181,Education,2026-09-26T11:57:00
INC-2026-0942,Lateral Movement activity involving AST-0337,69.5,INVESTIGATING,AST-0348,AST-0337,Education,2026-09-01T06:00:00
INC-2026-0943,Exfiltration activity involving AST-0100,63.4,RECOVERY,AST-0034,AST-0100,Government,2026-09-10T20:08:00
INC-2026-0944,Impact activity involving AST-0272,82.0,OPEN,AST-0036,AST-0272,Government,2026-09-22T07:40:00
INC-2026-0945,Credential Access activity involving AST-0473,74.1,CONTAINMENT,AST-0053,AST-0473,Banking & Finance,2026-09-22T06:30:00
INC-2026-0946,Credential Access activity involving AST-0180,62.8,CONTAINMENT,AST-0031,AST-0180,Government,2026-09-12T15:02:00
INC-2026-0947,Persistence activity involving AST-0271,54.9,INVESTIGATING,AST-0486,AST-0271,Defence,2026-09-13T04:10:00
INC-2026-0948,Exfiltration activity involving AST-0452,64.1,OPEN,AST-0157,AST-0452,Healthcare,2026-09-15T19:56:00
INC-2026-0949,Exfiltration activity involving AST-0071,76.3,ERADICATION,AST-0047,AST-0071,Government,2026-09-02T14:25:00
INC-2026-0950,Lateral Movement activity involving AST-0495,70.4,OPEN,AST-0303,AST-0495,Education,2026-09-11T04:53:00
INC-2026-0951,Persistence activity involving AST-0450,82.4,RESOLVED,AST-0356,AST-0450,Manufacturing,2026-09-25T14:05:00
INC-2026-0952,Persistence activity involving AST-0126,57.8,ERADICATION,AST-0350,AST-0126,Education,2026-09-25T13:54:00
INC-2026-0953,Exfiltration activity involving AST-0419,73.7,INVESTIGATING,AST-0130,AST-0419,Power & Energy,2026-09-16T19:02:00
INC-2026-0954,Lateral Movement activity involving AST-0395,82.5,INVESTIGATING,AST-0437,AST-0395,IT & ITES,2026-09-14T08:51:00
INC-2026-0955,Impact activity involving AST-0182,71.9,INVESTIGATING,AST-0214,AST-0182,Telecom,2026-09-05T03:22:00
INC-2026-0956,Credential Access activity involving AST-0104,69.0,ERADICATION,AST-0391,AST-0104,Manufacturing,2026-09-14T22:12:00
INC-2026-0957,Initial Access activity involving AST-0098,77.2,OPEN,AST-0420,AST-0098,IT & ITES,2026-09-04T21:09:00
INC-2026-0958,Credential Access activity involving AST-0492,81.6,OPEN,AST-0500,AST-0492,Defence,2026-09-08T10:05:00
INC-2026-0959,Impact activity involving AST-0055,66.0,CONTAINMENT,AST-0396,AST-0055,Manufacturing,2026-09-13T08:39:00
INC-2026-0960,Credential Access activity involving AST-0371,76.5,ERADICATION,AST-0145,AST-0371,Power & Energy,2026-09-01T05:24:00
INC-2026-0961,Lateral Movement activity involving AST-0309,68.5,RESOLVED,AST-0395,AST-0309,Manufacturing,2026-09-14T07:44:00
INC-2026-0962,Credential Access activity involving AST-0100,77.7,RECOVERY,AST-0348,AST-0100,Education,2026-09-03T19:53:00
INC-2026-0963,Initial Access activity involving AST-0025,59.7,OPEN,AST-0070,AST-0025,Banking & Finance,2026-09-27T17:34:00
INC-2026-0964,Lateral Movement activity involving AST-0059,78.2,INVESTIGATING,AST-0055,AST-0059,Banking & Finance,2026-09-15T15:26:00
INC-2026-0965,Lateral Movement activity involving AST-0371,73.7,RECOVERY,AST-0217,AST-0371,Telecom,2026-09-06T10:58:00
INC-2026-0966,Credential Access activity involving AST-0404,75.3,ERADICATION,AST-0409,AST-0404,IT & ITES,2026-09-05T02:18:00
INC-2026-0967,Lateral Movement activity involving AST-0422,76.6,INVESTIGATING,AST-0450,AST-0422,IT & ITES,2026-09-02T03:48:00
INC-2026-0968,Initial Access activity involving AST-0320,72.9,OPEN,AST-0020,AST-0320,Government,2026-09-06T05:20:00
INC-2026-0969,Persistence activity involving AST-0395,83.8,CONTAINMENT,AST-0312,AST-0395,Education,2026-09-26T07:09:00
INC-2026-0970,Credential Access activity involving AST-0411,61.4,INVESTIGATING,AST-0162,AST-0411,Healthcare,2026-09-27T16:13:00
INC-2026-0971,Persistence activity involving AST-0273,65.8,RECOVERY,AST-0210,AST-0273,Telecom,2026-09-14T16:21:00
INC-2026-0972,Initial Access activity involving AST-0449,61.8,INVESTIGATING,AST-0355,AST-0449,Manufacturing,2026-09-18T08:17:00
INC-2026-0973,Credential Access activity involving AST-0255,72.0,RESOLVED,AST-0137,AST-0255,Power & Energy,2026-09-20T05:13:00
INC-2026-0974,Lateral Movement activity involving AST-0365,80.0,CONTAINMENT,AST-0029,AST-0365,Government,2026-09-08T11:13:00
INC-2026-0975,Initial Access activity involving AST-0194,53.5,INVESTIGATING,AST-0492,AST-0194,Defence,2026-09-05T12:47:00
INC-2026-0976,Initial Access activity involving AST-0151,67.1,INVESTIGATING,AST-0495,AST-0151,Defence,2026-09-18T15:41:00
INC-2026-0977,Initial Access activity involving AST-0018,64.2,OPEN,AST-0255,AST-0018,Transport,2026-09-26T02:48:00
INC-2026-0978,Credential Access activity involving AST-0181,83.4,RESOLVED,AST-0330,AST-0181,Education,2026-09-03T05:27:00
INC-2026-0979,Initial Access activity involving AST-0266,71.1,RECOVERY,AST-0479,AST-0266,Defence,2026-09-17T12:50:00
INC-2026-0980,Initial Access activity involving AST-0315,63.4,RESOLVED,AST-0463,AST-0315,Defence,2026-09-11T13:44:00
INC-2026-0981,Lateral Movement activity involving AST-0237,71.6,RECOVERY,AST-0224,AST-0237,Telecom,2026-09-20T21:48:00
INC-2026-0982,Persistence activity involving AST-0268,75.1,ERADICATION,AST-0229,AST-0268,Telecom,2026-09-17T14:11:00
INC-2026-0983,Initial Access activity involving AST-0404,67.6,INVESTIGATING,AST-0156,AST-0404,Healthcare,2026-09-13T09:55:00
INC-2026-0984,Exfiltration activity involving AST-0007,72.1,OPEN,AST-0353,AST-0007,Manufacturing,2026-09-20T00:56:00
INC-2026-0985,Persistence activity involving AST-0177,69.6,RECOVERY,AST-0406,AST-0177,IT & ITES,2026-09-01T14:12:00
INC-2026-0986,Initial Access activity involving AST-0065,69.0,OPEN,AST-0307,AST-0065,Education,2026-09-25T23:02:00
INC-2026-0987,Lateral Movement activity involving AST-0282,75.0,CONTAINMENT,AST-0398,AST-0282,Manufacturing,2026-09-26T15:01:00
INC-2026-0988,Lateral Movement activity involving AST-0001,65.2,RECOVERY,AST-0066,AST-0001,Banking & Finance,2026-09-17T23:26:00
INC-2026-0989,Exfiltration activity involving AST-0206,72.3,RECOVERY,AST-0040,AST-0206,Government,2026-09-22T13:26:00
INC-2026-0990,Exfiltration activity involving AST-0266,58.5,RECOVERY,AST-0116,AST-0266,Power & Energy,2026-09-13T05:36:00
INC-2026-0991,Lateral Movement activity involving AST-0133,77.2,CONTAINMENT,AST-0378,AST-0133,Manufacturing,2026-09-17T06:12:00
INC-2026-0992,Credential Access activity involving AST-0311,80.6,ERADICATION,AST-0280,AST-0311,Transport,2026-09-19T05:05:00
INC-2026-0993,Credential Access activity involving AST-0139,63.7,RESOLVED,AST-0297,AST-0139,Transport,2026-09-04T21:34:00
INC-2026-0994,Lateral Movement activity involving AST-0407,91.7,OPEN,AST-0264,AST-0407,Transport,2026-09-21T00:27:00
INC-2026-0995,Credential Access activity involving AST-0155,68.8,RECOVERY,AST-0221,AST-0155,Telecom,2026-09-14T10:57:00
INC-2026-0996,Credential Access activity involving AST-0294,82.9,RESOLVED,AST-0227,AST-0294,Telecom,2026-09-06T00:01:00
INC-2026-0997,Impact activity involving AST-0174,62.5,RESOLVED,AST-0319,AST-0174,Education,2026-09-11T23:30:00
INC-2026-0998,Impact activity involving AST-0160,67.3,OPEN,AST-0417,AST-0160,IT & ITES,2026-09-05T21:55:00
INC-2026-0999,Lateral Movement activity involving AST-0085,71.2,RESOLVED,AST-0008,AST-0085,Government,2026-09-21T10:42:00
INC-2026-1000,Persistence activity involving AST-0157,66.0,ERADICATION,AST-0411,AST-0157,IT & ITES,2026-09-21T17:35:00
