threat_id,event_id,timestamp,threat_type,severity,confidence,risk_score,status
THR-00001,EVT-019071,2026-09-03T00:06:00,Service Enumeration,MEDIUM,0.969,91.9,NEW
THR-00002,EVT-023478,2026-09-12T18:46:00,Script Activity,HIGH,0.865,52.1,MONITORING
THR-00003,EVT-005688,2026-09-06T23:38:00,Process Anomaly,HIGH,0.966,69.8,MONITORING
THR-00004,EVT-022900,2026-09-23T12:16:00,Scheduled Task,HIGH,0.855,51.0,NEW
THR-00005,EVT-009123,2026-09-23T05:10:00,Process Anomaly,HIGH,0.775,64.3,INVESTIGATING
THR-00006,EVT-019511,2026-09-08T02:41:00,Scheduled Task,HIGH,0.881,92.9,MONITORING
THR-00007,EVT-001202,2026-09-27T22:48:00,Service Enumeration,MEDIUM,0.742,71.1,INVESTIGATING
THR-00008,EVT-018793,2026-09-15T23:45:00,Archive Transfer,CRITICAL,0.848,90.4,MONITORING
THR-00009,EVT-026103,2026-09-27T13:22:00,Phishing Link,HIGH,0.914,62.6,CONTAINED
THR-00010,EVT-017247,2026-09-20T05:48:00,Password Spray,HIGH,0.967,74.9,NEW
THR-00011,EVT-010407,2026-09-08T04:50:00,Suspicious External Connection,HIGH,0.792,54.5,NEW
THR-00012,EVT-005140,2026-09-26T15:40:00,RDP Activity,CRITICAL,0.748,56.0,INVESTIGATING
THR-00013,EVT-025446,2026-09-22T03:39:00,Service Enumeration,MEDIUM,0.763,46.6,INVESTIGATING
THR-00014,EVT-021447,2026-09-09T22:20:00,Mass File Modification,CRITICAL,0.924,82.9,INVESTIGATING
THR-00015,EVT-014830,2026-09-07T15:38:00,Port Scan,MEDIUM,0.866,55.7,CONTAINED
THR-00016,EVT-008380,2026-09-23T20:38:00,Archive Transfer,CRITICAL,0.97,53.0,CONTAINED
THR-00017,EVT-002218,2026-09-13T07:50:00,Service Disruption,CRITICAL,0.821,47.4,INVESTIGATING
THR-00018,EVT-020913,2026-09-24T17:28:00,Password Spray,HIGH,0.811,87.7,CONTAINED
THR-00019,EVT-006317,2026-09-17T18:00:00,Credential Stuffing,HIGH,0.797,78.0,CONTAINED
THR-00020,EVT-029447,2026-09-22T01:46:00,Credential Stuffing,HIGH,0.859,67.2,NEW
THR-00021,EVT-005332,2026-09-06T15:19:00,Suspicious External Connection,HIGH,0.804,87.1,CONTAINED
THR-00022,EVT-003786,2026-09-07T14:57:00,Password Spray,HIGH,0.842,78.7,MONITORING
THR-00023,EVT-026191,2026-09-13T07:07:00,Phishing Link,HIGH,0.893,78.4,NEW
THR-00024,EVT-002250,2026-09-23T10:28:00,Suspicious Login,HIGH,0.78,97.5,CONTAINED
THR-00025,EVT-011953,2026-09-13T21:29:00,Script Activity,HIGH,0.839,51.8,NEW
THR-00026,EVT-003637,2026-09-25T09:47:00,Password Spray,HIGH,0.834,51.5,MONITORING
THR-00027,EVT-017856,2026-09-13T08:05:00,New Service,HIGH,0.728,76.4,INVESTIGATING
THR-00028,EVT-003132,2026-09-12T05:41:00,Network Scan,MEDIUM,0.789,81.9,MONITORING
THR-00029,EVT-012785,2026-09-08T23:39:00,Exploit Attempt,HIGH,0.739,58.0,CONTAINED
THR-00030,EVT-002393,2026-09-22T13:26:00,Service Enumeration,MEDIUM,0.74,68.1,NEW
THR-00031,EVT-019069,2026-09-25T12:18:00,Suspicious Login,HIGH,0.703,57.9,NEW
THR-00032,EVT-015367,2026-09-22T20:04:00,Remote Service,CRITICAL,0.782,62.8,INVESTIGATING
THR-00033,EVT-009241,2026-09-26T08:43:00,Brute Force,HIGH,0.835,81.0,INVESTIGATING
THR-00034,EVT-018452,2026-09-05T03:34:00,Command Execution,HIGH,0.727,91.5,MONITORING
THR-00035,EVT-014978,2026-09-22T10:48:00,Brute Force,HIGH,0.846,53.6,MONITORING
THR-00036,EVT-008313,2026-09-05T18:47:00,Registry Change,HIGH,0.821,83.9,CONTAINED
THR-00037,EVT-022743,2026-09-18T12:01:00,Scheduled Task,HIGH,0.72,63.3,NEW
THR-00038,EVT-020466,2026-09-01T03:40:00,Exploit Attempt,HIGH,0.875,59.7,MONITORING
THR-00039,EVT-016419,2026-09-10T16:42:00,Internal Login Burst,CRITICAL,0.885,72.2,NEW
THR-00040,EVT-008205,2026-09-03T11:12:00,Remote Service,CRITICAL,0.916,47.7,INVESTIGATING
THR-00041,EVT-016806,2026-09-14T00:39:00,Internal Login Burst,CRITICAL,0.828,90.1,CONTAINED
THR-00042,EVT-029754,2026-09-19T03:58:00,RDP Activity,CRITICAL,0.823,65.0,INVESTIGATING
THR-00043,EVT-000361,2026-09-27T23:26:00,Brute Force,HIGH,0.715,66.8,NEW
THR-00044,EVT-020251,2026-09-22T18:25:00,Password Spray,HIGH,0.8,69.0,INVESTIGATING
THR-00045,EVT-006339,2026-09-09T23:27:00,Network Scan,MEDIUM,0.954,56.2,NEW
THR-00046,EVT-001591,2026-09-04T18:37:00,Service Enumeration,MEDIUM,0.813,45.5,INVESTIGATING
THR-00047,EVT-021303,2026-09-02T23:48:00,Brute Force,HIGH,0.944,48.8,NEW
THR-00048,EVT-014172,2026-09-18T00:58:00,Ransomware-like Activity,CRITICAL,0.987,94.2,MONITORING
THR-00049,EVT-025926,2026-09-22T05:12:00,Command Execution,HIGH,0.929,59.1,NEW
THR-00050,EVT-009573,2026-09-04T05:13:00,Brute Force,HIGH,0.973,92.9,NEW
THR-00051,EVT-006871,2026-09-11T10:20:00,Script Activity,HIGH,0.971,46.6,INVESTIGATING
THR-00052,EVT-023156,2026-09-10T21:49:00,Registry Change,HIGH,0.94,93.5,INVESTIGATING
THR-00053,EVT-006760,2026-09-20T06:58:00,Credential Stuffing,HIGH,0.827,62.3,NEW
THR-00054,EVT-017346,2026-09-09T06:20:00,Network Scan,MEDIUM,0.838,58.7,CONTAINED
THR-00055,EVT-018728,2026-09-01T16:48:00,Ransomware-like Activity,CRITICAL,0.875,46.9,CONTAINED
THR-00056,EVT-013886,2026-09-06T17:27:00,Remote Service,CRITICAL,0.804,78.5,NEW
THR-00057,EVT-025591,2026-09-13T16:12:00,Service Disruption,CRITICAL,0.826,60.0,NEW
THR-00058,EVT-029308,2026-09-19T09:31:00,Suspicious External Connection,HIGH,0.818,57.0,INVESTIGATING
THR-00059,EVT-016233,2026-09-18T14:17:00,Credential Stuffing,HIGH,0.903,68.4,INVESTIGATING
THR-00060,EVT-016106,2026-09-08T04:50:00,Exploit Attempt,HIGH,0.989,78.9,MONITORING
THR-00061,EVT-026445,2026-09-02T17:41:00,Password Spray,HIGH,0.906,77.6,CONTAINED
THR-00062,EVT-004941,2026-09-04T00:04:00,Credential Stuffing,HIGH,0.734,86.0,MONITORING
THR-00063,EVT-013895,2026-09-19T14:20:00,Network Scan,MEDIUM,0.902,93.6,INVESTIGATING
THR-00064,EVT-023679,2026-09-20T00:38:00,Service Disruption,CRITICAL,0.719,83.4,NEW
THR-00065,EVT-010970,2026-09-26T06:51:00,Registry Change,HIGH,0.774,65.0,MONITORING
THR-00066,EVT-007014,2026-09-09T22:04:00,Phishing Link,HIGH,0.716,67.5,NEW
THR-00067,EVT-000631,2026-09-07T16:24:00,RDP Activity,CRITICAL,0.855,53.9,NEW
THR-00068,EVT-000655,2026-09-09T04:19:00,Unusual Upload,CRITICAL,0.868,48.1,NEW
THR-00069,EVT-014804,2026-09-08T22:37:00,Ransomware-like Activity,CRITICAL,0.971,61.1,CONTAINED
THR-00070,EVT-025510,2026-09-19T12:00:00,Credential Stuffing,HIGH,0.903,82.8,NEW
THR-00071,EVT-009475,2026-09-21T07:39:00,Brute Force,HIGH,0.983,45.0,NEW
THR-00072,EVT-014292,2026-09-14T14:42:00,Mass File Modification,CRITICAL,0.843,90.4,INVESTIGATING
THR-00073,EVT-009838,2026-09-14T17:26:00,Large Outbound Transfer,CRITICAL,0.701,51.3,MONITORING
THR-00074,EVT-026152,2026-09-14T12:14:00,Suspicious Login,HIGH,0.862,58.8,INVESTIGATING
THR-00075,EVT-021752,2026-09-07T03:05:00,Service Disruption,CRITICAL,0.908,71.6,INVESTIGATING
THR-00076,EVT-008097,2026-09-09T11:50:00,Remote Service,CRITICAL,0.951,91.2,MONITORING
THR-00077,EVT-019884,2026-09-14T07:53:00,Service Enumeration,MEDIUM,0.798,58.6,MONITORING
THR-00078,EVT-006685,2026-09-16T14:23:00,Brute Force,HIGH,0.911,52.2,CONTAINED
THR-00079,EVT-022937,2026-09-16T00:08:00,Process Anomaly,HIGH,0.752,53.3,INVESTIGATING
THR-00080,EVT-018048,2026-09-09T14:52:00,Suspicious Login,HIGH,0.803,97.1,INVESTIGATING
THR-00081,EVT-016098,2026-09-10T20:17:00,Remote Service,CRITICAL,0.851,46.1,MONITORING
THR-00082,EVT-017131,2026-09-12T21:25:00,Service Enumeration,MEDIUM,0.804,93.1,CONTAINED
THR-00083,EVT-025217,2026-09-22T00:12:00,Mass File Modification,CRITICAL,0.901,82.5,CONTAINED
THR-00084,EVT-002130,2026-09-05T23:17:00,New Service,HIGH,0.724,57.7,NEW
THR-00085,EVT-018412,2026-09-06T18:20:00,Port Scan,MEDIUM,0.832,89.0,NEW
THR-00086,EVT-021561,2026-09-20T05:30:00,Phishing Link,HIGH,0.761,45.6,NEW
THR-00087,EVT-021190,2026-09-12T17:52:00,Script Activity,HIGH,0.916,81.9,CONTAINED
THR-00088,EVT-011479,2026-09-05T03:33:00,RDP Activity,CRITICAL,0.846,94.4,CONTAINED
THR-00089,EVT-008084,2026-09-17T06:59:00,Password Spray,HIGH,0.926,75.3,CONTAINED
THR-00090,EVT-022781,2026-09-27T15:41:00,Unusual Upload,CRITICAL,0.935,90.1,CONTAINED
THR-00091,EVT-018022,2026-09-13T19:35:00,Service Enumeration,MEDIUM,0.882,55.0,NEW
THR-00092,EVT-020970,2026-09-11T01:41:00,SMB Activity,CRITICAL,0.764,85.2,INVESTIGATING
THR-00093,EVT-002780,2026-09-18T21:58:00,Network Scan,MEDIUM,0.82,46.7,MONITORING
THR-00094,EVT-005444,2026-09-03T09:53:00,Archive Transfer,CRITICAL,0.799,91.6,MONITORING
THR-00095,EVT-022454,2026-09-20T19:47:00,SMB Activity,CRITICAL,0.779,63.1,INVESTIGATING
THR-00096,EVT-028444,2026-09-03T20:08:00,Brute Force,HIGH,0.959,55.2,CONTAINED
THR-00097,EVT-028662,2026-09-12T07:23:00,Suspicious External Connection,HIGH,0.768,92.2,MONITORING
THR-00098,EVT-029731,2026-09-26T15:49:00,Service Enumeration,MEDIUM,0.939,69.8,INVESTIGATING
THR-00099,EVT-000915,2026-09-17T19:10:00,Remote Service,CRITICAL,0.926,64.4,INVESTIGATING
THR-00100,EVT-007667,2026-09-15T20:52:00,Command Execution,HIGH,0.942,50.7,CONTAINED
THR-00101,EVT-021004,2026-09-09T14:18:00,Process Anomaly,HIGH,0.761,75.1,NEW
THR-00102,EVT-000362,2026-09-22T04:39:00,Ransomware-like Activity,CRITICAL,0.843,77.1,NEW
THR-00103,EVT-006100,2026-09-11T07:36:00,Network Scan,MEDIUM,0.856,47.4,NEW
THR-00104,EVT-000720,2026-09-11T08:45:00,Script Activity,HIGH,0.822,73.4,CONTAINED
THR-00105,EVT-019144,2026-09-05T10:32:00,Archive Transfer,CRITICAL,0.718,69.7,NEW
THR-00106,EVT-028275,2026-09-06T03:30:00,Registry Change,HIGH,0.869,67.0,INVESTIGATING
THR-00107,EVT-029189,2026-09-01T21:10:00,Service Disruption,CRITICAL,0.801,71.2,CONTAINED
THR-00108,EVT-010252,2026-09-05T07:28:00,Mass File Modification,CRITICAL,0.85,58.5,CONTAINED
THR-00109,EVT-016384,2026-09-24T20:19:00,Process Anomaly,HIGH,0.861,76.7,INVESTIGATING
THR-00110,EVT-024009,2026-09-11T00:06:00,Password Spray,HIGH,0.79,60.9,MONITORING
THR-00111,EVT-015403,2026-09-26T11:18:00,Network Scan,MEDIUM,0.73,67.8,CONTAINED
THR-00112,EVT-013256,2026-09-12T17:44:00,Script Activity,HIGH,0.844,88.8,CONTAINED
THR-00113,EVT-004065,2026-09-03T15:39:00,Service Disruption,CRITICAL,0.882,71.3,NEW
THR-00114,EVT-027985,2026-09-11T12:53:00,Suspicious External Connection,HIGH,0.751,87.6,CONTAINED
THR-00115,EVT-007574,2026-09-04T10:49:00,Archive Transfer,CRITICAL,0.768,92.1,INVESTIGATING
THR-00116,EVT-027631,2026-09-21T17:07:00,Unusual Upload,CRITICAL,0.854,96.9,NEW
THR-00117,EVT-006373,2026-09-10T21:00:00,Internal Login Burst,CRITICAL,0.968,86.5,INVESTIGATING
THR-00118,EVT-011768,2026-09-04T04:21:00,Command Execution,HIGH,0.736,83.1,INVESTIGATING
THR-00119,EVT-019070,2026-09-18T14:25:00,Remote Service,CRITICAL,0.753,53.8,INVESTIGATING
THR-00120,EVT-012049,2026-09-23T02:07:00,Registry Change,HIGH,0.703,59.5,INVESTIGATING
THR-00121,EVT-002892,2026-09-17T11:11:00,Remote Service,CRITICAL,0.888,90.3,MONITORING
THR-00122,EVT-025352,2026-09-10T19:00:00,Port Scan,MEDIUM,0.755,74.3,INVESTIGATING
THR-00123,EVT-009756,2026-09-03T01:22:00,Port Scan,MEDIUM,0.78,91.6,CONTAINED
THR-00124,EVT-015496,2026-09-11T23:36:00,Process Anomaly,HIGH,0.851,78.0,CONTAINED
THR-00125,EVT-016101,2026-09-26T09:23:00,Suspicious Login,HIGH,0.818,72.2,MONITORING
THR-00126,EVT-000794,2026-09-11T21:42:00,Service Disruption,CRITICAL,0.724,66.7,INVESTIGATING
THR-00127,EVT-013768,2026-09-19T16:23:00,Registry Change,HIGH,0.941,48.2,MONITORING
THR-00128,EVT-019642,2026-09-25T16:08:00,Password Spray,HIGH,0.731,73.6,INVESTIGATING
THR-00129,EVT-009516,2026-09-18T01:45:00,Exploit Attempt,HIGH,0.901,80.7,NEW
THR-00130,EVT-012193,2026-09-14T19:33:00,Port Scan,MEDIUM,0.86,48.4,CONTAINED
THR-00131,EVT-006945,2026-09-08T02:49:00,Ransomware-like Activity,CRITICAL,0.834,63.0,CONTAINED
THR-00132,EVT-002367,2026-09-10T06:39:00,Suspicious Login,HIGH,0.921,80.5,NEW
THR-00133,EVT-025664,2026-09-18T12:12:00,Large Outbound Transfer,CRITICAL,0.918,71.7,MONITORING
THR-00134,EVT-024354,2026-09-07T19:17:00,Exploit Attempt,HIGH,0.873,81.3,CONTAINED
THR-00135,EVT-012259,2026-09-05T20:52:00,Exploit Attempt,HIGH,0.732,89.7,INVESTIGATING
THR-00136,EVT-020972,2026-09-01T11:40:00,Script Activity,HIGH,0.723,75.7,CONTAINED
THR-00137,EVT-010452,2026-09-11T21:43:00,Password Spray,HIGH,0.718,83.2,INVESTIGATING
THR-00138,EVT-023417,2026-09-13T00:53:00,Exploit Attempt,HIGH,0.797,45.7,INVESTIGATING
THR-00139,EVT-027998,2026-09-22T13:53:00,Scheduled Task,HIGH,0.928,90.9,NEW
THR-00140,EVT-006375,2026-09-26T18:40:00,RDP Activity,CRITICAL,0.979,54.0,NEW
THR-00141,EVT-006308,2026-09-09T11:59:00,Internal Login Burst,CRITICAL,0.893,68.8,NEW
THR-00142,EVT-020656,2026-09-26T18:02:00,Brute Force,HIGH,0.726,84.6,MONITORING
THR-00143,EVT-002836,2026-09-10T17:08:00,Mass File Modification,CRITICAL,0.803,53.8,NEW
THR-00144,EVT-019566,2026-09-12T02:24:00,Process Anomaly,HIGH,0.701,96.9,MONITORING
THR-00145,EVT-003043,2026-09-15T23:49:00,Internal Login Burst,CRITICAL,0.83,88.7,CONTAINED
THR-00146,EVT-021612,2026-09-19T12:29:00,Mass File Modification,CRITICAL,0.743,87.0,INVESTIGATING
THR-00147,EVT-000801,2026-09-23T23:11:00,RDP Activity,CRITICAL,0.815,97.0,MONITORING
THR-00148,EVT-026493,2026-09-08T02:53:00,Network Scan,MEDIUM,0.879,96.2,NEW
THR-00149,EVT-026151,2026-09-06T17:41:00,Large Outbound Transfer,CRITICAL,0.945,98.0,MONITORING
THR-00150,EVT-029940,2026-09-05T19:56:00,Port Scan,MEDIUM,0.75,45.4,NEW
THR-00151,EVT-004984,2026-09-19T09:38:00,Service Enumeration,MEDIUM,0.741,85.8,MONITORING
THR-00152,EVT-002756,2026-09-18T11:09:00,New Service,HIGH,0.932,89.6,MONITORING
THR-00153,EVT-027205,2026-09-16T09:53:00,Port Scan,MEDIUM,0.815,70.3,INVESTIGATING
THR-00154,EVT-003570,2026-09-07T19:54:00,Brute Force,HIGH,0.881,56.6,CONTAINED
THR-00155,EVT-009327,2026-09-08T03:33:00,Internal Login Burst,CRITICAL,0.881,59.8,NEW
THR-00156,EVT-026584,2026-09-20T19:40:00,Network Scan,MEDIUM,0.863,85.6,INVESTIGATING
THR-00157,EVT-009216,2026-09-15T00:28:00,Exploit Attempt,HIGH,0.71,72.3,NEW
THR-00158,EVT-028827,2026-09-05T06:42:00,RDP Activity,CRITICAL,0.878,95.0,NEW
THR-00159,EVT-027677,2026-09-24T12:34:00,Service Enumeration,MEDIUM,0.957,49.1,CONTAINED
THR-00160,EVT-025197,2026-09-11T08:17:00,Ransomware-like Activity,CRITICAL,0.75,87.5,NEW
THR-00161,EVT-023318,2026-09-04T07:35:00,Suspicious External Connection,HIGH,0.894,61.8,NEW
THR-00162,EVT-023708,2026-09-10T09:33:00,Command Execution,HIGH,0.897,49.0,CONTAINED
THR-00163,EVT-012581,2026-09-17T21:57:00,Internal Login Burst,CRITICAL,0.921,96.8,NEW
THR-00164,EVT-019098,2026-09-15T06:18:00,Remote Service,CRITICAL,0.91,97.8,NEW
THR-00165,EVT-009324,2026-09-08T17:09:00,Exploit Attempt,HIGH,0.945,53.9,NEW
THR-00166,EVT-017591,2026-09-22T09:25:00,Credential Stuffing,HIGH,0.921,45.8,INVESTIGATING
THR-00167,EVT-020707,2026-09-06T12:25:00,Script Activity,HIGH,0.983,61.0,MONITORING
THR-00168,EVT-022148,2026-09-22T13:58:00,Password Spray,HIGH,0.769,71.4,NEW
THR-00169,EVT-018459,2026-09-04T03:40:00,Credential Stuffing,HIGH,0.733,45.8,NEW
THR-00170,EVT-009700,2026-09-02T07:48:00,Mass File Modification,CRITICAL,0.76,89.1,MONITORING
THR-00171,EVT-023852,2026-09-09T14:54:00,Unusual Upload,CRITICAL,0.838,51.0,INVESTIGATING
THR-00172,EVT-015176,2026-09-15T12:26:00,Mass File Modification,CRITICAL,0.825,87.8,INVESTIGATING
THR-00173,EVT-013730,2026-09-21T18:19:00,Port Scan,MEDIUM,0.839,96.4,INVESTIGATING
THR-00174,EVT-001947,2026-09-13T02:08:00,Port Scan,MEDIUM,0.87,71.6,CONTAINED
THR-00175,EVT-020256,2026-09-11T04:42:00,Suspicious Login,HIGH,0.881,81.5,MONITORING
THR-00176,EVT-013907,2026-09-07T19:01:00,Script Activity,HIGH,0.872,62.9,INVESTIGATING
THR-00177,EVT-027130,2026-09-27T05:11:00,Network Scan,MEDIUM,0.724,85.2,NEW
THR-00178,EVT-020157,2026-09-03T07:44:00,Exploit Attempt,HIGH,0.861,51.5,INVESTIGATING
THR-00179,EVT-005813,2026-09-17T21:48:00,Scheduled Task,HIGH,0.9,98.9,INVESTIGATING
THR-00180,EVT-028272,2026-09-17T21:31:00,Scheduled Task,HIGH,0.758,58.9,MONITORING
THR-00181,EVT-018153,2026-09-18T05:04:00,Phishing Link,HIGH,0.842,78.1,CONTAINED
THR-00182,EVT-007835,2026-09-07T05:23:00,SMB Activity,CRITICAL,0.732,53.9,NEW
THR-00183,EVT-029148,2026-09-23T03:07:00,New Service,HIGH,0.719,72.0,NEW
THR-00184,EVT-001335,2026-09-15T06:55:00,Internal Login Burst,CRITICAL,0.784,94.8,MONITORING
THR-00185,EVT-025001,2026-09-15T07:50:00,SMB Activity,CRITICAL,0.702,52.6,MONITORING
THR-00186,EVT-018546,2026-09-26T21:29:00,SMB Activity,CRITICAL,0.74,65.7,MONITORING
THR-00187,EVT-019043,2026-09-17T22:39:00,Internal Login Burst,CRITICAL,0.704,88.1,MONITORING
THR-00188,EVT-023518,2026-09-08T15:36:00,Exploit Attempt,HIGH,0.798,58.3,NEW
THR-00189,EVT-005937,2026-09-01T02:20:00,Scheduled Task,HIGH,0.735,47.1,CONTAINED
THR-00190,EVT-028120,2026-09-07T16:16:00,Brute Force,HIGH,0.751,45.4,NEW
THR-00191,EVT-005164,2026-09-01T18:48:00,Credential Stuffing,HIGH,0.922,48.8,INVESTIGATING
THR-00192,EVT-027670,2026-09-21T01:06:00,Ransomware-like Activity,CRITICAL,0.902,94.9,MONITORING
THR-00193,EVT-002183,2026-09-22T09:51:00,Brute Force,HIGH,0.844,63.2,MONITORING
THR-00194,EVT-024570,2026-09-21T04:13:00,SMB Activity,CRITICAL,0.757,73.8,NEW
THR-00195,EVT-004414,2026-09-01T20:23:00,Internal Login Burst,CRITICAL,0.88,79.0,MONITORING
THR-00196,EVT-021753,2026-09-14T20:35:00,Brute Force,HIGH,0.758,91.2,NEW
THR-00197,EVT-026840,2026-09-24T01:09:00,Phishing Link,HIGH,0.932,73.9,NEW
THR-00198,EVT-016973,2026-09-25T00:14:00,Command Execution,HIGH,0.933,79.2,MONITORING
THR-00199,EVT-001364,2026-09-22T03:17:00,Mass File Modification,CRITICAL,0.843,62.4,INVESTIGATING
THR-00200,EVT-015266,2026-09-12T14:11:00,Scheduled Task,HIGH,0.777,96.2,CONTAINED
THR-00201,EVT-004266,2026-09-14T17:20:00,Suspicious Login,HIGH,0.897,76.0,CONTAINED
THR-00202,EVT-011256,2026-09-08T12:59:00,Port Scan,MEDIUM,0.987,70.6,NEW
THR-00203,EVT-024620,2026-09-04T06:53:00,Unusual Upload,CRITICAL,0.853,76.4,CONTAINED
THR-00204,EVT-010037,2026-09-26T07:09:00,Command Execution,HIGH,0.878,82.9,CONTAINED
THR-00205,EVT-019635,2026-09-14T23:24:00,Command Execution,HIGH,0.777,79.6,CONTAINED
THR-00206,EVT-009845,2026-09-11T15:43:00,Brute Force,HIGH,0.89,53.8,INVESTIGATING
THR-00207,EVT-022953,2026-09-24T20:07:00,SMB Activity,CRITICAL,0.796,91.8,MONITORING
THR-00208,EVT-008201,2026-09-05T14:13:00,Brute Force,HIGH,0.786,77.1,NEW
THR-00209,EVT-005079,2026-09-04T13:39:00,Suspicious Login,HIGH,0.979,85.6,MONITORING
THR-00210,EVT-009583,2026-09-01T12:12:00,Scheduled Task,HIGH,0.967,70.0,INVESTIGATING
THR-00211,EVT-013213,2026-09-05T23:48:00,Suspicious External Connection,HIGH,0.703,75.9,CONTAINED
THR-00212,EVT-005284,2026-09-19T08:31:00,Large Outbound Transfer,CRITICAL,0.937,50.2,INVESTIGATING
THR-00213,EVT-005158,2026-09-26T11:49:00,Network Scan,MEDIUM,0.713,65.0,CONTAINED
THR-00214,EVT-012123,2026-09-15T04:03:00,Service Enumeration,MEDIUM,0.777,98.6,CONTAINED
THR-00215,EVT-013060,2026-09-10T18:39:00,New Service,HIGH,0.988,75.5,INVESTIGATING
THR-00216,EVT-028780,2026-09-22T21:18:00,Credential Stuffing,HIGH,0.727,83.5,INVESTIGATING
THR-00217,EVT-005219,2026-09-20T13:56:00,New Service,HIGH,0.989,68.2,INVESTIGATING
THR-00218,EVT-029638,2026-09-18T08:09:00,Archive Transfer,CRITICAL,0.706,64.6,CONTAINED
THR-00219,EVT-013600,2026-09-23T15:18:00,Brute Force,HIGH,0.974,53.0,CONTAINED
THR-00220,EVT-015232,2026-09-05T15:20:00,Exploit Attempt,HIGH,0.982,95.7,CONTAINED
THR-00221,EVT-023711,2026-09-09T00:58:00,Brute Force,HIGH,0.912,75.3,NEW
THR-00222,EVT-014665,2026-09-09T07:15:00,Large Outbound Transfer,CRITICAL,0.98,88.3,INVESTIGATING
THR-00223,EVT-010257,2026-09-16T00:48:00,Registry Change,HIGH,0.811,50.0,INVESTIGATING
THR-00224,EVT-001717,2026-09-11T16:30:00,Command Execution,HIGH,0.7,80.1,NEW
THR-00225,EVT-029570,2026-09-12T12:36:00,SMB Activity,CRITICAL,0.804,86.2,CONTAINED
THR-00226,EVT-006415,2026-09-04T02:48:00,Scheduled Task,HIGH,0.886,92.8,CONTAINED
THR-00227,EVT-028323,2026-09-01T22:36:00,Suspicious External Connection,HIGH,0.871,62.0,NEW
THR-00228,EVT-008027,2026-09-04T03:58:00,Internal Login Burst,CRITICAL,0.835,98.9,CONTAINED
THR-00229,EVT-029628,2026-09-22T08:49:00,Scheduled Task,HIGH,0.907,64.4,CONTAINED
THR-00230,EVT-016776,2026-09-13T06:24:00,Registry Change,HIGH,0.789,92.4,NEW
THR-00231,EVT-006388,2026-09-13T11:31:00,Scheduled Task,HIGH,0.735,93.7,CONTAINED
THR-00232,EVT-024435,2026-09-12T19:17:00,Exploit Attempt,HIGH,0.763,47.8,NEW
THR-00233,EVT-014708,2026-09-02T16:41:00,Internal Login Burst,CRITICAL,0.872,95.0,MONITORING
THR-00234,EVT-021846,2026-09-14T07:09:00,Unusual Upload,CRITICAL,0.866,87.2,NEW
THR-00235,EVT-008858,2026-09-11T23:44:00,Service Enumeration,MEDIUM,0.731,66.5,CONTAINED
THR-00236,EVT-026385,2026-09-04T12:43:00,Command Execution,HIGH,0.812,96.0,NEW
THR-00237,EVT-000473,2026-09-21T02:53:00,Command Execution,HIGH,0.955,81.7,MONITORING
THR-00238,EVT-003473,2026-09-07T01:48:00,Service Enumeration,MEDIUM,0.75,88.6,NEW
THR-00239,EVT-002316,2026-09-08T18:22:00,New Service,HIGH,0.821,46.0,NEW
THR-00240,EVT-029715,2026-09-17T05:04:00,Mass File Modification,CRITICAL,0.853,55.1,CONTAINED
THR-00241,EVT-011207,2026-09-23T03:28:00,Internal Login Burst,CRITICAL,0.776,73.6,NEW
THR-00242,EVT-007735,2026-09-05T10:23:00,Phishing Link,HIGH,0.967,50.8,NEW
THR-00243,EVT-022450,2026-09-01T11:16:00,Phishing Link,HIGH,0.978,94.5,CONTAINED
THR-00244,EVT-027628,2026-09-04T11:21:00,Credential Stuffing,HIGH,0.955,82.8,CONTAINED
THR-00245,EVT-017297,2026-09-05T03:31:00,Service Enumeration,MEDIUM,0.957,59.7,CONTAINED
THR-00246,EVT-011149,2026-09-11T10:11:00,Registry Change,HIGH,0.833,63.2,NEW
THR-00247,EVT-021686,2026-09-26T15:39:00,Process Anomaly,HIGH,0.723,74.6,NEW
THR-00248,EVT-018442,2026-09-12T15:02:00,Exploit Attempt,HIGH,0.937,66.3,NEW
THR-00249,EVT-018917,2026-09-06T10:22:00,Unusual Upload,CRITICAL,0.881,70.0,INVESTIGATING
THR-00250,EVT-008057,2026-09-27T07:27:00,Password Spray,HIGH,0.819,56.9,MONITORING
THR-00251,EVT-001013,2026-09-20T19:52:00,SMB Activity,CRITICAL,0.969,70.8,MONITORING
THR-00252,EVT-025216,2026-09-20T17:35:00,Brute Force,HIGH,0.881,46.7,CONTAINED
THR-00253,EVT-024075,2026-09-27T21:34:00,Ransomware-like Activity,CRITICAL,0.765,52.3,NEW
THR-00254,EVT-015383,2026-09-25T04:37:00,Suspicious Login,HIGH,0.93,77.7,NEW
THR-00255,EVT-007261,2026-09-01T16:18:00,Exploit Attempt,HIGH,0.81,67.7,MONITORING
THR-00256,EVT-012498,2026-09-11T13:27:00,Process Anomaly,HIGH,0.762,53.2,CONTAINED
THR-00257,EVT-009185,2026-09-06T23:46:00,Brute Force,HIGH,0.71,85.4,INVESTIGATING
THR-00258,EVT-021072,2026-09-25T13:10:00,Remote Service,CRITICAL,0.756,77.7,MONITORING
THR-00259,EVT-006031,2026-09-19T05:50:00,Port Scan,MEDIUM,0.875,57.6,INVESTIGATING
THR-00260,EVT-001806,2026-09-12T12:08:00,Remote Service,CRITICAL,0.78,70.8,MONITORING
THR-00261,EVT-015490,2026-09-09T00:00:00,Internal Login Burst,CRITICAL,0.966,92.2,CONTAINED
THR-00262,EVT-018056,2026-09-24T10:59:00,Suspicious Login,HIGH,0.727,61.2,CONTAINED
THR-00263,EVT-023100,2026-09-05T01:24:00,Suspicious External Connection,HIGH,0.748,72.2,INVESTIGATING
THR-00264,EVT-016892,2026-09-19T12:17:00,Suspicious External Connection,HIGH,0.712,70.3,CONTAINED
THR-00265,EVT-026176,2026-09-24T02:42:00,Phishing Link,HIGH,0.929,82.6,MONITORING
THR-00266,EVT-009016,2026-09-20T04:45:00,Phishing Link,HIGH,0.779,50.7,CONTAINED
THR-00267,EVT-024593,2026-09-05T14:18:00,Remote Service,CRITICAL,0.982,85.8,INVESTIGATING
THR-00268,EVT-028750,2026-09-13T16:07:00,New Service,HIGH,0.86,88.5,INVESTIGATING
THR-00269,EVT-016376,2026-09-22T23:27:00,New Service,HIGH,0.706,74.0,NEW
THR-00270,EVT-017586,2026-09-18T23:17:00,Suspicious Login,HIGH,0.917,87.2,NEW
THR-00271,EVT-005639,2026-09-21T00:53:00,Network Scan,MEDIUM,0.736,63.0,NEW
THR-00272,EVT-014386,2026-09-05T13:37:00,Phishing Link,HIGH,0.868,60.7,CONTAINED
THR-00273,EVT-021403,2026-09-09T11:09:00,RDP Activity,CRITICAL,0.74,49.0,INVESTIGATING
THR-00274,EVT-020003,2026-09-19T03:05:00,Ransomware-like Activity,CRITICAL,0.739,88.1,NEW
THR-00275,EVT-027414,2026-09-10T09:41:00,Ransomware-like Activity,CRITICAL,0.709,58.6,MONITORING
THR-00276,EVT-002581,2026-09-11T02:37:00,Exploit Attempt,HIGH,0.901,69.8,CONTAINED
THR-00277,EVT-016518,2026-09-21T06:29:00,Credential Stuffing,HIGH,0.936,87.6,MONITORING
THR-00278,EVT-015470,2026-09-12T22:33:00,Network Scan,MEDIUM,0.775,55.7,NEW
THR-00279,EVT-026698,2026-09-08T00:42:00,Service Disruption,CRITICAL,0.838,51.0,INVESTIGATING
THR-00280,EVT-026354,2026-09-24T12:19:00,SMB Activity,CRITICAL,0.877,58.1,MONITORING
THR-00281,EVT-016273,2026-09-20T21:45:00,Password Spray,HIGH,0.723,64.7,CONTAINED
THR-00282,EVT-029198,2026-09-10T23:46:00,Port Scan,MEDIUM,0.829,58.7,MONITORING
THR-00283,EVT-028137,2026-09-05T10:49:00,Remote Service,CRITICAL,0.912,97.4,NEW
THR-00284,EVT-025313,2026-09-25T03:36:00,Remote Service,CRITICAL,0.838,78.7,CONTAINED
THR-00285,EVT-017145,2026-09-14T16:50:00,Network Scan,MEDIUM,0.89,67.5,CONTAINED
THR-00286,EVT-005828,2026-09-23T13:07:00,Suspicious Login,HIGH,0.799,77.2,MONITORING
THR-00287,EVT-000624,2026-09-01T07:11:00,Command Execution,HIGH,0.958,77.2,CONTAINED
THR-00288,EVT-009779,2026-09-11T02:41:00,Large Outbound Transfer,CRITICAL,0.851,54.7,NEW
THR-00289,EVT-011453,2026-09-24T16:06:00,Large Outbound Transfer,CRITICAL,0.877,56.4,INVESTIGATING
THR-00290,EVT-022603,2026-09-21T05:04:00,Service Enumeration,MEDIUM,0.78,91.7,MONITORING
THR-00291,EVT-029592,2026-09-01T17:45:00,Internal Login Burst,CRITICAL,0.94,95.3,INVESTIGATING
THR-00292,EVT-010300,2026-09-01T00:46:00,Password Spray,HIGH,0.813,62.7,INVESTIGATING
THR-00293,EVT-028492,2026-09-04T10:15:00,Brute Force,HIGH,0.766,92.1,INVESTIGATING
THR-00294,EVT-001066,2026-09-20T23:38:00,Registry Change,HIGH,0.765,67.7,INVESTIGATING
THR-00295,EVT-005898,2026-09-12T01:21:00,Port Scan,MEDIUM,0.907,69.2,CONTAINED
THR-00296,EVT-004489,2026-09-17T15:15:00,Password Spray,HIGH,0.928,90.4,INVESTIGATING
THR-00297,EVT-013027,2026-09-27T16:50:00,Service Enumeration,MEDIUM,0.885,59.0,MONITORING
THR-00298,EVT-017738,2026-09-04T23:27:00,Service Enumeration,MEDIUM,0.792,81.6,INVESTIGATING
THR-00299,EVT-019308,2026-09-07T19:27:00,Service Enumeration,MEDIUM,0.893,69.6,CONTAINED
THR-00300,EVT-014525,2026-09-17T23:56:00,Service Enumeration,MEDIUM,0.788,78.0,NEW
THR-00301,EVT-006085,2026-09-11T14:51:00,Service Enumeration,MEDIUM,0.986,53.0,MONITORING
THR-00302,EVT-007254,2026-09-13T13:46:00,Brute Force,HIGH,0.839,58.2,INVESTIGATING
THR-00303,EVT-028411,2026-09-16T19:21:00,Exploit Attempt,HIGH,0.898,63.7,MONITORING
THR-00304,EVT-024207,2026-09-17T21:37:00,SMB Activity,CRITICAL,0.906,59.8,CONTAINED
THR-00305,EVT-018037,2026-09-13T06:36:00,Phishing Link,HIGH,0.73,84.1,INVESTIGATING
THR-00306,EVT-014908,2026-09-04T16:15:00,Large Outbound Transfer,CRITICAL,0.772,57.9,INVESTIGATING
THR-00307,EVT-007985,2026-09-05T17:32:00,Network Scan,MEDIUM,0.763,75.6,INVESTIGATING
THR-00308,EVT-009478,2026-09-08T14:00:00,Process Anomaly,HIGH,0.943,77.6,MONITORING
THR-00309,EVT-008016,2026-09-01T11:09:00,Mass File Modification,CRITICAL,0.845,72.8,NEW
THR-00310,EVT-014054,2026-09-21T00:54:00,Command Execution,HIGH,0.765,64.9,NEW
THR-00311,EVT-022546,2026-09-14T21:21:00,Exploit Attempt,HIGH,0.843,66.8,MONITORING
THR-00312,EVT-012531,2026-09-10T11:20:00,Mass File Modification,CRITICAL,0.835,93.5,CONTAINED
THR-00313,EVT-012936,2026-09-01T22:11:00,Suspicious Login,HIGH,0.915,75.9,CONTAINED
THR-00314,EVT-003837,2026-09-08T01:22:00,Port Scan,MEDIUM,0.719,89.2,CONTAINED
THR-00315,EVT-027120,2026-09-18T01:58:00,Service Disruption,CRITICAL,0.86,90.0,INVESTIGATING
THR-00316,EVT-007260,2026-09-27T21:02:00,Large Outbound Transfer,CRITICAL,0.841,45.2,INVESTIGATING
THR-00317,EVT-021058,2026-09-16T22:48:00,Suspicious Login,HIGH,0.782,57.8,INVESTIGATING
THR-00318,EVT-029037,2026-09-20T03:57:00,Service Disruption,CRITICAL,0.765,95.3,MONITORING
THR-00319,EVT-028719,2026-09-15T07:20:00,Exploit Attempt,HIGH,0.85,80.1,MONITORING
THR-00320,EVT-003166,2026-09-10T00:25:00,Internal Login Burst,CRITICAL,0.882,93.9,NEW
THR-00321,EVT-007266,2026-09-20T07:21:00,Archive Transfer,CRITICAL,0.84,90.6,INVESTIGATING
THR-00322,EVT-019706,2026-09-01T01:30:00,Suspicious External Connection,HIGH,0.935,76.7,CONTAINED
THR-00323,EVT-000679,2026-09-26T17:54:00,Phishing Link,HIGH,0.765,78.4,INVESTIGATING
THR-00324,EVT-001088,2026-09-04T09:40:00,Mass File Modification,CRITICAL,0.807,78.0,INVESTIGATING
THR-00325,EVT-006141,2026-09-20T21:16:00,Service Enumeration,MEDIUM,0.881,58.0,INVESTIGATING
THR-00326,EVT-020405,2026-09-17T23:29:00,Unusual Upload,CRITICAL,0.869,61.8,INVESTIGATING
THR-00327,EVT-027134,2026-09-27T00:04:00,Network Scan,MEDIUM,0.922,46.3,CONTAINED
THR-00328,EVT-015324,2026-09-15T07:15:00,Port Scan,MEDIUM,0.713,98.6,MONITORING
THR-00329,EVT-003511,2026-09-22T07:57:00,Unusual Upload,CRITICAL,0.835,95.2,INVESTIGATING
THR-00330,EVT-010761,2026-09-26T19:26:00,Unusual Upload,CRITICAL,0.907,74.5,CONTAINED
THR-00331,EVT-026769,2026-09-01T16:15:00,Port Scan,MEDIUM,0.889,87.9,NEW
THR-00332,EVT-017981,2026-09-12T14:05:00,Registry Change,HIGH,0.798,83.7,INVESTIGATING
THR-00333,EVT-013360,2026-09-06T14:27:00,Suspicious Login,HIGH,0.714,93.2,CONTAINED
THR-00334,EVT-028834,2026-09-18T02:35:00,Unusual Upload,CRITICAL,0.932,70.9,NEW
THR-00335,EVT-005450,2026-09-16T02:56:00,SMB Activity,CRITICAL,0.861,56.1,MONITORING
THR-00336,EVT-018085,2026-09-16T21:49:00,Internal Login Burst,CRITICAL,0.875,70.3,CONTAINED
THR-00337,EVT-017214,2026-09-27T15:24:00,Network Scan,MEDIUM,0.921,96.7,INVESTIGATING
THR-00338,EVT-008880,2026-09-03T16:12:00,RDP Activity,CRITICAL,0.981,85.4,MONITORING
THR-00339,EVT-014917,2026-09-18T07:18:00,Suspicious External Connection,HIGH,0.936,78.5,INVESTIGATING
THR-00340,EVT-015214,2026-09-05T08:49:00,Brute Force,HIGH,0.948,63.8,MONITORING
THR-00341,EVT-008668,2026-09-08T22:22:00,Password Spray,HIGH,0.783,68.5,MONITORING
THR-00342,EVT-011595,2026-09-22T23:34:00,Registry Change,HIGH,0.85,78.2,MONITORING
THR-00343,EVT-020766,2026-09-11T22:06:00,Network Scan,MEDIUM,0.894,96.6,INVESTIGATING
THR-00344,EVT-017274,2026-09-04T14:38:00,Script Activity,HIGH,0.847,91.2,INVESTIGATING
THR-00345,EVT-011770,2026-09-01T08:36:00,Service Enumeration,MEDIUM,0.742,62.0,MONITORING
THR-00346,EVT-002664,2026-09-01T13:53:00,SMB Activity,CRITICAL,0.739,98.1,CONTAINED
THR-00347,EVT-004570,2026-09-23T19:52:00,Mass File Modification,CRITICAL,0.821,45.1,MONITORING
THR-00348,EVT-002164,2026-09-23T19:10:00,Ransomware-like Activity,CRITICAL,0.737,65.2,MONITORING
THR-00349,EVT-016965,2026-09-06T05:37:00,Mass File Modification,CRITICAL,0.908,94.7,INVESTIGATING
THR-00350,EVT-018387,2026-09-23T17:57:00,Unusual Upload,CRITICAL,0.929,81.7,CONTAINED
THR-00351,EVT-015286,2026-09-05T06:12:00,Suspicious External Connection,HIGH,0.965,63.3,NEW
THR-00352,EVT-003524,2026-09-02T03:23:00,Network Scan,MEDIUM,0.92,67.0,CONTAINED
THR-00353,EVT-026087,2026-09-01T03:39:00,Unusual Upload,CRITICAL,0.788,54.7,MONITORING
THR-00354,EVT-027194,2026-09-23T01:46:00,Network Scan,MEDIUM,0.941,51.5,NEW
THR-00355,EVT-007040,2026-09-25T00:53:00,Remote Service,CRITICAL,0.729,46.4,NEW
THR-00356,EVT-008578,2026-09-15T23:17:00,SMB Activity,CRITICAL,0.922,59.0,CONTAINED
THR-00357,EVT-011787,2026-09-14T12:24:00,Service Disruption,CRITICAL,0.947,51.1,CONTAINED
THR-00358,EVT-029993,2026-09-10T11:42:00,Service Disruption,CRITICAL,0.93,89.2,INVESTIGATING
THR-00359,EVT-000028,2026-09-19T00:05:00,Password Spray,HIGH,0.946,92.1,INVESTIGATING
THR-00360,EVT-021507,2026-09-01T21:04:00,Unusual Upload,CRITICAL,0.948,93.2,CONTAINED
THR-00361,EVT-006559,2026-09-21T02:58:00,Exploit Attempt,HIGH,0.777,75.2,INVESTIGATING
THR-00362,EVT-004468,2026-09-08T21:49:00,Service Disruption,CRITICAL,0.913,96.2,CONTAINED
THR-00363,EVT-014511,2026-09-24T13:39:00,Internal Login Burst,CRITICAL,0.753,77.9,NEW
THR-00364,EVT-009310,2026-09-17T22:07:00,Suspicious Login,HIGH,0.878,97.7,CONTAINED
THR-00365,EVT-019614,2026-09-17T00:28:00,RDP Activity,CRITICAL,0.902,58.1,MONITORING
THR-00366,EVT-012695,2026-09-09T04:14:00,RDP Activity,CRITICAL,0.783,75.9,MONITORING
THR-00367,EVT-004588,2026-09-20T15:37:00,Remote Service,CRITICAL,0.767,87.2,CONTAINED
THR-00368,EVT-024014,2026-09-08T04:50:00,Brute Force,HIGH,0.773,57.6,NEW
THR-00369,EVT-004475,2026-09-20T06:11:00,Scheduled Task,HIGH,0.828,87.4,CONTAINED
THR-00370,EVT-008341,2026-09-11T07:50:00,Port Scan,MEDIUM,0.935,76.8,CONTAINED
THR-00371,EVT-016399,2026-09-17T18:16:00,Exploit Attempt,HIGH,0.765,78.0,CONTAINED
THR-00372,EVT-009778,2026-09-08T11:13:00,Suspicious Login,HIGH,0.93,63.1,CONTAINED
THR-00373,EVT-011041,2026-09-11T19:35:00,Port Scan,MEDIUM,0.982,58.2,MONITORING
THR-00374,EVT-019504,2026-09-23T00:35:00,Brute Force,HIGH,0.876,50.5,NEW
THR-00375,EVT-024127,2026-09-08T09:15:00,Brute Force,HIGH,0.712,52.0,CONTAINED
THR-00376,EVT-016451,2026-09-21T09:27:00,Remote Service,CRITICAL,0.771,95.6,INVESTIGATING
THR-00377,EVT-015654,2026-09-14T11:09:00,Password Spray,HIGH,0.91,64.2,NEW
THR-00378,EVT-011202,2026-09-02T22:39:00,Suspicious External Connection,HIGH,0.785,64.5,NEW
THR-00379,EVT-024013,2026-09-17T07:50:00,Port Scan,MEDIUM,0.915,53.6,INVESTIGATING
THR-00380,EVT-002320,2026-09-22T16:13:00,Registry Change,HIGH,0.977,66.3,CONTAINED
THR-00381,EVT-018126,2026-09-21T08:52:00,Internal Login Burst,CRITICAL,0.755,53.9,CONTAINED
THR-00382,EVT-015718,2026-09-09T01:13:00,Scheduled Task,HIGH,0.902,67.8,INVESTIGATING
THR-00383,EVT-005071,2026-09-20T15:49:00,Network Scan,MEDIUM,0.747,48.3,INVESTIGATING
THR-00384,EVT-028845,2026-09-19T15:55:00,Exploit Attempt,HIGH,0.939,96.3,INVESTIGATING
THR-00385,EVT-023907,2026-09-17T09:32:00,Internal Login Burst,CRITICAL,0.74,57.3,INVESTIGATING
THR-00386,EVT-010912,2026-09-17T23:28:00,Archive Transfer,CRITICAL,0.893,52.4,MONITORING
THR-00387,EVT-023752,2026-09-24T21:36:00,Script Activity,HIGH,0.923,61.9,CONTAINED
THR-00388,EVT-024952,2026-09-04T13:16:00,Script Activity,HIGH,0.899,46.3,MONITORING
THR-00389,EVT-001042,2026-09-20T14:27:00,Service Enumeration,MEDIUM,0.7,64.4,INVESTIGATING
THR-00390,EVT-000055,2026-09-05T13:26:00,Network Scan,MEDIUM,0.876,89.1,NEW
THR-00391,EVT-008825,2026-09-12T02:59:00,Remote Service,CRITICAL,0.937,80.9,INVESTIGATING
THR-00392,EVT-022836,2026-09-24T19:27:00,Scheduled Task,HIGH,0.919,95.9,CONTAINED
THR-00393,EVT-013706,2026-09-27T13:16:00,Unusual Upload,CRITICAL,0.986,77.2,CONTAINED
THR-00394,EVT-023013,2026-09-08T00:08:00,Scheduled Task,HIGH,0.782,67.5,MONITORING
THR-00395,EVT-001938,2026-09-13T22:06:00,Password Spray,HIGH,0.973,61.4,NEW
THR-00396,EVT-016290,2026-09-16T12:38:00,Service Enumeration,MEDIUM,0.964,77.1,CONTAINED
THR-00397,EVT-004466,2026-09-07T03:55:00,Exploit Attempt,HIGH,0.85,88.3,CONTAINED
THR-00398,EVT-017196,2026-09-12T06:00:00,Registry Change,HIGH,0.74,78.4,CONTAINED
THR-00399,EVT-007116,2026-09-25T10:10:00,Network Scan,MEDIUM,0.712,60.1,MONITORING
THR-00400,EVT-023294,2026-09-09T20:38:00,Registry Change,HIGH,0.735,79.4,NEW
THR-00401,EVT-027858,2026-09-11T02:48:00,Process Anomaly,HIGH,0.965,98.8,NEW
THR-00402,EVT-027412,2026-09-08T04:49:00,Suspicious Login,HIGH,0.71,90.6,MONITORING
THR-00403,EVT-025450,2026-09-08T14:34:00,RDP Activity,CRITICAL,0.761,51.6,CONTAINED
THR-00404,EVT-024977,2026-09-21T04:28:00,Suspicious External Connection,HIGH,0.794,49.8,NEW
THR-00405,EVT-006228,2026-09-24T05:14:00,Port Scan,MEDIUM,0.789,91.4,INVESTIGATING
THR-00406,EVT-017858,2026-09-22T16:18:00,Remote Service,CRITICAL,0.785,71.6,CONTAINED
THR-00407,EVT-002210,2026-09-19T13:10:00,Suspicious External Connection,HIGH,0.712,79.6,INVESTIGATING
THR-00408,EVT-025418,2026-09-27T08:17:00,Script Activity,HIGH,0.898,66.3,NEW
THR-00409,EVT-026331,2026-09-20T13:02:00,Remote Service,CRITICAL,0.966,47.7,NEW
THR-00410,EVT-005196,2026-09-14T12:10:00,Process Anomaly,HIGH,0.731,87.3,MONITORING
THR-00411,EVT-011323,2026-09-13T18:31:00,Port Scan,MEDIUM,0.87,96.3,MONITORING
THR-00412,EVT-005579,2026-09-08T12:16:00,Exploit Attempt,HIGH,0.863,49.1,NEW
THR-00413,EVT-017797,2026-09-08T15:35:00,Exploit Attempt,HIGH,0.903,60.4,CONTAINED
THR-00414,EVT-007114,2026-09-22T11:53:00,Password Spray,HIGH,0.802,51.1,INVESTIGATING
THR-00415,EVT-000205,2026-09-26T10:42:00,Credential Stuffing,HIGH,0.953,80.1,CONTAINED
THR-00416,EVT-016334,2026-09-26T22:38:00,SMB Activity,CRITICAL,0.716,85.6,CONTAINED
THR-00417,EVT-012064,2026-09-23T10:32:00,Service Disruption,CRITICAL,0.783,97.4,MONITORING
THR-00418,EVT-023437,2026-09-20T22:10:00,Scheduled Task,HIGH,0.761,80.2,NEW
THR-00419,EVT-004866,2026-09-24T13:13:00,Suspicious Login,HIGH,0.876,51.0,INVESTIGATING
THR-00420,EVT-022165,2026-09-16T06:33:00,Script Activity,HIGH,0.868,87.5,CONTAINED
THR-00421,EVT-017986,2026-09-11T04:28:00,Phishing Link,HIGH,0.815,67.7,NEW
THR-00422,EVT-004889,2026-09-07T03:12:00,Service Enumeration,MEDIUM,0.876,78.3,MONITORING
THR-00423,EVT-000611,2026-09-01T22:43:00,Credential Stuffing,HIGH,0.782,95.2,MONITORING
THR-00424,EVT-012567,2026-09-13T04:43:00,Script Activity,HIGH,0.964,78.4,INVESTIGATING
THR-00425,EVT-001716,2026-09-03T07:55:00,Script Activity,HIGH,0.758,82.4,INVESTIGATING
THR-00426,EVT-018528,2026-09-25T06:23:00,Large Outbound Transfer,CRITICAL,0.885,58.0,CONTAINED
THR-00427,EVT-013345,2026-09-08T06:38:00,Remote Service,CRITICAL,0.733,77.3,NEW
THR-00428,EVT-016316,2026-09-08T16:47:00,RDP Activity,CRITICAL,0.805,97.6,MONITORING
THR-00429,EVT-018703,2026-09-25T05:34:00,Script Activity,HIGH,0.73,62.8,CONTAINED
THR-00430,EVT-019561,2026-09-07T16:59:00,Suspicious External Connection,HIGH,0.803,56.2,CONTAINED
THR-00431,EVT-025205,2026-09-18T20:57:00,Process Anomaly,HIGH,0.75,45.2,INVESTIGATING
THR-00432,EVT-029011,2026-09-12T09:08:00,Suspicious External Connection,HIGH,0.813,74.8,CONTAINED
THR-00433,EVT-017433,2026-09-06T04:41:00,Port Scan,MEDIUM,0.808,88.0,CONTAINED
THR-00434,EVT-016931,2026-09-11T02:31:00,Suspicious Login,HIGH,0.709,91.3,INVESTIGATING
THR-00435,EVT-018981,2026-09-14T13:11:00,Password Spray,HIGH,0.935,45.2,INVESTIGATING
THR-00436,EVT-014633,2026-09-02T08:03:00,Suspicious External Connection,HIGH,0.974,79.2,NEW
THR-00437,EVT-023727,2026-09-01T01:20:00,Password Spray,HIGH,0.794,97.0,CONTAINED
THR-00438,EVT-015512,2026-09-17T03:18:00,Exploit Attempt,HIGH,0.855,48.5,INVESTIGATING
THR-00439,EVT-005494,2026-09-25T19:44:00,Remote Service,CRITICAL,0.796,79.5,INVESTIGATING
THR-00440,EVT-028859,2026-09-16T21:50:00,Credential Stuffing,HIGH,0.895,47.0,INVESTIGATING
THR-00441,EVT-029333,2026-09-16T01:28:00,Brute Force,HIGH,0.897,48.3,CONTAINED
THR-00442,EVT-029312,2026-09-18T07:08:00,Command Execution,HIGH,0.873,97.0,INVESTIGATING
THR-00443,EVT-026217,2026-09-20T03:04:00,Exploit Attempt,HIGH,0.938,48.7,INVESTIGATING
THR-00444,EVT-022558,2026-09-14T09:46:00,Mass File Modification,CRITICAL,0.919,65.9,MONITORING
THR-00445,EVT-009263,2026-09-10T14:16:00,Unusual Upload,CRITICAL,0.876,80.8,NEW
THR-00446,EVT-026953,2026-09-20T15:55:00,Ransomware-like Activity,CRITICAL,0.893,49.9,CONTAINED
THR-00447,EVT-026358,2026-09-15T06:32:00,Internal Login Burst,CRITICAL,0.833,52.4,INVESTIGATING
THR-00448,EVT-008427,2026-09-03T17:26:00,Credential Stuffing,HIGH,0.928,63.4,INVESTIGATING
THR-00449,EVT-011389,2026-09-19T21:48:00,Password Spray,HIGH,0.859,69.7,NEW
THR-00450,EVT-003694,2026-09-02T15:52:00,Scheduled Task,HIGH,0.758,89.0,MONITORING
THR-00451,EVT-022966,2026-09-27T00:44:00,Mass File Modification,CRITICAL,0.825,90.8,NEW
THR-00452,EVT-019519,2026-09-16T03:47:00,Exploit Attempt,HIGH,0.857,88.1,MONITORING
THR-00453,EVT-003988,2026-09-27T02:30:00,Process Anomaly,HIGH,0.753,70.7,CONTAINED
THR-00454,EVT-026761,2026-09-21T18:12:00,Port Scan,MEDIUM,0.916,90.4,NEW
THR-00455,EVT-012250,2026-09-26T03:20:00,Exploit Attempt,HIGH,0.811,62.4,MONITORING
THR-00456,EVT-008491,2026-09-14T19:43:00,Registry Change,HIGH,0.988,62.7,INVESTIGATING
THR-00457,EVT-024580,2026-09-23T17:00:00,Password Spray,HIGH,0.99,67.8,INVESTIGATING
THR-00458,EVT-011772,2026-09-10T04:27:00,Exploit Attempt,HIGH,0.769,63.9,CONTAINED
THR-00459,EVT-027092,2026-09-26T08:59:00,Remote Service,CRITICAL,0.764,95.7,INVESTIGATING
THR-00460,EVT-012273,2026-09-02T14:25:00,Internal Login Burst,CRITICAL,0.884,49.6,MONITORING
THR-00461,EVT-022978,2026-09-12T17:22:00,Remote Service,CRITICAL,0.833,58.7,MONITORING
THR-00462,EVT-027659,2026-09-22T06:42:00,RDP Activity,CRITICAL,0.951,49.0,MONITORING
THR-00463,EVT-010220,2026-09-20T14:21:00,Scheduled Task,HIGH,0.788,92.5,CONTAINED
THR-00464,EVT-023313,2026-09-02T15:46:00,Suspicious Login,HIGH,0.791,45.9,NEW
THR-00465,EVT-003443,2026-09-23T10:30:00,Phishing Link,HIGH,0.889,75.7,CONTAINED
THR-00466,EVT-022986,2026-09-03T08:59:00,Internal Login Burst,CRITICAL,0.972,77.7,CONTAINED
THR-00467,EVT-021836,2026-09-06T17:32:00,Large Outbound Transfer,CRITICAL,0.841,64.8,INVESTIGATING
THR-00468,EVT-008820,2026-09-07T23:50:00,Internal Login Burst,CRITICAL,0.801,95.5,INVESTIGATING
THR-00469,EVT-000805,2026-09-25T07:51:00,Suspicious External Connection,HIGH,0.93,80.3,CONTAINED
THR-00470,EVT-008696,2026-09-03T06:43:00,Remote Service,CRITICAL,0.988,97.2,NEW
THR-00471,EVT-002898,2026-09-25T18:53:00,Ransomware-like Activity,CRITICAL,0.81,67.8,NEW
THR-00472,EVT-003250,2026-09-08T17:47:00,Internal Login Burst,CRITICAL,0.903,52.5,NEW
THR-00473,EVT-024738,2026-09-25T13:34:00,Exploit Attempt,HIGH,0.753,66.7,CONTAINED
THR-00474,EVT-001590,2026-09-18T07:01:00,Service Disruption,CRITICAL,0.76,49.0,CONTAINED
THR-00475,EVT-029901,2026-09-04T15:32:00,Command Execution,HIGH,0.788,75.1,CONTAINED
THR-00476,EVT-018280,2026-09-05T13:41:00,Credential Stuffing,HIGH,0.941,93.8,INVESTIGATING
THR-00477,EVT-003347,2026-09-20T18:44:00,Script Activity,HIGH,0.775,90.9,CONTAINED
THR-00478,EVT-000370,2026-09-27T03:10:00,Brute Force,HIGH,0.848,94.1,CONTAINED
THR-00479,EVT-015260,2026-09-23T23:11:00,Suspicious External Connection,HIGH,0.886,68.0,MONITORING
THR-00480,EVT-018628,2026-09-20T18:14:00,Scheduled Task,HIGH,0.851,98.4,MONITORING
THR-00481,EVT-016461,2026-09-11T16:19:00,Network Scan,MEDIUM,0.836,84.3,MONITORING
THR-00482,EVT-004067,2026-09-20T01:04:00,Password Spray,HIGH,0.754,64.4,NEW
THR-00483,EVT-000062,2026-09-18T00:24:00,Password Spray,HIGH,0.811,94.7,INVESTIGATING
THR-00484,EVT-020408,2026-09-22T03:23:00,Service Disruption,CRITICAL,0.843,77.3,INVESTIGATING
THR-00485,EVT-005000,2026-09-03T16:18:00,Unusual Upload,CRITICAL,0.85,56.4,MONITORING
THR-00486,EVT-000875,2026-09-20T12:45:00,Suspicious External Connection,HIGH,0.706,96.3,CONTAINED
THR-00487,EVT-027545,2026-09-10T21:30:00,Command Execution,HIGH,0.829,70.7,MONITORING
THR-00488,EVT-021417,2026-09-06T16:26:00,Large Outbound Transfer,CRITICAL,0.729,45.9,NEW
THR-00489,EVT-013210,2026-09-26T12:14:00,Archive Transfer,CRITICAL,0.762,94.3,MONITORING
THR-00490,EVT-000200,2026-09-24T17:04:00,Exploit Attempt,HIGH,0.775,56.8,INVESTIGATING
THR-00491,EVT-008603,2026-09-14T08:21:00,Network Scan,MEDIUM,0.895,62.7,INVESTIGATING
THR-00492,EVT-016887,2026-09-22T13:19:00,Port Scan,MEDIUM,0.827,47.9,NEW
THR-00493,EVT-005809,2026-09-06T21:55:00,Large Outbound Transfer,CRITICAL,0.773,94.0,MONITORING
THR-00494,EVT-026218,2026-09-08T14:18:00,Registry Change,HIGH,0.767,58.5,NEW
THR-00495,EVT-008218,2026-09-20T13:31:00,Internal Login Burst,CRITICAL,0.81,81.6,INVESTIGATING
THR-00496,EVT-027093,2026-09-07T16:23:00,Credential Stuffing,HIGH,0.975,59.2,CONTAINED
THR-00497,EVT-017110,2026-09-20T21:51:00,Phishing Link,HIGH,0.713,80.4,NEW
THR-00498,EVT-010336,2026-09-22T09:05:00,Password Spray,HIGH,0.717,82.2,INVESTIGATING
THR-00499,EVT-021068,2026-09-22T04:01:00,Command Execution,HIGH,0.841,53.8,CONTAINED
THR-00500,EVT-008425,2026-09-10T20:51:00,Script Activity,HIGH,0.702,85.0,INVESTIGATING
THR-00501,EVT-014837,2026-09-01T13:27:00,Credential Stuffing,HIGH,0.865,70.8,CONTAINED
THR-00502,EVT-028487,2026-09-04T09:34:00,Registry Change,HIGH,0.882,86.5,CONTAINED
THR-00503,EVT-027643,2026-09-27T00:32:00,Unusual Upload,CRITICAL,0.798,60.3,NEW
THR-00504,EVT-022376,2026-09-24T16:35:00,Phishing Link,HIGH,0.716,64.8,INVESTIGATING
THR-00505,EVT-011831,2026-09-19T17:39:00,Unusual Upload,CRITICAL,0.893,80.0,INVESTIGATING
THR-00506,EVT-025497,2026-09-09T07:16:00,Suspicious External Connection,HIGH,0.894,84.9,MONITORING
THR-00507,EVT-011978,2026-09-27T01:00:00,Script Activity,HIGH,0.75,90.6,NEW
THR-00508,EVT-007452,2026-09-06T14:29:00,Scheduled Task,HIGH,0.736,59.7,CONTAINED
THR-00509,EVT-029512,2026-09-07T07:48:00,Brute Force,HIGH,0.895,61.6,NEW
THR-00510,EVT-003084,2026-09-21T02:33:00,Port Scan,MEDIUM,0.762,83.1,CONTAINED
THR-00511,EVT-009446,2026-09-26T05:30:00,Brute Force,HIGH,0.703,51.7,INVESTIGATING
THR-00512,EVT-023888,2026-09-12T11:01:00,Script Activity,HIGH,0.971,73.5,NEW
THR-00513,EVT-002946,2026-09-06T00:11:00,New Service,HIGH,0.848,84.2,INVESTIGATING
THR-00514,EVT-013451,2026-09-08T01:32:00,Script Activity,HIGH,0.773,89.9,MONITORING
THR-00515,EVT-012265,2026-09-06T21:40:00,New Service,HIGH,0.804,89.0,MONITORING
THR-00516,EVT-006022,2026-09-22T12:41:00,Script Activity,HIGH,0.869,60.1,MONITORING
THR-00517,EVT-028948,2026-09-06T14:08:00,Password Spray,HIGH,0.812,64.2,INVESTIGATING
THR-00518,EVT-023668,2026-09-17T08:17:00,Service Enumeration,MEDIUM,0.767,64.7,INVESTIGATING
THR-00519,EVT-014856,2026-09-03T05:34:00,Port Scan,MEDIUM,0.868,94.3,MONITORING
THR-00520,EVT-005221,2026-09-17T11:25:00,Unusual Upload,CRITICAL,0.854,49.6,NEW
THR-00521,EVT-026611,2026-09-09T20:53:00,Remote Service,CRITICAL,0.823,78.1,NEW
THR-00522,EVT-014243,2026-09-23T17:02:00,Phishing Link,HIGH,0.779,81.8,MONITORING
THR-00523,EVT-018920,2026-09-16T09:52:00,Suspicious Login,HIGH,0.733,59.4,INVESTIGATING
THR-00524,EVT-017994,2026-09-19T13:40:00,Suspicious Login,HIGH,0.796,49.5,CONTAINED
THR-00525,EVT-029683,2026-09-25T00:42:00,Suspicious Login,HIGH,0.702,65.0,INVESTIGATING
THR-00526,EVT-018489,2026-09-16T05:30:00,Mass File Modification,CRITICAL,0.745,96.6,MONITORING
THR-00527,EVT-015902,2026-09-08T03:36:00,Brute Force,HIGH,0.704,49.3,NEW
THR-00528,EVT-007904,2026-09-05T17:02:00,Network Scan,MEDIUM,0.817,54.3,INVESTIGATING
THR-00529,EVT-015105,2026-09-10T22:26:00,Suspicious Login,HIGH,0.796,50.3,MONITORING
THR-00530,EVT-029215,2026-09-27T16:02:00,Ransomware-like Activity,CRITICAL,0.855,98.4,MONITORING
THR-00531,EVT-009130,2026-09-21T19:46:00,Password Spray,HIGH,0.977,83.9,CONTAINED
THR-00532,EVT-028386,2026-09-08T00:55:00,Port Scan,MEDIUM,0.959,90.3,NEW
THR-00533,EVT-015584,2026-09-01T15:37:00,Phishing Link,HIGH,0.884,85.0,INVESTIGATING
THR-00534,EVT-015979,2026-09-02T07:45:00,Script Activity,HIGH,0.954,70.1,CONTAINED
THR-00535,EVT-003810,2026-09-06T01:24:00,Process Anomaly,HIGH,0.882,64.1,MONITORING
THR-00536,EVT-017518,2026-09-08T12:18:00,Internal Login Burst,CRITICAL,0.701,74.0,NEW
THR-00537,EVT-020414,2026-09-03T17:12:00,Suspicious Login,HIGH,0.719,53.1,INVESTIGATING
THR-00538,EVT-010138,2026-09-01T09:11:00,Script Activity,HIGH,0.837,70.4,NEW
THR-00539,EVT-018139,2026-09-21T20:13:00,Command Execution,HIGH,0.797,47.7,INVESTIGATING
THR-00540,EVT-008909,2026-09-22T15:30:00,Port Scan,MEDIUM,0.844,80.8,NEW
THR-00541,EVT-005257,2026-09-13T06:28:00,Credential Stuffing,HIGH,0.963,51.6,INVESTIGATING
THR-00542,EVT-003702,2026-09-26T11:50:00,Process Anomaly,HIGH,0.967,86.7,MONITORING
THR-00543,EVT-024972,2026-09-26T21:51:00,Brute Force,HIGH,0.94,81.7,MONITORING
THR-00544,EVT-016986,2026-09-07T03:24:00,Suspicious External Connection,HIGH,0.749,79.7,INVESTIGATING
THR-00545,EVT-019887,2026-09-15T22:55:00,Internal Login Burst,CRITICAL,0.877,80.5,CONTAINED
THR-00546,EVT-000759,2026-09-07T01:11:00,Password Spray,HIGH,0.873,75.6,CONTAINED
THR-00547,EVT-009198,2026-09-15T20:39:00,Port Scan,MEDIUM,0.887,87.6,CONTAINED
THR-00548,EVT-002847,2026-09-23T01:05:00,Command Execution,HIGH,0.708,63.5,CONTAINED
THR-00549,EVT-024253,2026-09-27T21:49:00,Brute Force,HIGH,0.809,72.1,CONTAINED
THR-00550,EVT-007162,2026-09-04T18:09:00,Brute Force,HIGH,0.934,54.1,INVESTIGATING
THR-00551,EVT-019613,2026-09-08T22:34:00,Large Outbound Transfer,CRITICAL,0.791,78.7,INVESTIGATING
THR-00552,EVT-004603,2026-09-03T15:29:00,New Service,HIGH,0.909,79.6,MONITORING
THR-00553,EVT-008732,2026-09-20T01:45:00,Port Scan,MEDIUM,0.962,69.4,INVESTIGATING
THR-00554,EVT-008701,2026-09-10T16:42:00,Password Spray,HIGH,0.725,86.2,NEW
THR-00555,EVT-012882,2026-09-26T02:54:00,Suspicious External Connection,HIGH,0.833,96.8,MONITORING
THR-00556,EVT-019882,2026-09-17T13:54:00,Network Scan,MEDIUM,0.762,54.9,MONITORING
THR-00557,EVT-025078,2026-09-05T21:19:00,RDP Activity,CRITICAL,0.807,51.4,CONTAINED
THR-00558,EVT-017069,2026-09-04T17:44:00,Password Spray,HIGH,0.76,72.0,INVESTIGATING
THR-00559,EVT-000208,2026-09-18T03:52:00,Password Spray,HIGH,0.895,87.9,CONTAINED
THR-00560,EVT-028958,2026-09-25T18:42:00,Remote Service,CRITICAL,0.726,62.0,NEW
THR-00561,EVT-016080,2026-09-12T21:43:00,Unusual Upload,CRITICAL,0.757,95.9,NEW
THR-00562,EVT-026112,2026-09-18T10:36:00,Exploit Attempt,HIGH,0.861,46.6,MONITORING
THR-00563,EVT-006062,2026-09-24T02:08:00,Phishing Link,HIGH,0.883,96.1,INVESTIGATING
THR-00564,EVT-010630,2026-09-20T01:06:00,Registry Change,HIGH,0.754,82.7,CONTAINED
THR-00565,EVT-012121,2026-09-18T21:23:00,Remote Service,CRITICAL,0.867,82.3,INVESTIGATING
THR-00566,EVT-013052,2026-09-21T19:59:00,Suspicious External Connection,HIGH,0.973,95.6,NEW
THR-00567,EVT-024093,2026-09-18T07:03:00,Script Activity,HIGH,0.974,77.7,MONITORING
THR-00568,EVT-005499,2026-09-16T17:24:00,Brute Force,HIGH,0.939,49.3,INVESTIGATING
THR-00569,EVT-024648,2026-09-02T08:39:00,Archive Transfer,CRITICAL,0.701,93.6,INVESTIGATING
THR-00570,EVT-004787,2026-09-23T22:47:00,Internal Login Burst,CRITICAL,0.879,89.0,MONITORING
THR-00571,EVT-008890,2026-09-18T21:03:00,Brute Force,HIGH,0.705,71.9,MONITORING
THR-00572,EVT-016745,2026-09-15T12:28:00,Service Disruption,CRITICAL,0.844,85.2,CONTAINED
THR-00573,EVT-010597,2026-09-10T09:20:00,Suspicious External Connection,HIGH,0.869,85.3,MONITORING
THR-00574,EVT-009243,2026-09-13T21:08:00,Mass File Modification,CRITICAL,0.909,59.2,INVESTIGATING
THR-00575,EVT-019025,2026-09-04T23:01:00,Network Scan,MEDIUM,0.885,46.5,CONTAINED
THR-00576,EVT-019597,2026-09-07T15:56:00,RDP Activity,CRITICAL,0.741,47.1,INVESTIGATING
THR-00577,EVT-010232,2026-09-01T14:17:00,Ransomware-like Activity,CRITICAL,0.893,69.7,NEW
THR-00578,EVT-026136,2026-09-23T00:31:00,Phishing Link,HIGH,0.913,45.4,CONTAINED
THR-00579,EVT-020275,2026-09-27T16:14:00,SMB Activity,CRITICAL,0.928,72.1,INVESTIGATING
THR-00580,EVT-020091,2026-09-16T04:58:00,Process Anomaly,HIGH,0.73,94.8,MONITORING
THR-00581,EVT-014834,2026-09-26T23:01:00,New Service,HIGH,0.734,84.0,MONITORING
THR-00582,EVT-007193,2026-09-23T03:20:00,Script Activity,HIGH,0.867,49.2,NEW
THR-00583,EVT-011540,2026-09-01T15:14:00,Suspicious External Connection,HIGH,0.889,98.8,INVESTIGATING
THR-00584,EVT-004972,2026-09-19T23:29:00,Service Enumeration,MEDIUM,0.875,71.7,NEW
THR-00585,EVT-008055,2026-09-24T18:43:00,Suspicious External Connection,HIGH,0.938,83.4,NEW
THR-00586,EVT-017169,2026-09-12T14:43:00,Suspicious Login,HIGH,0.739,52.8,INVESTIGATING
THR-00587,EVT-024763,2026-09-06T03:51:00,Phishing Link,HIGH,0.962,57.5,CONTAINED
THR-00588,EVT-001537,2026-09-13T20:31:00,Command Execution,HIGH,0.715,75.0,CONTAINED
THR-00589,EVT-010174,2026-09-17T20:44:00,Password Spray,HIGH,0.957,68.0,INVESTIGATING
THR-00590,EVT-026133,2026-09-02T15:02:00,SMB Activity,CRITICAL,0.898,63.1,CONTAINED
THR-00591,EVT-004778,2026-09-09T14:16:00,Service Enumeration,MEDIUM,0.782,58.7,MONITORING
THR-00592,EVT-012326,2026-09-08T18:41:00,Port Scan,MEDIUM,0.751,53.7,CONTAINED
THR-00593,EVT-021079,2026-09-09T19:38:00,Network Scan,MEDIUM,0.813,67.1,NEW
THR-00594,EVT-007431,2026-09-20T19:54:00,Port Scan,MEDIUM,0.875,92.4,MONITORING
THR-00595,EVT-002649,2026-09-03T20:35:00,Suspicious Login,HIGH,0.93,73.4,INVESTIGATING
THR-00596,EVT-023562,2026-09-25T01:24:00,Password Spray,HIGH,0.755,75.9,INVESTIGATING
THR-00597,EVT-026998,2026-09-18T10:19:00,Credential Stuffing,HIGH,0.749,73.7,CONTAINED
THR-00598,EVT-000384,2026-09-27T05:31:00,Archive Transfer,CRITICAL,0.806,56.4,INVESTIGATING
THR-00599,EVT-018223,2026-09-21T15:07:00,Large Outbound Transfer,CRITICAL,0.904,49.1,CONTAINED
THR-00600,EVT-015588,2026-09-20T00:37:00,Suspicious Login,HIGH,0.81,49.4,INVESTIGATING
THR-00601,EVT-007832,2026-09-13T13:27:00,Credential Stuffing,HIGH,0.878,49.5,INVESTIGATING
THR-00602,EVT-003565,2026-09-22T11:31:00,Service Enumeration,MEDIUM,0.734,59.2,MONITORING
THR-00603,EVT-027737,2026-09-03T09:29:00,Network Scan,MEDIUM,0.736,50.4,INVESTIGATING
THR-00604,EVT-023971,2026-09-15T23:26:00,Service Disruption,CRITICAL,0.834,86.0,NEW
THR-00605,EVT-019429,2026-09-05T05:52:00,Brute Force,HIGH,0.823,84.7,CONTAINED
THR-00606,EVT-019104,2026-09-06T08:47:00,Port Scan,MEDIUM,0.776,48.5,MONITORING
THR-00607,EVT-023704,2026-09-18T18:15:00,Port Scan,MEDIUM,0.984,67.1,MONITORING
THR-00608,EVT-025111,2026-09-24T04:32:00,Script Activity,HIGH,0.841,52.9,INVESTIGATING
THR-00609,EVT-024287,2026-09-22T16:28:00,Internal Login Burst,CRITICAL,0.78,90.6,NEW
THR-00610,EVT-006459,2026-09-05T22:02:00,Phishing Link,HIGH,0.86,85.2,NEW
THR-00611,EVT-023561,2026-09-17T19:52:00,Archive Transfer,CRITICAL,0.775,55.8,NEW
THR-00612,EVT-020535,2026-09-22T08:44:00,Ransomware-like Activity,CRITICAL,0.912,82.2,INVESTIGATING
THR-00613,EVT-027538,2026-09-20T15:58:00,Unusual Upload,CRITICAL,0.974,81.4,INVESTIGATING
THR-00614,EVT-004886,2026-09-26T10:50:00,Large Outbound Transfer,CRITICAL,0.882,68.3,NEW
THR-00615,EVT-006786,2026-09-20T08:55:00,Service Enumeration,MEDIUM,0.786,90.7,MONITORING
THR-00616,EVT-007283,2026-09-12T09:44:00,Mass File Modification,CRITICAL,0.904,96.7,CONTAINED
THR-00617,EVT-003618,2026-09-15T18:11:00,Archive Transfer,CRITICAL,0.84,78.4,MONITORING
THR-00618,EVT-003711,2026-09-05T12:11:00,Credential Stuffing,HIGH,0.828,97.1,MONITORING
THR-00619,EVT-009908,2026-09-19T19:43:00,Credential Stuffing,HIGH,0.766,54.1,NEW
THR-00620,EVT-027663,2026-09-20T07:53:00,SMB Activity,CRITICAL,0.869,86.3,CONTAINED
THR-00621,EVT-004658,2026-09-18T03:47:00,Command Execution,HIGH,0.879,86.3,INVESTIGATING
THR-00622,EVT-007752,2026-09-18T22:13:00,Service Disruption,CRITICAL,0.869,85.6,INVESTIGATING
THR-00623,EVT-028896,2026-09-25T04:08:00,Credential Stuffing,HIGH,0.886,72.7,NEW
THR-00624,EVT-004239,2026-09-06T17:58:00,Large Outbound Transfer,CRITICAL,0.809,86.2,NEW
THR-00625,EVT-016191,2026-09-11T04:53:00,Phishing Link,HIGH,0.737,77.7,MONITORING
THR-00626,EVT-023918,2026-09-14T20:38:00,Suspicious External Connection,HIGH,0.989,67.8,NEW
THR-00627,EVT-020755,2026-09-07T08:09:00,Internal Login Burst,CRITICAL,0.872,89.5,CONTAINED
THR-00628,EVT-008690,2026-09-15T23:37:00,Script Activity,HIGH,0.839,89.5,CONTAINED
THR-00629,EVT-000621,2026-09-05T15:16:00,Command Execution,HIGH,0.751,87.6,CONTAINED
THR-00630,EVT-004754,2026-09-23T22:19:00,Password Spray,HIGH,0.746,79.8,CONTAINED
THR-00631,EVT-003089,2026-09-04T07:53:00,RDP Activity,CRITICAL,0.745,55.1,INVESTIGATING
THR-00632,EVT-005713,2026-09-03T22:22:00,Brute Force,HIGH,0.838,94.9,MONITORING
THR-00633,EVT-011447,2026-09-11T19:48:00,Suspicious External Connection,HIGH,0.825,94.5,INVESTIGATING
THR-00634,EVT-016133,2026-09-17T06:00:00,Network Scan,MEDIUM,0.862,59.0,NEW
THR-00635,EVT-026415,2026-09-22T18:56:00,Network Scan,MEDIUM,0.966,60.6,NEW
THR-00636,EVT-023071,2026-09-18T22:25:00,Phishing Link,HIGH,0.889,66.0,INVESTIGATING
THR-00637,EVT-004860,2026-09-20T12:09:00,RDP Activity,CRITICAL,0.943,63.0,CONTAINED
THR-00638,EVT-026916,2026-09-16T07:26:00,Network Scan,MEDIUM,0.729,59.9,CONTAINED
THR-00639,EVT-010923,2026-09-14T01:13:00,Exploit Attempt,HIGH,0.848,62.3,CONTAINED
THR-00640,EVT-018791,2026-09-26T06:53:00,Service Enumeration,MEDIUM,0.973,75.3,INVESTIGATING
THR-00641,EVT-005072,2026-09-25T07:31:00,New Service,HIGH,0.814,93.3,INVESTIGATING
THR-00642,EVT-010434,2026-09-08T05:51:00,Process Anomaly,HIGH,0.844,73.0,MONITORING
THR-00643,EVT-003160,2026-09-02T01:03:00,New Service,HIGH,0.931,91.2,NEW
THR-00644,EVT-012778,2026-09-06T02:16:00,Large Outbound Transfer,CRITICAL,0.852,97.3,NEW
THR-00645,EVT-014883,2026-09-19T13:04:00,Command Execution,HIGH,0.722,87.0,NEW
THR-00646,EVT-020193,2026-09-06T11:25:00,Service Enumeration,MEDIUM,0.815,93.6,MONITORING
THR-00647,EVT-018526,2026-09-10T16:33:00,Phishing Link,HIGH,0.871,48.8,NEW
THR-00648,EVT-029501,2026-09-25T04:55:00,Command Execution,HIGH,0.855,81.8,INVESTIGATING
THR-00649,EVT-019851,2026-09-08T21:38:00,Credential Stuffing,HIGH,0.931,50.8,NEW
THR-00650,EVT-013247,2026-09-15T11:46:00,Password Spray,HIGH,0.875,97.8,NEW
THR-00651,EVT-004257,2026-09-05T19:15:00,RDP Activity,CRITICAL,0.881,59.0,MONITORING
THR-00652,EVT-017941,2026-09-10T22:22:00,Brute Force,HIGH,0.778,56.7,INVESTIGATING
THR-00653,EVT-027293,2026-09-24T09:08:00,Archive Transfer,CRITICAL,0.974,68.9,CONTAINED
THR-00654,EVT-029386,2026-09-27T15:50:00,Script Activity,HIGH,0.79,93.5,INVESTIGATING
THR-00655,EVT-024353,2026-09-15T12:08:00,Brute Force,HIGH,0.734,86.7,INVESTIGATING
THR-00656,EVT-025699,2026-09-02T08:35:00,SMB Activity,CRITICAL,0.7,56.3,INVESTIGATING
THR-00657,EVT-023893,2026-09-17T17:07:00,Scheduled Task,HIGH,0.802,95.5,NEW
THR-00658,EVT-026562,2026-09-24T12:53:00,Password Spray,HIGH,0.737,51.1,NEW
THR-00659,EVT-010273,2026-09-25T16:14:00,Credential Stuffing,HIGH,0.873,55.6,INVESTIGATING
THR-00660,EVT-022265,2026-09-26T12:54:00,Phishing Link,HIGH,0.73,94.8,NEW
THR-00661,EVT-017795,2026-09-07T07:36:00,RDP Activity,CRITICAL,0.983,96.1,INVESTIGATING
THR-00662,EVT-017532,2026-09-03T10:10:00,Network Scan,MEDIUM,0.98,47.8,INVESTIGATING
THR-00663,EVT-022244,2026-09-05T11:17:00,Network Scan,MEDIUM,0.909,62.0,INVESTIGATING
THR-00664,EVT-013852,2026-09-04T22:58:00,Command Execution,HIGH,0.953,56.3,MONITORING
THR-00665,EVT-029831,2026-09-26T02:01:00,Service Disruption,CRITICAL,0.866,68.4,INVESTIGATING
THR-00666,EVT-007489,2026-09-21T18:51:00,Scheduled Task,HIGH,0.885,51.7,CONTAINED
THR-00667,EVT-005630,2026-09-22T19:11:00,RDP Activity,CRITICAL,0.898,78.5,INVESTIGATING
THR-00668,EVT-016323,2026-09-20T23:31:00,Remote Service,CRITICAL,0.989,71.7,MONITORING
THR-00669,EVT-018687,2026-09-18T02:14:00,Network Scan,MEDIUM,0.97,87.5,CONTAINED
THR-00670,EVT-020040,2026-09-18T00:58:00,Credential Stuffing,HIGH,0.928,71.9,CONTAINED
THR-00671,EVT-026667,2026-09-03T21:09:00,Command Execution,HIGH,0.778,59.0,INVESTIGATING
THR-00672,EVT-011532,2026-09-06T02:30:00,Remote Service,CRITICAL,0.829,76.4,CONTAINED
THR-00673,EVT-002884,2026-09-21T00:37:00,Network Scan,MEDIUM,0.739,77.7,INVESTIGATING
THR-00674,EVT-012818,2026-09-26T05:04:00,Network Scan,MEDIUM,0.768,52.5,INVESTIGATING
THR-00675,EVT-010053,2026-09-18T08:59:00,Archive Transfer,CRITICAL,0.859,82.9,INVESTIGATING
THR-00676,EVT-003459,2026-09-25T23:40:00,SMB Activity,CRITICAL,0.711,67.1,MONITORING
THR-00677,EVT-020451,2026-09-22T03:42:00,New Service,HIGH,0.874,52.0,NEW
THR-00678,EVT-027883,2026-09-12T18:19:00,RDP Activity,CRITICAL,0.957,93.2,CONTAINED
THR-00679,EVT-012140,2026-09-05T20:48:00,Password Spray,HIGH,0.754,91.8,NEW
THR-00680,EVT-017162,2026-09-24T13:18:00,RDP Activity,CRITICAL,0.782,96.9,CONTAINED
THR-00681,EVT-027604,2026-09-16T18:06:00,Internal Login Burst,CRITICAL,0.786,73.8,CONTAINED
THR-00682,EVT-022608,2026-09-20T02:42:00,Password Spray,HIGH,0.817,73.4,MONITORING
THR-00683,EVT-002363,2026-09-13T07:04:00,Command Execution,HIGH,0.926,92.4,MONITORING
THR-00684,EVT-012023,2026-09-12T15:36:00,Exploit Attempt,HIGH,0.809,73.2,NEW
THR-00685,EVT-021738,2026-09-11T10:05:00,Network Scan,MEDIUM,0.832,93.9,INVESTIGATING
THR-00686,EVT-015888,2026-09-10T17:01:00,SMB Activity,CRITICAL,0.795,55.9,INVESTIGATING
THR-00687,EVT-026387,2026-09-18T20:33:00,Service Disruption,CRITICAL,0.867,62.8,MONITORING
THR-00688,EVT-014488,2026-09-16T04:19:00,Network Scan,MEDIUM,0.925,82.6,MONITORING
THR-00689,EVT-007318,2026-09-20T12:42:00,Brute Force,HIGH,0.924,45.3,INVESTIGATING
THR-00690,EVT-002260,2026-09-11T10:23:00,Phishing Link,HIGH,0.763,47.3,INVESTIGATING
THR-00691,EVT-015392,2026-09-10T03:40:00,Script Activity,HIGH,0.811,85.3,CONTAINED
THR-00692,EVT-004531,2026-09-15T04:04:00,Unusual Upload,CRITICAL,0.831,63.8,MONITORING
THR-00693,EVT-006155,2026-09-18T12:53:00,Command Execution,HIGH,0.915,76.2,MONITORING
THR-00694,EVT-009465,2026-09-19T15:00:00,Command Execution,HIGH,0.855,56.6,INVESTIGATING
THR-00695,EVT-025770,2026-09-11T01:36:00,Large Outbound Transfer,CRITICAL,0.901,57.3,CONTAINED
THR-00696,EVT-024023,2026-09-20T08:47:00,Registry Change,HIGH,0.881,75.2,MONITORING
THR-00697,EVT-002903,2026-09-16T04:31:00,Suspicious External Connection,HIGH,0.734,96.3,NEW
THR-00698,EVT-009883,2026-09-21T17:26:00,Ransomware-like Activity,CRITICAL,0.836,87.4,CONTAINED
THR-00699,EVT-025258,2026-09-13T19:01:00,Process Anomaly,HIGH,0.759,53.7,NEW
THR-00700,EVT-010313,2026-09-23T10:19:00,Suspicious External Connection,HIGH,0.839,87.9,CONTAINED
THR-00701,EVT-014563,2026-09-20T16:06:00,Unusual Upload,CRITICAL,0.831,63.8,CONTAINED
THR-00702,EVT-012892,2026-09-23T06:28:00,Password Spray,HIGH,0.751,74.2,CONTAINED
THR-00703,EVT-028566,2026-09-01T16:05:00,New Service,HIGH,0.806,45.2,NEW
THR-00704,EVT-027327,2026-09-19T21:19:00,Registry Change,HIGH,0.941,68.1,CONTAINED
THR-00705,EVT-002603,2026-09-02T08:59:00,Internal Login Burst,CRITICAL,0.725,65.2,NEW
THR-00706,EVT-017071,2026-09-03T00:00:00,Command Execution,HIGH,0.981,65.2,INVESTIGATING
THR-00707,EVT-020151,2026-09-12T10:26:00,New Service,HIGH,0.914,84.7,NEW
THR-00708,EVT-020695,2026-09-01T00:54:00,Registry Change,HIGH,0.775,74.5,MONITORING
THR-00709,EVT-000999,2026-09-18T10:23:00,Exploit Attempt,HIGH,0.783,46.8,INVESTIGATING
THR-00710,EVT-013364,2026-09-22T20:58:00,Process Anomaly,HIGH,0.877,48.7,NEW
THR-00711,EVT-028277,2026-09-24T18:40:00,Internal Login Burst,CRITICAL,0.949,80.3,NEW
THR-00712,EVT-001583,2026-09-23T23:03:00,SMB Activity,CRITICAL,0.761,97.8,INVESTIGATING
THR-00713,EVT-023658,2026-09-13T19:52:00,RDP Activity,CRITICAL,0.707,66.4,MONITORING
THR-00714,EVT-021668,2026-09-05T17:23:00,New Service,HIGH,0.701,98.5,NEW
THR-00715,EVT-027123,2026-09-12T15:21:00,Scheduled Task,HIGH,0.806,87.0,NEW
THR-00716,EVT-019010,2026-09-10T05:42:00,Suspicious External Connection,HIGH,0.822,96.7,CONTAINED
THR-00717,EVT-006798,2026-09-02T22:28:00,Service Enumeration,MEDIUM,0.775,77.8,NEW
THR-00718,EVT-010801,2026-09-19T19:06:00,Internal Login Burst,CRITICAL,0.849,63.3,INVESTIGATING
THR-00719,EVT-028531,2026-09-17T12:56:00,Script Activity,HIGH,0.976,98.7,NEW
THR-00720,EVT-004421,2026-09-17T17:05:00,Network Scan,MEDIUM,0.805,85.4,NEW
THR-00721,EVT-009209,2026-09-08T09:11:00,Registry Change,HIGH,0.813,89.4,INVESTIGATING
THR-00722,EVT-012982,2026-09-07T13:03:00,Service Enumeration,MEDIUM,0.922,89.8,CONTAINED
THR-00723,EVT-019075,2026-09-25T00:19:00,Suspicious External Connection,HIGH,0.743,58.3,CONTAINED
THR-00724,EVT-029507,2026-09-07T03:28:00,Service Enumeration,MEDIUM,0.775,58.0,MONITORING
THR-00725,EVT-008005,2026-09-21T09:07:00,Service Disruption,CRITICAL,0.939,85.3,NEW
THR-00726,EVT-014714,2026-09-27T20:43:00,Password Spray,HIGH,0.73,84.3,CONTAINED
THR-00727,EVT-021695,2026-09-03T07:41:00,Service Enumeration,MEDIUM,0.774,56.2,MONITORING
THR-00728,EVT-005549,2026-09-24T22:06:00,Password Spray,HIGH,0.874,97.3,NEW
THR-00729,EVT-028169,2026-09-05T10:29:00,New Service,HIGH,0.713,61.1,NEW
THR-00730,EVT-017125,2026-09-12T02:52:00,Suspicious Login,HIGH,0.98,94.5,MONITORING
THR-00731,EVT-018483,2026-09-25T06:05:00,Password Spray,HIGH,0.953,85.5,CONTAINED
THR-00732,EVT-001679,2026-09-12T03:55:00,Process Anomaly,HIGH,0.897,89.0,CONTAINED
THR-00733,EVT-005194,2026-09-19T08:40:00,Service Enumeration,MEDIUM,0.726,85.9,CONTAINED
THR-00734,EVT-000375,2026-09-16T16:01:00,Credential Stuffing,HIGH,0.916,56.9,NEW
THR-00735,EVT-001959,2026-09-23T15:37:00,Credential Stuffing,HIGH,0.92,74.5,NEW
THR-00736,EVT-014011,2026-09-08T08:57:00,Exploit Attempt,HIGH,0.86,82.6,INVESTIGATING
THR-00737,EVT-003418,2026-09-07T17:01:00,Brute Force,HIGH,0.723,72.6,NEW
THR-00738,EVT-029672,2026-09-06T08:19:00,Credential Stuffing,HIGH,0.893,53.4,INVESTIGATING
THR-00739,EVT-022078,2026-09-16T09:34:00,Large Outbound Transfer,CRITICAL,0.786,55.6,NEW
THR-00740,EVT-001017,2026-09-19T19:25:00,Password Spray,HIGH,0.948,56.9,INVESTIGATING
THR-00741,EVT-028385,2026-09-05T16:43:00,Password Spray,HIGH,0.797,50.4,MONITORING
THR-00742,EVT-008765,2026-09-06T21:03:00,Internal Login Burst,CRITICAL,0.767,59.4,CONTAINED
THR-00743,EVT-001856,2026-09-24T16:12:00,SMB Activity,CRITICAL,0.813,94.0,NEW
THR-00744,EVT-005841,2026-09-10T11:30:00,Exploit Attempt,HIGH,0.745,69.9,MONITORING
THR-00745,EVT-015021,2026-09-22T20:47:00,Suspicious External Connection,HIGH,0.962,50.3,NEW
THR-00746,EVT-000130,2026-09-25T07:09:00,Brute Force,HIGH,0.74,77.3,NEW
THR-00747,EVT-014982,2026-09-24T15:19:00,Password Spray,HIGH,0.775,73.1,CONTAINED
THR-00748,EVT-018852,2026-09-24T00:23:00,Large Outbound Transfer,CRITICAL,0.715,81.3,CONTAINED
THR-00749,EVT-024422,2026-09-24T19:33:00,Phishing Link,HIGH,0.797,55.6,INVESTIGATING
THR-00750,EVT-019272,2026-09-25T16:58:00,New Service,HIGH,0.713,66.3,CONTAINED
THR-00751,EVT-028894,2026-09-09T08:47:00,Brute Force,HIGH,0.742,52.1,CONTAINED
THR-00752,EVT-010345,2026-09-04T12:52:00,Suspicious External Connection,HIGH,0.841,83.4,MONITORING
THR-00753,EVT-019746,2026-09-10T04:48:00,Unusual Upload,CRITICAL,0.853,78.8,NEW
THR-00754,EVT-018493,2026-09-08T13:36:00,Exploit Attempt,HIGH,0.758,67.6,NEW
THR-00755,EVT-025632,2026-09-13T03:34:00,RDP Activity,CRITICAL,0.757,78.7,CONTAINED
THR-00756,EVT-017438,2026-09-01T15:54:00,Network Scan,MEDIUM,0.881,73.0,MONITORING
THR-00757,EVT-028685,2026-09-17T09:09:00,Suspicious External Connection,HIGH,0.846,55.7,CONTAINED
THR-00758,EVT-029234,2026-09-11T16:15:00,Script Activity,HIGH,0.944,84.1,CONTAINED
THR-00759,EVT-018768,2026-09-14T16:18:00,RDP Activity,CRITICAL,0.887,65.2,MONITORING
THR-00760,EVT-025144,2026-09-22T14:28:00,Port Scan,MEDIUM,0.721,86.5,CONTAINED
THR-00761,EVT-000832,2026-09-06T08:09:00,Service Disruption,CRITICAL,0.87,48.3,CONTAINED
THR-00762,EVT-019617,2026-09-06T17:07:00,Command Execution,HIGH,0.924,86.1,MONITORING
THR-00763,EVT-018079,2026-09-05T03:48:00,Large Outbound Transfer,CRITICAL,0.868,97.7,NEW
THR-00764,EVT-028203,2026-09-14T21:58:00,Network Scan,MEDIUM,0.859,50.6,INVESTIGATING
THR-00765,EVT-024930,2026-09-13T21:48:00,Remote Service,CRITICAL,0.731,92.5,NEW
THR-00766,EVT-003213,2026-09-22T06:34:00,Network Scan,MEDIUM,0.733,96.2,CONTAINED
THR-00767,EVT-022705,2026-09-13T15:55:00,Service Enumeration,MEDIUM,0.728,71.9,MONITORING
THR-00768,EVT-011219,2026-09-02T01:52:00,Exploit Attempt,HIGH,0.761,53.5,MONITORING
THR-00769,EVT-021095,2026-09-24T11:55:00,Network Scan,MEDIUM,0.936,98.9,CONTAINED
THR-00770,EVT-018503,2026-09-20T23:09:00,RDP Activity,CRITICAL,0.9,78.7,CONTAINED
THR-00771,EVT-005528,2026-09-21T03:43:00,Ransomware-like Activity,CRITICAL,0.763,79.1,INVESTIGATING
THR-00772,EVT-019571,2026-09-15T21:17:00,Network Scan,MEDIUM,0.887,95.0,MONITORING
THR-00773,EVT-018901,2026-09-12T06:28:00,Archive Transfer,CRITICAL,0.86,52.0,MONITORING
THR-00774,EVT-006209,2026-09-05T22:01:00,Port Scan,MEDIUM,0.898,98.5,INVESTIGATING
THR-00775,EVT-022679,2026-09-12T04:33:00,Service Enumeration,MEDIUM,0.729,65.0,CONTAINED
THR-00776,EVT-029203,2026-09-07T14:28:00,Scheduled Task,HIGH,0.89,98.9,NEW
THR-00777,EVT-014026,2026-09-14T21:23:00,Internal Login Burst,CRITICAL,0.78,68.7,INVESTIGATING
THR-00778,EVT-008051,2026-09-23T14:00:00,Archive Transfer,CRITICAL,0.727,71.3,MONITORING
THR-00779,EVT-008339,2026-09-02T22:51:00,Unusual Upload,CRITICAL,0.848,71.6,NEW
THR-00780,EVT-020856,2026-09-21T02:23:00,Command Execution,HIGH,0.818,46.0,CONTAINED
THR-00781,EVT-016308,2026-09-24T12:36:00,Process Anomaly,HIGH,0.874,93.8,INVESTIGATING
THR-00782,EVT-007557,2026-09-07T04:04:00,Port Scan,MEDIUM,0.798,59.3,NEW
THR-00783,EVT-019099,2026-09-12T12:59:00,Exploit Attempt,HIGH,0.885,54.0,NEW
THR-00784,EVT-025226,2026-09-10T01:20:00,Command Execution,HIGH,0.925,69.7,CONTAINED
THR-00785,EVT-013921,2026-09-13T05:35:00,Network Scan,MEDIUM,0.838,48.1,NEW
THR-00786,EVT-000016,2026-09-23T16:55:00,Phishing Link,HIGH,0.891,93.4,NEW
THR-00787,EVT-019586,2026-09-14T02:05:00,SMB Activity,CRITICAL,0.819,65.5,CONTAINED
THR-00788,EVT-017990,2026-09-26T14:39:00,Exploit Attempt,HIGH,0.863,83.5,CONTAINED
THR-00789,EVT-024337,2026-09-15T04:01:00,Internal Login Burst,CRITICAL,0.761,84.0,CONTAINED
THR-00790,EVT-003530,2026-09-01T13:02:00,Port Scan,MEDIUM,0.722,95.2,MONITORING
THR-00791,EVT-005203,2026-09-18T06:45:00,Port Scan,MEDIUM,0.729,46.2,CONTAINED
THR-00792,EVT-016260,2026-09-14T09:22:00,Suspicious Login,HIGH,0.942,91.7,NEW
THR-00793,EVT-005792,2026-09-22T14:53:00,Remote Service,CRITICAL,0.794,65.5,MONITORING
THR-00794,EVT-019880,2026-09-10T00:36:00,Internal Login Burst,CRITICAL,0.746,88.2,MONITORING
THR-00795,EVT-018634,2026-09-08T13:17:00,Service Disruption,CRITICAL,0.981,57.4,MONITORING
THR-00796,EVT-006523,2026-09-01T05:43:00,Service Enumeration,MEDIUM,0.922,62.3,CONTAINED
THR-00797,EVT-028732,2026-09-25T13:54:00,RDP Activity,CRITICAL,0.962,98.2,NEW
THR-00798,EVT-024141,2026-09-11T02:49:00,Registry Change,HIGH,0.847,90.9,INVESTIGATING
THR-00799,EVT-014322,2026-09-27T02:53:00,Process Anomaly,HIGH,0.99,80.5,INVESTIGATING
THR-00800,EVT-014356,2026-09-01T00:34:00,New Service,HIGH,0.717,90.5,INVESTIGATING
THR-00801,EVT-019729,2026-09-24T05:45:00,Registry Change,HIGH,0.984,60.9,CONTAINED
THR-00802,EVT-006019,2026-09-18T07:15:00,Process Anomaly,HIGH,0.735,82.3,INVESTIGATING
THR-00803,EVT-009052,2026-09-02T20:25:00,Ransomware-like Activity,CRITICAL,0.721,83.9,CONTAINED
THR-00804,EVT-014253,2026-09-18T04:23:00,Script Activity,HIGH,0.784,82.1,INVESTIGATING
THR-00805,EVT-007971,2026-09-08T04:30:00,Archive Transfer,CRITICAL,0.774,67.9,CONTAINED
THR-00806,EVT-012672,2026-09-09T20:36:00,Internal Login Burst,CRITICAL,0.734,50.6,INVESTIGATING
THR-00807,EVT-007390,2026-09-17T01:24:00,Network Scan,MEDIUM,0.744,82.7,INVESTIGATING
THR-00808,EVT-020215,2026-09-16T16:34:00,Suspicious External Connection,HIGH,0.961,77.5,INVESTIGATING
THR-00809,EVT-008241,2026-09-23T03:10:00,Mass File Modification,CRITICAL,0.871,75.0,INVESTIGATING
THR-00810,EVT-019283,2026-09-14T23:17:00,RDP Activity,CRITICAL,0.899,55.1,NEW
THR-00811,EVT-017888,2026-09-09T03:42:00,Service Enumeration,MEDIUM,0.956,81.8,MONITORING
THR-00812,EVT-005159,2026-09-07T15:47:00,Internal Login Burst,CRITICAL,0.92,98.5,MONITORING
THR-00813,EVT-011643,2026-09-15T20:11:00,New Service,HIGH,0.724,63.0,CONTAINED
THR-00814,EVT-004258,2026-09-23T05:39:00,Exploit Attempt,HIGH,0.73,69.2,MONITORING
THR-00815,EVT-017218,2026-09-15T20:53:00,Suspicious External Connection,HIGH,0.75,69.4,CONTAINED
THR-00816,EVT-019616,2026-09-12T18:28:00,RDP Activity,CRITICAL,0.73,52.4,NEW
THR-00817,EVT-006502,2026-09-08T19:04:00,Service Enumeration,MEDIUM,0.747,64.5,MONITORING
THR-00818,EVT-024382,2026-09-10T07:33:00,Password Spray,HIGH,0.709,71.5,INVESTIGATING
THR-00819,EVT-022665,2026-09-13T04:10:00,Archive Transfer,CRITICAL,0.739,62.1,NEW
THR-00820,EVT-012009,2026-09-17T18:47:00,Service Enumeration,MEDIUM,0.703,96.5,INVESTIGATING
THR-00821,EVT-023610,2026-09-07T01:47:00,Service Disruption,CRITICAL,0.702,61.9,MONITORING
THR-00822,EVT-011255,2026-09-01T14:04:00,Port Scan,MEDIUM,0.895,64.6,INVESTIGATING
THR-00823,EVT-022829,2026-09-03T23:33:00,Password Spray,HIGH,0.857,73.7,INVESTIGATING
THR-00824,EVT-021102,2026-09-20T22:36:00,Unusual Upload,CRITICAL,0.84,47.9,CONTAINED
THR-00825,EVT-018266,2026-09-19T16:54:00,Suspicious External Connection,HIGH,0.891,87.2,INVESTIGATING
THR-00826,EVT-023763,2026-09-20T18:00:00,Network Scan,MEDIUM,0.901,94.0,INVESTIGATING
THR-00827,EVT-022100,2026-09-11T18:45:00,Port Scan,MEDIUM,0.849,76.0,CONTAINED
THR-00828,EVT-004125,2026-09-24T18:41:00,Port Scan,MEDIUM,0.776,80.3,CONTAINED
THR-00829,EVT-019595,2026-09-05T22:56:00,Network Scan,MEDIUM,0.825,94.2,INVESTIGATING
THR-00830,EVT-022985,2026-09-05T17:30:00,Internal Login Burst,CRITICAL,0.925,71.8,NEW
THR-00831,EVT-002095,2026-09-24T12:47:00,Ransomware-like Activity,CRITICAL,0.721,66.5,MONITORING
THR-00832,EVT-002299,2026-09-04T14:09:00,Service Disruption,CRITICAL,0.84,68.7,NEW
THR-00833,EVT-004540,2026-09-24T11:15:00,Exploit Attempt,HIGH,0.738,72.4,MONITORING
THR-00834,EVT-026293,2026-09-23T07:50:00,Suspicious Login,HIGH,0.749,83.9,NEW
THR-00835,EVT-023019,2026-09-05T16:34:00,Service Enumeration,MEDIUM,0.735,92.4,MONITORING
THR-00836,EVT-027019,2026-09-14T21:39:00,Brute Force,HIGH,0.935,73.7,NEW
THR-00837,EVT-014661,2026-09-15T02:55:00,Suspicious External Connection,HIGH,0.797,90.1,INVESTIGATING
THR-00838,EVT-006651,2026-09-23T01:14:00,Archive Transfer,CRITICAL,0.737,57.5,MONITORING
THR-00839,EVT-021149,2026-09-19T07:53:00,Scheduled Task,HIGH,0.89,95.0,MONITORING
THR-00840,EVT-019052,2026-09-13T19:07:00,Password Spray,HIGH,0.906,98.3,MONITORING
THR-00841,EVT-013547,2026-09-25T19:18:00,Phishing Link,HIGH,0.903,77.5,INVESTIGATING
THR-00842,EVT-013720,2026-09-07T06:55:00,SMB Activity,CRITICAL,0.808,68.8,NEW
THR-00843,EVT-017883,2026-09-01T14:45:00,Network Scan,MEDIUM,0.826,84.8,MONITORING
THR-00844,EVT-003000,2026-09-05T00:35:00,Network Scan,MEDIUM,0.875,63.2,NEW
THR-00845,EVT-001612,2026-09-12T22:41:00,Archive Transfer,CRITICAL,0.986,85.0,NEW
THR-00846,EVT-027265,2026-09-07T03:03:00,Password Spray,HIGH,0.948,54.9,MONITORING
THR-00847,EVT-016142,2026-09-24T16:21:00,Brute Force,HIGH,0.785,60.8,MONITORING
THR-00848,EVT-025255,2026-09-15T08:42:00,Process Anomaly,HIGH,0.752,86.5,CONTAINED
THR-00849,EVT-017381,2026-09-15T03:32:00,Suspicious Login,HIGH,0.843,79.0,MONITORING
THR-00850,EVT-027537,2026-09-10T03:04:00,Scheduled Task,HIGH,0.967,97.2,NEW
THR-00851,EVT-014963,2026-09-26T04:49:00,Suspicious Login,HIGH,0.825,69.6,MONITORING
THR-00852,EVT-008357,2026-09-04T09:22:00,Script Activity,HIGH,0.875,96.7,CONTAINED
THR-00853,EVT-013061,2026-09-20T16:16:00,Service Enumeration,MEDIUM,0.959,49.1,CONTAINED
THR-00854,EVT-019173,2026-09-09T03:25:00,Internal Login Burst,CRITICAL,0.923,87.8,INVESTIGATING
THR-00855,EVT-007614,2026-09-24T02:11:00,Port Scan,MEDIUM,0.951,56.4,INVESTIGATING
THR-00856,EVT-009928,2026-09-17T00:13:00,Credential Stuffing,HIGH,0.872,51.3,INVESTIGATING
THR-00857,EVT-007127,2026-09-26T23:49:00,Password Spray,HIGH,0.854,47.5,MONITORING
THR-00858,EVT-027366,2026-09-06T11:00:00,Credential Stuffing,HIGH,0.749,62.9,MONITORING
THR-00859,EVT-006538,2026-09-13T19:50:00,Suspicious External Connection,HIGH,0.865,56.0,NEW
THR-00860,EVT-002958,2026-09-04T21:41:00,Ransomware-like Activity,CRITICAL,0.775,52.5,INVESTIGATING
THR-00861,EVT-010189,2026-09-01T19:27:00,Password Spray,HIGH,0.987,48.9,NEW
THR-00862,EVT-010110,2026-09-08T18:06:00,Archive Transfer,CRITICAL,0.848,97.2,NEW
THR-00863,EVT-015453,2026-09-22T08:30:00,SMB Activity,CRITICAL,0.871,56.2,CONTAINED
THR-00864,EVT-003670,2026-09-02T10:28:00,Remote Service,CRITICAL,0.877,95.6,CONTAINED
THR-00865,EVT-006961,2026-09-01T18:46:00,Internal Login Burst,CRITICAL,0.964,47.7,NEW
THR-00866,EVT-010460,2026-09-26T17:19:00,Port Scan,MEDIUM,0.939,92.0,MONITORING
THR-00867,EVT-015679,2026-09-03T19:30:00,Registry Change,HIGH,0.922,68.4,MONITORING
THR-00868,EVT-022670,2026-09-19T00:22:00,Process Anomaly,HIGH,0.974,53.9,CONTAINED
THR-00869,EVT-011368,2026-09-22T03:13:00,Service Disruption,CRITICAL,0.775,59.7,CONTAINED
THR-00870,EVT-003348,2026-09-06T15:50:00,Process Anomaly,HIGH,0.702,78.2,MONITORING
THR-00871,EVT-018749,2026-09-23T17:21:00,Service Disruption,CRITICAL,0.881,59.7,INVESTIGATING
THR-00872,EVT-020929,2026-09-22T08:05:00,Script Activity,HIGH,0.866,81.6,NEW
THR-00873,EVT-012538,2026-09-24T02:49:00,Remote Service,CRITICAL,0.744,56.9,INVESTIGATING
THR-00874,EVT-001054,2026-09-10T01:54:00,Brute Force,HIGH,0.748,71.3,CONTAINED
THR-00875,EVT-021907,2026-09-14T20:57:00,Registry Change,HIGH,0.832,63.9,NEW
THR-00876,EVT-001900,2026-09-04T00:06:00,Service Enumeration,MEDIUM,0.819,64.7,CONTAINED
THR-00877,EVT-012475,2026-09-24T00:56:00,Port Scan,MEDIUM,0.832,54.7,MONITORING
THR-00878,EVT-020177,2026-09-17T06:58:00,Network Scan,MEDIUM,0.982,90.5,CONTAINED
THR-00879,EVT-016809,2026-09-27T00:56:00,Large Outbound Transfer,CRITICAL,0.727,66.6,CONTAINED
THR-00880,EVT-010828,2026-09-11T19:47:00,Archive Transfer,CRITICAL,0.806,82.3,INVESTIGATING
THR-00881,EVT-011212,2026-09-26T08:11:00,Network Scan,MEDIUM,0.937,52.8,MONITORING
THR-00882,EVT-001939,2026-09-23T07:53:00,Port Scan,MEDIUM,0.746,60.4,MONITORING
THR-00883,EVT-001488,2026-09-13T19:10:00,Password Spray,HIGH,0.86,94.8,INVESTIGATING
THR-00884,EVT-019915,2026-09-19T20:59:00,Password Spray,HIGH,0.957,96.3,NEW
THR-00885,EVT-025289,2026-09-08T04:36:00,Remote Service,CRITICAL,0.708,71.6,INVESTIGATING
THR-00886,EVT-006003,2026-09-13T06:10:00,Suspicious External Connection,HIGH,0.961,86.7,NEW
THR-00887,EVT-010984,2026-09-27T14:41:00,Process Anomaly,HIGH,0.711,75.1,MONITORING
THR-00888,EVT-024161,2026-09-04T01:02:00,Password Spray,HIGH,0.762,53.2,CONTAINED
THR-00889,EVT-024195,2026-09-01T14:36:00,Scheduled Task,HIGH,0.954,57.9,INVESTIGATING
THR-00890,EVT-016497,2026-09-08T23:42:00,Password Spray,HIGH,0.929,57.6,MONITORING
THR-00891,EVT-001993,2026-09-05T13:38:00,Port Scan,MEDIUM,0.763,88.5,CONTAINED
THR-00892,EVT-009930,2026-09-26T23:37:00,SMB Activity,CRITICAL,0.776,58.7,CONTAINED
THR-00893,EVT-013466,2026-09-18T15:49:00,Brute Force,HIGH,0.882,51.4,INVESTIGATING
THR-00894,EVT-004396,2026-09-08T06:47:00,Exploit Attempt,HIGH,0.833,70.3,CONTAINED
THR-00895,EVT-020452,2026-09-02T12:53:00,Password Spray,HIGH,0.721,76.5,INVESTIGATING
THR-00896,EVT-001295,2026-09-22T23:07:00,RDP Activity,CRITICAL,0.912,79.2,INVESTIGATING
THR-00897,EVT-010762,2026-09-19T15:55:00,Mass File Modification,CRITICAL,0.727,54.3,MONITORING
THR-00898,EVT-015374,2026-09-25T05:06:00,Script Activity,HIGH,0.71,93.2,CONTAINED
THR-00899,EVT-014161,2026-09-06T03:30:00,Internal Login Burst,CRITICAL,0.762,70.3,NEW
THR-00900,EVT-008644,2026-09-26T19:15:00,Password Spray,HIGH,0.72,51.4,MONITORING
THR-00901,EVT-023881,2026-09-23T19:28:00,Command Execution,HIGH,0.932,49.6,INVESTIGATING
THR-00902,EVT-017266,2026-09-07T21:48:00,Script Activity,HIGH,0.982,95.2,INVESTIGATING
THR-00903,EVT-021420,2026-09-11T22:38:00,Service Enumeration,MEDIUM,0.861,50.1,MONITORING
THR-00904,EVT-024269,2026-09-05T13:55:00,Credential Stuffing,HIGH,0.827,75.2,INVESTIGATING
THR-00905,EVT-007284,2026-09-21T17:08:00,Process Anomaly,HIGH,0.919,96.9,CONTAINED
THR-00906,EVT-027594,2026-09-23T16:45:00,Network Scan,MEDIUM,0.838,65.2,INVESTIGATING
THR-00907,EVT-001260,2026-09-25T04:17:00,Credential Stuffing,HIGH,0.824,53.6,NEW
THR-00908,EVT-021063,2026-09-22T13:17:00,Internal Login Burst,CRITICAL,0.856,86.5,NEW
THR-00909,EVT-025128,2026-09-26T07:56:00,Internal Login Burst,CRITICAL,0.852,95.8,INVESTIGATING
THR-00910,EVT-016127,2026-09-21T06:32:00,RDP Activity,CRITICAL,0.956,50.0,CONTAINED
THR-00911,EVT-003970,2026-09-11T16:54:00,Process Anomaly,HIGH,0.963,93.9,CONTAINED
THR-00912,EVT-024576,2026-09-05T08:36:00,New Service,HIGH,0.959,47.0,INVESTIGATING
THR-00913,EVT-012752,2026-09-27T06:48:00,Large Outbound Transfer,CRITICAL,0.779,83.2,CONTAINED
THR-00914,EVT-008746,2026-09-13T18:22:00,Brute Force,HIGH,0.868,67.5,MONITORING
THR-00915,EVT-024982,2026-09-01T03:17:00,Scheduled Task,HIGH,0.83,68.6,NEW
THR-00916,EVT-008531,2026-09-13T14:47:00,Internal Login Burst,CRITICAL,0.857,63.4,MONITORING
THR-00917,EVT-019349,2026-09-17T07:43:00,Process Anomaly,HIGH,0.757,91.1,CONTAINED
THR-00918,EVT-008823,2026-09-06T19:12:00,Service Enumeration,MEDIUM,0.886,83.0,INVESTIGATING
THR-00919,EVT-018857,2026-09-27T22:35:00,Credential Stuffing,HIGH,0.92,54.9,NEW
THR-00920,EVT-019096,2026-09-10T21:40:00,Archive Transfer,CRITICAL,0.972,65.4,MONITORING
THR-00921,EVT-010105,2026-09-27T10:04:00,Port Scan,MEDIUM,0.826,68.7,CONTAINED
THR-00922,EVT-017277,2026-09-04T15:14:00,Remote Service,CRITICAL,0.777,96.4,CONTAINED
THR-00923,EVT-006858,2026-09-22T09:46:00,New Service,HIGH,0.837,64.1,INVESTIGATING
THR-00924,EVT-029132,2026-09-05T05:23:00,Command Execution,HIGH,0.759,74.8,MONITORING
THR-00925,EVT-017185,2026-09-25T05:28:00,Script Activity,HIGH,0.9,86.7,MONITORING
THR-00926,EVT-013965,2026-09-16T09:45:00,Registry Change,HIGH,0.846,57.9,MONITORING
THR-00927,EVT-003753,2026-09-06T20:42:00,Credential Stuffing,HIGH,0.911,75.8,NEW
THR-00928,EVT-018689,2026-09-20T18:13:00,Brute Force,HIGH,0.961,85.9,MONITORING
THR-00929,EVT-010454,2026-09-03T22:04:00,Service Disruption,CRITICAL,0.761,90.0,NEW
THR-00930,EVT-028324,2026-09-10T21:50:00,Credential Stuffing,HIGH,0.749,61.2,MONITORING
THR-00931,EVT-015682,2026-09-14T07:55:00,Exploit Attempt,HIGH,0.849,69.3,NEW
THR-00932,EVT-028916,2026-09-15T14:56:00,Brute Force,HIGH,0.827,68.2,CONTAINED
THR-00933,EVT-004471,2026-09-06T17:42:00,Unusual Upload,CRITICAL,0.977,91.9,INVESTIGATING
THR-00934,EVT-029608,2026-09-03T21:20:00,Mass File Modification,CRITICAL,0.908,82.0,MONITORING
THR-00935,EVT-010593,2026-09-05T01:08:00,Service Disruption,CRITICAL,0.908,89.1,CONTAINED
THR-00936,EVT-020109,2026-09-09T08:14:00,Password Spray,HIGH,0.83,72.2,MONITORING
THR-00937,EVT-013260,2026-09-13T02:08:00,Service Enumeration,MEDIUM,0.98,63.7,CONTAINED
THR-00938,EVT-000090,2026-09-24T20:28:00,Password Spray,HIGH,0.978,86.5,MONITORING
THR-00939,EVT-016944,2026-09-06T02:47:00,Phishing Link,HIGH,0.978,62.8,INVESTIGATING
THR-00940,EVT-025954,2026-09-22T12:05:00,Port Scan,MEDIUM,0.756,91.7,NEW
THR-00941,EVT-011709,2026-09-27T04:39:00,Credential Stuffing,HIGH,0.977,87.5,CONTAINED
THR-00942,EVT-001752,2026-09-01T15:01:00,Registry Change,HIGH,0.878,75.3,NEW
THR-00943,EVT-015604,2026-09-21T08:22:00,Command Execution,HIGH,0.822,94.8,NEW
THR-00944,EVT-029718,2026-09-17T21:44:00,Service Enumeration,MEDIUM,0.798,82.7,NEW
THR-00945,EVT-021272,2026-09-18T16:59:00,Script Activity,HIGH,0.808,64.9,CONTAINED
THR-00946,EVT-017444,2026-09-22T02:55:00,Service Enumeration,MEDIUM,0.755,82.7,INVESTIGATING
THR-00947,EVT-019482,2026-09-18T00:32:00,New Service,HIGH,0.776,60.9,MONITORING
THR-00948,EVT-001150,2026-09-13T16:20:00,Large Outbound Transfer,CRITICAL,0.758,49.7,NEW
THR-00949,EVT-020540,2026-09-09T03:20:00,RDP Activity,CRITICAL,0.779,93.7,NEW
THR-00950,EVT-029601,2026-09-08T06:23:00,Credential Stuffing,HIGH,0.942,57.8,INVESTIGATING
THR-00951,EVT-004605,2026-09-27T00:55:00,Phishing Link,HIGH,0.935,95.8,NEW
THR-00952,EVT-014475,2026-09-26T16:09:00,SMB Activity,CRITICAL,0.748,55.6,INVESTIGATING
THR-00953,EVT-002865,2026-09-24T18:58:00,Phishing Link,HIGH,0.941,77.8,INVESTIGATING
THR-00954,EVT-008925,2026-09-01T22:09:00,Ransomware-like Activity,CRITICAL,0.828,83.9,NEW
THR-00955,EVT-029857,2026-09-14T20:06:00,Service Enumeration,MEDIUM,0.928,45.8,MONITORING
THR-00956,EVT-015222,2026-09-23T22:39:00,Internal Login Burst,CRITICAL,0.929,46.1,CONTAINED
THR-00957,EVT-009796,2026-09-27T04:01:00,Exploit Attempt,HIGH,0.804,92.4,MONITORING
THR-00958,EVT-022342,2026-09-18T15:17:00,Ransomware-like Activity,CRITICAL,0.725,95.5,INVESTIGATING
THR-00959,EVT-016350,2026-09-15T16:08:00,SMB Activity,CRITICAL,0.754,74.5,NEW
THR-00960,EVT-007713,2026-09-01T06:19:00,Service Disruption,CRITICAL,0.8,87.9,INVESTIGATING
THR-00961,EVT-002687,2026-09-03T21:03:00,Suspicious Login,HIGH,0.79,98.5,MONITORING
THR-00962,EVT-025850,2026-09-01T23:59:00,Large Outbound Transfer,CRITICAL,0.932,57.5,CONTAINED
THR-00963,EVT-012225,2026-09-23T04:33:00,Ransomware-like Activity,CRITICAL,0.765,98.5,NEW
THR-00964,EVT-005435,2026-09-11T02:30:00,Exploit Attempt,HIGH,0.779,84.1,INVESTIGATING
THR-00965,EVT-000851,2026-09-22T07:54:00,Mass File Modification,CRITICAL,0.967,79.8,INVESTIGATING
THR-00966,EVT-017441,2026-09-01T13:12:00,Password Spray,HIGH,0.879,52.4,NEW
THR-00967,EVT-015811,2026-09-04T16:10:00,Command Execution,HIGH,0.875,94.2,CONTAINED
THR-00968,EVT-023522,2026-09-10T16:50:00,Remote Service,CRITICAL,0.949,93.0,INVESTIGATING
THR-00969,EVT-014410,2026-09-26T19:58:00,Process Anomaly,HIGH,0.805,57.7,MONITORING
THR-00970,EVT-015831,2026-09-25T09:17:00,Password Spray,HIGH,0.921,61.0,NEW
THR-00971,EVT-012146,2026-09-26T18:09:00,Port Scan,MEDIUM,0.744,66.8,NEW
THR-00972,EVT-027481,2026-09-07T12:06:00,Unusual Upload,CRITICAL,0.864,81.3,NEW
THR-00973,EVT-027128,2026-09-15T00:54:00,Network Scan,MEDIUM,0.871,72.1,NEW
THR-00974,EVT-003158,2026-09-05T21:44:00,Phishing Link,HIGH,0.868,83.3,INVESTIGATING
THR-00975,EVT-028987,2026-09-14T17:46:00,Network Scan,MEDIUM,0.888,97.5,CONTAINED
THR-00976,EVT-022988,2026-09-04T15:25:00,Script Activity,HIGH,0.745,82.5,MONITORING
THR-00977,EVT-027593,2026-09-06T13:14:00,Service Disruption,CRITICAL,0.857,90.1,INVESTIGATING
THR-00978,EVT-014455,2026-09-15T05:56:00,Service Enumeration,MEDIUM,0.791,61.1,MONITORING
THR-00979,EVT-026981,2026-09-27T18:25:00,Script Activity,HIGH,0.786,46.3,MONITORING
THR-00980,EVT-005849,2026-09-06T09:10:00,Network Scan,MEDIUM,0.811,51.2,INVESTIGATING
THR-00981,EVT-017945,2026-09-22T13:49:00,Exploit Attempt,HIGH,0.77,47.9,CONTAINED
THR-00982,EVT-005169,2026-09-24T00:42:00,Credential Stuffing,HIGH,0.724,46.9,INVESTIGATING
THR-00983,EVT-017068,2026-09-14T08:29:00,Suspicious Login,HIGH,0.835,77.3,CONTAINED
THR-00984,EVT-001621,2026-09-26T18:14:00,RDP Activity,CRITICAL,0.911,64.5,NEW
THR-00985,EVT-010681,2026-09-08T14:38:00,Command Execution,HIGH,0.96,57.9,CONTAINED
THR-00986,EVT-006470,2026-09-22T04:10:00,Phishing Link,HIGH,0.798,79.3,MONITORING
THR-00987,EVT-021273,2026-09-10T08:04:00,Service Enumeration,MEDIUM,0.935,48.8,INVESTIGATING
THR-00988,EVT-024385,2026-09-23T01:35:00,Command Execution,HIGH,0.868,51.8,NEW
THR-00989,EVT-023051,2026-09-05T15:38:00,Archive Transfer,CRITICAL,0.767,59.2,MONITORING
THR-00990,EVT-022080,2026-09-03T01:38:00,Service Enumeration,MEDIUM,0.958,90.9,CONTAINED
THR-00991,EVT-011245,2026-09-25T19:15:00,Password Spray,HIGH,0.729,81.0,NEW
THR-00992,EVT-018794,2026-09-12T00:02:00,Credential Stuffing,HIGH,0.887,64.6,CONTAINED
THR-00993,EVT-019651,2026-09-23T11:31:00,Password Spray,HIGH,0.927,97.9,NEW
THR-00994,EVT-013374,2026-09-23T14:10:00,Script Activity,HIGH,0.874,84.6,NEW
THR-00995,EVT-011085,2026-09-19T14:08:00,Exploit Attempt,HIGH,0.856,93.7,CONTAINED
THR-00996,EVT-015724,2026-09-25T13:25:00,Service Enumeration,MEDIUM,0.976,69.8,NEW
THR-00997,EVT-017311,2026-09-09T20:44:00,Remote Service,CRITICAL,0.797,79.3,INVESTIGATING
THR-00998,EVT-017249,2026-09-01T16:56:00,Mass File Modification,CRITICAL,0.869,77.7,MONITORING
THR-00999,EVT-005908,2026-09-19T09:30:00,Service Enumeration,MEDIUM,0.723,51.3,INVESTIGATING
THR-01000,EVT-009320,2026-09-15T15:17:00,Unusual Upload,CRITICAL,0.77,78.9,INVESTIGATING
THR-01001,EVT-003646,2026-09-10T10:20:00,Registry Change,HIGH,0.941,97.9,INVESTIGATING
THR-01002,EVT-022564,2026-09-05T18:40:00,Registry Change,HIGH,0.706,46.3,CONTAINED
THR-01003,EVT-007370,2026-09-10T17:12:00,Internal Login Burst,CRITICAL,0.769,65.2,INVESTIGATING
THR-01004,EVT-015362,2026-09-13T09:23:00,Password Spray,HIGH,0.904,70.5,NEW
THR-01005,EVT-002157,2026-09-01T13:19:00,Service Disruption,CRITICAL,0.731,95.5,NEW
THR-01006,EVT-023877,2026-09-04T23:45:00,Credential Stuffing,HIGH,0.773,50.3,NEW
THR-01007,EVT-014948,2026-09-09T16:00:00,SMB Activity,CRITICAL,0.793,75.8,CONTAINED
THR-01008,EVT-011143,2026-09-09T23:05:00,Command Execution,HIGH,0.868,62.1,MONITORING
THR-01009,EVT-013362,2026-09-14T16:53:00,Brute Force,HIGH,0.824,59.6,MONITORING
THR-01010,EVT-002437,2026-09-22T00:45:00,SMB Activity,CRITICAL,0.932,85.6,NEW
THR-01011,EVT-002792,2026-09-22T15:58:00,Password Spray,HIGH,0.874,67.7,INVESTIGATING
THR-01012,EVT-015650,2026-09-26T15:05:00,Exploit Attempt,HIGH,0.8,70.0,CONTAINED
THR-01013,EVT-005912,2026-09-03T01:51:00,RDP Activity,CRITICAL,0.781,48.2,CONTAINED
THR-01014,EVT-019960,2026-09-02T23:01:00,Port Scan,MEDIUM,0.895,71.5,MONITORING
THR-01015,EVT-005341,2026-09-11T13:46:00,Network Scan,MEDIUM,0.728,86.2,NEW
THR-01016,EVT-015708,2026-09-08T14:38:00,Brute Force,HIGH,0.75,56.7,MONITORING
THR-01017,EVT-001187,2026-09-13T04:53:00,SMB Activity,CRITICAL,0.76,93.4,MONITORING
THR-01018,EVT-016297,2026-09-21T20:52:00,Network Scan,MEDIUM,0.777,90.5,CONTAINED
THR-01019,EVT-012609,2026-09-20T13:13:00,Exploit Attempt,HIGH,0.791,70.1,MONITORING
THR-01020,EVT-021822,2026-09-14T06:19:00,Registry Change,HIGH,0.783,94.8,INVESTIGATING
THR-01021,EVT-026648,2026-09-20T10:53:00,Phishing Link,HIGH,0.851,80.4,NEW
THR-01022,EVT-027500,2026-09-23T10:48:00,Archive Transfer,CRITICAL,0.828,49.7,INVESTIGATING
THR-01023,EVT-007851,2026-09-23T08:31:00,RDP Activity,CRITICAL,0.87,48.0,CONTAINED
THR-01024,EVT-029659,2026-09-27T03:19:00,Mass File Modification,CRITICAL,0.898,66.3,CONTAINED
THR-01025,EVT-015331,2026-09-03T14:44:00,Ransomware-like Activity,CRITICAL,0.717,52.0,MONITORING
THR-01026,EVT-029462,2026-09-17T11:44:00,Port Scan,MEDIUM,0.712,53.7,CONTAINED
THR-01027,EVT-016575,2026-09-06T07:39:00,RDP Activity,CRITICAL,0.751,93.5,MONITORING
THR-01028,EVT-007155,2026-09-20T10:37:00,Phishing Link,HIGH,0.894,46.1,INVESTIGATING
THR-01029,EVT-024220,2026-09-02T15:51:00,RDP Activity,CRITICAL,0.804,82.9,INVESTIGATING
THR-01030,EVT-004108,2026-09-26T08:10:00,Large Outbound Transfer,CRITICAL,0.929,47.9,MONITORING
THR-01031,EVT-016064,2026-09-27T08:28:00,Service Disruption,CRITICAL,0.841,90.8,INVESTIGATING
THR-01032,EVT-019214,2026-09-21T00:46:00,Suspicious External Connection,HIGH,0.859,74.4,CONTAINED
THR-01033,EVT-004871,2026-09-02T14:08:00,Service Disruption,CRITICAL,0.836,52.6,MONITORING
THR-01034,EVT-012967,2026-09-04T01:29:00,Password Spray,HIGH,0.75,47.3,CONTAINED
THR-01035,EVT-006942,2026-09-26T13:29:00,Suspicious Login,HIGH,0.803,53.0,CONTAINED
THR-01036,EVT-006028,2026-09-09T12:30:00,Service Disruption,CRITICAL,0.908,87.4,MONITORING
THR-01037,EVT-015795,2026-09-07T04:32:00,Service Enumeration,MEDIUM,0.747,74.0,INVESTIGATING
THR-01038,EVT-019481,2026-09-20T22:52:00,SMB Activity,CRITICAL,0.732,69.0,CONTAINED
THR-01039,EVT-027582,2026-09-19T01:08:00,Suspicious Login,HIGH,0.846,71.2,INVESTIGATING
THR-01040,EVT-023461,2026-09-10T01:28:00,Scheduled Task,HIGH,0.832,71.7,NEW
THR-01041,EVT-022685,2026-09-18T11:26:00,Service Enumeration,MEDIUM,0.808,68.0,NEW
THR-01042,EVT-019791,2026-09-11T18:47:00,Mass File Modification,CRITICAL,0.713,98.1,MONITORING
THR-01043,EVT-014034,2026-09-13T05:53:00,Remote Service,CRITICAL,0.869,62.3,NEW
THR-01044,EVT-018639,2026-09-24T09:05:00,Phishing Link,HIGH,0.9,64.7,MONITORING
THR-01045,EVT-019143,2026-09-23T16:20:00,Large Outbound Transfer,CRITICAL,0.927,56.8,CONTAINED
THR-01046,EVT-028243,2026-09-26T11:15:00,Suspicious External Connection,HIGH,0.837,88.0,MONITORING
THR-01047,EVT-011231,2026-09-03T14:34:00,Remote Service,CRITICAL,0.852,49.2,CONTAINED
THR-01048,EVT-029475,2026-09-02T15:01:00,RDP Activity,CRITICAL,0.937,73.3,MONITORING
THR-01049,EVT-007721,2026-09-09T19:43:00,Ransomware-like Activity,CRITICAL,0.953,89.9,CONTAINED
THR-01050,EVT-020107,2026-09-06T23:13:00,Process Anomaly,HIGH,0.801,80.4,INVESTIGATING
THR-01051,EVT-026377,2026-09-17T13:44:00,Suspicious External Connection,HIGH,0.889,79.4,CONTAINED
THR-01052,EVT-020092,2026-09-03T12:52:00,Service Disruption,CRITICAL,0.969,87.9,MONITORING
THR-01053,EVT-009678,2026-09-02T03:28:00,Service Disruption,CRITICAL,0.891,58.3,INVESTIGATING
THR-01054,EVT-010872,2026-09-07T16:00:00,Registry Change,HIGH,0.85,49.1,CONTAINED
THR-01055,EVT-022164,2026-09-11T22:38:00,Password Spray,HIGH,0.706,71.5,MONITORING
THR-01056,EVT-009674,2026-09-07T16:42:00,Script Activity,HIGH,0.964,55.9,NEW
THR-01057,EVT-011936,2026-09-23T14:26:00,Service Enumeration,MEDIUM,0.852,96.2,CONTAINED
THR-01058,EVT-003146,2026-09-23T00:01:00,Password Spray,HIGH,0.773,76.6,CONTAINED
THR-01059,EVT-003518,2026-09-11T11:58:00,Brute Force,HIGH,0.846,87.6,NEW
THR-01060,EVT-012520,2026-09-12T09:12:00,Process Anomaly,HIGH,0.954,62.5,CONTAINED
THR-01061,EVT-002076,2026-09-09T22:58:00,Password Spray,HIGH,0.741,56.1,NEW
THR-01062,EVT-016220,2026-09-26T11:29:00,Script Activity,HIGH,0.86,93.8,INVESTIGATING
THR-01063,EVT-009464,2026-09-27T20:30:00,Network Scan,MEDIUM,0.983,72.9,CONTAINED
THR-01064,EVT-024814,2026-09-11T04:31:00,Archive Transfer,CRITICAL,0.824,54.7,MONITORING
THR-01065,EVT-010444,2026-09-11T07:47:00,Command Execution,HIGH,0.955,45.9,CONTAINED
THR-01066,EVT-000855,2026-09-07T05:00:00,Brute Force,HIGH,0.809,79.4,NEW
THR-01067,EVT-019849,2026-09-04T18:10:00,Service Enumeration,MEDIUM,0.739,72.2,INVESTIGATING
THR-01068,EVT-004389,2026-09-01T00:29:00,Password Spray,HIGH,0.718,93.3,MONITORING
THR-01069,EVT-003903,2026-09-12T01:38:00,Mass File Modification,CRITICAL,0.893,79.9,CONTAINED
THR-01070,EVT-000685,2026-09-02T03:42:00,Internal Login Burst,CRITICAL,0.845,66.4,MONITORING
THR-01071,EVT-014920,2026-09-06T11:29:00,Unusual Upload,CRITICAL,0.787,85.6,CONTAINED
THR-01072,EVT-018263,2026-09-15T20:13:00,Phishing Link,HIGH,0.709,52.7,INVESTIGATING
THR-01073,EVT-029636,2026-09-26T13:51:00,Credential Stuffing,HIGH,0.718,86.5,INVESTIGATING
THR-01074,EVT-025463,2026-09-01T12:54:00,RDP Activity,CRITICAL,0.928,93.1,CONTAINED
THR-01075,EVT-016055,2026-09-25T21:50:00,Service Disruption,CRITICAL,0.903,51.9,CONTAINED
THR-01076,EVT-011938,2026-09-04T09:39:00,Suspicious Login,HIGH,0.88,55.5,CONTAINED
THR-01077,EVT-001331,2026-09-27T16:11:00,Mass File Modification,CRITICAL,0.711,45.8,MONITORING
THR-01078,EVT-020626,2026-09-14T09:37:00,Suspicious Login,HIGH,0.743,68.7,INVESTIGATING
THR-01079,EVT-025459,2026-09-01T20:41:00,SMB Activity,CRITICAL,0.765,47.2,NEW
THR-01080,EVT-024575,2026-09-10T16:18:00,Archive Transfer,CRITICAL,0.834,74.9,NEW
THR-01081,EVT-021816,2026-09-08T03:11:00,Remote Service,CRITICAL,0.862,52.4,INVESTIGATING
THR-01082,EVT-019786,2026-09-27T19:57:00,Suspicious External Connection,HIGH,0.873,52.2,CONTAINED
THR-01083,EVT-005693,2026-09-12T04:06:00,Suspicious Login,HIGH,0.781,97.0,NEW
THR-01084,EVT-013776,2026-09-22T18:55:00,Ransomware-like Activity,CRITICAL,0.986,98.2,NEW
THR-01085,EVT-008838,2026-09-11T21:30:00,Service Enumeration,MEDIUM,0.773,63.9,CONTAINED
THR-01086,EVT-022110,2026-09-20T23:40:00,Network Scan,MEDIUM,0.773,51.9,NEW
THR-01087,EVT-007058,2026-09-11T14:06:00,Suspicious External Connection,HIGH,0.988,80.0,MONITORING
THR-01088,EVT-012622,2026-09-25T21:22:00,Command Execution,HIGH,0.859,52.3,NEW
THR-01089,EVT-003284,2026-09-12T11:17:00,Network Scan,MEDIUM,0.9,51.7,NEW
THR-01090,EVT-016624,2026-09-01T01:25:00,Exploit Attempt,HIGH,0.877,48.7,INVESTIGATING
THR-01091,EVT-012222,2026-09-18T23:10:00,Password Spray,HIGH,0.742,57.5,NEW
THR-01092,EVT-016408,2026-09-13T21:49:00,Credential Stuffing,HIGH,0.915,51.5,INVESTIGATING
THR-01093,EVT-004182,2026-09-01T20:15:00,Registry Change,HIGH,0.832,97.9,CONTAINED
THR-01094,EVT-012924,2026-09-20T21:36:00,Command Execution,HIGH,0.856,82.6,NEW
THR-01095,EVT-021942,2026-09-05T11:51:00,Internal Login Burst,CRITICAL,0.873,81.4,INVESTIGATING
THR-01096,EVT-028823,2026-09-22T09:31:00,Archive Transfer,CRITICAL,0.919,72.5,MONITORING
THR-01097,EVT-021773,2026-09-21T06:28:00,Phishing Link,HIGH,0.924,95.6,CONTAINED
THR-01098,EVT-000543,2026-09-03T12:25:00,Script Activity,HIGH,0.718,96.8,INVESTIGATING
THR-01099,EVT-019415,2026-09-12T11:49:00,Exploit Attempt,HIGH,0.797,60.7,INVESTIGATING
THR-01100,EVT-020350,2026-09-16T15:18:00,Script Activity,HIGH,0.769,60.2,NEW
THR-01101,EVT-019714,2026-09-12T04:50:00,Brute Force,HIGH,0.877,86.3,MONITORING
THR-01102,EVT-001514,2026-09-20T13:46:00,Suspicious External Connection,HIGH,0.944,66.9,CONTAINED
THR-01103,EVT-011797,2026-09-10T12:41:00,Phishing Link,HIGH,0.723,61.6,INVESTIGATING
THR-01104,EVT-018327,2026-09-01T03:03:00,Unusual Upload,CRITICAL,0.896,88.4,INVESTIGATING
THR-01105,EVT-017913,2026-09-26T08:06:00,SMB Activity,CRITICAL,0.758,88.2,CONTAINED
THR-01106,EVT-011029,2026-09-04T15:21:00,Exploit Attempt,HIGH,0.78,61.2,MONITORING
THR-01107,EVT-028472,2026-09-22T15:20:00,Ransomware-like Activity,CRITICAL,0.959,98.2,CONTAINED
THR-01108,EVT-000144,2026-09-01T09:36:00,Mass File Modification,CRITICAL,0.853,75.6,INVESTIGATING
THR-01109,EVT-022254,2026-09-05T21:07:00,Script Activity,HIGH,0.796,60.6,INVESTIGATING
THR-01110,EVT-011590,2026-09-18T10:21:00,Internal Login Burst,CRITICAL,0.814,62.3,INVESTIGATING
THR-01111,EVT-023787,2026-09-27T14:14:00,Archive Transfer,CRITICAL,0.94,74.3,CONTAINED
THR-01112,EVT-017681,2026-09-17T21:13:00,Remote Service,CRITICAL,0.805,84.3,MONITORING
THR-01113,EVT-019640,2026-09-10T10:25:00,Port Scan,MEDIUM,0.956,69.2,MONITORING
THR-01114,EVT-008483,2026-09-11T06:31:00,Archive Transfer,CRITICAL,0.943,63.3,CONTAINED
THR-01115,EVT-024552,2026-09-21T17:28:00,Suspicious External Connection,HIGH,0.716,55.1,NEW
THR-01116,EVT-010130,2026-09-13T12:05:00,SMB Activity,CRITICAL,0.958,73.3,NEW
THR-01117,EVT-011162,2026-09-03T00:54:00,Remote Service,CRITICAL,0.845,71.1,INVESTIGATING
THR-01118,EVT-003692,2026-09-15T06:05:00,Exploit Attempt,HIGH,0.961,68.5,MONITORING
THR-01119,EVT-020189,2026-09-17T21:19:00,Internal Login Burst,CRITICAL,0.853,46.4,INVESTIGATING
THR-01120,EVT-000080,2026-09-16T01:53:00,Script Activity,HIGH,0.92,93.1,NEW
THR-01121,EVT-006300,2026-09-18T12:43:00,Suspicious Login,HIGH,0.769,81.8,NEW
THR-01122,EVT-002587,2026-09-27T15:12:00,Registry Change,HIGH,0.789,50.5,INVESTIGATING
THR-01123,EVT-019192,2026-09-07T21:23:00,Scheduled Task,HIGH,0.949,85.3,INVESTIGATING
THR-01124,EVT-013056,2026-09-21T17:40:00,SMB Activity,CRITICAL,0.894,86.7,MONITORING
THR-01125,EVT-025244,2026-09-21T12:54:00,Exploit Attempt,HIGH,0.868,82.3,CONTAINED
THR-01126,EVT-023416,2026-09-04T06:47:00,Registry Change,HIGH,0.925,70.6,CONTAINED
THR-01127,EVT-009682,2026-09-16T22:47:00,Internal Login Burst,CRITICAL,0.881,49.1,MONITORING
THR-01128,EVT-004615,2026-09-11T23:48:00,Credential Stuffing,HIGH,0.885,76.8,NEW
THR-01129,EVT-020279,2026-09-16T23:34:00,Port Scan,MEDIUM,0.971,46.9,NEW
THR-01130,EVT-028817,2026-09-17T21:07:00,Unusual Upload,CRITICAL,0.855,52.4,NEW
THR-01131,EVT-004092,2026-09-17T15:22:00,Archive Transfer,CRITICAL,0.733,50.3,MONITORING
THR-01132,EVT-027589,2026-09-25T15:48:00,Network Scan,MEDIUM,0.941,90.8,INVESTIGATING
THR-01133,EVT-011522,2026-09-20T20:26:00,Suspicious External Connection,HIGH,0.713,93.3,MONITORING
THR-01134,EVT-011278,2026-09-26T04:41:00,Service Enumeration,MEDIUM,0.974,93.4,CONTAINED
THR-01135,EVT-025820,2026-09-04T19:01:00,Brute Force,HIGH,0.834,56.6,NEW
THR-01136,EVT-013102,2026-09-21T08:37:00,Network Scan,MEDIUM,0.785,93.2,MONITORING
THR-01137,EVT-028762,2026-09-02T18:48:00,Brute Force,HIGH,0.959,51.7,INVESTIGATING
THR-01138,EVT-023551,2026-09-01T03:16:00,Scheduled Task,HIGH,0.815,46.4,MONITORING
THR-01139,EVT-003428,2026-09-24T17:07:00,SMB Activity,CRITICAL,0.828,47.5,CONTAINED
THR-01140,EVT-029894,2026-09-05T08:08:00,Password Spray,HIGH,0.744,50.6,MONITORING
THR-01141,EVT-007609,2026-09-03T23:28:00,Large Outbound Transfer,CRITICAL,0.93,71.6,MONITORING
THR-01142,EVT-013017,2026-09-04T19:50:00,Network Scan,MEDIUM,0.917,88.5,MONITORING
THR-01143,EVT-008508,2026-09-24T07:49:00,Large Outbound Transfer,CRITICAL,0.757,47.3,NEW
THR-01144,EVT-014471,2026-09-20T00:37:00,Service Enumeration,MEDIUM,0.751,48.9,CONTAINED
THR-01145,EVT-016991,2026-09-15T11:59:00,Port Scan,MEDIUM,0.937,94.4,MONITORING
THR-01146,EVT-018891,2026-09-03T12:59:00,Network Scan,MEDIUM,0.768,66.5,NEW
THR-01147,EVT-008199,2026-09-06T09:48:00,Remote Service,CRITICAL,0.918,83.8,MONITORING
THR-01148,EVT-013597,2026-09-25T18:42:00,Password Spray,HIGH,0.98,47.1,CONTAINED
THR-01149,EVT-003385,2026-09-05T02:37:00,Service Enumeration,MEDIUM,0.784,68.4,NEW
THR-01150,EVT-008114,2026-09-04T03:55:00,RDP Activity,CRITICAL,0.837,59.6,CONTAINED
THR-01151,EVT-023559,2026-09-24T04:22:00,Port Scan,MEDIUM,0.774,62.3,NEW
THR-01152,EVT-026816,2026-09-23T03:25:00,Brute Force,HIGH,0.746,54.2,CONTAINED
THR-01153,EVT-027711,2026-09-14T15:34:00,Password Spray,HIGH,0.898,52.3,INVESTIGATING
THR-01154,EVT-000471,2026-09-21T20:18:00,Process Anomaly,HIGH,0.891,60.7,INVESTIGATING
THR-01155,EVT-026326,2026-09-24T17:07:00,New Service,HIGH,0.989,66.6,NEW
THR-01156,EVT-013724,2026-09-23T00:00:00,Exploit Attempt,HIGH,0.907,45.9,CONTAINED
THR-01157,EVT-003582,2026-09-26T17:14:00,Credential Stuffing,HIGH,0.899,63.2,NEW
THR-01158,EVT-019149,2026-09-05T23:36:00,New Service,HIGH,0.804,58.5,MONITORING
THR-01159,EVT-014517,2026-09-20T03:58:00,Large Outbound Transfer,CRITICAL,0.811,92.6,NEW
THR-01160,EVT-017782,2026-09-23T01:57:00,Process Anomaly,HIGH,0.771,66.6,INVESTIGATING
THR-01161,EVT-012543,2026-09-12T15:57:00,Archive Transfer,CRITICAL,0.888,75.8,NEW
THR-01162,EVT-023458,2026-09-14T20:10:00,SMB Activity,CRITICAL,0.762,74.8,INVESTIGATING
THR-01163,EVT-003246,2026-09-21T12:51:00,Network Scan,MEDIUM,0.977,92.6,INVESTIGATING
THR-01164,EVT-014456,2026-09-06T17:05:00,RDP Activity,CRITICAL,0.936,49.5,NEW
THR-01165,EVT-007132,2026-09-18T09:30:00,Internal Login Burst,CRITICAL,0.902,53.8,MONITORING
THR-01166,EVT-025008,2026-09-27T09:43:00,RDP Activity,CRITICAL,0.889,72.5,CONTAINED
THR-01167,EVT-022120,2026-09-01T21:09:00,Exploit Attempt,HIGH,0.805,74.7,CONTAINED
THR-01168,EVT-001934,2026-09-20T11:36:00,Ransomware-like Activity,CRITICAL,0.942,97.7,MONITORING
THR-01169,EVT-000392,2026-09-13T12:36:00,Suspicious External Connection,HIGH,0.775,85.6,CONTAINED
THR-01170,EVT-005812,2026-09-19T21:31:00,Suspicious External Connection,HIGH,0.982,46.0,INVESTIGATING
THR-01171,EVT-018986,2026-09-13T21:06:00,Registry Change,HIGH,0.824,82.1,NEW
THR-01172,EVT-011241,2026-09-01T06:23:00,Script Activity,HIGH,0.95,63.9,MONITORING
THR-01173,EVT-011966,2026-09-10T08:59:00,Network Scan,MEDIUM,0.849,89.6,MONITORING
THR-01174,EVT-007231,2026-09-21T15:25:00,Service Disruption,CRITICAL,0.73,67.3,CONTAINED
THR-01175,EVT-002637,2026-09-10T11:21:00,Suspicious Login,HIGH,0.875,87.4,INVESTIGATING
THR-01176,EVT-001305,2026-09-17T05:23:00,Suspicious External Connection,HIGH,0.983,54.8,NEW
THR-01177,EVT-008242,2026-09-03T12:02:00,Suspicious External Connection,HIGH,0.708,45.7,CONTAINED
THR-01178,EVT-006714,2026-09-10T18:47:00,Network Scan,MEDIUM,0.811,95.0,MONITORING
THR-01179,EVT-029794,2026-09-02T01:32:00,Exploit Attempt,HIGH,0.959,94.8,CONTAINED
THR-01180,EVT-002375,2026-09-06T07:33:00,Unusual Upload,CRITICAL,0.775,90.8,INVESTIGATING
THR-01181,EVT-027865,2026-09-03T06:50:00,Credential Stuffing,HIGH,0.711,81.5,INVESTIGATING
THR-01182,EVT-001195,2026-09-07T03:49:00,Archive Transfer,CRITICAL,0.746,46.8,NEW
THR-01183,EVT-005531,2026-09-25T07:15:00,RDP Activity,CRITICAL,0.831,68.5,INVESTIGATING
THR-01184,EVT-011238,2026-09-23T11:55:00,Network Scan,MEDIUM,0.967,46.1,NEW
THR-01185,EVT-015118,2026-09-01T10:49:00,RDP Activity,CRITICAL,0.849,54.2,INVESTIGATING
THR-01186,EVT-017736,2026-09-07T07:10:00,Suspicious External Connection,HIGH,0.814,47.3,INVESTIGATING
THR-01187,EVT-024723,2026-09-02T22:44:00,Registry Change,HIGH,0.765,55.3,INVESTIGATING
THR-01188,EVT-025085,2026-09-06T08:43:00,Password Spray,HIGH,0.703,69.5,NEW
THR-01189,EVT-021315,2026-09-16T22:18:00,Command Execution,HIGH,0.704,52.1,NEW
THR-01190,EVT-014426,2026-09-13T13:37:00,Suspicious External Connection,HIGH,0.796,58.8,INVESTIGATING
THR-01191,EVT-000863,2026-09-15T22:51:00,Exploit Attempt,HIGH,0.92,47.5,CONTAINED
THR-01192,EVT-003709,2026-09-21T09:10:00,Suspicious Login,HIGH,0.945,64.9,MONITORING
THR-01193,EVT-021886,2026-09-25T12:27:00,Internal Login Burst,CRITICAL,0.986,56.4,INVESTIGATING
THR-01194,EVT-017879,2026-09-03T20:25:00,Scheduled Task,HIGH,0.931,79.9,NEW
THR-01195,EVT-008574,2026-09-12T01:45:00,Large Outbound Transfer,CRITICAL,0.794,74.0,INVESTIGATING
THR-01196,EVT-010091,2026-09-07T07:38:00,Phishing Link,HIGH,0.936,61.3,CONTAINED
THR-01197,EVT-012209,2026-09-06T07:26:00,Phishing Link,HIGH,0.742,64.7,CONTAINED
THR-01198,EVT-006225,2026-09-25T04:45:00,Script Activity,HIGH,0.794,80.0,MONITORING
THR-01199,EVT-011089,2026-09-04T21:06:00,Script Activity,HIGH,0.892,65.1,NEW
THR-01200,EVT-029585,2026-09-01T03:16:00,Registry Change,HIGH,0.943,55.8,NEW
THR-01201,EVT-015227,2026-09-17T01:17:00,New Service,HIGH,0.81,85.2,CONTAINED
THR-01202,EVT-021772,2026-09-27T21:06:00,Exploit Attempt,HIGH,0.761,70.2,MONITORING
THR-01203,EVT-008875,2026-09-24T00:12:00,Suspicious Login,HIGH,0.959,91.4,NEW
THR-01204,EVT-005502,2026-09-18T00:09:00,Credential Stuffing,HIGH,0.934,79.5,INVESTIGATING
THR-01205,EVT-028935,2026-09-03T19:22:00,Network Scan,MEDIUM,0.976,67.5,MONITORING
THR-01206,EVT-004322,2026-09-27T11:21:00,Internal Login Burst,CRITICAL,0.767,53.9,MONITORING
THR-01207,EVT-011691,2026-09-24T01:47:00,Port Scan,MEDIUM,0.877,74.5,CONTAINED
THR-01208,EVT-024312,2026-09-27T20:02:00,Command Execution,HIGH,0.954,53.7,INVESTIGATING
THR-01209,EVT-010141,2026-09-26T22:38:00,Exploit Attempt,HIGH,0.901,69.7,CONTAINED
THR-01210,EVT-020358,2026-09-23T07:06:00,Command Execution,HIGH,0.802,88.7,CONTAINED
THR-01211,EVT-008102,2026-09-27T10:35:00,Script Activity,HIGH,0.882,97.6,NEW
THR-01212,EVT-026659,2026-09-23T08:40:00,Scheduled Task,HIGH,0.8,58.4,NEW
THR-01213,EVT-024676,2026-09-03T03:08:00,Service Enumeration,MEDIUM,0.786,62.2,CONTAINED
THR-01214,EVT-018353,2026-09-23T15:07:00,Port Scan,MEDIUM,0.859,56.0,INVESTIGATING
THR-01215,EVT-003606,2026-09-03T12:43:00,Network Scan,MEDIUM,0.951,91.6,NEW
THR-01216,EVT-009264,2026-09-20T14:42:00,Credential Stuffing,HIGH,0.864,60.0,MONITORING
THR-01217,EVT-001038,2026-09-05T06:34:00,Suspicious Login,HIGH,0.74,49.7,INVESTIGATING
THR-01218,EVT-027116,2026-09-15T03:05:00,Phishing Link,HIGH,0.701,71.2,CONTAINED
THR-01219,EVT-020200,2026-09-01T06:40:00,Port Scan,MEDIUM,0.716,75.4,NEW
THR-01220,EVT-000243,2026-09-25T22:47:00,Command Execution,HIGH,0.745,49.8,NEW
THR-01221,EVT-006626,2026-09-06T17:16:00,RDP Activity,CRITICAL,0.716,77.2,MONITORING
THR-01222,EVT-009385,2026-09-26T17:11:00,Password Spray,HIGH,0.918,95.8,NEW
THR-01223,EVT-029394,2026-09-15T21:49:00,Scheduled Task,HIGH,0.742,83.6,CONTAINED
THR-01224,EVT-013969,2026-09-17T10:06:00,Internal Login Burst,CRITICAL,0.836,90.6,INVESTIGATING
THR-01225,EVT-017853,2026-09-15T17:22:00,Large Outbound Transfer,CRITICAL,0.959,55.9,MONITORING
THR-01226,EVT-000072,2026-09-13T20:45:00,Service Enumeration,MEDIUM,0.833,83.3,CONTAINED
THR-01227,EVT-006819,2026-09-07T10:14:00,Password Spray,HIGH,0.967,88.5,CONTAINED
THR-01228,EVT-016126,2026-09-15T15:57:00,Archive Transfer,CRITICAL,0.796,97.8,CONTAINED
THR-01229,EVT-029170,2026-09-11T17:13:00,Process Anomaly,HIGH,0.895,81.4,INVESTIGATING
THR-01230,EVT-029700,2026-09-14T22:28:00,Exploit Attempt,HIGH,0.768,45.6,NEW
THR-01231,EVT-007111,2026-09-26T23:11:00,Brute Force,HIGH,0.81,54.1,MONITORING
THR-01232,EVT-012584,2026-09-20T05:25:00,Service Enumeration,MEDIUM,0.914,68.1,CONTAINED
THR-01233,EVT-006288,2026-09-19T05:19:00,Scheduled Task,HIGH,0.98,47.1,MONITORING
THR-01234,EVT-024962,2026-09-01T06:55:00,Phishing Link,HIGH,0.801,62.6,NEW
THR-01235,EVT-027541,2026-09-21T07:56:00,Ransomware-like Activity,CRITICAL,0.754,84.0,INVESTIGATING
THR-01236,EVT-001863,2026-09-19T03:27:00,Process Anomaly,HIGH,0.931,78.2,INVESTIGATING
THR-01237,EVT-018587,2026-09-02T03:42:00,Network Scan,MEDIUM,0.752,47.0,INVESTIGATING
THR-01238,EVT-025907,2026-09-17T22:04:00,Command Execution,HIGH,0.754,58.1,INVESTIGATING
THR-01239,EVT-008641,2026-09-17T18:52:00,New Service,HIGH,0.735,64.8,MONITORING
THR-01240,EVT-019452,2026-09-14T01:14:00,Service Disruption,CRITICAL,0.754,59.1,INVESTIGATING
THR-01241,EVT-023358,2026-09-04T23:27:00,Brute Force,HIGH,0.913,76.3,NEW
THR-01242,EVT-022519,2026-09-07T13:46:00,RDP Activity,CRITICAL,0.731,73.8,CONTAINED
THR-01243,EVT-011928,2026-09-18T23:34:00,Exploit Attempt,HIGH,0.739,60.4,MONITORING
THR-01244,EVT-021341,2026-09-12T02:44:00,SMB Activity,CRITICAL,0.739,87.1,INVESTIGATING
THR-01245,EVT-005940,2026-09-07T10:04:00,Internal Login Burst,CRITICAL,0.901,75.6,INVESTIGATING
THR-01246,EVT-004635,2026-09-16T01:13:00,Large Outbound Transfer,CRITICAL,0.777,53.6,CONTAINED
THR-01247,EVT-016952,2026-09-11T06:20:00,Remote Service,CRITICAL,0.712,89.1,NEW
THR-01248,EVT-023432,2026-09-19T00:36:00,Password Spray,HIGH,0.961,55.0,NEW
THR-01249,EVT-024847,2026-09-24T02:42:00,Service Disruption,CRITICAL,0.712,70.4,NEW
THR-01250,EVT-028700,2026-09-16T11:06:00,Suspicious External Connection,HIGH,0.987,98.4,INVESTIGATING
THR-01251,EVT-029390,2026-09-19T09:02:00,Credential Stuffing,HIGH,0.98,53.3,MONITORING
THR-01252,EVT-021025,2026-09-06T15:14:00,SMB Activity,CRITICAL,0.701,90.3,CONTAINED
THR-01253,EVT-006264,2026-09-18T03:47:00,Exploit Attempt,HIGH,0.885,87.8,NEW
THR-01254,EVT-020244,2026-09-17T19:42:00,RDP Activity,CRITICAL,0.98,53.6,CONTAINED
THR-01255,EVT-022622,2026-09-04T00:17:00,SMB Activity,CRITICAL,0.971,57.7,CONTAINED
THR-01256,EVT-022092,2026-09-01T13:14:00,Scheduled Task,HIGH,0.851,64.4,CONTAINED
THR-01257,EVT-013030,2026-09-12T18:22:00,Brute Force,HIGH,0.824,88.9,MONITORING
THR-01258,EVT-008407,2026-09-18T00:43:00,Service Enumeration,MEDIUM,0.925,80.1,NEW
THR-01259,EVT-025323,2026-09-01T21:27:00,Brute Force,HIGH,0.91,75.1,CONTAINED
THR-01260,EVT-023335,2026-09-11T23:25:00,Service Enumeration,MEDIUM,0.865,72.8,NEW
THR-01261,EVT-029635,2026-09-04T15:54:00,New Service,HIGH,0.741,57.3,NEW
THR-01262,EVT-014311,2026-09-24T04:09:00,Password Spray,HIGH,0.789,57.7,INVESTIGATING
THR-01263,EVT-010643,2026-09-09T03:23:00,Internal Login Burst,CRITICAL,0.739,72.2,NEW
THR-01264,EVT-006282,2026-09-19T20:15:00,Remote Service,CRITICAL,0.823,83.6,NEW
THR-01265,EVT-009349,2026-09-23T10:36:00,Archive Transfer,CRITICAL,0.861,93.6,NEW
THR-01266,EVT-013186,2026-09-21T03:45:00,Suspicious Login,HIGH,0.927,72.3,INVESTIGATING
THR-01267,EVT-006734,2026-09-19T14:32:00,Suspicious Login,HIGH,0.888,52.9,CONTAINED
THR-01268,EVT-025367,2026-09-26T09:04:00,Suspicious Login,HIGH,0.88,91.3,INVESTIGATING
THR-01269,EVT-025386,2026-09-25T18:42:00,SMB Activity,CRITICAL,0.841,92.9,CONTAINED
THR-01270,EVT-004195,2026-09-16T23:00:00,Suspicious External Connection,HIGH,0.932,47.3,MONITORING
THR-01271,EVT-026245,2026-09-07T05:53:00,Network Scan,MEDIUM,0.847,79.7,NEW
THR-01272,EVT-021435,2026-09-08T21:00:00,Service Enumeration,MEDIUM,0.803,81.3,MONITORING
THR-01273,EVT-026951,2026-09-16T10:06:00,Internal Login Burst,CRITICAL,0.968,78.1,CONTAINED
THR-01274,EVT-024707,2026-09-24T09:03:00,Script Activity,HIGH,0.82,73.5,NEW
THR-01275,EVT-008467,2026-09-20T20:04:00,Mass File Modification,CRITICAL,0.966,83.4,MONITORING
THR-01276,EVT-003752,2026-09-04T16:12:00,Archive Transfer,CRITICAL,0.949,67.9,MONITORING
THR-01277,EVT-024349,2026-09-14T15:26:00,Command Execution,HIGH,0.931,66.1,MONITORING
THR-01278,EVT-011971,2026-09-27T15:10:00,Service Enumeration,MEDIUM,0.893,59.3,CONTAINED
THR-01279,EVT-022007,2026-09-15T14:17:00,SMB Activity,CRITICAL,0.826,95.1,MONITORING
THR-01280,EVT-019120,2026-09-27T14:02:00,Network Scan,MEDIUM,0.871,56.0,NEW
THR-01281,EVT-011367,2026-09-10T22:54:00,RDP Activity,CRITICAL,0.806,96.5,INVESTIGATING
THR-01282,EVT-012777,2026-09-22T06:42:00,Suspicious External Connection,HIGH,0.906,54.3,CONTAINED
THR-01283,EVT-004876,2026-09-08T23:18:00,Process Anomaly,HIGH,0.797,67.7,INVESTIGATING
THR-01284,EVT-024402,2026-09-09T03:52:00,Registry Change,HIGH,0.886,89.4,CONTAINED
THR-01285,EVT-012846,2026-09-10T10:55:00,Script Activity,HIGH,0.834,80.6,INVESTIGATING
THR-01286,EVT-010677,2026-09-07T18:46:00,Registry Change,HIGH,0.851,69.9,MONITORING
THR-01287,EVT-014512,2026-09-24T11:31:00,Service Enumeration,MEDIUM,0.811,89.8,CONTAINED
THR-01288,EVT-029826,2026-09-24T02:07:00,Command Execution,HIGH,0.929,56.4,NEW
THR-01289,EVT-020417,2026-09-19T19:49:00,Archive Transfer,CRITICAL,0.953,63.7,CONTAINED
THR-01290,EVT-023334,2026-09-22T06:35:00,Service Enumeration,MEDIUM,0.898,90.0,MONITORING
THR-01291,EVT-002196,2026-09-11T04:56:00,Suspicious External Connection,HIGH,0.891,93.6,CONTAINED
THR-01292,EVT-013445,2026-09-02T07:29:00,Ransomware-like Activity,CRITICAL,0.876,92.1,MONITORING
THR-01293,EVT-007794,2026-09-12T08:47:00,Password Spray,HIGH,0.738,73.0,MONITORING
THR-01294,EVT-019757,2026-09-12T18:52:00,Credential Stuffing,HIGH,0.777,98.5,MONITORING
THR-01295,EVT-028831,2026-09-14T18:02:00,Command Execution,HIGH,0.774,90.8,MONITORING
THR-01296,EVT-020865,2026-09-23T17:19:00,Script Activity,HIGH,0.783,59.6,MONITORING
THR-01297,EVT-011866,2026-09-01T13:03:00,Port Scan,MEDIUM,0.958,88.0,NEW
THR-01298,EVT-021523,2026-09-26T23:33:00,Port Scan,MEDIUM,0.799,65.5,NEW
THR-01299,EVT-027248,2026-09-11T20:54:00,Network Scan,MEDIUM,0.775,60.2,CONTAINED
THR-01300,EVT-027220,2026-09-14T07:51:00,Service Enumeration,MEDIUM,0.758,91.5,INVESTIGATING
THR-01301,EVT-012888,2026-09-26T10:19:00,Remote Service,CRITICAL,0.703,66.8,NEW
THR-01302,EVT-002152,2026-09-03T07:27:00,Credential Stuffing,HIGH,0.902,60.4,NEW
THR-01303,EVT-022513,2026-09-17T19:02:00,Network Scan,MEDIUM,0.798,55.5,INVESTIGATING
THR-01304,EVT-014942,2026-09-17T17:36:00,Phishing Link,HIGH,0.782,47.9,INVESTIGATING
THR-01305,EVT-008895,2026-09-23T09:52:00,Internal Login Burst,CRITICAL,0.71,97.8,MONITORING
THR-01306,EVT-013076,2026-09-08T21:19:00,Remote Service,CRITICAL,0.971,76.3,NEW
THR-01307,EVT-026020,2026-09-20T22:14:00,Suspicious External Connection,HIGH,0.914,66.2,INVESTIGATING
THR-01308,EVT-002777,2026-09-22T12:25:00,Exploit Attempt,HIGH,0.975,67.6,INVESTIGATING
THR-01309,EVT-023035,2026-09-04T22:34:00,Password Spray,HIGH,0.865,61.1,NEW
THR-01310,EVT-029688,2026-09-22T05:22:00,Script Activity,HIGH,0.781,58.5,MONITORING
THR-01311,EVT-014402,2026-09-08T06:01:00,Password Spray,HIGH,0.854,48.2,CONTAINED
THR-01312,EVT-011061,2026-09-07T16:26:00,Credential Stuffing,HIGH,0.742,81.4,NEW
THR-01313,EVT-000359,2026-09-08T19:04:00,Port Scan,MEDIUM,0.927,85.2,CONTAINED
THR-01314,EVT-005300,2026-09-27T05:48:00,Network Scan,MEDIUM,0.803,78.5,MONITORING
THR-01315,EVT-001834,2026-09-02T22:48:00,Archive Transfer,CRITICAL,0.975,68.7,NEW
THR-01316,EVT-020703,2026-09-11T17:06:00,Suspicious Login,HIGH,0.786,98.4,CONTAINED
THR-01317,EVT-026306,2026-09-20T11:32:00,Suspicious External Connection,HIGH,0.754,95.8,INVESTIGATING
THR-01318,EVT-024781,2026-09-16T11:19:00,Large Outbound Transfer,CRITICAL,0.948,87.3,INVESTIGATING
THR-01319,EVT-018331,2026-09-04T18:20:00,Unusual Upload,CRITICAL,0.87,71.6,INVESTIGATING
THR-01320,EVT-011941,2026-09-11T10:20:00,Port Scan,MEDIUM,0.903,82.6,INVESTIGATING
THR-01321,EVT-013740,2026-09-06T10:58:00,Credential Stuffing,HIGH,0.909,48.1,INVESTIGATING
THR-01322,EVT-007544,2026-09-06T11:31:00,Command Execution,HIGH,0.723,96.0,INVESTIGATING
THR-01323,EVT-011342,2026-09-23T05:04:00,Service Enumeration,MEDIUM,0.939,74.7,NEW
THR-01324,EVT-023400,2026-09-21T15:19:00,Internal Login Burst,CRITICAL,0.972,64.4,CONTAINED
THR-01325,EVT-016939,2026-09-16T16:58:00,Remote Service,CRITICAL,0.721,89.1,NEW
THR-01326,EVT-026957,2026-09-27T13:19:00,Credential Stuffing,HIGH,0.929,48.1,CONTAINED
THR-01327,EVT-016016,2026-09-22T01:57:00,Remote Service,CRITICAL,0.779,57.2,INVESTIGATING
THR-01328,EVT-024010,2026-09-13T06:35:00,Suspicious External Connection,HIGH,0.731,93.6,NEW
THR-01329,EVT-022167,2026-09-27T23:04:00,Credential Stuffing,HIGH,0.742,56.5,CONTAINED
THR-01330,EVT-026906,2026-09-13T01:53:00,Scheduled Task,HIGH,0.725,54.6,CONTAINED
THR-01331,EVT-008330,2026-09-17T13:18:00,Script Activity,HIGH,0.941,86.6,INVESTIGATING
THR-01332,EVT-026597,2026-09-04T01:02:00,Suspicious Login,HIGH,0.916,97.4,MONITORING
THR-01333,EVT-012343,2026-09-16T09:14:00,Network Scan,MEDIUM,0.761,97.0,CONTAINED
THR-01334,EVT-019803,2026-09-20T13:15:00,Service Disruption,CRITICAL,0.984,66.5,CONTAINED
THR-01335,EVT-004039,2026-09-17T17:00:00,Network Scan,MEDIUM,0.771,50.8,INVESTIGATING
THR-01336,EVT-007369,2026-09-06T03:11:00,Ransomware-like Activity,CRITICAL,0.99,57.3,INVESTIGATING
THR-01337,EVT-003650,2026-09-05T21:40:00,New Service,HIGH,0.958,80.9,NEW
THR-01338,EVT-025499,2026-09-13T03:34:00,Network Scan,MEDIUM,0.824,49.1,INVESTIGATING
THR-01339,EVT-027879,2026-09-18T09:14:00,Password Spray,HIGH,0.805,56.7,NEW
THR-01340,EVT-002560,2026-09-10T04:14:00,Mass File Modification,CRITICAL,0.843,80.3,MONITORING
THR-01341,EVT-009500,2026-09-21T21:10:00,Ransomware-like Activity,CRITICAL,0.77,72.6,NEW
THR-01342,EVT-000541,2026-09-20T20:22:00,Port Scan,MEDIUM,0.75,45.4,NEW
THR-01343,EVT-010233,2026-09-12T14:34:00,Suspicious Login,HIGH,0.753,45.6,NEW
THR-01344,EVT-013850,2026-09-22T05:28:00,Exploit Attempt,HIGH,0.799,61.2,MONITORING
THR-01345,EVT-010713,2026-09-22T00:11:00,Credential Stuffing,HIGH,0.731,53.8,MONITORING
THR-01346,EVT-015249,2026-09-16T08:06:00,Suspicious External Connection,HIGH,0.957,98.2,CONTAINED
THR-01347,EVT-011383,2026-09-15T20:27:00,Process Anomaly,HIGH,0.825,85.6,MONITORING
THR-01348,EVT-016280,2026-09-11T01:28:00,Phishing Link,HIGH,0.976,65.8,CONTAINED
THR-01349,EVT-001136,2026-09-12T03:32:00,Archive Transfer,CRITICAL,0.858,49.5,MONITORING
THR-01350,EVT-021484,2026-09-23T00:23:00,Process Anomaly,HIGH,0.766,59.6,CONTAINED
THR-01351,EVT-019734,2026-09-12T12:37:00,Credential Stuffing,HIGH,0.786,56.8,INVESTIGATING
THR-01352,EVT-013286,2026-09-08T04:21:00,Password Spray,HIGH,0.797,81.8,MONITORING
THR-01353,EVT-016282,2026-09-07T01:27:00,SMB Activity,CRITICAL,0.739,52.1,MONITORING
THR-01354,EVT-008265,2026-09-06T17:05:00,Registry Change,HIGH,0.96,92.5,CONTAINED
THR-01355,EVT-028659,2026-09-17T05:13:00,Password Spray,HIGH,0.821,72.6,CONTAINED
THR-01356,EVT-011897,2026-09-02T09:22:00,Password Spray,HIGH,0.757,62.0,NEW
THR-01357,EVT-004150,2026-09-13T14:09:00,New Service,HIGH,0.844,89.0,CONTAINED
THR-01358,EVT-028026,2026-09-16T03:45:00,Password Spray,HIGH,0.948,49.7,INVESTIGATING
THR-01359,EVT-015931,2026-09-11T20:34:00,Script Activity,HIGH,0.86,89.5,MONITORING
THR-01360,EVT-006471,2026-09-11T12:49:00,Archive Transfer,CRITICAL,0.718,50.0,MONITORING
THR-01361,EVT-028838,2026-09-22T19:22:00,Service Disruption,CRITICAL,0.852,90.7,INVESTIGATING
THR-01362,EVT-008133,2026-09-16T09:57:00,Credential Stuffing,HIGH,0.905,81.1,INVESTIGATING
THR-01363,EVT-010402,2026-09-09T23:53:00,Suspicious External Connection,HIGH,0.903,91.6,CONTAINED
THR-01364,EVT-025825,2026-09-24T22:25:00,Network Scan,MEDIUM,0.86,67.6,NEW
THR-01365,EVT-000297,2026-09-07T10:23:00,Service Enumeration,MEDIUM,0.946,56.1,NEW
THR-01366,EVT-000947,2026-09-04T23:12:00,Internal Login Burst,CRITICAL,0.723,79.9,NEW
THR-01367,EVT-021237,2026-09-21T11:09:00,Registry Change,HIGH,0.953,66.0,INVESTIGATING
THR-01368,EVT-028752,2026-09-27T18:28:00,Remote Service,CRITICAL,0.861,74.3,NEW
THR-01369,EVT-028351,2026-09-27T01:18:00,Port Scan,MEDIUM,0.824,74.8,NEW
THR-01370,EVT-016703,2026-09-09T03:06:00,Network Scan,MEDIUM,0.919,71.1,NEW
THR-01371,EVT-006170,2026-09-22T18:21:00,Mass File Modification,CRITICAL,0.952,69.1,CONTAINED
THR-01372,EVT-002925,2026-09-07T05:19:00,Suspicious Login,HIGH,0.762,65.1,NEW
THR-01373,EVT-018457,2026-09-27T22:25:00,Phishing Link,HIGH,0.821,94.9,MONITORING
THR-01374,EVT-025088,2026-09-14T04:32:00,Password Spray,HIGH,0.767,91.2,MONITORING
THR-01375,EVT-028784,2026-09-19T07:32:00,Unusual Upload,CRITICAL,0.956,97.8,MONITORING
THR-01376,EVT-021793,2026-09-01T23:19:00,Exploit Attempt,HIGH,0.785,58.9,CONTAINED
THR-01377,EVT-017450,2026-09-27T20:08:00,Unusual Upload,CRITICAL,0.723,94.6,NEW
THR-01378,EVT-011618,2026-09-03T04:06:00,RDP Activity,CRITICAL,0.801,87.1,NEW
THR-01379,EVT-016109,2026-09-10T00:39:00,Password Spray,HIGH,0.813,52.6,MONITORING
THR-01380,EVT-002854,2026-09-27T22:09:00,Internal Login Burst,CRITICAL,0.972,55.6,CONTAINED
THR-01381,EVT-004657,2026-09-16T06:20:00,Service Enumeration,MEDIUM,0.964,78.3,CONTAINED
THR-01382,EVT-013007,2026-09-23T09:01:00,Brute Force,HIGH,0.708,83.3,MONITORING
THR-01383,EVT-007421,2026-09-09T18:23:00,Phishing Link,HIGH,0.968,83.6,CONTAINED
THR-01384,EVT-004812,2026-09-03T09:02:00,Large Outbound Transfer,CRITICAL,0.938,63.3,CONTAINED
THR-01385,EVT-006955,2026-09-16T02:08:00,Credential Stuffing,HIGH,0.99,97.8,INVESTIGATING
THR-01386,EVT-004234,2026-09-17T07:16:00,Remote Service,CRITICAL,0.923,53.2,INVESTIGATING
THR-01387,EVT-022854,2026-09-07T00:09:00,Ransomware-like Activity,CRITICAL,0.784,68.5,NEW
THR-01388,EVT-021009,2026-09-23T19:59:00,SMB Activity,CRITICAL,0.773,51.7,CONTAINED
THR-01389,EVT-015550,2026-09-10T02:07:00,Credential Stuffing,HIGH,0.914,62.6,CONTAINED
THR-01390,EVT-015414,2026-09-20T07:52:00,Network Scan,MEDIUM,0.828,85.1,NEW
THR-01391,EVT-015049,2026-09-17T02:36:00,Internal Login Burst,CRITICAL,0.824,65.0,NEW
THR-01392,EVT-005105,2026-09-09T00:05:00,Phishing Link,HIGH,0.859,56.0,MONITORING
THR-01393,EVT-010234,2026-09-22T03:42:00,Archive Transfer,CRITICAL,0.717,84.5,CONTAINED
THR-01394,EVT-007280,2026-09-13T23:35:00,Service Disruption,CRITICAL,0.885,55.7,INVESTIGATING
THR-01395,EVT-015355,2026-09-01T07:53:00,RDP Activity,CRITICAL,0.75,90.8,NEW
THR-01396,EVT-004220,2026-09-14T13:03:00,Port Scan,MEDIUM,0.729,80.8,CONTAINED
THR-01397,EVT-028969,2026-09-20T04:46:00,New Service,HIGH,0.872,97.9,NEW
THR-01398,EVT-016583,2026-09-11T02:00:00,Network Scan,MEDIUM,0.766,94.0,CONTAINED
THR-01399,EVT-003397,2026-09-25T06:02:00,Ransomware-like Activity,CRITICAL,0.86,81.7,MONITORING
THR-01400,EVT-028549,2026-09-09T22:04:00,Service Enumeration,MEDIUM,0.796,52.2,INVESTIGATING
THR-01401,EVT-023789,2026-09-18T02:55:00,Credential Stuffing,HIGH,0.917,94.7,CONTAINED
THR-01402,EVT-011025,2026-09-24T18:04:00,Archive Transfer,CRITICAL,0.911,46.0,INVESTIGATING
THR-01403,EVT-016540,2026-09-13T12:26:00,Credential Stuffing,HIGH,0.844,76.3,NEW
THR-01404,EVT-010861,2026-09-15T00:57:00,Unusual Upload,CRITICAL,0.898,81.9,INVESTIGATING
THR-01405,EVT-002010,2026-09-10T00:59:00,Phishing Link,HIGH,0.967,86.4,NEW
THR-01406,EVT-020042,2026-09-24T16:29:00,Command Execution,HIGH,0.786,69.3,INVESTIGATING
THR-01407,EVT-001803,2026-09-26T03:31:00,Password Spray,HIGH,0.946,87.2,NEW
THR-01408,EVT-008496,2026-09-24T02:10:00,Network Scan,MEDIUM,0.834,78.0,INVESTIGATING
THR-01409,EVT-020234,2026-09-23T01:15:00,RDP Activity,CRITICAL,0.853,61.6,NEW
THR-01410,EVT-027258,2026-09-18T06:05:00,Unusual Upload,CRITICAL,0.856,66.1,INVESTIGATING
THR-01411,EVT-001873,2026-09-23T09:29:00,Brute Force,HIGH,0.956,67.9,INVESTIGATING
THR-01412,EVT-018127,2026-09-26T04:16:00,Process Anomaly,HIGH,0.805,69.7,CONTAINED
THR-01413,EVT-020353,2026-09-02T14:43:00,Internal Login Burst,CRITICAL,0.957,87.4,INVESTIGATING
THR-01414,EVT-013421,2026-09-22T14:11:00,Suspicious External Connection,HIGH,0.923,94.9,MONITORING
THR-01415,EVT-002511,2026-09-17T08:25:00,Remote Service,CRITICAL,0.985,70.7,CONTAINED
THR-01416,EVT-017219,2026-09-27T18:35:00,RDP Activity,CRITICAL,0.934,90.9,INVESTIGATING
THR-01417,EVT-026811,2026-09-20T03:21:00,Phishing Link,HIGH,0.927,51.6,INVESTIGATING
THR-01418,EVT-027264,2026-09-18T04:36:00,Large Outbound Transfer,CRITICAL,0.751,54.0,INVESTIGATING
THR-01419,EVT-004259,2026-09-21T11:57:00,Archive Transfer,CRITICAL,0.965,47.8,NEW
THR-01420,EVT-023052,2026-09-18T14:22:00,Ransomware-like Activity,CRITICAL,0.948,59.7,MONITORING
THR-01421,EVT-016128,2026-09-16T05:47:00,Service Enumeration,MEDIUM,0.708,54.8,CONTAINED
THR-01422,EVT-002308,2026-09-08T10:26:00,Archive Transfer,CRITICAL,0.973,84.8,INVESTIGATING
THR-01423,EVT-003251,2026-09-03T03:54:00,Phishing Link,HIGH,0.854,46.3,INVESTIGATING
THR-01424,EVT-022675,2026-09-18T17:35:00,Credential Stuffing,HIGH,0.955,59.4,CONTAINED
THR-01425,EVT-022271,2026-09-18T20:08:00,SMB Activity,CRITICAL,0.938,62.1,INVESTIGATING
THR-01426,EVT-015861,2026-09-18T11:39:00,SMB Activity,CRITICAL,0.924,85.7,NEW
THR-01427,EVT-024536,2026-09-01T22:55:00,Network Scan,MEDIUM,0.765,45.2,INVESTIGATING
THR-01428,EVT-020495,2026-09-08T19:09:00,Suspicious Login,HIGH,0.727,71.4,NEW
THR-01429,EVT-022356,2026-09-17T00:43:00,Exploit Attempt,HIGH,0.864,47.2,NEW
THR-01430,EVT-000916,2026-09-07T18:21:00,RDP Activity,CRITICAL,0.898,91.5,INVESTIGATING
THR-01431,EVT-002557,2026-09-13T16:42:00,Exploit Attempt,HIGH,0.874,69.6,CONTAINED
THR-01432,EVT-008105,2026-09-13T15:02:00,Registry Change,HIGH,0.975,91.0,INVESTIGATING
THR-01433,EVT-005242,2026-09-05T12:27:00,Ransomware-like Activity,CRITICAL,0.897,52.8,CONTAINED
THR-01434,EVT-017478,2026-09-14T00:17:00,Suspicious Login,HIGH,0.803,93.7,MONITORING
THR-01435,EVT-003143,2026-09-22T21:05:00,Brute Force,HIGH,0.846,48.5,CONTAINED
THR-01436,EVT-005349,2026-09-10T18:44:00,Command Execution,HIGH,0.792,88.7,CONTAINED
THR-01437,EVT-024169,2026-09-08T16:51:00,Service Disruption,CRITICAL,0.726,62.1,CONTAINED
THR-01438,EVT-005212,2026-09-19T20:17:00,Network Scan,MEDIUM,0.92,60.4,CONTAINED
THR-01439,EVT-001563,2026-09-04T11:07:00,Remote Service,CRITICAL,0.775,45.0,CONTAINED
THR-01440,EVT-014855,2026-09-27T13:06:00,Script Activity,HIGH,0.933,63.8,INVESTIGATING
THR-01441,EVT-009569,2026-09-07T22:07:00,Suspicious External Connection,HIGH,0.897,74.0,MONITORING
THR-01442,EVT-016020,2026-09-06T08:44:00,Exploit Attempt,HIGH,0.784,90.0,NEW
THR-01443,EVT-026808,2026-09-08T02:08:00,Password Spray,HIGH,0.776,77.1,NEW
THR-01444,EVT-026095,2026-09-25T05:35:00,Internal Login Burst,CRITICAL,0.978,72.3,MONITORING
THR-01445,EVT-020210,2026-09-05T00:37:00,Exploit Attempt,HIGH,0.802,69.3,MONITORING
THR-01446,EVT-026862,2026-09-15T11:21:00,SMB Activity,CRITICAL,0.866,96.2,CONTAINED
THR-01447,EVT-028123,2026-09-21T00:32:00,Mass File Modification,CRITICAL,0.833,74.4,CONTAINED
THR-01448,EVT-022005,2026-09-22T11:32:00,SMB Activity,CRITICAL,0.779,74.9,MONITORING
THR-01449,EVT-028677,2026-09-14T17:55:00,Remote Service,CRITICAL,0.962,57.1,CONTAINED
THR-01450,EVT-008814,2026-09-25T23:54:00,Registry Change,HIGH,0.749,95.4,INVESTIGATING
THR-01451,EVT-025159,2026-09-09T09:02:00,Suspicious Login,HIGH,0.792,85.0,NEW
THR-01452,EVT-020494,2026-09-09T14:41:00,Password Spray,HIGH,0.876,55.2,MONITORING
THR-01453,EVT-019966,2026-09-04T06:38:00,Password Spray,HIGH,0.705,97.6,CONTAINED
THR-01454,EVT-025877,2026-09-17T09:09:00,Network Scan,MEDIUM,0.736,86.1,MONITORING
THR-01455,EVT-000649,2026-09-22T15:04:00,Script Activity,HIGH,0.743,99.0,NEW
THR-01456,EVT-006171,2026-09-13T16:49:00,Process Anomaly,HIGH,0.861,73.4,INVESTIGATING
THR-01457,EVT-022609,2026-09-01T13:53:00,RDP Activity,CRITICAL,0.757,77.4,MONITORING
THR-01458,EVT-006530,2026-09-18T04:54:00,SMB Activity,CRITICAL,0.923,51.5,NEW
THR-01459,EVT-015451,2026-09-03T14:31:00,Port Scan,MEDIUM,0.949,82.8,MONITORING
THR-01460,EVT-026124,2026-09-24T01:47:00,Unusual Upload,CRITICAL,0.982,65.0,NEW
THR-01461,EVT-018009,2026-09-19T20:51:00,Ransomware-like Activity,CRITICAL,0.71,76.2,NEW
THR-01462,EVT-022229,2026-09-12T08:30:00,Brute Force,HIGH,0.806,46.3,MONITORING
THR-01463,EVT-023884,2026-09-24T04:58:00,Large Outbound Transfer,CRITICAL,0.972,48.7,INVESTIGATING
THR-01464,EVT-004183,2026-09-16T14:14:00,Archive Transfer,CRITICAL,0.913,94.3,NEW
THR-01465,EVT-017596,2026-09-17T21:56:00,Script Activity,HIGH,0.738,85.9,CONTAINED
THR-01466,EVT-016397,2026-09-12T03:23:00,Script Activity,HIGH,0.701,50.0,MONITORING
THR-01467,EVT-021350,2026-09-26T16:51:00,Service Enumeration,MEDIUM,0.827,94.9,INVESTIGATING
THR-01468,EVT-020657,2026-09-06T21:42:00,Exploit Attempt,HIGH,0.701,93.4,NEW
THR-01469,EVT-018320,2026-09-03T16:29:00,Suspicious External Connection,HIGH,0.765,94.3,MONITORING
THR-01470,EVT-010414,2026-09-11T04:57:00,SMB Activity,CRITICAL,0.735,56.3,CONTAINED
THR-01471,EVT-006268,2026-09-10T19:25:00,Unusual Upload,CRITICAL,0.719,73.0,MONITORING
THR-01472,EVT-004521,2026-09-08T17:21:00,Service Enumeration,MEDIUM,0.82,80.5,MONITORING
THR-01473,EVT-003342,2026-09-05T08:46:00,Unusual Upload,CRITICAL,0.744,85.5,MONITORING
THR-01474,EVT-027853,2026-09-02T01:56:00,Brute Force,HIGH,0.778,88.3,CONTAINED
THR-01475,EVT-002548,2026-09-10T12:48:00,RDP Activity,CRITICAL,0.867,73.6,CONTAINED
THR-01476,EVT-005509,2026-09-16T22:13:00,Service Disruption,CRITICAL,0.961,54.3,MONITORING
THR-01477,EVT-022071,2026-09-03T02:13:00,Brute Force,HIGH,0.784,62.6,INVESTIGATING
THR-01478,EVT-024765,2026-09-21T02:49:00,Remote Service,CRITICAL,0.923,76.3,MONITORING
THR-01479,EVT-000260,2026-09-23T02:04:00,Internal Login Burst,CRITICAL,0.786,69.0,CONTAINED
THR-01480,EVT-009869,2026-09-10T08:35:00,Service Enumeration,MEDIUM,0.854,47.0,NEW
THR-01481,EVT-026404,2026-09-26T15:32:00,Exploit Attempt,HIGH,0.975,54.8,MONITORING
THR-01482,EVT-013953,2026-09-23T10:34:00,Archive Transfer,CRITICAL,0.709,87.2,MONITORING
THR-01483,EVT-011225,2026-09-02T07:43:00,Archive Transfer,CRITICAL,0.738,88.0,MONITORING
THR-01484,EVT-011660,2026-09-26T13:25:00,Network Scan,MEDIUM,0.958,69.8,NEW
THR-01485,EVT-023656,2026-09-14T03:36:00,Phishing Link,HIGH,0.8,66.0,CONTAINED
THR-01486,EVT-027618,2026-09-12T11:13:00,Unusual Upload,CRITICAL,0.706,49.2,CONTAINED
THR-01487,EVT-022399,2026-09-04T12:11:00,Internal Login Burst,CRITICAL,0.947,52.4,MONITORING
THR-01488,EVT-009733,2026-09-21T02:27:00,Credential Stuffing,HIGH,0.936,73.8,INVESTIGATING
THR-01489,EVT-027169,2026-09-12T19:52:00,Exploit Attempt,HIGH,0.944,96.1,CONTAINED
THR-01490,EVT-003818,2026-09-12T02:43:00,Credential Stuffing,HIGH,0.871,54.4,MONITORING
THR-01491,EVT-015526,2026-09-10T22:33:00,Phishing Link,HIGH,0.845,77.9,MONITORING
THR-01492,EVT-001433,2026-09-05T08:18:00,Suspicious Login,HIGH,0.925,49.7,CONTAINED
THR-01493,EVT-000269,2026-09-10T11:59:00,Unusual Upload,CRITICAL,0.715,67.7,CONTAINED
THR-01494,EVT-018045,2026-09-23T11:57:00,New Service,HIGH,0.727,68.5,NEW
THR-01495,EVT-022323,2026-09-25T23:20:00,Service Enumeration,MEDIUM,0.857,46.1,MONITORING
THR-01496,EVT-017360,2026-09-07T21:23:00,Phishing Link,HIGH,0.79,95.3,MONITORING
THR-01497,EVT-011151,2026-09-11T17:25:00,Suspicious External Connection,HIGH,0.907,78.9,CONTAINED
THR-01498,EVT-029661,2026-09-24T03:08:00,Suspicious Login,HIGH,0.81,64.0,NEW
THR-01499,EVT-009564,2026-09-05T01:53:00,Ransomware-like Activity,CRITICAL,0.867,68.4,NEW
THR-01500,EVT-016391,2026-09-22T17:50:00,Exploit Attempt,HIGH,0.867,92.6,MONITORING
THR-01501,EVT-012404,2026-09-05T04:42:00,Exploit Attempt,HIGH,0.9,63.3,CONTAINED
THR-01502,EVT-020864,2026-09-21T04:38:00,Remote Service,CRITICAL,0.86,45.5,NEW
THR-01503,EVT-012446,2026-09-10T11:55:00,Service Disruption,CRITICAL,0.925,72.9,CONTAINED
THR-01504,EVT-008416,2026-09-26T17:57:00,Port Scan,MEDIUM,0.979,80.1,INVESTIGATING
THR-01505,EVT-002787,2026-09-06T08:19:00,Service Disruption,CRITICAL,0.921,72.9,MONITORING
THR-01506,EVT-001530,2026-09-27T01:04:00,Ransomware-like Activity,CRITICAL,0.83,78.6,CONTAINED
THR-01507,EVT-006616,2026-09-25T21:14:00,Password Spray,HIGH,0.813,91.9,CONTAINED
THR-01508,EVT-020581,2026-09-23T00:41:00,Network Scan,MEDIUM,0.843,71.5,CONTAINED
THR-01509,EVT-008476,2026-09-18T14:15:00,Credential Stuffing,HIGH,0.761,97.0,CONTAINED
THR-01510,EVT-013911,2026-09-11T14:39:00,New Service,HIGH,0.78,61.6,INVESTIGATING
THR-01511,EVT-020691,2026-09-01T22:52:00,Port Scan,MEDIUM,0.748,92.9,NEW
THR-01512,EVT-012027,2026-09-01T23:08:00,Brute Force,HIGH,0.824,54.0,CONTAINED
THR-01513,EVT-023267,2026-09-09T19:40:00,Brute Force,HIGH,0.701,94.6,INVESTIGATING
THR-01514,EVT-004785,2026-09-22T02:34:00,Archive Transfer,CRITICAL,0.788,78.5,INVESTIGATING
THR-01515,EVT-000334,2026-09-03T22:54:00,Scheduled Task,HIGH,0.881,71.8,CONTAINED
THR-01516,EVT-014617,2026-09-14T07:27:00,Credential Stuffing,HIGH,0.75,88.2,NEW
THR-01517,EVT-022664,2026-09-25T09:03:00,Service Enumeration,MEDIUM,0.832,47.1,INVESTIGATING
THR-01518,EVT-020981,2026-09-21T09:53:00,Internal Login Burst,CRITICAL,0.984,93.1,CONTAINED
THR-01519,EVT-014663,2026-09-26T23:53:00,Archive Transfer,CRITICAL,0.949,76.4,INVESTIGATING
THR-01520,EVT-024304,2026-09-11T12:12:00,Port Scan,MEDIUM,0.895,66.4,MONITORING
THR-01521,EVT-018710,2026-09-10T11:41:00,Remote Service,CRITICAL,0.737,85.8,MONITORING
THR-01522,EVT-028273,2026-09-16T23:24:00,Service Enumeration,MEDIUM,0.726,47.1,MONITORING
THR-01523,EVT-005667,2026-09-17T11:56:00,Exploit Attempt,HIGH,0.801,63.4,NEW
THR-01524,EVT-008914,2026-09-08T12:28:00,Archive Transfer,CRITICAL,0.925,78.1,NEW
THR-01525,EVT-014093,2026-09-12T03:53:00,SMB Activity,CRITICAL,0.702,55.6,INVESTIGATING
THR-01526,EVT-023244,2026-09-24T01:54:00,Exploit Attempt,HIGH,0.99,58.5,INVESTIGATING
THR-01527,EVT-025782,2026-09-04T07:24:00,Script Activity,HIGH,0.781,69.2,MONITORING
THR-01528,EVT-019459,2026-09-19T19:47:00,Credential Stuffing,HIGH,0.862,69.2,CONTAINED
THR-01529,EVT-007346,2026-09-17T19:14:00,Script Activity,HIGH,0.783,66.9,INVESTIGATING
THR-01530,EVT-008090,2026-09-15T03:25:00,Archive Transfer,CRITICAL,0.828,46.8,MONITORING
THR-01531,EVT-010813,2026-09-16T00:12:00,Password Spray,HIGH,0.843,61.7,MONITORING
THR-01532,EVT-010502,2026-09-08T17:14:00,Suspicious External Connection,HIGH,0.883,60.0,NEW
THR-01533,EVT-023634,2026-09-22T11:19:00,Suspicious External Connection,HIGH,0.97,95.5,INVESTIGATING
THR-01534,EVT-004290,2026-09-03T22:15:00,Suspicious Login,HIGH,0.744,96.8,NEW
THR-01535,EVT-026542,2026-09-11T06:44:00,New Service,HIGH,0.739,63.6,MONITORING
THR-01536,EVT-022355,2026-09-21T11:10:00,Network Scan,MEDIUM,0.855,57.1,NEW
THR-01537,EVT-022884,2026-09-25T11:40:00,Credential Stuffing,HIGH,0.778,85.4,INVESTIGATING
THR-01538,EVT-011982,2026-09-17T12:06:00,Command Execution,HIGH,0.897,84.2,NEW
THR-01539,EVT-004280,2026-09-20T18:08:00,Process Anomaly,HIGH,0.702,65.1,INVESTIGATING
THR-01540,EVT-028606,2026-09-01T00:34:00,Suspicious Login,HIGH,0.702,53.0,MONITORING
THR-01541,EVT-007306,2026-09-26T12:40:00,Brute Force,HIGH,0.841,56.8,CONTAINED
THR-01542,EVT-013982,2026-09-09T11:30:00,Unusual Upload,CRITICAL,0.859,88.3,MONITORING
THR-01543,EVT-010471,2026-09-22T20:56:00,Unusual Upload,CRITICAL,0.942,97.1,INVESTIGATING
THR-01544,EVT-026959,2026-09-12T20:56:00,Port Scan,MEDIUM,0.954,66.0,NEW
THR-01545,EVT-003032,2026-09-12T20:43:00,Remote Service,CRITICAL,0.943,56.1,NEW
THR-01546,EVT-028524,2026-09-16T19:19:00,SMB Activity,CRITICAL,0.952,93.9,MONITORING
THR-01547,EVT-008085,2026-09-08T14:30:00,Password Spray,HIGH,0.778,75.2,NEW
THR-01548,EVT-006550,2026-09-06T00:36:00,Network Scan,MEDIUM,0.97,88.1,NEW
THR-01549,EVT-018615,2026-09-17T06:37:00,Suspicious Login,HIGH,0.82,59.2,MONITORING
THR-01550,EVT-026094,2026-09-23T23:51:00,Credential Stuffing,HIGH,0.745,57.7,NEW
THR-01551,EVT-016477,2026-09-02T12:32:00,Mass File Modification,CRITICAL,0.846,76.6,CONTAINED
THR-01552,EVT-009951,2026-09-03T13:21:00,Command Execution,HIGH,0.949,98.3,NEW
THR-01553,EVT-014508,2026-09-17T03:53:00,Registry Change,HIGH,0.903,90.0,NEW
THR-01554,EVT-018231,2026-09-16T04:09:00,Large Outbound Transfer,CRITICAL,0.948,83.6,INVESTIGATING
THR-01555,EVT-019403,2026-09-19T23:45:00,Credential Stuffing,HIGH,0.977,65.9,NEW
THR-01556,EVT-026333,2026-09-02T15:06:00,SMB Activity,CRITICAL,0.874,51.5,INVESTIGATING
THR-01557,EVT-024077,2026-09-07T05:20:00,Password Spray,HIGH,0.928,55.6,MONITORING
THR-01558,EVT-000068,2026-09-11T05:52:00,Remote Service,CRITICAL,0.861,71.2,INVESTIGATING
THR-01559,EVT-003314,2026-09-15T02:36:00,Phishing Link,HIGH,0.906,91.3,MONITORING
THR-01560,EVT-026519,2026-09-06T11:35:00,Phishing Link,HIGH,0.707,87.0,NEW
THR-01561,EVT-022144,2026-09-07T04:48:00,Brute Force,HIGH,0.725,57.2,INVESTIGATING
THR-01562,EVT-027230,2026-09-12T03:38:00,Script Activity,HIGH,0.77,81.5,INVESTIGATING
THR-01563,EVT-022957,2026-09-04T07:27:00,Brute Force,HIGH,0.764,77.5,MONITORING
THR-01564,EVT-017926,2026-09-27T07:26:00,Process Anomaly,HIGH,0.703,98.4,NEW
THR-01565,EVT-023555,2026-09-07T03:14:00,Phishing Link,HIGH,0.979,84.2,CONTAINED
THR-01566,EVT-013647,2026-09-09T20:06:00,Phishing Link,HIGH,0.731,96.8,NEW
THR-01567,EVT-025851,2026-09-05T19:12:00,Process Anomaly,HIGH,0.901,65.9,NEW
THR-01568,EVT-011201,2026-09-21T15:57:00,RDP Activity,CRITICAL,0.895,81.0,MONITORING
THR-01569,EVT-001991,2026-09-12T10:16:00,New Service,HIGH,0.7,86.9,NEW
THR-01570,EVT-024910,2026-09-18T17:22:00,Scheduled Task,HIGH,0.911,84.9,NEW
THR-01571,EVT-010917,2026-09-02T21:52:00,Ransomware-like Activity,CRITICAL,0.891,96.6,CONTAINED
THR-01572,EVT-001949,2026-09-26T04:53:00,Internal Login Burst,CRITICAL,0.979,85.6,INVESTIGATING
THR-01573,EVT-021837,2026-09-19T01:10:00,SMB Activity,CRITICAL,0.849,98.2,NEW
THR-01574,EVT-023211,2026-09-21T19:59:00,Credential Stuffing,HIGH,0.852,60.3,NEW
THR-01575,EVT-021471,2026-09-18T17:28:00,Phishing Link,HIGH,0.766,74.7,MONITORING
THR-01576,EVT-021872,2026-09-22T06:18:00,Service Enumeration,MEDIUM,0.751,51.8,INVESTIGATING
THR-01577,EVT-025443,2026-09-03T03:10:00,RDP Activity,CRITICAL,0.878,78.4,INVESTIGATING
THR-01578,EVT-022354,2026-09-14T05:50:00,Suspicious External Connection,HIGH,0.717,78.7,CONTAINED
THR-01579,EVT-003458,2026-09-10T21:34:00,Service Disruption,CRITICAL,0.859,67.8,CONTAINED
THR-01580,EVT-026768,2026-09-03T21:21:00,SMB Activity,CRITICAL,0.72,70.6,CONTAINED
THR-01581,EVT-027168,2026-09-15T17:01:00,Ransomware-like Activity,CRITICAL,0.836,62.4,MONITORING
THR-01582,EVT-021871,2026-09-23T23:30:00,Suspicious Login,HIGH,0.939,53.6,NEW
THR-01583,EVT-027376,2026-09-14T20:00:00,Phishing Link,HIGH,0.888,46.4,MONITORING
THR-01584,EVT-004555,2026-09-27T19:52:00,Ransomware-like Activity,CRITICAL,0.92,89.5,MONITORING
THR-01585,EVT-019693,2026-09-17T23:11:00,Large Outbound Transfer,CRITICAL,0.865,82.0,MONITORING
THR-01586,EVT-025810,2026-09-03T22:40:00,New Service,HIGH,0.901,89.2,CONTAINED
THR-01587,EVT-007964,2026-09-24T09:42:00,Exploit Attempt,HIGH,0.921,88.2,NEW
THR-01588,EVT-001658,2026-09-27T06:45:00,Process Anomaly,HIGH,0.927,79.3,MONITORING
THR-01589,EVT-000239,2026-09-21T18:40:00,Service Enumeration,MEDIUM,0.971,87.5,NEW
THR-01590,EVT-007587,2026-09-22T15:27:00,SMB Activity,CRITICAL,0.718,48.2,MONITORING
THR-01591,EVT-002314,2026-09-15T08:16:00,Phishing Link,HIGH,0.768,66.1,CONTAINED
THR-01592,EVT-014975,2026-09-08T21:32:00,Credential Stuffing,HIGH,0.722,92.0,CONTAINED
THR-01593,EVT-006909,2026-09-09T23:08:00,Brute Force,HIGH,0.869,71.6,INVESTIGATING
THR-01594,EVT-010271,2026-09-13T03:02:00,Credential Stuffing,HIGH,0.927,61.1,CONTAINED
THR-01595,EVT-027163,2026-09-21T08:58:00,Suspicious Login,HIGH,0.979,58.0,MONITORING
THR-01596,EVT-024913,2026-09-27T22:55:00,New Service,HIGH,0.792,50.6,NEW
THR-01597,EVT-002100,2026-09-12T02:28:00,Archive Transfer,CRITICAL,0.932,45.3,MONITORING
THR-01598,EVT-005470,2026-09-07T20:58:00,Service Enumeration,MEDIUM,0.83,82.1,INVESTIGATING
THR-01599,EVT-022208,2026-09-13T04:28:00,Large Outbound Transfer,CRITICAL,0.805,95.7,NEW
THR-01600,EVT-011503,2026-09-14T01:16:00,Network Scan,MEDIUM,0.808,83.2,CONTAINED
THR-01601,EVT-022826,2026-09-24T21:34:00,Port Scan,MEDIUM,0.891,76.5,MONITORING
THR-01602,EVT-003363,2026-09-13T01:24:00,Registry Change,HIGH,0.887,53.2,MONITORING
THR-01603,EVT-014378,2026-09-16T07:44:00,Password Spray,HIGH,0.798,95.1,NEW
THR-01604,EVT-000098,2026-09-24T19:24:00,Process Anomaly,HIGH,0.868,51.4,NEW
THR-01605,EVT-019524,2026-09-24T15:11:00,Remote Service,CRITICAL,0.928,74.3,INVESTIGATING
THR-01606,EVT-005174,2026-09-09T08:03:00,Script Activity,HIGH,0.822,96.1,CONTAINED
THR-01607,EVT-029202,2026-09-21T01:21:00,Scheduled Task,HIGH,0.807,70.9,INVESTIGATING
THR-01608,EVT-024228,2026-09-21T16:08:00,Service Enumeration,MEDIUM,0.879,87.5,INVESTIGATING
THR-01609,EVT-024365,2026-09-26T12:20:00,Network Scan,MEDIUM,0.899,69.5,CONTAINED
THR-01610,EVT-012600,2026-09-08T11:20:00,Archive Transfer,CRITICAL,0.78,54.2,INVESTIGATING
THR-01611,EVT-023993,2026-09-26T04:52:00,Service Disruption,CRITICAL,0.981,93.2,MONITORING
THR-01612,EVT-019321,2026-09-12T03:38:00,Scheduled Task,HIGH,0.885,48.0,CONTAINED
THR-01613,EVT-013975,2026-09-13T20:40:00,Service Enumeration,MEDIUM,0.972,97.0,MONITORING
THR-01614,EVT-018831,2026-09-07T23:54:00,Phishing Link,HIGH,0.752,49.2,MONITORING
THR-01615,EVT-002981,2026-09-19T22:59:00,Phishing Link,HIGH,0.73,84.6,INVESTIGATING
THR-01616,EVT-005034,2026-09-24T17:17:00,Brute Force,HIGH,0.974,77.4,CONTAINED
THR-01617,EVT-020313,2026-09-23T22:15:00,Exploit Attempt,HIGH,0.815,62.8,CONTAINED
THR-01618,EVT-027660,2026-09-12T21:57:00,New Service,HIGH,0.863,86.8,MONITORING
THR-01619,EVT-018571,2026-09-25T04:28:00,Remote Service,CRITICAL,0.801,46.2,MONITORING
THR-01620,EVT-019911,2026-09-21T10:58:00,Unusual Upload,CRITICAL,0.741,91.6,CONTAINED
THR-01621,EVT-010306,2026-09-06T12:59:00,Brute Force,HIGH,0.855,70.9,CONTAINED
THR-01622,EVT-006049,2026-09-17T17:14:00,Archive Transfer,CRITICAL,0.729,78.1,NEW
THR-01623,EVT-004881,2026-09-15T13:43:00,Port Scan,MEDIUM,0.718,74.4,MONITORING
THR-01624,EVT-005469,2026-09-11T14:00:00,Network Scan,MEDIUM,0.701,83.0,INVESTIGATING
THR-01625,EVT-008982,2026-09-17T22:48:00,SMB Activity,CRITICAL,0.769,65.2,INVESTIGATING
THR-01626,EVT-015731,2026-09-05T12:47:00,Service Enumeration,MEDIUM,0.828,66.7,INVESTIGATING
THR-01627,EVT-011674,2026-09-12T12:53:00,Ransomware-like Activity,CRITICAL,0.967,98.5,CONTAINED
THR-01628,EVT-027592,2026-09-18T12:08:00,Exploit Attempt,HIGH,0.978,51.5,CONTAINED
THR-01629,EVT-029774,2026-09-03T08:37:00,Brute Force,HIGH,0.875,77.0,INVESTIGATING
THR-01630,EVT-011537,2026-09-09T20:54:00,Brute Force,HIGH,0.744,49.7,INVESTIGATING
THR-01631,EVT-005599,2026-09-17T00:22:00,Script Activity,HIGH,0.889,76.6,MONITORING
THR-01632,EVT-021649,2026-09-25T00:42:00,Phishing Link,HIGH,0.731,51.9,NEW
THR-01633,EVT-010991,2026-09-17T14:47:00,SMB Activity,CRITICAL,0.71,53.3,INVESTIGATING
THR-01634,EVT-011854,2026-09-04T17:20:00,Password Spray,HIGH,0.914,45.3,INVESTIGATING
THR-01635,EVT-024817,2026-09-10T06:40:00,Large Outbound Transfer,CRITICAL,0.826,79.6,INVESTIGATING
THR-01636,EVT-026985,2026-09-25T05:17:00,Archive Transfer,CRITICAL,0.735,78.8,CONTAINED
THR-01637,EVT-022462,2026-09-27T01:17:00,Remote Service,CRITICAL,0.948,75.4,MONITORING
THR-01638,EVT-013106,2026-09-02T01:30:00,Registry Change,HIGH,0.821,51.2,INVESTIGATING
THR-01639,EVT-003701,2026-09-08T01:03:00,Command Execution,HIGH,0.755,60.6,NEW
THR-01640,EVT-000870,2026-09-06T19:11:00,Network Scan,MEDIUM,0.93,64.3,CONTAINED
THR-01641,EVT-021049,2026-09-20T19:04:00,SMB Activity,CRITICAL,0.852,53.6,INVESTIGATING
THR-01642,EVT-026523,2026-09-02T01:39:00,Registry Change,HIGH,0.77,58.2,CONTAINED
THR-01643,EVT-009246,2026-09-17T08:07:00,Exploit Attempt,HIGH,0.91,94.9,MONITORING
THR-01644,EVT-007643,2026-09-19T14:01:00,Credential Stuffing,HIGH,0.925,63.0,CONTAINED
THR-01645,EVT-017814,2026-09-20T19:06:00,Brute Force,HIGH,0.911,87.6,INVESTIGATING
THR-01646,EVT-010439,2026-09-06T17:52:00,Ransomware-like Activity,CRITICAL,0.778,46.6,MONITORING
THR-01647,EVT-006345,2026-09-08T17:40:00,Exploit Attempt,HIGH,0.878,89.6,MONITORING
THR-01648,EVT-025815,2026-09-12T05:29:00,Mass File Modification,CRITICAL,0.921,49.1,MONITORING
THR-01649,EVT-029463,2026-09-18T03:53:00,Suspicious External Connection,HIGH,0.981,87.3,CONTAINED
THR-01650,EVT-003398,2026-09-08T21:00:00,Suspicious Login,HIGH,0.721,46.3,INVESTIGATING
THR-01651,EVT-013803,2026-09-05T22:02:00,Suspicious Login,HIGH,0.739,48.2,INVESTIGATING
THR-01652,EVT-002002,2026-09-04T14:12:00,Registry Change,HIGH,0.884,59.2,CONTAINED
THR-01653,EVT-004352,2026-09-25T03:36:00,Script Activity,HIGH,0.888,90.9,INVESTIGATING
THR-01654,EVT-012987,2026-09-15T06:29:00,Internal Login Burst,CRITICAL,0.774,72.9,NEW
THR-01655,EVT-001762,2026-09-01T22:10:00,Suspicious Login,HIGH,0.892,67.7,MONITORING
THR-01656,EVT-025285,2026-09-01T11:03:00,Exploit Attempt,HIGH,0.733,62.7,MONITORING
THR-01657,EVT-000953,2026-09-03T14:19:00,Exploit Attempt,HIGH,0.749,62.0,CONTAINED
THR-01658,EVT-004134,2026-09-24T12:45:00,RDP Activity,CRITICAL,0.793,97.8,INVESTIGATING
THR-01659,EVT-004149,2026-09-22T19:00:00,Command Execution,HIGH,0.824,48.0,NEW
THR-01660,EVT-002212,2026-09-13T19:43:00,Remote Service,CRITICAL,0.74,51.7,CONTAINED
THR-01661,EVT-009119,2026-09-18T00:00:00,Internal Login Burst,CRITICAL,0.918,76.2,CONTAINED
THR-01662,EVT-021573,2026-09-19T12:27:00,Mass File Modification,CRITICAL,0.885,74.7,CONTAINED
THR-01663,EVT-018478,2026-09-10T23:24:00,Ransomware-like Activity,CRITICAL,0.807,78.6,NEW
THR-01664,EVT-007285,2026-09-03T14:02:00,Phishing Link,HIGH,0.925,62.5,NEW
THR-01665,EVT-000429,2026-09-01T17:04:00,Process Anomaly,HIGH,0.93,72.5,MONITORING
THR-01666,EVT-022765,2026-09-09T06:51:00,Mass File Modification,CRITICAL,0.98,95.9,NEW
THR-01667,EVT-010936,2026-09-26T02:21:00,Ransomware-like Activity,CRITICAL,0.928,45.0,CONTAINED
THR-01668,EVT-025898,2026-09-25T21:21:00,Mass File Modification,CRITICAL,0.858,47.5,MONITORING
THR-01669,EVT-017270,2026-09-01T08:37:00,Remote Service,CRITICAL,0.882,62.5,INVESTIGATING
THR-01670,EVT-007596,2026-09-01T12:58:00,Large Outbound Transfer,CRITICAL,0.755,91.3,INVESTIGATING
THR-01671,EVT-000547,2026-09-11T17:42:00,Script Activity,HIGH,0.861,56.5,NEW
THR-01672,EVT-001341,2026-09-22T07:40:00,Service Enumeration,MEDIUM,0.876,80.7,INVESTIGATING
THR-01673,EVT-028176,2026-09-26T22:28:00,Large Outbound Transfer,CRITICAL,0.712,62.8,CONTAINED
THR-01674,EVT-003203,2026-09-23T10:25:00,Port Scan,MEDIUM,0.982,84.4,INVESTIGATING
THR-01675,EVT-016958,2026-09-07T15:02:00,Password Spray,HIGH,0.911,53.2,NEW
THR-01676,EVT-020500,2026-09-04T10:16:00,Registry Change,HIGH,0.849,51.1,CONTAINED
THR-01677,EVT-013517,2026-09-07T21:49:00,Port Scan,MEDIUM,0.934,60.0,INVESTIGATING
THR-01678,EVT-026179,2026-09-21T04:46:00,Archive Transfer,CRITICAL,0.825,75.3,NEW
THR-01679,EVT-008627,2026-09-03T06:33:00,RDP Activity,CRITICAL,0.958,65.1,NEW
THR-01680,EVT-023154,2026-09-06T10:27:00,Suspicious Login,HIGH,0.833,93.7,CONTAINED
THR-01681,EVT-003636,2026-09-03T01:58:00,Archive Transfer,CRITICAL,0.893,74.5,CONTAINED
THR-01682,EVT-013487,2026-09-02T17:48:00,Credential Stuffing,HIGH,0.939,78.5,CONTAINED
THR-01683,EVT-000332,2026-09-27T01:05:00,Exploit Attempt,HIGH,0.736,54.9,CONTAINED
THR-01684,EVT-021670,2026-09-21T02:46:00,Network Scan,MEDIUM,0.971,45.6,MONITORING
THR-01685,EVT-007437,2026-09-24T21:43:00,Network Scan,MEDIUM,0.886,60.9,INVESTIGATING
THR-01686,EVT-029067,2026-09-19T16:06:00,Command Execution,HIGH,0.839,57.2,INVESTIGATING
THR-01687,EVT-028814,2026-09-09T10:45:00,Password Spray,HIGH,0.77,50.3,INVESTIGATING
THR-01688,EVT-019976,2026-09-12T20:52:00,Archive Transfer,CRITICAL,0.927,90.5,NEW
THR-01689,EVT-003748,2026-09-07T19:07:00,Service Enumeration,MEDIUM,0.913,50.5,INVESTIGATING
THR-01690,EVT-019748,2026-09-11T09:32:00,Remote Service,CRITICAL,0.919,81.0,INVESTIGATING
THR-01691,EVT-018999,2026-09-13T17:01:00,Script Activity,HIGH,0.847,84.5,CONTAINED
THR-01692,EVT-008900,2026-09-14T15:01:00,Suspicious Login,HIGH,0.888,78.7,NEW
THR-01693,EVT-009907,2026-09-07T14:25:00,Password Spray,HIGH,0.955,75.3,CONTAINED
THR-01694,EVT-002968,2026-09-19T06:52:00,Ransomware-like Activity,CRITICAL,0.81,89.2,NEW
THR-01695,EVT-007863,2026-09-04T15:34:00,Archive Transfer,CRITICAL,0.712,45.0,INVESTIGATING
THR-01696,EVT-009363,2026-09-21T10:50:00,Internal Login Burst,CRITICAL,0.854,53.0,NEW
THR-01697,EVT-001657,2026-09-18T23:27:00,Suspicious Login,HIGH,0.988,90.5,MONITORING
THR-01698,EVT-013354,2026-09-24T10:22:00,Command Execution,HIGH,0.933,81.5,CONTAINED
THR-01699,EVT-028211,2026-09-04T14:28:00,Large Outbound Transfer,CRITICAL,0.867,76.1,CONTAINED
THR-01700,EVT-006986,2026-09-14T04:57:00,Brute Force,HIGH,0.73,72.2,INVESTIGATING
THR-01701,EVT-014478,2026-09-10T05:30:00,Phishing Link,HIGH,0.892,67.7,MONITORING
THR-01702,EVT-017949,2026-09-05T21:41:00,Registry Change,HIGH,0.867,68.1,CONTAINED
THR-01703,EVT-028787,2026-09-23T21:39:00,Brute Force,HIGH,0.976,60.9,CONTAINED
THR-01704,EVT-024875,2026-09-10T00:33:00,Scheduled Task,HIGH,0.796,87.7,MONITORING
THR-01705,EVT-004922,2026-09-10T17:09:00,Unusual Upload,CRITICAL,0.828,98.9,NEW
THR-01706,EVT-023834,2026-09-24T05:18:00,Registry Change,HIGH,0.92,93.9,MONITORING
THR-01707,EVT-017260,2026-09-01T07:24:00,Script Activity,HIGH,0.961,59.9,INVESTIGATING
THR-01708,EVT-010367,2026-09-01T20:18:00,Credential Stuffing,HIGH,0.76,57.6,CONTAINED
THR-01709,EVT-013620,2026-09-23T02:55:00,Service Disruption,CRITICAL,0.888,47.0,INVESTIGATING
THR-01710,EVT-022944,2026-09-04T19:02:00,Script Activity,HIGH,0.811,77.9,NEW
THR-01711,EVT-006180,2026-09-19T10:23:00,Scheduled Task,HIGH,0.92,71.1,MONITORING
THR-01712,EVT-013732,2026-09-02T05:49:00,Phishing Link,HIGH,0.932,68.2,INVESTIGATING
THR-01713,EVT-006767,2026-09-16T23:46:00,SMB Activity,CRITICAL,0.862,65.9,INVESTIGATING
THR-01714,EVT-016627,2026-09-23T09:40:00,Password Spray,HIGH,0.829,57.8,INVESTIGATING
THR-01715,EVT-029997,2026-09-01T10:58:00,SMB Activity,CRITICAL,0.827,64.1,INVESTIGATING
THR-01716,EVT-020897,2026-09-13T00:13:00,Service Disruption,CRITICAL,0.977,85.4,NEW
THR-01717,EVT-017076,2026-09-16T03:10:00,Suspicious External Connection,HIGH,0.938,93.0,CONTAINED
THR-01718,EVT-007468,2026-09-16T19:01:00,SMB Activity,CRITICAL,0.843,65.0,INVESTIGATING
THR-01719,EVT-000165,2026-09-22T01:33:00,Internal Login Burst,CRITICAL,0.837,65.1,INVESTIGATING
THR-01720,EVT-014277,2026-09-26T05:12:00,Suspicious Login,HIGH,0.908,59.6,MONITORING
THR-01721,EVT-025228,2026-09-04T17:44:00,Mass File Modification,CRITICAL,0.789,73.3,MONITORING
THR-01722,EVT-013484,2026-09-19T09:51:00,Large Outbound Transfer,CRITICAL,0.756,90.3,INVESTIGATING
THR-01723,EVT-019489,2026-09-25T20:24:00,Suspicious External Connection,HIGH,0.746,83.8,NEW
THR-01724,EVT-022624,2026-09-06T10:41:00,Ransomware-like Activity,CRITICAL,0.987,74.9,NEW
THR-01725,EVT-003454,2026-09-18T21:12:00,Network Scan,MEDIUM,0.796,90.7,CONTAINED
THR-01726,EVT-027227,2026-09-22T21:40:00,SMB Activity,CRITICAL,0.767,68.3,MONITORING
THR-01727,EVT-007000,2026-09-01T20:55:00,SMB Activity,CRITICAL,0.887,65.9,INVESTIGATING
THR-01728,EVT-018757,2026-09-08T14:21:00,Port Scan,MEDIUM,0.866,74.5,INVESTIGATING
THR-01729,EVT-007775,2026-09-16T03:39:00,Service Enumeration,MEDIUM,0.723,66.6,CONTAINED
THR-01730,EVT-023497,2026-09-14T17:19:00,Unusual Upload,CRITICAL,0.956,74.5,MONITORING
THR-01731,EVT-007078,2026-09-01T17:08:00,Network Scan,MEDIUM,0.709,89.5,CONTAINED
THR-01732,EVT-000945,2026-09-18T15:23:00,Internal Login Burst,CRITICAL,0.885,82.6,CONTAINED
THR-01733,EVT-016737,2026-09-09T07:24:00,Suspicious External Connection,HIGH,0.958,95.4,CONTAINED
THR-01734,EVT-003653,2026-09-27T16:13:00,Suspicious External Connection,HIGH,0.897,52.7,INVESTIGATING
THR-01735,EVT-005088,2026-09-19T02:13:00,Port Scan,MEDIUM,0.701,70.8,CONTAINED
THR-01736,EVT-028516,2026-09-16T17:08:00,Suspicious Login,HIGH,0.839,96.5,NEW
THR-01737,EVT-020063,2026-09-05T18:18:00,Command Execution,HIGH,0.7,49.1,CONTAINED
THR-01738,EVT-005635,2026-09-07T19:22:00,SMB Activity,CRITICAL,0.964,88.2,CONTAINED
THR-01739,EVT-016206,2026-09-17T05:14:00,Suspicious Login,HIGH,0.847,83.3,INVESTIGATING
THR-01740,EVT-015972,2026-09-03T14:46:00,Internal Login Burst,CRITICAL,0.936,52.4,NEW
THR-01741,EVT-024461,2026-09-12T05:55:00,Large Outbound Transfer,CRITICAL,0.923,64.8,INVESTIGATING
THR-01742,EVT-024872,2026-09-12T00:30:00,Unusual Upload,CRITICAL,0.786,70.6,CONTAINED
THR-01743,EVT-009958,2026-09-20T04:29:00,SMB Activity,CRITICAL,0.787,63.1,INVESTIGATING
THR-01744,EVT-011685,2026-09-19T00:27:00,Brute Force,HIGH,0.711,81.4,NEW
THR-01745,EVT-007702,2026-09-18T23:33:00,Suspicious External Connection,HIGH,0.823,54.0,NEW
THR-01746,EVT-006370,2026-09-22T05:16:00,Credential Stuffing,HIGH,0.782,67.8,INVESTIGATING
THR-01747,EVT-012626,2026-09-27T04:20:00,New Service,HIGH,0.903,90.9,NEW
THR-01748,EVT-000634,2026-09-08T06:47:00,Port Scan,MEDIUM,0.821,53.9,NEW
THR-01749,EVT-028471,2026-09-26T01:43:00,Password Spray,HIGH,0.797,75.8,NEW
THR-01750,EVT-009819,2026-09-05T20:35:00,Port Scan,MEDIUM,0.946,87.8,NEW
THR-01751,EVT-018239,2026-09-04T09:41:00,Network Scan,MEDIUM,0.833,50.6,MONITORING
THR-01752,EVT-020585,2026-09-14T16:32:00,Command Execution,HIGH,0.783,72.1,CONTAINED
THR-01753,EVT-021032,2026-09-07T07:31:00,Suspicious Login,HIGH,0.868,77.9,INVESTIGATING
THR-01754,EVT-001393,2026-09-11T05:21:00,Suspicious Login,HIGH,0.954,83.5,INVESTIGATING
THR-01755,EVT-029640,2026-09-16T07:21:00,Unusual Upload,CRITICAL,0.956,84.1,INVESTIGATING
THR-01756,EVT-019453,2026-09-11T11:42:00,Internal Login Burst,CRITICAL,0.721,86.0,MONITORING
THR-01757,EVT-001422,2026-09-08T19:09:00,Archive Transfer,CRITICAL,0.98,63.7,CONTAINED
THR-01758,EVT-016022,2026-09-25T14:43:00,Credential Stuffing,HIGH,0.92,52.5,CONTAINED
THR-01759,EVT-007237,2026-09-09T12:06:00,RDP Activity,CRITICAL,0.702,52.3,MONITORING
THR-01760,EVT-011597,2026-09-11T05:12:00,Password Spray,HIGH,0.796,68.8,MONITORING
THR-01761,EVT-012431,2026-09-11T01:09:00,Remote Service,CRITICAL,0.793,88.3,CONTAINED
THR-01762,EVT-029893,2026-09-08T18:06:00,Credential Stuffing,HIGH,0.704,83.5,INVESTIGATING
THR-01763,EVT-016524,2026-09-07T05:28:00,Remote Service,CRITICAL,0.784,82.9,CONTAINED
THR-01764,EVT-025776,2026-09-08T01:57:00,Suspicious Login,HIGH,0.831,93.2,INVESTIGATING
THR-01765,EVT-008372,2026-09-09T16:24:00,Exploit Attempt,HIGH,0.989,53.5,MONITORING
THR-01766,EVT-020746,2026-09-12T11:12:00,Network Scan,MEDIUM,0.957,98.5,CONTAINED
THR-01767,EVT-009541,2026-09-16T06:23:00,Port Scan,MEDIUM,0.804,94.2,NEW
THR-01768,EVT-020576,2026-09-04T14:21:00,Phishing Link,HIGH,0.889,82.3,CONTAINED
THR-01769,EVT-029146,2026-09-06T15:16:00,Suspicious Login,HIGH,0.844,73.9,MONITORING
THR-01770,EVT-018294,2026-09-12T11:05:00,Credential Stuffing,HIGH,0.763,82.2,NEW
THR-01771,EVT-023984,2026-09-12T02:45:00,Suspicious Login,HIGH,0.739,55.6,MONITORING
THR-01772,EVT-001071,2026-09-21T20:38:00,Internal Login Burst,CRITICAL,0.741,65.1,NEW
THR-01773,EVT-005885,2026-09-19T17:18:00,Brute Force,HIGH,0.955,46.0,INVESTIGATING
THR-01774,EVT-028502,2026-09-11T23:21:00,Password Spray,HIGH,0.741,82.1,NEW
THR-01775,EVT-020566,2026-09-18T22:21:00,SMB Activity,CRITICAL,0.927,59.6,NEW
THR-01776,EVT-027822,2026-09-19T02:00:00,Phishing Link,HIGH,0.783,79.3,NEW
THR-01777,EVT-000209,2026-09-27T16:58:00,Credential Stuffing,HIGH,0.825,69.0,NEW
THR-01778,EVT-012994,2026-09-01T19:56:00,Mass File Modification,CRITICAL,0.879,54.3,MONITORING
THR-01779,EVT-021567,2026-09-25T22:33:00,Service Enumeration,MEDIUM,0.77,84.1,MONITORING
THR-01780,EVT-002471,2026-09-21T04:04:00,Service Enumeration,MEDIUM,0.763,55.6,NEW
THR-01781,EVT-011742,2026-09-18T19:54:00,Internal Login Burst,CRITICAL,0.813,54.0,MONITORING
THR-01782,EVT-007872,2026-09-05T05:29:00,Password Spray,HIGH,0.731,47.7,MONITORING
THR-01783,EVT-002922,2026-09-22T20:01:00,Exploit Attempt,HIGH,0.824,88.0,NEW
THR-01784,EVT-013552,2026-09-02T17:56:00,RDP Activity,CRITICAL,0.98,46.9,MONITORING
THR-01785,EVT-021088,2026-09-25T04:07:00,Network Scan,MEDIUM,0.794,66.9,INVESTIGATING
THR-01786,EVT-026143,2026-09-01T12:21:00,Network Scan,MEDIUM,0.799,59.4,NEW
THR-01787,EVT-008195,2026-09-08T10:06:00,SMB Activity,CRITICAL,0.923,71.5,NEW
THR-01788,EVT-022549,2026-09-24T20:40:00,Port Scan,MEDIUM,0.737,86.1,INVESTIGATING
THR-01789,EVT-020775,2026-09-20T05:06:00,Brute Force,HIGH,0.887,77.3,CONTAINED
THR-01790,EVT-001409,2026-09-08T05:54:00,SMB Activity,CRITICAL,0.972,83.8,NEW
THR-01791,EVT-010054,2026-09-15T06:19:00,Password Spray,HIGH,0.736,73.2,CONTAINED
THR-01792,EVT-019853,2026-09-26T06:29:00,Phishing Link,HIGH,0.978,65.1,INVESTIGATING
THR-01793,EVT-015454,2026-09-23T20:44:00,Command Execution,HIGH,0.96,48.9,NEW
THR-01794,EVT-008719,2026-09-16T06:29:00,Mass File Modification,CRITICAL,0.818,50.7,CONTAINED
THR-01795,EVT-015333,2026-09-20T21:21:00,Phishing Link,HIGH,0.794,83.8,MONITORING
THR-01796,EVT-003098,2026-09-06T11:24:00,Password Spray,HIGH,0.826,58.0,MONITORING
THR-01797,EVT-023476,2026-09-06T23:24:00,Service Disruption,CRITICAL,0.859,50.8,MONITORING
THR-01798,EVT-010474,2026-09-19T05:27:00,Password Spray,HIGH,0.964,60.6,MONITORING
THR-01799,EVT-020937,2026-09-06T16:18:00,Archive Transfer,CRITICAL,0.95,86.0,NEW
THR-01800,EVT-004146,2026-09-04T17:47:00,Brute Force,HIGH,0.806,75.6,NEW
THR-01801,EVT-027874,2026-09-12T12:13:00,Phishing Link,HIGH,0.905,89.4,NEW
THR-01802,EVT-014501,2026-09-10T11:08:00,Suspicious Login,HIGH,0.893,55.5,MONITORING
THR-01803,EVT-026252,2026-09-14T06:23:00,Script Activity,HIGH,0.843,72.8,MONITORING
THR-01804,EVT-015467,2026-09-23T16:45:00,Command Execution,HIGH,0.948,79.6,NEW
THR-01805,EVT-029709,2026-09-16T15:16:00,Credential Stuffing,HIGH,0.864,85.1,INVESTIGATING
THR-01806,EVT-025857,2026-09-26T16:45:00,Brute Force,HIGH,0.911,46.1,NEW
THR-01807,EVT-019947,2026-09-25T14:11:00,Ransomware-like Activity,CRITICAL,0.87,73.5,INVESTIGATING
THR-01808,EVT-011555,2026-09-13T19:42:00,Port Scan,MEDIUM,0.878,65.2,CONTAINED
THR-01809,EVT-018070,2026-09-26T10:14:00,Scheduled Task,HIGH,0.778,84.6,MONITORING
THR-01810,EVT-014047,2026-09-16T10:54:00,Service Enumeration,MEDIUM,0.922,72.2,NEW
THR-01811,EVT-022038,2026-09-21T18:03:00,Password Spray,HIGH,0.917,45.8,INVESTIGATING
THR-01812,EVT-029246,2026-09-13T14:31:00,Phishing Link,HIGH,0.753,51.8,INVESTIGATING
THR-01813,EVT-001207,2026-09-10T17:38:00,RDP Activity,CRITICAL,0.939,57.8,NEW
THR-01814,EVT-008778,2026-09-08T03:22:00,RDP Activity,CRITICAL,0.808,50.1,INVESTIGATING
THR-01815,EVT-016136,2026-09-12T20:44:00,Port Scan,MEDIUM,0.874,79.1,MONITORING
THR-01816,EVT-006730,2026-09-19T00:18:00,Service Disruption,CRITICAL,0.771,72.1,NEW
THR-01817,EVT-005322,2026-09-27T03:42:00,RDP Activity,CRITICAL,0.93,57.8,NEW
THR-01818,EVT-024638,2026-09-15T21:04:00,Suspicious Login,HIGH,0.899,93.8,INVESTIGATING
THR-01819,EVT-024702,2026-09-04T09:16:00,Internal Login Burst,CRITICAL,0.841,46.9,CONTAINED
THR-01820,EVT-017656,2026-09-03T12:19:00,Port Scan,MEDIUM,0.839,50.1,CONTAINED
THR-01821,EVT-006447,2026-09-18T15:39:00,Internal Login Burst,CRITICAL,0.799,63.7,NEW
THR-01822,EVT-010728,2026-09-12T16:25:00,Archive Transfer,CRITICAL,0.911,57.3,INVESTIGATING
THR-01823,EVT-016701,2026-09-08T22:37:00,Exploit Attempt,HIGH,0.82,47.7,INVESTIGATING
THR-01824,EVT-004708,2026-09-24T17:18:00,Service Enumeration,MEDIUM,0.793,62.3,NEW
THR-01825,EVT-026754,2026-09-22T10:54:00,Scheduled Task,HIGH,0.733,72.6,INVESTIGATING
THR-01826,EVT-009097,2026-09-19T16:03:00,Large Outbound Transfer,CRITICAL,0.882,93.6,NEW
THR-01827,EVT-001598,2026-09-09T00:55:00,Process Anomaly,HIGH,0.816,61.0,CONTAINED
THR-01828,EVT-018282,2026-09-19T13:30:00,Credential Stuffing,HIGH,0.763,73.7,NEW
THR-01829,EVT-015621,2026-09-18T01:25:00,Remote Service,CRITICAL,0.926,48.6,NEW
THR-01830,EVT-000029,2026-09-23T04:09:00,Process Anomaly,HIGH,0.866,97.5,CONTAINED
THR-01831,EVT-014946,2026-09-04T00:17:00,Brute Force,HIGH,0.711,52.6,NEW
THR-01832,EVT-024095,2026-09-27T17:00:00,Service Enumeration,MEDIUM,0.752,53.5,CONTAINED
THR-01833,EVT-018229,2026-09-09T08:56:00,Unusual Upload,CRITICAL,0.835,56.8,INVESTIGATING
THR-01834,EVT-009006,2026-09-24T18:25:00,Ransomware-like Activity,CRITICAL,0.898,84.4,MONITORING
THR-01835,EVT-020779,2026-09-04T07:26:00,Remote Service,CRITICAL,0.801,51.5,CONTAINED
THR-01836,EVT-000739,2026-09-05T03:30:00,Network Scan,MEDIUM,0.843,74.5,NEW
THR-01837,EVT-011165,2026-09-04T03:39:00,Remote Service,CRITICAL,0.971,75.9,MONITORING
THR-01838,EVT-023526,2026-09-15T04:37:00,Suspicious External Connection,HIGH,0.71,58.8,INVESTIGATING
THR-01839,EVT-016491,2026-09-03T10:33:00,Credential Stuffing,HIGH,0.824,65.0,CONTAINED
THR-01840,EVT-026299,2026-09-20T16:20:00,Unusual Upload,CRITICAL,0.919,79.2,NEW
THR-01841,EVT-019655,2026-09-04T20:34:00,Phishing Link,HIGH,0.925,53.5,MONITORING
THR-01842,EVT-015700,2026-09-12T06:24:00,RDP Activity,CRITICAL,0.981,71.2,CONTAINED
THR-01843,EVT-019761,2026-09-02T16:48:00,Registry Change,HIGH,0.803,74.2,NEW
THR-01844,EVT-001553,2026-09-13T19:22:00,Port Scan,MEDIUM,0.85,76.7,NEW
THR-01845,EVT-009789,2026-09-07T03:57:00,Registry Change,HIGH,0.799,61.7,CONTAINED
THR-01846,EVT-004454,2026-09-08T07:34:00,Phishing Link,HIGH,0.793,98.0,NEW
THR-01847,EVT-016465,2026-09-14T08:56:00,Network Scan,MEDIUM,0.842,86.1,CONTAINED
THR-01848,EVT-026931,2026-09-25T14:35:00,Archive Transfer,CRITICAL,0.708,60.5,NEW
THR-01849,EVT-017122,2026-09-23T09:50:00,Brute Force,HIGH,0.849,47.1,NEW
THR-01850,EVT-007319,2026-09-06T20:26:00,Port Scan,MEDIUM,0.959,49.6,INVESTIGATING
THR-01851,EVT-027252,2026-09-07T11:23:00,Exploit Attempt,HIGH,0.908,49.9,NEW
THR-01852,EVT-012109,2026-09-27T09:33:00,Suspicious Login,HIGH,0.905,70.8,CONTAINED
THR-01853,EVT-017541,2026-09-26T23:55:00,Port Scan,MEDIUM,0.789,78.8,CONTAINED
THR-01854,EVT-006362,2026-09-24T08:55:00,Credential Stuffing,HIGH,0.82,88.2,NEW
THR-01855,EVT-007022,2026-09-21T14:18:00,Remote Service,CRITICAL,0.74,84.8,MONITORING
THR-01856,EVT-021308,2026-09-04T14:30:00,Archive Transfer,CRITICAL,0.712,62.5,CONTAINED
THR-01857,EVT-017398,2026-09-25T13:09:00,Suspicious External Connection,HIGH,0.827,75.4,CONTAINED
THR-01858,EVT-001813,2026-09-18T00:08:00,Large Outbound Transfer,CRITICAL,0.988,79.1,MONITORING
THR-01859,EVT-006224,2026-09-13T21:14:00,Command Execution,HIGH,0.846,59.9,NEW
THR-01860,EVT-009111,2026-09-21T19:25:00,Script Activity,HIGH,0.719,51.9,INVESTIGATING
THR-01861,EVT-025304,2026-09-14T04:32:00,Brute Force,HIGH,0.748,62.8,MONITORING
THR-01862,EVT-009226,2026-09-04T00:04:00,Unusual Upload,CRITICAL,0.955,49.2,MONITORING
THR-01863,EVT-027773,2026-09-02T03:58:00,New Service,HIGH,0.743,59.8,NEW
THR-01864,EVT-023094,2026-09-25T17:24:00,Brute Force,HIGH,0.765,88.5,INVESTIGATING
THR-01865,EVT-026233,2026-09-25T05:29:00,Ransomware-like Activity,CRITICAL,0.844,72.2,NEW
THR-01866,EVT-027565,2026-09-06T23:08:00,Exploit Attempt,HIGH,0.724,72.9,MONITORING
THR-01867,EVT-013549,2026-09-22T09:43:00,RDP Activity,CRITICAL,0.969,82.8,CONTAINED
THR-01868,EVT-027371,2026-09-13T07:23:00,Large Outbound Transfer,CRITICAL,0.767,62.8,MONITORING
THR-01869,EVT-023369,2026-09-23T07:12:00,Network Scan,MEDIUM,0.976,61.4,INVESTIGATING
THR-01870,EVT-019581,2026-09-13T10:24:00,Unusual Upload,CRITICAL,0.974,58.3,NEW
THR-01871,EVT-001606,2026-09-11T13:40:00,Port Scan,MEDIUM,0.892,56.8,MONITORING
THR-01872,EVT-024129,2026-09-20T18:51:00,RDP Activity,CRITICAL,0.963,88.0,MONITORING
THR-01873,EVT-021754,2026-09-17T08:18:00,Script Activity,HIGH,0.751,82.0,NEW
THR-01874,EVT-011806,2026-09-10T17:49:00,SMB Activity,CRITICAL,0.908,74.4,INVESTIGATING
THR-01875,EVT-002005,2026-09-06T15:47:00,Exploit Attempt,HIGH,0.821,58.4,INVESTIGATING
THR-01876,EVT-002441,2026-09-23T09:03:00,Port Scan,MEDIUM,0.857,92.2,CONTAINED
THR-01877,EVT-004916,2026-09-01T09:54:00,RDP Activity,CRITICAL,0.922,69.0,INVESTIGATING
THR-01878,EVT-020545,2026-09-09T11:25:00,Command Execution,HIGH,0.855,90.1,MONITORING
THR-01879,EVT-004975,2026-09-27T10:07:00,SMB Activity,CRITICAL,0.737,63.9,MONITORING
THR-01880,EVT-005070,2026-09-24T17:15:00,Phishing Link,HIGH,0.752,80.1,INVESTIGATING
THR-01881,EVT-010556,2026-09-16T09:58:00,Exploit Attempt,HIGH,0.908,86.5,MONITORING
THR-01882,EVT-015158,2026-09-06T12:49:00,Process Anomaly,HIGH,0.917,85.0,INVESTIGATING
THR-01883,EVT-024427,2026-09-27T10:03:00,Archive Transfer,CRITICAL,0.76,75.8,INVESTIGATING
THR-01884,EVT-028609,2026-09-24T00:28:00,Unusual Upload,CRITICAL,0.907,57.7,MONITORING
THR-01885,EVT-012234,2026-09-20T00:32:00,Password Spray,HIGH,0.804,57.6,MONITORING
THR-01886,EVT-017419,2026-09-23T23:51:00,Network Scan,MEDIUM,0.876,68.6,NEW
THR-01887,EVT-007839,2026-09-27T20:00:00,Password Spray,HIGH,0.833,66.9,NEW
THR-01888,EVT-004845,2026-09-04T06:54:00,Process Anomaly,HIGH,0.904,82.3,INVESTIGATING
THR-01889,EVT-023830,2026-09-05T11:00:00,Mass File Modification,CRITICAL,0.762,91.3,NEW
THR-01890,EVT-021172,2026-09-11T07:46:00,Network Scan,MEDIUM,0.78,98.1,INVESTIGATING
THR-01891,EVT-022398,2026-09-14T14:43:00,Internal Login Burst,CRITICAL,0.841,60.1,CONTAINED
THR-01892,EVT-006016,2026-09-15T15:29:00,Ransomware-like Activity,CRITICAL,0.708,64.1,MONITORING
THR-01893,EVT-022824,2026-09-19T04:20:00,Remote Service,CRITICAL,0.801,50.4,NEW
THR-01894,EVT-004503,2026-09-26T14:22:00,Script Activity,HIGH,0.735,48.2,INVESTIGATING
THR-01895,EVT-001176,2026-09-18T04:43:00,New Service,HIGH,0.731,97.2,INVESTIGATING
THR-01896,EVT-028782,2026-09-11T20:16:00,Remote Service,CRITICAL,0.812,80.0,CONTAINED
THR-01897,EVT-010485,2026-09-04T15:53:00,Archive Transfer,CRITICAL,0.745,66.3,NEW
THR-01898,EVT-027943,2026-09-19T14:06:00,Suspicious External Connection,HIGH,0.987,96.1,MONITORING
THR-01899,EVT-027954,2026-09-15T18:23:00,Exploit Attempt,HIGH,0.925,53.4,CONTAINED
THR-01900,EVT-010513,2026-09-09T06:59:00,Registry Change,HIGH,0.842,89.5,INVESTIGATING
THR-01901,EVT-016124,2026-09-10T18:48:00,Service Disruption,CRITICAL,0.752,72.7,INVESTIGATING
THR-01902,EVT-006448,2026-09-13T10:01:00,Remote Service,CRITICAL,0.781,98.4,INVESTIGATING
THR-01903,EVT-009228,2026-09-02T19:04:00,Port Scan,MEDIUM,0.94,46.1,MONITORING
THR-01904,EVT-024266,2026-09-14T00:13:00,Port Scan,MEDIUM,0.858,91.1,MONITORING
THR-01905,EVT-016907,2026-09-18T23:47:00,Phishing Link,HIGH,0.93,46.4,CONTAINED
THR-01906,EVT-016395,2026-09-26T16:51:00,Command Execution,HIGH,0.786,87.6,MONITORING
THR-01907,EVT-022155,2026-09-13T04:37:00,Remote Service,CRITICAL,0.887,96.4,CONTAINED
THR-01908,EVT-022082,2026-09-26T16:24:00,Registry Change,HIGH,0.959,55.3,MONITORING
THR-01909,EVT-009473,2026-09-14T15:03:00,Password Spray,HIGH,0.768,60.8,NEW
THR-01910,EVT-026507,2026-09-19T01:00:00,RDP Activity,CRITICAL,0.758,53.9,NEW
THR-01911,EVT-009145,2026-09-27T17:56:00,Service Disruption,CRITICAL,0.907,51.8,MONITORING
THR-01912,EVT-017469,2026-09-23T21:31:00,Archive Transfer,CRITICAL,0.885,48.5,MONITORING
THR-01913,EVT-021181,2026-09-08T04:05:00,Archive Transfer,CRITICAL,0.952,74.0,MONITORING
THR-01914,EVT-025691,2026-09-01T07:42:00,Password Spray,HIGH,0.794,97.6,CONTAINED
THR-01915,EVT-023043,2026-09-23T06:47:00,Exploit Attempt,HIGH,0.953,67.2,NEW
THR-01916,EVT-005631,2026-09-11T00:34:00,Exploit Attempt,HIGH,0.908,56.3,CONTAINED
THR-01917,EVT-019037,2026-09-08T05:22:00,New Service,HIGH,0.932,49.6,INVESTIGATING
THR-01918,EVT-002734,2026-09-21T20:50:00,Unusual Upload,CRITICAL,0.819,50.0,NEW
THR-01919,EVT-023352,2026-09-10T21:36:00,Phishing Link,HIGH,0.898,57.6,NEW
THR-01920,EVT-019625,2026-09-20T09:57:00,Network Scan,MEDIUM,0.818,94.9,MONITORING
THR-01921,EVT-008287,2026-09-09T08:56:00,SMB Activity,CRITICAL,0.957,92.4,NEW
THR-01922,EVT-004693,2026-09-16T09:11:00,Brute Force,HIGH,0.945,89.7,CONTAINED
THR-01923,EVT-012128,2026-09-26T21:55:00,Network Scan,MEDIUM,0.845,74.6,CONTAINED
THR-01924,EVT-013475,2026-09-13T23:54:00,Command Execution,HIGH,0.909,66.4,INVESTIGATING
THR-01925,EVT-001920,2026-09-27T06:11:00,RDP Activity,CRITICAL,0.9,93.9,INVESTIGATING
THR-01926,EVT-014639,2026-09-14T06:49:00,Service Enumeration,MEDIUM,0.963,64.2,CONTAINED
THR-01927,EVT-009257,2026-09-07T17:39:00,Exploit Attempt,HIGH,0.985,79.4,NEW
THR-01928,EVT-025115,2026-09-13T20:47:00,New Service,HIGH,0.873,64.0,MONITORING
THR-01929,EVT-029426,2026-09-19T14:39:00,Phishing Link,HIGH,0.976,75.9,NEW
THR-01930,EVT-001787,2026-09-06T18:28:00,Command Execution,HIGH,0.716,93.7,MONITORING
THR-01931,EVT-014462,2026-09-20T22:15:00,SMB Activity,CRITICAL,0.777,62.6,MONITORING
THR-01932,EVT-011737,2026-09-01T06:00:00,New Service,HIGH,0.911,98.1,INVESTIGATING
THR-01933,EVT-002605,2026-09-07T14:08:00,Suspicious Login,HIGH,0.95,66.7,MONITORING
THR-01934,EVT-013176,2026-09-14T01:41:00,Service Enumeration,MEDIUM,0.94,52.1,NEW
THR-01935,EVT-020203,2026-09-08T08:29:00,Suspicious External Connection,HIGH,0.759,88.9,NEW
THR-01936,EVT-016029,2026-09-05T16:14:00,Service Enumeration,MEDIUM,0.831,71.0,MONITORING
THR-01937,EVT-004532,2026-09-17T23:32:00,Brute Force,HIGH,0.798,65.3,INVESTIGATING
THR-01938,EVT-021113,2026-09-21T12:09:00,Remote Service,CRITICAL,0.758,92.9,INVESTIGATING
THR-01939,EVT-023950,2026-09-08T09:36:00,Credential Stuffing,HIGH,0.781,89.2,MONITORING
THR-01940,EVT-008415,2026-09-21T12:34:00,Process Anomaly,HIGH,0.791,71.8,NEW
THR-01941,EVT-009667,2026-09-20T21:22:00,Archive Transfer,CRITICAL,0.855,62.0,CONTAINED
THR-01942,EVT-007003,2026-09-12T05:36:00,Phishing Link,HIGH,0.965,63.7,CONTAINED
THR-01943,EVT-008936,2026-09-09T04:51:00,Password Spray,HIGH,0.907,67.9,CONTAINED
THR-01944,EVT-001189,2026-09-04T16:56:00,Ransomware-like Activity,CRITICAL,0.948,96.5,CONTAINED
THR-01945,EVT-011826,2026-09-15T12:50:00,Port Scan,MEDIUM,0.92,96.3,CONTAINED
THR-01946,EVT-029384,2026-09-12T00:46:00,Archive Transfer,CRITICAL,0.901,74.6,INVESTIGATING
THR-01947,EVT-002530,2026-09-26T02:33:00,Large Outbound Transfer,CRITICAL,0.809,97.4,CONTAINED
THR-01948,EVT-010777,2026-09-23T14:41:00,Network Scan,MEDIUM,0.835,77.6,CONTAINED
THR-01949,EVT-013893,2026-09-26T05:40:00,Ransomware-like Activity,CRITICAL,0.961,56.2,CONTAINED
THR-01950,EVT-017868,2026-09-27T21:02:00,Phishing Link,HIGH,0.866,76.9,CONTAINED
THR-01951,EVT-024415,2026-09-12T07:12:00,Suspicious Login,HIGH,0.754,80.8,INVESTIGATING
THR-01952,EVT-004399,2026-09-02T09:20:00,Registry Change,HIGH,0.808,82.6,INVESTIGATING
THR-01953,EVT-016945,2026-09-14T21:25:00,Brute Force,HIGH,0.936,91.6,CONTAINED
THR-01954,EVT-014219,2026-09-14T21:17:00,Network Scan,MEDIUM,0.803,98.7,NEW
THR-01955,EVT-018184,2026-09-05T02:18:00,Exploit Attempt,HIGH,0.966,63.7,INVESTIGATING
THR-01956,EVT-027431,2026-09-03T16:56:00,Password Spray,HIGH,0.75,57.1,NEW
THR-01957,EVT-013868,2026-09-14T01:15:00,Brute Force,HIGH,0.933,58.8,MONITORING
THR-01958,EVT-020804,2026-09-14T02:48:00,Suspicious External Connection,HIGH,0.706,88.0,CONTAINED
THR-01959,EVT-002519,2026-09-12T02:51:00,Suspicious Login,HIGH,0.89,46.5,INVESTIGATING
THR-01960,EVT-006453,2026-09-13T08:56:00,Service Enumeration,MEDIUM,0.94,74.6,NEW
THR-01961,EVT-023308,2026-09-05T02:55:00,SMB Activity,CRITICAL,0.736,68.4,CONTAINED
THR-01962,EVT-020701,2026-09-03T02:25:00,Credential Stuffing,HIGH,0.828,84.1,CONTAINED
THR-01963,EVT-015181,2026-09-05T17:57:00,Password Spray,HIGH,0.928,82.8,CONTAINED
THR-01964,EVT-029626,2026-09-14T05:38:00,Exploit Attempt,HIGH,0.978,47.2,MONITORING
THR-01965,EVT-019999,2026-09-22T11:34:00,Exploit Attempt,HIGH,0.846,93.4,MONITORING
THR-01966,EVT-013526,2026-09-08T05:44:00,Ransomware-like Activity,CRITICAL,0.908,81.8,NEW
THR-01967,EVT-022316,2026-09-11T02:38:00,Network Scan,MEDIUM,0.79,80.8,CONTAINED
THR-01968,EVT-016319,2026-09-02T03:02:00,Credential Stuffing,HIGH,0.873,68.3,INVESTIGATING
THR-01969,EVT-010712,2026-09-16T06:44:00,Registry Change,HIGH,0.961,91.7,CONTAINED
THR-01970,EVT-009183,2026-09-15T20:38:00,Network Scan,MEDIUM,0.946,66.9,MONITORING
THR-01971,EVT-006256,2026-09-05T00:42:00,Service Disruption,CRITICAL,0.741,75.3,NEW
THR-01972,EVT-002228,2026-09-06T13:14:00,Port Scan,MEDIUM,0.935,72.3,INVESTIGATING
THR-01973,EVT-022700,2026-09-16T20:44:00,Registry Change,HIGH,0.817,78.2,CONTAINED
THR-01974,EVT-009040,2026-09-13T02:02:00,Archive Transfer,CRITICAL,0.927,66.3,MONITORING
THR-01975,EVT-007456,2026-09-10T07:20:00,Network Scan,MEDIUM,0.714,92.7,INVESTIGATING
THR-01976,EVT-000824,2026-09-12T03:36:00,Credential Stuffing,HIGH,0.872,98.8,NEW
THR-01977,EVT-011542,2026-09-10T10:19:00,Archive Transfer,CRITICAL,0.819,81.0,INVESTIGATING
THR-01978,EVT-020406,2026-09-12T20:04:00,Script Activity,HIGH,0.85,76.8,MONITORING
THR-01979,EVT-009483,2026-09-08T03:19:00,Port Scan,MEDIUM,0.703,63.1,CONTAINED
THR-01980,EVT-015252,2026-09-23T18:39:00,Registry Change,HIGH,0.818,48.2,INVESTIGATING
THR-01981,EVT-020595,2026-09-24T15:39:00,Unusual Upload,CRITICAL,0.788,51.8,NEW
THR-01982,EVT-016439,2026-09-03T08:35:00,Phishing Link,HIGH,0.71,95.7,INVESTIGATING
THR-01983,EVT-012482,2026-09-15T14:18:00,Archive Transfer,CRITICAL,0.798,82.4,CONTAINED
THR-01984,EVT-018726,2026-09-15T15:16:00,Ransomware-like Activity,CRITICAL,0.978,50.8,NEW
THR-01985,EVT-029040,2026-09-08T18:38:00,Password Spray,HIGH,0.77,94.4,INVESTIGATING
THR-01986,EVT-016004,2026-09-25T23:04:00,Large Outbound Transfer,CRITICAL,0.94,82.2,CONTAINED
THR-01987,EVT-017233,2026-09-04T10:01:00,Large Outbound Transfer,CRITICAL,0.913,56.0,NEW
THR-01988,EVT-019869,2026-09-01T20:13:00,Port Scan,MEDIUM,0.758,85.7,INVESTIGATING
THR-01989,EVT-009892,2026-09-17T22:23:00,Password Spray,HIGH,0.883,80.5,INVESTIGATING
THR-01990,EVT-003162,2026-09-13T00:12:00,Port Scan,MEDIUM,0.945,68.3,NEW
THR-01991,EVT-020448,2026-09-19T03:15:00,Process Anomaly,HIGH,0.939,47.1,INVESTIGATING
THR-01992,EVT-010451,2026-09-12T02:29:00,Service Disruption,CRITICAL,0.739,47.0,MONITORING
THR-01993,EVT-024945,2026-09-23T16:52:00,Suspicious External Connection,HIGH,0.916,52.0,CONTAINED
THR-01994,EVT-000035,2026-09-03T04:35:00,Password Spray,HIGH,0.729,88.6,NEW
THR-01995,EVT-027465,2026-09-16T15:35:00,Process Anomaly,HIGH,0.926,60.2,MONITORING
THR-01996,EVT-016660,2026-09-17T07:19:00,Scheduled Task,HIGH,0.799,84.2,INVESTIGATING
THR-01997,EVT-023740,2026-09-04T05:27:00,Exploit Attempt,HIGH,0.875,64.3,NEW
THR-01998,EVT-017213,2026-09-27T12:08:00,Suspicious External Connection,HIGH,0.747,64.0,NEW
THR-01999,EVT-023762,2026-09-06T19:03:00,Large Outbound Transfer,CRITICAL,0.784,72.4,NEW
THR-02000,EVT-009866,2026-09-17T10:27:00,Network Scan,MEDIUM,0.987,69.3,CONTAINED
THR-02001,EVT-019003,2026-09-06T12:35:00,Ransomware-like Activity,CRITICAL,0.84,85.3,MONITORING
THR-02002,EVT-016706,2026-09-23T19:55:00,Suspicious External Connection,HIGH,0.987,91.2,INVESTIGATING
THR-02003,EVT-027408,2026-09-09T21:13:00,SMB Activity,CRITICAL,0.879,65.5,INVESTIGATING
THR-02004,EVT-000393,2026-09-21T07:51:00,Password Spray,HIGH,0.891,62.8,MONITORING
THR-02005,EVT-029634,2026-09-09T09:11:00,RDP Activity,CRITICAL,0.732,79.7,INVESTIGATING
THR-02006,EVT-007633,2026-09-08T08:44:00,Unusual Upload,CRITICAL,0.94,58.7,MONITORING
THR-02007,EVT-020318,2026-09-19T05:04:00,Phishing Link,HIGH,0.939,50.5,NEW
THR-02008,EVT-006772,2026-09-07T03:49:00,Command Execution,HIGH,0.879,80.3,INVESTIGATING
THR-02009,EVT-021888,2026-09-08T13:59:00,Suspicious Login,HIGH,0.848,85.3,CONTAINED
THR-02010,EVT-021145,2026-09-21T05:05:00,Unusual Upload,CRITICAL,0.755,60.3,CONTAINED
THR-02011,EVT-017749,2026-09-24T04:39:00,Credential Stuffing,HIGH,0.834,53.6,CONTAINED
THR-02012,EVT-017452,2026-09-23T02:53:00,Large Outbound Transfer,CRITICAL,0.985,79.5,NEW
THR-02013,EVT-005150,2026-09-11T01:19:00,Port Scan,MEDIUM,0.897,82.5,NEW
THR-02014,EVT-026784,2026-09-06T03:15:00,Command Execution,HIGH,0.896,77.0,INVESTIGATING
THR-02015,EVT-021858,2026-09-24T02:08:00,Internal Login Burst,CRITICAL,0.903,97.9,INVESTIGATING
THR-02016,EVT-022334,2026-09-03T08:41:00,Exploit Attempt,HIGH,0.705,73.2,INVESTIGATING
THR-02017,EVT-018150,2026-09-06T14:32:00,Command Execution,HIGH,0.782,54.3,MONITORING
THR-02018,EVT-023571,2026-09-20T02:33:00,Mass File Modification,CRITICAL,0.77,57.6,INVESTIGATING
THR-02019,EVT-016731,2026-09-14T22:01:00,Remote Service,CRITICAL,0.961,63.9,CONTAINED
THR-02020,EVT-023645,2026-09-22T04:11:00,Script Activity,HIGH,0.725,69.1,INVESTIGATING
THR-02021,EVT-007015,2026-09-09T21:48:00,Internal Login Burst,CRITICAL,0.863,77.2,CONTAINED
THR-02022,EVT-004443,2026-09-03T20:27:00,Mass File Modification,CRITICAL,0.973,86.6,MONITORING
THR-02023,EVT-003120,2026-09-14T00:12:00,Credential Stuffing,HIGH,0.954,93.0,MONITORING
THR-02024,EVT-009381,2026-09-25T14:46:00,Service Disruption,CRITICAL,0.78,61.4,INVESTIGATING
THR-02025,EVT-028051,2026-09-26T13:54:00,Service Enumeration,MEDIUM,0.895,89.3,INVESTIGATING
THR-02026,EVT-024290,2026-09-14T23:15:00,SMB Activity,CRITICAL,0.93,48.9,NEW
THR-02027,EVT-027667,2026-09-10T06:17:00,Registry Change,HIGH,0.81,94.2,MONITORING
THR-02028,EVT-018942,2026-09-03T10:17:00,Command Execution,HIGH,0.947,88.2,CONTAINED
THR-02029,EVT-027510,2026-09-24T21:58:00,Script Activity,HIGH,0.745,67.4,NEW
THR-02030,EVT-014062,2026-09-04T12:44:00,Command Execution,HIGH,0.846,62.0,CONTAINED
THR-02031,EVT-027906,2026-09-20T10:34:00,SMB Activity,CRITICAL,0.921,47.4,MONITORING
THR-02032,EVT-009439,2026-09-09T05:40:00,Script Activity,HIGH,0.98,84.4,INVESTIGATING
THR-02033,EVT-025498,2026-09-08T11:10:00,Port Scan,MEDIUM,0.809,62.2,INVESTIGATING
THR-02034,EVT-025795,2026-09-27T01:46:00,Mass File Modification,CRITICAL,0.963,70.3,CONTAINED
THR-02035,EVT-008611,2026-09-06T22:52:00,Suspicious External Connection,HIGH,0.808,73.9,MONITORING
THR-02036,EVT-018213,2026-09-13T05:40:00,Registry Change,HIGH,0.972,74.9,NEW
THR-02037,EVT-028346,2026-09-02T01:35:00,Exploit Attempt,HIGH,0.763,85.3,MONITORING
THR-02038,EVT-007542,2026-09-03T09:08:00,Credential Stuffing,HIGH,0.759,54.1,MONITORING
THR-02039,EVT-019572,2026-09-02T01:04:00,Script Activity,HIGH,0.831,45.1,CONTAINED
THR-02040,EVT-009952,2026-09-24T09:55:00,Port Scan,MEDIUM,0.958,82.0,CONTAINED
THR-02041,EVT-008322,2026-09-22T15:24:00,Password Spray,HIGH,0.939,52.0,CONTAINED
THR-02042,EVT-002619,2026-09-02T18:58:00,Internal Login Burst,CRITICAL,0.887,81.3,NEW
THR-02043,EVT-024425,2026-09-16T18:25:00,Remote Service,CRITICAL,0.736,94.5,MONITORING
THR-02044,EVT-021520,2026-09-16T07:18:00,Network Scan,MEDIUM,0.785,61.8,INVESTIGATING
THR-02045,EVT-023242,2026-09-19T19:54:00,Service Enumeration,MEDIUM,0.969,96.6,MONITORING
THR-02046,EVT-009393,2026-09-16T21:31:00,Service Disruption,CRITICAL,0.923,55.3,INVESTIGATING
THR-02047,EVT-023056,2026-09-05T04:08:00,Network Scan,MEDIUM,0.766,94.7,MONITORING
THR-02048,EVT-022126,2026-09-09T20:20:00,Scheduled Task,HIGH,0.982,49.9,NEW
THR-02049,EVT-001473,2026-09-08T07:06:00,Ransomware-like Activity,CRITICAL,0.719,46.1,CONTAINED
THR-02050,EVT-014297,2026-09-20T09:33:00,Brute Force,HIGH,0.901,56.0,INVESTIGATING
THR-02051,EVT-028027,2026-09-21T08:56:00,Suspicious External Connection,HIGH,0.981,50.7,INVESTIGATING
THR-02052,EVT-014523,2026-09-17T06:25:00,Password Spray,HIGH,0.924,77.5,INVESTIGATING
THR-02053,EVT-001979,2026-09-16T22:15:00,Mass File Modification,CRITICAL,0.743,83.4,INVESTIGATING
THR-02054,EVT-015360,2026-09-23T19:32:00,Script Activity,HIGH,0.747,52.5,INVESTIGATING
THR-02055,EVT-002529,2026-09-01T19:00:00,Mass File Modification,CRITICAL,0.813,51.9,CONTAINED
THR-02056,EVT-026605,2026-09-25T11:52:00,Suspicious External Connection,HIGH,0.726,69.6,MONITORING
THR-02057,EVT-016779,2026-09-21T12:37:00,Phishing Link,HIGH,0.898,90.1,MONITORING
THR-02058,EVT-000479,2026-09-26T12:47:00,Service Disruption,CRITICAL,0.703,77.4,NEW
THR-02059,EVT-001235,2026-09-20T23:30:00,Password Spray,HIGH,0.913,89.7,INVESTIGATING
THR-02060,EVT-028095,2026-09-09T00:10:00,Phishing Link,HIGH,0.871,85.1,MONITORING
THR-02061,EVT-002788,2026-09-04T14:08:00,RDP Activity,CRITICAL,0.91,76.0,INVESTIGATING
THR-02062,EVT-020067,2026-09-09T16:03:00,Archive Transfer,CRITICAL,0.856,65.3,NEW
THR-02063,EVT-019663,2026-09-16T23:31:00,RDP Activity,CRITICAL,0.957,72.6,INVESTIGATING
THR-02064,EVT-013504,2026-09-23T06:19:00,New Service,HIGH,0.71,97.5,MONITORING
THR-02065,EVT-026741,2026-09-07T00:38:00,Archive Transfer,CRITICAL,0.86,85.6,NEW
THR-02066,EVT-027190,2026-09-10T13:27:00,Credential Stuffing,HIGH,0.945,68.2,MONITORING
THR-02067,EVT-020822,2026-09-24T12:45:00,Service Disruption,CRITICAL,0.892,74.3,MONITORING
THR-02068,EVT-016193,2026-09-07T05:40:00,Scheduled Task,HIGH,0.887,67.3,INVESTIGATING
THR-02069,EVT-015255,2026-09-05T15:10:00,Mass File Modification,CRITICAL,0.789,63.3,NEW
THR-02070,EVT-012839,2026-09-19T21:27:00,Archive Transfer,CRITICAL,0.809,75.1,MONITORING
THR-02071,EVT-012763,2026-09-20T17:46:00,Process Anomaly,HIGH,0.854,64.8,CONTAINED
THR-02072,EVT-016426,2026-09-03T10:06:00,Network Scan,MEDIUM,0.903,96.4,CONTAINED
THR-02073,EVT-008926,2026-09-01T08:35:00,Credential Stuffing,HIGH,0.842,94.9,MONITORING
THR-02074,EVT-008612,2026-09-15T08:30:00,Mass File Modification,CRITICAL,0.741,52.0,INVESTIGATING
THR-02075,EVT-018388,2026-09-22T06:40:00,Credential Stuffing,HIGH,0.831,65.4,INVESTIGATING
THR-02076,EVT-022954,2026-09-14T00:54:00,New Service,HIGH,0.751,47.2,MONITORING
THR-02077,EVT-009624,2026-09-26T06:27:00,Network Scan,MEDIUM,0.948,86.4,NEW
THR-02078,EVT-003539,2026-09-20T23:16:00,Service Enumeration,MEDIUM,0.932,88.5,NEW
THR-02079,EVT-007122,2026-09-21T00:38:00,Command Execution,HIGH,0.814,63.8,INVESTIGATING
THR-02080,EVT-027705,2026-09-11T08:12:00,New Service,HIGH,0.928,65.2,NEW
THR-02081,EVT-013464,2026-09-13T01:16:00,Credential Stuffing,HIGH,0.805,98.6,MONITORING
THR-02082,EVT-001571,2026-09-20T19:30:00,Remote Service,CRITICAL,0.807,87.5,CONTAINED
THR-02083,EVT-026448,2026-09-21T18:39:00,New Service,HIGH,0.806,77.5,MONITORING
THR-02084,EVT-005525,2026-09-23T22:43:00,Remote Service,CRITICAL,0.753,58.9,MONITORING
THR-02085,EVT-002465,2026-09-08T21:06:00,Network Scan,MEDIUM,0.89,67.9,CONTAINED
THR-02086,EVT-024941,2026-09-21T20:57:00,Service Enumeration,MEDIUM,0.79,82.0,CONTAINED
THR-02087,EVT-008444,2026-09-10T23:14:00,Service Enumeration,MEDIUM,0.7,67.3,CONTAINED
THR-02088,EVT-022258,2026-09-25T10:30:00,Scheduled Task,HIGH,0.962,45.3,MONITORING
THR-02089,EVT-000991,2026-09-18T01:52:00,Suspicious Login,HIGH,0.75,84.7,CONTAINED
THR-02090,EVT-003801,2026-09-18T15:41:00,Service Enumeration,MEDIUM,0.711,46.4,NEW
THR-02091,EVT-018938,2026-09-04T13:50:00,Service Enumeration,MEDIUM,0.977,88.8,NEW
THR-02092,EVT-020479,2026-09-21T04:01:00,Large Outbound Transfer,CRITICAL,0.987,59.0,CONTAINED
THR-02093,EVT-009267,2026-09-22T16:36:00,Internal Login Burst,CRITICAL,0.945,77.0,MONITORING
THR-02094,EVT-020734,2026-09-23T08:36:00,SMB Activity,CRITICAL,0.826,50.3,NEW
THR-02095,EVT-002021,2026-09-14T20:10:00,SMB Activity,CRITICAL,0.756,63.0,CONTAINED
THR-02096,EVT-013900,2026-09-09T21:01:00,RDP Activity,CRITICAL,0.822,67.3,MONITORING
THR-02097,EVT-018171,2026-09-01T14:47:00,Service Enumeration,MEDIUM,0.812,75.6,INVESTIGATING
THR-02098,EVT-001884,2026-09-04T10:06:00,Internal Login Burst,CRITICAL,0.789,90.0,CONTAINED
THR-02099,EVT-021717,2026-09-10T04:57:00,Remote Service,CRITICAL,0.873,51.4,INVESTIGATING
THR-02100,EVT-020639,2026-09-06T01:52:00,Scheduled Task,HIGH,0.725,55.2,CONTAINED
THR-02101,EVT-022123,2026-09-16T07:14:00,Suspicious External Connection,HIGH,0.708,71.2,NEW
THR-02102,EVT-014199,2026-09-13T20:59:00,Suspicious Login,HIGH,0.92,65.5,INVESTIGATING
THR-02103,EVT-002765,2026-09-05T09:52:00,Internal Login Burst,CRITICAL,0.939,65.3,MONITORING
THR-02104,EVT-007777,2026-09-10T11:47:00,Network Scan,MEDIUM,0.92,50.7,CONTAINED
THR-02105,EVT-026160,2026-09-20T11:27:00,Unusual Upload,CRITICAL,0.849,92.7,INVESTIGATING
THR-02106,EVT-022439,2026-09-02T21:03:00,Credential Stuffing,HIGH,0.889,49.5,NEW
THR-02107,EVT-006959,2026-09-20T16:27:00,Unusual Upload,CRITICAL,0.718,98.0,INVESTIGATING
THR-02108,EVT-006543,2026-09-22T04:08:00,Service Enumeration,MEDIUM,0.857,83.9,NEW
THR-02109,EVT-014911,2026-09-07T12:30:00,Port Scan,MEDIUM,0.759,73.5,CONTAINED
THR-02110,EVT-026446,2026-09-18T01:20:00,Process Anomaly,HIGH,0.973,75.0,MONITORING
THR-02111,EVT-025642,2026-09-07T12:59:00,Suspicious Login,HIGH,0.785,57.8,MONITORING
THR-02112,EVT-019116,2026-09-18T19:16:00,Service Enumeration,MEDIUM,0.953,83.4,CONTAINED
THR-02113,EVT-029500,2026-09-16T18:05:00,SMB Activity,CRITICAL,0.754,74.9,MONITORING
THR-02114,EVT-026489,2026-09-10T09:36:00,Brute Force,HIGH,0.908,60.7,INVESTIGATING
THR-02115,EVT-026428,2026-09-12T14:09:00,RDP Activity,CRITICAL,0.927,94.5,CONTAINED
THR-02116,EVT-005138,2026-09-03T06:55:00,Service Disruption,CRITICAL,0.901,61.2,INVESTIGATING
THR-02117,EVT-016429,2026-09-05T09:06:00,Suspicious External Connection,HIGH,0.845,90.6,INVESTIGATING
THR-02118,EVT-003463,2026-09-14T14:31:00,Credential Stuffing,HIGH,0.825,51.2,INVESTIGATING
THR-02119,EVT-025881,2026-09-06T14:48:00,Credential Stuffing,HIGH,0.857,81.5,INVESTIGATING
THR-02120,EVT-005709,2026-09-26T02:16:00,Port Scan,MEDIUM,0.818,66.3,MONITORING
THR-02121,EVT-002621,2026-09-21T01:13:00,Internal Login Burst,CRITICAL,0.745,97.2,MONITORING
THR-02122,EVT-022576,2026-09-24T03:19:00,Mass File Modification,CRITICAL,0.881,51.5,NEW
THR-02123,EVT-021235,2026-09-19T07:57:00,Script Activity,HIGH,0.884,83.5,CONTAINED
THR-02124,EVT-006069,2026-09-03T21:08:00,Network Scan,MEDIUM,0.987,98.4,NEW
THR-02125,EVT-007553,2026-09-22T19:56:00,Network Scan,MEDIUM,0.723,56.1,INVESTIGATING
THR-02126,EVT-024471,2026-09-01T04:13:00,Internal Login Burst,CRITICAL,0.751,51.1,MONITORING
THR-02127,EVT-010401,2026-09-14T04:04:00,Password Spray,HIGH,0.762,93.1,MONITORING
THR-02128,EVT-002860,2026-09-13T08:01:00,Mass File Modification,CRITICAL,0.975,92.6,MONITORING
THR-02129,EVT-002102,2026-09-05T10:40:00,Scheduled Task,HIGH,0.94,77.3,INVESTIGATING
THR-02130,EVT-002342,2026-09-06T07:49:00,Service Enumeration,MEDIUM,0.95,53.6,MONITORING
THR-02131,EVT-016974,2026-09-09T17:39:00,Remote Service,CRITICAL,0.723,67.5,CONTAINED
THR-02132,EVT-002178,2026-09-02T02:56:00,Service Disruption,CRITICAL,0.85,72.6,INVESTIGATING
THR-02133,EVT-023483,2026-09-02T05:43:00,Suspicious External Connection,HIGH,0.974,74.6,NEW
THR-02134,EVT-003623,2026-09-16T21:31:00,Remote Service,CRITICAL,0.761,77.3,NEW
THR-02135,EVT-016578,2026-09-12T09:14:00,Service Enumeration,MEDIUM,0.92,51.3,INVESTIGATING
THR-02136,EVT-012784,2026-09-12T17:00:00,Password Spray,HIGH,0.91,49.5,CONTAINED
THR-02137,EVT-016933,2026-09-21T16:57:00,Mass File Modification,CRITICAL,0.955,95.4,INVESTIGATING
THR-02138,EVT-027964,2026-09-01T09:34:00,Registry Change,HIGH,0.75,46.3,MONITORING
THR-02139,EVT-015450,2026-09-06T22:51:00,Unusual Upload,CRITICAL,0.729,68.3,INVESTIGATING
THR-02140,EVT-018940,2026-09-18T13:07:00,Registry Change,HIGH,0.883,73.1,INVESTIGATING
THR-02141,EVT-009245,2026-09-11T02:06:00,Mass File Modification,CRITICAL,0.842,53.3,MONITORING
THR-02142,EVT-019652,2026-09-04T08:37:00,Service Enumeration,MEDIUM,0.801,65.1,CONTAINED
THR-02143,EVT-010733,2026-09-23T00:10:00,Brute Force,HIGH,0.726,85.8,CONTAINED
THR-02144,EVT-007526,2026-09-12T13:42:00,Script Activity,HIGH,0.865,62.4,NEW
THR-02145,EVT-029313,2026-09-26T19:44:00,Phishing Link,HIGH,0.877,62.8,INVESTIGATING
THR-02146,EVT-004346,2026-09-24T20:13:00,Exploit Attempt,HIGH,0.821,91.7,NEW
THR-02147,EVT-003195,2026-09-03T21:41:00,Exploit Attempt,HIGH,0.895,64.6,MONITORING
THR-02148,EVT-020621,2026-09-19T11:27:00,Suspicious Login,HIGH,0.866,76.0,INVESTIGATING
THR-02149,EVT-019565,2026-09-09T03:53:00,Remote Service,CRITICAL,0.93,53.8,INVESTIGATING
THR-02150,EVT-011167,2026-09-02T20:21:00,Archive Transfer,CRITICAL,0.982,55.1,MONITORING
THR-02151,EVT-007919,2026-09-17T08:33:00,Password Spray,HIGH,0.901,72.6,MONITORING
THR-02152,EVT-015944,2026-09-11T06:40:00,Password Spray,HIGH,0.92,90.7,MONITORING
THR-02153,EVT-003404,2026-09-19T12:50:00,Phishing Link,HIGH,0.753,48.3,CONTAINED
THR-02154,EVT-000700,2026-09-16T01:41:00,Service Enumeration,MEDIUM,0.872,88.0,NEW
THR-02155,EVT-016750,2026-09-01T09:51:00,Network Scan,MEDIUM,0.917,90.8,INVESTIGATING
THR-02156,EVT-009581,2026-09-25T15:40:00,Remote Service,CRITICAL,0.767,80.2,CONTAINED
THR-02157,EVT-019717,2026-09-16T02:49:00,Mass File Modification,CRITICAL,0.925,97.2,INVESTIGATING
THR-02158,EVT-012568,2026-09-16T08:45:00,Credential Stuffing,HIGH,0.738,61.1,INVESTIGATING
THR-02159,EVT-012854,2026-09-24T04:13:00,SMB Activity,CRITICAL,0.929,55.7,NEW
THR-02160,EVT-028650,2026-09-03T06:06:00,Remote Service,CRITICAL,0.933,58.5,INVESTIGATING
THR-02161,EVT-014436,2026-09-19T08:36:00,Network Scan,MEDIUM,0.962,87.6,CONTAINED
THR-02162,EVT-015381,2026-09-19T01:31:00,Service Disruption,CRITICAL,0.853,53.0,CONTAINED
THR-02163,EVT-023954,2026-09-25T08:47:00,Unusual Upload,CRITICAL,0.776,78.8,NEW
THR-02164,EVT-010065,2026-09-13T11:05:00,Service Disruption,CRITICAL,0.856,70.6,MONITORING
THR-02165,EVT-023901,2026-09-06T17:48:00,Suspicious External Connection,HIGH,0.793,64.3,CONTAINED
THR-02166,EVT-023502,2026-09-20T00:49:00,Script Activity,HIGH,0.767,65.0,INVESTIGATING
THR-02167,EVT-000564,2026-09-12T20:09:00,Exploit Attempt,HIGH,0.731,70.0,NEW
THR-02168,EVT-025246,2026-09-21T01:14:00,Command Execution,HIGH,0.703,49.1,INVESTIGATING
THR-02169,EVT-010769,2026-09-15T11:36:00,Remote Service,CRITICAL,0.891,45.2,CONTAINED
THR-02170,EVT-020023,2026-09-01T15:08:00,Mass File Modification,CRITICAL,0.886,56.9,CONTAINED
THR-02171,EVT-006164,2026-09-23T23:36:00,Service Enumeration,MEDIUM,0.796,94.9,INVESTIGATING
THR-02172,EVT-010812,2026-09-20T23:52:00,Service Disruption,CRITICAL,0.879,72.8,CONTAINED
THR-02173,EVT-028408,2026-09-22T06:51:00,Unusual Upload,CRITICAL,0.906,91.7,MONITORING
THR-02174,EVT-016935,2026-09-23T12:56:00,Large Outbound Transfer,CRITICAL,0.758,95.9,MONITORING
THR-02175,EVT-026284,2026-09-27T17:19:00,Suspicious Login,HIGH,0.898,53.0,NEW
THR-02176,EVT-029143,2026-09-21T12:59:00,Exploit Attempt,HIGH,0.719,66.4,NEW
THR-02177,EVT-024799,2026-09-23T05:23:00,Port Scan,MEDIUM,0.964,96.9,CONTAINED
THR-02178,EVT-007914,2026-09-06T23:08:00,Command Execution,HIGH,0.92,98.3,INVESTIGATING
THR-02179,EVT-027308,2026-09-05T07:22:00,Process Anomaly,HIGH,0.989,65.6,CONTAINED
THR-02180,EVT-024180,2026-09-14T16:49:00,Password Spray,HIGH,0.815,89.0,MONITORING
THR-02181,EVT-020925,2026-09-23T11:52:00,Suspicious Login,HIGH,0.897,87.3,NEW
THR-02182,EVT-008676,2026-09-25T00:37:00,SMB Activity,CRITICAL,0.867,65.2,NEW
THR-02183,EVT-015064,2026-09-10T16:25:00,Mass File Modification,CRITICAL,0.751,76.7,CONTAINED
THR-02184,EVT-016645,2026-09-04T20:09:00,Large Outbound Transfer,CRITICAL,0.74,94.6,NEW
THR-02185,EVT-009638,2026-09-12T19:09:00,Brute Force,HIGH,0.844,94.2,CONTAINED
THR-02186,EVT-009281,2026-09-18T06:02:00,Network Scan,MEDIUM,0.923,94.9,CONTAINED
THR-02187,EVT-022302,2026-09-02T23:06:00,Phishing Link,HIGH,0.862,52.8,NEW
THR-02188,EVT-013673,2026-09-22T12:10:00,Service Enumeration,MEDIUM,0.898,88.5,CONTAINED
THR-02189,EVT-023321,2026-09-15T11:54:00,Password Spray,HIGH,0.751,67.2,MONITORING
THR-02190,EVT-028775,2026-09-23T20:54:00,Suspicious External Connection,HIGH,0.841,48.1,INVESTIGATING
THR-02191,EVT-012363,2026-09-01T01:09:00,Remote Service,CRITICAL,0.893,72.4,NEW
THR-02192,EVT-017623,2026-09-15T20:18:00,Network Scan,MEDIUM,0.888,45.0,INVESTIGATING
THR-02193,EVT-023087,2026-09-05T15:53:00,Remote Service,CRITICAL,0.886,84.9,NEW
THR-02194,EVT-006276,2026-09-03T03:32:00,Service Enumeration,MEDIUM,0.979,91.3,INVESTIGATING
THR-02195,EVT-020873,2026-09-13T08:20:00,Service Disruption,CRITICAL,0.722,61.4,INVESTIGATING
THR-02196,EVT-007355,2026-09-04T17:15:00,Command Execution,HIGH,0.967,65.0,MONITORING
THR-02197,EVT-021711,2026-09-08T05:33:00,Password Spray,HIGH,0.821,51.6,NEW
THR-02198,EVT-029730,2026-09-21T02:47:00,Remote Service,CRITICAL,0.872,98.8,INVESTIGATING
THR-02199,EVT-028713,2026-09-06T20:26:00,Network Scan,MEDIUM,0.881,62.4,CONTAINED
THR-02200,EVT-017405,2026-09-03T06:10:00,Suspicious Login,HIGH,0.854,72.4,NEW
THR-02201,EVT-023450,2026-09-08T19:40:00,RDP Activity,CRITICAL,0.953,58.2,INVESTIGATING
THR-02202,EVT-009232,2026-09-12T12:58:00,Phishing Link,HIGH,0.721,96.9,NEW
THR-02203,EVT-005227,2026-09-14T07:55:00,Service Enumeration,MEDIUM,0.92,61.7,INVESTIGATING
THR-02204,EVT-027896,2026-09-25T17:45:00,Brute Force,HIGH,0.939,47.9,INVESTIGATING
THR-02205,EVT-004949,2026-09-11T13:22:00,Suspicious Login,HIGH,0.729,96.2,NEW
THR-02206,EVT-002070,2026-09-20T08:12:00,Exploit Attempt,HIGH,0.9,88.4,MONITORING
THR-02207,EVT-004109,2026-09-04T10:19:00,Internal Login Burst,CRITICAL,0.705,92.0,NEW
THR-02208,EVT-005934,2026-09-10T21:30:00,Scheduled Task,HIGH,0.957,92.7,NEW
THR-02209,EVT-010298,2026-09-03T10:00:00,Mass File Modification,CRITICAL,0.784,76.9,NEW
THR-02210,EVT-000189,2026-09-20T15:18:00,RDP Activity,CRITICAL,0.727,56.9,MONITORING
THR-02211,EVT-004935,2026-09-07T17:06:00,Registry Change,HIGH,0.925,74.4,NEW
THR-02212,EVT-019758,2026-09-19T00:48:00,Suspicious External Connection,HIGH,0.897,87.2,MONITORING
THR-02213,EVT-017806,2026-09-09T23:37:00,Ransomware-like Activity,CRITICAL,0.936,45.4,CONTAINED
THR-02214,EVT-000474,2026-09-06T07:39:00,Suspicious Login,HIGH,0.791,65.9,INVESTIGATING
THR-02215,EVT-013026,2026-09-11T13:00:00,Command Execution,HIGH,0.959,49.3,NEW
THR-02216,EVT-000117,2026-09-21T18:18:00,Service Enumeration,MEDIUM,0.725,49.6,INVESTIGATING
THR-02217,EVT-028032,2026-09-01T02:57:00,Suspicious Login,HIGH,0.775,63.9,NEW
THR-02218,EVT-022147,2026-09-04T13:41:00,Network Scan,MEDIUM,0.898,80.0,CONTAINED
THR-02219,EVT-026629,2026-09-20T05:05:00,Suspicious Login,HIGH,0.811,46.3,INVESTIGATING
THR-02220,EVT-012303,2026-09-24T09:36:00,Port Scan,MEDIUM,0.837,63.5,NEW
THR-02221,EVT-022285,2026-09-15T15:36:00,RDP Activity,CRITICAL,0.751,64.8,INVESTIGATING
THR-02222,EVT-001022,2026-09-15T04:35:00,Command Execution,HIGH,0.775,61.7,CONTAINED
THR-02223,EVT-022801,2026-09-18T21:48:00,Archive Transfer,CRITICAL,0.966,74.1,INVESTIGATING
THR-02224,EVT-022475,2026-09-02T10:53:00,SMB Activity,CRITICAL,0.819,66.8,CONTAINED
THR-02225,EVT-021232,2026-09-20T08:36:00,Ransomware-like Activity,CRITICAL,0.948,64.7,CONTAINED
THR-02226,EVT-011989,2026-09-02T15:35:00,Suspicious Login,HIGH,0.835,80.3,NEW
THR-02227,EVT-005491,2026-09-15T07:56:00,New Service,HIGH,0.948,58.9,MONITORING
THR-02228,EVT-021996,2026-09-14T14:02:00,Suspicious External Connection,HIGH,0.738,85.5,CONTAINED
THR-02229,EVT-018413,2026-09-16T06:04:00,Phishing Link,HIGH,0.919,56.8,MONITORING
THR-02230,EVT-010409,2026-09-19T09:26:00,Remote Service,CRITICAL,0.968,61.7,NEW
THR-02231,EVT-000874,2026-09-09T12:06:00,Credential Stuffing,HIGH,0.727,93.1,INVESTIGATING
THR-02232,EVT-006350,2026-09-05T15:47:00,Phishing Link,HIGH,0.733,87.7,INVESTIGATING
THR-02233,EVT-026518,2026-09-21T19:38:00,Suspicious Login,HIGH,0.772,72.8,NEW
THR-02234,EVT-005382,2026-09-15T02:05:00,Service Enumeration,MEDIUM,0.843,80.9,CONTAINED
THR-02235,EVT-014503,2026-09-16T20:13:00,Brute Force,HIGH,0.987,85.0,MONITORING
THR-02236,EVT-004719,2026-09-14T00:35:00,Process Anomaly,HIGH,0.753,76.9,INVESTIGATING
THR-02237,EVT-017647,2026-09-11T21:43:00,Suspicious Login,HIGH,0.836,57.8,MONITORING
THR-02238,EVT-021335,2026-09-04T20:26:00,Service Enumeration,MEDIUM,0.791,66.2,MONITORING
THR-02239,EVT-024039,2026-09-22T03:02:00,Network Scan,MEDIUM,0.987,71.8,INVESTIGATING
THR-02240,EVT-018711,2026-09-10T21:45:00,Password Spray,HIGH,0.782,68.5,MONITORING
THR-02241,EVT-007915,2026-09-22T23:57:00,Mass File Modification,CRITICAL,0.837,52.9,INVESTIGATING
THR-02242,EVT-018701,2026-09-24T16:11:00,Password Spray,HIGH,0.713,84.2,INVESTIGATING
THR-02243,EVT-024775,2026-09-21T11:04:00,Brute Force,HIGH,0.777,95.3,INVESTIGATING
THR-02244,EVT-000730,2026-09-27T02:49:00,Network Scan,MEDIUM,0.779,85.0,NEW
THR-02245,EVT-003794,2026-09-24T10:56:00,Network Scan,MEDIUM,0.84,60.2,MONITORING
THR-02246,EVT-001753,2026-09-06T14:36:00,Suspicious External Connection,HIGH,0.791,51.7,MONITORING
THR-02247,EVT-004171,2026-09-27T08:50:00,Suspicious Login,HIGH,0.934,48.9,CONTAINED
THR-02248,EVT-012686,2026-09-25T01:50:00,Exploit Attempt,HIGH,0.98,90.0,MONITORING
THR-02249,EVT-001345,2026-09-10T02:48:00,Exploit Attempt,HIGH,0.969,71.2,MONITORING
THR-02250,EVT-002709,2026-09-24T03:55:00,Command Execution,HIGH,0.915,77.0,MONITORING
THR-02251,EVT-024218,2026-09-23T22:16:00,Service Enumeration,MEDIUM,0.872,88.7,MONITORING
THR-02252,EVT-004953,2026-09-24T06:19:00,Archive Transfer,CRITICAL,0.957,45.6,MONITORING
THR-02253,EVT-011890,2026-09-11T11:33:00,Large Outbound Transfer,CRITICAL,0.758,79.5,CONTAINED
THR-02254,EVT-020670,2026-09-09T10:50:00,Network Scan,MEDIUM,0.882,46.7,MONITORING
THR-02255,EVT-027061,2026-09-06T20:51:00,Phishing Link,HIGH,0.772,56.5,INVESTIGATING
THR-02256,EVT-011442,2026-09-09T12:08:00,Port Scan,MEDIUM,0.9,73.4,MONITORING
THR-02257,EVT-006484,2026-09-19T11:00:00,Command Execution,HIGH,0.864,82.7,MONITORING
THR-02258,EVT-008600,2026-09-04T20:38:00,Process Anomaly,HIGH,0.935,94.4,INVESTIGATING
THR-02259,EVT-012655,2026-09-10T01:11:00,Exploit Attempt,HIGH,0.968,69.5,NEW
THR-02260,EVT-013974,2026-09-16T08:40:00,Service Disruption,CRITICAL,0.778,63.1,MONITORING
THR-02261,EVT-029054,2026-09-19T02:46:00,Ransomware-like Activity,CRITICAL,0.774,74.7,NEW
THR-02262,EVT-026227,2026-09-23T05:49:00,Phishing Link,HIGH,0.851,92.4,NEW
THR-02263,EVT-022535,2026-09-24T02:13:00,Command Execution,HIGH,0.914,80.1,CONTAINED
THR-02264,EVT-008587,2026-09-03T04:05:00,Suspicious Login,HIGH,0.828,53.2,INVESTIGATING
THR-02265,EVT-018060,2026-09-15T09:42:00,Password Spray,HIGH,0.946,85.9,INVESTIGATING
THR-02266,EVT-008308,2026-09-12T18:06:00,Suspicious External Connection,HIGH,0.799,49.1,INVESTIGATING
THR-02267,EVT-006348,2026-09-11T00:34:00,Password Spray,HIGH,0.768,71.4,MONITORING
THR-02268,EVT-018131,2026-09-22T01:19:00,Internal Login Burst,CRITICAL,0.921,86.5,INVESTIGATING
THR-02269,EVT-004273,2026-09-26T23:19:00,Brute Force,HIGH,0.945,67.2,NEW
THR-02270,EVT-015806,2026-09-16T12:03:00,Mass File Modification,CRITICAL,0.75,98.2,MONITORING
THR-02271,EVT-016962,2026-09-07T13:28:00,Suspicious Login,HIGH,0.944,70.1,CONTAINED
THR-02272,EVT-014793,2026-09-16T23:43:00,RDP Activity,CRITICAL,0.816,98.2,MONITORING
THR-02273,EVT-016433,2026-09-24T15:12:00,Internal Login Burst,CRITICAL,0.786,65.3,MONITORING
THR-02274,EVT-014936,2026-09-05T16:28:00,Phishing Link,HIGH,0.726,49.4,INVESTIGATING
THR-02275,EVT-000743,2026-09-19T17:13:00,SMB Activity,CRITICAL,0.7,85.4,CONTAINED
THR-02276,EVT-012194,2026-09-19T11:04:00,Mass File Modification,CRITICAL,0.885,92.4,NEW
THR-02277,EVT-015280,2026-09-18T02:14:00,New Service,HIGH,0.957,93.9,NEW
THR-02278,EVT-014650,2026-09-11T10:05:00,Network Scan,MEDIUM,0.864,79.0,CONTAINED
THR-02279,EVT-014114,2026-09-07T19:14:00,Process Anomaly,HIGH,0.791,63.6,MONITORING
THR-02280,EVT-019584,2026-09-22T20:04:00,New Service,HIGH,0.744,57.9,INVESTIGATING
THR-02281,EVT-012769,2026-09-23T21:47:00,Suspicious Login,HIGH,0.858,89.7,NEW
THR-02282,EVT-009275,2026-09-19T10:14:00,Service Enumeration,MEDIUM,0.76,50.4,INVESTIGATING
THR-02283,EVT-014133,2026-09-07T14:08:00,Archive Transfer,CRITICAL,0.744,68.4,CONTAINED
THR-02284,EVT-016116,2026-09-24T21:58:00,Password Spray,HIGH,0.989,55.6,INVESTIGATING
THR-02285,EVT-023713,2026-09-11T01:20:00,Service Disruption,CRITICAL,0.706,89.9,NEW
THR-02286,EVT-017315,2026-09-11T08:09:00,Suspicious External Connection,HIGH,0.813,57.7,CONTAINED
THR-02287,EVT-005900,2026-09-08T05:44:00,Suspicious Login,HIGH,0.927,76.2,MONITORING
THR-02288,EVT-028822,2026-09-11T14:53:00,New Service,HIGH,0.972,71.9,MONITORING
THR-02289,EVT-025153,2026-09-26T17:22:00,Port Scan,MEDIUM,0.917,88.8,MONITORING
THR-02290,EVT-003671,2026-09-06T12:44:00,Large Outbound Transfer,CRITICAL,0.797,46.1,CONTAINED
THR-02291,EVT-019745,2026-09-13T13:52:00,Script Activity,HIGH,0.862,76.0,CONTAINED
THR-02292,EVT-025995,2026-09-17T04:16:00,Password Spray,HIGH,0.904,57.7,NEW
THR-02293,EVT-012666,2026-09-21T13:17:00,Password Spray,HIGH,0.773,80.0,NEW
THR-02294,EVT-002488,2026-09-26T15:02:00,Large Outbound Transfer,CRITICAL,0.928,73.6,NEW
THR-02295,EVT-003082,2026-09-15T14:47:00,Registry Change,HIGH,0.934,63.2,MONITORING
THR-02296,EVT-006036,2026-09-03T23:43:00,Suspicious External Connection,HIGH,0.781,50.4,INVESTIGATING
THR-02297,EVT-022306,2026-09-24T09:44:00,Unusual Upload,CRITICAL,0.952,89.8,INVESTIGATING
THR-02298,EVT-020391,2026-09-18T03:26:00,Internal Login Burst,CRITICAL,0.856,90.2,NEW
THR-02299,EVT-018142,2026-09-21T01:58:00,RDP Activity,CRITICAL,0.982,72.6,CONTAINED
THR-02300,EVT-016456,2026-09-22T15:59:00,Suspicious External Connection,HIGH,0.898,54.4,MONITORING
THR-02301,EVT-004107,2026-09-20T05:08:00,New Service,HIGH,0.941,48.1,CONTAINED
THR-02302,EVT-029895,2026-09-18T19:18:00,Service Enumeration,MEDIUM,0.793,72.6,NEW
THR-02303,EVT-024530,2026-09-15T11:16:00,Port Scan,MEDIUM,0.895,83.2,NEW
THR-02304,EVT-022195,2026-09-11T15:24:00,Credential Stuffing,HIGH,0.809,59.2,NEW
THR-02305,EVT-002837,2026-09-06T20:07:00,Command Execution,HIGH,0.712,82.7,MONITORING
THR-02306,EVT-008229,2026-09-05T04:08:00,Archive Transfer,CRITICAL,0.972,70.9,MONITORING
THR-02307,EVT-027769,2026-09-09T11:34:00,Remote Service,CRITICAL,0.779,96.2,MONITORING
THR-02308,EVT-029563,2026-09-21T08:49:00,Credential Stuffing,HIGH,0.868,90.8,CONTAINED
THR-02309,EVT-002573,2026-09-25T23:41:00,Port Scan,MEDIUM,0.737,92.9,NEW
THR-02310,EVT-022108,2026-09-21T10:39:00,Service Enumeration,MEDIUM,0.889,57.0,NEW
THR-02311,EVT-000938,2026-09-23T00:26:00,Service Enumeration,MEDIUM,0.97,62.8,INVESTIGATING
THR-02312,EVT-001225,2026-09-07T00:58:00,Credential Stuffing,HIGH,0.71,76.5,MONITORING
THR-02313,EVT-004130,2026-09-13T14:44:00,Password Spray,HIGH,0.903,57.8,NEW
THR-02314,EVT-014689,2026-09-24T04:01:00,Exploit Attempt,HIGH,0.856,82.0,CONTAINED
THR-02315,EVT-018565,2026-09-22T13:33:00,Password Spray,HIGH,0.85,46.3,NEW
THR-02316,EVT-011675,2026-09-15T18:27:00,Suspicious Login,HIGH,0.905,86.9,NEW
THR-02317,EVT-016705,2026-09-19T19:35:00,New Service,HIGH,0.73,87.9,CONTAINED
THR-02318,EVT-017789,2026-09-01T01:57:00,Remote Service,CRITICAL,0.876,91.3,CONTAINED
THR-02319,EVT-023565,2026-09-11T09:52:00,Brute Force,HIGH,0.93,76.3,NEW
THR-02320,EVT-006054,2026-09-09T03:40:00,Script Activity,HIGH,0.796,61.1,MONITORING
THR-02321,EVT-007827,2026-09-11T00:07:00,Registry Change,HIGH,0.726,55.3,INVESTIGATING
THR-02322,EVT-017495,2026-09-21T02:42:00,Exploit Attempt,HIGH,0.872,98.6,NEW
THR-02323,EVT-007234,2026-09-18T15:52:00,Network Scan,MEDIUM,0.81,65.2,MONITORING
THR-02324,EVT-029544,2026-09-08T17:53:00,RDP Activity,CRITICAL,0.865,84.0,NEW
THR-02325,EVT-019760,2026-09-09T16:10:00,Exploit Attempt,HIGH,0.895,81.0,CONTAINED
THR-02326,EVT-006863,2026-09-08T03:14:00,RDP Activity,CRITICAL,0.87,67.7,MONITORING
THR-02327,EVT-022747,2026-09-19T18:11:00,Credential Stuffing,HIGH,0.96,86.4,CONTAINED
THR-02328,EVT-001265,2026-09-20T17:25:00,Registry Change,HIGH,0.935,83.0,MONITORING
THR-02329,EVT-017051,2026-09-06T13:58:00,Network Scan,MEDIUM,0.916,74.4,NEW
THR-02330,EVT-013441,2026-09-12T11:54:00,Ransomware-like Activity,CRITICAL,0.803,48.0,NEW
THR-02331,EVT-016932,2026-09-15T10:19:00,Registry Change,HIGH,0.891,89.0,INVESTIGATING
THR-02332,EVT-006554,2026-09-12T21:28:00,Credential Stuffing,HIGH,0.721,48.8,NEW
THR-02333,EVT-012302,2026-09-03T07:47:00,Scheduled Task,HIGH,0.951,51.6,MONITORING
THR-02334,EVT-024762,2026-09-04T20:25:00,Ransomware-like Activity,CRITICAL,0.958,73.6,NEW
THR-02335,EVT-021203,2026-09-05T10:59:00,SMB Activity,CRITICAL,0.827,97.3,NEW
THR-02336,EVT-027566,2026-09-09T13:05:00,Process Anomaly,HIGH,0.777,67.8,MONITORING
THR-02337,EVT-000137,2026-09-17T17:40:00,New Service,HIGH,0.826,65.5,NEW
THR-02338,EVT-020617,2026-09-11T05:32:00,Archive Transfer,CRITICAL,0.944,98.6,MONITORING
THR-02339,EVT-005905,2026-09-25T02:11:00,Process Anomaly,HIGH,0.799,61.3,INVESTIGATING
THR-02340,EVT-016421,2026-09-27T21:27:00,Unusual Upload,CRITICAL,0.722,48.6,MONITORING
THR-02341,EVT-005845,2026-09-10T00:21:00,Remote Service,CRITICAL,0.96,70.0,NEW
THR-02342,EVT-009949,2026-09-22T08:47:00,Exploit Attempt,HIGH,0.84,94.8,MONITORING
THR-02343,EVT-003391,2026-09-25T07:49:00,Process Anomaly,HIGH,0.887,86.0,INVESTIGATING
THR-02344,EVT-008471,2026-09-04T04:48:00,Mass File Modification,CRITICAL,0.949,84.7,NEW
THR-02345,EVT-022894,2026-09-19T03:36:00,Internal Login Burst,CRITICAL,0.787,80.6,INVESTIGATING
THR-02346,EVT-015412,2026-09-26T00:17:00,Internal Login Burst,CRITICAL,0.832,71.6,MONITORING
THR-02347,EVT-028350,2026-09-02T08:37:00,Phishing Link,HIGH,0.893,48.0,NEW
THR-02348,EVT-024167,2026-09-03T19:03:00,Suspicious Login,HIGH,0.901,60.3,INVESTIGATING
THR-02349,EVT-000538,2026-09-14T15:58:00,Credential Stuffing,HIGH,0.898,62.7,INVESTIGATING
THR-02350,EVT-027036,2026-09-08T04:06:00,Service Enumeration,MEDIUM,0.98,87.9,NEW
THR-02351,EVT-026817,2026-09-06T04:24:00,Service Disruption,CRITICAL,0.782,94.2,MONITORING
THR-02352,EVT-006396,2026-09-24T16:28:00,New Service,HIGH,0.833,69.6,INVESTIGATING
THR-02353,EVT-024102,2026-09-15T17:33:00,Exploit Attempt,HIGH,0.725,65.3,MONITORING
THR-02354,EVT-006516,2026-09-19T02:27:00,Unusual Upload,CRITICAL,0.776,74.5,CONTAINED
THR-02355,EVT-012837,2026-09-19T09:19:00,Phishing Link,HIGH,0.979,49.6,MONITORING
THR-02356,EVT-001466,2026-09-25T01:19:00,New Service,HIGH,0.726,62.3,CONTAINED
THR-02357,EVT-017617,2026-09-19T09:14:00,Brute Force,HIGH,0.764,53.8,NEW
THR-02358,EVT-026111,2026-09-07T11:37:00,Remote Service,CRITICAL,0.787,98.5,CONTAINED
THR-02359,EVT-024168,2026-09-13T11:07:00,Service Enumeration,MEDIUM,0.835,84.4,MONITORING
THR-02360,EVT-014611,2026-09-05T09:28:00,Large Outbound Transfer,CRITICAL,0.887,82.7,MONITORING
THR-02361,EVT-029229,2026-09-09T20:04:00,Script Activity,HIGH,0.75,68.4,INVESTIGATING
THR-02362,EVT-028977,2026-09-18T15:10:00,Suspicious External Connection,HIGH,0.941,57.5,MONITORING
THR-02363,EVT-025464,2026-09-06T17:53:00,Mass File Modification,CRITICAL,0.742,53.6,INVESTIGATING
THR-02364,EVT-016168,2026-09-15T01:16:00,Exploit Attempt,HIGH,0.908,48.7,MONITORING
THR-02365,EVT-021327,2026-09-03T19:09:00,Ransomware-like Activity,CRITICAL,0.721,64.7,NEW
THR-02366,EVT-007418,2026-09-06T13:24:00,Credential Stuffing,HIGH,0.932,73.0,CONTAINED
THR-02367,EVT-007204,2026-09-02T19:47:00,Service Disruption,CRITICAL,0.821,72.1,NEW
THR-02368,EVT-011051,2026-09-25T06:59:00,Script Activity,HIGH,0.839,74.5,MONITORING
THR-02369,EVT-020266,2026-09-17T06:01:00,Remote Service,CRITICAL,0.856,97.4,NEW
THR-02370,EVT-010558,2026-09-05T18:08:00,SMB Activity,CRITICAL,0.71,58.4,INVESTIGATING
THR-02371,EVT-004285,2026-09-27T13:09:00,Script Activity,HIGH,0.734,95.1,NEW
THR-02372,EVT-023798,2026-09-14T12:24:00,Large Outbound Transfer,CRITICAL,0.978,97.6,MONITORING
THR-02373,EVT-007776,2026-09-10T12:31:00,Process Anomaly,HIGH,0.743,63.8,INVESTIGATING
THR-02374,EVT-007336,2026-09-24T09:52:00,Service Enumeration,MEDIUM,0.955,51.0,CONTAINED
THR-02375,EVT-012480,2026-09-22T11:35:00,Mass File Modification,CRITICAL,0.896,69.8,NEW
THR-02376,EVT-028591,2026-09-10T04:36:00,Internal Login Burst,CRITICAL,0.723,51.2,MONITORING
THR-02377,EVT-003021,2026-09-06T09:56:00,Exploit Attempt,HIGH,0.75,76.2,CONTAINED
THR-02378,EVT-007381,2026-09-05T19:46:00,Unusual Upload,CRITICAL,0.968,85.0,CONTAINED
THR-02379,EVT-027940,2026-09-19T09:16:00,Remote Service,CRITICAL,0.814,66.5,NEW
THR-02380,EVT-016268,2026-09-04T20:33:00,New Service,HIGH,0.928,75.8,INVESTIGATING
THR-02381,EVT-012716,2026-09-21T04:26:00,Unusual Upload,CRITICAL,0.879,75.2,CONTAINED
THR-02382,EVT-008400,2026-09-24T08:08:00,Ransomware-like Activity,CRITICAL,0.987,86.7,NEW
THR-02383,EVT-002990,2026-09-25T20:47:00,Suspicious External Connection,HIGH,0.933,75.5,INVESTIGATING
THR-02384,EVT-000248,2026-09-11T14:17:00,Suspicious Login,HIGH,0.989,45.5,NEW
THR-02385,EVT-022570,2026-09-09T19:37:00,Script Activity,HIGH,0.786,72.8,INVESTIGATING
THR-02386,EVT-017348,2026-09-05T21:02:00,RDP Activity,CRITICAL,0.785,87.2,NEW
THR-02387,EVT-000502,2026-09-27T09:14:00,Unusual Upload,CRITICAL,0.779,81.0,CONTAINED
THR-02388,EVT-023878,2026-09-15T01:00:00,Service Enumeration,MEDIUM,0.868,81.6,INVESTIGATING
THR-02389,EVT-007312,2026-09-08T17:38:00,RDP Activity,CRITICAL,0.921,75.3,CONTAINED
THR-02390,EVT-020920,2026-09-14T01:53:00,New Service,HIGH,0.75,81.0,CONTAINED
THR-02391,EVT-008913,2026-09-17T21:45:00,Service Enumeration,MEDIUM,0.876,50.2,MONITORING
THR-02392,EVT-003225,2026-09-20T00:26:00,Archive Transfer,CRITICAL,0.713,83.4,MONITORING
THR-02393,EVT-027403,2026-09-11T17:05:00,SMB Activity,CRITICAL,0.91,87.6,NEW
THR-02394,EVT-000457,2026-09-27T09:38:00,Suspicious Login,HIGH,0.731,47.9,MONITORING
THR-02395,EVT-026416,2026-09-20T06:49:00,Phishing Link,HIGH,0.805,82.8,INVESTIGATING
THR-02396,EVT-014476,2026-09-22T11:42:00,Suspicious Login,HIGH,0.821,57.9,INVESTIGATING
THR-02397,EVT-028303,2026-09-01T23:46:00,Phishing Link,HIGH,0.965,90.0,NEW
THR-02398,EVT-021293,2026-09-22T08:03:00,Port Scan,MEDIUM,0.866,59.5,CONTAINED
THR-02399,EVT-019974,2026-09-26T08:23:00,Remote Service,CRITICAL,0.814,69.1,MONITORING
THR-02400,EVT-004599,2026-09-20T16:02:00,Process Anomaly,HIGH,0.741,75.7,CONTAINED
THR-02401,EVT-015345,2026-09-09T09:42:00,Suspicious External Connection,HIGH,0.747,88.8,MONITORING
THR-02402,EVT-017385,2026-09-07T22:03:00,Brute Force,HIGH,0.866,79.9,NEW
THR-02403,EVT-010246,2026-09-07T13:45:00,Brute Force,HIGH,0.854,81.9,MONITORING
THR-02404,EVT-005129,2026-09-03T05:49:00,Password Spray,HIGH,0.941,80.1,NEW
THR-02405,EVT-016762,2026-09-25T14:09:00,Phishing Link,HIGH,0.798,92.6,NEW
THR-02406,EVT-016803,2026-09-25T09:31:00,Brute Force,HIGH,0.926,76.4,INVESTIGATING
THR-02407,EVT-028848,2026-09-18T09:45:00,Suspicious External Connection,HIGH,0.954,89.8,INVESTIGATING
THR-02408,EVT-019111,2026-09-13T16:01:00,Script Activity,HIGH,0.729,75.9,NEW
THR-02409,EVT-008093,2026-09-04T17:41:00,Script Activity,HIGH,0.977,55.3,CONTAINED
THR-02410,EVT-022906,2026-09-16T10:58:00,Service Enumeration,MEDIUM,0.836,87.2,NEW
THR-02411,EVT-027750,2026-09-09T15:25:00,Registry Change,HIGH,0.899,75.3,MONITORING
THR-02412,EVT-017603,2026-09-05T04:05:00,Command Execution,HIGH,0.884,65.5,INVESTIGATING
THR-02413,EVT-007222,2026-09-04T22:14:00,SMB Activity,CRITICAL,0.741,83.8,MONITORING
THR-02414,EVT-011724,2026-09-04T14:36:00,Suspicious External Connection,HIGH,0.855,52.1,CONTAINED
THR-02415,EVT-019683,2026-09-16T17:15:00,Exploit Attempt,HIGH,0.945,86.9,INVESTIGATING
THR-02416,EVT-003176,2026-09-25T23:05:00,Mass File Modification,CRITICAL,0.959,68.2,INVESTIGATING
THR-02417,EVT-014339,2026-09-01T19:31:00,SMB Activity,CRITICAL,0.928,81.7,NEW
THR-02418,EVT-019102,2026-09-25T09:35:00,Credential Stuffing,HIGH,0.9,76.5,CONTAINED
THR-02419,EVT-028330,2026-09-09T19:17:00,Port Scan,MEDIUM,0.751,57.7,NEW
THR-02420,EVT-008413,2026-09-18T18:16:00,Exploit Attempt,HIGH,0.869,47.3,INVESTIGATING
THR-02421,EVT-020255,2026-09-12T05:52:00,Brute Force,HIGH,0.957,50.3,MONITORING
THR-02422,EVT-017283,2026-09-05T21:31:00,Archive Transfer,CRITICAL,0.75,49.1,NEW
THR-02423,EVT-004324,2026-09-16T01:27:00,Exploit Attempt,HIGH,0.777,53.8,INVESTIGATING
THR-02424,EVT-023851,2026-09-03T02:20:00,Registry Change,HIGH,0.953,66.6,CONTAINED
THR-02425,EVT-004331,2026-09-16T12:28:00,New Service,HIGH,0.735,66.9,CONTAINED
THR-02426,EVT-021697,2026-09-09T19:24:00,Archive Transfer,CRITICAL,0.907,59.4,NEW
THR-02427,EVT-021438,2026-09-07T10:05:00,Port Scan,MEDIUM,0.923,88.8,INVESTIGATING
THR-02428,EVT-028116,2026-09-12T18:55:00,SMB Activity,CRITICAL,0.99,58.7,NEW
THR-02429,EVT-027069,2026-09-09T07:46:00,Process Anomaly,HIGH,0.794,86.2,NEW
THR-02430,EVT-023951,2026-09-21T20:40:00,Script Activity,HIGH,0.987,70.7,CONTAINED
THR-02431,EVT-018954,2026-09-24T08:07:00,Process Anomaly,HIGH,0.735,73.7,INVESTIGATING
THR-02432,EVT-017446,2026-09-22T11:08:00,Suspicious Login,HIGH,0.787,86.7,MONITORING
THR-02433,EVT-027239,2026-09-09T21:58:00,Suspicious External Connection,HIGH,0.955,92.7,INVESTIGATING
THR-02434,EVT-001082,2026-09-05T09:04:00,Phishing Link,HIGH,0.981,84.7,INVESTIGATING
THR-02435,EVT-017921,2026-09-25T16:59:00,Phishing Link,HIGH,0.706,61.7,INVESTIGATING
THR-02436,EVT-029998,2026-09-02T18:07:00,Scheduled Task,HIGH,0.915,62.4,NEW
THR-02437,EVT-009717,2026-09-12T23:58:00,Unusual Upload,CRITICAL,0.804,75.5,CONTAINED
THR-02438,EVT-026828,2026-09-04T10:04:00,Service Enumeration,MEDIUM,0.881,61.6,NEW
THR-02439,EVT-018647,2026-09-12T08:41:00,SMB Activity,CRITICAL,0.869,67.5,INVESTIGATING
THR-02440,EVT-025317,2026-09-04T08:10:00,Scheduled Task,HIGH,0.93,92.4,CONTAINED
THR-02441,EVT-014162,2026-09-02T02:14:00,Large Outbound Transfer,CRITICAL,0.954,46.7,CONTAINED
THR-02442,EVT-009018,2026-09-06T10:18:00,Process Anomaly,HIGH,0.775,62.8,INVESTIGATING
THR-02443,EVT-028208,2026-09-09T12:00:00,Command Execution,HIGH,0.864,95.1,CONTAINED
THR-02444,EVT-007689,2026-09-17T01:37:00,Unusual Upload,CRITICAL,0.782,85.4,CONTAINED
THR-02445,EVT-020689,2026-09-22T22:34:00,Scheduled Task,HIGH,0.773,66.9,CONTAINED
THR-02446,EVT-015195,2026-09-04T05:44:00,Credential Stuffing,HIGH,0.9,55.2,INVESTIGATING
THR-02447,EVT-022217,2026-09-16T10:45:00,New Service,HIGH,0.894,54.7,MONITORING
THR-02448,EVT-017030,2026-09-16T01:55:00,Large Outbound Transfer,CRITICAL,0.729,58.6,CONTAINED
THR-02449,EVT-027567,2026-09-24T21:24:00,Command Execution,HIGH,0.73,89.3,NEW
THR-02450,EVT-008385,2026-09-06T12:52:00,Archive Transfer,CRITICAL,0.737,74.5,MONITORING
THR-02451,EVT-012154,2026-09-08T02:12:00,Command Execution,HIGH,0.704,84.8,CONTAINED
THR-02452,EVT-019988,2026-09-10T21:18:00,Credential Stuffing,HIGH,0.841,85.7,CONTAINED
THR-02453,EVT-010600,2026-09-04T02:03:00,Remote Service,CRITICAL,0.895,58.7,INVESTIGATING
THR-02454,EVT-019456,2026-09-26T14:28:00,Command Execution,HIGH,0.951,50.1,MONITORING
THR-02455,EVT-021313,2026-09-07T01:14:00,Mass File Modification,CRITICAL,0.781,53.3,CONTAINED
THR-02456,EVT-002993,2026-09-13T11:08:00,Unusual Upload,CRITICAL,0.861,66.2,MONITORING
THR-02457,EVT-001111,2026-09-12T22:45:00,Archive Transfer,CRITICAL,0.836,58.3,NEW
THR-02458,EVT-001455,2026-09-09T14:58:00,New Service,HIGH,0.828,62.7,CONTAINED
THR-02459,EVT-029419,2026-09-24T11:07:00,Brute Force,HIGH,0.9,61.5,CONTAINED
THR-02460,EVT-020035,2026-09-12T06:24:00,Port Scan,MEDIUM,0.819,72.6,NEW
THR-02461,EVT-008602,2026-09-23T20:45:00,Suspicious External Connection,HIGH,0.941,62.0,MONITORING
THR-02462,EVT-008543,2026-09-24T02:00:00,Exploit Attempt,HIGH,0.894,94.5,CONTAINED
THR-02463,EVT-023278,2026-09-05T02:46:00,Password Spray,HIGH,0.791,69.0,MONITORING
THR-02464,EVT-024285,2026-09-21T18:55:00,Mass File Modification,CRITICAL,0.849,46.6,CONTAINED
THR-02465,EVT-000654,2026-09-24T17:53:00,Unusual Upload,CRITICAL,0.729,70.0,INVESTIGATING
THR-02466,EVT-006298,2026-09-05T23:13:00,Brute Force,HIGH,0.925,84.4,INVESTIGATING
THR-02467,EVT-003621,2026-09-04T23:41:00,Scheduled Task,HIGH,0.974,64.7,MONITORING
THR-02468,EVT-024199,2026-09-12T15:50:00,Suspicious External Connection,HIGH,0.799,79.0,CONTAINED
THR-02469,EVT-009953,2026-09-23T13:30:00,Network Scan,MEDIUM,0.815,82.5,INVESTIGATING
THR-02470,EVT-023866,2026-09-20T23:15:00,Brute Force,HIGH,0.977,95.1,NEW
THR-02471,EVT-021607,2026-09-24T09:15:00,Process Anomaly,HIGH,0.881,73.7,CONTAINED
THR-02472,EVT-018154,2026-09-15T11:24:00,New Service,HIGH,0.876,85.8,NEW
THR-02473,EVT-023197,2026-09-07T18:15:00,Phishing Link,HIGH,0.824,86.6,INVESTIGATING
THR-02474,EVT-007194,2026-09-15T10:34:00,Script Activity,HIGH,0.754,72.3,NEW
THR-02475,EVT-011263,2026-09-11T12:53:00,Suspicious External Connection,HIGH,0.931,96.4,CONTAINED
THR-02476,EVT-009878,2026-09-05T08:16:00,Ransomware-like Activity,CRITICAL,0.74,70.0,INVESTIGATING
THR-02477,EVT-014022,2026-09-11T14:13:00,Suspicious External Connection,HIGH,0.954,81.1,NEW
THR-02478,EVT-009131,2026-09-18T07:53:00,Port Scan,MEDIUM,0.783,60.5,NEW
THR-02479,EVT-014979,2026-09-14T10:57:00,Exploit Attempt,HIGH,0.917,46.4,MONITORING
THR-02480,EVT-027496,2026-09-25T02:00:00,Service Enumeration,MEDIUM,0.83,80.8,NEW
THR-02481,EVT-017278,2026-09-14T03:52:00,Phishing Link,HIGH,0.964,61.4,NEW
THR-02482,EVT-009946,2026-09-13T21:28:00,Credential Stuffing,HIGH,0.969,73.0,MONITORING
THR-02483,EVT-008923,2026-09-20T23:45:00,Large Outbound Transfer,CRITICAL,0.848,65.0,INVESTIGATING
THR-02484,EVT-012502,2026-09-24T20:36:00,Exploit Attempt,HIGH,0.79,79.8,NEW
THR-02485,EVT-012206,2026-09-08T03:03:00,Service Enumeration,MEDIUM,0.976,91.7,INVESTIGATING
THR-02486,EVT-024964,2026-09-09T04:54:00,Service Enumeration,MEDIUM,0.937,56.9,CONTAINED
THR-02487,EVT-002272,2026-09-15T01:15:00,Suspicious Login,HIGH,0.716,95.0,MONITORING
THR-02488,EVT-007720,2026-09-21T18:21:00,Network Scan,MEDIUM,0.702,86.4,MONITORING
THR-02489,EVT-005193,2026-09-24T00:54:00,Exploit Attempt,HIGH,0.975,98.0,INVESTIGATING
THR-02490,EVT-025145,2026-09-07T21:41:00,Mass File Modification,CRITICAL,0.73,89.4,NEW
THR-02491,EVT-019776,2026-09-12T08:20:00,New Service,HIGH,0.883,70.3,CONTAINED
THR-02492,EVT-001224,2026-09-12T05:29:00,Internal Login Burst,CRITICAL,0.826,66.4,MONITORING
THR-02493,EVT-007795,2026-09-10T01:03:00,Password Spray,HIGH,0.765,74.6,CONTAINED
THR-02494,EVT-025883,2026-09-08T10:15:00,RDP Activity,CRITICAL,0.797,97.3,INVESTIGATING
THR-02495,EVT-018233,2026-09-15T13:16:00,Password Spray,HIGH,0.919,50.3,CONTAINED
THR-02496,EVT-029531,2026-09-03T04:33:00,Password Spray,HIGH,0.871,75.5,CONTAINED
THR-02497,EVT-026139,2026-09-05T08:31:00,Command Execution,HIGH,0.93,98.7,INVESTIGATING
THR-02498,EVT-005596,2026-09-14T16:16:00,Registry Change,HIGH,0.913,79.1,INVESTIGATING
THR-02499,EVT-015516,2026-09-07T20:25:00,Large Outbound Transfer,CRITICAL,0.913,96.0,INVESTIGATING
THR-02500,EVT-023750,2026-09-13T06:17:00,Registry Change,HIGH,0.779,91.7,INVESTIGATING
THR-02501,EVT-026163,2026-09-05T21:42:00,Unusual Upload,CRITICAL,0.82,83.4,CONTAINED
THR-02502,EVT-008465,2026-09-22T08:52:00,Port Scan,MEDIUM,0.782,77.2,CONTAINED
THR-02503,EVT-024803,2026-09-26T04:22:00,Unusual Upload,CRITICAL,0.95,53.2,INVESTIGATING
THR-02504,EVT-010749,2026-09-19T17:31:00,Script Activity,HIGH,0.985,70.1,NEW
THR-02505,EVT-000929,2026-09-14T15:08:00,Brute Force,HIGH,0.796,58.8,INVESTIGATING
THR-02506,EVT-008450,2026-09-01T07:30:00,RDP Activity,CRITICAL,0.749,85.9,NEW
THR-02507,EVT-012181,2026-09-13T21:23:00,Process Anomaly,HIGH,0.777,49.1,INVESTIGATING
THR-02508,EVT-012902,2026-09-08T18:07:00,Port Scan,MEDIUM,0.702,67.8,INVESTIGATING
THR-02509,EVT-003171,2026-09-03T07:14:00,Phishing Link,HIGH,0.91,91.4,INVESTIGATING
THR-02510,EVT-002238,2026-09-03T23:46:00,Credential Stuffing,HIGH,0.834,92.3,MONITORING
THR-02511,EVT-023306,2026-09-25T23:26:00,Internal Login Burst,CRITICAL,0.838,63.0,MONITORING
THR-02512,EVT-017467,2026-09-12T18:07:00,Process Anomaly,HIGH,0.759,56.2,NEW
THR-02513,EVT-001846,2026-09-03T22:49:00,Service Enumeration,MEDIUM,0.918,96.9,CONTAINED
THR-02514,EVT-026720,2026-09-25T19:00:00,Scheduled Task,HIGH,0.928,50.3,CONTAINED
THR-02515,EVT-007001,2026-09-18T11:37:00,Process Anomaly,HIGH,0.975,59.8,MONITORING
THR-02516,EVT-019106,2026-09-25T08:58:00,Credential Stuffing,HIGH,0.823,63.6,INVESTIGATING
THR-02517,EVT-016363,2026-09-10T02:32:00,Registry Change,HIGH,0.875,62.8,INVESTIGATING
THR-02518,EVT-016674,2026-09-26T02:47:00,Service Enumeration,MEDIUM,0.78,94.3,MONITORING
THR-02519,EVT-016108,2026-09-06T04:29:00,Remote Service,CRITICAL,0.77,82.9,NEW
THR-02520,EVT-018114,2026-09-14T12:22:00,Unusual Upload,CRITICAL,0.712,75.5,NEW
THR-02521,EVT-023832,2026-09-09T18:22:00,Network Scan,MEDIUM,0.731,89.6,CONTAINED
THR-02522,EVT-016711,2026-09-26T10:20:00,Command Execution,HIGH,0.818,72.1,CONTAINED
THR-02523,EVT-024678,2026-09-16T18:16:00,Port Scan,MEDIUM,0.81,85.0,CONTAINED
THR-02524,EVT-001770,2026-09-04T07:18:00,Port Scan,MEDIUM,0.791,47.5,INVESTIGATING
THR-02525,EVT-003495,2026-09-21T18:22:00,Phishing Link,HIGH,0.839,53.0,MONITORING
THR-02526,EVT-013872,2026-09-18T21:32:00,Port Scan,MEDIUM,0.844,73.4,CONTAINED
THR-02527,EVT-009096,2026-09-17T04:09:00,Remote Service,CRITICAL,0.736,77.1,NEW
THR-02528,EVT-000223,2026-09-26T06:34:00,Process Anomaly,HIGH,0.83,53.4,MONITORING
THR-02529,EVT-000813,2026-09-02T13:30:00,Password Spray,HIGH,0.757,97.6,CONTAINED
THR-02530,EVT-008071,2026-09-14T17:33:00,Network Scan,MEDIUM,0.781,94.2,NEW
THR-02531,EVT-029514,2026-09-07T05:15:00,Registry Change,HIGH,0.744,71.3,NEW
THR-02532,EVT-005092,2026-09-10T00:40:00,Registry Change,HIGH,0.921,45.2,MONITORING
THR-02533,EVT-001579,2026-09-24T15:30:00,Port Scan,MEDIUM,0.798,66.6,CONTAINED
THR-02534,EVT-019434,2026-09-27T19:20:00,Port Scan,MEDIUM,0.725,74.4,MONITORING
THR-02535,EVT-006304,2026-09-16T14:24:00,Port Scan,MEDIUM,0.717,51.4,MONITORING
THR-02536,EVT-020085,2026-09-07T19:12:00,Scheduled Task,HIGH,0.711,83.9,CONTAINED
THR-02537,EVT-028617,2026-09-26T02:00:00,Remote Service,CRITICAL,0.732,59.3,INVESTIGATING
THR-02538,EVT-011828,2026-09-04T18:13:00,Script Activity,HIGH,0.799,57.8,INVESTIGATING
THR-02539,EVT-005030,2026-09-21T11:08:00,Command Execution,HIGH,0.893,63.5,CONTAINED
THR-02540,EVT-008457,2026-09-27T10:05:00,SMB Activity,CRITICAL,0.782,78.9,CONTAINED
THR-02541,EVT-008567,2026-09-02T11:43:00,Service Enumeration,MEDIUM,0.902,52.2,MONITORING
THR-02542,EVT-025322,2026-09-10T13:54:00,RDP Activity,CRITICAL,0.727,65.3,CONTAINED
THR-02543,EVT-018800,2026-09-06T12:39:00,SMB Activity,CRITICAL,0.829,90.7,NEW
THR-02544,EVT-017972,2026-09-07T18:27:00,Credential Stuffing,HIGH,0.756,98.8,NEW
THR-02545,EVT-001135,2026-09-11T11:36:00,Exploit Attempt,HIGH,0.915,78.1,MONITORING
THR-02546,EVT-001518,2026-09-19T15:32:00,Password Spray,HIGH,0.873,99.0,NEW
THR-02547,EVT-007154,2026-09-06T16:55:00,Password Spray,HIGH,0.705,45.1,INVESTIGATING
THR-02548,EVT-024874,2026-09-26T04:39:00,Password Spray,HIGH,0.99,80.2,INVESTIGATING
THR-02549,EVT-007902,2026-09-26T06:49:00,Suspicious External Connection,HIGH,0.956,81.4,MONITORING
THR-02550,EVT-002701,2026-09-22T15:14:00,RDP Activity,CRITICAL,0.77,73.0,NEW
THR-02551,EVT-021814,2026-09-16T14:45:00,Remote Service,CRITICAL,0.718,72.3,INVESTIGATING
THR-02552,EVT-025259,2026-09-14T15:09:00,Service Enumeration,MEDIUM,0.773,63.5,MONITORING
THR-02553,EVT-000077,2026-09-17T07:34:00,Internal Login Burst,CRITICAL,0.944,81.0,INVESTIGATING
THR-02554,EVT-003994,2026-09-17T02:21:00,New Service,HIGH,0.775,79.5,MONITORING
THR-02555,EVT-025484,2026-09-18T04:48:00,Remote Service,CRITICAL,0.977,79.0,CONTAINED
THR-02556,EVT-017312,2026-09-14T04:55:00,Suspicious External Connection,HIGH,0.739,56.7,NEW
THR-02557,EVT-028235,2026-09-18T08:57:00,Mass File Modification,CRITICAL,0.762,58.0,NEW
THR-02558,EVT-007321,2026-09-20T23:43:00,Exploit Attempt,HIGH,0.834,64.9,CONTAINED
THR-02559,EVT-005523,2026-09-19T09:01:00,Registry Change,HIGH,0.803,84.1,INVESTIGATING
THR-02560,EVT-015772,2026-09-08T22:54:00,Brute Force,HIGH,0.936,90.3,CONTAINED
THR-02561,EVT-012708,2026-09-12T16:23:00,Password Spray,HIGH,0.97,82.0,MONITORING
THR-02562,EVT-002742,2026-09-25T01:44:00,Script Activity,HIGH,0.756,76.4,NEW
THR-02563,EVT-010147,2026-09-23T18:25:00,Brute Force,HIGH,0.78,91.9,MONITORING
THR-02564,EVT-014805,2026-09-03T05:01:00,Script Activity,HIGH,0.761,61.4,CONTAINED
THR-02565,EVT-000776,2026-09-18T23:03:00,Large Outbound Transfer,CRITICAL,0.919,67.7,NEW
THR-02566,EVT-020986,2026-09-26T20:11:00,Process Anomaly,HIGH,0.859,73.2,NEW
THR-02567,EVT-016950,2026-09-12T19:09:00,SMB Activity,CRITICAL,0.887,75.3,INVESTIGATING
THR-02568,EVT-001060,2026-09-04T20:28:00,Registry Change,HIGH,0.795,91.2,INVESTIGATING
THR-02569,EVT-023440,2026-09-23T23:44:00,Registry Change,HIGH,0.987,62.1,MONITORING
THR-02570,EVT-013937,2026-09-19T12:37:00,Scheduled Task,HIGH,0.804,95.5,CONTAINED
THR-02571,EVT-006576,2026-09-18T03:45:00,Unusual Upload,CRITICAL,0.876,48.0,NEW
THR-02572,EVT-025451,2026-09-08T03:27:00,Port Scan,MEDIUM,0.73,51.7,NEW
THR-02573,EVT-026785,2026-09-20T20:27:00,Brute Force,HIGH,0.812,48.0,MONITORING
THR-02574,EVT-000701,2026-09-02T22:05:00,Internal Login Burst,CRITICAL,0.88,47.3,CONTAINED
THR-02575,EVT-013040,2026-09-17T20:15:00,Service Disruption,CRITICAL,0.863,88.2,MONITORING
THR-02576,EVT-026321,2026-09-26T03:42:00,Password Spray,HIGH,0.976,60.3,NEW
THR-02577,EVT-010609,2026-09-01T20:17:00,Unusual Upload,CRITICAL,0.886,45.2,NEW
THR-02578,EVT-010576,2026-09-13T01:47:00,Remote Service,CRITICAL,0.787,89.5,MONITORING
THR-02579,EVT-022870,2026-09-24T11:20:00,Phishing Link,HIGH,0.934,75.7,NEW
THR-02580,EVT-009361,2026-09-20T02:04:00,SMB Activity,CRITICAL,0.913,76.6,NEW
THR-02581,EVT-002080,2026-09-22T14:32:00,New Service,HIGH,0.964,61.4,NEW
THR-02582,EVT-024380,2026-09-01T08:04:00,Command Execution,HIGH,0.749,60.4,MONITORING
THR-02583,EVT-025195,2026-09-27T08:20:00,Ransomware-like Activity,CRITICAL,0.888,57.7,INVESTIGATING
THR-02584,EVT-009224,2026-09-08T01:26:00,Remote Service,CRITICAL,0.938,89.8,CONTAINED
THR-02585,EVT-018057,2026-09-26T09:34:00,Mass File Modification,CRITICAL,0.756,56.7,MONITORING
THR-02586,EVT-011654,2026-09-18T01:46:00,Registry Change,HIGH,0.789,59.6,MONITORING
THR-02587,EVT-009749,2026-09-13T19:58:00,Network Scan,MEDIUM,0.758,65.0,MONITORING
THR-02588,EVT-013000,2026-09-23T21:52:00,Internal Login Burst,CRITICAL,0.747,61.3,NEW
THR-02589,EVT-002563,2026-09-22T05:41:00,Network Scan,MEDIUM,0.844,50.3,CONTAINED
THR-02590,EVT-014967,2026-09-05T09:02:00,New Service,HIGH,0.918,74.6,MONITORING
THR-02591,EVT-022488,2026-09-21T14:25:00,Command Execution,HIGH,0.912,58.7,NEW
THR-02592,EVT-000073,2026-09-13T14:25:00,Exploit Attempt,HIGH,0.956,93.8,CONTAINED
THR-02593,EVT-011491,2026-09-19T17:57:00,Service Disruption,CRITICAL,0.925,93.2,CONTAINED
THR-02594,EVT-014655,2026-09-22T01:47:00,SMB Activity,CRITICAL,0.904,53.5,MONITORING
THR-02595,EVT-018141,2026-09-20T04:31:00,Port Scan,MEDIUM,0.82,64.6,MONITORING
THR-02596,EVT-012661,2026-09-17T17:03:00,Brute Force,HIGH,0.978,97.7,INVESTIGATING
THR-02597,EVT-013318,2026-09-06T10:06:00,Password Spray,HIGH,0.881,79.4,NEW
THR-02598,EVT-018072,2026-09-13T04:13:00,Script Activity,HIGH,0.912,47.2,CONTAINED
THR-02599,EVT-008442,2026-09-01T14:18:00,Network Scan,MEDIUM,0.871,62.7,NEW
THR-02600,EVT-020712,2026-09-01T21:44:00,Suspicious External Connection,HIGH,0.928,86.1,CONTAINED
THR-02601,EVT-025600,2026-09-16T05:01:00,Port Scan,MEDIUM,0.787,97.7,MONITORING
THR-02602,EVT-029502,2026-09-06T16:10:00,Script Activity,HIGH,0.816,84.6,NEW
THR-02603,EVT-002719,2026-09-01T06:05:00,Internal Login Burst,CRITICAL,0.826,56.0,INVESTIGATING
THR-02604,EVT-012005,2026-09-05T23:17:00,Credential Stuffing,HIGH,0.904,52.4,CONTAINED
THR-02605,EVT-005060,2026-09-27T00:06:00,Exploit Attempt,HIGH,0.794,45.5,MONITORING
THR-02606,EVT-029016,2026-09-18T02:49:00,Script Activity,HIGH,0.757,81.1,NEW
THR-02607,EVT-007809,2026-09-14T16:34:00,Internal Login Burst,CRITICAL,0.774,89.4,MONITORING
THR-02608,EVT-007797,2026-09-23T23:43:00,Network Scan,MEDIUM,0.982,82.6,INVESTIGATING
THR-02609,EVT-003708,2026-09-17T21:13:00,Unusual Upload,CRITICAL,0.937,82.5,INVESTIGATING
THR-02610,EVT-017679,2026-09-17T22:22:00,SMB Activity,CRITICAL,0.8,79.7,INVESTIGATING
THR-02611,EVT-008469,2026-09-13T02:02:00,Phishing Link,HIGH,0.789,73.8,CONTAINED
THR-02612,EVT-023344,2026-09-14T16:43:00,Network Scan,MEDIUM,0.974,59.2,MONITORING
THR-02613,EVT-020089,2026-09-07T17:47:00,Mass File Modification,CRITICAL,0.872,94.6,NEW
THR-02614,EVT-023038,2026-09-01T21:39:00,Suspicious External Connection,HIGH,0.874,71.1,CONTAINED
THR-02615,EVT-019860,2026-09-10T06:45:00,SMB Activity,CRITICAL,0.934,74.8,CONTAINED
THR-02616,EVT-023858,2026-09-23T09:08:00,Network Scan,MEDIUM,0.939,76.0,NEW
THR-02617,EVT-005269,2026-09-27T01:29:00,Command Execution,HIGH,0.98,48.3,CONTAINED
THR-02618,EVT-014873,2026-09-20T02:23:00,Service Enumeration,MEDIUM,0.915,87.6,MONITORING
THR-02619,EVT-018425,2026-09-04T16:26:00,Exploit Attempt,HIGH,0.78,87.5,NEW
THR-02620,EVT-013614,2026-09-05T01:35:00,SMB Activity,CRITICAL,0.801,66.6,CONTAINED
THR-02621,EVT-000451,2026-09-22T02:33:00,Service Disruption,CRITICAL,0.794,57.0,MONITORING
THR-02622,EVT-004122,2026-09-23T08:22:00,Scheduled Task,HIGH,0.74,57.4,MONITORING
THR-02623,EVT-024529,2026-09-16T12:19:00,Port Scan,MEDIUM,0.854,57.5,MONITORING
THR-02624,EVT-001417,2026-09-17T13:33:00,Credential Stuffing,HIGH,0.89,83.2,INVESTIGATING
THR-02625,EVT-004641,2026-09-18T14:16:00,Service Enumeration,MEDIUM,0.75,51.9,NEW
THR-02626,EVT-005500,2026-09-13T03:53:00,SMB Activity,CRITICAL,0.905,97.2,MONITORING
THR-02627,EVT-002953,2026-09-13T13:27:00,Archive Transfer,CRITICAL,0.771,74.5,CONTAINED
THR-02628,EVT-028907,2026-09-15T19:29:00,Remote Service,CRITICAL,0.978,55.9,INVESTIGATING
THR-02629,EVT-011556,2026-09-09T21:21:00,Process Anomaly,HIGH,0.872,88.8,MONITORING
THR-02630,EVT-021400,2026-09-20T17:43:00,SMB Activity,CRITICAL,0.791,55.5,INVESTIGATING
THR-02631,EVT-003546,2026-09-01T12:27:00,Password Spray,HIGH,0.763,70.8,INVESTIGATING
THR-02632,EVT-004882,2026-09-26T16:13:00,Suspicious External Connection,HIGH,0.91,95.6,NEW
THR-02633,EVT-004124,2026-09-16T11:35:00,Ransomware-like Activity,CRITICAL,0.92,59.2,NEW
THR-02634,EVT-007447,2026-09-24T05:08:00,New Service,HIGH,0.879,75.4,MONITORING
THR-02635,EVT-008877,2026-09-27T12:34:00,Command Execution,HIGH,0.963,59.4,CONTAINED
THR-02636,EVT-021779,2026-09-19T06:08:00,Process Anomaly,HIGH,0.835,79.7,MONITORING
THR-02637,EVT-028087,2026-09-20T04:18:00,New Service,HIGH,0.775,84.2,INVESTIGATING
THR-02638,EVT-007624,2026-09-10T03:30:00,Network Scan,MEDIUM,0.856,51.7,NEW
THR-02639,EVT-023042,2026-09-12T12:07:00,Network Scan,MEDIUM,0.967,69.4,INVESTIGATING
THR-02640,EVT-020381,2026-09-10T13:08:00,Command Execution,HIGH,0.968,77.9,CONTAINED
THR-02641,EVT-001083,2026-09-04T06:36:00,Network Scan,MEDIUM,0.876,72.5,CONTAINED
THR-02642,EVT-009068,2026-09-02T13:36:00,Network Scan,MEDIUM,0.76,93.9,INVESTIGATING
THR-02643,EVT-001932,2026-09-16T10:51:00,Network Scan,MEDIUM,0.892,56.2,NEW
THR-02644,EVT-003673,2026-09-18T05:16:00,Credential Stuffing,HIGH,0.849,85.0,INVESTIGATING
THR-02645,EVT-015602,2026-09-18T15:03:00,Archive Transfer,CRITICAL,0.914,91.2,INVESTIGATING
THR-02646,EVT-008042,2026-09-26T03:20:00,Ransomware-like Activity,CRITICAL,0.852,72.9,CONTAINED
THR-02647,EVT-010723,2026-09-12T20:20:00,Password Spray,HIGH,0.844,94.6,INVESTIGATING
THR-02648,EVT-009398,2026-09-11T05:53:00,New Service,HIGH,0.779,48.5,INVESTIGATING
THR-02649,EVT-021572,2026-09-21T07:38:00,New Service,HIGH,0.914,98.2,NEW
THR-02650,EVT-010255,2026-09-17T07:32:00,Network Scan,MEDIUM,0.818,89.9,INVESTIGATING
THR-02651,EVT-016542,2026-09-27T15:26:00,Remote Service,CRITICAL,0.916,79.7,NEW
THR-02652,EVT-002644,2026-09-09T05:29:00,Service Enumeration,MEDIUM,0.709,51.7,MONITORING
THR-02653,EVT-029025,2026-09-26T18:15:00,Unusual Upload,CRITICAL,0.896,91.0,INVESTIGATING
THR-02654,EVT-005124,2026-09-09T01:41:00,Service Enumeration,MEDIUM,0.731,83.0,NEW
THR-02655,EVT-026311,2026-09-05T12:21:00,Process Anomaly,HIGH,0.813,87.6,NEW
THR-02656,EVT-029823,2026-09-19T15:26:00,Mass File Modification,CRITICAL,0.835,88.5,CONTAINED
THR-02657,EVT-016460,2026-09-11T18:24:00,Internal Login Burst,CRITICAL,0.95,57.4,CONTAINED
THR-02658,EVT-022149,2026-09-23T04:01:00,Archive Transfer,CRITICAL,0.983,83.5,NEW
THR-02659,EVT-027625,2026-09-04T10:31:00,Command Execution,HIGH,0.727,50.1,INVESTIGATING
THR-02660,EVT-004849,2026-09-18T14:24:00,Unusual Upload,CRITICAL,0.716,81.2,NEW
THR-02661,EVT-023521,2026-09-06T20:24:00,Remote Service,CRITICAL,0.894,57.0,NEW
THR-02662,EVT-015464,2026-09-08T11:30:00,Suspicious Login,HIGH,0.972,69.2,INVESTIGATING
THR-02663,EVT-001288,2026-09-21T04:35:00,Brute Force,HIGH,0.806,97.5,MONITORING
THR-02664,EVT-008949,2026-09-18T17:19:00,SMB Activity,CRITICAL,0.743,49.2,CONTAINED
THR-02665,EVT-001561,2026-09-01T12:14:00,Suspicious External Connection,HIGH,0.892,98.7,INVESTIGATING
THR-02666,EVT-012239,2026-09-07T17:28:00,Command Execution,HIGH,0.715,83.5,CONTAINED
THR-02667,EVT-020840,2026-09-10T10:48:00,Port Scan,MEDIUM,0.79,68.5,NEW
THR-02668,EVT-001651,2026-09-04T12:09:00,Suspicious External Connection,HIGH,0.802,69.6,INVESTIGATING
THR-02669,EVT-006131,2026-09-02T18:29:00,Service Enumeration,MEDIUM,0.923,89.7,CONTAINED
THR-02670,EVT-003947,2026-09-26T12:11:00,Remote Service,CRITICAL,0.954,86.2,CONTAINED
THR-02671,EVT-025165,2026-09-18T20:57:00,Credential Stuffing,HIGH,0.936,72.2,MONITORING
THR-02672,EVT-017303,2026-09-07T20:40:00,SMB Activity,CRITICAL,0.815,93.1,INVESTIGATING
THR-02673,EVT-010400,2026-09-07T23:12:00,Suspicious External Connection,HIGH,0.777,69.3,NEW
THR-02674,EVT-029676,2026-09-12T17:57:00,Port Scan,MEDIUM,0.755,58.9,NEW
THR-02675,EVT-001595,2026-09-25T09:05:00,Command Execution,HIGH,0.929,76.4,MONITORING
THR-02676,EVT-010394,2026-09-13T18:42:00,SMB Activity,CRITICAL,0.764,89.3,NEW
THR-02677,EVT-007592,2026-09-03T11:32:00,Password Spray,HIGH,0.895,47.0,INVESTIGATING
THR-02678,EVT-011011,2026-09-10T22:56:00,Network Scan,MEDIUM,0.753,52.8,INVESTIGATING
THR-02679,EVT-022066,2026-09-01T02:42:00,Brute Force,HIGH,0.708,49.0,NEW
THR-02680,EVT-028647,2026-09-18T22:07:00,Network Scan,MEDIUM,0.717,57.0,NEW
THR-02681,EVT-022916,2026-09-01T12:19:00,Credential Stuffing,HIGH,0.8,70.2,MONITORING
THR-02682,EVT-015363,2026-09-02T12:59:00,Remote Service,CRITICAL,0.949,71.0,MONITORING
THR-02683,EVT-010692,2026-09-09T02:21:00,Ransomware-like Activity,CRITICAL,0.919,86.2,CONTAINED
THR-02684,EVT-024450,2026-09-25T01:17:00,Phishing Link,HIGH,0.971,63.9,MONITORING
THR-02685,EVT-007637,2026-09-22T14:10:00,Script Activity,HIGH,0.778,79.2,CONTAINED
THR-02686,EVT-001625,2026-09-23T14:48:00,RDP Activity,CRITICAL,0.812,45.7,NEW
THR-02687,EVT-015237,2026-09-11T22:22:00,Port Scan,MEDIUM,0.956,76.7,CONTAINED
THR-02688,EVT-020953,2026-09-09T00:42:00,SMB Activity,CRITICAL,0.856,93.1,NEW
THR-02689,EVT-023840,2026-09-16T03:17:00,Phishing Link,HIGH,0.768,60.4,NEW
THR-02690,EVT-003887,2026-09-22T04:16:00,Ransomware-like Activity,CRITICAL,0.838,97.0,MONITORING
THR-02691,EVT-015093,2026-09-08T00:41:00,Exploit Attempt,HIGH,0.874,48.2,NEW
THR-02692,EVT-002695,2026-09-26T23:57:00,Registry Change,HIGH,0.814,79.6,NEW
THR-02693,EVT-007786,2026-09-10T18:44:00,Port Scan,MEDIUM,0.75,70.9,NEW
THR-02694,EVT-020297,2026-09-23T04:30:00,Service Enumeration,MEDIUM,0.891,92.8,NEW
THR-02695,EVT-026912,2026-09-23T22:56:00,Phishing Link,HIGH,0.706,95.9,CONTAINED
THR-02696,EVT-006499,2026-09-05T01:54:00,Port Scan,MEDIUM,0.711,69.4,MONITORING
THR-02697,EVT-013945,2026-09-26T11:05:00,Process Anomaly,HIGH,0.921,88.6,MONITORING
THR-02698,EVT-027106,2026-09-15T02:46:00,Suspicious External Connection,HIGH,0.823,50.2,CONTAINED
THR-02699,EVT-004773,2026-09-13T20:58:00,Archive Transfer,CRITICAL,0.894,73.3,INVESTIGATING
THR-02700,EVT-012593,2026-09-21T19:29:00,Phishing Link,HIGH,0.752,48.6,CONTAINED
THR-02701,EVT-016531,2026-09-18T07:37:00,RDP Activity,CRITICAL,0.961,76.0,NEW
THR-02702,EVT-011743,2026-09-18T09:10:00,Command Execution,HIGH,0.873,53.4,MONITORING
THR-02703,EVT-012973,2026-09-02T22:01:00,Password Spray,HIGH,0.941,97.6,INVESTIGATING
THR-02704,EVT-026261,2026-09-14T06:13:00,Unusual Upload,CRITICAL,0.859,63.8,NEW
THR-02705,EVT-002887,2026-09-13T13:57:00,Credential Stuffing,HIGH,0.751,79.0,MONITORING
THR-02706,EVT-001597,2026-09-04T11:54:00,Mass File Modification,CRITICAL,0.803,56.6,INVESTIGATING
THR-02707,EVT-009788,2026-09-25T17:32:00,Suspicious Login,HIGH,0.962,64.4,CONTAINED
THR-02708,EVT-020420,2026-09-03T03:49:00,Command Execution,HIGH,0.711,93.9,INVESTIGATING
THR-02709,EVT-002545,2026-09-14T08:31:00,Command Execution,HIGH,0.851,85.1,CONTAINED
THR-02710,EVT-026887,2026-09-03T01:47:00,Large Outbound Transfer,CRITICAL,0.788,84.0,INVESTIGATING
THR-02711,EVT-011028,2026-09-08T23:51:00,Process Anomaly,HIGH,0.81,89.8,NEW
THR-02712,EVT-003328,2026-09-12T17:05:00,Unusual Upload,CRITICAL,0.742,93.2,NEW
THR-02713,EVT-019907,2026-09-16T17:59:00,RDP Activity,CRITICAL,0.876,45.1,CONTAINED
THR-02714,EVT-014618,2026-09-21T17:02:00,Credential Stuffing,HIGH,0.962,47.8,MONITORING
THR-02715,EVT-005325,2026-09-04T06:02:00,Command Execution,HIGH,0.943,53.0,CONTAINED
THR-02716,EVT-004487,2026-09-03T09:37:00,Network Scan,MEDIUM,0.94,72.7,NEW
THR-02717,EVT-020221,2026-09-13T07:13:00,Process Anomaly,HIGH,0.892,52.2,CONTAINED
THR-02718,EVT-021106,2026-09-19T18:09:00,Registry Change,HIGH,0.764,73.6,INVESTIGATING
THR-02719,EVT-020667,2026-09-23T11:28:00,Password Spray,HIGH,0.9,76.4,NEW
THR-02720,EVT-004178,2026-09-06T05:35:00,New Service,HIGH,0.72,76.9,CONTAINED
THR-02721,EVT-029792,2026-09-10T22:43:00,Network Scan,MEDIUM,0.824,98.2,NEW
THR-02722,EVT-013492,2026-09-04T22:54:00,RDP Activity,CRITICAL,0.794,64.0,MONITORING
THR-02723,EVT-025570,2026-09-14T03:58:00,RDP Activity,CRITICAL,0.854,66.4,CONTAINED
THR-02724,EVT-017354,2026-09-02T09:12:00,Port Scan,MEDIUM,0.866,63.1,NEW
THR-02725,EVT-004327,2026-09-10T05:49:00,Mass File Modification,CRITICAL,0.878,51.0,CONTAINED
THR-02726,EVT-026894,2026-09-09T04:01:00,Suspicious Login,HIGH,0.779,87.4,NEW
THR-02727,EVT-028198,2026-09-15T19:30:00,Credential Stuffing,HIGH,0.838,97.2,NEW
THR-02728,EVT-007103,2026-09-13T18:27:00,Service Enumeration,MEDIUM,0.949,51.0,INVESTIGATING
THR-02729,EVT-023636,2026-09-08T00:22:00,Suspicious Login,HIGH,0.806,51.3,MONITORING
THR-02730,EVT-007834,2026-09-18T08:11:00,Brute Force,HIGH,0.85,98.2,INVESTIGATING
THR-02731,EVT-014399,2026-09-11T18:21:00,Service Enumeration,MEDIUM,0.987,61.8,CONTAINED
THR-02732,EVT-006349,2026-09-14T06:35:00,Ransomware-like Activity,CRITICAL,0.867,89.2,INVESTIGATING
THR-02733,EVT-012391,2026-09-19T12:45:00,Process Anomaly,HIGH,0.798,85.9,CONTAINED
THR-02734,EVT-028059,2026-09-19T11:41:00,Phishing Link,HIGH,0.931,72.6,INVESTIGATING
THR-02735,EVT-029318,2026-09-04T14:32:00,Mass File Modification,CRITICAL,0.742,70.5,MONITORING
THR-02736,EVT-009355,2026-09-03T13:35:00,Password Spray,HIGH,0.707,73.8,MONITORING
THR-02737,EVT-009384,2026-09-20T13:30:00,Ransomware-like Activity,CRITICAL,0.846,80.6,NEW
THR-02738,EVT-003633,2026-09-24T20:50:00,Scheduled Task,HIGH,0.839,87.2,NEW
THR-02739,EVT-025749,2026-09-06T02:33:00,Brute Force,HIGH,0.884,76.4,INVESTIGATING
THR-02740,EVT-012004,2026-09-07T00:36:00,Port Scan,MEDIUM,0.712,95.6,NEW
THR-02741,EVT-010524,2026-09-08T15:49:00,Registry Change,HIGH,0.772,77.0,INVESTIGATING
THR-02742,EVT-001244,2026-09-22T02:14:00,Exploit Attempt,HIGH,0.831,86.2,NEW
THR-02743,EVT-008656,2026-09-16T05:40:00,Brute Force,HIGH,0.719,52.7,CONTAINED
THR-02744,EVT-013725,2026-09-22T09:30:00,Scheduled Task,HIGH,0.919,79.3,NEW
THR-02745,EVT-001398,2026-09-18T09:53:00,Exploit Attempt,HIGH,0.755,69.6,MONITORING
THR-02746,EVT-003545,2026-09-27T09:28:00,Suspicious Login,HIGH,0.979,77.6,NEW
THR-02747,EVT-026783,2026-09-11T16:17:00,Phishing Link,HIGH,0.86,57.8,NEW
THR-02748,EVT-005073,2026-09-13T23:41:00,Credential Stuffing,HIGH,0.739,72.8,CONTAINED
THR-02749,EVT-025146,2026-09-24T14:08:00,Suspicious Login,HIGH,0.951,90.2,MONITORING
THR-02750,EVT-014435,2026-09-23T20:04:00,Network Scan,MEDIUM,0.987,87.9,MONITORING
THR-02751,EVT-029541,2026-09-10T10:30:00,SMB Activity,CRITICAL,0.768,97.3,MONITORING
THR-02752,EVT-020207,2026-09-06T02:43:00,SMB Activity,CRITICAL,0.741,47.8,CONTAINED
THR-02753,EVT-006483,2026-09-03T09:57:00,Service Enumeration,MEDIUM,0.808,60.0,MONITORING
THR-02754,EVT-023041,2026-09-14T06:39:00,Command Execution,HIGH,0.853,54.7,MONITORING
THR-02755,EVT-019997,2026-09-05T00:33:00,Mass File Modification,CRITICAL,0.836,93.4,NEW
THR-02756,EVT-029666,2026-09-27T08:11:00,Unusual Upload,CRITICAL,0.827,90.0,INVESTIGATING
THR-02757,EVT-013379,2026-09-10T00:09:00,Service Enumeration,MEDIUM,0.899,84.9,CONTAINED
THR-02758,EVT-021524,2026-09-26T17:52:00,Brute Force,HIGH,0.922,65.3,MONITORING
THR-02759,EVT-023861,2026-09-09T00:20:00,SMB Activity,CRITICAL,0.737,89.4,MONITORING
THR-02760,EVT-016393,2026-09-23T16:35:00,Remote Service,CRITICAL,0.869,73.9,INVESTIGATING
THR-02761,EVT-023517,2026-09-05T07:26:00,SMB Activity,CRITICAL,0.965,55.6,INVESTIGATING
THR-02762,EVT-000383,2026-09-27T07:15:00,Phishing Link,HIGH,0.94,96.0,CONTAINED
THR-02763,EVT-013463,2026-09-15T22:02:00,Brute Force,HIGH,0.879,62.3,MONITORING
THR-02764,EVT-026080,2026-09-24T10:34:00,Script Activity,HIGH,0.845,83.7,MONITORING
THR-02765,EVT-004668,2026-09-06T12:29:00,Network Scan,MEDIUM,0.877,81.8,MONITORING
THR-02766,EVT-028562,2026-09-16T20:57:00,Script Activity,HIGH,0.779,91.5,NEW
THR-02767,EVT-004132,2026-09-25T18:11:00,Port Scan,MEDIUM,0.953,74.2,INVESTIGATING
THR-02768,EVT-002254,2026-09-09T09:07:00,Port Scan,MEDIUM,0.947,62.4,NEW
THR-02769,EVT-009091,2026-09-18T11:43:00,Exploit Attempt,HIGH,0.957,81.7,CONTAINED
THR-02770,EVT-010552,2026-09-08T01:39:00,Registry Change,HIGH,0.956,72.6,NEW
THR-02771,EVT-007988,2026-09-06T02:25:00,Suspicious Login,HIGH,0.717,95.5,NEW
THR-02772,EVT-002961,2026-09-15T13:36:00,Exploit Attempt,HIGH,0.919,82.6,INVESTIGATING
THR-02773,EVT-020103,2026-09-25T17:37:00,Large Outbound Transfer,CRITICAL,0.741,59.7,NEW
THR-02774,EVT-014039,2026-09-26T01:53:00,Password Spray,HIGH,0.711,84.9,NEW
THR-02775,EVT-021104,2026-09-05T13:41:00,SMB Activity,CRITICAL,0.798,47.2,CONTAINED
THR-02776,EVT-011922,2026-09-08T15:16:00,Internal Login Burst,CRITICAL,0.832,73.0,CONTAINED
THR-02777,EVT-017109,2026-09-26T05:55:00,Remote Service,CRITICAL,0.782,77.4,INVESTIGATING
THR-02778,EVT-017250,2026-09-13T01:12:00,Script Activity,HIGH,0.791,78.6,INVESTIGATING
THR-02779,EVT-013719,2026-09-17T04:25:00,Process Anomaly,HIGH,0.774,45.1,CONTAINED
THR-02780,EVT-028154,2026-09-14T02:11:00,Network Scan,MEDIUM,0.921,75.6,INVESTIGATING
THR-02781,EVT-002576,2026-09-18T09:42:00,Phishing Link,HIGH,0.759,65.6,NEW
THR-02782,EVT-021560,2026-09-16T01:36:00,Mass File Modification,CRITICAL,0.828,59.8,CONTAINED
THR-02783,EVT-007498,2026-09-22T14:54:00,Ransomware-like Activity,CRITICAL,0.878,69.8,MONITORING
THR-02784,EVT-004723,2026-09-03T13:44:00,Exploit Attempt,HIGH,0.704,68.2,INVESTIGATING
THR-02785,EVT-025006,2026-09-12T22:54:00,Password Spray,HIGH,0.898,93.7,INVESTIGATING
THR-02786,EVT-027212,2026-09-14T01:34:00,Phishing Link,HIGH,0.911,61.8,MONITORING
THR-02787,EVT-016798,2026-09-11T22:57:00,Registry Change,HIGH,0.765,66.3,INVESTIGATING
THR-02788,EVT-016440,2026-09-23T12:17:00,Remote Service,CRITICAL,0.833,83.6,NEW
THR-02789,EVT-021684,2026-09-05T19:15:00,Port Scan,MEDIUM,0.705,64.3,NEW
THR-02790,EVT-024857,2026-09-14T07:55:00,Suspicious External Connection,HIGH,0.955,52.7,MONITORING
THR-02791,EVT-021044,2026-09-25T01:41:00,Suspicious External Connection,HIGH,0.749,67.3,NEW
THR-02792,EVT-023912,2026-09-05T15:58:00,Exploit Attempt,HIGH,0.804,65.6,INVESTIGATING
THR-02793,EVT-026181,2026-09-19T22:24:00,RDP Activity,CRITICAL,0.806,50.7,NEW
THR-02794,EVT-013668,2026-09-01T22:27:00,Network Scan,MEDIUM,0.894,78.9,NEW
THR-02795,EVT-027099,2026-09-21T22:40:00,Suspicious Login,HIGH,0.932,75.9,CONTAINED
THR-02796,EVT-009582,2026-09-22T12:54:00,Password Spray,HIGH,0.852,62.2,NEW
THR-02797,EVT-003044,2026-09-24T05:38:00,Script Activity,HIGH,0.844,81.8,INVESTIGATING
THR-02798,EVT-029963,2026-09-06T23:41:00,New Service,HIGH,0.7,46.5,NEW
THR-02799,EVT-000181,2026-09-08T07:59:00,Port Scan,MEDIUM,0.859,55.4,CONTAINED
THR-02800,EVT-016511,2026-09-14T00:36:00,Suspicious Login,HIGH,0.87,73.9,NEW
THR-02801,EVT-015226,2026-09-20T23:36:00,Internal Login Burst,CRITICAL,0.846,89.1,NEW
THR-02802,EVT-021528,2026-09-03T02:44:00,Port Scan,MEDIUM,0.891,86.4,INVESTIGATING
THR-02803,EVT-022049,2026-09-15T22:46:00,Process Anomaly,HIGH,0.764,45.2,MONITORING
THR-02804,EVT-006132,2026-09-13T03:56:00,Phishing Link,HIGH,0.885,93.4,MONITORING
THR-02805,EVT-026633,2026-09-08T07:40:00,Password Spray,HIGH,0.955,49.9,INVESTIGATING
THR-02806,EVT-011840,2026-09-26T04:15:00,Internal Login Burst,CRITICAL,0.913,75.3,INVESTIGATING
THR-02807,EVT-006119,2026-09-02T08:56:00,Port Scan,MEDIUM,0.859,50.6,MONITORING
THR-02808,EVT-025701,2026-09-02T09:47:00,Phishing Link,HIGH,0.971,46.0,INVESTIGATING
THR-02809,EVT-028367,2026-09-04T01:25:00,Suspicious Login,HIGH,0.788,54.4,NEW
THR-02810,EVT-021423,2026-09-04T21:03:00,SMB Activity,CRITICAL,0.817,63.6,NEW
THR-02811,EVT-008190,2026-09-02T22:00:00,Command Execution,HIGH,0.846,83.5,INVESTIGATING
THR-02812,EVT-016852,2026-09-03T02:49:00,Script Activity,HIGH,0.709,70.6,INVESTIGATING
THR-02813,EVT-023095,2026-09-11T22:35:00,Service Disruption,CRITICAL,0.941,49.6,INVESTIGATING
THR-02814,EVT-017111,2026-09-21T06:46:00,Credential Stuffing,HIGH,0.771,59.5,MONITORING
THR-02815,EVT-029335,2026-09-16T23:06:00,Large Outbound Transfer,CRITICAL,0.795,48.1,CONTAINED
THR-02816,EVT-002313,2026-09-17T14:53:00,Process Anomaly,HIGH,0.84,88.5,INVESTIGATING
THR-02817,EVT-005860,2026-09-26T10:24:00,Network Scan,MEDIUM,0.728,70.9,CONTAINED
THR-02818,EVT-025975,2026-09-24T19:54:00,Process Anomaly,HIGH,0.929,65.5,NEW
THR-02819,EVT-000943,2026-09-08T07:54:00,Script Activity,HIGH,0.719,94.8,MONITORING
THR-02820,EVT-009560,2026-09-17T10:36:00,Scheduled Task,HIGH,0.94,57.0,MONITORING
THR-02821,EVT-018225,2026-09-07T15:27:00,Exploit Attempt,HIGH,0.959,73.7,CONTAINED
THR-02822,EVT-009141,2026-09-23T10:06:00,Suspicious Login,HIGH,0.898,56.4,INVESTIGATING
THR-02823,EVT-028944,2026-09-03T20:40:00,Brute Force,HIGH,0.798,91.2,INVESTIGATING
THR-02824,EVT-018700,2026-09-02T13:43:00,SMB Activity,CRITICAL,0.79,45.9,CONTAINED
THR-02825,EVT-005680,2026-09-10T18:52:00,Service Disruption,CRITICAL,0.97,96.9,INVESTIGATING
THR-02826,EVT-013683,2026-09-22T15:19:00,Registry Change,HIGH,0.76,54.5,MONITORING
THR-02827,EVT-016270,2026-09-13T06:11:00,Network Scan,MEDIUM,0.933,89.2,NEW
THR-02828,EVT-000907,2026-09-05T20:09:00,Large Outbound Transfer,CRITICAL,0.874,61.7,MONITORING
THR-02829,EVT-019413,2026-09-25T03:37:00,Phishing Link,HIGH,0.822,53.9,CONTAINED
THR-02830,EVT-003425,2026-09-07T06:47:00,Internal Login Burst,CRITICAL,0.92,81.6,CONTAINED
THR-02831,EVT-008347,2026-09-17T09:04:00,Registry Change,HIGH,0.951,85.4,INVESTIGATING
THR-02832,EVT-020402,2026-09-19T18:11:00,Brute Force,HIGH,0.973,61.9,NEW
THR-02833,EVT-014340,2026-09-18T10:57:00,Large Outbound Transfer,CRITICAL,0.855,87.0,MONITORING
THR-02834,EVT-009044,2026-09-04T17:38:00,Phishing Link,HIGH,0.705,75.2,CONTAINED
THR-02835,EVT-014142,2026-09-25T17:26:00,SMB Activity,CRITICAL,0.825,89.1,CONTAINED
THR-02836,EVT-018480,2026-09-15T01:24:00,Phishing Link,HIGH,0.778,62.9,CONTAINED
THR-02837,EVT-017812,2026-09-03T18:35:00,Password Spray,HIGH,0.828,96.1,MONITORING
THR-02838,EVT-007407,2026-09-09T02:06:00,SMB Activity,CRITICAL,0.786,94.7,CONTAINED
THR-02839,EVT-002027,2026-09-22T17:09:00,Port Scan,MEDIUM,0.962,76.3,MONITORING
THR-02840,EVT-027316,2026-09-14T22:23:00,Suspicious Login,HIGH,0.836,67.8,NEW
THR-02841,EVT-024405,2026-09-20T23:09:00,Internal Login Burst,CRITICAL,0.89,96.5,NEW
THR-02842,EVT-021558,2026-09-05T21:32:00,Password Spray,HIGH,0.707,92.5,NEW
THR-02843,EVT-017948,2026-09-09T15:56:00,Network Scan,MEDIUM,0.935,68.2,MONITORING
THR-02844,EVT-007055,2026-09-13T18:53:00,Brute Force,HIGH,0.954,73.3,INVESTIGATING
THR-02845,EVT-022620,2026-09-15T17:40:00,Network Scan,MEDIUM,0.776,95.2,CONTAINED
THR-02846,EVT-012524,2026-09-26T13:20:00,Large Outbound Transfer,CRITICAL,0.9,61.6,CONTAINED
THR-02847,EVT-016900,2026-09-10T00:21:00,Port Scan,MEDIUM,0.83,87.7,MONITORING
THR-02848,EVT-021603,2026-09-22T17:56:00,Process Anomaly,HIGH,0.816,94.3,MONITORING
THR-02849,EVT-019331,2026-09-12T00:04:00,Unusual Upload,CRITICAL,0.896,74.7,MONITORING
THR-02850,EVT-003587,2026-09-08T05:04:00,Network Scan,MEDIUM,0.811,71.0,NEW
THR-02851,EVT-013873,2026-09-24T21:05:00,Remote Service,CRITICAL,0.779,61.6,INVESTIGATING
THR-02852,EVT-007365,2026-09-26T19:07:00,Password Spray,HIGH,0.959,97.4,MONITORING
THR-02853,EVT-003008,2026-09-03T03:56:00,Command Execution,HIGH,0.807,74.2,NEW
THR-02854,EVT-011914,2026-09-15T09:48:00,Process Anomaly,HIGH,0.775,47.7,NEW
THR-02855,EVT-015681,2026-09-06T07:59:00,Password Spray,HIGH,0.725,64.9,MONITORING
THR-02856,EVT-001769,2026-09-05T16:42:00,Password Spray,HIGH,0.8,48.7,NEW
THR-02857,EVT-029936,2026-09-14T20:14:00,Service Enumeration,MEDIUM,0.914,57.7,CONTAINED
THR-02858,EVT-027282,2026-09-27T18:20:00,RDP Activity,CRITICAL,0.739,72.2,CONTAINED
THR-02859,EVT-024863,2026-09-20T08:27:00,Internal Login Burst,CRITICAL,0.812,88.8,NEW
THR-02860,EVT-029363,2026-09-21T23:58:00,Phishing Link,HIGH,0.839,74.7,NEW
THR-02861,EVT-022495,2026-09-24T11:39:00,Password Spray,HIGH,0.799,50.9,INVESTIGATING
THR-02862,EVT-007829,2026-09-14T10:19:00,Exploit Attempt,HIGH,0.857,76.2,INVESTIGATING
THR-02863,EVT-016871,2026-09-06T18:58:00,Suspicious Login,HIGH,0.825,80.3,NEW
THR-02864,EVT-000914,2026-09-07T20:04:00,Suspicious Login,HIGH,0.949,83.6,CONTAINED
THR-02865,EVT-002714,2026-09-11T19:18:00,Brute Force,HIGH,0.896,65.0,NEW
THR-02866,EVT-009170,2026-09-16T01:26:00,Password Spray,HIGH,0.778,67.8,MONITORING
THR-02867,EVT-011138,2026-09-11T05:38:00,Service Disruption,CRITICAL,0.731,80.0,MONITORING
THR-02868,EVT-012370,2026-09-27T17:51:00,SMB Activity,CRITICAL,0.951,73.4,CONTAINED
THR-02869,EVT-011391,2026-09-07T09:43:00,Service Enumeration,MEDIUM,0.897,98.5,MONITORING
THR-02870,EVT-002326,2026-09-05T12:55:00,Script Activity,HIGH,0.957,67.3,CONTAINED
THR-02871,EVT-008616,2026-09-21T20:26:00,Process Anomaly,HIGH,0.964,61.1,INVESTIGATING
THR-02872,EVT-000149,2026-09-20T19:23:00,Scheduled Task,HIGH,0.937,54.8,NEW
THR-02873,EVT-021170,2026-09-03T03:06:00,Suspicious Login,HIGH,0.721,65.2,INVESTIGATING
THR-02874,EVT-014096,2026-09-04T13:42:00,Service Enumeration,MEDIUM,0.918,74.0,MONITORING
THR-02875,EVT-022505,2026-09-27T09:30:00,Suspicious External Connection,HIGH,0.703,55.7,CONTAINED
THR-02876,EVT-012826,2026-09-24T03:38:00,SMB Activity,CRITICAL,0.755,65.4,INVESTIGATING
THR-02877,EVT-022185,2026-09-21T22:39:00,Credential Stuffing,HIGH,0.874,71.7,INVESTIGATING
THR-02878,EVT-000632,2026-09-19T09:49:00,Password Spray,HIGH,0.712,66.9,NEW
THR-02879,EVT-011588,2026-09-24T15:58:00,Ransomware-like Activity,CRITICAL,0.958,84.8,INVESTIGATING
THR-02880,EVT-021240,2026-09-21T21:38:00,SMB Activity,CRITICAL,0.753,59.8,MONITORING
THR-02881,EVT-023271,2026-09-20T09:48:00,Service Enumeration,MEDIUM,0.924,90.6,INVESTIGATING
THR-02882,EVT-010884,2026-09-05T06:01:00,SMB Activity,CRITICAL,0.929,57.8,NEW
THR-02883,EVT-004403,2026-09-15T04:58:00,SMB Activity,CRITICAL,0.906,93.0,MONITORING
THR-02884,EVT-009770,2026-09-03T16:34:00,Ransomware-like Activity,CRITICAL,0.864,95.9,MONITORING
THR-02885,EVT-003821,2026-09-22T00:52:00,Exploit Attempt,HIGH,0.84,84.6,CONTAINED
THR-02886,EVT-027464,2026-09-17T08:16:00,Suspicious Login,HIGH,0.827,75.3,NEW
THR-02887,EVT-023698,2026-09-14T15:22:00,Archive Transfer,CRITICAL,0.913,65.1,INVESTIGATING
THR-02888,EVT-014806,2026-09-02T00:51:00,Script Activity,HIGH,0.912,45.5,MONITORING
THR-02889,EVT-024867,2026-09-26T00:51:00,New Service,HIGH,0.833,59.1,MONITORING
THR-02890,EVT-000694,2026-09-04T01:46:00,Service Enumeration,MEDIUM,0.824,87.1,MONITORING
THR-02891,EVT-007753,2026-09-06T04:24:00,Suspicious Login,HIGH,0.972,62.0,MONITORING
THR-02892,EVT-012864,2026-09-10T20:45:00,Service Enumeration,MEDIUM,0.933,80.2,NEW
THR-02893,EVT-027135,2026-09-10T00:48:00,Registry Change,HIGH,0.784,63.1,MONITORING
THR-02894,EVT-008059,2026-09-19T07:51:00,SMB Activity,CRITICAL,0.918,79.1,CONTAINED
THR-02895,EVT-003870,2026-09-25T04:56:00,Suspicious External Connection,HIGH,0.788,52.9,MONITORING
THR-02896,EVT-009683,2026-09-03T09:16:00,Remote Service,CRITICAL,0.929,87.5,NEW
THR-02897,EVT-026968,2026-09-18T08:26:00,Process Anomaly,HIGH,0.848,59.7,NEW
THR-02898,EVT-000322,2026-09-05T02:30:00,Internal Login Burst,CRITICAL,0.728,64.3,MONITORING
THR-02899,EVT-018025,2026-09-11T01:28:00,Suspicious Login,HIGH,0.761,53.8,MONITORING
THR-02900,EVT-020636,2026-09-23T11:03:00,Exploit Attempt,HIGH,0.892,88.3,MONITORING
THR-02901,EVT-014852,2026-09-02T14:43:00,Remote Service,CRITICAL,0.711,80.9,INVESTIGATING
THR-02902,EVT-021713,2026-09-09T16:40:00,Remote Service,CRITICAL,0.704,74.4,MONITORING
THR-02903,EVT-024851,2026-09-10T07:15:00,Internal Login Burst,CRITICAL,0.727,60.7,INVESTIGATING
THR-02904,EVT-023473,2026-09-11T13:59:00,Registry Change,HIGH,0.881,69.6,CONTAINED
THR-02905,EVT-021407,2026-09-03T16:36:00,Mass File Modification,CRITICAL,0.775,96.0,CONTAINED
THR-02906,EVT-023649,2026-09-25T23:19:00,Suspicious Login,HIGH,0.757,96.2,NEW
THR-02907,EVT-015962,2026-09-16T18:38:00,Large Outbound Transfer,CRITICAL,0.977,56.5,CONTAINED
THR-02908,EVT-003877,2026-09-13T08:28:00,Service Enumeration,MEDIUM,0.873,68.4,INVESTIGATING
THR-02909,EVT-029772,2026-09-27T17:49:00,Suspicious Login,HIGH,0.847,61.2,NEW
THR-02910,EVT-000167,2026-09-04T11:31:00,Password Spray,HIGH,0.945,73.3,MONITORING
THR-02911,EVT-006418,2026-09-22T19:05:00,Credential Stuffing,HIGH,0.851,99.0,NEW
THR-02912,EVT-002594,2026-09-22T21:02:00,Brute Force,HIGH,0.811,97.7,MONITORING
THR-02913,EVT-026386,2026-09-01T11:28:00,Password Spray,HIGH,0.853,83.1,MONITORING
THR-02914,EVT-025663,2026-09-16T07:32:00,Password Spray,HIGH,0.724,96.0,INVESTIGATING
THR-02915,EVT-006321,2026-09-07T15:02:00,Brute Force,HIGH,0.733,51.1,INVESTIGATING
THR-02916,EVT-027322,2026-09-04T18:15:00,Unusual Upload,CRITICAL,0.969,81.1,CONTAINED
THR-02917,EVT-022586,2026-09-13T13:09:00,Suspicious External Connection,HIGH,0.833,61.6,CONTAINED
THR-02918,EVT-020780,2026-09-09T21:14:00,Network Scan,MEDIUM,0.864,71.3,NEW
THR-02919,EVT-029546,2026-09-10T19:13:00,Internal Login Burst,CRITICAL,0.892,86.0,NEW
THR-02920,EVT-001308,2026-09-03T13:08:00,Mass File Modification,CRITICAL,0.853,59.3,INVESTIGATING
THR-02921,EVT-021534,2026-09-26T22:57:00,Phishing Link,HIGH,0.883,52.8,INVESTIGATING
THR-02922,EVT-006248,2026-09-23T21:08:00,Service Disruption,CRITICAL,0.823,58.3,INVESTIGATING
THR-02923,EVT-012114,2026-09-26T20:51:00,Password Spray,HIGH,0.736,48.1,NEW
THR-02924,EVT-018729,2026-09-04T11:18:00,Registry Change,HIGH,0.913,52.6,CONTAINED
THR-02925,EVT-017263,2026-09-18T03:10:00,Password Spray,HIGH,0.743,49.5,CONTAINED
THR-02926,EVT-029081,2026-09-25T22:51:00,Scheduled Task,HIGH,0.85,95.5,NEW
THR-02927,EVT-028088,2026-09-17T21:36:00,Script Activity,HIGH,0.741,78.3,INVESTIGATING
THR-02928,EVT-023978,2026-09-11T04:00:00,Suspicious External Connection,HIGH,0.842,49.9,NEW
THR-02929,EVT-000124,2026-09-08T21:40:00,Suspicious Login,HIGH,0.763,67.5,INVESTIGATING
THR-02930,EVT-023350,2026-09-24T02:11:00,Credential Stuffing,HIGH,0.892,58.8,NEW
THR-02931,EVT-011651,2026-09-03T06:56:00,Service Enumeration,MEDIUM,0.761,70.6,INVESTIGATING
THR-02932,EVT-018166,2026-09-03T08:32:00,Port Scan,MEDIUM,0.859,57.1,NEW
THR-02933,EVT-029575,2026-09-13T22:24:00,Process Anomaly,HIGH,0.882,46.5,MONITORING
THR-02934,EVT-010142,2026-09-13T02:20:00,Remote Service,CRITICAL,0.788,92.8,INVESTIGATING
THR-02935,EVT-023759,2026-09-13T10:46:00,Credential Stuffing,HIGH,0.955,72.2,INVESTIGATING
THR-02936,EVT-024809,2026-09-08T12:32:00,Registry Change,HIGH,0.964,88.1,CONTAINED
THR-02937,EVT-015177,2026-09-17T20:34:00,Internal Login Burst,CRITICAL,0.842,45.7,MONITORING
THR-02938,EVT-014049,2026-09-21T23:24:00,Suspicious Login,HIGH,0.85,81.8,CONTAINED
THR-02939,EVT-029770,2026-09-04T02:32:00,Registry Change,HIGH,0.763,86.4,MONITORING
THR-02940,EVT-011410,2026-09-23T19:00:00,Remote Service,CRITICAL,0.927,51.8,MONITORING
THR-02941,EVT-019159,2026-09-01T17:13:00,Exploit Attempt,HIGH,0.774,78.6,MONITORING
THR-02942,EVT-006487,2026-09-21T15:45:00,Large Outbound Transfer,CRITICAL,0.884,76.0,INVESTIGATING
THR-02943,EVT-007027,2026-09-20T17:29:00,Exploit Attempt,HIGH,0.702,58.0,CONTAINED
THR-02944,EVT-002053,2026-09-06T17:22:00,Ransomware-like Activity,CRITICAL,0.928,93.7,INVESTIGATING
THR-02945,EVT-001053,2026-09-14T17:53:00,Internal Login Burst,CRITICAL,0.786,93.1,MONITORING
THR-02946,EVT-003206,2026-09-11T09:44:00,Service Enumeration,MEDIUM,0.703,88.1,INVESTIGATING
THR-02947,EVT-004820,2026-09-18T15:37:00,Network Scan,MEDIUM,0.864,48.7,NEW
THR-02948,EVT-009499,2026-09-21T21:57:00,Brute Force,HIGH,0.725,46.5,NEW
THR-02949,EVT-025605,2026-09-15T12:19:00,Network Scan,MEDIUM,0.769,65.0,NEW
THR-02950,EVT-027975,2026-09-08T23:52:00,Suspicious Login,HIGH,0.826,96.8,INVESTIGATING
THR-02951,EVT-003138,2026-09-03T18:52:00,Scheduled Task,HIGH,0.909,64.3,CONTAINED
THR-02952,EVT-028810,2026-09-11T22:54:00,Brute Force,HIGH,0.774,87.5,NEW
THR-02953,EVT-019661,2026-09-01T21:07:00,Network Scan,MEDIUM,0.865,56.1,NEW
THR-02954,EVT-006098,2026-09-05T08:44:00,Internal Login Burst,CRITICAL,0.746,68.9,INVESTIGATING
THR-02955,EVT-021638,2026-09-02T22:18:00,RDP Activity,CRITICAL,0.727,88.9,INVESTIGATING
THR-02956,EVT-013629,2026-09-22T19:17:00,Phishing Link,HIGH,0.795,77.5,CONTAINED
THR-02957,EVT-010020,2026-09-04T14:53:00,Mass File Modification,CRITICAL,0.952,86.8,MONITORING
THR-02958,EVT-026613,2026-09-07T18:41:00,Mass File Modification,CRITICAL,0.71,74.0,INVESTIGATING
THR-02959,EVT-020809,2026-09-05T23:21:00,Password Spray,HIGH,0.774,62.7,NEW
THR-02960,EVT-009957,2026-09-14T07:56:00,Service Enumeration,MEDIUM,0.736,85.9,MONITORING
THR-02961,EVT-022979,2026-09-10T03:00:00,Remote Service,CRITICAL,0.805,57.9,NEW
THR-02962,EVT-008874,2026-09-27T01:23:00,Brute Force,HIGH,0.778,64.5,MONITORING
THR-02963,EVT-009286,2026-09-22T15:28:00,Archive Transfer,CRITICAL,0.757,91.9,INVESTIGATING
THR-02964,EVT-010694,2026-09-24T18:37:00,Script Activity,HIGH,0.837,57.6,INVESTIGATING
THR-02965,EVT-025400,2026-09-14T22:12:00,Suspicious External Connection,HIGH,0.885,71.8,INVESTIGATING
THR-02966,EVT-009031,2026-09-02T17:42:00,Large Outbound Transfer,CRITICAL,0.702,71.9,INVESTIGATING
THR-02967,EVT-028587,2026-09-05T10:41:00,Internal Login Burst,CRITICAL,0.958,94.4,CONTAINED
THR-02968,EVT-020257,2026-09-27T03:14:00,Service Enumeration,MEDIUM,0.848,57.4,NEW
THR-02969,EVT-025272,2026-09-25T09:55:00,Exploit Attempt,HIGH,0.789,53.7,NEW
THR-02970,EVT-026131,2026-09-07T11:54:00,Large Outbound Transfer,CRITICAL,0.75,86.1,MONITORING
THR-02971,EVT-006718,2026-09-23T06:39:00,Brute Force,HIGH,0.987,59.2,NEW
THR-02972,EVT-028692,2026-09-26T05:46:00,Password Spray,HIGH,0.713,56.2,INVESTIGATING
THR-02973,EVT-021212,2026-09-21T22:27:00,Password Spray,HIGH,0.78,98.8,MONITORING
THR-02974,EVT-000275,2026-09-25T07:09:00,Phishing Link,HIGH,0.701,95.2,INVESTIGATING
THR-02975,EVT-026645,2026-09-27T22:42:00,Network Scan,MEDIUM,0.89,53.8,NEW
THR-02976,EVT-019454,2026-09-13T11:57:00,Large Outbound Transfer,CRITICAL,0.848,89.0,INVESTIGATING
THR-02977,EVT-012742,2026-09-07T14:16:00,Script Activity,HIGH,0.84,49.6,CONTAINED
THR-02978,EVT-016448,2026-09-22T20:37:00,Suspicious External Connection,HIGH,0.75,63.3,NEW
THR-02979,EVT-002671,2026-09-07T12:48:00,Archive Transfer,CRITICAL,0.764,65.7,NEW
THR-02980,EVT-014625,2026-09-05T22:34:00,Password Spray,HIGH,0.912,70.5,CONTAINED
THR-02981,EVT-010309,2026-09-27T17:54:00,SMB Activity,CRITICAL,0.942,54.3,MONITORING
THR-02982,EVT-020165,2026-09-06T13:00:00,SMB Activity,CRITICAL,0.737,97.5,INVESTIGATING
THR-02983,EVT-015277,2026-09-24T14:38:00,Ransomware-like Activity,CRITICAL,0.975,59.9,CONTAINED
THR-02984,EVT-013478,2026-09-03T14:21:00,Suspicious Login,HIGH,0.805,73.7,INVESTIGATING
THR-02985,EVT-021785,2026-09-11T14:57:00,Process Anomaly,HIGH,0.873,86.9,NEW
THR-02986,EVT-015544,2026-09-06T02:32:00,Suspicious Login,HIGH,0.79,80.0,INVESTIGATING
THR-02987,EVT-000595,2026-09-14T10:44:00,Network Scan,MEDIUM,0.945,89.4,INVESTIGATING
THR-02988,EVT-009491,2026-09-18T08:28:00,Command Execution,HIGH,0.989,78.3,INVESTIGATING
THR-02989,EVT-021075,2026-09-22T06:45:00,Service Enumeration,MEDIUM,0.971,73.7,CONTAINED
THR-02990,EVT-002690,2026-09-12T22:00:00,Service Enumeration,MEDIUM,0.916,79.8,CONTAINED
THR-02991,EVT-024577,2026-09-18T01:24:00,New Service,HIGH,0.821,65.3,CONTAINED
THR-02992,EVT-021182,2026-09-25T22:14:00,Registry Change,HIGH,0.74,58.3,INVESTIGATING
THR-02993,EVT-009809,2026-09-15T13:50:00,Suspicious Login,HIGH,0.762,73.6,MONITORING
THR-02994,EVT-016324,2026-09-13T15:08:00,Large Outbound Transfer,CRITICAL,0.912,75.2,INVESTIGATING
THR-02995,EVT-004006,2026-09-24T17:52:00,Unusual Upload,CRITICAL,0.78,50.8,NEW
THR-02996,EVT-026908,2026-09-03T02:14:00,Service Disruption,CRITICAL,0.977,96.4,CONTAINED
THR-02997,EVT-012400,2026-09-10T21:31:00,Port Scan,MEDIUM,0.974,71.0,CONTAINED
THR-02998,EVT-029074,2026-09-23T09:42:00,Credential Stuffing,HIGH,0.851,91.3,CONTAINED
THR-02999,EVT-020531,2026-09-21T20:59:00,Network Scan,MEDIUM,0.907,90.0,CONTAINED
THR-03000,EVT-029480,2026-09-11T23:35:00,Remote Service,CRITICAL,0.758,46.3,INVESTIGATING
THR-03001,EVT-013427,2026-09-27T09:27:00,Internal Login Burst,CRITICAL,0.955,91.1,CONTAINED
THR-03002,EVT-022757,2026-09-16T00:37:00,New Service,HIGH,0.821,79.1,INVESTIGATING
THR-03003,EVT-013960,2026-09-13T20:31:00,Credential Stuffing,HIGH,0.741,90.3,MONITORING
THR-03004,EVT-005954,2026-09-02T08:54:00,Phishing Link,HIGH,0.868,94.1,MONITORING
THR-03005,EVT-001554,2026-09-12T15:55:00,Suspicious Login,HIGH,0.829,93.6,CONTAINED
THR-03006,EVT-021126,2026-09-03T02:12:00,Unusual Upload,CRITICAL,0.905,80.2,INVESTIGATING
THR-03007,EVT-006255,2026-09-11T03:28:00,Mass File Modification,CRITICAL,0.922,77.5,INVESTIGATING
THR-03008,EVT-027849,2026-09-13T23:53:00,Brute Force,HIGH,0.963,95.9,NEW
THR-03009,EVT-002388,2026-09-15T20:48:00,RDP Activity,CRITICAL,0.848,75.8,INVESTIGATING
THR-03010,EVT-015631,2026-09-06T02:03:00,Phishing Link,HIGH,0.711,57.7,CONTAINED
THR-03011,EVT-017958,2026-09-08T21:53:00,Suspicious Login,HIGH,0.815,49.0,CONTAINED
THR-03012,EVT-014270,2026-09-05T06:25:00,New Service,HIGH,0.927,92.9,INVESTIGATING
THR-03013,EVT-008670,2026-09-16T11:35:00,Port Scan,MEDIUM,0.889,63.4,NEW
THR-03014,EVT-026763,2026-09-16T06:44:00,Large Outbound Transfer,CRITICAL,0.701,50.0,MONITORING
THR-03015,EVT-004877,2026-09-09T22:25:00,Phishing Link,HIGH,0.82,88.8,NEW
THR-03016,EVT-021465,2026-09-18T16:56:00,SMB Activity,CRITICAL,0.935,70.6,CONTAINED
THR-03017,EVT-013462,2026-09-02T08:41:00,Registry Change,HIGH,0.793,58.2,NEW
THR-03018,EVT-015289,2026-09-03T20:27:00,Brute Force,HIGH,0.736,80.2,NEW
THR-03019,EVT-025886,2026-09-20T17:05:00,Port Scan,MEDIUM,0.919,80.8,INVESTIGATING
THR-03020,EVT-023230,2026-09-13T21:14:00,Service Enumeration,MEDIUM,0.8,93.1,NEW
THR-03021,EVT-016202,2026-09-17T19:53:00,Phishing Link,HIGH,0.809,90.9,NEW
THR-03022,EVT-010013,2026-09-07T02:10:00,RDP Activity,CRITICAL,0.843,98.4,CONTAINED
THR-03023,EVT-012251,2026-09-06T16:20:00,Phishing Link,HIGH,0.904,68.5,NEW
THR-03024,EVT-012041,2026-09-21T04:39:00,Scheduled Task,HIGH,0.736,93.3,MONITORING
THR-03025,EVT-014742,2026-09-03T17:39:00,Exploit Attempt,HIGH,0.855,54.9,INVESTIGATING
THR-03026,EVT-016700,2026-09-13T10:16:00,Unusual Upload,CRITICAL,0.733,62.6,INVESTIGATING
THR-03027,EVT-007729,2026-09-19T08:05:00,Service Enumeration,MEDIUM,0.927,84.4,NEW
THR-03028,EVT-014913,2026-09-09T22:06:00,Exploit Attempt,HIGH,0.925,97.5,MONITORING
THR-03029,EVT-021277,2026-09-14T12:22:00,Process Anomaly,HIGH,0.892,70.8,NEW
THR-03030,EVT-017959,2026-09-06T11:52:00,Scheduled Task,HIGH,0.718,45.6,NEW
THR-03031,EVT-003933,2026-09-05T05:04:00,Suspicious Login,HIGH,0.97,81.5,INVESTIGATING
THR-03032,EVT-017864,2026-09-22T11:42:00,Port Scan,MEDIUM,0.93,88.1,CONTAINED
THR-03033,EVT-016823,2026-09-26T02:51:00,New Service,HIGH,0.967,47.6,MONITORING
THR-03034,EVT-009691,2026-09-19T22:43:00,Remote Service,CRITICAL,0.885,88.7,INVESTIGATING
THR-03035,EVT-008731,2026-09-23T10:23:00,RDP Activity,CRITICAL,0.942,48.1,INVESTIGATING
THR-03036,EVT-020932,2026-09-27T11:54:00,Mass File Modification,CRITICAL,0.838,80.3,CONTAINED
THR-03037,EVT-028841,2026-09-27T02:39:00,Password Spray,HIGH,0.984,65.6,INVESTIGATING
THR-03038,EVT-001588,2026-09-02T10:25:00,Password Spray,HIGH,0.828,54.5,MONITORING
THR-03039,EVT-008651,2026-09-11T07:30:00,Unusual Upload,CRITICAL,0.772,86.3,NEW
THR-03040,EVT-013658,2026-09-03T08:37:00,Exploit Attempt,HIGH,0.912,91.0,MONITORING
THR-03041,EVT-011767,2026-09-02T09:45:00,Phishing Link,HIGH,0.836,84.8,MONITORING
THR-03042,EVT-005170,2026-09-01T02:25:00,Password Spray,HIGH,0.795,68.6,NEW
THR-03043,EVT-010030,2026-09-11T04:30:00,Suspicious External Connection,HIGH,0.961,96.3,CONTAINED
THR-03044,EVT-011116,2026-09-06T08:23:00,Service Disruption,CRITICAL,0.804,75.3,NEW
THR-03045,EVT-008185,2026-09-18T14:18:00,Service Enumeration,MEDIUM,0.761,71.9,NEW
THR-03046,EVT-023273,2026-09-23T05:03:00,Service Disruption,CRITICAL,0.856,45.0,INVESTIGATING
THR-03047,EVT-007711,2026-09-21T01:17:00,Registry Change,HIGH,0.968,56.3,NEW
THR-03048,EVT-027897,2026-09-11T03:01:00,Remote Service,CRITICAL,0.985,93.7,CONTAINED
THR-03049,EVT-011266,2026-09-17T12:41:00,Internal Login Burst,CRITICAL,0.793,91.7,CONTAINED
THR-03050,EVT-006766,2026-09-15T20:03:00,Remote Service,CRITICAL,0.822,72.7,NEW
THR-03051,EVT-008175,2026-09-24T22:52:00,Remote Service,CRITICAL,0.96,92.9,CONTAINED
THR-03052,EVT-015113,2026-09-06T02:15:00,Port Scan,MEDIUM,0.86,74.2,NEW
THR-03053,EVT-020949,2026-09-17T19:32:00,Registry Change,HIGH,0.835,78.3,INVESTIGATING
THR-03054,EVT-009675,2026-09-24T05:44:00,Phishing Link,HIGH,0.947,86.0,MONITORING
THR-03055,EVT-012505,2026-09-06T11:18:00,Remote Service,CRITICAL,0.764,78.7,INVESTIGATING
THR-03056,EVT-022017,2026-09-15T01:45:00,RDP Activity,CRITICAL,0.783,72.4,CONTAINED
THR-03057,EVT-029914,2026-09-08T21:45:00,Unusual Upload,CRITICAL,0.845,46.6,NEW
THR-03058,EVT-007069,2026-09-19T03:56:00,New Service,HIGH,0.765,63.4,MONITORING
THR-03059,EVT-010549,2026-09-14T14:55:00,Archive Transfer,CRITICAL,0.872,64.4,NEW
THR-03060,EVT-017244,2026-09-06T02:08:00,RDP Activity,CRITICAL,0.832,97.7,INVESTIGATING
THR-03061,EVT-020749,2026-09-01T01:14:00,Mass File Modification,CRITICAL,0.806,46.6,CONTAINED
THR-03062,EVT-025952,2026-09-09T11:38:00,Unusual Upload,CRITICAL,0.909,94.8,INVESTIGATING
THR-03063,EVT-027144,2026-09-25T05:06:00,Suspicious Login,HIGH,0.833,47.7,INVESTIGATING
THR-03064,EVT-015443,2026-09-27T14:43:00,Remote Service,CRITICAL,0.727,95.0,CONTAINED
THR-03065,EVT-029618,2026-09-27T11:28:00,Archive Transfer,CRITICAL,0.891,50.4,CONTAINED
THR-03066,EVT-014788,2026-09-24T13:30:00,Large Outbound Transfer,CRITICAL,0.972,60.7,CONTAINED
THR-03067,EVT-021692,2026-09-06T22:29:00,Mass File Modification,CRITICAL,0.901,95.7,INVESTIGATING
THR-03068,EVT-022692,2026-09-12T21:25:00,Unusual Upload,CRITICAL,0.961,49.0,NEW
THR-03069,EVT-019047,2026-09-14T00:03:00,Password Spray,HIGH,0.985,75.3,MONITORING
THR-03070,EVT-012413,2026-09-07T08:14:00,Service Disruption,CRITICAL,0.893,48.3,INVESTIGATING
THR-03071,EVT-021981,2026-09-11T01:57:00,Service Enumeration,MEDIUM,0.729,45.7,INVESTIGATING
THR-03072,EVT-028976,2026-09-03T01:25:00,Phishing Link,HIGH,0.759,47.9,INVESTIGATING
THR-03073,EVT-020153,2026-09-11T03:56:00,Ransomware-like Activity,CRITICAL,0.82,46.7,CONTAINED
THR-03074,EVT-022832,2026-09-15T10:00:00,Network Scan,MEDIUM,0.792,73.6,MONITORING
THR-03075,EVT-003807,2026-09-17T05:52:00,Port Scan,MEDIUM,0.838,75.8,CONTAINED
THR-03076,EVT-003589,2026-09-11T17:22:00,Suspicious Login,HIGH,0.816,64.8,CONTAINED
THR-03077,EVT-009122,2026-09-03T02:05:00,Large Outbound Transfer,CRITICAL,0.77,66.5,NEW
THR-03078,EVT-029809,2026-09-26T07:07:00,Credential Stuffing,HIGH,0.917,53.7,NEW
THR-03079,EVT-029813,2026-09-06T15:59:00,Unusual Upload,CRITICAL,0.888,57.7,NEW
THR-03080,EVT-001099,2026-09-25T09:41:00,Brute Force,HIGH,0.933,89.0,NEW
THR-03081,EVT-017634,2026-09-18T06:23:00,SMB Activity,CRITICAL,0.759,73.1,NEW
THR-03082,EVT-000344,2026-09-07T04:16:00,Script Activity,HIGH,0.934,74.9,NEW
THR-03083,EVT-008608,2026-09-26T11:29:00,Suspicious Login,HIGH,0.973,48.5,INVESTIGATING
THR-03084,EVT-026878,2026-09-09T17:39:00,Brute Force,HIGH,0.761,87.1,NEW
THR-03085,EVT-018995,2026-09-06T14:30:00,Internal Login Burst,CRITICAL,0.924,62.3,NEW
THR-03086,EVT-009157,2026-09-10T06:49:00,Credential Stuffing,HIGH,0.876,61.3,MONITORING
THR-03087,EVT-022188,2026-09-18T14:24:00,New Service,HIGH,0.987,48.8,NEW
THR-03088,EVT-026574,2026-09-22T02:49:00,Password Spray,HIGH,0.794,86.4,MONITORING
THR-03089,EVT-004815,2026-09-20T03:22:00,Network Scan,MEDIUM,0.799,59.3,NEW
THR-03090,EVT-029775,2026-09-01T02:04:00,Suspicious Login,HIGH,0.798,92.7,MONITORING
THR-03091,EVT-014483,2026-09-23T11:24:00,Exploit Attempt,HIGH,0.818,75.2,MONITORING
THR-03092,EVT-002066,2026-09-24T12:46:00,Network Scan,MEDIUM,0.862,66.9,INVESTIGATING
THR-03093,EVT-006926,2026-09-22T22:23:00,Service Enumeration,MEDIUM,0.856,46.5,NEW
THR-03094,EVT-014864,2026-09-23T20:05:00,Phishing Link,HIGH,0.829,92.1,MONITORING
THR-03095,EVT-004749,2026-09-21T14:25:00,Process Anomaly,HIGH,0.719,57.9,MONITORING
THR-03096,EVT-019662,2026-09-06T14:13:00,Remote Service,CRITICAL,0.871,74.2,CONTAINED
THR-03097,EVT-005426,2026-09-07T12:49:00,Password Spray,HIGH,0.834,65.4,CONTAINED
THR-03098,EVT-000971,2026-09-20T09:08:00,Scheduled Task,HIGH,0.921,60.4,INVESTIGATING
THR-03099,EVT-027050,2026-09-13T07:42:00,Mass File Modification,CRITICAL,0.781,56.6,INVESTIGATING
THR-03100,EVT-026527,2026-09-17T19:05:00,Service Enumeration,MEDIUM,0.878,60.4,NEW
THR-03101,EVT-003435,2026-09-01T01:45:00,Port Scan,MEDIUM,0.966,90.3,MONITORING
THR-03102,EVT-009127,2026-09-08T09:51:00,New Service,HIGH,0.987,51.5,INVESTIGATING
THR-03103,EVT-008119,2026-09-12T14:45:00,Port Scan,MEDIUM,0.705,61.0,NEW
THR-03104,EVT-015133,2026-09-13T18:31:00,Phishing Link,HIGH,0.858,93.7,CONTAINED
THR-03105,EVT-016614,2026-09-12T20:39:00,Script Activity,HIGH,0.931,63.4,MONITORING
THR-03106,EVT-026078,2026-09-17T01:52:00,Password Spray,HIGH,0.943,79.1,CONTAINED
THR-03107,EVT-029084,2026-09-11T22:52:00,Port Scan,MEDIUM,0.877,62.7,NEW
THR-03108,EVT-001040,2026-09-24T13:36:00,Brute Force,HIGH,0.858,57.8,CONTAINED
THR-03109,EVT-008601,2026-09-27T10:18:00,Scheduled Task,HIGH,0.939,88.7,MONITORING
THR-03110,EVT-001635,2026-09-06T16:03:00,Process Anomaly,HIGH,0.807,45.4,CONTAINED
THR-03111,EVT-018821,2026-09-05T11:06:00,Unusual Upload,CRITICAL,0.734,66.6,MONITORING
THR-03112,EVT-006768,2026-09-18T06:14:00,Process Anomaly,HIGH,0.941,95.4,NEW
THR-03113,EVT-005659,2026-09-22T07:26:00,Suspicious External Connection,HIGH,0.898,75.3,NEW
THR-03114,EVT-002325,2026-09-23T02:15:00,Large Outbound Transfer,CRITICAL,0.806,45.1,MONITORING
THR-03115,EVT-012881,2026-09-11T18:43:00,Credential Stuffing,HIGH,0.772,47.6,MONITORING
THR-03116,EVT-008610,2026-09-09T16:02:00,Credential Stuffing,HIGH,0.981,94.3,NEW
THR-03117,EVT-011647,2026-09-16T15:38:00,Brute Force,HIGH,0.876,78.9,CONTAINED
THR-03118,EVT-020715,2026-09-25T21:34:00,Script Activity,HIGH,0.965,76.1,CONTAINED
THR-03119,EVT-012587,2026-09-08T07:09:00,Exploit Attempt,HIGH,0.729,97.1,CONTAINED
THR-03120,EVT-002904,2026-09-25T13:50:00,Exploit Attempt,HIGH,0.777,82.8,MONITORING
THR-03121,EVT-010540,2026-09-21T02:20:00,Exploit Attempt,HIGH,0.798,54.2,INVESTIGATING
THR-03122,EVT-003931,2026-09-17T16:49:00,Credential Stuffing,HIGH,0.915,60.8,NEW
THR-03123,EVT-024211,2026-09-02T07:00:00,Mass File Modification,CRITICAL,0.9,64.8,MONITORING
THR-03124,EVT-010946,2026-09-06T14:02:00,Credential Stuffing,HIGH,0.757,83.2,MONITORING
THR-03125,EVT-018875,2026-09-20T20:54:00,Suspicious Login,HIGH,0.837,47.3,INVESTIGATING
THR-03126,EVT-016846,2026-09-05T10:38:00,Suspicious External Connection,HIGH,0.944,85.6,INVESTIGATING
THR-03127,EVT-028318,2026-09-27T01:37:00,Remote Service,CRITICAL,0.837,76.1,INVESTIGATING
THR-03128,EVT-017705,2026-09-22T10:19:00,Password Spray,HIGH,0.81,52.0,INVESTIGATING
THR-03129,EVT-003964,2026-09-03T23:45:00,Internal Login Burst,CRITICAL,0.889,80.8,CONTAINED
THR-03130,EVT-028990,2026-09-05T16:47:00,Exploit Attempt,HIGH,0.736,45.2,NEW
THR-03131,EVT-028574,2026-09-06T22:12:00,Network Scan,MEDIUM,0.793,82.5,INVESTIGATING
THR-03132,EVT-008688,2026-09-21T23:08:00,SMB Activity,CRITICAL,0.769,96.4,INVESTIGATING
THR-03133,EVT-002391,2026-09-01T00:35:00,Process Anomaly,HIGH,0.966,91.0,CONTAINED
THR-03134,EVT-012596,2026-09-09T12:06:00,Brute Force,HIGH,0.723,95.4,MONITORING
THR-03135,EVT-025863,2026-09-10T15:47:00,Command Execution,HIGH,0.785,87.5,MONITORING
THR-03136,EVT-023844,2026-09-02T08:58:00,Port Scan,MEDIUM,0.805,98.3,CONTAINED
THR-03137,EVT-027056,2026-09-12T14:30:00,New Service,HIGH,0.747,73.6,MONITORING
THR-03138,EVT-022912,2026-09-15T16:18:00,Suspicious Login,HIGH,0.776,72.8,NEW
THR-03139,EVT-018245,2026-09-14T09:16:00,Suspicious External Connection,HIGH,0.937,90.0,MONITORING
THR-03140,EVT-004610,2026-09-24T23:40:00,Large Outbound Transfer,CRITICAL,0.778,73.0,CONTAINED
THR-03141,EVT-010002,2026-09-11T22:44:00,Port Scan,MEDIUM,0.799,78.3,MONITORING
THR-03142,EVT-029869,2026-09-14T04:38:00,Suspicious External Connection,HIGH,0.907,74.9,CONTAINED
THR-03143,EVT-020239,2026-09-23T23:45:00,Password Spray,HIGH,0.754,83.7,NEW
THR-03144,EVT-009425,2026-09-06T13:16:00,Phishing Link,HIGH,0.856,53.3,MONITORING
THR-03145,EVT-023611,2026-09-08T04:35:00,Command Execution,HIGH,0.747,48.7,INVESTIGATING
THR-03146,EVT-003037,2026-09-27T21:35:00,Mass File Modification,CRITICAL,0.919,85.1,NEW
THR-03147,EVT-009120,2026-09-07T14:41:00,Mass File Modification,CRITICAL,0.799,72.2,CONTAINED
THR-03148,EVT-025316,2026-09-24T18:30:00,Network Scan,MEDIUM,0.853,82.9,INVESTIGATING
THR-03149,EVT-023608,2026-09-25T23:50:00,Credential Stuffing,HIGH,0.89,75.7,CONTAINED
THR-03150,EVT-017842,2026-09-20T17:17:00,Brute Force,HIGH,0.742,49.1,MONITORING
THR-03151,EVT-004579,2026-09-05T11:50:00,Network Scan,MEDIUM,0.878,53.8,MONITORING
THR-03152,EVT-008446,2026-09-07T02:31:00,Process Anomaly,HIGH,0.818,90.3,MONITORING
THR-03153,EVT-006995,2026-09-12T14:09:00,Script Activity,HIGH,0.714,59.3,CONTAINED
THR-03154,EVT-004425,2026-09-19T20:51:00,Suspicious Login,HIGH,0.75,64.1,INVESTIGATING
THR-03155,EVT-024605,2026-09-27T09:37:00,RDP Activity,CRITICAL,0.904,87.0,MONITORING
THR-03156,EVT-014125,2026-09-10T21:24:00,Suspicious Login,HIGH,0.919,55.1,MONITORING
THR-03157,EVT-005581,2026-09-09T04:32:00,Service Disruption,CRITICAL,0.755,57.1,CONTAINED
THR-03158,EVT-012941,2026-09-20T09:26:00,Large Outbound Transfer,CRITICAL,0.868,67.1,MONITORING
THR-03159,EVT-021029,2026-09-24T08:06:00,Script Activity,HIGH,0.815,50.2,NEW
THR-03160,EVT-004091,2026-09-10T06:49:00,Network Scan,MEDIUM,0.838,65.7,MONITORING
THR-03161,EVT-015109,2026-09-25T17:06:00,Command Execution,HIGH,0.723,45.3,CONTAINED
THR-03162,EVT-006219,2026-09-04T02:37:00,Process Anomaly,HIGH,0.702,49.5,MONITORING
THR-03163,EVT-019641,2026-09-08T03:28:00,Port Scan,MEDIUM,0.985,61.7,MONITORING
THR-03164,EVT-012471,2026-09-02T04:12:00,SMB Activity,CRITICAL,0.904,95.3,MONITORING
THR-03165,EVT-016863,2026-09-10T12:38:00,Phishing Link,HIGH,0.835,85.8,INVESTIGATING
THR-03166,EVT-023363,2026-09-23T22:44:00,Process Anomaly,HIGH,0.83,87.9,INVESTIGATING
THR-03167,EVT-026200,2026-09-08T00:14:00,Unusual Upload,CRITICAL,0.945,51.5,INVESTIGATING
THR-03168,EVT-022314,2026-09-14T11:54:00,Network Scan,MEDIUM,0.874,52.3,INVESTIGATING
THR-03169,EVT-017739,2026-09-22T22:12:00,SMB Activity,CRITICAL,0.734,78.7,NEW
THR-03170,EVT-001642,2026-09-18T06:27:00,Remote Service,CRITICAL,0.84,64.4,INVESTIGATING
THR-03171,EVT-018751,2026-09-27T18:29:00,Internal Login Burst,CRITICAL,0.728,61.9,MONITORING
THR-03172,EVT-001788,2026-09-18T23:00:00,Port Scan,MEDIUM,0.915,55.0,CONTAINED
THR-03173,EVT-008630,2026-09-16T17:34:00,Process Anomaly,HIGH,0.912,83.6,NEW
THR-03174,EVT-015742,2026-09-07T23:31:00,Archive Transfer,CRITICAL,0.925,54.6,NEW
THR-03175,EVT-023782,2026-09-21T12:54:00,Large Outbound Transfer,CRITICAL,0.707,89.0,NEW
THR-03176,EVT-008645,2026-09-16T11:35:00,Mass File Modification,CRITICAL,0.873,87.3,CONTAINED
THR-03177,EVT-012648,2026-09-02T01:41:00,Large Outbound Transfer,CRITICAL,0.742,84.0,CONTAINED
THR-03178,EVT-005149,2026-09-26T14:42:00,Unusual Upload,CRITICAL,0.964,71.9,MONITORING
THR-03179,EVT-025399,2026-09-14T09:39:00,Command Execution,HIGH,0.893,58.2,MONITORING
THR-03180,EVT-021081,2026-09-26T08:54:00,Unusual Upload,CRITICAL,0.899,92.7,CONTAINED
THR-03181,EVT-024695,2026-09-22T11:04:00,Suspicious External Connection,HIGH,0.907,49.1,MONITORING
THR-03182,EVT-012646,2026-09-13T08:39:00,Large Outbound Transfer,CRITICAL,0.892,46.6,CONTAINED
THR-03183,EVT-024247,2026-09-03T11:24:00,Password Spray,HIGH,0.847,68.7,NEW
THR-03184,EVT-009105,2026-09-05T18:53:00,Suspicious External Connection,HIGH,0.755,65.9,MONITORING
THR-03185,EVT-021894,2026-09-17T02:25:00,Process Anomaly,HIGH,0.737,48.0,MONITORING
THR-03186,EVT-023168,2026-09-14T02:14:00,New Service,HIGH,0.975,94.0,MONITORING
THR-03187,EVT-015615,2026-09-12T16:27:00,Service Disruption,CRITICAL,0.947,57.3,CONTAINED
THR-03188,EVT-017906,2026-09-25T17:14:00,Network Scan,MEDIUM,0.797,61.0,INVESTIGATING
THR-03189,EVT-027736,2026-09-18T11:20:00,SMB Activity,CRITICAL,0.945,83.5,MONITORING
THR-03190,EVT-012879,2026-09-09T02:47:00,Suspicious External Connection,HIGH,0.901,84.6,MONITORING
THR-03191,EVT-013829,2026-09-11T11:17:00,RDP Activity,CRITICAL,0.964,77.3,INVESTIGATING
THR-03192,EVT-015607,2026-09-12T19:00:00,Exploit Attempt,HIGH,0.955,50.6,INVESTIGATING
THR-03193,EVT-003103,2026-09-09T11:12:00,Remote Service,CRITICAL,0.871,56.8,NEW
THR-03194,EVT-015301,2026-09-14T08:57:00,Phishing Link,HIGH,0.757,85.5,CONTAINED
THR-03195,EVT-016248,2026-09-13T13:56:00,Password Spray,HIGH,0.98,86.2,CONTAINED
THR-03196,EVT-026011,2026-09-21T13:24:00,Command Execution,HIGH,0.984,63.9,NEW
THR-03197,EVT-018517,2026-09-23T02:09:00,Exploit Attempt,HIGH,0.883,71.8,INVESTIGATING
THR-03198,EVT-015750,2026-09-12T08:55:00,Network Scan,MEDIUM,0.982,73.6,CONTAINED
THR-03199,EVT-020401,2026-09-24T02:37:00,Network Scan,MEDIUM,0.839,72.0,CONTAINED
THR-03200,EVT-028633,2026-09-06T20:14:00,Port Scan,MEDIUM,0.853,55.3,MONITORING
THR-03201,EVT-006797,2026-09-12T03:37:00,SMB Activity,CRITICAL,0.751,51.4,INVESTIGATING
THR-03202,EVT-012155,2026-09-18T07:37:00,Credential Stuffing,HIGH,0.927,70.2,CONTAINED
THR-03203,EVT-019808,2026-09-08T13:37:00,Suspicious External Connection,HIGH,0.75,80.7,MONITORING
THR-03204,EVT-005616,2026-09-25T00:39:00,Exploit Attempt,HIGH,0.947,64.4,INVESTIGATING
THR-03205,EVT-000290,2026-09-09T22:11:00,Exploit Attempt,HIGH,0.738,53.5,NEW
THR-03206,EVT-008130,2026-09-01T10:09:00,RDP Activity,CRITICAL,0.719,86.7,NEW
THR-03207,EVT-014564,2026-09-03T18:17:00,Credential Stuffing,HIGH,0.867,52.2,CONTAINED
THR-03208,EVT-028057,2026-09-13T16:22:00,Exploit Attempt,HIGH,0.892,88.6,MONITORING
THR-03209,EVT-006172,2026-09-16T03:04:00,Internal Login Burst,CRITICAL,0.834,59.5,NEW
THR-03210,EVT-020700,2026-09-08T16:38:00,Remote Service,CRITICAL,0.754,50.0,MONITORING
THR-03211,EVT-024000,2026-09-09T22:21:00,Unusual Upload,CRITICAL,0.842,55.1,INVESTIGATING
THR-03212,EVT-001728,2026-09-04T01:04:00,Password Spray,HIGH,0.869,63.1,CONTAINED
THR-03213,EVT-016999,2026-09-19T02:00:00,Network Scan,MEDIUM,0.792,54.1,NEW
THR-03214,EVT-017313,2026-09-06T10:01:00,Command Execution,HIGH,0.84,66.3,CONTAINED
THR-03215,EVT-017124,2026-09-06T22:24:00,Credential Stuffing,HIGH,0.817,89.9,INVESTIGATING
THR-03216,EVT-000942,2026-09-04T14:01:00,Credential Stuffing,HIGH,0.745,56.4,NEW
THR-03217,EVT-018902,2026-09-04T23:47:00,Credential Stuffing,HIGH,0.769,77.1,MONITORING
THR-03218,EVT-013161,2026-09-17T12:51:00,Mass File Modification,CRITICAL,0.861,73.2,MONITORING
THR-03219,EVT-028188,2026-09-14T18:00:00,Command Execution,HIGH,0.78,89.5,NEW
THR-03220,EVT-009732,2026-09-18T06:52:00,Remote Service,CRITICAL,0.719,46.2,MONITORING
THR-03221,EVT-029924,2026-09-12T10:51:00,Suspicious Login,HIGH,0.975,66.0,CONTAINED
THR-03222,EVT-026800,2026-09-11T06:28:00,Exploit Attempt,HIGH,0.927,75.8,NEW
THR-03223,EVT-012422,2026-09-23T16:11:00,Archive Transfer,CRITICAL,0.885,87.1,NEW
THR-03224,EVT-002654,2026-09-01T08:06:00,Service Enumeration,MEDIUM,0.932,97.0,INVESTIGATING
THR-03225,EVT-025061,2026-09-02T15:18:00,Credential Stuffing,HIGH,0.742,61.6,MONITORING
THR-03226,EVT-018598,2026-09-18T23:03:00,Suspicious External Connection,HIGH,0.985,59.2,INVESTIGATING
THR-03227,EVT-015066,2026-09-13T19:18:00,Remote Service,CRITICAL,0.77,74.5,CONTAINED
THR-03228,EVT-010453,2026-09-18T04:19:00,Internal Login Burst,CRITICAL,0.978,84.6,MONITORING
THR-03229,EVT-025206,2026-09-06T11:14:00,Unusual Upload,CRITICAL,0.914,90.0,INVESTIGATING
THR-03230,EVT-021017,2026-09-19T01:05:00,Mass File Modification,CRITICAL,0.793,51.4,NEW
THR-03231,EVT-006595,2026-09-13T19:05:00,Service Enumeration,MEDIUM,0.99,79.9,INVESTIGATING
THR-03232,EVT-004880,2026-09-18T17:05:00,Mass File Modification,CRITICAL,0.715,53.6,INVESTIGATING
THR-03233,EVT-021839,2026-09-16T02:41:00,Large Outbound Transfer,CRITICAL,0.842,62.0,CONTAINED
THR-03234,EVT-014841,2026-09-14T11:35:00,Credential Stuffing,HIGH,0.741,98.3,NEW
THR-03235,EVT-018511,2026-09-21T18:39:00,Phishing Link,HIGH,0.806,70.6,CONTAINED
THR-03236,EVT-006404,2026-09-11T08:40:00,Registry Change,HIGH,0.706,98.9,NEW
THR-03237,EVT-023380,2026-09-10T00:58:00,Credential Stuffing,HIGH,0.985,50.7,NEW
THR-03238,EVT-017802,2026-09-22T22:56:00,Scheduled Task,HIGH,0.842,73.5,NEW
THR-03239,EVT-012357,2026-09-03T18:24:00,Large Outbound Transfer,CRITICAL,0.806,68.4,MONITORING
THR-03240,EVT-024357,2026-09-22T16:52:00,Credential Stuffing,HIGH,0.881,68.3,MONITORING
THR-03241,EVT-012124,2026-09-27T01:05:00,Credential Stuffing,HIGH,0.721,67.6,CONTAINED
THR-03242,EVT-017866,2026-09-05T16:59:00,Script Activity,HIGH,0.734,81.1,MONITORING
THR-03243,EVT-008631,2026-09-14T16:32:00,Phishing Link,HIGH,0.934,75.0,MONITORING
THR-03244,EVT-013675,2026-09-15T09:43:00,Phishing Link,HIGH,0.801,45.5,INVESTIGATING
THR-03245,EVT-024035,2026-09-19T13:19:00,Suspicious External Connection,HIGH,0.765,95.8,MONITORING
THR-03246,EVT-024409,2026-09-23T16:21:00,Password Spray,HIGH,0.859,69.7,CONTAINED
THR-03247,EVT-014144,2026-09-05T19:45:00,Password Spray,HIGH,0.966,76.6,NEW
THR-03248,EVT-000836,2026-09-21T05:58:00,Phishing Link,HIGH,0.767,81.9,NEW
THR-03249,EVT-020774,2026-09-02T08:16:00,Brute Force,HIGH,0.858,74.5,INVESTIGATING
THR-03250,EVT-008555,2026-09-21T00:24:00,Network Scan,MEDIUM,0.721,55.0,INVESTIGATING
THR-03251,EVT-015545,2026-09-18T10:48:00,Brute Force,HIGH,0.907,77.4,MONITORING
THR-03252,EVT-005881,2026-09-17T13:35:00,Remote Service,CRITICAL,0.812,45.4,NEW
THR-03253,EVT-019862,2026-09-20T12:32:00,Exploit Attempt,HIGH,0.915,67.2,NEW
THR-03254,EVT-000001,2026-09-05T05:36:00,Suspicious Login,HIGH,0.773,50.4,INVESTIGATING
THR-03255,EVT-018588,2026-09-24T00:19:00,Command Execution,HIGH,0.821,82.7,INVESTIGATING
THR-03256,EVT-014186,2026-09-02T10:59:00,Process Anomaly,HIGH,0.747,58.2,INVESTIGATING
THR-03257,EVT-006449,2026-09-21T04:44:00,Suspicious External Connection,HIGH,0.988,66.7,MONITORING
THR-03258,EVT-011881,2026-09-16T07:25:00,RDP Activity,CRITICAL,0.894,79.6,NEW
THR-03259,EVT-016628,2026-09-02T19:04:00,Mass File Modification,CRITICAL,0.725,59.6,NEW
THR-03260,EVT-025232,2026-09-05T00:44:00,Suspicious Login,HIGH,0.839,83.5,INVESTIGATING
THR-03261,EVT-022023,2026-09-16T11:59:00,Phishing Link,HIGH,0.724,53.6,MONITORING
THR-03262,EVT-025587,2026-09-17T03:09:00,Port Scan,MEDIUM,0.855,70.6,INVESTIGATING
THR-03263,EVT-021815,2026-09-11T11:40:00,Archive Transfer,CRITICAL,0.846,52.2,NEW
THR-03264,EVT-021325,2026-09-14T16:10:00,Phishing Link,HIGH,0.732,65.7,CONTAINED
THR-03265,EVT-016229,2026-09-22T20:15:00,Scheduled Task,HIGH,0.769,92.7,MONITORING
THR-03266,EVT-011008,2026-09-13T03:25:00,Script Activity,HIGH,0.73,96.9,INVESTIGATING
THR-03267,EVT-010770,2026-09-18T11:21:00,Ransomware-like Activity,CRITICAL,0.723,54.6,CONTAINED
THR-03268,EVT-017097,2026-09-01T08:44:00,RDP Activity,CRITICAL,0.795,61.0,NEW
THR-03269,EVT-019256,2026-09-08T04:36:00,SMB Activity,CRITICAL,0.838,84.0,MONITORING
THR-03270,EVT-018599,2026-09-26T00:08:00,Suspicious Login,HIGH,0.811,54.8,NEW
THR-03271,EVT-026989,2026-09-08T18:13:00,Brute Force,HIGH,0.708,91.8,CONTAINED
THR-03272,EVT-004256,2026-09-13T22:25:00,RDP Activity,CRITICAL,0.752,51.2,CONTAINED
THR-03273,EVT-012599,2026-09-26T09:20:00,Remote Service,CRITICAL,0.92,88.8,NEW
THR-03274,EVT-009975,2026-09-03T08:06:00,Brute Force,HIGH,0.915,71.8,MONITORING
THR-03275,EVT-009852,2026-09-15T19:56:00,SMB Activity,CRITICAL,0.763,88.8,INVESTIGATING
THR-03276,EVT-021211,2026-09-21T10:21:00,Brute Force,HIGH,0.973,63.7,MONITORING
THR-03277,EVT-025407,2026-09-07T18:11:00,Process Anomaly,HIGH,0.945,95.7,INVESTIGATING
THR-03278,EVT-014591,2026-09-26T06:05:00,Archive Transfer,CRITICAL,0.887,52.0,CONTAINED
THR-03279,EVT-028747,2026-09-18T00:03:00,Exploit Attempt,HIGH,0.933,85.4,CONTAINED
THR-03280,EVT-011187,2026-09-11T05:19:00,New Service,HIGH,0.966,76.6,INVESTIGATING
THR-03281,EVT-013717,2026-09-07T02:17:00,Suspicious Login,HIGH,0.985,67.8,MONITORING
THR-03282,EVT-019812,2026-09-09T07:20:00,Exploit Attempt,HIGH,0.86,68.8,MONITORING
THR-03283,EVT-011773,2026-09-04T18:43:00,Phishing Link,HIGH,0.982,98.5,NEW
THR-03284,EVT-018971,2026-09-03T20:51:00,Scheduled Task,HIGH,0.773,94.3,CONTAINED
THR-03285,EVT-007966,2026-09-06T07:36:00,Service Enumeration,MEDIUM,0.813,53.1,NEW
THR-03286,EVT-013908,2026-09-01T14:27:00,Suspicious Login,HIGH,0.71,64.3,MONITORING
THR-03287,EVT-007519,2026-09-24T11:20:00,Scheduled Task,HIGH,0.775,90.9,INVESTIGATING
THR-03288,EVT-025844,2026-09-21T01:06:00,Password Spray,HIGH,0.866,57.2,NEW
THR-03289,EVT-012032,2026-09-19T19:12:00,Brute Force,HIGH,0.875,46.7,MONITORING
THR-03290,EVT-000470,2026-09-08T09:35:00,Service Enumeration,MEDIUM,0.93,96.1,NEW
THR-03291,EVT-014222,2026-09-24T20:08:00,Phishing Link,HIGH,0.777,46.8,CONTAINED
THR-03292,EVT-018756,2026-09-21T01:14:00,Phishing Link,HIGH,0.831,70.4,NEW
THR-03293,EVT-015895,2026-09-07T00:07:00,Process Anomaly,HIGH,0.739,73.2,CONTAINED
THR-03294,EVT-011360,2026-09-25T17:43:00,Internal Login Burst,CRITICAL,0.722,93.6,NEW
THR-03295,EVT-008614,2026-09-15T03:22:00,Registry Change,HIGH,0.879,80.3,INVESTIGATING
THR-03296,EVT-001861,2026-09-20T09:15:00,Port Scan,MEDIUM,0.9,60.0,NEW
THR-03297,EVT-029035,2026-09-11T14:09:00,Command Execution,HIGH,0.713,69.9,MONITORING
THR-03298,EVT-000085,2026-09-08T05:03:00,Service Enumeration,MEDIUM,0.742,84.4,MONITORING
THR-03299,EVT-000031,2026-09-27T01:41:00,Credential Stuffing,HIGH,0.889,54.9,NEW
THR-03300,EVT-028202,2026-09-24T17:53:00,Process Anomaly,HIGH,0.869,92.9,INVESTIGATING
THR-03301,EVT-018279,2026-09-14T13:56:00,Network Scan,MEDIUM,0.946,90.7,MONITORING
THR-03302,EVT-003980,2026-09-08T23:38:00,SMB Activity,CRITICAL,0.708,47.2,NEW
THR-03303,EVT-020763,2026-09-02T06:06:00,Credential Stuffing,HIGH,0.908,87.8,CONTAINED
THR-03304,EVT-022203,2026-09-12T04:48:00,New Service,HIGH,0.741,65.0,MONITORING
THR-03305,EVT-008168,2026-09-27T03:56:00,Ransomware-like Activity,CRITICAL,0.882,74.2,NEW
THR-03306,EVT-025062,2026-09-22T15:31:00,Port Scan,MEDIUM,0.767,77.8,NEW
THR-03307,EVT-027699,2026-09-15T06:47:00,Network Scan,MEDIUM,0.952,98.8,INVESTIGATING
THR-03308,EVT-014608,2026-09-11T17:29:00,Internal Login Burst,CRITICAL,0.958,49.8,NEW
THR-03309,EVT-008060,2026-09-23T17:25:00,Process Anomaly,HIGH,0.816,87.3,NEW
THR-03310,EVT-025377,2026-09-02T02:34:00,Suspicious Login,HIGH,0.803,93.0,MONITORING
THR-03311,EVT-018119,2026-09-22T02:07:00,Suspicious Login,HIGH,0.893,59.2,INVESTIGATING
THR-03312,EVT-007351,2026-09-07T15:27:00,Credential Stuffing,HIGH,0.731,64.4,CONTAINED
THR-03313,EVT-027037,2026-09-03T22:52:00,Exploit Attempt,HIGH,0.771,61.0,MONITORING
THR-03314,EVT-008540,2026-09-13T08:21:00,Process Anomaly,HIGH,0.947,92.3,CONTAINED
THR-03315,EVT-016498,2026-09-03T21:11:00,Process Anomaly,HIGH,0.817,80.0,MONITORING
THR-03316,EVT-012533,2026-09-10T06:33:00,Script Activity,HIGH,0.963,87.9,CONTAINED
THR-03317,EVT-022796,2026-09-06T13:44:00,Archive Transfer,CRITICAL,0.819,78.9,MONITORING
THR-03318,EVT-023991,2026-09-04T01:35:00,Remote Service,CRITICAL,0.944,61.2,CONTAINED
THR-03319,EVT-021233,2026-09-05T07:03:00,Process Anomaly,HIGH,0.743,51.1,MONITORING
THR-03320,EVT-027894,2026-09-06T01:34:00,Process Anomaly,HIGH,0.893,89.9,INVESTIGATING
THR-03321,EVT-012526,2026-09-02T17:23:00,Brute Force,HIGH,0.852,86.3,INVESTIGATING
THR-03322,EVT-006974,2026-09-08T08:33:00,Phishing Link,HIGH,0.715,84.4,NEW
THR-03323,EVT-000560,2026-09-19T16:10:00,New Service,HIGH,0.8,85.3,INVESTIGATING
THR-03324,EVT-020757,2026-09-11T03:31:00,New Service,HIGH,0.733,48.4,MONITORING
THR-03325,EVT-000981,2026-09-27T07:10:00,New Service,HIGH,0.907,52.0,NEW
THR-03326,EVT-018447,2026-09-04T22:40:00,RDP Activity,CRITICAL,0.723,59.1,NEW
THR-03327,EVT-007479,2026-09-21T03:42:00,Phishing Link,HIGH,0.956,82.7,NEW
THR-03328,EVT-010760,2026-09-15T06:22:00,Network Scan,MEDIUM,0.759,46.1,INVESTIGATING
THR-03329,EVT-001182,2026-09-25T21:00:00,Large Outbound Transfer,CRITICAL,0.761,78.4,CONTAINED
THR-03330,EVT-028722,2026-09-21T13:33:00,Service Enumeration,MEDIUM,0.893,73.6,INVESTIGATING
THR-03331,EVT-028390,2026-09-24T08:25:00,Ransomware-like Activity,CRITICAL,0.727,61.2,INVESTIGATING
THR-03332,EVT-029623,2026-09-19T13:32:00,Brute Force,HIGH,0.786,85.8,INVESTIGATING
THR-03333,EVT-027951,2026-09-14T06:37:00,Suspicious Login,HIGH,0.716,46.5,INVESTIGATING
THR-03334,EVT-019421,2026-09-27T03:51:00,Suspicious Login,HIGH,0.715,62.9,CONTAINED
THR-03335,EVT-029031,2026-09-04T17:11:00,Password Spray,HIGH,0.932,61.2,CONTAINED
THR-03336,EVT-025543,2026-09-19T17:18:00,Credential Stuffing,HIGH,0.855,87.8,NEW
THR-03337,EVT-027490,2026-09-20T19:39:00,Suspicious External Connection,HIGH,0.918,66.9,INVESTIGATING
THR-03338,EVT-000946,2026-09-23T15:25:00,Network Scan,MEDIUM,0.803,56.6,NEW
THR-03339,EVT-012171,2026-09-24T08:01:00,Mass File Modification,CRITICAL,0.88,95.0,INVESTIGATING
THR-03340,EVT-019174,2026-09-09T00:52:00,New Service,HIGH,0.861,77.3,NEW
THR-03341,EVT-004901,2026-09-27T12:40:00,Service Disruption,CRITICAL,0.954,50.8,NEW
THR-03342,EVT-010343,2026-09-01T15:09:00,Internal Login Burst,CRITICAL,0.86,95.1,MONITORING
THR-03343,EVT-013882,2026-09-01T05:03:00,Credential Stuffing,HIGH,0.778,66.8,MONITORING
THR-03344,EVT-001281,2026-09-21T10:55:00,Registry Change,HIGH,0.759,65.2,MONITORING
THR-03345,EVT-027862,2026-09-11T04:53:00,Ransomware-like Activity,CRITICAL,0.702,61.8,MONITORING
THR-03346,EVT-011495,2026-09-15T07:49:00,Suspicious External Connection,HIGH,0.731,54.3,MONITORING
THR-03347,EVT-001490,2026-09-17T11:49:00,Service Enumeration,MEDIUM,0.792,47.4,NEW
THR-03348,EVT-017422,2026-09-09T22:51:00,Archive Transfer,CRITICAL,0.91,91.1,CONTAINED
THR-03349,EVT-009802,2026-09-04T08:29:00,Service Disruption,CRITICAL,0.87,46.3,MONITORING
THR-03350,EVT-008306,2026-09-17T07:10:00,Unusual Upload,CRITICAL,0.794,72.5,NEW
THR-03351,EVT-003609,2026-09-03T18:48:00,Network Scan,MEDIUM,0.835,94.5,INVESTIGATING
THR-03352,EVT-001649,2026-09-11T13:12:00,Network Scan,MEDIUM,0.761,49.5,INVESTIGATING
THR-03353,EVT-008769,2026-09-20T12:57:00,Port Scan,MEDIUM,0.982,49.4,NEW
THR-03354,EVT-001722,2026-09-06T03:49:00,Mass File Modification,CRITICAL,0.853,93.9,INVESTIGATING
THR-03355,EVT-007731,2026-09-15T14:42:00,Service Enumeration,MEDIUM,0.947,78.1,NEW
THR-03356,EVT-007274,2026-09-26T12:10:00,Command Execution,HIGH,0.892,90.7,MONITORING
THR-03357,EVT-029137,2026-09-07T00:52:00,Internal Login Burst,CRITICAL,0.916,55.0,CONTAINED
THR-03358,EVT-020357,2026-09-18T15:37:00,Port Scan,MEDIUM,0.909,51.0,INVESTIGATING
THR-03359,EVT-013695,2026-09-10T22:28:00,Command Execution,HIGH,0.911,56.2,CONTAINED
THR-03360,EVT-013520,2026-09-12T14:09:00,Exploit Attempt,HIGH,0.747,51.0,CONTAINED
THR-03361,EVT-027396,2026-09-01T16:03:00,Service Enumeration,MEDIUM,0.821,87.2,INVESTIGATING
THR-03362,EVT-027020,2026-09-13T14:08:00,RDP Activity,CRITICAL,0.813,80.1,NEW
THR-03363,EVT-005370,2026-09-22T09:55:00,Port Scan,MEDIUM,0.924,59.9,NEW
THR-03364,EVT-004104,2026-09-16T12:17:00,New Service,HIGH,0.962,61.6,NEW
THR-03365,EVT-019867,2026-09-10T02:58:00,Brute Force,HIGH,0.78,76.8,INVESTIGATING
THR-03366,EVT-024632,2026-09-12T20:06:00,Phishing Link,HIGH,0.835,58.2,MONITORING
THR-03367,EVT-014104,2026-09-07T08:05:00,Internal Login Burst,CRITICAL,0.909,58.6,INVESTIGATING
THR-03368,EVT-016605,2026-09-23T03:55:00,Phishing Link,HIGH,0.93,57.1,MONITORING
THR-03369,EVT-007824,2026-09-10T00:36:00,Service Enumeration,MEDIUM,0.725,86.1,NEW
THR-03370,EVT-006468,2026-09-22T01:17:00,Service Enumeration,MEDIUM,0.816,62.8,INVESTIGATING
THR-03371,EVT-021924,2026-09-16T18:57:00,Service Disruption,CRITICAL,0.889,59.4,MONITORING
THR-03372,EVT-012517,2026-09-24T19:57:00,Scheduled Task,HIGH,0.806,83.7,INVESTIGATING
THR-03373,EVT-003517,2026-09-22T06:22:00,Phishing Link,HIGH,0.733,78.7,MONITORING
THR-03374,EVT-013838,2026-09-20T14:54:00,Ransomware-like Activity,CRITICAL,0.745,73.1,INVESTIGATING
THR-03375,EVT-013533,2026-09-12T08:03:00,Network Scan,MEDIUM,0.797,82.2,MONITORING
THR-03376,EVT-022744,2026-09-14T09:32:00,Mass File Modification,CRITICAL,0.779,83.6,MONITORING
THR-03377,EVT-001303,2026-09-24T21:41:00,Exploit Attempt,HIGH,0.976,45.8,INVESTIGATING
THR-03378,EVT-015050,2026-09-02T22:46:00,Suspicious External Connection,HIGH,0.899,88.4,MONITORING
THR-03379,EVT-018441,2026-09-18T00:57:00,Suspicious External Connection,HIGH,0.945,71.0,INVESTIGATING
THR-03380,EVT-021005,2026-09-27T17:40:00,Ransomware-like Activity,CRITICAL,0.922,63.3,NEW
THR-03381,EVT-002222,2026-09-19T01:42:00,Port Scan,MEDIUM,0.72,79.5,MONITORING
THR-03382,EVT-009671,2026-09-14T04:06:00,Command Execution,HIGH,0.717,70.3,NEW
THR-03383,EVT-007644,2026-09-21T15:45:00,Exploit Attempt,HIGH,0.927,66.2,CONTAINED
THR-03384,EVT-005294,2026-09-05T10:49:00,Script Activity,HIGH,0.841,70.6,MONITORING
THR-03385,EVT-004678,2026-09-18T02:55:00,Large Outbound Transfer,CRITICAL,0.773,59.6,MONITORING
THR-03386,EVT-016725,2026-09-11T15:46:00,Internal Login Burst,CRITICAL,0.856,81.4,INVESTIGATING
THR-03387,EVT-019755,2026-09-13T07:42:00,RDP Activity,CRITICAL,0.912,83.9,CONTAINED
THR-03388,EVT-013615,2026-09-27T20:01:00,Brute Force,HIGH,0.886,57.4,INVESTIGATING
THR-03389,EVT-011276,2026-09-05T07:03:00,Port Scan,MEDIUM,0.803,61.2,INVESTIGATING
THR-03390,EVT-025732,2026-09-01T00:16:00,Unusual Upload,CRITICAL,0.737,79.7,INVESTIGATING
THR-03391,EVT-023057,2026-09-03T00:36:00,Process Anomaly,HIGH,0.836,66.7,INVESTIGATING
THR-03392,EVT-025826,2026-09-13T12:24:00,Network Scan,MEDIUM,0.862,51.8,CONTAINED
THR-03393,EVT-013152,2026-09-23T13:57:00,SMB Activity,CRITICAL,0.885,53.6,CONTAINED
THR-03394,EVT-029269,2026-09-02T19:41:00,Scheduled Task,HIGH,0.845,53.5,INVESTIGATING
THR-03395,EVT-002057,2026-09-12T22:19:00,Script Activity,HIGH,0.881,62.9,CONTAINED
THR-03396,EVT-023806,2026-09-03T15:59:00,Password Spray,HIGH,0.893,50.7,INVESTIGATING
THR-03397,EVT-013436,2026-09-23T20:14:00,Suspicious External Connection,HIGH,0.957,57.4,INVESTIGATING
THR-03398,EVT-008566,2026-09-19T19:50:00,Service Enumeration,MEDIUM,0.92,75.6,CONTAINED
THR-03399,EVT-008320,2026-09-10T11:54:00,Script Activity,HIGH,0.881,47.2,MONITORING
THR-03400,EVT-001899,2026-09-06T21:58:00,Mass File Modification,CRITICAL,0.742,79.7,CONTAINED
THR-03401,EVT-020197,2026-09-12T09:05:00,Remote Service,CRITICAL,0.793,50.8,MONITORING
THR-03402,EVT-018121,2026-09-13T01:24:00,Large Outbound Transfer,CRITICAL,0.891,80.0,MONITORING
THR-03403,EVT-022131,2026-09-27T13:53:00,Internal Login Burst,CRITICAL,0.844,50.8,INVESTIGATING
THR-03404,EVT-016125,2026-09-11T15:20:00,Network Scan,MEDIUM,0.769,90.4,NEW
THR-03405,EVT-021401,2026-09-27T14:30:00,Brute Force,HIGH,0.943,87.6,CONTAINED
THR-03406,EVT-020572,2026-09-20T11:22:00,Ransomware-like Activity,CRITICAL,0.98,76.6,MONITORING
THR-03407,EVT-007308,2026-09-18T19:06:00,Suspicious External Connection,HIGH,0.795,67.2,INVESTIGATING
THR-03408,EVT-018812,2026-09-05T22:34:00,Port Scan,MEDIUM,0.896,61.9,MONITORING
THR-03409,EVT-010211,2026-09-10T10:39:00,Suspicious External Connection,HIGH,0.721,52.7,INVESTIGATING
THR-03410,EVT-003883,2026-09-12T10:20:00,Port Scan,MEDIUM,0.947,48.0,INVESTIGATING
THR-03411,EVT-007298,2026-09-20T19:18:00,Script Activity,HIGH,0.81,52.3,INVESTIGATING
THR-03412,EVT-010090,2026-09-18T00:17:00,Service Disruption,CRITICAL,0.833,52.8,NEW
THR-03413,EVT-019780,2026-09-02T15:52:00,Service Enumeration,MEDIUM,0.983,97.5,MONITORING
THR-03414,EVT-007928,2026-09-23T07:20:00,Port Scan,MEDIUM,0.789,91.7,NEW
THR-03415,EVT-009767,2026-09-24T04:56:00,Port Scan,MEDIUM,0.968,67.1,CONTAINED
THR-03416,EVT-005155,2026-09-19T11:55:00,Process Anomaly,HIGH,0.738,98.5,NEW
THR-03417,EVT-021228,2026-09-09T06:39:00,Suspicious External Connection,HIGH,0.98,76.8,NEW
THR-03418,EVT-024547,2026-09-21T11:32:00,Password Spray,HIGH,0.748,73.0,MONITORING
THR-03419,EVT-009705,2026-09-06T04:35:00,Network Scan,MEDIUM,0.908,72.5,INVESTIGATING
THR-03420,EVT-029372,2026-09-17T14:07:00,Service Enumeration,MEDIUM,0.985,82.1,CONTAINED
THR-03421,EVT-024411,2026-09-02T16:56:00,Suspicious Login,HIGH,0.888,71.7,CONTAINED
THR-03422,EVT-026004,2026-09-04T18:38:00,Port Scan,MEDIUM,0.819,73.7,NEW
THR-03423,EVT-026651,2026-09-07T11:45:00,Archive Transfer,CRITICAL,0.862,76.1,MONITORING
THR-03424,EVT-018202,2026-09-24T13:51:00,Ransomware-like Activity,CRITICAL,0.977,57.5,NEW
THR-03425,EVT-002476,2026-09-17T04:57:00,Brute Force,HIGH,0.821,71.4,CONTAINED
THR-03426,EVT-027040,2026-09-11T09:22:00,RDP Activity,CRITICAL,0.867,61.5,CONTAINED
THR-03427,EVT-025220,2026-09-02T14:30:00,Large Outbound Transfer,CRITICAL,0.707,90.1,INVESTIGATING
THR-03428,EVT-026394,2026-09-14T07:52:00,Archive Transfer,CRITICAL,0.935,67.9,NEW
THR-03429,EVT-024068,2026-09-12T21:50:00,SMB Activity,CRITICAL,0.713,78.4,CONTAINED
THR-03430,EVT-013363,2026-09-27T15:39:00,Large Outbound Transfer,CRITICAL,0.922,52.0,INVESTIGATING
THR-03431,EVT-004547,2026-09-18T04:30:00,Password Spray,HIGH,0.869,47.0,MONITORING
THR-03432,EVT-003099,2026-09-26T19:50:00,Port Scan,MEDIUM,0.954,64.3,INVESTIGATING
THR-03433,EVT-002569,2026-09-11T07:36:00,Process Anomaly,HIGH,0.949,95.0,INVESTIGATING
THR-03434,EVT-029649,2026-09-08T00:43:00,Ransomware-like Activity,CRITICAL,0.87,77.3,CONTAINED
THR-03435,EVT-023715,2026-09-02T21:57:00,Port Scan,MEDIUM,0.743,87.1,CONTAINED
THR-03436,EVT-005782,2026-09-24T18:54:00,SMB Activity,CRITICAL,0.948,81.0,MONITORING
THR-03437,EVT-002283,2026-09-22T01:21:00,Port Scan,MEDIUM,0.785,57.8,CONTAINED
THR-03438,EVT-025963,2026-09-03T13:51:00,Service Disruption,CRITICAL,0.8,56.0,NEW
THR-03439,EVT-026696,2026-09-20T13:48:00,Internal Login Burst,CRITICAL,0.865,83.9,MONITORING
THR-03440,EVT-022506,2026-09-06T03:04:00,Registry Change,HIGH,0.89,98.9,NEW
THR-03441,EVT-013537,2026-09-24T23:52:00,Scheduled Task,HIGH,0.875,64.9,INVESTIGATING
THR-03442,EVT-028439,2026-09-27T22:49:00,Command Execution,HIGH,0.765,67.2,INVESTIGATING
THR-03443,EVT-029471,2026-09-23T15:18:00,Registry Change,HIGH,0.702,83.1,INVESTIGATING
THR-03444,EVT-019747,2026-09-11T07:37:00,Internal Login Burst,CRITICAL,0.71,74.5,CONTAINED
THR-03445,EVT-020516,2026-09-18T03:39:00,Process Anomaly,HIGH,0.815,88.0,CONTAINED
THR-03446,EVT-002454,2026-09-11T21:29:00,New Service,HIGH,0.88,73.0,INVESTIGATING
THR-03447,EVT-015207,2026-09-15T14:08:00,Suspicious External Connection,HIGH,0.803,94.9,NEW
THR-03448,EVT-008124,2026-09-13T19:42:00,Suspicious External Connection,HIGH,0.925,92.0,CONTAINED
THR-03449,EVT-017295,2026-09-05T02:39:00,Command Execution,HIGH,0.978,77.4,INVESTIGATING
THR-03450,EVT-006944,2026-09-05T01:13:00,Suspicious External Connection,HIGH,0.844,93.9,MONITORING
THR-03451,EVT-025771,2026-09-21T11:57:00,Brute Force,HIGH,0.733,83.4,MONITORING
THR-03452,EVT-025700,2026-09-02T02:11:00,Mass File Modification,CRITICAL,0.855,81.3,CONTAINED
THR-03453,EVT-029336,2026-09-27T23:36:00,Internal Login Burst,CRITICAL,0.905,52.3,NEW
THR-03454,EVT-020792,2026-09-09T20:32:00,Scheduled Task,HIGH,0.871,82.0,NEW
THR-03455,EVT-003984,2026-09-07T06:22:00,Unusual Upload,CRITICAL,0.828,71.0,CONTAINED
THR-03456,EVT-001361,2026-09-13T01:38:00,RDP Activity,CRITICAL,0.748,78.7,MONITORING
THR-03457,EVT-010834,2026-09-27T11:23:00,Credential Stuffing,HIGH,0.849,55.9,MONITORING
THR-03458,EVT-002822,2026-09-23T12:33:00,Brute Force,HIGH,0.843,91.0,MONITORING
THR-03459,EVT-029657,2026-09-17T17:23:00,Ransomware-like Activity,CRITICAL,0.898,68.6,MONITORING
THR-03460,EVT-011713,2026-09-26T14:21:00,RDP Activity,CRITICAL,0.891,48.7,CONTAINED
THR-03461,EVT-007345,2026-09-07T18:06:00,Network Scan,MEDIUM,0.931,56.7,CONTAINED
THR-03462,EVT-026636,2026-09-21T16:17:00,Remote Service,CRITICAL,0.738,97.7,CONTAINED
THR-03463,EVT-006488,2026-09-25T04:20:00,Phishing Link,HIGH,0.947,75.8,INVESTIGATING
THR-03464,EVT-009552,2026-09-27T23:02:00,Network Scan,MEDIUM,0.932,64.5,MONITORING
THR-03465,EVT-014168,2026-09-24T18:10:00,Script Activity,HIGH,0.771,88.1,MONITORING
THR-03466,EVT-003185,2026-09-25T11:23:00,Service Enumeration,MEDIUM,0.811,59.7,CONTAINED
THR-03467,EVT-025470,2026-09-10T17:00:00,Exploit Attempt,HIGH,0.754,47.9,MONITORING
THR-03468,EVT-021250,2026-09-10T20:09:00,Unusual Upload,CRITICAL,0.889,90.3,INVESTIGATING
THR-03469,EVT-012808,2026-09-10T09:04:00,Credential Stuffing,HIGH,0.781,74.9,NEW
THR-03470,EVT-028046,2026-09-26T23:54:00,Port Scan,MEDIUM,0.816,65.1,MONITORING
THR-03471,EVT-017950,2026-09-01T18:25:00,Scheduled Task,HIGH,0.802,86.7,CONTAINED
THR-03472,EVT-022186,2026-09-18T02:47:00,Mass File Modification,CRITICAL,0.839,89.9,NEW
THR-03473,EVT-023269,2026-09-07T15:11:00,Suspicious Login,HIGH,0.775,60.5,NEW
THR-03474,EVT-009848,2026-09-16T18:13:00,Port Scan,MEDIUM,0.937,51.0,INVESTIGATING
THR-03475,EVT-028781,2026-09-04T01:18:00,Network Scan,MEDIUM,0.852,96.6,INVESTIGATING
THR-03476,EVT-013654,2026-09-17T08:13:00,RDP Activity,CRITICAL,0.937,95.7,INVESTIGATING
THR-03477,EVT-020228,2026-09-24T09:39:00,Exploit Attempt,HIGH,0.745,96.5,MONITORING
THR-03478,EVT-025783,2026-09-08T18:05:00,Command Execution,HIGH,0.778,48.7,CONTAINED
THR-03479,EVT-015411,2026-09-03T12:59:00,Exploit Attempt,HIGH,0.986,45.6,NEW
THR-03480,EVT-010393,2026-09-18T03:55:00,Suspicious External Connection,HIGH,0.713,48.8,INVESTIGATING
THR-03481,EVT-014995,2026-09-14T00:15:00,Process Anomaly,HIGH,0.822,45.7,INVESTIGATING
THR-03482,EVT-026994,2026-09-17T09:43:00,RDP Activity,CRITICAL,0.922,92.5,MONITORING
THR-03483,EVT-010903,2026-09-16T13:36:00,Service Enumeration,MEDIUM,0.969,66.0,CONTAINED
THR-03484,EVT-009221,2026-09-02T04:09:00,Scheduled Task,HIGH,0.813,51.7,CONTAINED
THR-03485,EVT-027962,2026-09-05T06:01:00,Archive Transfer,CRITICAL,0.752,50.2,MONITORING
THR-03486,EVT-013273,2026-09-12T09:33:00,Service Enumeration,MEDIUM,0.738,54.0,INVESTIGATING
THR-03487,EVT-021639,2026-09-27T02:24:00,Command Execution,HIGH,0.769,62.5,CONTAINED
THR-03488,EVT-015391,2026-09-26T21:47:00,Phishing Link,HIGH,0.747,53.3,CONTAINED
THR-03489,EVT-012832,2026-09-17T12:34:00,Suspicious External Connection,HIGH,0.765,90.7,MONITORING
THR-03490,EVT-013297,2026-09-19T16:41:00,Service Enumeration,MEDIUM,0.811,72.3,INVESTIGATING
THR-03491,EVT-028033,2026-09-27T01:01:00,Suspicious External Connection,HIGH,0.884,59.6,INVESTIGATING
THR-03492,EVT-006406,2026-09-12T05:17:00,Exploit Attempt,HIGH,0.744,48.9,CONTAINED
THR-03493,EVT-017525,2026-09-27T07:28:00,Service Enumeration,MEDIUM,0.969,67.7,NEW
THR-03494,EVT-012795,2026-09-22T08:38:00,Credential Stuffing,HIGH,0.785,91.9,MONITORING
THR-03495,EVT-010114,2026-09-27T06:40:00,Phishing Link,HIGH,0.742,80.3,MONITORING
THR-03496,EVT-028878,2026-09-27T06:12:00,Service Disruption,CRITICAL,0.858,54.2,MONITORING
THR-03497,EVT-003126,2026-09-05T16:11:00,Process Anomaly,HIGH,0.781,61.3,CONTAINED
THR-03498,EVT-014539,2026-09-17T03:04:00,RDP Activity,CRITICAL,0.965,86.0,MONITORING
THR-03499,EVT-013238,2026-09-25T14:13:00,Exploit Attempt,HIGH,0.848,77.5,INVESTIGATING
THR-03500,EVT-019890,2026-09-10T08:19:00,Password Spray,HIGH,0.85,60.0,INVESTIGATING
THR-03501,EVT-012237,2026-09-18T13:00:00,Process Anomaly,HIGH,0.787,45.7,CONTAINED
THR-03502,EVT-023189,2026-09-15T04:09:00,Exploit Attempt,HIGH,0.821,90.3,MONITORING
THR-03503,EVT-007189,2026-09-01T22:53:00,Suspicious Login,HIGH,0.91,83.1,INVESTIGATING
THR-03504,EVT-001832,2026-09-24T00:31:00,Archive Transfer,CRITICAL,0.806,81.9,CONTAINED
THR-03505,EVT-026880,2026-09-10T06:24:00,Archive Transfer,CRITICAL,0.707,59.7,MONITORING
THR-03506,EVT-028077,2026-09-26T18:49:00,Unusual Upload,CRITICAL,0.705,71.2,CONTAINED
THR-03507,EVT-008532,2026-09-08T20:15:00,Exploit Attempt,HIGH,0.955,85.9,CONTAINED
THR-03508,EVT-019166,2026-09-12T02:53:00,RDP Activity,CRITICAL,0.85,87.9,MONITORING
THR-03509,EVT-009117,2026-09-17T15:33:00,RDP Activity,CRITICAL,0.839,90.7,INVESTIGATING
THR-03510,EVT-004651,2026-09-07T01:21:00,Network Scan,MEDIUM,0.801,68.1,CONTAINED
THR-03511,EVT-010716,2026-09-06T05:45:00,Command Execution,HIGH,0.921,54.3,NEW
THR-03512,EVT-001282,2026-09-22T02:50:00,Scheduled Task,HIGH,0.965,71.0,MONITORING
THR-03513,EVT-016174,2026-09-07T22:18:00,Phishing Link,HIGH,0.964,84.7,INVESTIGATING
THR-03514,EVT-003201,2026-09-15T20:46:00,Suspicious Login,HIGH,0.951,60.5,INVESTIGATING
THR-03515,EVT-014299,2026-09-04T18:53:00,Suspicious Login,HIGH,0.769,96.5,MONITORING
THR-03516,EVT-026886,2026-09-08T03:49:00,Exploit Attempt,HIGH,0.864,45.9,MONITORING
THR-03517,EVT-012018,2026-09-17T18:42:00,Phishing Link,HIGH,0.876,81.5,INVESTIGATING
THR-03518,EVT-027302,2026-09-02T10:17:00,Large Outbound Transfer,CRITICAL,0.97,96.8,MONITORING
THR-03519,EVT-008818,2026-09-02T07:38:00,Credential Stuffing,HIGH,0.736,91.4,CONTAINED
THR-03520,EVT-007236,2026-09-01T11:40:00,Registry Change,HIGH,0.926,80.5,MONITORING
THR-03521,EVT-000920,2026-09-25T12:27:00,Port Scan,MEDIUM,0.95,93.7,NEW
THR-03522,EVT-016502,2026-09-25T11:36:00,Phishing Link,HIGH,0.762,93.9,INVESTIGATING
THR-03523,EVT-027626,2026-09-07T12:48:00,SMB Activity,CRITICAL,0.889,71.9,MONITORING
THR-03524,EVT-013285,2026-09-19T05:28:00,Network Scan,MEDIUM,0.819,73.0,CONTAINED
THR-03525,EVT-015256,2026-09-16T15:05:00,Port Scan,MEDIUM,0.914,91.6,CONTAINED
THR-03526,EVT-000940,2026-09-05T10:21:00,Credential Stuffing,HIGH,0.737,84.3,MONITORING
THR-03527,EVT-024021,2026-09-23T01:20:00,Password Spray,HIGH,0.975,66.2,CONTAINED
THR-03528,EVT-001358,2026-09-03T18:49:00,Script Activity,HIGH,0.952,74.7,NEW
THR-03529,EVT-004412,2026-09-23T17:16:00,SMB Activity,CRITICAL,0.805,79.5,INVESTIGATING
THR-03530,EVT-010926,2026-09-04T16:34:00,Mass File Modification,CRITICAL,0.738,98.4,MONITORING
THR-03531,EVT-019105,2026-09-17T21:04:00,Mass File Modification,CRITICAL,0.787,51.2,INVESTIGATING
THR-03532,EVT-023989,2026-09-11T20:07:00,Service Disruption,CRITICAL,0.766,63.1,NEW
THR-03533,EVT-005014,2026-09-13T15:08:00,Mass File Modification,CRITICAL,0.761,69.3,MONITORING
THR-03534,EVT-016251,2026-09-24T01:37:00,Network Scan,MEDIUM,0.822,81.0,CONTAINED
THR-03535,EVT-004932,2026-09-21T02:59:00,Suspicious External Connection,HIGH,0.886,86.1,NEW
THR-03536,EVT-021545,2026-09-17T02:22:00,Large Outbound Transfer,CRITICAL,0.873,45.4,CONTAINED
THR-03537,EVT-000570,2026-09-18T10:52:00,Brute Force,HIGH,0.954,62.5,MONITORING
THR-03538,EVT-013099,2026-09-18T03:32:00,Unusual Upload,CRITICAL,0.722,45.0,INVESTIGATING
THR-03539,EVT-019425,2026-09-21T05:24:00,New Service,HIGH,0.859,63.7,INVESTIGATING
THR-03540,EVT-009816,2026-09-01T11:15:00,SMB Activity,CRITICAL,0.984,88.8,NEW
THR-03541,EVT-023377,2026-09-18T13:36:00,New Service,HIGH,0.744,95.5,MONITORING
THR-03542,EVT-015179,2026-09-08T17:44:00,Suspicious External Connection,HIGH,0.869,55.0,MONITORING
THR-03543,EVT-011964,2026-09-09T00:38:00,SMB Activity,CRITICAL,0.882,75.4,NEW
THR-03544,EVT-017447,2026-09-13T21:57:00,Network Scan,MEDIUM,0.954,76.7,NEW
THR-03545,EVT-029835,2026-09-10T07:14:00,Brute Force,HIGH,0.832,95.8,CONTAINED
THR-03546,EVT-027218,2026-09-25T21:42:00,SMB Activity,CRITICAL,0.876,73.9,MONITORING
THR-03547,EVT-012037,2026-09-20T09:18:00,Service Enumeration,MEDIUM,0.923,67.4,CONTAINED
THR-03548,EVT-007484,2026-09-08T07:24:00,Suspicious External Connection,HIGH,0.863,89.0,CONTAINED
THR-03549,EVT-017927,2026-09-12T06:13:00,New Service,HIGH,0.815,78.2,INVESTIGATING
THR-03550,EVT-016366,2026-09-14T12:01:00,New Service,HIGH,0.712,50.3,CONTAINED
THR-03551,EVT-020945,2026-09-19T11:07:00,Credential Stuffing,HIGH,0.958,91.4,MONITORING
THR-03552,EVT-004400,2026-09-14T18:39:00,RDP Activity,CRITICAL,0.796,54.5,MONITORING
THR-03553,EVT-028913,2026-09-10T13:02:00,RDP Activity,CRITICAL,0.746,56.0,MONITORING
THR-03554,EVT-004524,2026-09-27T07:50:00,Exploit Attempt,HIGH,0.859,52.8,INVESTIGATING
THR-03555,EVT-015342,2026-09-25T15:31:00,Mass File Modification,CRITICAL,0.958,61.7,MONITORING
THR-03556,EVT-029104,2026-09-20T16:19:00,Exploit Attempt,HIGH,0.882,95.5,INVESTIGATING
THR-03557,EVT-021808,2026-09-20T08:23:00,Process Anomaly,HIGH,0.76,87.3,MONITORING
THR-03558,EVT-022090,2026-09-16T09:24:00,Registry Change,HIGH,0.841,72.0,NEW
THR-03559,EVT-016604,2026-09-22T06:27:00,Ransomware-like Activity,CRITICAL,0.708,96.3,NEW
THR-03560,EVT-002306,2026-09-23T04:15:00,Exploit Attempt,HIGH,0.854,80.2,INVESTIGATING
THR-03561,EVT-003548,2026-09-21T18:18:00,Internal Login Burst,CRITICAL,0.751,74.0,MONITORING
THR-03562,EVT-020748,2026-09-03T06:19:00,Command Execution,HIGH,0.843,46.1,INVESTIGATING
THR-03563,EVT-017528,2026-09-18T01:24:00,Port Scan,MEDIUM,0.822,47.5,INVESTIGATING
THR-03564,EVT-012448,2026-09-02T07:11:00,Phishing Link,HIGH,0.865,76.7,NEW
THR-03565,EVT-020541,2026-09-20T22:07:00,Scheduled Task,HIGH,0.736,98.7,INVESTIGATING
THR-03566,EVT-018744,2026-09-02T07:01:00,Credential Stuffing,HIGH,0.811,50.0,MONITORING
THR-03567,EVT-009738,2026-09-02T04:49:00,Exploit Attempt,HIGH,0.81,89.6,MONITORING
THR-03568,EVT-003188,2026-09-25T05:18:00,Archive Transfer,CRITICAL,0.703,76.5,CONTAINED
THR-03569,EVT-021406,2026-09-16T22:16:00,SMB Activity,CRITICAL,0.706,88.6,NEW
THR-03570,EVT-004163,2026-09-07T01:59:00,Command Execution,HIGH,0.896,52.2,INVESTIGATING
THR-03571,EVT-010615,2026-09-24T08:55:00,Port Scan,MEDIUM,0.92,76.0,INVESTIGATING
THR-03572,EVT-005490,2026-09-01T05:48:00,Suspicious External Connection,HIGH,0.829,74.9,INVESTIGATING
THR-03573,EVT-008839,2026-09-19T23:30:00,Remote Service,CRITICAL,0.896,69.8,CONTAINED
THR-03574,EVT-009488,2026-09-22T17:46:00,Port Scan,MEDIUM,0.921,89.9,CONTAINED
THR-03575,EVT-017706,2026-09-13T21:58:00,Registry Change,HIGH,0.984,83.2,INVESTIGATING
THR-03576,EVT-000687,2026-09-27T23:12:00,Script Activity,HIGH,0.868,45.5,MONITORING
THR-03577,EVT-019809,2026-09-04T18:42:00,Port Scan,MEDIUM,0.804,88.5,NEW
THR-03578,EVT-001508,2026-09-23T13:00:00,Brute Force,HIGH,0.924,78.0,MONITORING
THR-03579,EVT-012466,2026-09-05T15:14:00,Suspicious Login,HIGH,0.872,52.1,NEW
THR-03580,EVT-025502,2026-09-06T05:11:00,Script Activity,HIGH,0.925,74.3,INVESTIGATING
THR-03581,EVT-027421,2026-09-15T13:15:00,Registry Change,HIGH,0.985,80.1,INVESTIGATING
THR-03582,EVT-023320,2026-09-10T09:52:00,Mass File Modification,CRITICAL,0.935,96.4,INVESTIGATING
THR-03583,EVT-010545,2026-09-27T02:54:00,Suspicious Login,HIGH,0.925,63.9,MONITORING
THR-03584,EVT-021820,2026-09-23T04:37:00,Credential Stuffing,HIGH,0.914,89.4,INVESTIGATING
THR-03585,EVT-006242,2026-09-10T19:23:00,Phishing Link,HIGH,0.713,98.3,CONTAINED
THR-03586,EVT-009945,2026-09-17T00:38:00,Password Spray,HIGH,0.985,92.5,CONTAINED
THR-03587,EVT-018742,2026-09-05T15:03:00,Mass File Modification,CRITICAL,0.745,51.5,INVESTIGATING
THR-03588,EVT-010418,2026-09-04T04:14:00,Unusual Upload,CRITICAL,0.861,68.0,MONITORING
THR-03589,EVT-020311,2026-09-14T06:11:00,New Service,HIGH,0.77,64.0,MONITORING
THR-03590,EVT-006508,2026-09-25T02:29:00,Large Outbound Transfer,CRITICAL,0.986,52.7,INVESTIGATING
THR-03591,EVT-006065,2026-09-17T09:25:00,Remote Service,CRITICAL,0.801,74.6,CONTAINED
THR-03592,EVT-027074,2026-09-05T16:53:00,Exploit Attempt,HIGH,0.85,53.4,CONTAINED
THR-03593,EVT-006891,2026-09-12T08:19:00,Archive Transfer,CRITICAL,0.79,52.6,INVESTIGATING
THR-03594,EVT-013185,2026-09-13T16:30:00,Brute Force,HIGH,0.891,47.8,CONTAINED
THR-03595,EVT-011461,2026-09-04T06:34:00,Suspicious External Connection,HIGH,0.899,69.4,INVESTIGATING
THR-03596,EVT-009062,2026-09-04T11:36:00,Registry Change,HIGH,0.92,76.3,INVESTIGATING
THR-03597,EVT-028919,2026-09-12T13:16:00,Large Outbound Transfer,CRITICAL,0.901,92.4,NEW
THR-03598,EVT-006852,2026-09-15T03:06:00,Suspicious External Connection,HIGH,0.706,88.0,NEW
THR-03599,EVT-023511,2026-09-19T17:38:00,Remote Service,CRITICAL,0.945,86.3,MONITORING
THR-03600,EVT-025310,2026-09-13T08:15:00,Mass File Modification,CRITICAL,0.803,59.3,CONTAINED
THR-03601,EVT-006520,2026-09-20T21:17:00,Service Disruption,CRITICAL,0.82,52.4,MONITORING
THR-03602,EVT-012285,2026-09-12T16:27:00,Registry Change,HIGH,0.895,57.2,CONTAINED
THR-03603,EVT-019229,2026-09-23T10:06:00,Unusual Upload,CRITICAL,0.877,72.9,CONTAINED
THR-03604,EVT-024995,2026-09-21T10:40:00,SMB Activity,CRITICAL,0.977,67.7,CONTAINED
THR-03605,EVT-023835,2026-09-25T06:06:00,Internal Login Burst,CRITICAL,0.777,81.9,NEW
THR-03606,EVT-007528,2026-09-20T22:21:00,Port Scan,MEDIUM,0.919,81.0,INVESTIGATING
THR-03607,EVT-003111,2026-09-03T05:31:00,Scheduled Task,HIGH,0.962,77.9,CONTAINED
THR-03608,EVT-021824,2026-09-24T07:26:00,Suspicious Login,HIGH,0.823,59.3,NEW
THR-03609,EVT-023403,2026-09-11T03:41:00,Credential Stuffing,HIGH,0.826,89.0,CONTAINED
THR-03610,EVT-000827,2026-09-24T04:46:00,Phishing Link,HIGH,0.883,80.0,INVESTIGATING
THR-03611,EVT-017688,2026-09-20T21:24:00,RDP Activity,CRITICAL,0.783,91.4,NEW
THR-03612,EVT-022825,2026-09-13T07:34:00,Suspicious External Connection,HIGH,0.838,70.7,NEW
THR-03613,EVT-004660,2026-09-08T12:55:00,Large Outbound Transfer,CRITICAL,0.819,54.6,NEW
THR-03614,EVT-026231,2026-09-06T07:30:00,Exploit Attempt,HIGH,0.971,93.8,MONITORING
THR-03615,EVT-026157,2026-09-05T17:42:00,Brute Force,HIGH,0.967,71.5,NEW
THR-03616,EVT-023371,2026-09-21T02:11:00,Command Execution,HIGH,0.984,86.3,NEW
THR-03617,EVT-017488,2026-09-24T08:35:00,Unusual Upload,CRITICAL,0.762,79.6,NEW
THR-03618,EVT-019066,2026-09-13T18:38:00,Script Activity,HIGH,0.873,52.2,CONTAINED
THR-03619,EVT-020518,2026-09-24T10:42:00,New Service,HIGH,0.903,87.4,CONTAINED
THR-03620,EVT-023703,2026-09-19T18:21:00,Credential Stuffing,HIGH,0.871,51.9,MONITORING
THR-03621,EVT-027358,2026-09-23T01:16:00,Credential Stuffing,HIGH,0.813,85.9,INVESTIGATING
THR-03622,EVT-025125,2026-09-03T11:30:00,Command Execution,HIGH,0.73,57.4,INVESTIGATING
THR-03623,EVT-013837,2026-09-06T16:19:00,Process Anomaly,HIGH,0.798,47.3,INVESTIGATING
THR-03624,EVT-026676,2026-09-22T16:10:00,Suspicious External Connection,HIGH,0.786,75.4,CONTAINED
THR-03625,EVT-008881,2026-09-17T09:45:00,Ransomware-like Activity,CRITICAL,0.729,91.5,INVESTIGATING
THR-03626,EVT-006817,2026-09-25T14:23:00,Suspicious External Connection,HIGH,0.754,54.8,CONTAINED
THR-03627,EVT-005038,2026-09-27T21:52:00,New Service,HIGH,0.743,90.2,INVESTIGATING
THR-03628,EVT-020053,2026-09-22T17:49:00,Script Activity,HIGH,0.942,57.5,MONITORING
THR-03629,EVT-023302,2026-09-20T02:20:00,Network Scan,MEDIUM,0.739,74.1,NEW
THR-03630,EVT-005220,2026-09-17T09:18:00,SMB Activity,CRITICAL,0.96,84.9,MONITORING
THR-03631,EVT-026897,2026-09-13T08:03:00,Network Scan,MEDIUM,0.949,56.8,NEW
THR-03632,EVT-023447,2026-09-18T17:56:00,Service Enumeration,MEDIUM,0.752,68.7,NEW
THR-03633,EVT-024870,2026-09-11T00:31:00,Archive Transfer,CRITICAL,0.825,62.8,NEW
THR-03634,EVT-019823,2026-09-06T13:46:00,Brute Force,HIGH,0.913,94.1,CONTAINED
THR-03635,EVT-021275,2026-09-04T16:07:00,Exploit Attempt,HIGH,0.759,76.2,CONTAINED
THR-03636,EVT-004303,2026-09-03T04:00:00,Password Spray,HIGH,0.749,89.9,MONITORING
THR-03637,EVT-017084,2026-09-01T08:30:00,Script Activity,HIGH,0.703,98.9,INVESTIGATING
THR-03638,EVT-002652,2026-09-06T18:33:00,Exploit Attempt,HIGH,0.729,58.0,NEW
THR-03639,EVT-002037,2026-09-04T02:26:00,Exploit Attempt,HIGH,0.78,58.0,MONITORING
THR-03640,EVT-007979,2026-09-01T01:12:00,Command Execution,HIGH,0.88,52.0,CONTAINED
THR-03641,EVT-023596,2026-09-16T20:49:00,Ransomware-like Activity,CRITICAL,0.729,86.3,NEW
THR-03642,EVT-008800,2026-09-18T20:11:00,Service Enumeration,MEDIUM,0.771,94.4,CONTAINED
THR-03643,EVT-011521,2026-09-03T13:38:00,Phishing Link,HIGH,0.758,65.1,MONITORING
THR-03644,EVT-006680,2026-09-13T01:06:00,Exploit Attempt,HIGH,0.935,54.0,CONTAINED
THR-03645,EVT-006175,2026-09-22T11:31:00,Remote Service,CRITICAL,0.97,94.2,MONITORING
THR-03646,EVT-017980,2026-09-09T19:57:00,Credential Stuffing,HIGH,0.855,64.6,MONITORING
THR-03647,EVT-007200,2026-09-14T23:56:00,Mass File Modification,CRITICAL,0.986,72.5,NEW
THR-03648,EVT-027569,2026-09-19T11:53:00,Scheduled Task,HIGH,0.798,55.4,MONITORING
THR-03649,EVT-003644,2026-09-20T00:24:00,Service Enumeration,MEDIUM,0.987,96.6,CONTAINED
THR-03650,EVT-026250,2026-09-06T00:29:00,Suspicious Login,HIGH,0.934,82.0,NEW
THR-03651,EVT-023224,2026-09-09T20:48:00,Ransomware-like Activity,CRITICAL,0.896,79.2,MONITORING
THR-03652,EVT-026039,2026-09-20T08:12:00,Password Spray,HIGH,0.721,75.3,NEW
THR-03653,EVT-024559,2026-09-05T05:44:00,Credential Stuffing,HIGH,0.863,76.2,INVESTIGATING
THR-03654,EVT-007880,2026-09-20T12:20:00,Exploit Attempt,HIGH,0.789,93.4,NEW
THR-03655,EVT-014413,2026-09-17T08:10:00,New Service,HIGH,0.951,84.7,NEW
THR-03656,EVT-020556,2026-09-26T15:49:00,Internal Login Burst,CRITICAL,0.855,50.9,CONTAINED
THR-03657,EVT-021597,2026-09-01T02:51:00,Process Anomaly,HIGH,0.722,92.8,CONTAINED
THR-03658,EVT-011171,2026-09-11T11:18:00,Internal Login Burst,CRITICAL,0.725,51.0,CONTAINED
THR-03659,EVT-018537,2026-09-21T04:45:00,Process Anomaly,HIGH,0.96,92.9,MONITORING
THR-03660,EVT-027600,2026-09-11T02:13:00,Port Scan,MEDIUM,0.795,97.7,NEW
THR-03661,EVT-010981,2026-09-04T22:07:00,Internal Login Burst,CRITICAL,0.987,82.7,MONITORING
THR-03662,EVT-015396,2026-09-04T06:47:00,Large Outbound Transfer,CRITICAL,0.714,97.8,NEW
THR-03663,EVT-005403,2026-09-25T14:09:00,Registry Change,HIGH,0.974,87.9,MONITORING
THR-03664,EVT-024956,2026-09-17T18:43:00,Password Spray,HIGH,0.72,80.9,INVESTIGATING
THR-03665,EVT-015958,2026-09-14T15:37:00,Phishing Link,HIGH,0.954,69.5,MONITORING
THR-03666,EVT-014140,2026-09-23T15:07:00,Process Anomaly,HIGH,0.918,78.7,CONTAINED
THR-03667,EVT-003258,2026-09-11T19:28:00,Registry Change,HIGH,0.808,65.0,NEW
THR-03668,EVT-002253,2026-09-14T06:58:00,Suspicious External Connection,HIGH,0.956,58.2,NEW
THR-03669,EVT-002450,2026-09-25T03:55:00,RDP Activity,CRITICAL,0.765,63.7,NEW
THR-03670,EVT-018811,2026-09-18T15:01:00,Network Scan,MEDIUM,0.797,95.9,NEW
THR-03671,EVT-004098,2026-09-06T23:25:00,Process Anomaly,HIGH,0.913,95.3,NEW
THR-03672,EVT-013282,2026-09-06T12:11:00,New Service,HIGH,0.757,87.3,INVESTIGATING
THR-03673,EVT-002205,2026-09-26T19:55:00,Credential Stuffing,HIGH,0.987,55.6,NEW
THR-03674,EVT-028125,2026-09-12T19:20:00,Scheduled Task,HIGH,0.713,67.1,MONITORING
THR-03675,EVT-017839,2026-09-06T15:29:00,Remote Service,CRITICAL,0.973,72.8,NEW
THR-03676,EVT-020580,2026-09-12T06:44:00,Scheduled Task,HIGH,0.919,53.2,CONTAINED
THR-03677,EVT-014040,2026-09-04T07:57:00,Internal Login Burst,CRITICAL,0.926,77.6,NEW
THR-03678,EVT-025512,2026-09-24T14:37:00,Suspicious External Connection,HIGH,0.812,48.7,CONTAINED
THR-03679,EVT-027728,2026-09-21T12:06:00,Service Enumeration,MEDIUM,0.83,86.3,NEW
THR-03680,EVT-015458,2026-09-06T06:00:00,Port Scan,MEDIUM,0.91,60.5,MONITORING
THR-03681,EVT-015759,2026-09-10T22:14:00,Credential Stuffing,HIGH,0.778,64.5,NEW
THR-03682,EVT-005366,2026-09-02T16:51:00,SMB Activity,CRITICAL,0.74,57.4,INVESTIGATING
THR-03683,EVT-000193,2026-09-15T09:02:00,Suspicious Login,HIGH,0.893,91.5,CONTAINED
THR-03684,EVT-027011,2026-09-03T11:30:00,Password Spray,HIGH,0.886,53.7,CONTAINED
THR-03685,EVT-022391,2026-09-01T15:52:00,Archive Transfer,CRITICAL,0.748,59.2,INVESTIGATING
THR-03686,EVT-005197,2026-09-19T12:31:00,Exploit Attempt,HIGH,0.894,85.9,INVESTIGATING
THR-03687,EVT-005650,2026-09-08T07:20:00,Suspicious External Connection,HIGH,0.912,76.3,NEW
THR-03688,EVT-005315,2026-09-10T17:57:00,New Service,HIGH,0.872,76.9,INVESTIGATING
THR-03689,EVT-005524,2026-09-20T06:42:00,Phishing Link,HIGH,0.83,68.7,CONTAINED
THR-03690,EVT-024173,2026-09-18T18:22:00,Network Scan,MEDIUM,0.809,81.9,INVESTIGATING
THR-03691,EVT-004731,2026-09-06T14:22:00,Phishing Link,HIGH,0.989,92.7,NEW
THR-03692,EVT-020824,2026-09-03T05:47:00,Service Enumeration,MEDIUM,0.768,80.1,INVESTIGATING
THR-03693,EVT-018957,2026-09-19T02:54:00,Suspicious Login,HIGH,0.839,51.6,CONTAINED
THR-03694,EVT-009781,2026-09-27T17:25:00,Phishing Link,HIGH,0.809,85.6,NEW
THR-03695,EVT-029524,2026-09-10T04:56:00,Phishing Link,HIGH,0.977,56.9,MONITORING
THR-03696,EVT-006378,2026-09-08T20:00:00,Exploit Attempt,HIGH,0.965,73.8,MONITORING
THR-03697,EVT-010518,2026-09-11T09:34:00,Credential Stuffing,HIGH,0.983,45.8,INVESTIGATING
THR-03698,EVT-002225,2026-09-27T13:21:00,Exploit Attempt,HIGH,0.932,49.6,CONTAINED
THR-03699,EVT-029741,2026-09-02T20:06:00,Credential Stuffing,HIGH,0.858,57.2,MONITORING
THR-03700,EVT-005033,2026-09-19T06:55:00,Command Execution,HIGH,0.931,60.6,MONITORING
THR-03701,EVT-022633,2026-09-17T18:07:00,Large Outbound Transfer,CRITICAL,0.713,78.0,INVESTIGATING
THR-03702,EVT-018858,2026-09-10T20:59:00,Archive Transfer,CRITICAL,0.818,87.4,CONTAINED
THR-03703,EVT-003384,2026-09-18T02:47:00,Port Scan,MEDIUM,0.791,87.0,NEW
THR-03704,EVT-007642,2026-09-11T01:41:00,Registry Change,HIGH,0.858,79.0,INVESTIGATING
THR-03705,EVT-005036,2026-09-02T03:29:00,Brute Force,HIGH,0.876,93.7,CONTAINED
THR-03706,EVT-006490,2026-09-24T17:06:00,Mass File Modification,CRITICAL,0.923,55.0,NEW
THR-03707,EVT-029505,2026-09-09T04:43:00,Credential Stuffing,HIGH,0.859,96.8,CONTAINED
THR-03708,EVT-009944,2026-09-18T18:14:00,Phishing Link,HIGH,0.861,84.6,MONITORING
THR-03709,EVT-010844,2026-09-08T01:27:00,SMB Activity,CRITICAL,0.821,51.1,INVESTIGATING
THR-03710,EVT-028825,2026-09-14T19:03:00,Service Enumeration,MEDIUM,0.756,73.4,NEW
THR-03711,EVT-029099,2026-09-07T09:49:00,Registry Change,HIGH,0.797,68.1,NEW
THR-03712,EVT-024341,2026-09-13T07:48:00,Suspicious External Connection,HIGH,0.918,96.3,MONITORING
THR-03713,EVT-021897,2026-09-02T01:09:00,Large Outbound Transfer,CRITICAL,0.919,61.6,CONTAINED
THR-03714,EVT-008967,2026-09-16T03:58:00,Unusual Upload,CRITICAL,0.911,96.6,MONITORING
THR-03715,EVT-006393,2026-09-07T15:17:00,Large Outbound Transfer,CRITICAL,0.736,95.0,NEW
THR-03716,EVT-029571,2026-09-03T00:23:00,Service Disruption,CRITICAL,0.729,61.7,NEW
THR-03717,EVT-006101,2026-09-09T22:45:00,Suspicious Login,HIGH,0.868,75.4,INVESTIGATING
THR-03718,EVT-000008,2026-09-19T00:48:00,Ransomware-like Activity,CRITICAL,0.702,94.6,CONTAINED
THR-03719,EVT-024929,2026-09-24T13:14:00,SMB Activity,CRITICAL,0.835,66.2,MONITORING
THR-03720,EVT-005172,2026-09-02T02:15:00,Password Spray,HIGH,0.723,56.6,NEW
THR-03721,EVT-025087,2026-09-14T23:12:00,Unusual Upload,CRITICAL,0.926,65.9,MONITORING
THR-03722,EVT-028555,2026-09-14T08:07:00,Brute Force,HIGH,0.778,57.4,CONTAINED
THR-03723,EVT-012134,2026-09-03T02:34:00,Credential Stuffing,HIGH,0.789,81.9,CONTAINED
THR-03724,EVT-021090,2026-09-24T06:11:00,Mass File Modification,CRITICAL,0.852,64.3,CONTAINED
THR-03725,EVT-015725,2026-09-23T07:23:00,Phishing Link,HIGH,0.809,72.0,INVESTIGATING
THR-03726,EVT-017923,2026-09-27T03:14:00,SMB Activity,CRITICAL,0.722,93.7,MONITORING
THR-03727,EVT-020491,2026-09-22T13:16:00,Script Activity,HIGH,0.951,76.7,NEW
THR-03728,EVT-021626,2026-09-04T02:37:00,Exploit Attempt,HIGH,0.815,82.3,NEW
THR-03729,EVT-000973,2026-09-05T12:22:00,Suspicious External Connection,HIGH,0.832,56.5,NEW
THR-03730,EVT-019252,2026-09-01T03:15:00,Exploit Attempt,HIGH,0.805,70.8,INVESTIGATING
THR-03731,EVT-008504,2026-09-17T07:46:00,Phishing Link,HIGH,0.87,76.3,CONTAINED
THR-03732,EVT-018189,2026-09-26T22:46:00,Suspicious External Connection,HIGH,0.89,86.2,NEW
THR-03733,EVT-018740,2026-09-11T10:25:00,Service Disruption,CRITICAL,0.874,93.4,NEW
THR-03734,EVT-007977,2026-09-02T23:56:00,Suspicious External Connection,HIGH,0.778,60.0,INVESTIGATING
THR-03735,EVT-014481,2026-09-02T20:02:00,RDP Activity,CRITICAL,0.877,69.7,INVESTIGATING
THR-03736,EVT-015413,2026-09-11T04:00:00,Port Scan,MEDIUM,0.948,91.0,CONTAINED
THR-03737,EVT-024679,2026-09-27T04:26:00,Password Spray,HIGH,0.757,60.1,MONITORING
THR-03738,EVT-029548,2026-09-23T13:23:00,Mass File Modification,CRITICAL,0.758,96.8,CONTAINED
THR-03739,EVT-000171,2026-09-08T13:08:00,Registry Change,HIGH,0.946,98.8,INVESTIGATING
THR-03740,EVT-025079,2026-09-08T10:49:00,Remote Service,CRITICAL,0.786,76.9,CONTAINED
THR-03741,EVT-005423,2026-09-22T14:42:00,Internal Login Burst,CRITICAL,0.794,49.6,CONTAINED
THR-03742,EVT-023190,2026-09-12T17:59:00,Service Enumeration,MEDIUM,0.828,84.0,CONTAINED
THR-03743,EVT-027484,2026-09-24T11:07:00,Exploit Attempt,HIGH,0.825,63.4,NEW
THR-03744,EVT-027478,2026-09-08T23:18:00,Remote Service,CRITICAL,0.844,71.6,CONTAINED
THR-03745,EVT-023161,2026-09-17T06:20:00,Script Activity,HIGH,0.98,84.5,NEW
THR-03746,EVT-029123,2026-09-18T05:41:00,Registry Change,HIGH,0.81,64.1,INVESTIGATING
THR-03747,EVT-010076,2026-09-24T14:20:00,RDP Activity,CRITICAL,0.936,45.0,NEW
THR-03748,EVT-000593,2026-09-08T01:22:00,Password Spray,HIGH,0.932,92.8,MONITORING
THR-03749,EVT-002707,2026-09-21T03:38:00,Brute Force,HIGH,0.713,57.3,CONTAINED
THR-03750,EVT-011322,2026-09-04T06:41:00,Phishing Link,HIGH,0.941,83.4,NEW
THR-03751,EVT-023748,2026-09-08T05:08:00,Internal Login Burst,CRITICAL,0.706,87.1,CONTAINED
THR-03752,EVT-029056,2026-09-02T11:05:00,Registry Change,HIGH,0.981,97.9,CONTAINED
THR-03753,EVT-012268,2026-09-19T07:28:00,Service Enumeration,MEDIUM,0.825,53.0,INVESTIGATING
THR-03754,EVT-025411,2026-09-22T00:16:00,Exploit Attempt,HIGH,0.707,80.8,CONTAINED
THR-03755,EVT-020283,2026-09-17T01:38:00,Remote Service,CRITICAL,0.925,72.4,CONTAINED
THR-03756,EVT-027635,2026-09-09T03:30:00,Large Outbound Transfer,CRITICAL,0.815,68.3,INVESTIGATING
THR-03757,EVT-021390,2026-09-03T03:20:00,Large Outbound Transfer,CRITICAL,0.747,58.3,MONITORING
THR-03758,EVT-009139,2026-09-12T07:54:00,Registry Change,HIGH,0.703,98.3,NEW
THR-03759,EVT-020940,2026-09-10T04:46:00,Ransomware-like Activity,CRITICAL,0.975,57.5,NEW
THR-03760,EVT-014376,2026-09-22T01:38:00,Suspicious External Connection,HIGH,0.759,65.3,NEW
THR-03761,EVT-025281,2026-09-08T00:08:00,Ransomware-like Activity,CRITICAL,0.959,72.4,MONITORING
THR-03762,EVT-024639,2026-09-09T11:10:00,Phishing Link,HIGH,0.805,73.0,INVESTIGATING
THR-03763,EVT-000921,2026-09-20T04:45:00,Network Scan,MEDIUM,0.701,92.7,CONTAINED
THR-03764,EVT-000923,2026-09-06T00:19:00,Large Outbound Transfer,CRITICAL,0.97,82.1,MONITORING
THR-03765,EVT-004747,2026-09-06T03:13:00,Suspicious External Connection,HIGH,0.961,73.5,MONITORING
THR-03766,EVT-019711,2026-09-02T12:20:00,Credential Stuffing,HIGH,0.917,96.1,MONITORING
THR-03767,EVT-019857,2026-09-19T03:58:00,Internal Login Burst,CRITICAL,0.831,98.0,INVESTIGATING
THR-03768,EVT-011000,2026-09-21T15:10:00,Script Activity,HIGH,0.829,95.4,INVESTIGATING
THR-03769,EVT-008734,2026-09-04T17:36:00,Network Scan,MEDIUM,0.813,45.3,INVESTIGATING
THR-03770,EVT-018432,2026-09-09T00:27:00,RDP Activity,CRITICAL,0.921,65.3,CONTAINED
THR-03771,EVT-010512,2026-09-07T04:11:00,New Service,HIGH,0.88,72.9,INVESTIGATING
THR-03772,EVT-026766,2026-09-17T18:13:00,Port Scan,MEDIUM,0.805,67.6,NEW
THR-03773,EVT-001544,2026-09-07T00:02:00,Credential Stuffing,HIGH,0.91,97.2,MONITORING
THR-03774,EVT-029319,2026-09-24T16:59:00,Remote Service,CRITICAL,0.798,93.6,MONITORING
THR-03775,EVT-021227,2026-09-05T03:55:00,Large Outbound Transfer,CRITICAL,0.945,72.8,MONITORING
THR-03776,EVT-007458,2026-09-09T10:25:00,Phishing Link,HIGH,0.87,91.2,INVESTIGATING
THR-03777,EVT-000905,2026-09-01T12:52:00,Brute Force,HIGH,0.816,58.1,MONITORING
THR-03778,EVT-009714,2026-09-04T19:29:00,Phishing Link,HIGH,0.857,96.4,NEW
THR-03779,EVT-005326,2026-09-04T08:26:00,Phishing Link,HIGH,0.827,58.0,MONITORING
THR-03780,EVT-024689,2026-09-17T02:15:00,SMB Activity,CRITICAL,0.742,79.3,INVESTIGATING
THR-03781,EVT-015890,2026-09-06T00:02:00,Network Scan,MEDIUM,0.965,56.1,NEW
THR-03782,EVT-015025,2026-09-26T13:53:00,Internal Login Burst,CRITICAL,0.828,51.9,INVESTIGATING
THR-03783,EVT-006084,2026-09-08T07:58:00,Service Enumeration,MEDIUM,0.916,58.9,INVESTIGATING
THR-03784,EVT-029517,2026-09-04T12:36:00,Service Enumeration,MEDIUM,0.744,80.6,CONTAINED
THR-03785,EVT-011244,2026-09-20T20:11:00,Exploit Attempt,HIGH,0.978,57.4,CONTAINED
THR-03786,EVT-020475,2026-09-19T10:19:00,Unusual Upload,CRITICAL,0.869,62.2,MONITORING
THR-03787,EVT-012393,2026-09-06T19:05:00,Remote Service,CRITICAL,0.831,79.0,CONTAINED
THR-03788,EVT-008569,2026-09-27T06:02:00,Script Activity,HIGH,0.824,46.1,INVESTIGATING
THR-03789,EVT-008020,2026-09-05T19:45:00,Command Execution,HIGH,0.948,87.9,MONITORING
THR-03790,EVT-026702,2026-09-15T15:59:00,Credential Stuffing,HIGH,0.777,82.4,CONTAINED
THR-03791,EVT-026297,2026-09-16T23:53:00,Registry Change,HIGH,0.817,88.4,NEW
THR-03792,EVT-006076,2026-09-07T01:20:00,Internal Login Burst,CRITICAL,0.847,90.1,CONTAINED
THR-03793,EVT-009899,2026-09-23T20:05:00,Suspicious External Connection,HIGH,0.863,87.4,MONITORING
THR-03794,EVT-018246,2026-09-20T22:55:00,Port Scan,MEDIUM,0.93,84.1,CONTAINED
THR-03795,EVT-024992,2026-09-27T01:39:00,Command Execution,HIGH,0.842,64.8,MONITORING
THR-03796,EVT-003231,2026-09-16T07:01:00,Archive Transfer,CRITICAL,0.861,53.8,CONTAINED
THR-03797,EVT-015563,2026-09-02T02:50:00,Large Outbound Transfer,CRITICAL,0.912,82.3,CONTAINED
THR-03798,EVT-028639,2026-09-22T17:35:00,Credential Stuffing,HIGH,0.95,72.6,INVESTIGATING
THR-03799,EVT-028003,2026-09-09T09:27:00,Unusual Upload,CRITICAL,0.838,47.9,MONITORING
THR-03800,EVT-002366,2026-09-12T02:35:00,Password Spray,HIGH,0.791,55.6,MONITORING
THR-03801,EVT-024631,2026-09-25T08:23:00,Suspicious External Connection,HIGH,0.963,60.8,INVESTIGATING
THR-03802,EVT-002979,2026-09-19T09:35:00,Service Disruption,CRITICAL,0.901,98.7,NEW
THR-03803,EVT-012071,2026-09-27T21:19:00,Remote Service,CRITICAL,0.939,63.3,MONITORING
THR-03804,EVT-012749,2026-09-16T17:17:00,Archive Transfer,CRITICAL,0.976,77.7,MONITORING
THR-03805,EVT-023654,2026-09-22T17:51:00,Command Execution,HIGH,0.928,78.5,MONITORING
THR-03806,EVT-022952,2026-09-12T04:49:00,Credential Stuffing,HIGH,0.74,53.0,CONTAINED
THR-03807,EVT-022640,2026-09-03T00:07:00,Network Scan,MEDIUM,0.701,77.9,NEW
THR-03808,EVT-016833,2026-09-21T19:55:00,Password Spray,HIGH,0.866,47.4,NEW
THR-03809,EVT-024061,2026-09-06T01:48:00,Internal Login Burst,CRITICAL,0.919,50.2,MONITORING
THR-03810,EVT-011319,2026-09-07T23:52:00,Network Scan,MEDIUM,0.964,48.8,NEW
THR-03811,EVT-017670,2026-09-05T13:17:00,RDP Activity,CRITICAL,0.93,74.7,CONTAINED
THR-03812,EVT-021854,2026-09-26T17:23:00,Suspicious External Connection,HIGH,0.946,91.1,MONITORING
THR-03813,EVT-005394,2026-09-03T12:31:00,Unusual Upload,CRITICAL,0.988,88.5,MONITORING
THR-03814,EVT-028210,2026-09-23T06:39:00,Password Spray,HIGH,0.724,66.4,NEW
THR-03815,EVT-027605,2026-09-14T20:17:00,Registry Change,HIGH,0.866,54.0,NEW
THR-03816,EVT-022077,2026-09-25T06:12:00,New Service,HIGH,0.786,72.5,MONITORING
THR-03817,EVT-013394,2026-09-21T04:09:00,Command Execution,HIGH,0.87,58.1,MONITORING
THR-03818,EVT-001380,2026-09-25T03:30:00,Network Scan,MEDIUM,0.727,70.0,NEW
THR-03819,EVT-020437,2026-09-08T02:13:00,Process Anomaly,HIGH,0.848,55.8,MONITORING
THR-03820,EVT-011254,2026-09-26T10:58:00,Service Enumeration,MEDIUM,0.962,82.7,MONITORING
THR-03821,EVT-004571,2026-09-14T23:59:00,Credential Stuffing,HIGH,0.981,99.0,INVESTIGATING
THR-03822,EVT-019603,2026-09-20T05:24:00,Suspicious External Connection,HIGH,0.911,74.1,NEW
THR-03823,EVT-016267,2026-09-18T22:32:00,Network Scan,MEDIUM,0.844,87.0,CONTAINED
THR-03824,EVT-021286,2026-09-04T23:53:00,New Service,HIGH,0.912,86.5,MONITORING
THR-03825,EVT-000280,2026-09-24T06:26:00,RDP Activity,CRITICAL,0.904,89.6,CONTAINED
THR-03826,EVT-003151,2026-09-10T02:46:00,Script Activity,HIGH,0.829,52.8,MONITORING
THR-03827,EVT-017242,2026-09-11T20:04:00,SMB Activity,CRITICAL,0.878,64.8,CONTAINED
THR-03828,EVT-007836,2026-09-27T05:44:00,Credential Stuffing,HIGH,0.739,64.8,NEW
THR-03829,EVT-024216,2026-09-14T14:17:00,Service Disruption,CRITICAL,0.939,47.4,NEW
THR-03830,EVT-023581,2026-09-23T08:54:00,Service Disruption,CRITICAL,0.847,47.5,NEW
THR-03831,EVT-012964,2026-09-09T08:18:00,Exploit Attempt,HIGH,0.847,56.0,INVESTIGATING
THR-03832,EVT-015926,2026-09-22T21:53:00,Remote Service,CRITICAL,0.853,57.2,NEW
THR-03833,EVT-001682,2026-09-05T11:41:00,SMB Activity,CRITICAL,0.844,67.4,MONITORING
THR-03834,EVT-026453,2026-09-16T17:28:00,Large Outbound Transfer,CRITICAL,0.863,82.9,INVESTIGATING
THR-03835,EVT-024798,2026-09-13T22:30:00,Port Scan,MEDIUM,0.883,84.2,INVESTIGATING
THR-03836,EVT-003470,2026-09-16T17:40:00,Remote Service,CRITICAL,0.705,82.5,INVESTIGATING
THR-03837,EVT-004915,2026-09-08T05:08:00,SMB Activity,CRITICAL,0.964,87.6,NEW
THR-03838,EVT-008267,2026-09-16T04:09:00,Exploit Attempt,HIGH,0.738,54.0,INVESTIGATING
THR-03839,EVT-011224,2026-09-01T21:32:00,Large Outbound Transfer,CRITICAL,0.859,56.6,NEW
THR-03840,EVT-005362,2026-09-15T09:06:00,Phishing Link,HIGH,0.923,82.1,CONTAINED
THR-03841,EVT-001043,2026-09-13T11:11:00,Suspicious External Connection,HIGH,0.956,72.0,INVESTIGATING
THR-03842,EVT-013384,2026-09-01T11:48:00,Exploit Attempt,HIGH,0.829,52.1,MONITORING
THR-03843,EVT-016165,2026-09-14T18:57:00,New Service,HIGH,0.979,45.8,MONITORING
THR-03844,EVT-008501,2026-09-24T22:05:00,Ransomware-like Activity,CRITICAL,0.729,83.7,CONTAINED
THR-03845,EVT-013069,2026-09-25T07:04:00,Scheduled Task,HIGH,0.901,60.2,NEW
THR-03846,EVT-019889,2026-09-12T00:06:00,Service Enumeration,MEDIUM,0.737,53.2,MONITORING
THR-03847,EVT-027369,2026-09-22T19:45:00,Mass File Modification,CRITICAL,0.897,63.8,MONITORING
THR-03848,EVT-021392,2026-09-21T18:19:00,Ransomware-like Activity,CRITICAL,0.7,95.0,MONITORING
THR-03849,EVT-025534,2026-09-06T21:36:00,Network Scan,MEDIUM,0.862,69.2,INVESTIGATING
THR-03850,EVT-009138,2026-09-06T03:21:00,Unusual Upload,CRITICAL,0.988,49.4,CONTAINED
THR-03851,EVT-015716,2026-09-01T05:30:00,SMB Activity,CRITICAL,0.737,45.2,CONTAINED
THR-03852,EVT-019815,2026-09-06T19:33:00,Process Anomaly,HIGH,0.83,97.4,NEW
THR-03853,EVT-016814,2026-09-22T03:51:00,Credential Stuffing,HIGH,0.797,59.9,INVESTIGATING
THR-03854,EVT-001315,2026-09-01T00:32:00,Credential Stuffing,HIGH,0.935,73.7,CONTAINED
THR-03855,EVT-029982,2026-09-25T08:52:00,Service Enumeration,MEDIUM,0.839,86.3,MONITORING
THR-03856,EVT-028314,2026-09-02T08:28:00,Suspicious External Connection,HIGH,0.948,62.6,NEW
THR-03857,EVT-015729,2026-09-02T16:35:00,Password Spray,HIGH,0.753,96.3,INVESTIGATING
THR-03858,EVT-001246,2026-09-16T18:52:00,Network Scan,MEDIUM,0.914,84.5,INVESTIGATING
THR-03859,EVT-004023,2026-09-13T05:50:00,Password Spray,HIGH,0.739,95.0,NEW
THR-03860,EVT-008963,2026-09-19T00:52:00,New Service,HIGH,0.887,73.1,CONTAINED
THR-03861,EVT-027210,2026-09-19T06:47:00,Script Activity,HIGH,0.744,80.3,CONTAINED
THR-03862,EVT-018630,2026-09-08T04:08:00,Service Enumeration,MEDIUM,0.806,84.2,CONTAINED
THR-03863,EVT-019291,2026-09-01T23:46:00,Brute Force,HIGH,0.738,82.8,INVESTIGATING
THR-03864,EVT-003343,2026-09-10T07:16:00,Password Spray,HIGH,0.844,74.2,CONTAINED
THR-03865,EVT-026258,2026-09-02T07:31:00,Internal Login Burst,CRITICAL,0.742,76.7,CONTAINED
THR-03866,EVT-015346,2026-09-19T11:45:00,Exploit Attempt,HIGH,0.969,58.2,CONTAINED
THR-03867,EVT-007857,2026-09-01T12:21:00,Suspicious External Connection,HIGH,0.82,60.8,NEW
THR-03868,EVT-018761,2026-09-06T08:09:00,Brute Force,HIGH,0.976,89.3,NEW
THR-03869,EVT-005835,2026-09-18T11:58:00,Command Execution,HIGH,0.854,96.3,MONITORING
THR-03870,EVT-024947,2026-09-19T22:21:00,Password Spray,HIGH,0.79,97.5,INVESTIGATING
THR-03871,EVT-025772,2026-09-14T22:09:00,Service Disruption,CRITICAL,0.965,93.5,NEW
THR-03872,EVT-013532,2026-09-25T13:33:00,Ransomware-like Activity,CRITICAL,0.961,85.2,NEW
THR-03873,EVT-009374,2026-09-26T03:58:00,Unusual Upload,CRITICAL,0.9,55.2,INVESTIGATING
THR-03874,EVT-018644,2026-09-13T18:10:00,Exploit Attempt,HIGH,0.821,68.8,NEW
THR-03875,EVT-000157,2026-09-18T22:26:00,Network Scan,MEDIUM,0.73,67.5,INVESTIGATING
THR-03876,EVT-003596,2026-09-07T07:11:00,Credential Stuffing,HIGH,0.868,75.3,MONITORING
THR-03877,EVT-023563,2026-09-06T16:06:00,Command Execution,HIGH,0.718,49.5,INVESTIGATING
THR-03878,EVT-004995,2026-09-17T16:00:00,Credential Stuffing,HIGH,0.807,86.5,NEW
THR-03879,EVT-026848,2026-09-04T21:53:00,Phishing Link,HIGH,0.709,56.7,MONITORING
THR-03880,EVT-017993,2026-09-12T06:33:00,Scheduled Task,HIGH,0.756,74.6,INVESTIGATING
THR-03881,EVT-008299,2026-09-15T09:09:00,SMB Activity,CRITICAL,0.895,70.3,INVESTIGATING
THR-03882,EVT-010450,2026-09-25T09:39:00,Remote Service,CRITICAL,0.853,77.9,NEW
THR-03883,EVT-010214,2026-09-02T15:49:00,Credential Stuffing,HIGH,0.91,53.1,MONITORING
THR-03884,EVT-019589,2026-09-21T04:33:00,New Service,HIGH,0.907,72.7,INVESTIGATING
THR-03885,EVT-026847,2026-09-10T07:56:00,Brute Force,HIGH,0.753,54.3,INVESTIGATING
THR-03886,EVT-020855,2026-09-16T02:19:00,Large Outbound Transfer,CRITICAL,0.754,97.2,INVESTIGATING
THR-03887,EVT-010073,2026-09-02T14:56:00,Ransomware-like Activity,CRITICAL,0.722,55.7,NEW
THR-03888,EVT-015807,2026-09-10T13:26:00,Remote Service,CRITICAL,0.898,80.2,INVESTIGATING
THR-03889,EVT-016921,2026-09-05T23:24:00,Command Execution,HIGH,0.945,57.7,NEW
THR-03890,EVT-015591,2026-09-24T18:53:00,Port Scan,MEDIUM,0.722,67.3,NEW
THR-03891,EVT-004407,2026-09-07T17:09:00,Brute Force,HIGH,0.824,48.8,INVESTIGATING
THR-03892,EVT-006785,2026-09-10T07:03:00,Script Activity,HIGH,0.972,47.3,INVESTIGATING
THR-03893,EVT-014933,2026-09-06T14:43:00,Registry Change,HIGH,0.97,72.8,NEW
THR-03894,EVT-004022,2026-09-19T15:08:00,Service Enumeration,MEDIUM,0.836,94.0,NEW
THR-03895,EVT-016640,2026-09-13T15:30:00,Exploit Attempt,HIGH,0.918,75.7,INVESTIGATING
THR-03896,EVT-005974,2026-09-06T05:25:00,Archive Transfer,CRITICAL,0.95,94.6,INVESTIGATING
THR-03897,EVT-014586,2026-09-08T04:46:00,Command Execution,HIGH,0.802,56.5,CONTAINED
THR-03898,EVT-006793,2026-09-19T03:11:00,Service Enumeration,MEDIUM,0.729,92.8,INVESTIGATING
THR-03899,EVT-007548,2026-09-25T15:02:00,Script Activity,HIGH,0.781,72.6,MONITORING
THR-03900,EVT-006596,2026-09-26T15:57:00,Command Execution,HIGH,0.928,94.7,NEW
THR-03901,EVT-018445,2026-09-11T13:06:00,Service Disruption,CRITICAL,0.898,56.6,CONTAINED
THR-03902,EVT-007441,2026-09-19T01:08:00,Script Activity,HIGH,0.778,72.3,INVESTIGATING
THR-03903,EVT-005246,2026-09-03T06:11:00,Unusual Upload,CRITICAL,0.946,66.3,INVESTIGATING
THR-03904,EVT-003912,2026-09-11T03:30:00,Script Activity,HIGH,0.967,94.5,CONTAINED
THR-03905,EVT-012319,2026-09-09T06:07:00,Script Activity,HIGH,0.872,95.5,INVESTIGATING
THR-03906,EVT-004274,2026-09-11T17:59:00,Suspicious External Connection,HIGH,0.838,50.0,INVESTIGATING
THR-03907,EVT-005449,2026-09-23T12:00:00,Script Activity,HIGH,0.89,95.3,NEW
THR-03908,EVT-014554,2026-09-24T17:03:00,Phishing Link,HIGH,0.978,51.6,CONTAINED
THR-03909,EVT-023212,2026-09-07T16:11:00,Internal Login Burst,CRITICAL,0.879,79.8,NEW
THR-03910,EVT-015697,2026-09-13T03:47:00,Service Enumeration,MEDIUM,0.935,79.5,NEW
THR-03911,EVT-019004,2026-09-21T10:30:00,Phishing Link,HIGH,0.936,96.7,MONITORING
THR-03912,EVT-021911,2026-09-15T07:41:00,Mass File Modification,CRITICAL,0.731,80.0,MONITORING
THR-03913,EVT-002448,2026-09-15T22:21:00,Brute Force,HIGH,0.901,82.4,NEW
THR-03914,EVT-024202,2026-09-23T05:15:00,Large Outbound Transfer,CRITICAL,0.909,74.3,NEW
THR-03915,EVT-007072,2026-09-25T04:51:00,New Service,HIGH,0.925,91.4,MONITORING
THR-03916,EVT-011181,2026-09-03T03:00:00,Credential Stuffing,HIGH,0.812,64.1,INVESTIGATING
THR-03917,EVT-003728,2026-09-19T07:26:00,Internal Login Burst,CRITICAL,0.778,67.0,MONITORING
THR-03918,EVT-011514,2026-09-06T00:00:00,Mass File Modification,CRITICAL,0.793,74.7,MONITORING
THR-03919,EVT-012751,2026-09-25T15:24:00,Suspicious External Connection,HIGH,0.886,91.9,INVESTIGATING
THR-03920,EVT-023283,2026-09-09T22:53:00,Suspicious External Connection,HIGH,0.773,70.3,INVESTIGATING
THR-03921,EVT-020815,2026-09-14T10:54:00,Password Spray,HIGH,0.784,95.1,NEW
THR-03922,EVT-018685,2026-09-11T23:38:00,Suspicious Login,HIGH,0.862,77.0,INVESTIGATING
THR-03923,EVT-028426,2026-09-12T17:18:00,SMB Activity,CRITICAL,0.703,58.4,NEW
THR-03924,EVT-001837,2026-09-03T12:29:00,Remote Service,CRITICAL,0.943,70.3,NEW
THR-03925,EVT-003168,2026-09-27T18:57:00,Port Scan,MEDIUM,0.708,84.7,MONITORING
THR-03926,EVT-010052,2026-09-17T03:48:00,Suspicious External Connection,HIGH,0.73,79.3,CONTAINED
THR-03927,EVT-029860,2026-09-05T14:58:00,Process Anomaly,HIGH,0.896,77.2,INVESTIGATING
THR-03928,EVT-005182,2026-09-21T02:41:00,Phishing Link,HIGH,0.821,91.5,INVESTIGATING
THR-03929,EVT-008948,2026-09-05T04:53:00,Port Scan,MEDIUM,0.979,55.7,INVESTIGATING
THR-03930,EVT-024005,2026-09-03T22:39:00,Mass File Modification,CRITICAL,0.879,81.8,INVESTIGATING
THR-03931,EVT-003835,2026-09-13T09:44:00,New Service,HIGH,0.835,64.2,MONITORING
THR-03932,EVT-004816,2026-09-15T06:31:00,Internal Login Burst,CRITICAL,0.926,52.7,INVESTIGATING
THR-03933,EVT-000853,2026-09-04T14:48:00,New Service,HIGH,0.93,76.6,MONITORING
THR-03934,EVT-024653,2026-09-12T07:23:00,Brute Force,HIGH,0.934,76.4,NEW
THR-03935,EVT-006189,2026-09-21T11:17:00,Suspicious External Connection,HIGH,0.777,45.4,INVESTIGATING
THR-03936,EVT-014013,2026-09-08T01:58:00,Unusual Upload,CRITICAL,0.902,71.6,INVESTIGATING
THR-03937,EVT-000399,2026-09-21T10:13:00,Large Outbound Transfer,CRITICAL,0.843,52.2,INVESTIGATING
THR-03938,EVT-002401,2026-09-14T18:58:00,RDP Activity,CRITICAL,0.803,92.2,MONITORING
THR-03939,EVT-027791,2026-09-17T09:49:00,Port Scan,MEDIUM,0.776,67.9,MONITORING
THR-03940,EVT-029556,2026-09-20T14:12:00,Script Activity,HIGH,0.927,81.6,INVESTIGATING
THR-03941,EVT-014135,2026-09-18T21:34:00,Service Disruption,CRITICAL,0.815,54.4,NEW
THR-03942,EVT-010117,2026-09-09T17:24:00,RDP Activity,CRITICAL,0.942,58.5,MONITORING
THR-03943,EVT-013025,2026-09-02T03:27:00,Password Spray,HIGH,0.777,45.8,NEW
THR-03944,EVT-008387,2026-09-02T23:22:00,Internal Login Burst,CRITICAL,0.703,49.3,NEW
THR-03945,EVT-028050,2026-09-13T22:51:00,Registry Change,HIGH,0.936,67.4,INVESTIGATING
THR-03946,EVT-016473,2026-09-27T12:17:00,Unusual Upload,CRITICAL,0.871,63.3,MONITORING
THR-03947,EVT-023406,2026-09-20T23:00:00,Credential Stuffing,HIGH,0.767,66.5,CONTAINED
THR-03948,EVT-003388,2026-09-25T10:50:00,Service Disruption,CRITICAL,0.836,45.4,MONITORING
THR-03949,EVT-023317,2026-09-08T00:28:00,Mass File Modification,CRITICAL,0.821,63.3,INVESTIGATING
THR-03950,EVT-013840,2026-09-27T13:48:00,Network Scan,MEDIUM,0.978,73.7,INVESTIGATING
THR-03951,EVT-001112,2026-09-03T14:23:00,SMB Activity,CRITICAL,0.745,53.8,CONTAINED
THR-03952,EVT-017052,2026-09-04T19:56:00,Suspicious Login,HIGH,0.716,62.0,MONITORING
THR-03953,EVT-009533,2026-09-19T15:55:00,Suspicious External Connection,HIGH,0.949,73.5,NEW
THR-03954,EVT-021418,2026-09-15T23:32:00,Port Scan,MEDIUM,0.932,71.6,INVESTIGATING
THR-03955,EVT-008127,2026-09-12T21:14:00,Exploit Attempt,HIGH,0.778,89.2,MONITORING
THR-03956,EVT-002236,2026-09-20T23:51:00,Registry Change,HIGH,0.919,61.6,INVESTIGATING
THR-03957,EVT-004707,2026-09-21T09:09:00,New Service,HIGH,0.715,64.3,NEW
THR-03958,EVT-019001,2026-09-06T02:53:00,Phishing Link,HIGH,0.737,57.1,INVESTIGATING
THR-03959,EVT-023997,2026-09-09T04:55:00,Process Anomaly,HIGH,0.907,63.5,NEW
THR-03960,EVT-005534,2026-09-14T19:42:00,Exploit Attempt,HIGH,0.747,95.4,NEW
THR-03961,EVT-013386,2026-09-25T20:31:00,Phishing Link,HIGH,0.928,73.2,CONTAINED
THR-03962,EVT-026329,2026-09-12T01:48:00,Phishing Link,HIGH,0.939,67.1,INVESTIGATING
THR-03963,EVT-020973,2026-09-12T13:25:00,Archive Transfer,CRITICAL,0.969,54.8,MONITORING
THR-03964,EVT-001302,2026-09-27T17:18:00,Phishing Link,HIGH,0.838,71.4,MONITORING
THR-03965,EVT-011488,2026-09-14T02:57:00,SMB Activity,CRITICAL,0.804,64.1,MONITORING
THR-03966,EVT-015380,2026-09-17T12:15:00,Suspicious Login,HIGH,0.941,94.9,CONTAINED
THR-03967,EVT-024897,2026-09-06T13:53:00,Process Anomaly,HIGH,0.854,74.9,NEW
THR-03968,EVT-016715,2026-09-19T23:08:00,Phishing Link,HIGH,0.824,88.3,MONITORING
THR-03969,EVT-023980,2026-09-03T05:49:00,SMB Activity,CRITICAL,0.975,60.2,MONITORING
THR-03970,EVT-004368,2026-09-23T12:36:00,Ransomware-like Activity,CRITICAL,0.911,73.1,CONTAINED
THR-03971,EVT-010766,2026-09-03T16:22:00,Ransomware-like Activity,CRITICAL,0.879,51.3,MONITORING
THR-03972,EVT-017256,2026-09-21T11:23:00,Archive Transfer,CRITICAL,0.821,93.5,NEW
THR-03973,EVT-029351,2026-09-19T06:32:00,Large Outbound Transfer,CRITICAL,0.782,79.1,NEW
THR-03974,EVT-025212,2026-09-18T02:30:00,Phishing Link,HIGH,0.907,97.4,NEW
THR-03975,EVT-010902,2026-09-14T20:03:00,Suspicious External Connection,HIGH,0.971,55.8,CONTAINED
THR-03976,EVT-013528,2026-09-02T08:15:00,Mass File Modification,CRITICAL,0.982,56.5,CONTAINED
THR-03977,EVT-001689,2026-09-01T02:16:00,Service Disruption,CRITICAL,0.734,66.3,NEW
THR-03978,EVT-008742,2026-09-23T21:59:00,Archive Transfer,CRITICAL,0.782,87.9,NEW
THR-03979,EVT-004948,2026-09-07T21:58:00,Exploit Attempt,HIGH,0.715,50.3,INVESTIGATING
THR-03980,EVT-008618,2026-09-07T05:03:00,Brute Force,HIGH,0.706,46.2,MONITORING
THR-03981,EVT-028061,2026-09-03T22:19:00,Registry Change,HIGH,0.832,85.0,NEW
THR-03982,EVT-002552,2026-09-23T10:33:00,Credential Stuffing,HIGH,0.947,92.6,NEW
THR-03983,EVT-022209,2026-09-12T17:11:00,Ransomware-like Activity,CRITICAL,0.714,89.7,MONITORING
THR-03984,EVT-016367,2026-09-27T06:49:00,Password Spray,HIGH,0.825,45.3,INVESTIGATING
THR-03985,EVT-021840,2026-09-03T01:34:00,Registry Change,HIGH,0.776,59.1,CONTAINED
THR-03986,EVT-019030,2026-09-07T20:01:00,Credential Stuffing,HIGH,0.751,76.3,MONITORING
THR-03987,EVT-004850,2026-09-02T01:53:00,Archive Transfer,CRITICAL,0.835,48.0,MONITORING
THR-03988,EVT-014652,2026-09-20T18:29:00,Exploit Attempt,HIGH,0.757,63.6,MONITORING
THR-03989,EVT-013081,2026-09-05T21:38:00,Exploit Attempt,HIGH,0.887,93.2,MONITORING
THR-03990,EVT-025855,2026-09-03T21:18:00,Suspicious External Connection,HIGH,0.881,75.0,INVESTIGATING
THR-03991,EVT-018984,2026-09-01T16:17:00,Service Enumeration,MEDIUM,0.974,69.0,NEW
THR-03992,EVT-002374,2026-09-13T02:58:00,RDP Activity,CRITICAL,0.714,95.2,INVESTIGATING
THR-03993,EVT-006270,2026-09-14T13:34:00,Exploit Attempt,HIGH,0.714,59.3,CONTAINED
THR-03994,EVT-001428,2026-09-09T03:53:00,Service Disruption,CRITICAL,0.93,46.0,NEW
THR-03995,EVT-026456,2026-09-26T19:13:00,RDP Activity,CRITICAL,0.902,86.6,INVESTIGATING
THR-03996,EVT-006869,2026-09-03T21:34:00,Suspicious External Connection,HIGH,0.926,92.6,CONTAINED
THR-03997,EVT-016472,2026-09-04T22:58:00,New Service,HIGH,0.845,52.3,INVESTIGATING
THR-03998,EVT-013054,2026-09-17T19:43:00,SMB Activity,CRITICAL,0.705,45.3,NEW
THR-03999,EVT-010164,2026-09-21T05:36:00,Service Disruption,CRITICAL,0.813,56.7,NEW
THR-04000,EVT-017086,2026-09-03T10:27:00,Password Spray,HIGH,0.716,54.9,INVESTIGATING
THR-04001,EVT-006589,2026-09-24T23:41:00,Credential Stuffing,HIGH,0.883,83.9,INVESTIGATING
THR-04002,EVT-029796,2026-09-02T08:19:00,Suspicious Login,HIGH,0.966,86.2,NEW
THR-04003,EVT-022482,2026-09-20T22:36:00,Command Execution,HIGH,0.948,90.7,CONTAINED
THR-04004,EVT-013933,2026-09-18T06:21:00,RDP Activity,CRITICAL,0.94,70.7,NEW
THR-04005,EVT-005930,2026-09-13T08:28:00,Process Anomaly,HIGH,0.976,90.1,INVESTIGATING
THR-04006,EVT-027516,2026-09-17T22:28:00,Script Activity,HIGH,0.707,76.6,CONTAINED
THR-04007,EVT-001251,2026-09-16T18:14:00,Command Execution,HIGH,0.785,60.8,CONTAINED
THR-04008,EVT-010242,2026-09-09T07:06:00,Large Outbound Transfer,CRITICAL,0.769,94.8,NEW
THR-04009,EVT-003830,2026-09-08T14:51:00,Archive Transfer,CRITICAL,0.745,52.9,MONITORING
THR-04010,EVT-020276,2026-09-23T10:11:00,Port Scan,MEDIUM,0.731,69.9,MONITORING
THR-04011,EVT-017875,2026-09-09T00:14:00,Process Anomaly,HIGH,0.909,66.6,NEW
THR-04012,EVT-010145,2026-09-18T21:58:00,Registry Change,HIGH,0.731,50.7,CONTAINED
THR-04013,EVT-001814,2026-09-17T19:05:00,Brute Force,HIGH,0.957,45.2,CONTAINED
THR-04014,EVT-016371,2026-09-16T02:36:00,RDP Activity,CRITICAL,0.922,64.0,MONITORING
THR-04015,EVT-003494,2026-09-02T00:24:00,Port Scan,MEDIUM,0.958,84.0,MONITORING
THR-04016,EVT-016890,2026-09-06T12:45:00,Archive Transfer,CRITICAL,0.816,65.1,INVESTIGATING
THR-04017,EVT-007488,2026-09-23T19:32:00,Script Activity,HIGH,0.919,54.8,MONITORING
THR-04018,EVT-011551,2026-09-20T08:26:00,Large Outbound Transfer,CRITICAL,0.723,95.0,INVESTIGATING
THR-04019,EVT-021324,2026-09-18T11:15:00,Port Scan,MEDIUM,0.725,51.2,MONITORING
THR-04020,EVT-008128,2026-09-17T07:43:00,Script Activity,HIGH,0.759,68.4,MONITORING
THR-04021,EVT-008565,2026-09-13T08:06:00,Unusual Upload,CRITICAL,0.867,73.1,NEW
THR-04022,EVT-005601,2026-09-11T04:32:00,Suspicious External Connection,HIGH,0.76,87.4,NEW
THR-04023,EVT-004164,2026-09-14T14:59:00,Internal Login Burst,CRITICAL,0.903,51.1,CONTAINED
THR-04024,EVT-007490,2026-09-18T01:40:00,RDP Activity,CRITICAL,0.865,67.4,INVESTIGATING
THR-04025,EVT-015187,2026-09-03T03:03:00,Mass File Modification,CRITICAL,0.878,94.6,CONTAINED
THR-04026,EVT-000088,2026-09-12T07:46:00,Phishing Link,HIGH,0.799,75.8,MONITORING
THR-04027,EVT-015893,2026-09-20T08:11:00,RDP Activity,CRITICAL,0.833,74.9,NEW
THR-04028,EVT-002457,2026-09-18T05:06:00,Network Scan,MEDIUM,0.71,95.5,CONTAINED
THR-04029,EVT-017717,2026-09-22T04:17:00,Archive Transfer,CRITICAL,0.908,52.0,INVESTIGATING
THR-04030,EVT-022967,2026-09-19T09:22:00,Ransomware-like Activity,CRITICAL,0.799,71.0,CONTAINED
THR-04031,EVT-006203,2026-09-07T06:07:00,Mass File Modification,CRITICAL,0.766,71.4,INVESTIGATING
THR-04032,EVT-020725,2026-09-01T08:52:00,Unusual Upload,CRITICAL,0.943,60.2,CONTAINED
THR-04033,EVT-019959,2026-09-02T06:47:00,Remote Service,CRITICAL,0.866,69.2,CONTAINED
THR-04034,EVT-001659,2026-09-06T17:53:00,SMB Activity,CRITICAL,0.979,84.8,MONITORING
THR-04035,EVT-008754,2026-09-24T16:28:00,Registry Change,HIGH,0.879,46.5,NEW
THR-04036,EVT-026749,2026-09-03T13:17:00,Suspicious Login,HIGH,0.803,47.1,CONTAINED
THR-04037,EVT-014524,2026-09-17T19:15:00,Internal Login Burst,CRITICAL,0.709,71.2,NEW
THR-04038,EVT-022862,2026-09-12T01:50:00,Registry Change,HIGH,0.921,54.6,CONTAINED
THR-04039,EVT-008159,2026-09-03T16:40:00,Suspicious Login,HIGH,0.869,45.9,NEW
THR-04040,EVT-003321,2026-09-04T05:06:00,SMB Activity,CRITICAL,0.84,92.7,MONITORING
THR-04041,EVT-006907,2026-09-11T15:15:00,Network Scan,MEDIUM,0.942,71.0,CONTAINED
THR-04042,EVT-027797,2026-09-23T08:19:00,Ransomware-like Activity,CRITICAL,0.831,84.9,CONTAINED
THR-04043,EVT-025093,2026-09-10T22:26:00,Script Activity,HIGH,0.74,46.0,INVESTIGATING
THR-04044,EVT-016788,2026-09-25T10:55:00,Script Activity,HIGH,0.861,94.0,NEW
THR-04045,EVT-021657,2026-09-09T03:58:00,Network Scan,MEDIUM,0.988,66.4,INVESTIGATING
THR-04046,EVT-005510,2026-09-13T17:46:00,Brute Force,HIGH,0.888,45.4,NEW
THR-04047,EVT-018477,2026-09-09T09:11:00,Brute Force,HIGH,0.83,95.8,NEW
THR-04048,EVT-028048,2026-09-13T09:25:00,Brute Force,HIGH,0.958,86.9,MONITORING
THR-04049,EVT-012495,2026-09-01T08:34:00,Password Spray,HIGH,0.984,60.2,CONTAINED
THR-04050,EVT-005497,2026-09-25T09:43:00,Brute Force,HIGH,0.832,89.6,NEW
THR-04051,EVT-018873,2026-09-21T05:33:00,Service Disruption,CRITICAL,0.782,94.9,NEW
THR-04052,EVT-006377,2026-09-23T21:02:00,Large Outbound Transfer,CRITICAL,0.95,93.0,CONTAINED
THR-04053,EVT-014980,2026-09-05T23:16:00,New Service,HIGH,0.711,78.5,NEW
THR-04054,EVT-022381,2026-09-11T20:52:00,Registry Change,HIGH,0.989,70.7,MONITORING
THR-04055,EVT-012451,2026-09-09T05:09:00,SMB Activity,CRITICAL,0.976,94.8,MONITORING
THR-04056,EVT-018969,2026-09-25T10:52:00,Service Enumeration,MEDIUM,0.827,80.2,INVESTIGATING
THR-04057,EVT-002165,2026-09-26T22:53:00,Exploit Attempt,HIGH,0.86,77.2,CONTAINED
THR-04058,EVT-022560,2026-09-16T14:08:00,Exploit Attempt,HIGH,0.957,55.8,INVESTIGATING
THR-04059,EVT-010988,2026-09-05T02:41:00,Unusual Upload,CRITICAL,0.755,53.8,CONTAINED
THR-04060,EVT-010625,2026-09-27T10:31:00,Suspicious Login,HIGH,0.916,47.2,NEW
THR-04061,EVT-017914,2026-09-07T16:00:00,Phishing Link,HIGH,0.95,92.0,CONTAINED
THR-04062,EVT-010797,2026-09-17T11:55:00,Service Enumeration,MEDIUM,0.852,87.0,NEW
THR-04063,EVT-014321,2026-09-01T07:15:00,Suspicious External Connection,HIGH,0.898,86.5,CONTAINED
THR-04064,EVT-025107,2026-09-17T07:11:00,Script Activity,HIGH,0.746,81.6,INVESTIGATING
THR-04065,EVT-014415,2026-09-27T02:30:00,Brute Force,HIGH,0.794,60.4,NEW
THR-04066,EVT-005654,2026-09-22T08:02:00,SMB Activity,CRITICAL,0.946,62.1,MONITORING
THR-04067,EVT-003080,2026-09-23T16:59:00,Suspicious Login,HIGH,0.95,50.0,NEW
THR-04068,EVT-018839,2026-09-18T08:36:00,RDP Activity,CRITICAL,0.868,91.4,CONTAINED
THR-04069,EVT-029769,2026-09-25T16:57:00,Unusual Upload,CRITICAL,0.823,55.0,MONITORING
THR-04070,EVT-007792,2026-09-19T17:27:00,Internal Login Burst,CRITICAL,0.726,95.8,NEW
THR-04071,EVT-013045,2026-09-17T20:38:00,Ransomware-like Activity,CRITICAL,0.8,54.4,NEW
THR-04072,EVT-011352,2026-09-22T08:32:00,Network Scan,MEDIUM,0.939,85.8,INVESTIGATING
THR-04073,EVT-001953,2026-09-27T15:10:00,Command Execution,HIGH,0.721,69.5,CONTAINED
THR-04074,EVT-016789,2026-09-08T02:41:00,Brute Force,HIGH,0.97,58.8,CONTAINED
THR-04075,EVT-015603,2026-09-11T19:34:00,Script Activity,HIGH,0.782,85.8,CONTAINED
THR-04076,EVT-025474,2026-09-04T15:22:00,New Service,HIGH,0.857,78.8,NEW
THR-04077,EVT-014799,2026-09-27T01:27:00,Service Enumeration,MEDIUM,0.794,79.3,NEW
THR-04078,EVT-021800,2026-09-19T12:03:00,Credential Stuffing,HIGH,0.925,95.3,CONTAINED
THR-04079,EVT-025747,2026-09-14T07:15:00,Suspicious Login,HIGH,0.875,87.3,NEW
THR-04080,EVT-021664,2026-09-05T14:16:00,Remote Service,CRITICAL,0.704,71.5,CONTAINED
THR-04081,EVT-023744,2026-09-11T21:02:00,Mass File Modification,CRITICAL,0.738,91.9,MONITORING
THR-04082,EVT-005754,2026-09-14T21:54:00,Suspicious External Connection,HIGH,0.989,54.5,MONITORING
THR-04083,EVT-008392,2026-09-15T00:45:00,Internal Login Burst,CRITICAL,0.799,66.2,CONTAINED
THR-04084,EVT-002834,2026-09-06T18:32:00,Brute Force,HIGH,0.825,58.6,INVESTIGATING
THR-04085,EVT-003066,2026-09-05T03:00:00,Internal Login Burst,CRITICAL,0.751,75.9,MONITORING
THR-04086,EVT-010734,2026-09-21T06:43:00,Command Execution,HIGH,0.767,63.6,NEW
THR-04087,EVT-026563,2026-09-12T23:15:00,Exploit Attempt,HIGH,0.805,45.3,MONITORING
THR-04088,EVT-007401,2026-09-21T08:43:00,Ransomware-like Activity,CRITICAL,0.902,57.8,INVESTIGATING
THR-04089,EVT-012996,2026-09-21T12:29:00,Remote Service,CRITICAL,0.777,85.9,MONITORING
THR-04090,EVT-022346,2026-09-01T16:44:00,Unusual Upload,CRITICAL,0.79,50.8,MONITORING
THR-04091,EVT-014190,2026-09-23T07:08:00,Large Outbound Transfer,CRITICAL,0.815,97.1,NEW
THR-04092,EVT-020282,2026-09-07T19:50:00,Exploit Attempt,HIGH,0.728,58.2,CONTAINED
THR-04093,EVT-020139,2026-09-07T10:43:00,Exploit Attempt,HIGH,0.818,63.0,MONITORING
THR-04094,EVT-005095,2026-09-23T15:37:00,Credential Stuffing,HIGH,0.777,75.6,MONITORING
THR-04095,EVT-009330,2026-09-04T03:07:00,Process Anomaly,HIGH,0.865,90.7,MONITORING
THR-04096,EVT-012348,2026-09-27T12:42:00,Internal Login Burst,CRITICAL,0.958,62.8,CONTAINED
THR-04097,EVT-005767,2026-09-17T23:02:00,Password Spray,HIGH,0.856,95.6,CONTAINED
THR-04098,EVT-000158,2026-09-16T15:34:00,Internal Login Burst,CRITICAL,0.965,56.3,MONITORING
THR-04099,EVT-021000,2026-09-04T07:53:00,Scheduled Task,HIGH,0.924,52.5,NEW
THR-04100,EVT-009948,2026-09-23T07:06:00,Unusual Upload,CRITICAL,0.793,80.3,MONITORING
THR-04101,EVT-010568,2026-09-27T13:58:00,Process Anomaly,HIGH,0.867,97.9,CONTAINED
THR-04102,EVT-016641,2026-09-12T23:27:00,Registry Change,HIGH,0.843,82.8,MONITORING
THR-04103,EVT-027681,2026-09-02T17:19:00,Service Enumeration,MEDIUM,0.719,75.7,MONITORING
THR-04104,EVT-003337,2026-09-19T07:03:00,Suspicious Login,HIGH,0.755,52.8,NEW
THR-04105,EVT-026026,2026-09-17T14:44:00,Service Enumeration,MEDIUM,0.975,71.6,MONITORING
THR-04106,EVT-001892,2026-09-15T22:08:00,Phishing Link,HIGH,0.854,62.4,CONTAINED
THR-04107,EVT-003345,2026-09-19T14:41:00,Phishing Link,HIGH,0.92,94.8,MONITORING
THR-04108,EVT-003196,2026-09-02T01:04:00,Port Scan,MEDIUM,0.872,47.7,NEW
THR-04109,EVT-004004,2026-09-18T05:16:00,Remote Service,CRITICAL,0.846,88.2,INVESTIGATING
THR-04110,EVT-008655,2026-09-20T08:12:00,Archive Transfer,CRITICAL,0.956,70.1,NEW
THR-04111,EVT-016752,2026-09-14T13:10:00,Credential Stuffing,HIGH,0.808,81.0,INVESTIGATING
THR-04112,EVT-003905,2026-09-11T08:33:00,Suspicious External Connection,HIGH,0.818,93.3,NEW
THR-04113,EVT-009370,2026-09-26T03:39:00,Remote Service,CRITICAL,0.943,77.4,CONTAINED
THR-04114,EVT-019806,2026-09-13T05:56:00,Unusual Upload,CRITICAL,0.868,76.2,INVESTIGATING
THR-04115,EVT-018619,2026-09-21T10:26:00,Unusual Upload,CRITICAL,0.876,79.7,INVESTIGATING
THR-04116,EVT-009877,2026-09-06T19:48:00,Internal Login Burst,CRITICAL,0.821,90.5,NEW
THR-04117,EVT-025032,2026-09-02T19:44:00,Suspicious External Connection,HIGH,0.755,48.7,INVESTIGATING
THR-04118,EVT-027729,2026-09-26T23:10:00,Credential Stuffing,HIGH,0.744,60.5,NEW
THR-04119,EVT-016749,2026-09-15T14:04:00,Ransomware-like Activity,CRITICAL,0.97,62.9,NEW
THR-04120,EVT-028185,2026-09-05T09:13:00,Network Scan,MEDIUM,0.945,66.3,MONITORING
THR-04121,EVT-010287,2026-09-01T07:32:00,Exploit Attempt,HIGH,0.895,67.7,NEW
THR-04122,EVT-021480,2026-09-12T04:06:00,Process Anomaly,HIGH,0.971,67.8,NEW
THR-04123,EVT-007639,2026-09-23T04:20:00,Port Scan,MEDIUM,0.967,62.0,INVESTIGATING
THR-04124,EVT-004441,2026-09-17T22:34:00,Network Scan,MEDIUM,0.846,93.7,NEW
THR-04125,EVT-016960,2026-09-25T15:07:00,Command Execution,HIGH,0.881,85.7,MONITORING
THR-04126,EVT-029884,2026-09-15T04:45:00,Phishing Link,HIGH,0.956,78.0,MONITORING
THR-04127,EVT-015964,2026-09-26T04:45:00,Registry Change,HIGH,0.843,63.3,NEW
THR-04128,EVT-017246,2026-09-02T18:46:00,SMB Activity,CRITICAL,0.967,63.2,CONTAINED
THR-04129,EVT-014887,2026-09-17T16:41:00,Exploit Attempt,HIGH,0.763,76.6,MONITORING
THR-04130,EVT-008819,2026-09-10T03:48:00,Network Scan,MEDIUM,0.985,77.7,INVESTIGATING
THR-04131,EVT-026425,2026-09-10T02:22:00,Network Scan,MEDIUM,0.796,97.3,INVESTIGATING
THR-04132,EVT-022861,2026-09-02T06:53:00,Internal Login Burst,CRITICAL,0.837,52.0,CONTAINED
THR-04133,EVT-013062,2026-09-26T04:23:00,Archive Transfer,CRITICAL,0.904,66.4,INVESTIGATING
THR-04134,EVT-025736,2026-09-26T11:32:00,Suspicious Login,HIGH,0.83,46.0,MONITORING
THR-04135,EVT-006795,2026-09-11T07:35:00,Mass File Modification,CRITICAL,0.73,47.0,CONTAINED
THR-04136,EVT-014548,2026-09-01T04:13:00,Remote Service,CRITICAL,0.709,84.7,CONTAINED
THR-04137,EVT-013206,2026-09-15T06:51:00,Large Outbound Transfer,CRITICAL,0.737,55.9,CONTAINED
THR-04138,EVT-002551,2026-09-13T13:54:00,Suspicious External Connection,HIGH,0.924,46.0,INVESTIGATING
THR-04139,EVT-000087,2026-09-01T15:22:00,Brute Force,HIGH,0.734,78.0,INVESTIGATING
THR-04140,EVT-009734,2026-09-14T06:45:00,Script Activity,HIGH,0.734,73.3,CONTAINED
THR-04141,EVT-002093,2026-09-11T07:16:00,New Service,HIGH,0.932,86.9,INVESTIGATING
THR-04142,EVT-006238,2026-09-08T22:09:00,Large Outbound Transfer,CRITICAL,0.784,81.5,NEW
THR-04143,EVT-003354,2026-09-10T11:37:00,Service Disruption,CRITICAL,0.79,79.0,CONTAINED
THR-04144,EVT-025684,2026-09-06T23:47:00,Credential Stuffing,HIGH,0.709,47.6,INVESTIGATING
THR-04145,EVT-025618,2026-09-26T01:37:00,Script Activity,HIGH,0.884,56.5,INVESTIGATING
THR-04146,EVT-019483,2026-09-08T02:33:00,Service Enumeration,MEDIUM,0.781,95.2,CONTAINED
THR-04147,EVT-004167,2026-09-24T17:07:00,Mass File Modification,CRITICAL,0.886,97.9,INVESTIGATING
THR-04148,EVT-008246,2026-09-11T21:19:00,Service Enumeration,MEDIUM,0.9,80.9,CONTAINED
THR-04149,EVT-026398,2026-09-07T20:15:00,Internal Login Burst,CRITICAL,0.965,96.5,CONTAINED
THR-04150,EVT-028759,2026-09-24T23:59:00,Suspicious External Connection,HIGH,0.753,49.9,NEW
THR-04151,EVT-012930,2026-09-08T23:44:00,Network Scan,MEDIUM,0.722,50.2,INVESTIGATING
THR-04152,EVT-025329,2026-09-17T16:37:00,Command Execution,HIGH,0.935,98.5,CONTAINED
THR-04153,EVT-023761,2026-09-04T07:43:00,Password Spray,HIGH,0.888,61.8,NEW
THR-04154,EVT-027469,2026-09-21T19:41:00,Phishing Link,HIGH,0.853,88.8,MONITORING
THR-04155,EVT-023123,2026-09-13T23:58:00,Service Disruption,CRITICAL,0.726,50.8,MONITORING
THR-04156,EVT-005983,2026-09-14T07:55:00,Exploit Attempt,HIGH,0.772,46.3,CONTAINED
THR-04157,EVT-014798,2026-09-07T17:41:00,Internal Login Burst,CRITICAL,0.894,70.4,INVESTIGATING
THR-04158,EVT-020944,2026-09-06T04:39:00,Port Scan,MEDIUM,0.922,57.5,NEW
THR-04159,EVT-010959,2026-09-02T01:24:00,Brute Force,HIGH,0.848,61.4,CONTAINED
THR-04160,EVT-017663,2026-09-10T19:41:00,Credential Stuffing,HIGH,0.719,76.3,INVESTIGATING
THR-04161,EVT-024647,2026-09-26T17:11:00,Credential Stuffing,HIGH,0.884,62.9,INVESTIGATING
THR-04162,EVT-026986,2026-09-25T07:09:00,Network Scan,MEDIUM,0.933,97.1,INVESTIGATING
THR-04163,EVT-024942,2026-09-05T21:02:00,Network Scan,MEDIUM,0.931,64.2,MONITORING
THR-04164,EVT-014889,2026-09-08T08:16:00,New Service,HIGH,0.818,85.3,CONTAINED
THR-04165,EVT-018608,2026-09-23T07:37:00,Archive Transfer,CRITICAL,0.826,53.1,NEW
THR-04166,EVT-000075,2026-09-02T03:48:00,Password Spray,HIGH,0.899,49.2,MONITORING
THR-04167,EVT-001276,2026-09-13T22:04:00,Credential Stuffing,HIGH,0.926,97.8,CONTAINED
THR-04168,EVT-027312,2026-09-06T13:54:00,Credential Stuffing,HIGH,0.702,81.7,MONITORING
THR-04169,EVT-008399,2026-09-08T21:47:00,Network Scan,MEDIUM,0.795,50.8,INVESTIGATING
THR-04170,EVT-001551,2026-09-02T19:49:00,Port Scan,MEDIUM,0.834,94.3,NEW
THR-04171,EVT-028808,2026-09-04T09:06:00,Port Scan,MEDIUM,0.855,73.7,INVESTIGATING
THR-04172,EVT-015295,2026-09-06T23:06:00,Brute Force,HIGH,0.811,70.9,MONITORING
THR-04173,EVT-004919,2026-09-15T06:40:00,RDP Activity,CRITICAL,0.88,89.6,MONITORING
THR-04174,EVT-015045,2026-09-06T21:16:00,Service Enumeration,MEDIUM,0.98,61.5,INVESTIGATING
THR-04175,EVT-013663,2026-09-10T14:40:00,Service Enumeration,MEDIUM,0.777,77.3,INVESTIGATING
THR-04176,EVT-001897,2026-09-02T17:16:00,Internal Login Burst,CRITICAL,0.932,75.4,CONTAINED
THR-04177,EVT-001256,2026-09-09T23:50:00,Port Scan,MEDIUM,0.782,90.8,NEW
THR-04178,EVT-014063,2026-09-25T18:22:00,Network Scan,MEDIUM,0.963,57.9,CONTAINED
THR-04179,EVT-004739,2026-09-25T08:26:00,Brute Force,HIGH,0.795,88.5,INVESTIGATING
THR-04180,EVT-008757,2026-09-12T16:55:00,Scheduled Task,HIGH,0.84,95.9,NEW
THR-04181,EVT-015520,2026-09-01T10:05:00,Large Outbound Transfer,CRITICAL,0.841,84.6,MONITORING
THR-04182,EVT-024518,2026-09-04T12:25:00,SMB Activity,CRITICAL,0.707,50.3,MONITORING
THR-04183,EVT-026408,2026-09-13T03:22:00,Credential Stuffing,HIGH,0.94,75.6,MONITORING
THR-04184,EVT-000527,2026-09-06T05:01:00,RDP Activity,CRITICAL,0.819,54.4,INVESTIGATING
THR-04185,EVT-018284,2026-09-14T14:07:00,Scheduled Task,HIGH,0.837,79.5,CONTAINED
THR-04186,EVT-016713,2026-09-06T07:56:00,Script Activity,HIGH,0.756,90.5,MONITORING
THR-04187,EVT-024584,2026-09-05T19:55:00,Script Activity,HIGH,0.853,79.3,CONTAINED
THR-04188,EVT-003394,2026-09-26T05:06:00,Ransomware-like Activity,CRITICAL,0.939,71.4,MONITORING
THR-04189,EVT-019410,2026-09-24T13:22:00,Suspicious Login,HIGH,0.983,69.6,MONITORING
THR-04190,EVT-004016,2026-09-10T18:50:00,Network Scan,MEDIUM,0.859,69.1,MONITORING
THR-04191,EVT-002525,2026-09-25T12:48:00,New Service,HIGH,0.872,87.7,INVESTIGATING
THR-04192,EVT-010125,2026-09-14T12:31:00,Process Anomaly,HIGH,0.91,79.4,NEW
THR-04193,EVT-006329,2026-09-14T21:55:00,Network Scan,MEDIUM,0.988,49.1,MONITORING
THR-04194,EVT-018983,2026-09-24T07:54:00,Suspicious Login,HIGH,0.802,47.3,INVESTIGATING
THR-04195,EVT-005870,2026-09-26T15:06:00,Scheduled Task,HIGH,0.756,55.9,CONTAINED
THR-04196,EVT-026725,2026-09-17T10:11:00,Suspicious Login,HIGH,0.988,64.6,MONITORING
THR-04197,EVT-026198,2026-09-13T20:34:00,Suspicious Login,HIGH,0.715,61.7,CONTAINED
THR-04198,EVT-010881,2026-09-19T19:09:00,Command Execution,HIGH,0.888,82.5,INVESTIGATING
THR-04199,EVT-015385,2026-09-05T03:33:00,Port Scan,MEDIUM,0.9,64.9,NEW
THR-04200,EVT-015911,2026-09-10T10:32:00,Suspicious External Connection,HIGH,0.934,97.6,CONTAINED
THR-04201,EVT-019160,2026-09-27T05:53:00,Service Enumeration,MEDIUM,0.745,51.4,NEW
THR-04202,EVT-005958,2026-09-11T11:09:00,Password Spray,HIGH,0.9,73.1,INVESTIGATING
THR-04203,EVT-013188,2026-09-18T13:03:00,Suspicious Login,HIGH,0.853,96.4,MONITORING
THR-04204,EVT-018582,2026-09-26T23:33:00,Brute Force,HIGH,0.879,74.4,MONITORING
THR-04205,EVT-010049,2026-09-20T03:25:00,Service Enumeration,MEDIUM,0.738,48.1,CONTAINED
THR-04206,EVT-025962,2026-09-24T04:36:00,RDP Activity,CRITICAL,0.907,46.1,MONITORING
THR-04207,EVT-023986,2026-09-02T05:59:00,Command Execution,HIGH,0.816,82.6,NEW
THR-04208,EVT-025731,2026-09-03T14:34:00,Large Outbound Transfer,CRITICAL,0.743,76.2,NEW
THR-04209,EVT-010340,2026-09-05T10:53:00,Mass File Modification,CRITICAL,0.749,53.5,NEW
THR-04210,EVT-007207,2026-09-06T07:17:00,New Service,HIGH,0.711,84.0,CONTAINED
THR-04211,EVT-009030,2026-09-12T20:56:00,Suspicious External Connection,HIGH,0.728,83.2,CONTAINED
THR-04212,EVT-001944,2026-09-24T15:31:00,RDP Activity,CRITICAL,0.978,56.6,NEW
THR-04213,EVT-013690,2026-09-02T07:30:00,Registry Change,HIGH,0.711,49.9,NEW
THR-04214,EVT-007796,2026-09-04T11:36:00,Suspicious Login,HIGH,0.729,75.7,NEW
THR-04215,EVT-027817,2026-09-25T06:19:00,Suspicious Login,HIGH,0.851,46.5,CONTAINED
THR-04216,EVT-006557,2026-09-04T23:28:00,Phishing Link,HIGH,0.764,93.1,INVESTIGATING
THR-04217,EVT-025042,2026-09-15T04:51:00,Unusual Upload,CRITICAL,0.977,76.6,INVESTIGATING
THR-04218,EVT-017227,2026-09-18T02:00:00,Suspicious Login,HIGH,0.887,70.0,CONTAINED
THR-04219,EVT-013815,2026-09-05T03:08:00,Command Execution,HIGH,0.969,53.5,NEW
THR-04220,EVT-015582,2026-09-16T09:28:00,Unusual Upload,CRITICAL,0.724,48.1,NEW
THR-04221,EVT-013468,2026-09-27T16:13:00,SMB Activity,CRITICAL,0.769,73.8,NEW
THR-04222,EVT-018661,2026-09-04T04:08:00,Suspicious Login,HIGH,0.745,61.5,MONITORING
THR-04223,EVT-000641,2026-09-19T07:54:00,Password Spray,HIGH,0.723,76.1,MONITORING
THR-04224,EVT-012292,2026-09-21T01:30:00,Scheduled Task,HIGH,0.73,55.6,CONTAINED
THR-04225,EVT-003793,2026-09-05T23:11:00,Service Disruption,CRITICAL,0.796,57.6,INVESTIGATING
THR-04226,EVT-018092,2026-09-05T18:21:00,Credential Stuffing,HIGH,0.9,51.1,CONTAINED
THR-04227,EVT-012650,2026-09-19T09:39:00,Internal Login Burst,CRITICAL,0.813,70.4,NEW
THR-04228,EVT-002713,2026-09-27T21:55:00,Brute Force,HIGH,0.898,58.6,INVESTIGATING
THR-04229,EVT-029980,2026-09-19T12:02:00,Suspicious Login,HIGH,0.951,80.1,CONTAINED
THR-04230,EVT-015315,2026-09-27T13:31:00,New Service,HIGH,0.93,62.7,CONTAINED
THR-04231,EVT-025365,2026-09-22T09:04:00,Password Spray,HIGH,0.818,94.3,CONTAINED
THR-04232,EVT-029033,2026-09-12T11:47:00,Command Execution,HIGH,0.735,57.1,NEW
THR-04233,EVT-001216,2026-09-03T20:04:00,Exploit Attempt,HIGH,0.855,66.0,MONITORING
THR-04234,EVT-009347,2026-09-24T11:15:00,Suspicious External Connection,HIGH,0.919,75.3,CONTAINED
THR-04235,EVT-029414,2026-09-03T03:28:00,Internal Login Burst,CRITICAL,0.93,97.0,NEW
THR-04236,EVT-007550,2026-09-11T16:59:00,Remote Service,CRITICAL,0.874,45.9,CONTAINED
THR-04237,EVT-025387,2026-09-25T19:59:00,Script Activity,HIGH,0.75,60.9,NEW
THR-04238,EVT-013077,2026-09-22T00:39:00,SMB Activity,CRITICAL,0.882,45.6,NEW
THR-04239,EVT-005568,2026-09-17T00:52:00,Password Spray,HIGH,0.759,88.9,MONITORING
THR-04240,EVT-005446,2026-09-02T11:32:00,Ransomware-like Activity,CRITICAL,0.969,69.1,MONITORING
THR-04241,EVT-016204,2026-09-05T10:34:00,Large Outbound Transfer,CRITICAL,0.986,54.4,CONTAINED
THR-04242,EVT-006662,2026-09-20T20:37:00,Remote Service,CRITICAL,0.893,69.7,NEW
THR-04243,EVT-027024,2026-09-20T15:34:00,Script Activity,HIGH,0.759,91.2,NEW
THR-04244,EVT-006709,2026-09-16T04:31:00,Exploit Attempt,HIGH,0.738,59.9,MONITORING
THR-04245,EVT-007353,2026-09-04T09:16:00,Exploit Attempt,HIGH,0.739,49.0,MONITORING
THR-04246,EVT-005006,2026-09-08T15:26:00,Large Outbound Transfer,CRITICAL,0.791,45.7,CONTAINED
THR-04247,EVT-019666,2026-09-05T22:29:00,Remote Service,CRITICAL,0.969,57.5,NEW
THR-04248,EVT-022746,2026-09-04T00:27:00,Process Anomaly,HIGH,0.97,51.9,NEW
THR-04249,EVT-012959,2026-09-19T21:43:00,Internal Login Burst,CRITICAL,0.8,48.2,MONITORING
THR-04250,EVT-021585,2026-09-05T09:18:00,Registry Change,HIGH,0.924,79.6,INVESTIGATING
THR-04251,EVT-027018,2026-09-18T07:07:00,Archive Transfer,CRITICAL,0.938,49.5,NEW
THR-04252,EVT-012254,2026-09-02T12:08:00,SMB Activity,CRITICAL,0.964,53.3,CONTAINED
THR-04253,EVT-010795,2026-09-16T13:52:00,Process Anomaly,HIGH,0.839,55.7,MONITORING
THR-04254,EVT-024259,2026-09-14T02:37:00,Network Scan,MEDIUM,0.704,70.6,NEW
THR-04255,EVT-027148,2026-09-04T19:04:00,Port Scan,MEDIUM,0.91,89.8,NEW
THR-04256,EVT-022289,2026-09-04T09:27:00,Network Scan,MEDIUM,0.924,69.5,MONITORING
THR-04257,EVT-016790,2026-09-12T02:08:00,Port Scan,MEDIUM,0.929,74.0,CONTAINED
THR-04258,EVT-017059,2026-09-16T17:50:00,Port Scan,MEDIUM,0.724,60.0,NEW
THR-04259,EVT-015656,2026-09-14T13:11:00,Suspicious Login,HIGH,0.951,48.8,MONITORING
THR-04260,EVT-013382,2026-09-05T06:19:00,Brute Force,HIGH,0.871,73.7,INVESTIGATING
THR-04261,EVT-026473,2026-09-25T16:08:00,Brute Force,HIGH,0.87,90.6,MONITORING
THR-04262,EVT-020524,2026-09-18T15:38:00,Mass File Modification,CRITICAL,0.742,91.1,INVESTIGATING
THR-04263,EVT-019660,2026-09-27T19:02:00,Brute Force,HIGH,0.976,60.1,CONTAINED
THR-04264,EVT-019508,2026-09-01T08:47:00,Mass File Modification,CRITICAL,0.913,58.1,INVESTIGATING
THR-04265,EVT-003434,2026-09-25T08:08:00,Process Anomaly,HIGH,0.825,79.0,MONITORING
THR-04266,EVT-023501,2026-09-05T10:25:00,Exploit Attempt,HIGH,0.793,80.2,MONITORING
THR-04267,EVT-020611,2026-09-02T08:29:00,Archive Transfer,CRITICAL,0.718,66.3,MONITORING
THR-04268,EVT-022851,2026-09-04T11:13:00,Brute Force,HIGH,0.98,87.7,CONTAINED
THR-04269,EVT-010663,2026-09-25T19:59:00,Brute Force,HIGH,0.761,88.6,MONITORING
THR-04270,EVT-004247,2026-09-15T22:38:00,Suspicious Login,HIGH,0.987,61.6,CONTAINED
THR-04271,EVT-013136,2026-09-09T11:12:00,SMB Activity,CRITICAL,0.898,83.7,CONTAINED
THR-04272,EVT-012115,2026-09-19T04:58:00,Internal Login Burst,CRITICAL,0.703,89.6,NEW
THR-04273,EVT-026711,2026-09-22T16:42:00,Phishing Link,HIGH,0.775,66.1,CONTAINED
THR-04274,EVT-012307,2026-09-08T06:16:00,Credential Stuffing,HIGH,0.805,46.5,INVESTIGATING
THR-04275,EVT-006269,2026-09-02T20:42:00,Suspicious Login,HIGH,0.878,65.2,MONITORING
THR-04276,EVT-014609,2026-09-08T08:30:00,Script Activity,HIGH,0.716,73.2,INVESTIGATING
THR-04277,EVT-026225,2026-09-25T13:46:00,Service Enumeration,MEDIUM,0.775,78.5,INVESTIGATING
THR-04278,EVT-000536,2026-09-10T16:36:00,Service Enumeration,MEDIUM,0.959,55.1,INVESTIGATING
THR-04279,EVT-000219,2026-09-01T12:54:00,Suspicious Login,HIGH,0.913,57.3,CONTAINED
THR-04280,EVT-023801,2026-09-12T01:01:00,SMB Activity,CRITICAL,0.846,49.8,MONITORING
THR-04281,EVT-026532,2026-09-19T09:14:00,Command Execution,HIGH,0.733,83.9,CONTAINED
THR-04282,EVT-027470,2026-09-19T20:06:00,Scheduled Task,HIGH,0.973,85.9,MONITORING
THR-04283,EVT-026607,2026-09-14T07:44:00,Brute Force,HIGH,0.928,83.6,CONTAINED
THR-04284,EVT-025391,2026-09-22T08:05:00,Archive Transfer,CRITICAL,0.722,70.4,MONITORING
THR-04285,EVT-019319,2026-09-04T10:04:00,Mass File Modification,CRITICAL,0.893,46.5,MONITORING
THR-04286,EVT-011407,2026-09-20T17:10:00,Suspicious Login,HIGH,0.778,72.5,MONITORING
THR-04287,EVT-010068,2026-09-27T12:04:00,Registry Change,HIGH,0.755,76.7,NEW
THR-04288,EVT-016171,2026-09-24T08:40:00,Port Scan,MEDIUM,0.766,68.8,MONITORING
THR-04289,EVT-008160,2026-09-04T10:16:00,Password Spray,HIGH,0.747,57.1,MONITORING
THR-04290,EVT-023491,2026-09-25T07:19:00,Port Scan,MEDIUM,0.73,80.7,CONTAINED
THR-04291,EVT-010520,2026-09-20T01:10:00,Ransomware-like Activity,CRITICAL,0.786,63.2,MONITORING
THR-04292,EVT-021379,2026-09-21T04:16:00,Port Scan,MEDIUM,0.951,70.0,CONTAINED
THR-04293,EVT-012245,2026-09-04T17:45:00,Exploit Attempt,HIGH,0.953,87.9,NEW
THR-04294,EVT-015125,2026-09-13T12:26:00,Registry Change,HIGH,0.871,75.4,CONTAINED
THR-04295,EVT-022619,2026-09-27T15:16:00,Port Scan,MEDIUM,0.782,77.9,NEW
THR-04296,EVT-021811,2026-09-09T07:44:00,Internal Login Burst,CRITICAL,0.979,71.8,MONITORING
THR-04297,EVT-019600,2026-09-19T00:45:00,Service Enumeration,MEDIUM,0.92,81.6,NEW
THR-04298,EVT-000058,2026-09-16T02:04:00,SMB Activity,CRITICAL,0.723,58.4,NEW
THR-04299,EVT-005904,2026-09-23T23:08:00,Ransomware-like Activity,CRITICAL,0.838,46.3,MONITORING
THR-04300,EVT-028575,2026-09-25T12:12:00,Remote Service,CRITICAL,0.762,54.7,CONTAINED
THR-04301,EVT-026946,2026-09-12T17:20:00,Credential Stuffing,HIGH,0.888,50.7,MONITORING
THR-04302,EVT-006162,2026-09-02T04:57:00,Port Scan,MEDIUM,0.793,71.3,MONITORING
THR-04303,EVT-025744,2026-09-19T10:34:00,Network Scan,MEDIUM,0.847,95.4,CONTAINED
THR-04304,EVT-024665,2026-09-14T10:32:00,SMB Activity,CRITICAL,0.985,55.5,MONITORING
THR-04305,EVT-012378,2026-09-12T08:41:00,Registry Change,HIGH,0.733,48.4,CONTAINED
THR-04306,EVT-002634,2026-09-12T03:15:00,Unusual Upload,CRITICAL,0.89,88.7,MONITORING
THR-04307,EVT-008518,2026-09-26T14:08:00,Suspicious External Connection,HIGH,0.901,66.8,CONTAINED
THR-04308,EVT-026003,2026-09-26T00:40:00,Mass File Modification,CRITICAL,0.92,94.8,CONTAINED
THR-04309,EVT-000225,2026-09-14T15:43:00,Process Anomaly,HIGH,0.772,82.2,CONTAINED
THR-04310,EVT-013405,2026-09-23T14:32:00,Suspicious Login,HIGH,0.791,90.1,MONITORING
THR-04311,EVT-010397,2026-09-03T20:43:00,Password Spray,HIGH,0.946,63.4,INVESTIGATING
THR-04312,EVT-026567,2026-09-05T04:33:00,Exploit Attempt,HIGH,0.745,80.6,NEW
THR-04313,EVT-022532,2026-09-07T18:48:00,Exploit Attempt,HIGH,0.879,45.6,INVESTIGATING
THR-04314,EVT-028698,2026-09-26T07:38:00,Credential Stuffing,HIGH,0.802,77.9,INVESTIGATING
THR-04315,EVT-018252,2026-09-08T01:40:00,Process Anomaly,HIGH,0.756,96.5,INVESTIGATING
THR-04316,EVT-017349,2026-09-26T22:00:00,SMB Activity,CRITICAL,0.822,56.8,INVESTIGATING
THR-04317,EVT-017593,2026-09-23T07:19:00,Registry Change,HIGH,0.883,90.2,NEW
THR-04318,EVT-016818,2026-09-13T08:40:00,Password Spray,HIGH,0.723,96.4,CONTAINED
THR-04319,EVT-013299,2026-09-23T01:35:00,Brute Force,HIGH,0.706,79.0,INVESTIGATING
THR-04320,EVT-009989,2026-09-09T22:44:00,Archive Transfer,CRITICAL,0.831,50.4,NEW
THR-04321,EVT-025069,2026-09-25T11:02:00,RDP Activity,CRITICAL,0.769,57.3,INVESTIGATING
THR-04322,EVT-013936,2026-09-13T20:01:00,Remote Service,CRITICAL,0.872,69.1,NEW
THR-04323,EVT-013564,2026-09-08T23:02:00,Archive Transfer,CRITICAL,0.923,46.7,NEW
THR-04324,EVT-026159,2026-09-17T19:04:00,Internal Login Burst,CRITICAL,0.817,94.0,NEW
THR-04325,EVT-017500,2026-09-22T10:52:00,Registry Change,HIGH,0.969,95.9,INVESTIGATING
THR-04326,EVT-012161,2026-09-08T21:09:00,Remote Service,CRITICAL,0.912,79.7,MONITORING
THR-04327,EVT-002089,2026-09-18T13:36:00,Remote Service,CRITICAL,0.913,49.8,CONTAINED
THR-04328,EVT-014498,2026-09-05T09:56:00,Ransomware-like Activity,CRITICAL,0.969,60.8,NEW
THR-04329,EVT-009036,2026-09-15T22:35:00,Remote Service,CRITICAL,0.712,74.0,MONITORING
THR-04330,EVT-029055,2026-09-08T12:25:00,Script Activity,HIGH,0.748,88.3,INVESTIGATING
THR-04331,EVT-016441,2026-09-02T01:23:00,Suspicious External Connection,HIGH,0.958,45.0,CONTAINED
THR-04332,EVT-028173,2026-09-02T02:14:00,Process Anomaly,HIGH,0.818,52.0,CONTAINED
THR-04333,EVT-023641,2026-09-09T05:21:00,Password Spray,HIGH,0.812,50.9,INVESTIGATING
THR-04334,EVT-006500,2026-09-09T09:19:00,SMB Activity,CRITICAL,0.765,69.9,NEW
THR-04335,EVT-021792,2026-09-10T15:59:00,New Service,HIGH,0.964,66.4,MONITORING
THR-04336,EVT-010089,2026-09-21T07:57:00,SMB Activity,CRITICAL,0.956,49.9,CONTAINED
THR-04337,EVT-015365,2026-09-19T13:57:00,Suspicious External Connection,HIGH,0.799,73.7,CONTAINED
THR-04338,EVT-020454,2026-09-23T19:06:00,RDP Activity,CRITICAL,0.9,50.8,CONTAINED
THR-04339,EVT-000022,2026-09-18T16:15:00,Port Scan,MEDIUM,0.988,70.0,INVESTIGATING
THR-04340,EVT-017191,2026-09-01T21:39:00,Suspicious External Connection,HIGH,0.846,52.9,MONITORING
THR-04341,EVT-023625,2026-09-15T17:42:00,Archive Transfer,CRITICAL,0.94,47.6,MONITORING
THR-04342,EVT-003019,2026-09-09T12:49:00,RDP Activity,CRITICAL,0.78,63.0,MONITORING
THR-04343,EVT-028296,2026-09-10T09:15:00,Ransomware-like Activity,CRITICAL,0.969,98.1,INVESTIGATING
THR-04344,EVT-006884,2026-09-21T20:00:00,Phishing Link,HIGH,0.951,89.1,CONTAINED
THR-04345,EVT-023574,2026-09-03T20:59:00,Brute Force,HIGH,0.745,92.3,MONITORING
THR-04346,EVT-026669,2026-09-19T22:51:00,Password Spray,HIGH,0.702,80.6,MONITORING
THR-04347,EVT-016652,2026-09-25T16:36:00,Credential Stuffing,HIGH,0.95,80.3,INVESTIGATING
THR-04348,EVT-029622,2026-09-14T06:54:00,Exploit Attempt,HIGH,0.809,76.9,NEW
THR-04349,EVT-016978,2026-09-17T16:20:00,New Service,HIGH,0.961,50.9,NEW
THR-04350,EVT-026430,2026-09-13T18:55:00,Phishing Link,HIGH,0.895,95.5,NEW
THR-04351,EVT-027721,2026-09-22T18:46:00,Network Scan,MEDIUM,0.977,65.3,CONTAINED
THR-04352,EVT-011962,2026-09-09T05:24:00,Brute Force,HIGH,0.946,60.6,MONITORING
THR-04353,EVT-014239,2026-09-14T02:28:00,Remote Service,CRITICAL,0.953,74.3,MONITORING
THR-04354,EVT-000708,2026-09-24T23:32:00,Exploit Attempt,HIGH,0.742,50.1,MONITORING
THR-04355,EVT-002833,2026-09-22T23:51:00,Script Activity,HIGH,0.945,89.4,NEW
THR-04356,EVT-016910,2026-09-16T13:34:00,Service Disruption,CRITICAL,0.92,84.3,CONTAINED
THR-04357,EVT-001950,2026-09-06T12:05:00,Password Spray,HIGH,0.775,90.8,NEW
THR-04358,EVT-026484,2026-09-19T12:45:00,Remote Service,CRITICAL,0.83,76.8,INVESTIGATING
THR-04359,EVT-007172,2026-09-22T06:29:00,Service Enumeration,MEDIUM,0.824,59.0,CONTAINED
THR-04360,EVT-001107,2026-09-01T23:15:00,Archive Transfer,CRITICAL,0.977,75.9,CONTAINED
THR-04361,EVT-018759,2026-09-24T02:55:00,Internal Login Burst,CRITICAL,0.765,68.6,NEW
THR-04362,EVT-016637,2026-09-03T12:48:00,Script Activity,HIGH,0.869,78.6,NEW
THR-04363,EVT-020655,2026-09-21T17:35:00,Script Activity,HIGH,0.876,91.4,NEW
THR-04364,EVT-010116,2026-09-13T09:05:00,Brute Force,HIGH,0.856,89.4,MONITORING
THR-04365,EVT-025631,2026-09-20T19:08:00,Mass File Modification,CRITICAL,0.733,82.1,MONITORING
THR-04366,EVT-007322,2026-09-12T11:28:00,Unusual Upload,CRITICAL,0.76,51.0,INVESTIGATING
THR-04367,EVT-026332,2026-09-21T03:36:00,Internal Login Burst,CRITICAL,0.846,51.3,NEW
THR-04368,EVT-024449,2026-09-23T17:54:00,New Service,HIGH,0.771,72.2,NEW
THR-04369,EVT-009168,2026-09-09T21:35:00,Remote Service,CRITICAL,0.986,64.9,NEW
THR-04370,EVT-002555,2026-09-19T10:32:00,Port Scan,MEDIUM,0.959,91.2,NEW
THR-04371,EVT-012983,2026-09-07T13:52:00,Network Scan,MEDIUM,0.701,75.9,INVESTIGATING
THR-04372,EVT-003014,2026-09-05T12:00:00,Process Anomaly,HIGH,0.793,48.1,MONITORING
THR-04373,EVT-010416,2026-09-02T05:46:00,Phishing Link,HIGH,0.799,80.2,MONITORING
THR-04374,EVT-000554,2026-09-08T07:00:00,RDP Activity,CRITICAL,0.714,68.6,MONITORING
THR-04375,EVT-025260,2026-09-13T15:01:00,Remote Service,CRITICAL,0.821,94.4,MONITORING
THR-04376,EVT-018165,2026-09-01T11:18:00,Service Enumeration,MEDIUM,0.903,51.8,INVESTIGATING
THR-04377,EVT-000627,2026-09-17T11:09:00,Process Anomaly,HIGH,0.832,95.4,CONTAINED
THR-04378,EVT-011947,2026-09-08T05:35:00,Suspicious Login,HIGH,0.724,48.8,INVESTIGATING
THR-04379,EVT-020248,2026-09-11T07:31:00,Registry Change,HIGH,0.822,89.0,INVESTIGATING
THR-04380,EVT-026553,2026-09-04T23:09:00,SMB Activity,CRITICAL,0.914,96.6,NEW
THR-04381,EVT-022070,2026-09-25T23:14:00,Port Scan,MEDIUM,0.9,90.2,MONITORING
THR-04382,EVT-013534,2026-09-18T07:05:00,Archive Transfer,CRITICAL,0.787,51.3,NEW
THR-04383,EVT-002614,2026-09-19T09:26:00,Scheduled Task,HIGH,0.807,58.1,INVESTIGATING
THR-04384,EVT-020676,2026-09-25T15:12:00,Archive Transfer,CRITICAL,0.974,82.0,INVESTIGATING
THR-04385,EVT-005620,2026-09-18T03:10:00,Suspicious Login,HIGH,0.804,73.6,NEW
THR-04386,EVT-002368,2026-09-25T16:22:00,Suspicious External Connection,HIGH,0.909,81.9,INVESTIGATING
THR-04387,EVT-019850,2026-09-07T15:11:00,SMB Activity,CRITICAL,0.904,47.8,CONTAINED
THR-04388,EVT-023410,2026-09-05T23:13:00,Exploit Attempt,HIGH,0.96,50.2,INVESTIGATING
THR-04389,EVT-000577,2026-09-21T00:35:00,Service Enumeration,MEDIUM,0.895,61.3,NEW
THR-04390,EVT-028703,2026-09-01T02:25:00,Service Disruption,CRITICAL,0.973,79.8,NEW
THR-04391,EVT-012416,2026-09-18T11:36:00,Unusual Upload,CRITICAL,0.87,65.0,CONTAINED
THR-04392,EVT-012280,2026-09-03T10:26:00,Suspicious External Connection,HIGH,0.987,82.7,INVESTIGATING
THR-04393,EVT-029646,2026-09-27T02:38:00,Phishing Link,HIGH,0.86,90.5,INVESTIGATING
THR-04394,EVT-023327,2026-09-03T00:19:00,Command Execution,HIGH,0.989,47.8,NEW
THR-04395,EVT-006422,2026-09-20T03:19:00,Remote Service,CRITICAL,0.844,62.7,CONTAINED
THR-04396,EVT-016759,2026-09-03T17:23:00,Process Anomaly,HIGH,0.965,89.7,MONITORING
THR-04397,EVT-021861,2026-09-13T06:48:00,Unusual Upload,CRITICAL,0.836,85.7,CONTAINED
THR-04398,EVT-002918,2026-09-21T11:53:00,SMB Activity,CRITICAL,0.732,82.2,MONITORING
THR-04399,EVT-018792,2026-09-16T17:17:00,Service Disruption,CRITICAL,0.755,48.4,NEW
THR-04400,EVT-023104,2026-09-20T16:33:00,SMB Activity,CRITICAL,0.756,66.1,NEW
THR-04401,EVT-011680,2026-09-07T19:16:00,Process Anomaly,HIGH,0.74,95.3,CONTAINED
THR-04402,EVT-012470,2026-09-17T06:16:00,Password Spray,HIGH,0.931,82.2,CONTAINED
THR-04403,EVT-023374,2026-09-04T02:19:00,Suspicious External Connection,HIGH,0.96,66.9,NEW
THR-04404,EVT-007997,2026-09-20T08:02:00,Network Scan,MEDIUM,0.927,80.2,CONTAINED
THR-04405,EVT-001356,2026-09-18T17:38:00,Phishing Link,HIGH,0.989,97.1,NEW
THR-04406,EVT-001419,2026-09-27T08:22:00,Process Anomaly,HIGH,0.878,71.1,MONITORING
THR-04407,EVT-025522,2026-09-23T16:44:00,Remote Service,CRITICAL,0.874,52.4,NEW
THR-04408,EVT-015418,2026-09-17T21:04:00,Network Scan,MEDIUM,0.913,85.0,CONTAINED
THR-04409,EVT-007335,2026-09-26T11:18:00,Remote Service,CRITICAL,0.879,86.6,CONTAINED
THR-04410,EVT-016182,2026-09-13T20:22:00,Suspicious External Connection,HIGH,0.783,97.2,INVESTIGATING
THR-04411,EVT-028015,2026-09-26T15:16:00,Suspicious Login,HIGH,0.711,48.6,CONTAINED
THR-04412,EVT-013092,2026-09-03T06:06:00,Remote Service,CRITICAL,0.75,61.0,CONTAINED
THR-04413,EVT-022368,2026-09-08T22:50:00,Command Execution,HIGH,0.705,64.6,MONITORING
THR-04414,EVT-023558,2026-09-05T00:51:00,Service Enumeration,MEDIUM,0.763,77.9,CONTAINED
THR-04415,EVT-005293,2026-09-20T05:43:00,Process Anomaly,HIGH,0.824,55.3,CONTAINED
THR-04416,EVT-028442,2026-09-15T10:01:00,Command Execution,HIGH,0.773,65.0,NEW
THR-04417,EVT-023796,2026-09-25T01:50:00,Service Enumeration,MEDIUM,0.901,92.6,NEW
THR-04418,EVT-013576,2026-09-20T05:36:00,Network Scan,MEDIUM,0.735,59.9,NEW
THR-04419,EVT-026608,2026-09-18T07:14:00,Suspicious Login,HIGH,0.97,45.2,NEW
THR-04420,EVT-016509,2026-09-13T20:55:00,Internal Login Burst,CRITICAL,0.757,83.1,MONITORING
THR-04421,EVT-019445,2026-09-21T12:52:00,New Service,HIGH,0.921,73.4,CONTAINED
THR-04422,EVT-007617,2026-09-26T03:03:00,Password Spray,HIGH,0.887,55.1,INVESTIGATING
THR-04423,EVT-012054,2026-09-21T07:34:00,Process Anomaly,HIGH,0.868,56.4,MONITORING
THR-04424,EVT-028490,2026-09-27T02:25:00,Brute Force,HIGH,0.886,56.4,MONITORING
THR-04425,EVT-010391,2026-09-12T05:32:00,Brute Force,HIGH,0.926,78.8,MONITORING
THR-04426,EVT-017955,2026-09-05T05:55:00,Unusual Upload,CRITICAL,0.851,76.4,MONITORING
THR-04427,EVT-003193,2026-09-26T12:57:00,Large Outbound Transfer,CRITICAL,0.896,65.3,CONTAINED
THR-04428,EVT-022820,2026-09-18T16:53:00,Unusual Upload,CRITICAL,0.932,67.1,MONITORING
THR-04429,EVT-026028,2026-09-07T06:41:00,Network Scan,MEDIUM,0.888,49.2,CONTAINED
THR-04430,EVT-022166,2026-09-08T02:45:00,Large Outbound Transfer,CRITICAL,0.797,70.6,INVESTIGATING
THR-04431,EVT-024802,2026-09-11T00:38:00,Process Anomaly,HIGH,0.893,86.8,NEW
THR-04432,EVT-013333,2026-09-25T22:28:00,Exploit Attempt,HIGH,0.935,51.8,NEW
THR-04433,EVT-029263,2026-09-20T04:36:00,Suspicious External Connection,HIGH,0.98,86.8,MONITORING
THR-04434,EVT-001580,2026-09-16T05:47:00,Password Spray,HIGH,0.97,61.7,CONTAINED
THR-04435,EVT-013997,2026-09-12T21:02:00,Credential Stuffing,HIGH,0.875,85.0,INVESTIGATING
THR-04436,EVT-024746,2026-09-25T10:22:00,Scheduled Task,HIGH,0.832,76.4,INVESTIGATING
THR-04437,EVT-025396,2026-09-14T23:58:00,Ransomware-like Activity,CRITICAL,0.741,85.7,MONITORING
THR-04438,EVT-016956,2026-09-21T19:48:00,Network Scan,MEDIUM,0.851,88.5,INVESTIGATING
THR-04439,EVT-003705,2026-09-18T18:32:00,Remote Service,CRITICAL,0.847,47.2,MONITORING
THR-04440,EVT-008120,2026-09-24T11:45:00,Credential Stuffing,HIGH,0.791,69.1,INVESTIGATING
THR-04441,EVT-019370,2026-09-06T00:23:00,Ransomware-like Activity,CRITICAL,0.895,68.5,CONTAINED
THR-04442,EVT-029328,2026-09-19T06:23:00,Phishing Link,HIGH,0.761,75.3,MONITORING
THR-04443,EVT-005699,2026-09-24T00:14:00,Service Disruption,CRITICAL,0.713,51.4,CONTAINED
THR-04444,EVT-029136,2026-09-16T22:40:00,Unusual Upload,CRITICAL,0.945,48.2,NEW
THR-04445,EVT-007156,2026-09-05T15:56:00,Command Execution,HIGH,0.954,69.3,MONITORING
THR-04446,EVT-013621,2026-09-23T15:21:00,Port Scan,MEDIUM,0.795,61.5,NEW
THR-04447,EVT-017158,2026-09-27T10:59:00,Scheduled Task,HIGH,0.945,87.9,CONTAINED
THR-04448,EVT-009824,2026-09-07T17:15:00,SMB Activity,CRITICAL,0.759,46.2,CONTAINED
THR-04449,EVT-024504,2026-09-03T03:39:00,Registry Change,HIGH,0.951,49.8,MONITORING
THR-04450,EVT-016911,2026-09-04T02:40:00,SMB Activity,CRITICAL,0.821,45.8,CONTAINED
THR-04451,EVT-006573,2026-09-07T00:57:00,Archive Transfer,CRITICAL,0.741,52.6,MONITORING
THR-04452,EVT-002470,2026-09-27T21:08:00,Large Outbound Transfer,CRITICAL,0.752,76.9,NEW
THR-04453,EVT-028419,2026-09-13T11:50:00,Credential Stuffing,HIGH,0.796,52.6,MONITORING
THR-04454,EVT-000066,2026-09-16T22:01:00,Network Scan,MEDIUM,0.866,58.4,MONITORING
THR-04455,EVT-025341,2026-09-27T17:40:00,Service Disruption,CRITICAL,0.915,59.5,INVESTIGATING
THR-04456,EVT-023328,2026-09-21T17:25:00,Phishing Link,HIGH,0.89,67.2,CONTAINED
THR-04457,EVT-002815,2026-09-04T02:06:00,Password Spray,HIGH,0.923,61.9,INVESTIGATING
THR-04458,EVT-027027,2026-09-24T10:46:00,Registry Change,HIGH,0.883,95.8,INVESTIGATING
THR-04459,EVT-010194,2026-09-03T19:53:00,Scheduled Task,HIGH,0.796,62.2,CONTAINED
THR-04460,EVT-025716,2026-09-02T08:11:00,Phishing Link,HIGH,0.789,45.7,CONTAINED
THR-04461,EVT-020096,2026-09-11T03:58:00,Command Execution,HIGH,0.802,81.4,INVESTIGATING
THR-04462,EVT-003427,2026-09-04T14:59:00,SMB Activity,CRITICAL,0.988,53.1,CONTAINED
THR-04463,EVT-002013,2026-09-20T21:12:00,Process Anomaly,HIGH,0.982,97.9,MONITORING
THR-04464,EVT-010236,2026-09-12T20:27:00,Suspicious External Connection,HIGH,0.795,51.9,CONTAINED
THR-04465,EVT-008464,2026-09-18T09:20:00,Port Scan,MEDIUM,0.785,82.1,NEW
THR-04466,EVT-018203,2026-09-01T07:26:00,New Service,HIGH,0.846,97.3,CONTAINED
THR-04467,EVT-014736,2026-09-27T01:48:00,Exploit Attempt,HIGH,0.809,53.4,CONTAINED
THR-04468,EVT-022130,2026-09-11T11:22:00,Mass File Modification,CRITICAL,0.873,52.9,MONITORING
THR-04469,EVT-001609,2026-09-22T18:24:00,Suspicious External Connection,HIGH,0.897,88.6,NEW
THR-04470,EVT-008577,2026-09-19T17:06:00,Unusual Upload,CRITICAL,0.96,58.9,CONTAINED
THR-04471,EVT-013239,2026-09-20T02:55:00,Phishing Link,HIGH,0.848,93.5,NEW
THR-04472,EVT-006055,2026-09-24T09:46:00,Port Scan,MEDIUM,0.767,95.7,INVESTIGATING
THR-04473,EVT-029278,2026-09-23T14:34:00,Command Execution,HIGH,0.732,95.1,MONITORING
THR-04474,EVT-003698,2026-09-11T15:44:00,New Service,HIGH,0.847,54.7,CONTAINED
THR-04475,EVT-018593,2026-09-17T11:08:00,Remote Service,CRITICAL,0.919,54.5,CONTAINED
THR-04476,EVT-005573,2026-09-14T01:46:00,Suspicious External Connection,HIGH,0.919,77.1,MONITORING
THR-04477,EVT-011672,2026-09-09T23:05:00,Service Enumeration,MEDIUM,0.982,61.6,CONTAINED
THR-04478,EVT-006323,2026-09-11T08:05:00,Brute Force,HIGH,0.771,61.9,CONTAINED
THR-04479,EVT-003859,2026-09-20T06:50:00,RDP Activity,CRITICAL,0.741,51.4,INVESTIGATING
THR-04480,EVT-017432,2026-09-27T01:24:00,Large Outbound Transfer,CRITICAL,0.762,74.7,NEW
THR-04481,EVT-002795,2026-09-27T05:46:00,Password Spray,HIGH,0.718,48.0,INVESTIGATING
THR-04482,EVT-024421,2026-09-21T19:27:00,Network Scan,MEDIUM,0.732,51.5,MONITORING
THR-04483,EVT-002048,2026-09-12T07:56:00,Suspicious External Connection,HIGH,0.903,93.1,NEW
THR-04484,EVT-004447,2026-09-01T22:43:00,SMB Activity,CRITICAL,0.748,50.1,CONTAINED
THR-04485,EVT-019092,2026-09-25T20:33:00,Exploit Attempt,HIGH,0.893,98.9,NEW
THR-04486,EVT-003527,2026-09-22T20:18:00,SMB Activity,CRITICAL,0.711,90.6,CONTAINED
THR-04487,EVT-018453,2026-09-10T21:50:00,Network Scan,MEDIUM,0.796,83.6,MONITORING
THR-04488,EVT-010517,2026-09-18T05:35:00,Phishing Link,HIGH,0.947,46.9,MONITORING
THR-04489,EVT-026708,2026-09-24T06:45:00,Suspicious Login,HIGH,0.788,89.3,CONTAINED
THR-04490,EVT-001427,2026-09-04T05:33:00,Port Scan,MEDIUM,0.858,95.0,NEW
THR-04491,EVT-024513,2026-09-17T16:05:00,Brute Force,HIGH,0.702,63.3,NEW
THR-04492,EVT-016634,2026-09-10T01:45:00,Process Anomaly,HIGH,0.84,75.7,NEW
THR-04493,EVT-022199,2026-09-08T03:56:00,Credential Stuffing,HIGH,0.963,60.8,MONITORING
THR-04494,EVT-026155,2026-09-02T11:49:00,Network Scan,MEDIUM,0.9,52.9,NEW
THR-04495,EVT-004632,2026-09-15T13:05:00,Unusual Upload,CRITICAL,0.837,98.3,MONITORING
THR-04496,EVT-006233,2026-09-07T16:17:00,Internal Login Burst,CRITICAL,0.734,90.5,INVESTIGATING
THR-04497,EVT-013482,2026-09-20T01:04:00,Suspicious Login,HIGH,0.716,72.1,INVESTIGATING
THR-04498,EVT-026116,2026-09-14T06:12:00,Brute Force,HIGH,0.903,75.4,NEW
THR-04499,EVT-022920,2026-09-16T19:33:00,Ransomware-like Activity,CRITICAL,0.739,46.5,NEW
THR-04500,EVT-015580,2026-09-16T20:49:00,Password Spray,HIGH,0.717,54.1,MONITORING
THR-04501,EVT-009727,2026-09-20T16:55:00,Exploit Attempt,HIGH,0.788,69.9,NEW
THR-04502,EVT-002978,2026-09-11T13:27:00,Exploit Attempt,HIGH,0.969,75.7,INVESTIGATING
THR-04503,EVT-010173,2026-09-01T06:42:00,Brute Force,HIGH,0.716,57.7,NEW
THR-04504,EVT-005520,2026-09-24T22:22:00,Scheduled Task,HIGH,0.829,77.4,NEW
THR-04505,EVT-020474,2026-09-08T10:59:00,Command Execution,HIGH,0.748,77.2,INVESTIGATING
THR-04506,EVT-024136,2026-09-12T15:12:00,Remote Service,CRITICAL,0.888,66.9,NEW
THR-04507,EVT-009894,2026-09-23T08:47:00,Exploit Attempt,HIGH,0.775,65.2,INVESTIGATING
THR-04508,EVT-010335,2026-09-16T15:21:00,Internal Login Burst,CRITICAL,0.927,97.4,CONTAINED
THR-04509,EVT-006629,2026-09-07T16:54:00,Service Disruption,CRITICAL,0.777,55.1,NEW
THR-04510,EVT-025520,2026-09-07T10:36:00,Mass File Modification,CRITICAL,0.87,83.1,MONITORING
THR-04511,EVT-006047,2026-09-02T15:37:00,Scheduled Task,HIGH,0.812,78.2,NEW
THR-04512,EVT-008259,2026-09-13T11:09:00,Credential Stuffing,HIGH,0.977,65.7,CONTAINED
THR-04513,EVT-028960,2026-09-26T10:59:00,Service Enumeration,MEDIUM,0.865,64.8,INVESTIGATING
THR-04514,EVT-015032,2026-09-10T19:54:00,Port Scan,MEDIUM,0.946,93.2,CONTAINED
THR-04515,EVT-027847,2026-09-25T12:13:00,Network Scan,MEDIUM,0.916,70.7,NEW
THR-04516,EVT-024829,2026-09-05T10:49:00,Command Execution,HIGH,0.769,82.4,CONTAINED
THR-04517,EVT-000153,2026-09-04T07:17:00,Suspicious Login,HIGH,0.707,54.3,MONITORING
THR-04518,EVT-028430,2026-09-18T05:45:00,Suspicious External Connection,HIGH,0.874,76.4,NEW
THR-04519,EVT-017983,2026-09-24T19:57:00,Registry Change,HIGH,0.827,74.5,CONTAINED
THR-04520,EVT-027838,2026-09-12T02:51:00,Password Spray,HIGH,0.747,74.5,INVESTIGATING
THR-04521,EVT-029424,2026-09-17T12:55:00,Archive Transfer,CRITICAL,0.798,79.0,MONITORING
THR-04522,EVT-004767,2026-09-17T01:09:00,Registry Change,HIGH,0.934,62.2,INVESTIGATING
THR-04523,EVT-003772,2026-09-25T06:53:00,Process Anomaly,HIGH,0.982,80.1,CONTAINED
THR-04524,EVT-027380,2026-09-25T06:45:00,Registry Change,HIGH,0.971,78.8,MONITORING
THR-04525,EVT-000183,2026-09-13T21:36:00,RDP Activity,CRITICAL,0.762,58.9,NEW
THR-04526,EVT-020485,2026-09-12T08:18:00,Large Outbound Transfer,CRITICAL,0.795,47.9,MONITORING
THR-04527,EVT-008435,2026-09-25T20:34:00,Process Anomaly,HIGH,0.892,51.8,CONTAINED
THR-04528,EVT-028862,2026-09-11T21:16:00,Suspicious External Connection,HIGH,0.956,96.0,CONTAINED
THR-04529,EVT-028683,2026-09-19T21:06:00,Network Scan,MEDIUM,0.782,84.9,INVESTIGATING
THR-04530,EVT-020718,2026-09-12T16:01:00,RDP Activity,CRITICAL,0.798,48.7,NEW
THR-04531,EVT-006707,2026-09-17T04:35:00,SMB Activity,CRITICAL,0.863,51.2,NEW
THR-04532,EVT-011039,2026-09-18T21:19:00,Service Disruption,CRITICAL,0.847,47.9,NEW
THR-04533,EVT-002293,2026-09-24T14:25:00,SMB Activity,CRITICAL,0.907,62.3,MONITORING
THR-04534,EVT-004930,2026-09-24T06:38:00,Phishing Link,HIGH,0.922,80.5,INVESTIGATING
THR-04535,EVT-029605,2026-09-06T00:01:00,Suspicious External Connection,HIGH,0.976,74.2,CONTAINED
THR-04536,EVT-003983,2026-09-02T07:18:00,Process Anomaly,HIGH,0.962,89.1,MONITORING
THR-04537,EVT-019100,2026-09-17T02:37:00,Credential Stuffing,HIGH,0.849,72.2,CONTAINED
THR-04538,EVT-016446,2026-09-01T23:57:00,Port Scan,MEDIUM,0.967,49.6,MONITORING
THR-04539,EVT-014885,2026-09-23T23:54:00,Credential Stuffing,HIGH,0.965,62.1,INVESTIGATING
THR-04540,EVT-026030,2026-09-26T21:13:00,Large Outbound Transfer,CRITICAL,0.923,55.5,CONTAINED
THR-04541,EVT-015714,2026-09-27T09:25:00,Script Activity,HIGH,0.716,91.1,MONITORING
THR-04542,EVT-005825,2026-09-02T11:15:00,Exploit Attempt,HIGH,0.907,92.6,CONTAINED
THR-04543,EVT-014447,2026-09-01T09:57:00,Port Scan,MEDIUM,0.736,73.9,INVESTIGATING
THR-04544,EVT-010212,2026-09-24T05:40:00,Service Disruption,CRITICAL,0.957,89.4,NEW
THR-04545,EVT-008475,2026-09-05T09:26:00,Mass File Modification,CRITICAL,0.701,98.8,NEW
THR-04546,EVT-007071,2026-09-24T07:52:00,Internal Login Burst,CRITICAL,0.975,76.0,MONITORING
THR-04547,EVT-003047,2026-09-02T03:14:00,Exploit Attempt,HIGH,0.774,45.4,INVESTIGATING
THR-04548,EVT-002615,2026-09-01T08:35:00,Large Outbound Transfer,CRITICAL,0.762,60.4,MONITORING
THR-04549,EVT-016340,2026-09-22T13:08:00,Ransomware-like Activity,CRITICAL,0.769,72.1,NEW
THR-04550,EVT-008993,2026-09-21T13:41:00,Credential Stuffing,HIGH,0.794,74.4,NEW
THR-04551,EVT-024153,2026-09-18T04:11:00,Credential Stuffing,HIGH,0.768,85.0,NEW
THR-04552,EVT-026534,2026-09-19T16:52:00,Suspicious Login,HIGH,0.886,96.5,CONTAINED
THR-04553,EVT-006525,2026-09-03T02:39:00,Phishing Link,HIGH,0.901,45.5,MONITORING
THR-04554,EVT-005184,2026-09-15T13:41:00,Suspicious External Connection,HIGH,0.865,54.8,NEW
THR-04555,EVT-028283,2026-09-20T18:34:00,SMB Activity,CRITICAL,0.968,86.4,CONTAINED
THR-04556,EVT-013014,2026-09-22T20:48:00,Script Activity,HIGH,0.786,79.3,MONITORING
THR-04557,EVT-000998,2026-09-23T04:50:00,Script Activity,HIGH,0.93,52.8,CONTAINED
THR-04558,EVT-016839,2026-09-04T02:41:00,Suspicious External Connection,HIGH,0.825,77.0,CONTAINED
THR-04559,EVT-026462,2026-09-04T19:38:00,Credential Stuffing,HIGH,0.775,83.9,INVESTIGATING
THR-04560,EVT-007660,2026-09-27T04:54:00,Large Outbound Transfer,CRITICAL,0.985,88.7,NEW
THR-04561,EVT-004879,2026-09-11T09:19:00,Password Spray,HIGH,0.924,96.0,NEW
THR-04562,EVT-004609,2026-09-05T03:46:00,Suspicious Login,HIGH,0.787,91.0,NEW
THR-04563,EVT-009427,2026-09-16T06:13:00,Network Scan,MEDIUM,0.742,45.0,INVESTIGATING
THR-04564,EVT-003991,2026-09-02T13:03:00,Registry Change,HIGH,0.939,89.3,MONITORING
THR-04565,EVT-002469,2026-09-18T11:09:00,Script Activity,HIGH,0.818,84.6,NEW
THR-04566,EVT-024927,2026-09-11T21:18:00,Service Enumeration,MEDIUM,0.961,52.6,INVESTIGATING
THR-04567,EVT-028000,2026-09-17T22:14:00,Phishing Link,HIGH,0.726,52.6,INVESTIGATING
THR-04568,EVT-012164,2026-09-20T14:22:00,Suspicious Login,HIGH,0.82,90.3,NEW
THR-04569,EVT-003664,2026-09-06T05:20:00,Service Enumeration,MEDIUM,0.837,46.9,MONITORING
THR-04570,EVT-018492,2026-09-08T18:46:00,Credential Stuffing,HIGH,0.767,91.7,MONITORING
THR-04571,EVT-021532,2026-09-06T18:06:00,Password Spray,HIGH,0.761,72.2,CONTAINED
THR-04572,EVT-014751,2026-09-09T22:27:00,Service Disruption,CRITICAL,0.794,78.9,NEW
THR-04573,EVT-021775,2026-09-22T07:08:00,Unusual Upload,CRITICAL,0.763,67.5,MONITORING
THR-04574,EVT-022547,2026-09-21T15:19:00,Internal Login Burst,CRITICAL,0.904,55.0,NEW
THR-04575,EVT-020198,2026-09-18T01:03:00,Port Scan,MEDIUM,0.858,66.6,INVESTIGATING
THR-04576,EVT-009220,2026-09-17T02:23:00,Exploit Attempt,HIGH,0.879,98.7,CONTAINED
THR-04577,EVT-005261,2026-09-05T07:45:00,Process Anomaly,HIGH,0.719,74.0,MONITORING
THR-04578,EVT-022408,2026-09-07T20:43:00,SMB Activity,CRITICAL,0.898,63.3,NEW
THR-04579,EVT-005181,2026-09-15T21:19:00,Process Anomaly,HIGH,0.956,96.4,MONITORING
THR-04580,EVT-023824,2026-09-18T11:34:00,Service Enumeration,MEDIUM,0.964,83.9,INVESTIGATING
THR-04581,EVT-006000,2026-09-06T18:35:00,Registry Change,HIGH,0.747,96.0,INVESTIGATING
THR-04582,EVT-016904,2026-09-23T16:00:00,Command Execution,HIGH,0.716,92.8,INVESTIGATING
THR-04583,EVT-017011,2026-09-27T16:44:00,Network Scan,MEDIUM,0.74,48.0,CONTAINED
THR-04584,EVT-003433,2026-09-16T02:20:00,Scheduled Task,HIGH,0.768,84.7,CONTAINED
THR-04585,EVT-010830,2026-09-05T22:03:00,Service Enumeration,MEDIUM,0.772,84.0,MONITORING
THR-04586,EVT-004619,2026-09-27T06:20:00,Port Scan,MEDIUM,0.776,56.1,CONTAINED
THR-04587,EVT-003665,2026-09-23T02:44:00,Command Execution,HIGH,0.7,96.0,INVESTIGATING
THR-04588,EVT-028053,2026-09-21T14:05:00,Service Disruption,CRITICAL,0.737,56.6,CONTAINED
THR-04589,EVT-020930,2026-09-21T00:29:00,Credential Stuffing,HIGH,0.83,71.2,NEW
THR-04590,EVT-019299,2026-09-22T14:10:00,SMB Activity,CRITICAL,0.733,81.7,INVESTIGATING
THR-04591,EVT-029365,2026-09-02T06:14:00,Command Execution,HIGH,0.875,62.2,INVESTIGATING
THR-04592,EVT-013164,2026-09-13T17:34:00,Large Outbound Transfer,CRITICAL,0.914,80.5,CONTAINED
THR-04593,EVT-011925,2026-09-03T19:41:00,Unusual Upload,CRITICAL,0.742,47.3,MONITORING
THR-04594,EVT-008505,2026-09-14T12:10:00,Large Outbound Transfer,CRITICAL,0.807,96.9,CONTAINED
THR-04595,EVT-020823,2026-09-07T10:52:00,Suspicious Login,HIGH,0.805,89.9,NEW
THR-04596,EVT-024403,2026-09-02T04:39:00,Suspicious Login,HIGH,0.985,93.8,INVESTIGATING
THR-04597,EVT-014198,2026-09-09T21:35:00,Registry Change,HIGH,0.915,47.8,INVESTIGATING
THR-04598,EVT-010331,2026-09-19T19:51:00,Brute Force,HIGH,0.942,84.3,INVESTIGATING
THR-04599,EVT-008916,2026-09-22T13:43:00,Exploit Attempt,HIGH,0.926,45.8,NEW
THR-04600,EVT-025344,2026-09-15T17:41:00,Network Scan,MEDIUM,0.785,77.1,CONTAINED
THR-04601,EVT-029493,2026-09-03T03:11:00,Service Enumeration,MEDIUM,0.707,66.1,INVESTIGATING
THR-04602,EVT-005815,2026-09-13T14:05:00,Credential Stuffing,HIGH,0.803,64.6,NEW
THR-04603,EVT-005237,2026-09-25T18:23:00,Service Enumeration,MEDIUM,0.839,46.7,NEW
THR-04604,EVT-006607,2026-09-09T03:41:00,Registry Change,HIGH,0.863,86.0,INVESTIGATING
THR-04605,EVT-020415,2026-09-27T15:28:00,Command Execution,HIGH,0.83,71.4,CONTAINED
THR-04606,EVT-012081,2026-09-01T09:54:00,Suspicious Login,HIGH,0.989,71.4,INVESTIGATING
THR-04607,EVT-010527,2026-09-18T22:17:00,SMB Activity,CRITICAL,0.722,45.1,MONITORING
THR-04608,EVT-006899,2026-09-05T20:27:00,Exploit Attempt,HIGH,0.872,58.5,MONITORING
THR-04609,EVT-025558,2026-09-19T11:32:00,Archive Transfer,CRITICAL,0.947,94.7,INVESTIGATING
THR-04610,EVT-011321,2026-09-07T13:39:00,Suspicious Login,HIGH,0.796,97.8,MONITORING
THR-04611,EVT-006078,2026-09-22T08:38:00,SMB Activity,CRITICAL,0.778,95.5,NEW
THR-04612,EVT-001706,2026-09-20T00:25:00,Suspicious Login,HIGH,0.724,56.9,CONTAINED
THR-04613,EVT-029696,2026-09-27T17:10:00,RDP Activity,CRITICAL,0.749,71.0,INVESTIGATING
THR-04614,EVT-010863,2026-09-02T03:40:00,Mass File Modification,CRITICAL,0.741,55.2,CONTAINED
THR-04615,EVT-009973,2026-09-10T18:18:00,Command Execution,HIGH,0.804,89.4,INVESTIGATING
THR-04616,EVT-011546,2026-09-23T09:01:00,Remote Service,CRITICAL,0.734,79.2,MONITORING
THR-04617,EVT-015491,2026-09-07T14:07:00,RDP Activity,CRITICAL,0.836,74.8,INVESTIGATING
THR-04618,EVT-010776,2026-09-25T01:19:00,RDP Activity,CRITICAL,0.959,56.1,CONTAINED
THR-04619,EVT-024379,2026-09-06T22:21:00,Service Disruption,CRITICAL,0.958,78.2,MONITORING
THR-04620,EVT-007125,2026-09-02T21:52:00,Large Outbound Transfer,CRITICAL,0.957,57.2,NEW
THR-04621,EVT-009518,2026-09-11T03:58:00,Password Spray,HIGH,0.758,77.2,INVESTIGATING
THR-04622,EVT-025635,2026-09-25T03:36:00,Ransomware-like Activity,CRITICAL,0.741,81.8,INVESTIGATING
THR-04623,EVT-003782,2026-09-27T07:04:00,Password Spray,HIGH,0.843,52.6,INVESTIGATING
THR-04624,EVT-012931,2026-09-17T15:21:00,Scheduled Task,HIGH,0.726,95.9,INVESTIGATING
THR-04625,EVT-006232,2026-09-08T11:32:00,SMB Activity,CRITICAL,0.949,68.9,CONTAINED
THR-04626,EVT-020036,2026-09-01T03:24:00,Process Anomaly,HIGH,0.945,91.0,MONITORING
THR-04627,EVT-016459,2026-09-15T11:06:00,RDP Activity,CRITICAL,0.98,79.9,NEW
THR-04628,EVT-000780,2026-09-02T06:51:00,Suspicious Login,HIGH,0.926,78.3,NEW
THR-04629,EVT-015878,2026-09-01T19:21:00,Large Outbound Transfer,CRITICAL,0.982,84.1,MONITORING
THR-04630,EVT-011097,2026-09-22T03:50:00,RDP Activity,CRITICAL,0.712,72.3,CONTAINED
THR-04631,EVT-007067,2026-09-27T22:40:00,Phishing Link,HIGH,0.741,96.7,NEW
THR-04632,EVT-000082,2026-09-19T19:13:00,Service Enumeration,MEDIUM,0.806,73.8,CONTAINED
THR-04633,EVT-001734,2026-09-07T05:33:00,Archive Transfer,CRITICAL,0.858,76.1,MONITORING
THR-04634,EVT-007459,2026-09-23T17:55:00,RDP Activity,CRITICAL,0.721,96.1,INVESTIGATING
THR-04635,EVT-011527,2026-09-08T22:03:00,Brute Force,HIGH,0.96,70.4,NEW
THR-04636,EVT-002104,2026-09-27T18:36:00,Unusual Upload,CRITICAL,0.95,54.8,CONTAINED
THR-04637,EVT-007302,2026-09-04T10:53:00,Ransomware-like Activity,CRITICAL,0.931,57.1,NEW
THR-04638,EVT-011204,2026-09-07T18:40:00,Service Enumeration,MEDIUM,0.75,79.6,CONTAINED
THR-04639,EVT-010498,2026-09-11T02:18:00,Internal Login Burst,CRITICAL,0.724,92.2,NEW
THR-04640,EVT-014573,2026-09-03T02:48:00,Internal Login Burst,CRITICAL,0.929,48.6,INVESTIGATING
THR-04641,EVT-016471,2026-09-12T02:41:00,Internal Login Burst,CRITICAL,0.777,45.3,INVESTIGATING
THR-04642,EVT-010992,2026-09-04T00:10:00,Password Spray,HIGH,0.926,71.9,INVESTIGATING
THR-04643,EVT-015199,2026-09-15T16:37:00,Scheduled Task,HIGH,0.807,77.2,MONITORING
THR-04644,EVT-013939,2026-09-13T21:42:00,Internal Login Burst,CRITICAL,0.854,46.0,MONITORING
THR-04645,EVT-015311,2026-09-26T19:47:00,Large Outbound Transfer,CRITICAL,0.728,64.7,MONITORING
THR-04646,EVT-005819,2026-09-27T17:56:00,Command Execution,HIGH,0.775,60.7,INVESTIGATING
THR-04647,EVT-001964,2026-09-17T06:20:00,Exploit Attempt,HIGH,0.918,63.4,NEW
THR-04648,EVT-009698,2026-09-15T15:22:00,Port Scan,MEDIUM,0.844,59.6,MONITORING
THR-04649,EVT-003442,2026-09-18T13:21:00,Mass File Modification,CRITICAL,0.725,59.3,MONITORING
THR-04650,EVT-010563,2026-09-25T11:26:00,Remote Service,CRITICAL,0.729,56.3,CONTAINED
THR-04651,EVT-013569,2026-09-22T16:21:00,Script Activity,HIGH,0.791,92.7,INVESTIGATING
THR-04652,EVT-004533,2026-09-22T11:37:00,Exploit Attempt,HIGH,0.719,46.9,CONTAINED
THR-04653,EVT-003881,2026-09-27T10:52:00,Suspicious Login,HIGH,0.736,69.2,NEW
THR-04654,EVT-016383,2026-09-18T06:36:00,Unusual Upload,CRITICAL,0.888,53.3,CONTAINED
THR-04655,EVT-020090,2026-09-20T04:41:00,Suspicious Login,HIGH,0.856,60.2,NEW
THR-04656,EVT-010463,2026-09-06T22:21:00,Network Scan,MEDIUM,0.89,61.2,CONTAINED
THR-04657,EVT-014227,2026-09-24T17:48:00,Network Scan,MEDIUM,0.79,55.7,INVESTIGATING
THR-04658,EVT-020242,2026-09-11T08:26:00,Internal Login Burst,CRITICAL,0.89,69.6,CONTAINED
THR-04659,EVT-025005,2026-09-26T17:20:00,Brute Force,HIGH,0.943,97.0,MONITORING
THR-04660,EVT-029373,2026-09-15T12:29:00,Unusual Upload,CRITICAL,0.773,47.8,NEW
THR-04661,EVT-001694,2026-09-24T10:23:00,Script Activity,HIGH,0.781,56.9,MONITORING
THR-04662,EVT-014469,2026-09-09T09:31:00,Service Enumeration,MEDIUM,0.743,96.1,MONITORING
THR-04663,EVT-026134,2026-09-27T01:31:00,Command Execution,HIGH,0.785,88.3,MONITORING
THR-04664,EVT-016979,2026-09-20T20:00:00,SMB Activity,CRITICAL,0.777,46.9,INVESTIGATING
THR-04665,EVT-019495,2026-09-11T11:40:00,Exploit Attempt,HIGH,0.823,94.3,CONTAINED
THR-04666,EVT-025375,2026-09-17T23:50:00,Service Disruption,CRITICAL,0.987,68.0,CONTAINED
THR-04667,EVT-005062,2026-09-06T15:06:00,Password Spray,HIGH,0.942,81.6,NEW
THR-04668,EVT-014713,2026-09-25T16:08:00,Scheduled Task,HIGH,0.774,91.2,CONTAINED
THR-04669,EVT-008848,2026-09-01T10:13:00,Port Scan,MEDIUM,0.753,90.5,MONITORING
THR-04670,EVT-009735,2026-09-10T21:38:00,Brute Force,HIGH,0.785,66.2,CONTAINED
THR-04671,EVT-004545,2026-09-07T15:43:00,SMB Activity,CRITICAL,0.762,61.0,CONTAINED
THR-04672,EVT-010537,2026-09-02T10:11:00,Large Outbound Transfer,CRITICAL,0.984,89.8,NEW
THR-04673,EVT-006208,2026-09-12T10:40:00,Phishing Link,HIGH,0.848,61.9,NEW
THR-04674,EVT-024176,2026-09-08T04:31:00,Phishing Link,HIGH,0.725,51.2,NEW
THR-04675,EVT-027948,2026-09-22T05:32:00,Brute Force,HIGH,0.736,54.7,NEW
THR-04676,EVT-008169,2026-09-10T20:56:00,Mass File Modification,CRITICAL,0.873,75.6,NEW
THR-04677,EVT-025734,2026-09-16T01:53:00,Credential Stuffing,HIGH,0.811,96.5,INVESTIGATING
THR-04678,EVT-029464,2026-09-05T05:04:00,Phishing Link,HIGH,0.714,92.6,MONITORING
THR-04679,EVT-010210,2026-09-08T19:15:00,Phishing Link,HIGH,0.785,75.9,INVESTIGATING
THR-04680,EVT-018108,2026-09-24T02:47:00,Suspicious External Connection,HIGH,0.932,76.3,NEW
THR-04681,EVT-017825,2026-09-05T06:36:00,Network Scan,MEDIUM,0.775,57.9,MONITORING
THR-04682,EVT-026966,2026-09-01T15:37:00,Suspicious External Connection,HIGH,0.808,58.4,CONTAINED
THR-04683,EVT-006372,2026-09-10T15:20:00,Brute Force,HIGH,0.928,89.3,CONTAINED
THR-04684,EVT-007481,2026-09-08T18:24:00,Remote Service,CRITICAL,0.936,77.6,CONTAINED
THR-04685,EVT-006918,2026-09-12T20:45:00,Port Scan,MEDIUM,0.88,82.3,NEW
THR-04686,EVT-017793,2026-09-25T06:53:00,RDP Activity,CRITICAL,0.713,61.0,INVESTIGATING
THR-04687,EVT-028542,2026-09-15T15:43:00,RDP Activity,CRITICAL,0.801,66.0,INVESTIGATING
THR-04688,EVT-022666,2026-09-13T22:16:00,Command Execution,HIGH,0.824,90.1,NEW
THR-04689,EVT-010683,2026-09-23T14:02:00,Credential Stuffing,HIGH,0.955,45.3,MONITORING
THR-04690,EVT-005907,2026-09-26T14:21:00,Network Scan,MEDIUM,0.781,64.6,MONITORING
THR-04691,EVT-004652,2026-09-15T22:43:00,Exploit Attempt,HIGH,0.886,64.9,CONTAINED
THR-04692,EVT-014118,2026-09-23T00:24:00,Process Anomaly,HIGH,0.873,94.1,MONITORING
THR-04693,EVT-017988,2026-09-27T16:23:00,Process Anomaly,HIGH,0.884,60.3,CONTAINED
THR-04694,EVT-026917,2026-09-14T19:56:00,Brute Force,HIGH,0.829,58.7,MONITORING
THR-04695,EVT-006597,2026-09-13T07:12:00,Process Anomaly,HIGH,0.703,81.1,CONTAINED
THR-04696,EVT-011871,2026-09-24T08:37:00,Phishing Link,HIGH,0.728,51.7,INVESTIGATING
THR-04697,EVT-028056,2026-09-14T02:58:00,Network Scan,MEDIUM,0.797,68.0,INVESTIGATING
THR-04698,EVT-017771,2026-09-13T03:04:00,Credential Stuffing,HIGH,0.93,52.0,CONTAINED
THR-04699,EVT-009081,2026-09-09T16:31:00,Service Enumeration,MEDIUM,0.722,61.7,NEW
THR-04700,EVT-021960,2026-09-26T19:37:00,Service Enumeration,MEDIUM,0.733,69.2,MONITORING
THR-04701,EVT-004436,2026-09-06T11:04:00,Unusual Upload,CRITICAL,0.929,47.4,INVESTIGATING
THR-04702,EVT-019358,2026-09-27T01:38:00,Exploit Attempt,HIGH,0.952,57.7,NEW
THR-04703,EVT-022701,2026-09-05T09:46:00,Suspicious External Connection,HIGH,0.98,93.5,NEW
THR-04704,EVT-008378,2026-09-11T03:28:00,Port Scan,MEDIUM,0.935,46.0,INVESTIGATING
THR-04705,EVT-012912,2026-09-05T08:38:00,Port Scan,MEDIUM,0.73,89.4,INVESTIGATING
THR-04706,EVT-006394,2026-09-04T05:12:00,Service Enumeration,MEDIUM,0.898,79.5,NEW
THR-04707,EVT-016853,2026-09-01T06:52:00,Password Spray,HIGH,0.72,76.5,MONITORING
THR-04708,EVT-019548,2026-09-04T10:37:00,Port Scan,MEDIUM,0.835,54.7,CONTAINED
THR-04709,EVT-009775,2026-09-04T15:59:00,Unusual Upload,CRITICAL,0.918,93.2,CONTAINED
THR-04710,EVT-006934,2026-09-03T03:58:00,Brute Force,HIGH,0.764,68.1,NEW
THR-04711,EVT-004985,2026-09-26T11:57:00,Brute Force,HIGH,0.94,88.7,MONITORING
THR-04712,EVT-018415,2026-09-07T23:27:00,SMB Activity,CRITICAL,0.751,92.8,NEW
THR-04713,EVT-028159,2026-09-02T01:27:00,Password Spray,HIGH,0.97,57.8,NEW
THR-04714,EVT-000974,2026-09-05T17:14:00,Unusual Upload,CRITICAL,0.797,66.5,NEW
THR-04715,EVT-025266,2026-09-08T14:36:00,Archive Transfer,CRITICAL,0.964,87.0,MONITORING
THR-04716,EVT-016373,2026-09-16T19:17:00,Suspicious External Connection,HIGH,0.888,59.4,MONITORING
THR-04717,EVT-009840,2026-09-18T11:52:00,Service Disruption,CRITICAL,0.768,91.1,NEW
THR-04718,EVT-026834,2026-09-12T11:54:00,Brute Force,HIGH,0.806,62.5,CONTAINED
THR-04719,EVT-014509,2026-09-19T13:30:00,Process Anomaly,HIGH,0.85,95.7,CONTAINED
THR-04720,EVT-019770,2026-09-03T05:52:00,Mass File Modification,CRITICAL,0.721,67.5,MONITORING
THR-04721,EVT-002600,2026-09-07T13:05:00,Suspicious Login,HIGH,0.703,69.3,INVESTIGATING
THR-04722,EVT-021964,2026-09-05T15:53:00,Remote Service,CRITICAL,0.816,83.6,MONITORING
THR-04723,EVT-005455,2026-09-16T00:47:00,Service Enumeration,MEDIUM,0.77,52.6,INVESTIGATING
THR-04724,EVT-006856,2026-09-18T05:49:00,Remote Service,CRITICAL,0.923,48.5,MONITORING
THR-04725,EVT-016616,2026-09-10T04:16:00,Port Scan,MEDIUM,0.784,57.3,CONTAINED
THR-04726,EVT-026308,2026-09-05T07:44:00,Credential Stuffing,HIGH,0.784,95.4,NEW
THR-04727,EVT-013433,2026-09-23T17:07:00,Exploit Attempt,HIGH,0.889,75.9,MONITORING
THR-04728,EVT-015856,2026-09-05T18:33:00,Remote Service,CRITICAL,0.724,46.7,MONITORING
THR-04729,EVT-005664,2026-09-17T09:39:00,Exploit Attempt,HIGH,0.702,68.0,CONTAINED
THR-04730,EVT-008707,2026-09-12T05:06:00,Internal Login Burst,CRITICAL,0.853,58.5,CONTAINED
THR-04731,EVT-012906,2026-09-15T11:22:00,Internal Login Burst,CRITICAL,0.96,75.2,CONTAINED
THR-04732,EVT-011553,2026-09-21T04:32:00,Scheduled Task,HIGH,0.884,70.0,CONTAINED
THR-04733,EVT-004744,2026-09-05T15:49:00,Port Scan,MEDIUM,0.861,80.6,MONITORING
THR-04734,EVT-005380,2026-09-08T03:36:00,Process Anomaly,HIGH,0.766,78.1,INVESTIGATING
THR-04735,EVT-011381,2026-09-25T20:14:00,Brute Force,HIGH,0.791,97.4,CONTAINED
THR-04736,EVT-016633,2026-09-25T01:51:00,Suspicious Login,HIGH,0.722,82.6,INVESTIGATING
THR-04737,EVT-025372,2026-09-23T01:46:00,Port Scan,MEDIUM,0.762,60.1,CONTAINED
THR-04738,EVT-007718,2026-09-24T14:42:00,Suspicious Login,HIGH,0.897,82.7,NEW
THR-04739,EVT-000833,2026-09-06T14:23:00,Process Anomaly,HIGH,0.927,53.4,INVESTIGATING
THR-04740,EVT-019854,2026-09-10T07:02:00,Phishing Link,HIGH,0.903,69.8,INVESTIGATING
THR-04741,EVT-010910,2026-09-26T14:17:00,Exploit Attempt,HIGH,0.856,61.1,MONITORING
THR-04742,EVT-026006,2026-09-19T00:08:00,Internal Login Burst,CRITICAL,0.963,82.9,MONITORING
THR-04743,EVT-015389,2026-09-03T21:35:00,Unusual Upload,CRITICAL,0.732,47.6,INVESTIGATING
THR-04744,EVT-002870,2026-09-01T05:23:00,Archive Transfer,CRITICAL,0.894,84.0,MONITORING
THR-04745,EVT-006736,2026-09-11T22:38:00,Registry Change,HIGH,0.93,77.1,INVESTIGATING
THR-04746,EVT-004286,2026-09-27T19:30:00,Command Execution,HIGH,0.708,95.2,CONTAINED
THR-04747,EVT-001085,2026-09-07T06:35:00,Remote Service,CRITICAL,0.968,73.6,NEW
THR-04748,EVT-026266,2026-09-14T14:26:00,Port Scan,MEDIUM,0.986,47.2,MONITORING
THR-04749,EVT-001695,2026-09-08T09:49:00,SMB Activity,CRITICAL,0.898,57.4,MONITORING
THR-04750,EVT-015594,2026-09-15T09:20:00,Internal Login Burst,CRITICAL,0.965,84.5,NEW
THR-04751,EVT-011300,2026-09-02T12:44:00,Phishing Link,HIGH,0.942,74.6,NEW
THR-04752,EVT-020265,2026-09-14T15:26:00,Network Scan,MEDIUM,0.937,94.9,MONITORING
THR-04753,EVT-023083,2026-09-23T06:00:00,Registry Change,HIGH,0.825,66.4,NEW
THR-04754,EVT-006831,2026-09-26T05:01:00,Registry Change,HIGH,0.826,50.5,CONTAINED
THR-04755,EVT-025584,2026-09-10T16:42:00,Password Spray,HIGH,0.746,96.8,MONITORING
THR-04756,EVT-010911,2026-09-16T11:39:00,Command Execution,HIGH,0.988,85.9,MONITORING
THR-04757,EVT-012125,2026-09-01T21:13:00,Script Activity,HIGH,0.89,69.7,CONTAINED
THR-04758,EVT-027242,2026-09-16T22:18:00,Internal Login Burst,CRITICAL,0.946,54.6,NEW
THR-04759,EVT-029923,2026-09-07T04:31:00,Password Spray,HIGH,0.961,56.0,INVESTIGATING
THR-04760,EVT-023865,2026-09-14T08:00:00,Internal Login Burst,CRITICAL,0.706,52.4,INVESTIGATING
THR-04761,EVT-015741,2026-09-23T13:02:00,SMB Activity,CRITICAL,0.751,92.1,INVESTIGATING
THR-04762,EVT-026192,2026-09-06T00:25:00,Brute Force,HIGH,0.882,83.4,MONITORING
THR-04763,EVT-004047,2026-09-24T13:39:00,Internal Login Burst,CRITICAL,0.893,93.8,MONITORING
THR-04764,EVT-026043,2026-09-19T19:21:00,Script Activity,HIGH,0.986,77.9,CONTAINED
THR-04765,EVT-022184,2026-09-25T17:33:00,Service Disruption,CRITICAL,0.856,49.7,MONITORING
THR-04766,EVT-022118,2026-09-08T20:52:00,Password Spray,HIGH,0.728,53.3,NEW
THR-04767,EVT-007310,2026-09-27T02:50:00,Credential Stuffing,HIGH,0.758,93.0,INVESTIGATING
THR-04768,EVT-004519,2026-09-01T17:22:00,Large Outbound Transfer,CRITICAL,0.95,60.2,CONTAINED
THR-04769,EVT-019108,2026-09-15T18:39:00,Remote Service,CRITICAL,0.8,50.3,NEW
THR-04770,EVT-017342,2026-09-06T19:46:00,New Service,HIGH,0.768,50.4,CONTAINED
THR-04771,EVT-001599,2026-09-23T10:52:00,Port Scan,MEDIUM,0.96,51.7,CONTAINED
THR-04772,EVT-020829,2026-09-26T05:20:00,Large Outbound Transfer,CRITICAL,0.737,63.5,NEW
THR-04773,EVT-024396,2026-09-16T14:34:00,Port Scan,MEDIUM,0.964,58.8,INVESTIGATING
THR-04774,EVT-011582,2026-09-14T09:43:00,Large Outbound Transfer,CRITICAL,0.904,46.6,CONTAINED
THR-04775,EVT-012780,2026-09-21T03:13:00,Suspicious External Connection,HIGH,0.955,66.3,NEW
THR-04776,EVT-016726,2026-09-05T14:15:00,Process Anomaly,HIGH,0.722,82.0,NEW
THR-04777,EVT-027669,2026-09-26T17:55:00,RDP Activity,CRITICAL,0.769,67.9,CONTAINED
THR-04778,EVT-009433,2026-09-08T18:46:00,Internal Login Burst,CRITICAL,0.729,92.3,CONTAINED
THR-04779,EVT-007275,2026-09-08T02:51:00,Service Disruption,CRITICAL,0.884,85.1,CONTAINED
THR-04780,EVT-011415,2026-09-17T23:15:00,RDP Activity,CRITICAL,0.935,59.4,MONITORING
THR-04781,EVT-009503,2026-09-01T23:55:00,Mass File Modification,CRITICAL,0.748,86.7,MONITORING
THR-04782,EVT-006001,2026-09-08T00:57:00,Port Scan,MEDIUM,0.762,76.1,INVESTIGATING
THR-04783,EVT-023544,2026-09-26T00:59:00,New Service,HIGH,0.965,78.8,NEW
THR-04784,EVT-017148,2026-09-24T11:49:00,SMB Activity,CRITICAL,0.919,80.2,CONTAINED
THR-04785,EVT-018322,2026-09-09T19:45:00,Suspicious External Connection,HIGH,0.9,76.3,CONTAINED
THR-04786,EVT-013341,2026-09-08T01:33:00,Mass File Modification,CRITICAL,0.981,95.4,NEW
THR-04787,EVT-010284,2026-09-15T12:03:00,Ransomware-like Activity,CRITICAL,0.98,49.5,CONTAINED
THR-04788,EVT-012797,2026-09-19T17:43:00,Mass File Modification,CRITICAL,0.862,68.4,INVESTIGATING
THR-04789,EVT-025368,2026-09-14T10:02:00,Suspicious External Connection,HIGH,0.857,59.6,NEW
THR-04790,EVT-028005,2026-09-26T20:30:00,Process Anomaly,HIGH,0.889,51.2,INVESTIGATING
THR-04791,EVT-003882,2026-09-20T19:05:00,Mass File Modification,CRITICAL,0.773,72.0,CONTAINED
THR-04792,EVT-019040,2026-09-09T08:30:00,Service Enumeration,MEDIUM,0.784,86.3,CONTAINED
THR-04793,EVT-025626,2026-09-08T08:17:00,Password Spray,HIGH,0.905,87.0,CONTAINED
THR-04794,EVT-025191,2026-09-14T08:21:00,Remote Service,CRITICAL,0.715,45.4,MONITORING
THR-04795,EVT-011815,2026-09-12T22:04:00,Remote Service,CRITICAL,0.984,52.3,INVESTIGATING
THR-04796,EVT-014111,2026-09-10T16:43:00,Phishing Link,HIGH,0.943,45.6,INVESTIGATING
THR-04797,EVT-019460,2026-09-22T07:40:00,Mass File Modification,CRITICAL,0.775,89.8,NEW
THR-04798,EVT-015992,2026-09-07T23:05:00,Exploit Attempt,HIGH,0.86,82.6,CONTAINED
THR-04799,EVT-022787,2026-09-05T22:01:00,Ransomware-like Activity,CRITICAL,0.872,53.3,CONTAINED
THR-04800,EVT-018948,2026-09-01T16:42:00,Suspicious Login,HIGH,0.787,69.6,CONTAINED
THR-04801,EVT-006326,2026-09-17T21:34:00,Service Disruption,CRITICAL,0.801,50.0,CONTAINED
THR-04802,EVT-000050,2026-09-21T10:28:00,Large Outbound Transfer,CRITICAL,0.795,46.8,CONTAINED
THR-04803,EVT-017204,2026-09-23T03:06:00,Port Scan,MEDIUM,0.876,54.0,NEW
THR-04804,EVT-007450,2026-09-16T04:27:00,Service Disruption,CRITICAL,0.811,79.3,MONITORING
THR-04805,EVT-021978,2026-09-26T16:41:00,Credential Stuffing,HIGH,0.792,83.9,INVESTIGATING
THR-04806,EVT-029827,2026-09-18T16:13:00,Scheduled Task,HIGH,0.708,72.9,CONTAINED
THR-04807,EVT-018369,2026-09-21T04:34:00,Brute Force,HIGH,0.821,45.5,INVESTIGATING
THR-04808,EVT-002753,2026-09-14T21:05:00,Unusual Upload,CRITICAL,0.883,61.4,MONITORING
THR-04809,EVT-028820,2026-09-11T18:40:00,Phishing Link,HIGH,0.912,49.0,INVESTIGATING
THR-04810,EVT-022811,2026-09-19T04:17:00,Process Anomaly,HIGH,0.85,94.5,INVESTIGATING
THR-04811,EVT-007341,2026-09-22T02:23:00,Registry Change,HIGH,0.731,80.5,CONTAINED
THR-04812,EVT-001711,2026-09-19T23:44:00,Scheduled Task,HIGH,0.741,63.6,MONITORING
THR-04813,EVT-023818,2026-09-01T17:23:00,Remote Service,CRITICAL,0.778,88.5,INVESTIGATING
THR-04814,EVT-023853,2026-09-26T16:45:00,Phishing Link,HIGH,0.762,51.9,NEW
THR-04815,EVT-013465,2026-09-10T02:43:00,Process Anomaly,HIGH,0.946,64.7,INVESTIGATING
THR-04816,EVT-006928,2026-09-25T16:42:00,Script Activity,HIGH,0.701,70.8,INVESTIGATING
THR-04817,EVT-023258,2026-09-16T01:57:00,Exploit Attempt,HIGH,0.799,50.7,CONTAINED
THR-04818,EVT-005291,2026-09-20T20:46:00,Exploit Attempt,HIGH,0.89,49.5,NEW
THR-04819,EVT-009206,2026-09-03T18:45:00,Service Enumeration,MEDIUM,0.803,75.8,MONITORING
THR-04820,EVT-025546,2026-09-21T18:27:00,Port Scan,MEDIUM,0.833,92.4,INVESTIGATING
THR-04821,EVT-017490,2026-09-05T10:02:00,Phishing Link,HIGH,0.764,62.5,CONTAINED
THR-04822,EVT-013645,2026-09-21T16:11:00,Mass File Modification,CRITICAL,0.975,54.9,NEW
THR-04823,EVT-028626,2026-09-20T03:02:00,Suspicious External Connection,HIGH,0.925,56.5,MONITORING
THR-04824,EVT-016326,2026-09-20T14:21:00,Archive Transfer,CRITICAL,0.873,55.7,CONTAINED
THR-04825,EVT-017867,2026-09-07T11:18:00,Mass File Modification,CRITICAL,0.75,73.7,NEW
THR-04826,EVT-007791,2026-09-04T13:30:00,Credential Stuffing,HIGH,0.888,48.8,INVESTIGATING
THR-04827,EVT-002951,2026-09-12T15:25:00,Process Anomaly,HIGH,0.786,64.6,CONTAINED
THR-04828,EVT-013976,2026-09-19T15:04:00,Phishing Link,HIGH,0.839,90.8,MONITORING
THR-04829,EVT-010614,2026-09-27T09:09:00,Command Execution,HIGH,0.728,53.5,CONTAINED
THR-04830,EVT-026551,2026-09-02T01:58:00,Network Scan,MEDIUM,0.735,78.6,MONITORING
THR-04831,EVT-029833,2026-09-22T16:08:00,Ransomware-like Activity,CRITICAL,0.832,79.3,MONITORING
THR-04832,EVT-013439,2026-09-16T04:38:00,Script Activity,HIGH,0.79,75.1,CONTAINED
THR-04833,EVT-013022,2026-09-20T17:00:00,Port Scan,MEDIUM,0.727,70.9,INVESTIGATING
THR-04834,EVT-028720,2026-09-27T04:47:00,Internal Login Burst,CRITICAL,0.959,53.6,MONITORING
THR-04835,EVT-014452,2026-09-03T15:35:00,Suspicious External Connection,HIGH,0.832,63.8,MONITORING
THR-04836,EVT-014252,2026-09-10T22:01:00,Ransomware-like Activity,CRITICAL,0.787,82.9,NEW
THR-04837,EVT-020911,2026-09-05T05:53:00,Suspicious External Connection,HIGH,0.78,56.7,NEW
THR-04838,EVT-026806,2026-09-25T14:33:00,Brute Force,HIGH,0.768,89.0,INVESTIGATING
THR-04839,EVT-025108,2026-09-26T18:16:00,Network Scan,MEDIUM,0.864,65.9,INVESTIGATING
THR-04840,EVT-019042,2026-09-25T12:50:00,Service Enumeration,MEDIUM,0.967,98.7,INVESTIGATING
THR-04841,EVT-006963,2026-09-05T20:26:00,Ransomware-like Activity,CRITICAL,0.799,61.1,MONITORING
THR-04842,EVT-025638,2026-09-08T10:12:00,Network Scan,MEDIUM,0.718,56.7,MONITORING
THR-04843,EVT-029593,2026-09-20T21:10:00,Large Outbound Transfer,CRITICAL,0.968,76.1,CONTAINED
THR-04844,EVT-021648,2026-09-10T17:09:00,Remote Service,CRITICAL,0.846,50.6,MONITORING
THR-04845,EVT-029759,2026-09-15T12:24:00,Process Anomaly,HIGH,0.908,94.7,CONTAINED
THR-04846,EVT-001547,2026-09-25T22:40:00,Suspicious Login,HIGH,0.729,50.4,MONITORING
THR-04847,EVT-008990,2026-09-07T04:51:00,Port Scan,MEDIUM,0.737,77.8,MONITORING
THR-04848,EVT-013874,2026-09-10T17:42:00,Registry Change,HIGH,0.839,68.3,MONITORING
THR-04849,EVT-017562,2026-09-17T20:26:00,Suspicious Login,HIGH,0.77,72.1,MONITORING
THR-04850,EVT-023937,2026-09-26T14:12:00,Suspicious External Connection,HIGH,0.862,61.8,NEW
THR-04851,EVT-003862,2026-09-18T19:03:00,Exploit Attempt,HIGH,0.702,55.6,CONTAINED
THR-04852,EVT-018900,2026-09-24T18:42:00,Brute Force,HIGH,0.911,82.1,CONTAINED
THR-04853,EVT-015747,2026-09-20T15:21:00,Process Anomaly,HIGH,0.842,50.5,NEW
THR-04854,EVT-015848,2026-09-07T09:24:00,Suspicious External Connection,HIGH,0.711,56.1,CONTAINED
THR-04855,EVT-026288,2026-09-11T15:04:00,Remote Service,CRITICAL,0.948,87.3,INVESTIGATING
THR-04856,EVT-016327,2026-09-20T23:14:00,Internal Login Burst,CRITICAL,0.855,72.6,CONTAINED
THR-04857,EVT-012509,2026-09-12T19:47:00,Brute Force,HIGH,0.759,75.7,INVESTIGATING
THR-04858,EVT-004169,2026-09-11T16:43:00,Remote Service,CRITICAL,0.951,73.7,NEW
THR-04859,EVT-024948,2026-09-13T12:24:00,Service Disruption,CRITICAL,0.871,51.3,CONTAINED
THR-04860,EVT-006883,2026-09-17T09:18:00,Scheduled Task,HIGH,0.973,68.3,CONTAINED
THR-04861,EVT-026855,2026-09-09T01:46:00,Password Spray,HIGH,0.712,53.0,MONITORING
THR-04862,EVT-010149,2026-09-23T14:38:00,Script Activity,HIGH,0.816,95.2,MONITORING
THR-04863,EVT-000549,2026-09-22T14:40:00,Service Enumeration,MEDIUM,0.969,79.8,MONITORING
THR-04864,EVT-029178,2026-09-09T07:31:00,Phishing Link,HIGH,0.981,56.5,CONTAINED
THR-04865,EVT-004418,2026-09-24T06:27:00,Process Anomaly,HIGH,0.755,48.9,CONTAINED
THR-04866,EVT-012325,2026-09-24T11:39:00,Brute Force,HIGH,0.898,86.2,NEW
THR-04867,EVT-022688,2026-09-15T06:18:00,Phishing Link,HIGH,0.854,52.3,CONTAINED
THR-04868,EVT-007755,2026-09-25T07:29:00,Service Enumeration,MEDIUM,0.959,60.6,INVESTIGATING
THR-04869,EVT-014622,2026-09-24T13:15:00,Brute Force,HIGH,0.796,60.8,MONITORING
THR-04870,EVT-021767,2026-09-07T15:27:00,Exploit Attempt,HIGH,0.883,59.9,NEW
THR-04871,EVT-009280,2026-09-21T00:47:00,Process Anomaly,HIGH,0.827,66.6,NEW
THR-04872,EVT-028233,2026-09-08T04:55:00,SMB Activity,CRITICAL,0.842,98.6,INVESTIGATING
THR-04873,EVT-022767,2026-09-15T10:49:00,Large Outbound Transfer,CRITICAL,0.802,96.7,NEW
THR-04874,EVT-026189,2026-09-13T02:25:00,Brute Force,HIGH,0.748,87.4,CONTAINED
THR-04875,EVT-017290,2026-09-09T23:53:00,Registry Change,HIGH,0.879,55.8,CONTAINED
THR-04876,EVT-012256,2026-09-21T22:09:00,SMB Activity,CRITICAL,0.841,65.6,CONTAINED
THR-04877,EVT-024735,2026-09-07T12:04:00,Service Enumeration,MEDIUM,0.824,75.6,MONITORING
THR-04878,EVT-028754,2026-09-20T13:55:00,Mass File Modification,CRITICAL,0.867,87.4,INVESTIGATING
THR-04879,EVT-006177,2026-09-07T05:14:00,Network Scan,MEDIUM,0.772,50.6,MONITORING
THR-04880,EVT-011463,2026-09-26T01:26:00,Remote Service,CRITICAL,0.913,49.9,INVESTIGATING
THR-04881,EVT-020685,2026-09-15T12:08:00,Ransomware-like Activity,CRITICAL,0.96,72.0,CONTAINED
THR-04882,EVT-016365,2026-09-24T06:11:00,Phishing Link,HIGH,0.793,53.2,INVESTIGATING
THR-04883,EVT-028093,2026-09-12T03:37:00,Process Anomaly,HIGH,0.831,57.9,MONITORING
THR-04884,EVT-029801,2026-09-23T10:28:00,Phishing Link,HIGH,0.925,58.1,MONITORING
THR-04885,EVT-011305,2026-09-07T00:17:00,Port Scan,MEDIUM,0.724,59.9,MONITORING
THR-04886,EVT-029159,2026-09-07T21:47:00,Process Anomaly,HIGH,0.748,96.2,NEW
THR-04887,EVT-024085,2026-09-26T11:19:00,Scheduled Task,HIGH,0.746,77.7,CONTAINED
THR-04888,EVT-025913,2026-09-13T20:31:00,Phishing Link,HIGH,0.751,72.3,NEW
THR-04889,EVT-024787,2026-09-19T13:24:00,Credential Stuffing,HIGH,0.749,58.5,MONITORING
THR-04890,EVT-000111,2026-09-22T22:23:00,Brute Force,HIGH,0.93,91.2,NEW
THR-04891,EVT-007206,2026-09-03T05:50:00,Ransomware-like Activity,CRITICAL,0.933,87.9,INVESTIGATING
THR-04892,EVT-023944,2026-09-20T02:56:00,Internal Login Burst,CRITICAL,0.882,55.6,NEW
THR-04893,EVT-006014,2026-09-23T10:45:00,Mass File Modification,CRITICAL,0.74,65.7,NEW
THR-04894,EVT-021035,2026-09-27T20:43:00,Registry Change,HIGH,0.714,45.6,MONITORING
THR-04895,EVT-006280,2026-09-19T22:46:00,Service Disruption,CRITICAL,0.883,65.0,NEW
THR-04896,EVT-022257,2026-09-03T02:30:00,Service Disruption,CRITICAL,0.825,84.9,CONTAINED
THR-04897,EVT-025080,2026-09-22T09:59:00,Suspicious External Connection,HIGH,0.753,60.2,MONITORING
THR-04898,EVT-024150,2026-09-02T15:19:00,Scheduled Task,HIGH,0.851,73.3,CONTAINED
THR-04899,EVT-022453,2026-09-25T20:34:00,Exploit Attempt,HIGH,0.801,86.7,CONTAINED
THR-04900,EVT-019984,2026-09-25T16:42:00,Exploit Attempt,HIGH,0.785,79.7,MONITORING
THR-04901,EVT-025670,2026-09-17T20:14:00,Password Spray,HIGH,0.733,58.9,INVESTIGATING
THR-04902,EVT-023628,2026-09-16T02:16:00,Network Scan,MEDIUM,0.916,76.7,CONTAINED
THR-04903,EVT-009910,2026-09-23T04:27:00,Credential Stuffing,HIGH,0.731,75.9,INVESTIGATING
THR-04904,EVT-024667,2026-09-19T06:38:00,Scheduled Task,HIGH,0.764,53.1,INVESTIGATING
THR-04905,EVT-028193,2026-09-22T19:53:00,Remote Service,CRITICAL,0.833,70.1,CONTAINED
THR-04906,EVT-009406,2026-09-18T23:22:00,Phishing Link,HIGH,0.86,91.6,NEW
THR-04907,EVT-017594,2026-09-08T17:10:00,Process Anomaly,HIGH,0.778,94.8,CONTAINED
THR-04908,EVT-027958,2026-09-23T00:13:00,Remote Service,CRITICAL,0.794,45.9,NEW
THR-04909,EVT-004614,2026-09-01T13:08:00,SMB Activity,CRITICAL,0.821,96.6,CONTAINED
THR-04910,EVT-018274,2026-09-24T16:50:00,Suspicious External Connection,HIGH,0.728,91.8,MONITORING
THR-04911,EVT-008509,2026-09-15T17:36:00,New Service,HIGH,0.952,50.9,NEW
THR-04912,EVT-026212,2026-09-27T17:52:00,Service Disruption,CRITICAL,0.943,50.4,MONITORING
THR-04913,EVT-020582,2026-09-08T04:01:00,New Service,HIGH,0.971,47.3,NEW
THR-04914,EVT-020412,2026-09-18T02:47:00,SMB Activity,CRITICAL,0.985,75.9,MONITORING
THR-04915,EVT-025557,2026-09-18T09:58:00,Large Outbound Transfer,CRITICAL,0.755,93.4,NEW
THR-04916,EVT-007486,2026-09-19T09:02:00,Suspicious Login,HIGH,0.835,85.8,CONTAINED
THR-04917,EVT-001153,2026-09-06T11:00:00,Internal Login Burst,CRITICAL,0.75,96.9,CONTAINED
THR-04918,EVT-018898,2026-09-10T04:57:00,Remote Service,CRITICAL,0.772,71.4,INVESTIGATING
THR-04919,EVT-009477,2026-09-12T11:53:00,Service Disruption,CRITICAL,0.703,89.6,NEW
THR-04920,EVT-020922,2026-09-13T16:13:00,Credential Stuffing,HIGH,0.814,97.9,INVESTIGATING
THR-04921,EVT-012698,2026-09-11T04:50:00,Phishing Link,HIGH,0.962,63.0,INVESTIGATING
THR-04922,EVT-023147,2026-09-22T14:25:00,Command Execution,HIGH,0.714,69.7,NEW
THR-04923,EVT-018384,2026-09-15T04:10:00,Exploit Attempt,HIGH,0.705,98.3,INVESTIGATING
THR-04924,EVT-000496,2026-09-07T07:50:00,Suspicious Login,HIGH,0.831,72.0,CONTAINED
THR-04925,EVT-016430,2026-09-07T23:19:00,Network Scan,MEDIUM,0.794,78.6,NEW
THR-04926,EVT-012926,2026-09-22T23:54:00,Large Outbound Transfer,CRITICAL,0.924,53.7,INVESTIGATING
THR-04927,EVT-015626,2026-09-07T04:41:00,Command Execution,HIGH,0.943,81.8,MONITORING
THR-04928,EVT-014630,2026-09-06T23:05:00,Service Enumeration,MEDIUM,0.902,61.1,INVESTIGATING
THR-04929,EVT-028163,2026-09-10T13:47:00,Archive Transfer,CRITICAL,0.774,60.3,NEW
THR-04930,EVT-020785,2026-09-03T07:55:00,Service Disruption,CRITICAL,0.906,93.6,NEW
THR-04931,EVT-020334,2026-09-26T03:40:00,Script Activity,HIGH,0.919,59.7,INVESTIGATING
THR-04932,EVT-003612,2026-09-11T02:57:00,Network Scan,MEDIUM,0.782,80.1,CONTAINED
THR-04933,EVT-029816,2026-09-05T03:13:00,Suspicious External Connection,HIGH,0.956,91.0,INVESTIGATING
THR-04934,EVT-026057,2026-09-08T11:30:00,Process Anomaly,HIGH,0.923,65.1,MONITORING
THR-04935,EVT-003960,2026-09-27T02:13:00,Archive Transfer,CRITICAL,0.793,69.6,CONTAINED
THR-04936,EVT-001139,2026-09-22T09:12:00,Process Anomaly,HIGH,0.932,71.5,INVESTIGATING
THR-04937,EVT-015442,2026-09-20T19:01:00,Credential Stuffing,HIGH,0.81,75.2,INVESTIGATING
THR-04938,EVT-010807,2026-09-05T00:05:00,Registry Change,HIGH,0.705,98.9,CONTAINED
THR-04939,EVT-022243,2026-09-02T04:38:00,Exploit Attempt,HIGH,0.771,78.3,NEW
THR-04940,EVT-026866,2026-09-19T20:30:00,Network Scan,MEDIUM,0.854,58.9,MONITORING
THR-04941,EVT-022295,2026-09-05T22:42:00,Service Enumeration,MEDIUM,0.804,59.7,INVESTIGATING
THR-04942,EVT-019709,2026-09-22T13:42:00,Network Scan,MEDIUM,0.733,60.2,CONTAINED
THR-04943,EVT-021092,2026-09-22T05:34:00,Process Anomaly,HIGH,0.803,63.6,NEW
THR-04944,EVT-017027,2026-09-23T07:41:00,Script Activity,HIGH,0.871,54.3,CONTAINED
THR-04945,EVT-011346,2026-09-24T04:33:00,Network Scan,MEDIUM,0.79,58.1,CONTAINED
THR-04946,EVT-025202,2026-09-07T18:46:00,Exploit Attempt,HIGH,0.919,55.1,NEW
THR-04947,EVT-016586,2026-09-12T01:45:00,SMB Activity,CRITICAL,0.706,59.7,MONITORING
THR-04948,EVT-006144,2026-09-13T05:41:00,Large Outbound Transfer,CRITICAL,0.913,60.9,INVESTIGATING
THR-04949,EVT-001074,2026-09-23T00:22:00,SMB Activity,CRITICAL,0.988,93.6,MONITORING
THR-04950,EVT-014695,2026-09-15T01:43:00,Ransomware-like Activity,CRITICAL,0.792,84.0,MONITORING
THR-04951,EVT-014309,2026-09-08T08:50:00,Registry Change,HIGH,0.753,86.4,NEW
THR-04952,EVT-005424,2026-09-19T06:01:00,New Service,HIGH,0.797,79.6,INVESTIGATING
THR-04953,EVT-011012,2026-09-27T02:28:00,Network Scan,MEDIUM,0.753,66.2,NEW
THR-04954,EVT-027143,2026-09-07T02:41:00,Port Scan,MEDIUM,0.794,63.1,NEW
THR-04955,EVT-016375,2026-09-21T16:42:00,Credential Stuffing,HIGH,0.921,87.6,NEW
THR-04956,EVT-022999,2026-09-08T02:08:00,Script Activity,HIGH,0.786,66.3,NEW
THR-04957,EVT-024205,2026-09-04T18:09:00,Port Scan,MEDIUM,0.802,90.8,CONTAINED
THR-04958,EVT-020883,2026-09-19T19:34:00,Internal Login Burst,CRITICAL,0.775,45.8,CONTAINED
THR-04959,EVT-003393,2026-09-24T18:43:00,Command Execution,HIGH,0.928,45.1,MONITORING
THR-04960,EVT-023402,2026-09-18T12:30:00,Exploit Attempt,HIGH,0.78,46.8,CONTAINED
THR-04961,EVT-008216,2026-09-21T07:18:00,Remote Service,CRITICAL,0.702,72.1,CONTAINED
THR-04962,EVT-023489,2026-09-09T05:30:00,Network Scan,MEDIUM,0.866,77.3,CONTAINED
THR-04963,EVT-002846,2026-09-27T16:17:00,Network Scan,MEDIUM,0.823,66.4,CONTAINED
THR-04964,EVT-011016,2026-09-27T17:08:00,New Service,HIGH,0.915,77.1,MONITORING
THR-04965,EVT-013782,2026-09-05T09:04:00,Exploit Attempt,HIGH,0.867,45.9,MONITORING
THR-04966,EVT-007973,2026-09-05T18:12:00,Exploit Attempt,HIGH,0.966,47.1,INVESTIGATING
THR-04967,EVT-022212,2026-09-20T13:59:00,Scheduled Task,HIGH,0.86,56.3,MONITORING
THR-04968,EVT-017047,2026-09-03T13:18:00,Archive Transfer,CRITICAL,0.962,46.7,CONTAINED
THR-04969,EVT-025861,2026-09-16T07:06:00,Brute Force,HIGH,0.969,79.5,MONITORING
THR-04970,EVT-008512,2026-09-10T17:15:00,Large Outbound Transfer,CRITICAL,0.961,63.5,MONITORING
THR-04971,EVT-023058,2026-09-05T04:11:00,Suspicious External Connection,HIGH,0.751,80.1,NEW
THR-04972,EVT-022882,2026-09-26T15:43:00,Suspicious Login,HIGH,0.722,97.5,MONITORING
THR-04973,EVT-014645,2026-09-03T23:13:00,Registry Change,HIGH,0.867,84.4,MONITORING
THR-04974,EVT-024494,2026-09-09T01:01:00,Service Enumeration,MEDIUM,0.763,91.3,CONTAINED
THR-04975,EVT-005831,2026-09-19T13:40:00,Scheduled Task,HIGH,0.972,63.5,MONITORING
THR-04976,EVT-029504,2026-09-20T02:07:00,Service Enumeration,MEDIUM,0.955,82.6,NEW
THR-04977,EVT-012202,2026-09-15T04:40:00,Remote Service,CRITICAL,0.914,71.1,NEW
THR-04978,EVT-007788,2026-09-04T16:15:00,Port Scan,MEDIUM,0.706,89.3,NEW
THR-04979,EVT-007615,2026-09-04T19:12:00,Script Activity,HIGH,0.86,95.6,INVESTIGATING
THR-04980,EVT-017333,2026-09-12T12:08:00,Ransomware-like Activity,CRITICAL,0.847,54.6,CONTAINED
THR-04981,EVT-020934,2026-09-27T07:41:00,Port Scan,MEDIUM,0.788,70.7,NEW
THR-04982,EVT-003068,2026-09-17T08:19:00,Internal Login Burst,CRITICAL,0.85,60.1,MONITORING
THR-04983,EVT-011756,2026-09-22T17:05:00,Port Scan,MEDIUM,0.883,61.2,MONITORING
THR-04984,EVT-002181,2026-09-17T15:48:00,Credential Stuffing,HIGH,0.98,88.0,INVESTIGATING
THR-04985,EVT-001532,2026-09-04T16:48:00,Suspicious External Connection,HIGH,0.738,68.9,INVESTIGATING
THR-04986,EVT-017633,2026-09-04T09:56:00,Suspicious External Connection,HIGH,0.965,83.7,NEW
THR-04987,EVT-003937,2026-09-05T04:00:00,Brute Force,HIGH,0.946,54.0,INVESTIGATING
THR-04988,EVT-014127,2026-09-18T17:40:00,Command Execution,HIGH,0.788,79.8,INVESTIGATING
THR-04989,EVT-026579,2026-09-26T12:40:00,Registry Change,HIGH,0.817,89.0,INVESTIGATING
THR-04990,EVT-011044,2026-09-06T16:42:00,Network Scan,MEDIUM,0.721,96.6,NEW
THR-04991,EVT-023494,2026-09-03T13:10:00,Script Activity,HIGH,0.887,45.3,CONTAINED
THR-04992,EVT-005420,2026-09-10T10:58:00,Service Enumeration,MEDIUM,0.838,57.5,MONITORING
THR-04993,EVT-024242,2026-09-24T08:11:00,Mass File Modification,CRITICAL,0.875,85.6,INVESTIGATING
THR-04994,EVT-006226,2026-09-09T05:31:00,Ransomware-like Activity,CRITICAL,0.718,58.9,CONTAINED
THR-04995,EVT-007895,2026-09-22T17:41:00,Archive Transfer,CRITICAL,0.909,83.6,CONTAINED
THR-04996,EVT-008253,2026-09-26T12:38:00,Command Execution,HIGH,0.959,85.2,INVESTIGATING
THR-04997,EVT-017734,2026-09-05T01:58:00,Remote Service,CRITICAL,0.913,86.2,MONITORING
THR-04998,EVT-003003,2026-09-02T13:00:00,Credential Stuffing,HIGH,0.814,96.4,MONITORING
THR-04999,EVT-002358,2026-09-26T20:47:00,Archive Transfer,CRITICAL,0.839,73.0,INVESTIGATING
THR-05000,EVT-011891,2026-09-21T21:16:00,Script Activity,HIGH,0.803,76.1,INVESTIGATING
