vulnerability_id,asset_id,cve_id,severity,description,status
VUL-00001,AST-0443,CVE-2025-2003,HIGH,Unpatched component,OPEN
VUL-00002,AST-0004,CVE-2025-2003,MEDIUM,Weak configuration,MITIGATED
VUL-00003,AST-0208,CVE-2024-0001,MEDIUM,Weak configuration,OPEN
VUL-00004,AST-0091,CVE-2026-4105,CRITICAL,Excessive privileges,MITIGATED
VUL-00005,AST-0455,CVE-2026-4105,HIGH,Excessive privileges,MITIGATED
VUL-00006,AST-0066,CVE-2026-4105,LOW,Unpatched component,MITIGATED
VUL-00007,AST-0030,CVE-2024-0001,CRITICAL,Excessive privileges,MITIGATED
VUL-00008,AST-0448,CVE-2024-0001,MEDIUM,Unpatched component,MITIGATED
VUL-00009,AST-0280,CVE-2025-2003,HIGH,Outdated service,OPEN
VUL-00010,AST-0469,CVE-2025-2003,LOW,Weak configuration,OPEN
VUL-00011,AST-0250,CVE-2025-2003,LOW,Weak configuration,UNDER_REVIEW
VUL-00012,AST-0345,CVE-2024-0001,CRITICAL,Excessive privileges,MITIGATED
VUL-00013,AST-0019,CVE-2025-2003,MEDIUM,Weak configuration,OPEN
VUL-00014,AST-0400,CVE-2026-4105,HIGH,Weak configuration,UNDER_REVIEW
VUL-00015,AST-0158,CVE-2026-4105,MEDIUM,Unpatched component,OPEN
VUL-00016,AST-0191,CVE-2024-0001,CRITICAL,Outdated service,OPEN
VUL-00017,AST-0344,CVE-2025-2003,MEDIUM,Unpatched component,UNDER_REVIEW
VUL-00018,AST-0351,CVE-2026-4105,LOW,Unpatched component,MITIGATED
VUL-00019,AST-0467,CVE-2025-2003,MEDIUM,Unpatched component,UNDER_REVIEW
VUL-00020,AST-0179,CVE-2026-4105,LOW,Weak configuration,MITIGATED
VUL-00021,AST-0227,CVE-2025-2003,LOW,Weak configuration,MITIGATED
VUL-00022,AST-0034,CVE-2025-2003,CRITICAL,Weak configuration,UNDER_REVIEW
VUL-00023,AST-0342,CVE-2024-0001,LOW,Excessive privileges,OPEN
VUL-00024,AST-0115,CVE-2026-4105,MEDIUM,Outdated service,OPEN
VUL-00025,AST-0018,CVE-2025-2003,CRITICAL,Excessive privileges,MITIGATED
VUL-00026,AST-0303,CVE-2024-0001,CRITICAL,Unpatched component,MITIGATED
VUL-00027,AST-0138,CVE-2026-4105,LOW,Excessive privileges,MITIGATED
VUL-00028,AST-0369,CVE-2024-0001,CRITICAL,Excessive privileges,MITIGATED
VUL-00029,AST-0200,CVE-2025-2003,CRITICAL,Outdated service,UNDER_REVIEW
VUL-00030,AST-0121,CVE-2026-4105,MEDIUM,Excessive privileges,OPEN
VUL-00031,AST-0071,CVE-2025-2003,HIGH,Unpatched component,OPEN
VUL-00032,AST-0287,CVE-2026-4105,HIGH,Excessive privileges,UNDER_REVIEW
VUL-00033,AST-0477,CVE-2024-0001,CRITICAL,Weak configuration,MITIGATED
VUL-00034,AST-0030,CVE-2026-4105,CRITICAL,Weak configuration,MITIGATED
VUL-00035,AST-0042,CVE-2026-4105,CRITICAL,Excessive privileges,UNDER_REVIEW
VUL-00036,AST-0160,CVE-2026-4105,HIGH,Excessive privileges,OPEN
VUL-00037,AST-0475,CVE-2024-0001,CRITICAL,Unpatched component,OPEN
VUL-00038,AST-0150,CVE-2024-0001,LOW,Excessive privileges,OPEN
VUL-00039,AST-0122,CVE-2024-0001,MEDIUM,Excessive privileges,UNDER_REVIEW
VUL-00040,AST-0260,CVE-2026-4105,HIGH,Weak configuration,MITIGATED
VUL-00041,AST-0313,CVE-2026-4105,LOW,Unpatched component,UNDER_REVIEW
VUL-00042,AST-0211,CVE-2026-4105,HIGH,Excessive privileges,MITIGATED
VUL-00043,AST-0374,CVE-2024-0001,LOW,Unpatched component,MITIGATED
VUL-00044,AST-0381,CVE-2025-2003,HIGH,Weak configuration,MITIGATED
VUL-00045,AST-0110,CVE-2026-4105,CRITICAL,Outdated service,MITIGATED
VUL-00046,AST-0494,CVE-2025-2003,LOW,Unpatched component,MITIGATED
VUL-00047,AST-0078,CVE-2024-0001,LOW,Excessive privileges,UNDER_REVIEW
VUL-00048,AST-0038,CVE-2025-2003,LOW,Weak configuration,MITIGATED
VUL-00049,AST-0298,CVE-2026-4105,HIGH,Outdated service,UNDER_REVIEW
VUL-00050,AST-0338,CVE-2025-2003,CRITICAL,Outdated service,UNDER_REVIEW
VUL-00051,AST-0250,CVE-2026-4105,LOW,Weak configuration,UNDER_REVIEW
VUL-00052,AST-0046,CVE-2026-4105,CRITICAL,Weak configuration,MITIGATED
VUL-00053,AST-0239,CVE-2026-4105,HIGH,Unpatched component,MITIGATED
VUL-00054,AST-0335,CVE-2026-4105,HIGH,Unpatched component,MITIGATED
VUL-00055,AST-0458,CVE-2025-2003,MEDIUM,Excessive privileges,UNDER_REVIEW
VUL-00056,AST-0082,CVE-2026-4105,LOW,Outdated service,OPEN
VUL-00057,AST-0158,CVE-2025-2003,MEDIUM,Unpatched component,MITIGATED
VUL-00058,AST-0204,CVE-2024-0001,CRITICAL,Unpatched component,UNDER_REVIEW
VUL-00059,AST-0289,CVE-2025-2003,LOW,Excessive privileges,UNDER_REVIEW
VUL-00060,AST-0482,CVE-2026-4105,MEDIUM,Excessive privileges,UNDER_REVIEW
VUL-00061,AST-0469,CVE-2024-0001,MEDIUM,Unpatched component,UNDER_REVIEW
VUL-00062,AST-0211,CVE-2026-4105,HIGH,Outdated service,MITIGATED
VUL-00063,AST-0188,CVE-2026-4105,LOW,Outdated service,OPEN
VUL-00064,AST-0026,CVE-2024-0001,LOW,Outdated service,OPEN
VUL-00065,AST-0319,CVE-2026-4105,HIGH,Unpatched component,OPEN
VUL-00066,AST-0317,CVE-2024-0001,LOW,Outdated service,MITIGATED
VUL-00067,AST-0471,CVE-2026-4105,CRITICAL,Weak configuration,MITIGATED
VUL-00068,AST-0181,CVE-2026-4105,LOW,Outdated service,UNDER_REVIEW
VUL-00069,AST-0262,CVE-2026-4105,HIGH,Excessive privileges,OPEN
VUL-00070,AST-0322,CVE-2024-0001,HIGH,Outdated service,OPEN
VUL-00071,AST-0468,CVE-2026-4105,HIGH,Weak configuration,UNDER_REVIEW
VUL-00072,AST-0134,CVE-2026-4105,CRITICAL,Outdated service,OPEN
VUL-00073,AST-0395,CVE-2025-2003,CRITICAL,Unpatched component,UNDER_REVIEW
VUL-00074,AST-0113,CVE-2026-4105,CRITICAL,Excessive privileges,OPEN
VUL-00075,AST-0052,CVE-2026-4105,HIGH,Excessive privileges,MITIGATED
VUL-00076,AST-0108,CVE-2026-4105,HIGH,Weak configuration,OPEN
VUL-00077,AST-0176,CVE-2026-4105,CRITICAL,Unpatched component,UNDER_REVIEW
VUL-00078,AST-0245,CVE-2026-4105,MEDIUM,Unpatched component,MITIGATED
VUL-00079,AST-0319,CVE-2026-4105,CRITICAL,Unpatched component,UNDER_REVIEW
VUL-00080,AST-0298,CVE-2025-2003,HIGH,Weak configuration,MITIGATED
VUL-00081,AST-0415,CVE-2024-0001,LOW,Weak configuration,OPEN
VUL-00082,AST-0276,CVE-2025-2003,MEDIUM,Unpatched component,MITIGATED
VUL-00083,AST-0456,CVE-2024-0001,LOW,Weak configuration,OPEN
VUL-00084,AST-0012,CVE-2026-4105,MEDIUM,Unpatched component,OPEN
VUL-00085,AST-0367,CVE-2025-2003,LOW,Excessive privileges,OPEN
VUL-00086,AST-0368,CVE-2025-2003,HIGH,Unpatched component,OPEN
VUL-00087,AST-0159,CVE-2024-0001,HIGH,Excessive privileges,OPEN
VUL-00088,AST-0248,CVE-2024-0001,CRITICAL,Unpatched component,OPEN
VUL-00089,AST-0042,CVE-2025-2003,MEDIUM,Outdated service,UNDER_REVIEW
VUL-00090,AST-0179,CVE-2025-2003,LOW,Weak configuration,UNDER_REVIEW
VUL-00091,AST-0150,CVE-2026-4105,LOW,Outdated service,UNDER_REVIEW
VUL-00092,AST-0206,CVE-2026-4105,LOW,Excessive privileges,UNDER_REVIEW
VUL-00093,AST-0422,CVE-2026-4105,LOW,Weak configuration,OPEN
VUL-00094,AST-0143,CVE-2026-4105,CRITICAL,Unpatched component,MITIGATED
VUL-00095,AST-0235,CVE-2025-2003,HIGH,Weak configuration,OPEN
VUL-00096,AST-0192,CVE-2026-4105,MEDIUM,Unpatched component,MITIGATED
VUL-00097,AST-0061,CVE-2026-4105,HIGH,Unpatched component,OPEN
VUL-00098,AST-0121,CVE-2025-2003,CRITICAL,Outdated service,OPEN
VUL-00099,AST-0397,CVE-2025-2003,HIGH,Excessive privileges,MITIGATED
VUL-00100,AST-0102,CVE-2024-0001,HIGH,Weak configuration,MITIGATED
VUL-00101,AST-0328,CVE-2025-2003,MEDIUM,Excessive privileges,MITIGATED
VUL-00102,AST-0402,CVE-2026-4105,MEDIUM,Weak configuration,MITIGATED
VUL-00103,AST-0167,CVE-2025-2003,CRITICAL,Unpatched component,OPEN
VUL-00104,AST-0244,CVE-2025-2003,CRITICAL,Outdated service,UNDER_REVIEW
VUL-00105,AST-0015,CVE-2026-4105,LOW,Outdated service,UNDER_REVIEW
VUL-00106,AST-0206,CVE-2025-2003,HIGH,Outdated service,UNDER_REVIEW
VUL-00107,AST-0106,CVE-2024-0001,HIGH,Weak configuration,UNDER_REVIEW
VUL-00108,AST-0375,CVE-2024-0001,CRITICAL,Weak configuration,OPEN
VUL-00109,AST-0372,CVE-2024-0001,HIGH,Outdated service,UNDER_REVIEW
VUL-00110,AST-0487,CVE-2026-4105,MEDIUM,Outdated service,OPEN
VUL-00111,AST-0107,CVE-2024-0001,MEDIUM,Weak configuration,MITIGATED
VUL-00112,AST-0041,CVE-2025-2003,CRITICAL,Weak configuration,MITIGATED
VUL-00113,AST-0086,CVE-2024-0001,CRITICAL,Unpatched component,OPEN
VUL-00114,AST-0318,CVE-2025-2003,MEDIUM,Weak configuration,MITIGATED
VUL-00115,AST-0381,CVE-2026-4105,LOW,Outdated service,UNDER_REVIEW
VUL-00116,AST-0470,CVE-2024-0001,LOW,Outdated service,OPEN
VUL-00117,AST-0122,CVE-2024-0001,MEDIUM,Weak configuration,MITIGATED
VUL-00118,AST-0006,CVE-2024-0001,HIGH,Outdated service,OPEN
VUL-00119,AST-0473,CVE-2025-2003,MEDIUM,Excessive privileges,MITIGATED
VUL-00120,AST-0381,CVE-2024-0001,LOW,Excessive privileges,MITIGATED
VUL-00121,AST-0423,CVE-2025-2003,CRITICAL,Excessive privileges,MITIGATED
VUL-00122,AST-0191,CVE-2025-2003,LOW,Excessive privileges,OPEN
VUL-00123,AST-0249,CVE-2025-2003,HIGH,Excessive privileges,OPEN
VUL-00124,AST-0276,CVE-2026-4105,CRITICAL,Excessive privileges,OPEN
VUL-00125,AST-0463,CVE-2026-4105,MEDIUM,Outdated service,UNDER_REVIEW
VUL-00126,AST-0397,CVE-2024-0001,LOW,Weak configuration,MITIGATED
VUL-00127,AST-0078,CVE-2024-0001,CRITICAL,Weak configuration,MITIGATED
VUL-00128,AST-0007,CVE-2025-2003,MEDIUM,Excessive privileges,MITIGATED
VUL-00129,AST-0128,CVE-2026-4105,LOW,Excessive privileges,OPEN
VUL-00130,AST-0420,CVE-2025-2003,HIGH,Unpatched component,UNDER_REVIEW
VUL-00131,AST-0432,CVE-2025-2003,CRITICAL,Excessive privileges,UNDER_REVIEW
VUL-00132,AST-0160,CVE-2025-2003,CRITICAL,Unpatched component,UNDER_REVIEW
VUL-00133,AST-0027,CVE-2024-0001,CRITICAL,Weak configuration,UNDER_REVIEW
VUL-00134,AST-0323,CVE-2026-4105,MEDIUM,Unpatched component,UNDER_REVIEW
VUL-00135,AST-0244,CVE-2024-0001,LOW,Outdated service,OPEN
VUL-00136,AST-0050,CVE-2024-0001,MEDIUM,Outdated service,OPEN
VUL-00137,AST-0250,CVE-2024-0001,MEDIUM,Outdated service,OPEN
VUL-00138,AST-0084,CVE-2026-4105,LOW,Weak configuration,UNDER_REVIEW
VUL-00139,AST-0453,CVE-2026-4105,LOW,Unpatched component,MITIGATED
VUL-00140,AST-0287,CVE-2024-0001,MEDIUM,Weak configuration,OPEN
VUL-00141,AST-0487,CVE-2024-0001,HIGH,Weak configuration,MITIGATED
VUL-00142,AST-0058,CVE-2025-2003,HIGH,Outdated service,UNDER_REVIEW
VUL-00143,AST-0319,CVE-2026-4105,MEDIUM,Weak configuration,MITIGATED
VUL-00144,AST-0357,CVE-2024-0001,HIGH,Excessive privileges,UNDER_REVIEW
VUL-00145,AST-0256,CVE-2025-2003,HIGH,Weak configuration,OPEN
VUL-00146,AST-0498,CVE-2026-4105,HIGH,Outdated service,UNDER_REVIEW
VUL-00147,AST-0354,CVE-2025-2003,HIGH,Unpatched component,UNDER_REVIEW
VUL-00148,AST-0004,CVE-2025-2003,HIGH,Weak configuration,OPEN
VUL-00149,AST-0385,CVE-2025-2003,LOW,Weak configuration,OPEN
VUL-00150,AST-0003,CVE-2025-2003,CRITICAL,Unpatched component,UNDER_REVIEW
VUL-00151,AST-0229,CVE-2024-0001,MEDIUM,Excessive privileges,OPEN
VUL-00152,AST-0213,CVE-2025-2003,CRITICAL,Outdated service,OPEN
VUL-00153,AST-0411,CVE-2024-0001,LOW,Outdated service,MITIGATED
VUL-00154,AST-0339,CVE-2025-2003,CRITICAL,Outdated service,UNDER_REVIEW
VUL-00155,AST-0413,CVE-2026-4105,CRITICAL,Excessive privileges,OPEN
VUL-00156,AST-0009,CVE-2024-0001,LOW,Excessive privileges,MITIGATED
VUL-00157,AST-0120,CVE-2026-4105,MEDIUM,Unpatched component,OPEN
VUL-00158,AST-0155,CVE-2025-2003,LOW,Unpatched component,MITIGATED
VUL-00159,AST-0118,CVE-2026-4105,LOW,Excessive privileges,MITIGATED
VUL-00160,AST-0195,CVE-2024-0001,HIGH,Weak configuration,OPEN
VUL-00161,AST-0091,CVE-2026-4105,LOW,Outdated service,MITIGATED
VUL-00162,AST-0464,CVE-2026-4105,HIGH,Weak configuration,MITIGATED
VUL-00163,AST-0226,CVE-2025-2003,CRITICAL,Excessive privileges,OPEN
VUL-00164,AST-0412,CVE-2025-2003,MEDIUM,Outdated service,UNDER_REVIEW
VUL-00165,AST-0376,CVE-2025-2003,CRITICAL,Unpatched component,MITIGATED
VUL-00166,AST-0299,CVE-2024-0001,MEDIUM,Unpatched component,MITIGATED
VUL-00167,AST-0452,CVE-2025-2003,CRITICAL,Excessive privileges,OPEN
VUL-00168,AST-0356,CVE-2026-4105,CRITICAL,Weak configuration,UNDER_REVIEW
VUL-00169,AST-0051,CVE-2026-4105,CRITICAL,Excessive privileges,MITIGATED
VUL-00170,AST-0491,CVE-2024-0001,LOW,Excessive privileges,MITIGATED
VUL-00171,AST-0281,CVE-2025-2003,MEDIUM,Weak configuration,OPEN
VUL-00172,AST-0113,CVE-2025-2003,LOW,Excessive privileges,MITIGATED
VUL-00173,AST-0163,CVE-2024-0001,MEDIUM,Weak configuration,OPEN
VUL-00174,AST-0067,CVE-2026-4105,CRITICAL,Excessive privileges,OPEN
VUL-00175,AST-0496,CVE-2026-4105,CRITICAL,Outdated service,MITIGATED
VUL-00176,AST-0032,CVE-2026-4105,CRITICAL,Excessive privileges,UNDER_REVIEW
VUL-00177,AST-0108,CVE-2026-4105,MEDIUM,Outdated service,MITIGATED
VUL-00178,AST-0245,CVE-2025-2003,MEDIUM,Excessive privileges,OPEN
VUL-00179,AST-0457,CVE-2025-2003,LOW,Outdated service,OPEN
VUL-00180,AST-0282,CVE-2025-2003,LOW,Weak configuration,OPEN
VUL-00181,AST-0106,CVE-2025-2003,LOW,Outdated service,OPEN
VUL-00182,AST-0395,CVE-2024-0001,LOW,Weak configuration,MITIGATED
VUL-00183,AST-0483,CVE-2024-0001,HIGH,Outdated service,OPEN
VUL-00184,AST-0308,CVE-2024-0001,HIGH,Outdated service,MITIGATED
VUL-00185,AST-0174,CVE-2025-2003,MEDIUM,Weak configuration,OPEN
VUL-00186,AST-0435,CVE-2026-4105,CRITICAL,Excessive privileges,OPEN
VUL-00187,AST-0446,CVE-2026-4105,HIGH,Outdated service,MITIGATED
VUL-00188,AST-0305,CVE-2024-0001,MEDIUM,Outdated service,MITIGATED
VUL-00189,AST-0349,CVE-2024-0001,HIGH,Excessive privileges,OPEN
VUL-00190,AST-0157,CVE-2024-0001,HIGH,Excessive privileges,OPEN
VUL-00191,AST-0118,CVE-2026-4105,MEDIUM,Outdated service,MITIGATED
VUL-00192,AST-0063,CVE-2025-2003,HIGH,Unpatched component,UNDER_REVIEW
VUL-00193,AST-0399,CVE-2026-4105,HIGH,Unpatched component,OPEN
VUL-00194,AST-0235,CVE-2024-0001,CRITICAL,Outdated service,MITIGATED
VUL-00195,AST-0269,CVE-2024-0001,CRITICAL,Excessive privileges,MITIGATED
VUL-00196,AST-0336,CVE-2025-2003,MEDIUM,Weak configuration,UNDER_REVIEW
VUL-00197,AST-0101,CVE-2024-0001,LOW,Excessive privileges,UNDER_REVIEW
VUL-00198,AST-0003,CVE-2024-0001,CRITICAL,Weak configuration,UNDER_REVIEW
VUL-00199,AST-0398,CVE-2026-4105,HIGH,Excessive privileges,UNDER_REVIEW
VUL-00200,AST-0409,CVE-2026-4105,MEDIUM,Unpatched component,UNDER_REVIEW
VUL-00201,AST-0491,CVE-2025-2003,CRITICAL,Weak configuration,UNDER_REVIEW
VUL-00202,AST-0278,CVE-2026-4105,HIGH,Unpatched component,OPEN
VUL-00203,AST-0159,CVE-2026-4105,CRITICAL,Weak configuration,OPEN
VUL-00204,AST-0388,CVE-2026-4105,MEDIUM,Unpatched component,UNDER_REVIEW
VUL-00205,AST-0190,CVE-2024-0001,HIGH,Outdated service,UNDER_REVIEW
VUL-00206,AST-0431,CVE-2025-2003,LOW,Outdated service,MITIGATED
VUL-00207,AST-0336,CVE-2025-2003,MEDIUM,Unpatched component,UNDER_REVIEW
VUL-00208,AST-0325,CVE-2024-0001,MEDIUM,Unpatched component,OPEN
VUL-00209,AST-0113,CVE-2024-0001,MEDIUM,Unpatched component,MITIGATED
VUL-00210,AST-0327,CVE-2025-2003,CRITICAL,Weak configuration,OPEN
VUL-00211,AST-0311,CVE-2024-0001,CRITICAL,Weak configuration,MITIGATED
VUL-00212,AST-0051,CVE-2025-2003,CRITICAL,Outdated service,UNDER_REVIEW
VUL-00213,AST-0197,CVE-2025-2003,HIGH,Outdated service,UNDER_REVIEW
VUL-00214,AST-0307,CVE-2026-4105,LOW,Unpatched component,UNDER_REVIEW
VUL-00215,AST-0388,CVE-2025-2003,LOW,Outdated service,OPEN
VUL-00216,AST-0187,CVE-2024-0001,CRITICAL,Outdated service,OPEN
VUL-00217,AST-0120,CVE-2025-2003,MEDIUM,Outdated service,UNDER_REVIEW
VUL-00218,AST-0014,CVE-2026-4105,LOW,Weak configuration,UNDER_REVIEW
VUL-00219,AST-0020,CVE-2026-4105,HIGH,Outdated service,OPEN
VUL-00220,AST-0500,CVE-2025-2003,MEDIUM,Unpatched component,MITIGATED
VUL-00221,AST-0275,CVE-2026-4105,LOW,Outdated service,UNDER_REVIEW
VUL-00222,AST-0003,CVE-2025-2003,MEDIUM,Weak configuration,UNDER_REVIEW
VUL-00223,AST-0395,CVE-2024-0001,MEDIUM,Excessive privileges,UNDER_REVIEW
VUL-00224,AST-0243,CVE-2024-0001,LOW,Unpatched component,OPEN
VUL-00225,AST-0240,CVE-2025-2003,MEDIUM,Outdated service,UNDER_REVIEW
VUL-00226,AST-0264,CVE-2025-2003,LOW,Outdated service,UNDER_REVIEW
VUL-00227,AST-0224,CVE-2024-0001,MEDIUM,Weak configuration,OPEN
VUL-00228,AST-0020,CVE-2024-0001,MEDIUM,Weak configuration,MITIGATED
VUL-00229,AST-0384,CVE-2024-0001,CRITICAL,Unpatched component,OPEN
VUL-00230,AST-0091,CVE-2026-4105,CRITICAL,Excessive privileges,MITIGATED
VUL-00231,AST-0191,CVE-2024-0001,LOW,Excessive privileges,UNDER_REVIEW
VUL-00232,AST-0247,CVE-2025-2003,LOW,Outdated service,MITIGATED
VUL-00233,AST-0362,CVE-2025-2003,CRITICAL,Weak configuration,UNDER_REVIEW
VUL-00234,AST-0270,CVE-2025-2003,HIGH,Excessive privileges,UNDER_REVIEW
VUL-00235,AST-0085,CVE-2026-4105,MEDIUM,Weak configuration,UNDER_REVIEW
VUL-00236,AST-0131,CVE-2026-4105,CRITICAL,Excessive privileges,UNDER_REVIEW
VUL-00237,AST-0292,CVE-2026-4105,CRITICAL,Unpatched component,OPEN
VUL-00238,AST-0154,CVE-2024-0001,CRITICAL,Weak configuration,UNDER_REVIEW
VUL-00239,AST-0155,CVE-2026-4105,MEDIUM,Unpatched component,MITIGATED
VUL-00240,AST-0235,CVE-2026-4105,HIGH,Weak configuration,UNDER_REVIEW
VUL-00241,AST-0245,CVE-2025-2003,LOW,Outdated service,OPEN
VUL-00242,AST-0323,CVE-2025-2003,LOW,Weak configuration,MITIGATED
VUL-00243,AST-0249,CVE-2026-4105,LOW,Outdated service,MITIGATED
VUL-00244,AST-0420,CVE-2024-0001,CRITICAL,Weak configuration,MITIGATED
VUL-00245,AST-0165,CVE-2024-0001,HIGH,Outdated service,UNDER_REVIEW
VUL-00246,AST-0128,CVE-2025-2003,CRITICAL,Unpatched component,MITIGATED
VUL-00247,AST-0053,CVE-2024-0001,CRITICAL,Weak configuration,OPEN
VUL-00248,AST-0462,CVE-2024-0001,MEDIUM,Unpatched component,MITIGATED
VUL-00249,AST-0095,CVE-2026-4105,HIGH,Unpatched component,MITIGATED
VUL-00250,AST-0250,CVE-2025-2003,CRITICAL,Excessive privileges,MITIGATED
VUL-00251,AST-0181,CVE-2024-0001,MEDIUM,Outdated service,MITIGATED
VUL-00252,AST-0148,CVE-2026-4105,MEDIUM,Weak configuration,OPEN
VUL-00253,AST-0294,CVE-2026-4105,CRITICAL,Weak configuration,MITIGATED
VUL-00254,AST-0138,CVE-2024-0001,CRITICAL,Excessive privileges,MITIGATED
VUL-00255,AST-0412,CVE-2025-2003,HIGH,Outdated service,MITIGATED
VUL-00256,AST-0421,CVE-2026-4105,HIGH,Excessive privileges,MITIGATED
VUL-00257,AST-0250,CVE-2024-0001,HIGH,Excessive privileges,UNDER_REVIEW
VUL-00258,AST-0264,CVE-2025-2003,HIGH,Outdated service,MITIGATED
VUL-00259,AST-0384,CVE-2024-0001,MEDIUM,Excessive privileges,OPEN
VUL-00260,AST-0262,CVE-2024-0001,HIGH,Excessive privileges,MITIGATED
VUL-00261,AST-0079,CVE-2026-4105,HIGH,Outdated service,MITIGATED
VUL-00262,AST-0375,CVE-2025-2003,CRITICAL,Excessive privileges,UNDER_REVIEW
VUL-00263,AST-0229,CVE-2026-4105,HIGH,Outdated service,MITIGATED
VUL-00264,AST-0331,CVE-2025-2003,HIGH,Weak configuration,MITIGATED
VUL-00265,AST-0434,CVE-2024-0001,MEDIUM,Excessive privileges,UNDER_REVIEW
VUL-00266,AST-0459,CVE-2025-2003,CRITICAL,Weak configuration,OPEN
VUL-00267,AST-0359,CVE-2024-0001,LOW,Outdated service,MITIGATED
VUL-00268,AST-0412,CVE-2024-0001,HIGH,Weak configuration,MITIGATED
VUL-00269,AST-0391,CVE-2026-4105,LOW,Unpatched component,OPEN
VUL-00270,AST-0437,CVE-2024-0001,LOW,Outdated service,MITIGATED
VUL-00271,AST-0309,CVE-2026-4105,MEDIUM,Weak configuration,UNDER_REVIEW
VUL-00272,AST-0277,CVE-2026-4105,CRITICAL,Outdated service,OPEN
VUL-00273,AST-0122,CVE-2025-2003,MEDIUM,Excessive privileges,UNDER_REVIEW
VUL-00274,AST-0134,CVE-2024-0001,MEDIUM,Unpatched component,OPEN
VUL-00275,AST-0049,CVE-2025-2003,LOW,Unpatched component,OPEN
VUL-00276,AST-0066,CVE-2024-0001,HIGH,Outdated service,OPEN
VUL-00277,AST-0413,CVE-2025-2003,CRITICAL,Unpatched component,MITIGATED
VUL-00278,AST-0439,CVE-2025-2003,CRITICAL,Excessive privileges,OPEN
VUL-00279,AST-0309,CVE-2024-0001,MEDIUM,Excessive privileges,MITIGATED
VUL-00280,AST-0425,CVE-2025-2003,CRITICAL,Weak configuration,MITIGATED
VUL-00281,AST-0466,CVE-2024-0001,CRITICAL,Unpatched component,UNDER_REVIEW
VUL-00282,AST-0393,CVE-2025-2003,CRITICAL,Weak configuration,UNDER_REVIEW
VUL-00283,AST-0205,CVE-2024-0001,CRITICAL,Unpatched component,MITIGATED
VUL-00284,AST-0257,CVE-2026-4105,CRITICAL,Unpatched component,UNDER_REVIEW
VUL-00285,AST-0377,CVE-2026-4105,LOW,Unpatched component,UNDER_REVIEW
VUL-00286,AST-0318,CVE-2025-2003,MEDIUM,Excessive privileges,OPEN
VUL-00287,AST-0491,CVE-2024-0001,CRITICAL,Weak configuration,OPEN
VUL-00288,AST-0128,CVE-2026-4105,HIGH,Unpatched component,OPEN
VUL-00289,AST-0161,CVE-2024-0001,HIGH,Excessive privileges,OPEN
VUL-00290,AST-0319,CVE-2026-4105,CRITICAL,Outdated service,MITIGATED
VUL-00291,AST-0137,CVE-2024-0001,CRITICAL,Excessive privileges,UNDER_REVIEW
VUL-00292,AST-0341,CVE-2026-4105,MEDIUM,Unpatched component,UNDER_REVIEW
VUL-00293,AST-0252,CVE-2026-4105,LOW,Unpatched component,UNDER_REVIEW
VUL-00294,AST-0160,CVE-2025-2003,MEDIUM,Weak configuration,OPEN
VUL-00295,AST-0431,CVE-2024-0001,MEDIUM,Unpatched component,UNDER_REVIEW
VUL-00296,AST-0155,CVE-2026-4105,CRITICAL,Weak configuration,UNDER_REVIEW
VUL-00297,AST-0162,CVE-2024-0001,HIGH,Unpatched component,UNDER_REVIEW
VUL-00298,AST-0159,CVE-2025-2003,HIGH,Weak configuration,OPEN
VUL-00299,AST-0198,CVE-2026-4105,CRITICAL,Outdated service,UNDER_REVIEW
VUL-00300,AST-0404,CVE-2026-4105,HIGH,Unpatched component,UNDER_REVIEW
VUL-00301,AST-0120,CVE-2025-2003,LOW,Weak configuration,UNDER_REVIEW
VUL-00302,AST-0213,CVE-2024-0001,HIGH,Unpatched component,MITIGATED
VUL-00303,AST-0429,CVE-2026-4105,MEDIUM,Unpatched component,UNDER_REVIEW
VUL-00304,AST-0494,CVE-2026-4105,LOW,Outdated service,UNDER_REVIEW
VUL-00305,AST-0017,CVE-2025-2003,MEDIUM,Outdated service,UNDER_REVIEW
VUL-00306,AST-0131,CVE-2024-0001,HIGH,Outdated service,MITIGATED
VUL-00307,AST-0007,CVE-2024-0001,HIGH,Weak configuration,MITIGATED
VUL-00308,AST-0009,CVE-2025-2003,MEDIUM,Excessive privileges,OPEN
VUL-00309,AST-0106,CVE-2024-0001,LOW,Outdated service,UNDER_REVIEW
VUL-00310,AST-0055,CVE-2025-2003,CRITICAL,Weak configuration,MITIGATED
VUL-00311,AST-0478,CVE-2024-0001,HIGH,Unpatched component,OPEN
VUL-00312,AST-0407,CVE-2025-2003,HIGH,Weak configuration,UNDER_REVIEW
VUL-00313,AST-0018,CVE-2025-2003,LOW,Weak configuration,UNDER_REVIEW
VUL-00314,AST-0171,CVE-2025-2003,MEDIUM,Weak configuration,MITIGATED
VUL-00315,AST-0189,CVE-2026-4105,LOW,Outdated service,OPEN
VUL-00316,AST-0422,CVE-2024-0001,MEDIUM,Weak configuration,MITIGATED
VUL-00317,AST-0260,CVE-2026-4105,HIGH,Excessive privileges,MITIGATED
VUL-00318,AST-0474,CVE-2026-4105,CRITICAL,Excessive privileges,UNDER_REVIEW
VUL-00319,AST-0353,CVE-2026-4105,LOW,Weak configuration,OPEN
VUL-00320,AST-0147,CVE-2024-0001,MEDIUM,Weak configuration,MITIGATED
VUL-00321,AST-0051,CVE-2024-0001,MEDIUM,Excessive privileges,UNDER_REVIEW
VUL-00322,AST-0355,CVE-2026-4105,LOW,Outdated service,OPEN
VUL-00323,AST-0251,CVE-2026-4105,MEDIUM,Unpatched component,OPEN
VUL-00324,AST-0107,CVE-2026-4105,CRITICAL,Excessive privileges,UNDER_REVIEW
VUL-00325,AST-0017,CVE-2024-0001,CRITICAL,Excessive privileges,MITIGATED
VUL-00326,AST-0136,CVE-2025-2003,CRITICAL,Excessive privileges,MITIGATED
VUL-00327,AST-0259,CVE-2026-4105,MEDIUM,Weak configuration,UNDER_REVIEW
VUL-00328,AST-0461,CVE-2024-0001,LOW,Unpatched component,UNDER_REVIEW
VUL-00329,AST-0119,CVE-2025-2003,LOW,Unpatched component,MITIGATED
VUL-00330,AST-0069,CVE-2024-0001,MEDIUM,Outdated service,UNDER_REVIEW
VUL-00331,AST-0097,CVE-2024-0001,HIGH,Weak configuration,OPEN
VUL-00332,AST-0357,CVE-2024-0001,HIGH,Excessive privileges,UNDER_REVIEW
VUL-00333,AST-0043,CVE-2024-0001,MEDIUM,Unpatched component,UNDER_REVIEW
VUL-00334,AST-0090,CVE-2025-2003,MEDIUM,Outdated service,OPEN
VUL-00335,AST-0292,CVE-2026-4105,CRITICAL,Outdated service,MITIGATED
VUL-00336,AST-0474,CVE-2025-2003,HIGH,Weak configuration,UNDER_REVIEW
VUL-00337,AST-0275,CVE-2024-0001,HIGH,Unpatched component,OPEN
VUL-00338,AST-0474,CVE-2024-0001,CRITICAL,Outdated service,MITIGATED
VUL-00339,AST-0351,CVE-2025-2003,HIGH,Weak configuration,OPEN
VUL-00340,AST-0137,CVE-2025-2003,LOW,Unpatched component,UNDER_REVIEW
VUL-00341,AST-0331,CVE-2025-2003,HIGH,Unpatched component,OPEN
VUL-00342,AST-0400,CVE-2024-0001,CRITICAL,Outdated service,OPEN
VUL-00343,AST-0339,CVE-2025-2003,HIGH,Unpatched component,OPEN
VUL-00344,AST-0396,CVE-2026-4105,LOW,Excessive privileges,OPEN
VUL-00345,AST-0306,CVE-2026-4105,CRITICAL,Unpatched component,UNDER_REVIEW
VUL-00346,AST-0257,CVE-2024-0001,MEDIUM,Weak configuration,UNDER_REVIEW
VUL-00347,AST-0261,CVE-2025-2003,MEDIUM,Outdated service,UNDER_REVIEW
VUL-00348,AST-0006,CVE-2026-4105,HIGH,Outdated service,OPEN
VUL-00349,AST-0167,CVE-2026-4105,MEDIUM,Weak configuration,MITIGATED
VUL-00350,AST-0026,CVE-2025-2003,CRITICAL,Excessive privileges,OPEN
VUL-00351,AST-0259,CVE-2026-4105,MEDIUM,Excessive privileges,UNDER_REVIEW
VUL-00352,AST-0014,CVE-2025-2003,HIGH,Outdated service,UNDER_REVIEW
VUL-00353,AST-0455,CVE-2024-0001,HIGH,Unpatched component,OPEN
VUL-00354,AST-0344,CVE-2025-2003,CRITICAL,Unpatched component,OPEN
VUL-00355,AST-0433,CVE-2026-4105,CRITICAL,Excessive privileges,MITIGATED
VUL-00356,AST-0412,CVE-2024-0001,CRITICAL,Unpatched component,MITIGATED
VUL-00357,AST-0447,CVE-2025-2003,MEDIUM,Outdated service,UNDER_REVIEW
VUL-00358,AST-0202,CVE-2025-2003,LOW,Excessive privileges,MITIGATED
VUL-00359,AST-0382,CVE-2026-4105,HIGH,Excessive privileges,MITIGATED
VUL-00360,AST-0202,CVE-2026-4105,HIGH,Weak configuration,OPEN
VUL-00361,AST-0204,CVE-2025-2003,CRITICAL,Outdated service,OPEN
VUL-00362,AST-0424,CVE-2025-2003,CRITICAL,Weak configuration,OPEN
VUL-00363,AST-0216,CVE-2025-2003,CRITICAL,Unpatched component,MITIGATED
VUL-00364,AST-0343,CVE-2024-0001,CRITICAL,Excessive privileges,UNDER_REVIEW
VUL-00365,AST-0466,CVE-2024-0001,CRITICAL,Unpatched component,MITIGATED
VUL-00366,AST-0132,CVE-2026-4105,MEDIUM,Unpatched component,OPEN
VUL-00367,AST-0363,CVE-2024-0001,HIGH,Outdated service,UNDER_REVIEW
VUL-00368,AST-0296,CVE-2024-0001,CRITICAL,Unpatched component,MITIGATED
VUL-00369,AST-0133,CVE-2025-2003,LOW,Excessive privileges,UNDER_REVIEW
VUL-00370,AST-0413,CVE-2025-2003,LOW,Outdated service,MITIGATED
VUL-00371,AST-0278,CVE-2025-2003,LOW,Excessive privileges,OPEN
VUL-00372,AST-0198,CVE-2024-0001,LOW,Excessive privileges,OPEN
VUL-00373,AST-0396,CVE-2024-0001,MEDIUM,Outdated service,UNDER_REVIEW
VUL-00374,AST-0246,CVE-2025-2003,LOW,Excessive privileges,OPEN
VUL-00375,AST-0310,CVE-2024-0001,CRITICAL,Excessive privileges,MITIGATED
VUL-00376,AST-0255,CVE-2026-4105,LOW,Outdated service,MITIGATED
VUL-00377,AST-0083,CVE-2025-2003,MEDIUM,Unpatched component,MITIGATED
VUL-00378,AST-0109,CVE-2026-4105,HIGH,Outdated service,MITIGATED
VUL-00379,AST-0268,CVE-2025-2003,MEDIUM,Excessive privileges,MITIGATED
VUL-00380,AST-0184,CVE-2026-4105,CRITICAL,Outdated service,UNDER_REVIEW
VUL-00381,AST-0430,CVE-2025-2003,LOW,Weak configuration,MITIGATED
VUL-00382,AST-0489,CVE-2024-0001,HIGH,Weak configuration,OPEN
VUL-00383,AST-0221,CVE-2025-2003,CRITICAL,Outdated service,MITIGATED
VUL-00384,AST-0080,CVE-2026-4105,CRITICAL,Outdated service,OPEN
VUL-00385,AST-0332,CVE-2024-0001,CRITICAL,Excessive privileges,OPEN
VUL-00386,AST-0206,CVE-2025-2003,HIGH,Excessive privileges,MITIGATED
VUL-00387,AST-0087,CVE-2025-2003,LOW,Excessive privileges,MITIGATED
VUL-00388,AST-0113,CVE-2026-4105,LOW,Excessive privileges,MITIGATED
VUL-00389,AST-0033,CVE-2025-2003,MEDIUM,Weak configuration,MITIGATED
VUL-00390,AST-0166,CVE-2026-4105,HIGH,Unpatched component,OPEN
VUL-00391,AST-0131,CVE-2026-4105,MEDIUM,Outdated service,UNDER_REVIEW
VUL-00392,AST-0442,CVE-2024-0001,LOW,Weak configuration,MITIGATED
VUL-00393,AST-0351,CVE-2024-0001,HIGH,Unpatched component,OPEN
VUL-00394,AST-0420,CVE-2024-0001,CRITICAL,Unpatched component,UNDER_REVIEW
VUL-00395,AST-0145,CVE-2024-0001,LOW,Weak configuration,UNDER_REVIEW
VUL-00396,AST-0375,CVE-2024-0001,LOW,Excessive privileges,UNDER_REVIEW
VUL-00397,AST-0019,CVE-2026-4105,CRITICAL,Excessive privileges,MITIGATED
VUL-00398,AST-0118,CVE-2024-0001,HIGH,Unpatched component,OPEN
VUL-00399,AST-0325,CVE-2026-4105,HIGH,Unpatched component,MITIGATED
VUL-00400,AST-0496,CVE-2026-4105,HIGH,Outdated service,UNDER_REVIEW
VUL-00401,AST-0031,CVE-2024-0001,LOW,Excessive privileges,MITIGATED
VUL-00402,AST-0123,CVE-2026-4105,CRITICAL,Weak configuration,MITIGATED
VUL-00403,AST-0159,CVE-2026-4105,LOW,Unpatched component,OPEN
VUL-00404,AST-0082,CVE-2026-4105,LOW,Excessive privileges,MITIGATED
VUL-00405,AST-0499,CVE-2025-2003,HIGH,Excessive privileges,OPEN
VUL-00406,AST-0441,CVE-2024-0001,LOW,Outdated service,OPEN
VUL-00407,AST-0456,CVE-2026-4105,LOW,Unpatched component,OPEN
VUL-00408,AST-0096,CVE-2025-2003,LOW,Outdated service,MITIGATED
VUL-00409,AST-0164,CVE-2025-2003,MEDIUM,Weak configuration,MITIGATED
VUL-00410,AST-0488,CVE-2025-2003,MEDIUM,Unpatched component,UNDER_REVIEW
VUL-00411,AST-0342,CVE-2025-2003,MEDIUM,Unpatched component,OPEN
VUL-00412,AST-0492,CVE-2024-0001,CRITICAL,Weak configuration,OPEN
VUL-00413,AST-0435,CVE-2026-4105,CRITICAL,Excessive privileges,MITIGATED
VUL-00414,AST-0084,CVE-2026-4105,CRITICAL,Weak configuration,MITIGATED
VUL-00415,AST-0147,CVE-2026-4105,LOW,Excessive privileges,OPEN
VUL-00416,AST-0082,CVE-2026-4105,MEDIUM,Outdated service,MITIGATED
VUL-00417,AST-0322,CVE-2025-2003,CRITICAL,Excessive privileges,MITIGATED
VUL-00418,AST-0392,CVE-2025-2003,LOW,Unpatched component,MITIGATED
VUL-00419,AST-0076,CVE-2024-0001,MEDIUM,Excessive privileges,MITIGATED
VUL-00420,AST-0208,CVE-2026-4105,MEDIUM,Excessive privileges,UNDER_REVIEW
VUL-00421,AST-0427,CVE-2024-0001,CRITICAL,Weak configuration,UNDER_REVIEW
VUL-00422,AST-0153,CVE-2026-4105,LOW,Unpatched component,UNDER_REVIEW
VUL-00423,AST-0410,CVE-2025-2003,LOW,Outdated service,OPEN
VUL-00424,AST-0063,CVE-2024-0001,HIGH,Weak configuration,UNDER_REVIEW
VUL-00425,AST-0332,CVE-2026-4105,HIGH,Excessive privileges,UNDER_REVIEW
VUL-00426,AST-0471,CVE-2026-4105,CRITICAL,Weak configuration,MITIGATED
VUL-00427,AST-0377,CVE-2025-2003,MEDIUM,Excessive privileges,OPEN
VUL-00428,AST-0120,CVE-2025-2003,LOW,Excessive privileges,OPEN
VUL-00429,AST-0288,CVE-2025-2003,HIGH,Weak configuration,OPEN
VUL-00430,AST-0310,CVE-2025-2003,HIGH,Weak configuration,MITIGATED
VUL-00431,AST-0389,CVE-2024-0001,CRITICAL,Outdated service,UNDER_REVIEW
VUL-00432,AST-0187,CVE-2024-0001,CRITICAL,Unpatched component,MITIGATED
VUL-00433,AST-0148,CVE-2026-4105,HIGH,Weak configuration,OPEN
VUL-00434,AST-0472,CVE-2026-4105,HIGH,Outdated service,UNDER_REVIEW
VUL-00435,AST-0007,CVE-2026-4105,HIGH,Excessive privileges,MITIGATED
VUL-00436,AST-0429,CVE-2025-2003,HIGH,Unpatched component,OPEN
VUL-00437,AST-0116,CVE-2025-2003,MEDIUM,Weak configuration,UNDER_REVIEW
VUL-00438,AST-0264,CVE-2026-4105,CRITICAL,Excessive privileges,UNDER_REVIEW
VUL-00439,AST-0478,CVE-2024-0001,HIGH,Unpatched component,MITIGATED
VUL-00440,AST-0483,CVE-2026-4105,CRITICAL,Outdated service,UNDER_REVIEW
VUL-00441,AST-0184,CVE-2025-2003,MEDIUM,Excessive privileges,UNDER_REVIEW
VUL-00442,AST-0363,CVE-2025-2003,MEDIUM,Excessive privileges,MITIGATED
VUL-00443,AST-0255,CVE-2024-0001,CRITICAL,Weak configuration,MITIGATED
VUL-00444,AST-0096,CVE-2026-4105,MEDIUM,Weak configuration,OPEN
VUL-00445,AST-0210,CVE-2026-4105,HIGH,Weak configuration,MITIGATED
VUL-00446,AST-0365,CVE-2026-4105,CRITICAL,Weak configuration,UNDER_REVIEW
VUL-00447,AST-0283,CVE-2026-4105,LOW,Excessive privileges,MITIGATED
VUL-00448,AST-0130,CVE-2024-0001,HIGH,Outdated service,OPEN
VUL-00449,AST-0287,CVE-2025-2003,HIGH,Excessive privileges,UNDER_REVIEW
VUL-00450,AST-0260,CVE-2025-2003,CRITICAL,Weak configuration,MITIGATED
VUL-00451,AST-0316,CVE-2025-2003,MEDIUM,Unpatched component,MITIGATED
VUL-00452,AST-0455,CVE-2024-0001,MEDIUM,Unpatched component,MITIGATED
VUL-00453,AST-0093,CVE-2025-2003,CRITICAL,Outdated service,OPEN
VUL-00454,AST-0194,CVE-2025-2003,LOW,Outdated service,MITIGATED
VUL-00455,AST-0027,CVE-2025-2003,MEDIUM,Weak configuration,OPEN
VUL-00456,AST-0067,CVE-2026-4105,CRITICAL,Weak configuration,MITIGATED
VUL-00457,AST-0196,CVE-2024-0001,LOW,Outdated service,MITIGATED
VUL-00458,AST-0030,CVE-2026-4105,MEDIUM,Excessive privileges,MITIGATED
VUL-00459,AST-0054,CVE-2026-4105,HIGH,Weak configuration,MITIGATED
VUL-00460,AST-0422,CVE-2024-0001,MEDIUM,Unpatched component,OPEN
VUL-00461,AST-0177,CVE-2025-2003,HIGH,Weak configuration,OPEN
VUL-00462,AST-0004,CVE-2026-4105,MEDIUM,Outdated service,UNDER_REVIEW
VUL-00463,AST-0216,CVE-2025-2003,CRITICAL,Outdated service,UNDER_REVIEW
VUL-00464,AST-0028,CVE-2026-4105,MEDIUM,Excessive privileges,UNDER_REVIEW
VUL-00465,AST-0144,CVE-2025-2003,LOW,Weak configuration,OPEN
VUL-00466,AST-0463,CVE-2025-2003,LOW,Outdated service,UNDER_REVIEW
VUL-00467,AST-0383,CVE-2025-2003,HIGH,Outdated service,OPEN
VUL-00468,AST-0036,CVE-2026-4105,CRITICAL,Unpatched component,MITIGATED
VUL-00469,AST-0408,CVE-2025-2003,MEDIUM,Unpatched component,MITIGATED
VUL-00470,AST-0252,CVE-2025-2003,HIGH,Excessive privileges,OPEN
VUL-00471,AST-0062,CVE-2026-4105,MEDIUM,Weak configuration,OPEN
VUL-00472,AST-0413,CVE-2026-4105,CRITICAL,Excessive privileges,MITIGATED
VUL-00473,AST-0281,CVE-2024-0001,MEDIUM,Weak configuration,UNDER_REVIEW
VUL-00474,AST-0442,CVE-2024-0001,CRITICAL,Excessive privileges,MITIGATED
VUL-00475,AST-0443,CVE-2026-4105,HIGH,Excessive privileges,OPEN
VUL-00476,AST-0325,CVE-2026-4105,MEDIUM,Unpatched component,UNDER_REVIEW
VUL-00477,AST-0323,CVE-2024-0001,HIGH,Weak configuration,OPEN
VUL-00478,AST-0500,CVE-2025-2003,MEDIUM,Weak configuration,OPEN
VUL-00479,AST-0100,CVE-2024-0001,MEDIUM,Excessive privileges,UNDER_REVIEW
VUL-00480,AST-0306,CVE-2024-0001,LOW,Unpatched component,OPEN
VUL-00481,AST-0090,CVE-2024-0001,LOW,Outdated service,MITIGATED
VUL-00482,AST-0444,CVE-2024-0001,HIGH,Unpatched component,OPEN
VUL-00483,AST-0047,CVE-2025-2003,HIGH,Weak configuration,OPEN
VUL-00484,AST-0476,CVE-2026-4105,LOW,Unpatched component,UNDER_REVIEW
VUL-00485,AST-0033,CVE-2026-4105,CRITICAL,Weak configuration,UNDER_REVIEW
VUL-00486,AST-0470,CVE-2024-0001,LOW,Outdated service,OPEN
VUL-00487,AST-0125,CVE-2024-0001,CRITICAL,Excessive privileges,OPEN
VUL-00488,AST-0369,CVE-2024-0001,CRITICAL,Outdated service,MITIGATED
VUL-00489,AST-0394,CVE-2025-2003,HIGH,Outdated service,UNDER_REVIEW
VUL-00490,AST-0395,CVE-2026-4105,HIGH,Outdated service,OPEN
VUL-00491,AST-0067,CVE-2026-4105,LOW,Outdated service,UNDER_REVIEW
VUL-00492,AST-0347,CVE-2026-4105,CRITICAL,Excessive privileges,OPEN
VUL-00493,AST-0095,CVE-2026-4105,MEDIUM,Outdated service,UNDER_REVIEW
VUL-00494,AST-0250,CVE-2025-2003,HIGH,Outdated service,OPEN
VUL-00495,AST-0005,CVE-2026-4105,HIGH,Weak configuration,UNDER_REVIEW
VUL-00496,AST-0007,CVE-2024-0001,MEDIUM,Outdated service,MITIGATED
VUL-00497,AST-0025,CVE-2026-4105,CRITICAL,Weak configuration,MITIGATED
VUL-00498,AST-0256,CVE-2025-2003,CRITICAL,Weak configuration,MITIGATED
VUL-00499,AST-0279,CVE-2026-4105,MEDIUM,Unpatched component,OPEN
VUL-00500,AST-0272,CVE-2025-2003,HIGH,Excessive privileges,MITIGATED
VUL-00501,AST-0462,CVE-2025-2003,CRITICAL,Excessive privileges,OPEN
VUL-00502,AST-0242,CVE-2025-2003,LOW,Unpatched component,UNDER_REVIEW
VUL-00503,AST-0248,CVE-2024-0001,HIGH,Excessive privileges,OPEN
VUL-00504,AST-0083,CVE-2026-4105,HIGH,Outdated service,OPEN
VUL-00505,AST-0411,CVE-2026-4105,CRITICAL,Weak configuration,MITIGATED
VUL-00506,AST-0065,CVE-2026-4105,LOW,Weak configuration,UNDER_REVIEW
VUL-00507,AST-0422,CVE-2025-2003,LOW,Excessive privileges,OPEN
VUL-00508,AST-0048,CVE-2026-4105,MEDIUM,Unpatched component,MITIGATED
VUL-00509,AST-0088,CVE-2024-0001,MEDIUM,Weak configuration,MITIGATED
VUL-00510,AST-0167,CVE-2025-2003,HIGH,Outdated service,UNDER_REVIEW
VUL-00511,AST-0127,CVE-2026-4105,MEDIUM,Outdated service,MITIGATED
VUL-00512,AST-0144,CVE-2026-4105,CRITICAL,Weak configuration,UNDER_REVIEW
VUL-00513,AST-0322,CVE-2025-2003,HIGH,Excessive privileges,OPEN
VUL-00514,AST-0286,CVE-2026-4105,LOW,Unpatched component,UNDER_REVIEW
VUL-00515,AST-0284,CVE-2025-2003,LOW,Excessive privileges,OPEN
VUL-00516,AST-0235,CVE-2026-4105,MEDIUM,Weak configuration,OPEN
VUL-00517,AST-0225,CVE-2024-0001,CRITICAL,Excessive privileges,MITIGATED
VUL-00518,AST-0179,CVE-2026-4105,HIGH,Weak configuration,MITIGATED
VUL-00519,AST-0182,CVE-2025-2003,MEDIUM,Weak configuration,OPEN
VUL-00520,AST-0307,CVE-2025-2003,LOW,Unpatched component,UNDER_REVIEW
VUL-00521,AST-0491,CVE-2026-4105,HIGH,Weak configuration,UNDER_REVIEW
VUL-00522,AST-0372,CVE-2025-2003,CRITICAL,Excessive privileges,MITIGATED
VUL-00523,AST-0066,CVE-2024-0001,HIGH,Excessive privileges,OPEN
VUL-00524,AST-0151,CVE-2026-4105,MEDIUM,Excessive privileges,OPEN
VUL-00525,AST-0070,CVE-2024-0001,HIGH,Outdated service,UNDER_REVIEW
VUL-00526,AST-0390,CVE-2025-2003,HIGH,Outdated service,OPEN
VUL-00527,AST-0485,CVE-2026-4105,LOW,Outdated service,OPEN
VUL-00528,AST-0023,CVE-2026-4105,LOW,Excessive privileges,MITIGATED
VUL-00529,AST-0208,CVE-2024-0001,HIGH,Weak configuration,UNDER_REVIEW
VUL-00530,AST-0445,CVE-2025-2003,LOW,Excessive privileges,MITIGATED
VUL-00531,AST-0453,CVE-2025-2003,CRITICAL,Weak configuration,MITIGATED
VUL-00532,AST-0274,CVE-2025-2003,MEDIUM,Outdated service,UNDER_REVIEW
VUL-00533,AST-0008,CVE-2024-0001,CRITICAL,Unpatched component,MITIGATED
VUL-00534,AST-0291,CVE-2024-0001,LOW,Outdated service,UNDER_REVIEW
VUL-00535,AST-0008,CVE-2025-2003,HIGH,Weak configuration,OPEN
VUL-00536,AST-0120,CVE-2025-2003,CRITICAL,Weak configuration,OPEN
VUL-00537,AST-0440,CVE-2024-0001,HIGH,Weak configuration,MITIGATED
VUL-00538,AST-0065,CVE-2026-4105,HIGH,Weak configuration,UNDER_REVIEW
VUL-00539,AST-0467,CVE-2025-2003,MEDIUM,Unpatched component,OPEN
VUL-00540,AST-0062,CVE-2025-2003,LOW,Weak configuration,MITIGATED
VUL-00541,AST-0409,CVE-2025-2003,LOW,Unpatched component,UNDER_REVIEW
VUL-00542,AST-0276,CVE-2026-4105,CRITICAL,Unpatched component,UNDER_REVIEW
VUL-00543,AST-0086,CVE-2024-0001,LOW,Excessive privileges,MITIGATED
VUL-00544,AST-0444,CVE-2024-0001,HIGH,Excessive privileges,MITIGATED
VUL-00545,AST-0151,CVE-2026-4105,MEDIUM,Weak configuration,OPEN
VUL-00546,AST-0218,CVE-2026-4105,MEDIUM,Unpatched component,MITIGATED
VUL-00547,AST-0290,CVE-2024-0001,CRITICAL,Outdated service,MITIGATED
VUL-00548,AST-0482,CVE-2024-0001,HIGH,Unpatched component,OPEN
VUL-00549,AST-0199,CVE-2025-2003,HIGH,Outdated service,MITIGATED
VUL-00550,AST-0268,CVE-2026-4105,LOW,Weak configuration,OPEN
VUL-00551,AST-0395,CVE-2024-0001,HIGH,Unpatched component,OPEN
VUL-00552,AST-0350,CVE-2026-4105,CRITICAL,Weak configuration,UNDER_REVIEW
VUL-00553,AST-0223,CVE-2026-4105,HIGH,Weak configuration,UNDER_REVIEW
VUL-00554,AST-0069,CVE-2026-4105,LOW,Outdated service,UNDER_REVIEW
VUL-00555,AST-0390,CVE-2026-4105,LOW,Unpatched component,MITIGATED
VUL-00556,AST-0203,CVE-2025-2003,HIGH,Unpatched component,MITIGATED
VUL-00557,AST-0482,CVE-2026-4105,CRITICAL,Outdated service,MITIGATED
VUL-00558,AST-0407,CVE-2024-0001,MEDIUM,Outdated service,OPEN
VUL-00559,AST-0004,CVE-2024-0001,CRITICAL,Unpatched component,UNDER_REVIEW
VUL-00560,AST-0057,CVE-2026-4105,MEDIUM,Outdated service,OPEN
VUL-00561,AST-0008,CVE-2025-2003,HIGH,Excessive privileges,MITIGATED
VUL-00562,AST-0259,CVE-2024-0001,CRITICAL,Excessive privileges,UNDER_REVIEW
VUL-00563,AST-0475,CVE-2024-0001,LOW,Outdated service,UNDER_REVIEW
VUL-00564,AST-0222,CVE-2025-2003,MEDIUM,Weak configuration,OPEN
VUL-00565,AST-0463,CVE-2024-0001,LOW,Outdated service,OPEN
VUL-00566,AST-0223,CVE-2025-2003,HIGH,Weak configuration,MITIGATED
VUL-00567,AST-0124,CVE-2026-4105,LOW,Unpatched component,MITIGATED
VUL-00568,AST-0176,CVE-2025-2003,LOW,Weak configuration,UNDER_REVIEW
VUL-00569,AST-0023,CVE-2025-2003,LOW,Unpatched component,MITIGATED
VUL-00570,AST-0010,CVE-2024-0001,CRITICAL,Unpatched component,MITIGATED
VUL-00571,AST-0105,CVE-2026-4105,MEDIUM,Excessive privileges,UNDER_REVIEW
VUL-00572,AST-0066,CVE-2024-0001,CRITICAL,Excessive privileges,MITIGATED
VUL-00573,AST-0394,CVE-2024-0001,LOW,Excessive privileges,MITIGATED
VUL-00574,AST-0332,CVE-2025-2003,MEDIUM,Outdated service,UNDER_REVIEW
VUL-00575,AST-0066,CVE-2026-4105,MEDIUM,Weak configuration,UNDER_REVIEW
VUL-00576,AST-0378,CVE-2024-0001,CRITICAL,Outdated service,UNDER_REVIEW
VUL-00577,AST-0190,CVE-2026-4105,CRITICAL,Unpatched component,MITIGATED
VUL-00578,AST-0443,CVE-2025-2003,MEDIUM,Outdated service,OPEN
VUL-00579,AST-0339,CVE-2024-0001,HIGH,Weak configuration,UNDER_REVIEW
VUL-00580,AST-0058,CVE-2026-4105,LOW,Excessive privileges,OPEN
VUL-00581,AST-0149,CVE-2025-2003,CRITICAL,Weak configuration,MITIGATED
VUL-00582,AST-0138,CVE-2026-4105,LOW,Outdated service,MITIGATED
VUL-00583,AST-0068,CVE-2026-4105,CRITICAL,Weak configuration,MITIGATED
VUL-00584,AST-0405,CVE-2026-4105,LOW,Unpatched component,MITIGATED
VUL-00585,AST-0079,CVE-2026-4105,LOW,Outdated service,UNDER_REVIEW
VUL-00586,AST-0047,CVE-2024-0001,MEDIUM,Unpatched component,MITIGATED
VUL-00587,AST-0042,CVE-2025-2003,LOW,Weak configuration,MITIGATED
VUL-00588,AST-0450,CVE-2024-0001,LOW,Excessive privileges,UNDER_REVIEW
VUL-00589,AST-0235,CVE-2024-0001,CRITICAL,Unpatched component,OPEN
VUL-00590,AST-0262,CVE-2026-4105,LOW,Unpatched component,MITIGATED
VUL-00591,AST-0189,CVE-2025-2003,CRITICAL,Outdated service,UNDER_REVIEW
VUL-00592,AST-0461,CVE-2026-4105,LOW,Outdated service,OPEN
VUL-00593,AST-0227,CVE-2025-2003,HIGH,Excessive privileges,UNDER_REVIEW
VUL-00594,AST-0354,CVE-2024-0001,HIGH,Weak configuration,UNDER_REVIEW
VUL-00595,AST-0455,CVE-2025-2003,HIGH,Outdated service,UNDER_REVIEW
VUL-00596,AST-0226,CVE-2026-4105,LOW,Outdated service,OPEN
VUL-00597,AST-0395,CVE-2026-4105,MEDIUM,Outdated service,UNDER_REVIEW
VUL-00598,AST-0275,CVE-2025-2003,LOW,Outdated service,MITIGATED
VUL-00599,AST-0162,CVE-2024-0001,LOW,Unpatched component,OPEN
VUL-00600,AST-0218,CVE-2026-4105,LOW,Unpatched component,OPEN
VUL-00601,AST-0311,CVE-2024-0001,MEDIUM,Weak configuration,UNDER_REVIEW
VUL-00602,AST-0100,CVE-2025-2003,CRITICAL,Outdated service,MITIGATED
VUL-00603,AST-0019,CVE-2026-4105,CRITICAL,Outdated service,MITIGATED
VUL-00604,AST-0280,CVE-2024-0001,MEDIUM,Weak configuration,UNDER_REVIEW
VUL-00605,AST-0238,CVE-2024-0001,CRITICAL,Weak configuration,OPEN
VUL-00606,AST-0126,CVE-2026-4105,HIGH,Outdated service,MITIGATED
VUL-00607,AST-0270,CVE-2026-4105,CRITICAL,Outdated service,UNDER_REVIEW
VUL-00608,AST-0126,CVE-2024-0001,MEDIUM,Excessive privileges,MITIGATED
VUL-00609,AST-0350,CVE-2025-2003,HIGH,Outdated service,OPEN
VUL-00610,AST-0113,CVE-2024-0001,CRITICAL,Outdated service,MITIGATED
VUL-00611,AST-0052,CVE-2025-2003,LOW,Outdated service,MITIGATED
VUL-00612,AST-0249,CVE-2026-4105,LOW,Weak configuration,OPEN
VUL-00613,AST-0325,CVE-2024-0001,HIGH,Unpatched component,MITIGATED
VUL-00614,AST-0434,CVE-2026-4105,MEDIUM,Outdated service,OPEN
VUL-00615,AST-0146,CVE-2025-2003,MEDIUM,Weak configuration,MITIGATED
VUL-00616,AST-0100,CVE-2024-0001,MEDIUM,Excessive privileges,OPEN
VUL-00617,AST-0066,CVE-2024-0001,LOW,Excessive privileges,UNDER_REVIEW
VUL-00618,AST-0093,CVE-2026-4105,HIGH,Outdated service,MITIGATED
VUL-00619,AST-0368,CVE-2025-2003,CRITICAL,Outdated service,UNDER_REVIEW
VUL-00620,AST-0453,CVE-2026-4105,HIGH,Excessive privileges,OPEN
VUL-00621,AST-0196,CVE-2025-2003,HIGH,Excessive privileges,MITIGATED
VUL-00622,AST-0001,CVE-2025-2003,HIGH,Weak configuration,OPEN
VUL-00623,AST-0058,CVE-2024-0001,HIGH,Outdated service,MITIGATED
VUL-00624,AST-0181,CVE-2024-0001,LOW,Weak configuration,OPEN
VUL-00625,AST-0345,CVE-2024-0001,CRITICAL,Weak configuration,MITIGATED
VUL-00626,AST-0379,CVE-2026-4105,HIGH,Unpatched component,MITIGATED
VUL-00627,AST-0402,CVE-2024-0001,CRITICAL,Unpatched component,MITIGATED
VUL-00628,AST-0241,CVE-2024-0001,LOW,Outdated service,OPEN
VUL-00629,AST-0325,CVE-2026-4105,MEDIUM,Excessive privileges,UNDER_REVIEW
VUL-00630,AST-0240,CVE-2024-0001,LOW,Excessive privileges,UNDER_REVIEW
VUL-00631,AST-0205,CVE-2024-0001,CRITICAL,Excessive privileges,OPEN
VUL-00632,AST-0373,CVE-2026-4105,HIGH,Weak configuration,UNDER_REVIEW
VUL-00633,AST-0149,CVE-2026-4105,MEDIUM,Weak configuration,MITIGATED
VUL-00634,AST-0028,CVE-2024-0001,HIGH,Excessive privileges,MITIGATED
VUL-00635,AST-0355,CVE-2024-0001,HIGH,Outdated service,UNDER_REVIEW
VUL-00636,AST-0163,CVE-2026-4105,LOW,Unpatched component,MITIGATED
VUL-00637,AST-0375,CVE-2026-4105,CRITICAL,Weak configuration,OPEN
VUL-00638,AST-0296,CVE-2024-0001,MEDIUM,Outdated service,UNDER_REVIEW
VUL-00639,AST-0268,CVE-2026-4105,MEDIUM,Weak configuration,UNDER_REVIEW
VUL-00640,AST-0385,CVE-2026-4105,HIGH,Unpatched component,OPEN
VUL-00641,AST-0096,CVE-2026-4105,CRITICAL,Excessive privileges,UNDER_REVIEW
VUL-00642,AST-0045,CVE-2024-0001,CRITICAL,Weak configuration,UNDER_REVIEW
VUL-00643,AST-0224,CVE-2026-4105,MEDIUM,Outdated service,UNDER_REVIEW
VUL-00644,AST-0337,CVE-2024-0001,MEDIUM,Unpatched component,UNDER_REVIEW
VUL-00645,AST-0149,CVE-2025-2003,CRITICAL,Unpatched component,MITIGATED
VUL-00646,AST-0256,CVE-2025-2003,MEDIUM,Unpatched component,OPEN
VUL-00647,AST-0435,CVE-2025-2003,LOW,Weak configuration,UNDER_REVIEW
VUL-00648,AST-0355,CVE-2025-2003,CRITICAL,Weak configuration,UNDER_REVIEW
VUL-00649,AST-0306,CVE-2024-0001,HIGH,Outdated service,UNDER_REVIEW
VUL-00650,AST-0403,CVE-2024-0001,LOW,Excessive privileges,UNDER_REVIEW
VUL-00651,AST-0492,CVE-2024-0001,MEDIUM,Unpatched component,UNDER_REVIEW
VUL-00652,AST-0217,CVE-2024-0001,MEDIUM,Unpatched component,MITIGATED
VUL-00653,AST-0425,CVE-2024-0001,CRITICAL,Excessive privileges,MITIGATED
VUL-00654,AST-0107,CVE-2025-2003,CRITICAL,Excessive privileges,UNDER_REVIEW
VUL-00655,AST-0197,CVE-2026-4105,LOW,Outdated service,UNDER_REVIEW
VUL-00656,AST-0187,CVE-2026-4105,MEDIUM,Excessive privileges,MITIGATED
VUL-00657,AST-0369,CVE-2024-0001,HIGH,Weak configuration,MITIGATED
VUL-00658,AST-0476,CVE-2024-0001,MEDIUM,Excessive privileges,OPEN
VUL-00659,AST-0295,CVE-2026-4105,HIGH,Outdated service,UNDER_REVIEW
VUL-00660,AST-0432,CVE-2024-0001,LOW,Excessive privileges,UNDER_REVIEW
VUL-00661,AST-0165,CVE-2025-2003,CRITICAL,Excessive privileges,UNDER_REVIEW
VUL-00662,AST-0127,CVE-2025-2003,HIGH,Weak configuration,MITIGATED
VUL-00663,AST-0227,CVE-2025-2003,CRITICAL,Excessive privileges,UNDER_REVIEW
VUL-00664,AST-0466,CVE-2026-4105,HIGH,Outdated service,UNDER_REVIEW
VUL-00665,AST-0497,CVE-2026-4105,CRITICAL,Outdated service,UNDER_REVIEW
VUL-00666,AST-0474,CVE-2026-4105,HIGH,Unpatched component,OPEN
VUL-00667,AST-0415,CVE-2025-2003,MEDIUM,Weak configuration,MITIGATED
VUL-00668,AST-0140,CVE-2024-0001,LOW,Outdated service,UNDER_REVIEW
VUL-00669,AST-0499,CVE-2026-4105,HIGH,Unpatched component,UNDER_REVIEW
VUL-00670,AST-0064,CVE-2024-0001,LOW,Weak configuration,MITIGATED
VUL-00671,AST-0495,CVE-2026-4105,CRITICAL,Outdated service,UNDER_REVIEW
VUL-00672,AST-0085,CVE-2024-0001,HIGH,Weak configuration,MITIGATED
VUL-00673,AST-0251,CVE-2024-0001,MEDIUM,Excessive privileges,OPEN
VUL-00674,AST-0348,CVE-2025-2003,MEDIUM,Unpatched component,MITIGATED
VUL-00675,AST-0085,CVE-2025-2003,CRITICAL,Excessive privileges,OPEN
VUL-00676,AST-0034,CVE-2025-2003,CRITICAL,Outdated service,OPEN
VUL-00677,AST-0440,CVE-2025-2003,HIGH,Weak configuration,MITIGATED
VUL-00678,AST-0495,CVE-2024-0001,CRITICAL,Outdated service,OPEN
VUL-00679,AST-0134,CVE-2024-0001,MEDIUM,Excessive privileges,UNDER_REVIEW
VUL-00680,AST-0258,CVE-2024-0001,LOW,Weak configuration,MITIGATED
VUL-00681,AST-0016,CVE-2026-4105,LOW,Outdated service,UNDER_REVIEW
VUL-00682,AST-0066,CVE-2025-2003,MEDIUM,Excessive privileges,UNDER_REVIEW
VUL-00683,AST-0435,CVE-2025-2003,HIGH,Weak configuration,UNDER_REVIEW
VUL-00684,AST-0451,CVE-2024-0001,MEDIUM,Outdated service,OPEN
VUL-00685,AST-0217,CVE-2026-4105,CRITICAL,Outdated service,UNDER_REVIEW
VUL-00686,AST-0081,CVE-2024-0001,LOW,Weak configuration,MITIGATED
VUL-00687,AST-0476,CVE-2025-2003,LOW,Unpatched component,UNDER_REVIEW
VUL-00688,AST-0044,CVE-2024-0001,HIGH,Unpatched component,OPEN
VUL-00689,AST-0099,CVE-2026-4105,HIGH,Unpatched component,OPEN
VUL-00690,AST-0029,CVE-2024-0001,HIGH,Weak configuration,OPEN
VUL-00691,AST-0284,CVE-2026-4105,HIGH,Weak configuration,UNDER_REVIEW
VUL-00692,AST-0421,CVE-2024-0001,LOW,Outdated service,OPEN
VUL-00693,AST-0163,CVE-2024-0001,CRITICAL,Outdated service,MITIGATED
VUL-00694,AST-0163,CVE-2024-0001,HIGH,Outdated service,MITIGATED
VUL-00695,AST-0198,CVE-2024-0001,CRITICAL,Outdated service,UNDER_REVIEW
VUL-00696,AST-0030,CVE-2024-0001,HIGH,Outdated service,UNDER_REVIEW
VUL-00697,AST-0126,CVE-2025-2003,MEDIUM,Excessive privileges,UNDER_REVIEW
VUL-00698,AST-0048,CVE-2024-0001,LOW,Unpatched component,UNDER_REVIEW
VUL-00699,AST-0193,CVE-2025-2003,HIGH,Unpatched component,OPEN
VUL-00700,AST-0377,CVE-2026-4105,CRITICAL,Weak configuration,OPEN
VUL-00701,AST-0278,CVE-2025-2003,LOW,Weak configuration,OPEN
VUL-00702,AST-0288,CVE-2025-2003,CRITICAL,Weak configuration,OPEN
VUL-00703,AST-0202,CVE-2025-2003,CRITICAL,Outdated service,MITIGATED
VUL-00704,AST-0165,CVE-2025-2003,LOW,Weak configuration,UNDER_REVIEW
VUL-00705,AST-0144,CVE-2026-4105,LOW,Weak configuration,UNDER_REVIEW
VUL-00706,AST-0184,CVE-2026-4105,MEDIUM,Unpatched component,UNDER_REVIEW
VUL-00707,AST-0466,CVE-2024-0001,MEDIUM,Weak configuration,OPEN
VUL-00708,AST-0223,CVE-2024-0001,MEDIUM,Unpatched component,UNDER_REVIEW
VUL-00709,AST-0398,CVE-2026-4105,CRITICAL,Unpatched component,OPEN
VUL-00710,AST-0246,CVE-2025-2003,HIGH,Weak configuration,OPEN
VUL-00711,AST-0456,CVE-2026-4105,MEDIUM,Unpatched component,UNDER_REVIEW
VUL-00712,AST-0355,CVE-2026-4105,CRITICAL,Excessive privileges,MITIGATED
VUL-00713,AST-0412,CVE-2025-2003,MEDIUM,Excessive privileges,UNDER_REVIEW
VUL-00714,AST-0488,CVE-2025-2003,LOW,Excessive privileges,OPEN
VUL-00715,AST-0498,CVE-2025-2003,CRITICAL,Excessive privileges,MITIGATED
VUL-00716,AST-0082,CVE-2026-4105,MEDIUM,Excessive privileges,UNDER_REVIEW
VUL-00717,AST-0135,CVE-2025-2003,LOW,Unpatched component,MITIGATED
VUL-00718,AST-0234,CVE-2025-2003,MEDIUM,Weak configuration,UNDER_REVIEW
VUL-00719,AST-0223,CVE-2026-4105,MEDIUM,Weak configuration,MITIGATED
VUL-00720,AST-0024,CVE-2026-4105,HIGH,Outdated service,MITIGATED
VUL-00721,AST-0260,CVE-2024-0001,HIGH,Unpatched component,UNDER_REVIEW
VUL-00722,AST-0280,CVE-2024-0001,HIGH,Unpatched component,UNDER_REVIEW
VUL-00723,AST-0483,CVE-2025-2003,HIGH,Unpatched component,MITIGATED
VUL-00724,AST-0024,CVE-2026-4105,MEDIUM,Weak configuration,OPEN
VUL-00725,AST-0263,CVE-2026-4105,CRITICAL,Weak configuration,OPEN
VUL-00726,AST-0447,CVE-2025-2003,HIGH,Outdated service,OPEN
VUL-00727,AST-0026,CVE-2026-4105,LOW,Unpatched component,OPEN
VUL-00728,AST-0494,CVE-2025-2003,MEDIUM,Unpatched component,UNDER_REVIEW
VUL-00729,AST-0027,CVE-2024-0001,MEDIUM,Weak configuration,UNDER_REVIEW
VUL-00730,AST-0093,CVE-2024-0001,LOW,Excessive privileges,UNDER_REVIEW
VUL-00731,AST-0138,CVE-2026-4105,HIGH,Outdated service,UNDER_REVIEW
VUL-00732,AST-0265,CVE-2025-2003,CRITICAL,Weak configuration,MITIGATED
VUL-00733,AST-0244,CVE-2026-4105,LOW,Outdated service,OPEN
VUL-00734,AST-0005,CVE-2024-0001,MEDIUM,Excessive privileges,UNDER_REVIEW
VUL-00735,AST-0062,CVE-2025-2003,LOW,Excessive privileges,MITIGATED
VUL-00736,AST-0256,CVE-2024-0001,LOW,Unpatched component,UNDER_REVIEW
VUL-00737,AST-0106,CVE-2025-2003,HIGH,Outdated service,UNDER_REVIEW
VUL-00738,AST-0005,CVE-2025-2003,MEDIUM,Unpatched component,MITIGATED
VUL-00739,AST-0407,CVE-2026-4105,CRITICAL,Outdated service,OPEN
VUL-00740,AST-0350,CVE-2026-4105,LOW,Excessive privileges,UNDER_REVIEW
VUL-00741,AST-0352,CVE-2025-2003,HIGH,Excessive privileges,UNDER_REVIEW
VUL-00742,AST-0360,CVE-2026-4105,CRITICAL,Excessive privileges,MITIGATED
VUL-00743,AST-0384,CVE-2025-2003,MEDIUM,Unpatched component,MITIGATED
VUL-00744,AST-0029,CVE-2024-0001,CRITICAL,Outdated service,OPEN
VUL-00745,AST-0435,CVE-2026-4105,LOW,Excessive privileges,OPEN
VUL-00746,AST-0057,CVE-2025-2003,HIGH,Outdated service,OPEN
VUL-00747,AST-0294,CVE-2025-2003,MEDIUM,Unpatched component,UNDER_REVIEW
VUL-00748,AST-0098,CVE-2024-0001,MEDIUM,Weak configuration,MITIGATED
VUL-00749,AST-0478,CVE-2025-2003,CRITICAL,Outdated service,MITIGATED
VUL-00750,AST-0479,CVE-2024-0001,LOW,Excessive privileges,MITIGATED
VUL-00751,AST-0336,CVE-2025-2003,MEDIUM,Unpatched component,UNDER_REVIEW
VUL-00752,AST-0247,CVE-2024-0001,HIGH,Outdated service,OPEN
VUL-00753,AST-0299,CVE-2026-4105,MEDIUM,Excessive privileges,MITIGATED
VUL-00754,AST-0435,CVE-2025-2003,HIGH,Excessive privileges,MITIGATED
VUL-00755,AST-0072,CVE-2025-2003,MEDIUM,Outdated service,MITIGATED
VUL-00756,AST-0200,CVE-2024-0001,LOW,Excessive privileges,UNDER_REVIEW
VUL-00757,AST-0083,CVE-2024-0001,CRITICAL,Excessive privileges,UNDER_REVIEW
VUL-00758,AST-0009,CVE-2025-2003,MEDIUM,Unpatched component,OPEN
VUL-00759,AST-0208,CVE-2024-0001,HIGH,Unpatched component,MITIGATED
VUL-00760,AST-0102,CVE-2026-4105,MEDIUM,Weak configuration,UNDER_REVIEW
VUL-00761,AST-0300,CVE-2025-2003,CRITICAL,Outdated service,UNDER_REVIEW
VUL-00762,AST-0410,CVE-2025-2003,CRITICAL,Unpatched component,OPEN
VUL-00763,AST-0486,CVE-2024-0001,MEDIUM,Weak configuration,OPEN
VUL-00764,AST-0123,CVE-2024-0001,MEDIUM,Weak configuration,UNDER_REVIEW
VUL-00765,AST-0044,CVE-2026-4105,CRITICAL,Unpatched component,MITIGATED
VUL-00766,AST-0327,CVE-2026-4105,CRITICAL,Unpatched component,UNDER_REVIEW
VUL-00767,AST-0245,CVE-2026-4105,HIGH,Unpatched component,OPEN
VUL-00768,AST-0086,CVE-2026-4105,HIGH,Unpatched component,MITIGATED
VUL-00769,AST-0153,CVE-2026-4105,CRITICAL,Outdated service,OPEN
VUL-00770,AST-0316,CVE-2025-2003,MEDIUM,Unpatched component,MITIGATED
VUL-00771,AST-0188,CVE-2024-0001,MEDIUM,Excessive privileges,OPEN
VUL-00772,AST-0316,CVE-2024-0001,CRITICAL,Weak configuration,MITIGATED
VUL-00773,AST-0454,CVE-2024-0001,MEDIUM,Excessive privileges,MITIGATED
VUL-00774,AST-0206,CVE-2025-2003,HIGH,Unpatched component,OPEN
VUL-00775,AST-0120,CVE-2025-2003,HIGH,Unpatched component,OPEN
VUL-00776,AST-0056,CVE-2026-4105,LOW,Excessive privileges,UNDER_REVIEW
VUL-00777,AST-0102,CVE-2025-2003,LOW,Unpatched component,UNDER_REVIEW
VUL-00778,AST-0487,CVE-2024-0001,CRITICAL,Weak configuration,UNDER_REVIEW
VUL-00779,AST-0233,CVE-2026-4105,CRITICAL,Weak configuration,OPEN
VUL-00780,AST-0378,CVE-2024-0001,CRITICAL,Weak configuration,UNDER_REVIEW
VUL-00781,AST-0478,CVE-2025-2003,CRITICAL,Outdated service,MITIGATED
VUL-00782,AST-0401,CVE-2025-2003,LOW,Excessive privileges,OPEN
VUL-00783,AST-0018,CVE-2024-0001,CRITICAL,Outdated service,UNDER_REVIEW
VUL-00784,AST-0053,CVE-2024-0001,MEDIUM,Outdated service,MITIGATED
VUL-00785,AST-0303,CVE-2026-4105,CRITICAL,Unpatched component,MITIGATED
VUL-00786,AST-0443,CVE-2026-4105,LOW,Unpatched component,OPEN
VUL-00787,AST-0215,CVE-2025-2003,HIGH,Excessive privileges,MITIGATED
VUL-00788,AST-0471,CVE-2025-2003,LOW,Weak configuration,MITIGATED
VUL-00789,AST-0048,CVE-2026-4105,MEDIUM,Excessive privileges,UNDER_REVIEW
VUL-00790,AST-0472,CVE-2025-2003,MEDIUM,Unpatched component,MITIGATED
VUL-00791,AST-0484,CVE-2025-2003,HIGH,Outdated service,MITIGATED
VUL-00792,AST-0231,CVE-2026-4105,CRITICAL,Outdated service,MITIGATED
VUL-00793,AST-0407,CVE-2026-4105,HIGH,Unpatched component,MITIGATED
VUL-00794,AST-0251,CVE-2026-4105,CRITICAL,Weak configuration,UNDER_REVIEW
VUL-00795,AST-0067,CVE-2025-2003,HIGH,Outdated service,OPEN
VUL-00796,AST-0268,CVE-2025-2003,CRITICAL,Weak configuration,OPEN
VUL-00797,AST-0213,CVE-2024-0001,HIGH,Unpatched component,MITIGATED
VUL-00798,AST-0268,CVE-2026-4105,LOW,Unpatched component,OPEN
VUL-00799,AST-0139,CVE-2025-2003,CRITICAL,Weak configuration,OPEN
VUL-00800,AST-0174,CVE-2026-4105,HIGH,Excessive privileges,MITIGATED
VUL-00801,AST-0014,CVE-2025-2003,HIGH,Outdated service,UNDER_REVIEW
VUL-00802,AST-0247,CVE-2025-2003,HIGH,Unpatched component,OPEN
VUL-00803,AST-0092,CVE-2025-2003,MEDIUM,Weak configuration,UNDER_REVIEW
VUL-00804,AST-0068,CVE-2025-2003,LOW,Weak configuration,UNDER_REVIEW
VUL-00805,AST-0004,CVE-2026-4105,HIGH,Weak configuration,OPEN
VUL-00806,AST-0477,CVE-2024-0001,LOW,Excessive privileges,OPEN
VUL-00807,AST-0410,CVE-2024-0001,HIGH,Outdated service,UNDER_REVIEW
VUL-00808,AST-0201,CVE-2026-4105,HIGH,Outdated service,UNDER_REVIEW
VUL-00809,AST-0035,CVE-2024-0001,MEDIUM,Unpatched component,OPEN
VUL-00810,AST-0348,CVE-2024-0001,MEDIUM,Unpatched component,UNDER_REVIEW
VUL-00811,AST-0344,CVE-2025-2003,CRITICAL,Excessive privileges,OPEN
VUL-00812,AST-0220,CVE-2024-0001,LOW,Weak configuration,OPEN
VUL-00813,AST-0470,CVE-2025-2003,CRITICAL,Unpatched component,MITIGATED
VUL-00814,AST-0114,CVE-2025-2003,MEDIUM,Outdated service,UNDER_REVIEW
VUL-00815,AST-0269,CVE-2025-2003,MEDIUM,Unpatched component,UNDER_REVIEW
VUL-00816,AST-0121,CVE-2025-2003,MEDIUM,Unpatched component,OPEN
VUL-00817,AST-0467,CVE-2025-2003,MEDIUM,Excessive privileges,OPEN
VUL-00818,AST-0247,CVE-2024-0001,MEDIUM,Outdated service,MITIGATED
VUL-00819,AST-0111,CVE-2024-0001,LOW,Unpatched component,MITIGATED
VUL-00820,AST-0422,CVE-2025-2003,MEDIUM,Unpatched component,OPEN
VUL-00821,AST-0254,CVE-2024-0001,HIGH,Outdated service,MITIGATED
VUL-00822,AST-0287,CVE-2024-0001,CRITICAL,Outdated service,OPEN
VUL-00823,AST-0065,CVE-2024-0001,HIGH,Excessive privileges,UNDER_REVIEW
VUL-00824,AST-0248,CVE-2026-4105,CRITICAL,Unpatched component,OPEN
VUL-00825,AST-0487,CVE-2026-4105,LOW,Excessive privileges,OPEN
VUL-00826,AST-0256,CVE-2025-2003,LOW,Outdated service,OPEN
VUL-00827,AST-0176,CVE-2025-2003,LOW,Outdated service,UNDER_REVIEW
VUL-00828,AST-0308,CVE-2024-0001,CRITICAL,Unpatched component,MITIGATED
VUL-00829,AST-0298,CVE-2025-2003,HIGH,Excessive privileges,UNDER_REVIEW
VUL-00830,AST-0354,CVE-2024-0001,MEDIUM,Weak configuration,MITIGATED
VUL-00831,AST-0184,CVE-2026-4105,LOW,Weak configuration,MITIGATED
VUL-00832,AST-0344,CVE-2026-4105,LOW,Excessive privileges,OPEN
VUL-00833,AST-0471,CVE-2026-4105,HIGH,Outdated service,OPEN
VUL-00834,AST-0141,CVE-2025-2003,CRITICAL,Excessive privileges,OPEN
VUL-00835,AST-0134,CVE-2024-0001,CRITICAL,Unpatched component,MITIGATED
VUL-00836,AST-0053,CVE-2025-2003,LOW,Excessive privileges,OPEN
VUL-00837,AST-0048,CVE-2024-0001,LOW,Weak configuration,OPEN
VUL-00838,AST-0124,CVE-2024-0001,LOW,Weak configuration,OPEN
VUL-00839,AST-0337,CVE-2026-4105,CRITICAL,Outdated service,UNDER_REVIEW
VUL-00840,AST-0136,CVE-2026-4105,HIGH,Outdated service,MITIGATED
VUL-00841,AST-0104,CVE-2026-4105,CRITICAL,Unpatched component,UNDER_REVIEW
VUL-00842,AST-0159,CVE-2024-0001,LOW,Weak configuration,MITIGATED
VUL-00843,AST-0218,CVE-2026-4105,HIGH,Outdated service,UNDER_REVIEW
VUL-00844,AST-0298,CVE-2024-0001,LOW,Excessive privileges,UNDER_REVIEW
VUL-00845,AST-0088,CVE-2026-4105,CRITICAL,Weak configuration,OPEN
VUL-00846,AST-0279,CVE-2026-4105,MEDIUM,Excessive privileges,OPEN
VUL-00847,AST-0372,CVE-2026-4105,CRITICAL,Outdated service,MITIGATED
VUL-00848,AST-0395,CVE-2025-2003,HIGH,Excessive privileges,MITIGATED
VUL-00849,AST-0282,CVE-2025-2003,LOW,Weak configuration,MITIGATED
VUL-00850,AST-0382,CVE-2026-4105,MEDIUM,Weak configuration,UNDER_REVIEW
VUL-00851,AST-0380,CVE-2026-4105,MEDIUM,Excessive privileges,OPEN
VUL-00852,AST-0094,CVE-2024-0001,LOW,Excessive privileges,MITIGATED
VUL-00853,AST-0029,CVE-2026-4105,LOW,Weak configuration,OPEN
VUL-00854,AST-0052,CVE-2026-4105,CRITICAL,Weak configuration,OPEN
VUL-00855,AST-0293,CVE-2024-0001,CRITICAL,Unpatched component,OPEN
VUL-00856,AST-0272,CVE-2026-4105,LOW,Weak configuration,UNDER_REVIEW
VUL-00857,AST-0121,CVE-2026-4105,MEDIUM,Weak configuration,UNDER_REVIEW
VUL-00858,AST-0400,CVE-2024-0001,LOW,Excessive privileges,MITIGATED
VUL-00859,AST-0306,CVE-2025-2003,LOW,Outdated service,UNDER_REVIEW
VUL-00860,AST-0028,CVE-2025-2003,MEDIUM,Excessive privileges,MITIGATED
VUL-00861,AST-0098,CVE-2024-0001,CRITICAL,Unpatched component,OPEN
VUL-00862,AST-0313,CVE-2024-0001,HIGH,Outdated service,UNDER_REVIEW
VUL-00863,AST-0139,CVE-2025-2003,CRITICAL,Excessive privileges,OPEN
VUL-00864,AST-0457,CVE-2024-0001,MEDIUM,Outdated service,OPEN
VUL-00865,AST-0154,CVE-2026-4105,HIGH,Outdated service,UNDER_REVIEW
VUL-00866,AST-0325,CVE-2026-4105,MEDIUM,Unpatched component,MITIGATED
VUL-00867,AST-0164,CVE-2026-4105,HIGH,Excessive privileges,UNDER_REVIEW
VUL-00868,AST-0489,CVE-2024-0001,CRITICAL,Unpatched component,UNDER_REVIEW
VUL-00869,AST-0077,CVE-2024-0001,LOW,Weak configuration,MITIGATED
VUL-00870,AST-0112,CVE-2026-4105,HIGH,Unpatched component,OPEN
VUL-00871,AST-0022,CVE-2025-2003,LOW,Weak configuration,MITIGATED
VUL-00872,AST-0350,CVE-2025-2003,CRITICAL,Weak configuration,MITIGATED
VUL-00873,AST-0169,CVE-2024-0001,CRITICAL,Unpatched component,UNDER_REVIEW
VUL-00874,AST-0391,CVE-2025-2003,CRITICAL,Excessive privileges,UNDER_REVIEW
VUL-00875,AST-0446,CVE-2025-2003,CRITICAL,Unpatched component,MITIGATED
VUL-00876,AST-0360,CVE-2024-0001,MEDIUM,Weak configuration,OPEN
VUL-00877,AST-0084,CVE-2025-2003,LOW,Weak configuration,UNDER_REVIEW
VUL-00878,AST-0171,CVE-2024-0001,HIGH,Outdated service,MITIGATED
VUL-00879,AST-0191,CVE-2026-4105,CRITICAL,Outdated service,MITIGATED
VUL-00880,AST-0216,CVE-2024-0001,LOW,Unpatched component,OPEN
VUL-00881,AST-0181,CVE-2025-2003,CRITICAL,Weak configuration,MITIGATED
VUL-00882,AST-0055,CVE-2026-4105,LOW,Outdated service,UNDER_REVIEW
VUL-00883,AST-0457,CVE-2026-4105,HIGH,Outdated service,UNDER_REVIEW
VUL-00884,AST-0162,CVE-2025-2003,HIGH,Unpatched component,OPEN
VUL-00885,AST-0229,CVE-2024-0001,MEDIUM,Excessive privileges,UNDER_REVIEW
VUL-00886,AST-0018,CVE-2024-0001,MEDIUM,Weak configuration,OPEN
VUL-00887,AST-0418,CVE-2024-0001,LOW,Outdated service,MITIGATED
VUL-00888,AST-0391,CVE-2026-4105,MEDIUM,Outdated service,OPEN
VUL-00889,AST-0492,CVE-2026-4105,MEDIUM,Unpatched component,UNDER_REVIEW
VUL-00890,AST-0480,CVE-2024-0001,CRITICAL,Weak configuration,OPEN
VUL-00891,AST-0065,CVE-2025-2003,HIGH,Outdated service,MITIGATED
VUL-00892,AST-0454,CVE-2025-2003,MEDIUM,Outdated service,OPEN
VUL-00893,AST-0320,CVE-2026-4105,HIGH,Unpatched component,UNDER_REVIEW
VUL-00894,AST-0197,CVE-2025-2003,CRITICAL,Excessive privileges,OPEN
VUL-00895,AST-0259,CVE-2024-0001,LOW,Outdated service,OPEN
VUL-00896,AST-0428,CVE-2024-0001,MEDIUM,Weak configuration,OPEN
VUL-00897,AST-0284,CVE-2026-4105,CRITICAL,Excessive privileges,UNDER_REVIEW
VUL-00898,AST-0492,CVE-2025-2003,MEDIUM,Outdated service,MITIGATED
VUL-00899,AST-0009,CVE-2025-2003,CRITICAL,Weak configuration,OPEN
VUL-00900,AST-0033,CVE-2026-4105,CRITICAL,Weak configuration,UNDER_REVIEW
VUL-00901,AST-0149,CVE-2025-2003,LOW,Outdated service,MITIGATED
VUL-00902,AST-0431,CVE-2025-2003,LOW,Weak configuration,MITIGATED
VUL-00903,AST-0127,CVE-2024-0001,MEDIUM,Weak configuration,OPEN
VUL-00904,AST-0435,CVE-2024-0001,MEDIUM,Weak configuration,MITIGATED
VUL-00905,AST-0458,CVE-2025-2003,HIGH,Unpatched component,UNDER_REVIEW
VUL-00906,AST-0183,CVE-2025-2003,HIGH,Weak configuration,UNDER_REVIEW
VUL-00907,AST-0489,CVE-2024-0001,CRITICAL,Excessive privileges,MITIGATED
VUL-00908,AST-0398,CVE-2025-2003,MEDIUM,Weak configuration,OPEN
VUL-00909,AST-0213,CVE-2026-4105,LOW,Weak configuration,UNDER_REVIEW
VUL-00910,AST-0382,CVE-2024-0001,CRITICAL,Excessive privileges,MITIGATED
VUL-00911,AST-0196,CVE-2025-2003,LOW,Excessive privileges,UNDER_REVIEW
VUL-00912,AST-0322,CVE-2024-0001,CRITICAL,Unpatched component,UNDER_REVIEW
VUL-00913,AST-0389,CVE-2026-4105,CRITICAL,Weak configuration,UNDER_REVIEW
VUL-00914,AST-0193,CVE-2026-4105,LOW,Weak configuration,MITIGATED
VUL-00915,AST-0464,CVE-2024-0001,CRITICAL,Outdated service,UNDER_REVIEW
VUL-00916,AST-0190,CVE-2026-4105,LOW,Weak configuration,MITIGATED
VUL-00917,AST-0186,CVE-2024-0001,HIGH,Excessive privileges,UNDER_REVIEW
VUL-00918,AST-0037,CVE-2025-2003,CRITICAL,Unpatched component,OPEN
VUL-00919,AST-0354,CVE-2026-4105,LOW,Unpatched component,OPEN
VUL-00920,AST-0142,CVE-2024-0001,MEDIUM,Outdated service,MITIGATED
VUL-00921,AST-0310,CVE-2026-4105,HIGH,Weak configuration,OPEN
VUL-00922,AST-0294,CVE-2026-4105,CRITICAL,Unpatched component,MITIGATED
VUL-00923,AST-0461,CVE-2026-4105,MEDIUM,Weak configuration,OPEN
VUL-00924,AST-0011,CVE-2025-2003,HIGH,Weak configuration,MITIGATED
VUL-00925,AST-0198,CVE-2025-2003,HIGH,Weak configuration,UNDER_REVIEW
VUL-00926,AST-0030,CVE-2024-0001,CRITICAL,Excessive privileges,UNDER_REVIEW
VUL-00927,AST-0432,CVE-2025-2003,HIGH,Outdated service,MITIGATED
VUL-00928,AST-0367,CVE-2026-4105,LOW,Outdated service,UNDER_REVIEW
VUL-00929,AST-0148,CVE-2025-2003,MEDIUM,Unpatched component,OPEN
VUL-00930,AST-0470,CVE-2026-4105,LOW,Outdated service,MITIGATED
VUL-00931,AST-0458,CVE-2026-4105,MEDIUM,Weak configuration,UNDER_REVIEW
VUL-00932,AST-0391,CVE-2026-4105,MEDIUM,Unpatched component,MITIGATED
VUL-00933,AST-0413,CVE-2025-2003,CRITICAL,Weak configuration,MITIGATED
VUL-00934,AST-0251,CVE-2026-4105,CRITICAL,Weak configuration,OPEN
VUL-00935,AST-0071,CVE-2025-2003,HIGH,Unpatched component,OPEN
VUL-00936,AST-0381,CVE-2025-2003,LOW,Outdated service,UNDER_REVIEW
VUL-00937,AST-0336,CVE-2024-0001,MEDIUM,Outdated service,UNDER_REVIEW
VUL-00938,AST-0027,CVE-2024-0001,CRITICAL,Weak configuration,OPEN
VUL-00939,AST-0001,CVE-2026-4105,MEDIUM,Unpatched component,UNDER_REVIEW
VUL-00940,AST-0483,CVE-2024-0001,CRITICAL,Unpatched component,OPEN
VUL-00941,AST-0418,CVE-2025-2003,LOW,Outdated service,OPEN
VUL-00942,AST-0159,CVE-2024-0001,MEDIUM,Weak configuration,UNDER_REVIEW
VUL-00943,AST-0082,CVE-2026-4105,LOW,Excessive privileges,MITIGATED
VUL-00944,AST-0045,CVE-2024-0001,CRITICAL,Weak configuration,MITIGATED
VUL-00945,AST-0019,CVE-2025-2003,CRITICAL,Unpatched component,MITIGATED
VUL-00946,AST-0280,CVE-2024-0001,LOW,Unpatched component,UNDER_REVIEW
VUL-00947,AST-0342,CVE-2025-2003,CRITICAL,Weak configuration,UNDER_REVIEW
VUL-00948,AST-0037,CVE-2025-2003,HIGH,Weak configuration,OPEN
VUL-00949,AST-0073,CVE-2026-4105,HIGH,Weak configuration,UNDER_REVIEW
VUL-00950,AST-0323,CVE-2025-2003,MEDIUM,Outdated service,UNDER_REVIEW
VUL-00951,AST-0319,CVE-2025-2003,HIGH,Outdated service,UNDER_REVIEW
VUL-00952,AST-0050,CVE-2026-4105,LOW,Outdated service,MITIGATED
VUL-00953,AST-0262,CVE-2024-0001,CRITICAL,Unpatched component,OPEN
VUL-00954,AST-0170,CVE-2025-2003,MEDIUM,Unpatched component,OPEN
VUL-00955,AST-0148,CVE-2024-0001,MEDIUM,Excessive privileges,UNDER_REVIEW
VUL-00956,AST-0087,CVE-2026-4105,LOW,Unpatched component,MITIGATED
VUL-00957,AST-0060,CVE-2025-2003,LOW,Unpatched component,OPEN
VUL-00958,AST-0071,CVE-2026-4105,MEDIUM,Outdated service,MITIGATED
VUL-00959,AST-0317,CVE-2026-4105,HIGH,Outdated service,MITIGATED
VUL-00960,AST-0296,CVE-2025-2003,LOW,Unpatched component,UNDER_REVIEW
VUL-00961,AST-0364,CVE-2026-4105,HIGH,Unpatched component,OPEN
VUL-00962,AST-0090,CVE-2026-4105,LOW,Weak configuration,OPEN
VUL-00963,AST-0004,CVE-2024-0001,LOW,Excessive privileges,OPEN
VUL-00964,AST-0122,CVE-2025-2003,MEDIUM,Unpatched component,UNDER_REVIEW
VUL-00965,AST-0339,CVE-2024-0001,LOW,Weak configuration,UNDER_REVIEW
VUL-00966,AST-0063,CVE-2024-0001,CRITICAL,Excessive privileges,UNDER_REVIEW
VUL-00967,AST-0314,CVE-2024-0001,CRITICAL,Excessive privileges,MITIGATED
VUL-00968,AST-0175,CVE-2025-2003,HIGH,Unpatched component,UNDER_REVIEW
VUL-00969,AST-0202,CVE-2024-0001,HIGH,Unpatched component,UNDER_REVIEW
VUL-00970,AST-0464,CVE-2025-2003,CRITICAL,Outdated service,MITIGATED
VUL-00971,AST-0497,CVE-2026-4105,CRITICAL,Unpatched component,OPEN
VUL-00972,AST-0270,CVE-2024-0001,HIGH,Excessive privileges,UNDER_REVIEW
VUL-00973,AST-0333,CVE-2024-0001,LOW,Outdated service,OPEN
VUL-00974,AST-0044,CVE-2026-4105,MEDIUM,Unpatched component,OPEN
VUL-00975,AST-0248,CVE-2025-2003,CRITICAL,Outdated service,UNDER_REVIEW
VUL-00976,AST-0435,CVE-2026-4105,HIGH,Outdated service,UNDER_REVIEW
VUL-00977,AST-0375,CVE-2026-4105,LOW,Weak configuration,MITIGATED
VUL-00978,AST-0270,CVE-2024-0001,MEDIUM,Weak configuration,UNDER_REVIEW
VUL-00979,AST-0328,CVE-2026-4105,HIGH,Outdated service,MITIGATED
VUL-00980,AST-0062,CVE-2024-0001,MEDIUM,Weak configuration,UNDER_REVIEW
VUL-00981,AST-0210,CVE-2025-2003,MEDIUM,Outdated service,MITIGATED
VUL-00982,AST-0496,CVE-2025-2003,MEDIUM,Excessive privileges,UNDER_REVIEW
VUL-00983,AST-0017,CVE-2026-4105,CRITICAL,Outdated service,MITIGATED
VUL-00984,AST-0210,CVE-2024-0001,CRITICAL,Unpatched component,OPEN
VUL-00985,AST-0238,CVE-2024-0001,LOW,Unpatched component,MITIGATED
VUL-00986,AST-0269,CVE-2025-2003,LOW,Outdated service,OPEN
VUL-00987,AST-0458,CVE-2026-4105,LOW,Outdated service,MITIGATED
VUL-00988,AST-0491,CVE-2024-0001,CRITICAL,Unpatched component,UNDER_REVIEW
VUL-00989,AST-0451,CVE-2025-2003,CRITICAL,Outdated service,OPEN
VUL-00990,AST-0256,CVE-2025-2003,HIGH,Weak configuration,OPEN
VUL-00991,AST-0162,CVE-2026-4105,LOW,Weak configuration,MITIGATED
VUL-00992,AST-0286,CVE-2025-2003,MEDIUM,Unpatched component,OPEN
VUL-00993,AST-0351,CVE-2026-4105,HIGH,Weak configuration,UNDER_REVIEW
VUL-00994,AST-0137,CVE-2024-0001,HIGH,Outdated service,MITIGATED
VUL-00995,AST-0340,CVE-2026-4105,MEDIUM,Weak configuration,UNDER_REVIEW
VUL-00996,AST-0078,CVE-2024-0001,CRITICAL,Weak configuration,OPEN
VUL-00997,AST-0023,CVE-2024-0001,HIGH,Weak configuration,MITIGATED
VUL-00998,AST-0280,CVE-2025-2003,CRITICAL,Unpatched component,OPEN
VUL-00999,AST-0420,CVE-2026-4105,LOW,Unpatched component,MITIGATED
VUL-01000,AST-0431,CVE-2024-0001,MEDIUM,Weak configuration,MITIGATED
VUL-01001,AST-0230,CVE-2024-0001,MEDIUM,Weak configuration,UNDER_REVIEW
VUL-01002,AST-0475,CVE-2026-4105,MEDIUM,Outdated service,MITIGATED
VUL-01003,AST-0001,CVE-2026-4105,LOW,Unpatched component,OPEN
VUL-01004,AST-0225,CVE-2024-0001,CRITICAL,Excessive privileges,MITIGATED
VUL-01005,AST-0048,CVE-2024-0001,CRITICAL,Unpatched component,OPEN
VUL-01006,AST-0097,CVE-2024-0001,MEDIUM,Outdated service,UNDER_REVIEW
VUL-01007,AST-0206,CVE-2025-2003,MEDIUM,Excessive privileges,OPEN
VUL-01008,AST-0260,CVE-2025-2003,LOW,Weak configuration,MITIGATED
VUL-01009,AST-0090,CVE-2024-0001,HIGH,Weak configuration,OPEN
VUL-01010,AST-0353,CVE-2026-4105,CRITICAL,Excessive privileges,OPEN
VUL-01011,AST-0412,CVE-2024-0001,MEDIUM,Weak configuration,MITIGATED
VUL-01012,AST-0059,CVE-2025-2003,CRITICAL,Excessive privileges,MITIGATED
VUL-01013,AST-0193,CVE-2024-0001,HIGH,Unpatched component,MITIGATED
VUL-01014,AST-0024,CVE-2024-0001,LOW,Unpatched component,UNDER_REVIEW
VUL-01015,AST-0367,CVE-2024-0001,HIGH,Weak configuration,OPEN
VUL-01016,AST-0094,CVE-2025-2003,CRITICAL,Weak configuration,OPEN
VUL-01017,AST-0090,CVE-2024-0001,CRITICAL,Outdated service,MITIGATED
VUL-01018,AST-0401,CVE-2026-4105,HIGH,Weak configuration,OPEN
VUL-01019,AST-0296,CVE-2025-2003,HIGH,Excessive privileges,OPEN
VUL-01020,AST-0250,CVE-2024-0001,MEDIUM,Excessive privileges,OPEN
VUL-01021,AST-0233,CVE-2025-2003,LOW,Weak configuration,UNDER_REVIEW
VUL-01022,AST-0332,CVE-2025-2003,CRITICAL,Unpatched component,UNDER_REVIEW
VUL-01023,AST-0289,CVE-2026-4105,LOW,Excessive privileges,UNDER_REVIEW
VUL-01024,AST-0488,CVE-2025-2003,CRITICAL,Unpatched component,MITIGATED
VUL-01025,AST-0093,CVE-2026-4105,MEDIUM,Excessive privileges,OPEN
VUL-01026,AST-0465,CVE-2025-2003,CRITICAL,Unpatched component,UNDER_REVIEW
VUL-01027,AST-0180,CVE-2026-4105,LOW,Excessive privileges,OPEN
VUL-01028,AST-0086,CVE-2026-4105,HIGH,Excessive privileges,UNDER_REVIEW
VUL-01029,AST-0062,CVE-2024-0001,MEDIUM,Weak configuration,OPEN
VUL-01030,AST-0378,CVE-2025-2003,MEDIUM,Weak configuration,UNDER_REVIEW
VUL-01031,AST-0065,CVE-2025-2003,CRITICAL,Weak configuration,OPEN
VUL-01032,AST-0498,CVE-2025-2003,LOW,Unpatched component,OPEN
VUL-01033,AST-0294,CVE-2026-4105,MEDIUM,Unpatched component,MITIGATED
VUL-01034,AST-0382,CVE-2024-0001,LOW,Excessive privileges,MITIGATED
VUL-01035,AST-0289,CVE-2026-4105,LOW,Unpatched component,OPEN
VUL-01036,AST-0354,CVE-2026-4105,MEDIUM,Unpatched component,OPEN
VUL-01037,AST-0082,CVE-2025-2003,HIGH,Excessive privileges,OPEN
VUL-01038,AST-0121,CVE-2024-0001,LOW,Outdated service,MITIGATED
VUL-01039,AST-0304,CVE-2026-4105,MEDIUM,Outdated service,MITIGATED
VUL-01040,AST-0413,CVE-2025-2003,MEDIUM,Unpatched component,OPEN
VUL-01041,AST-0363,CVE-2025-2003,HIGH,Weak configuration,MITIGATED
VUL-01042,AST-0243,CVE-2025-2003,CRITICAL,Excessive privileges,MITIGATED
VUL-01043,AST-0080,CVE-2024-0001,HIGH,Outdated service,OPEN
VUL-01044,AST-0159,CVE-2025-2003,HIGH,Excessive privileges,UNDER_REVIEW
VUL-01045,AST-0414,CVE-2024-0001,CRITICAL,Excessive privileges,OPEN
VUL-01046,AST-0402,CVE-2024-0001,LOW,Excessive privileges,OPEN
VUL-01047,AST-0028,CVE-2026-4105,LOW,Unpatched component,MITIGATED
VUL-01048,AST-0314,CVE-2024-0001,HIGH,Excessive privileges,UNDER_REVIEW
VUL-01049,AST-0398,CVE-2026-4105,CRITICAL,Outdated service,OPEN
VUL-01050,AST-0487,CVE-2026-4105,LOW,Outdated service,OPEN
VUL-01051,AST-0457,CVE-2026-4105,MEDIUM,Excessive privileges,OPEN
VUL-01052,AST-0006,CVE-2026-4105,HIGH,Weak configuration,MITIGATED
VUL-01053,AST-0304,CVE-2025-2003,HIGH,Unpatched component,OPEN
VUL-01054,AST-0290,CVE-2026-4105,MEDIUM,Excessive privileges,UNDER_REVIEW
VUL-01055,AST-0479,CVE-2025-2003,LOW,Unpatched component,OPEN
VUL-01056,AST-0395,CVE-2026-4105,CRITICAL,Unpatched component,MITIGATED
VUL-01057,AST-0331,CVE-2025-2003,HIGH,Excessive privileges,OPEN
VUL-01058,AST-0258,CVE-2024-0001,MEDIUM,Weak configuration,MITIGATED
VUL-01059,AST-0479,CVE-2026-4105,HIGH,Weak configuration,OPEN
VUL-01060,AST-0169,CVE-2026-4105,LOW,Unpatched component,MITIGATED
VUL-01061,AST-0448,CVE-2025-2003,LOW,Weak configuration,MITIGATED
VUL-01062,AST-0066,CVE-2025-2003,HIGH,Outdated service,MITIGATED
VUL-01063,AST-0257,CVE-2026-4105,CRITICAL,Weak configuration,MITIGATED
VUL-01064,AST-0225,CVE-2025-2003,CRITICAL,Weak configuration,MITIGATED
VUL-01065,AST-0319,CVE-2024-0001,CRITICAL,Weak configuration,OPEN
VUL-01066,AST-0349,CVE-2024-0001,LOW,Excessive privileges,UNDER_REVIEW
VUL-01067,AST-0393,CVE-2026-4105,CRITICAL,Weak configuration,OPEN
VUL-01068,AST-0425,CVE-2024-0001,LOW,Outdated service,UNDER_REVIEW
VUL-01069,AST-0220,CVE-2026-4105,MEDIUM,Weak configuration,UNDER_REVIEW
VUL-01070,AST-0085,CVE-2025-2003,MEDIUM,Excessive privileges,MITIGATED
VUL-01071,AST-0084,CVE-2026-4105,CRITICAL,Weak configuration,UNDER_REVIEW
VUL-01072,AST-0325,CVE-2025-2003,HIGH,Unpatched component,UNDER_REVIEW
VUL-01073,AST-0110,CVE-2026-4105,LOW,Unpatched component,OPEN
VUL-01074,AST-0303,CVE-2024-0001,HIGH,Outdated service,OPEN
VUL-01075,AST-0334,CVE-2026-4105,LOW,Excessive privileges,UNDER_REVIEW
VUL-01076,AST-0395,CVE-2025-2003,MEDIUM,Outdated service,MITIGATED
VUL-01077,AST-0036,CVE-2026-4105,CRITICAL,Unpatched component,OPEN
VUL-01078,AST-0311,CVE-2024-0001,LOW,Outdated service,MITIGATED
VUL-01079,AST-0028,CVE-2024-0001,MEDIUM,Weak configuration,OPEN
VUL-01080,AST-0333,CVE-2025-2003,HIGH,Outdated service,MITIGATED
VUL-01081,AST-0237,CVE-2025-2003,MEDIUM,Outdated service,OPEN
VUL-01082,AST-0395,CVE-2026-4105,CRITICAL,Excessive privileges,MITIGATED
VUL-01083,AST-0316,CVE-2025-2003,LOW,Weak configuration,UNDER_REVIEW
VUL-01084,AST-0372,CVE-2024-0001,LOW,Weak configuration,OPEN
VUL-01085,AST-0391,CVE-2026-4105,CRITICAL,Excessive privileges,UNDER_REVIEW
VUL-01086,AST-0103,CVE-2026-4105,MEDIUM,Unpatched component,MITIGATED
VUL-01087,AST-0201,CVE-2024-0001,HIGH,Outdated service,MITIGATED
VUL-01088,AST-0041,CVE-2025-2003,LOW,Excessive privileges,OPEN
VUL-01089,AST-0335,CVE-2025-2003,HIGH,Outdated service,OPEN
VUL-01090,AST-0418,CVE-2024-0001,HIGH,Excessive privileges,OPEN
VUL-01091,AST-0151,CVE-2024-0001,HIGH,Weak configuration,OPEN
VUL-01092,AST-0025,CVE-2025-2003,HIGH,Unpatched component,OPEN
VUL-01093,AST-0102,CVE-2026-4105,MEDIUM,Weak configuration,MITIGATED
VUL-01094,AST-0397,CVE-2024-0001,CRITICAL,Weak configuration,MITIGATED
VUL-01095,AST-0161,CVE-2025-2003,HIGH,Unpatched component,MITIGATED
VUL-01096,AST-0268,CVE-2024-0001,MEDIUM,Outdated service,MITIGATED
VUL-01097,AST-0157,CVE-2025-2003,LOW,Outdated service,OPEN
VUL-01098,AST-0007,CVE-2024-0001,HIGH,Unpatched component,OPEN
VUL-01099,AST-0207,CVE-2024-0001,LOW,Unpatched component,OPEN
VUL-01100,AST-0391,CVE-2024-0001,MEDIUM,Excessive privileges,MITIGATED
VUL-01101,AST-0061,CVE-2025-2003,CRITICAL,Unpatched component,UNDER_REVIEW
VUL-01102,AST-0244,CVE-2024-0001,HIGH,Excessive privileges,OPEN
VUL-01103,AST-0031,CVE-2025-2003,HIGH,Outdated service,MITIGATED
VUL-01104,AST-0494,CVE-2026-4105,MEDIUM,Excessive privileges,OPEN
VUL-01105,AST-0076,CVE-2024-0001,MEDIUM,Outdated service,OPEN
VUL-01106,AST-0143,CVE-2024-0001,MEDIUM,Outdated service,MITIGATED
VUL-01107,AST-0466,CVE-2025-2003,MEDIUM,Outdated service,MITIGATED
VUL-01108,AST-0182,CVE-2025-2003,LOW,Outdated service,UNDER_REVIEW
VUL-01109,AST-0203,CVE-2026-4105,LOW,Outdated service,UNDER_REVIEW
VUL-01110,AST-0200,CVE-2024-0001,CRITICAL,Unpatched component,MITIGATED
VUL-01111,AST-0208,CVE-2025-2003,CRITICAL,Excessive privileges,MITIGATED
VUL-01112,AST-0212,CVE-2024-0001,CRITICAL,Outdated service,UNDER_REVIEW
VUL-01113,AST-0247,CVE-2025-2003,CRITICAL,Unpatched component,OPEN
VUL-01114,AST-0484,CVE-2024-0001,LOW,Excessive privileges,MITIGATED
VUL-01115,AST-0129,CVE-2024-0001,MEDIUM,Outdated service,MITIGATED
VUL-01116,AST-0143,CVE-2026-4105,LOW,Weak configuration,MITIGATED
VUL-01117,AST-0444,CVE-2025-2003,LOW,Unpatched component,MITIGATED
VUL-01118,AST-0163,CVE-2024-0001,HIGH,Unpatched component,MITIGATED
VUL-01119,AST-0311,CVE-2024-0001,MEDIUM,Excessive privileges,UNDER_REVIEW
VUL-01120,AST-0221,CVE-2025-2003,CRITICAL,Excessive privileges,MITIGATED
VUL-01121,AST-0351,CVE-2024-0001,LOW,Unpatched component,OPEN
VUL-01122,AST-0468,CVE-2025-2003,LOW,Outdated service,MITIGATED
VUL-01123,AST-0416,CVE-2024-0001,HIGH,Excessive privileges,OPEN
VUL-01124,AST-0474,CVE-2026-4105,MEDIUM,Outdated service,MITIGATED
VUL-01125,AST-0425,CVE-2026-4105,CRITICAL,Outdated service,MITIGATED
VUL-01126,AST-0336,CVE-2024-0001,MEDIUM,Weak configuration,OPEN
VUL-01127,AST-0152,CVE-2025-2003,CRITICAL,Unpatched component,OPEN
VUL-01128,AST-0249,CVE-2024-0001,LOW,Weak configuration,UNDER_REVIEW
VUL-01129,AST-0094,CVE-2024-0001,MEDIUM,Outdated service,MITIGATED
VUL-01130,AST-0024,CVE-2026-4105,MEDIUM,Unpatched component,MITIGATED
VUL-01131,AST-0198,CVE-2025-2003,LOW,Weak configuration,MITIGATED
VUL-01132,AST-0370,CVE-2025-2003,MEDIUM,Unpatched component,UNDER_REVIEW
VUL-01133,AST-0430,CVE-2026-4105,CRITICAL,Outdated service,OPEN
VUL-01134,AST-0336,CVE-2025-2003,LOW,Unpatched component,UNDER_REVIEW
VUL-01135,AST-0112,CVE-2025-2003,CRITICAL,Outdated service,UNDER_REVIEW
VUL-01136,AST-0054,CVE-2024-0001,LOW,Outdated service,MITIGATED
VUL-01137,AST-0130,CVE-2025-2003,HIGH,Weak configuration,OPEN
VUL-01138,AST-0249,CVE-2026-4105,MEDIUM,Unpatched component,OPEN
VUL-01139,AST-0211,CVE-2024-0001,CRITICAL,Weak configuration,UNDER_REVIEW
VUL-01140,AST-0364,CVE-2025-2003,CRITICAL,Weak configuration,UNDER_REVIEW
VUL-01141,AST-0028,CVE-2026-4105,MEDIUM,Unpatched component,UNDER_REVIEW
VUL-01142,AST-0114,CVE-2026-4105,CRITICAL,Weak configuration,OPEN
VUL-01143,AST-0311,CVE-2025-2003,MEDIUM,Outdated service,MITIGATED
VUL-01144,AST-0497,CVE-2024-0001,HIGH,Excessive privileges,OPEN
VUL-01145,AST-0136,CVE-2024-0001,CRITICAL,Weak configuration,OPEN
VUL-01146,AST-0347,CVE-2026-4105,CRITICAL,Excessive privileges,MITIGATED
VUL-01147,AST-0076,CVE-2025-2003,HIGH,Outdated service,UNDER_REVIEW
VUL-01148,AST-0273,CVE-2026-4105,LOW,Excessive privileges,UNDER_REVIEW
VUL-01149,AST-0287,CVE-2024-0001,CRITICAL,Outdated service,OPEN
VUL-01150,AST-0194,CVE-2024-0001,MEDIUM,Excessive privileges,OPEN
VUL-01151,AST-0296,CVE-2026-4105,MEDIUM,Weak configuration,UNDER_REVIEW
VUL-01152,AST-0272,CVE-2025-2003,MEDIUM,Excessive privileges,OPEN
VUL-01153,AST-0055,CVE-2025-2003,HIGH,Weak configuration,UNDER_REVIEW
VUL-01154,AST-0174,CVE-2025-2003,LOW,Unpatched component,MITIGATED
VUL-01155,AST-0213,CVE-2026-4105,HIGH,Outdated service,OPEN
VUL-01156,AST-0349,CVE-2026-4105,HIGH,Outdated service,UNDER_REVIEW
VUL-01157,AST-0137,CVE-2024-0001,LOW,Excessive privileges,UNDER_REVIEW
VUL-01158,AST-0354,CVE-2025-2003,CRITICAL,Unpatched component,UNDER_REVIEW
VUL-01159,AST-0454,CVE-2026-4105,HIGH,Unpatched component,MITIGATED
VUL-01160,AST-0495,CVE-2026-4105,HIGH,Outdated service,OPEN
VUL-01161,AST-0309,CVE-2026-4105,CRITICAL,Excessive privileges,MITIGATED
VUL-01162,AST-0062,CVE-2024-0001,LOW,Weak configuration,UNDER_REVIEW
VUL-01163,AST-0216,CVE-2025-2003,HIGH,Weak configuration,OPEN
VUL-01164,AST-0210,CVE-2024-0001,MEDIUM,Unpatched component,OPEN
VUL-01165,AST-0186,CVE-2026-4105,LOW,Unpatched component,UNDER_REVIEW
VUL-01166,AST-0067,CVE-2024-0001,LOW,Excessive privileges,MITIGATED
VUL-01167,AST-0210,CVE-2025-2003,MEDIUM,Weak configuration,UNDER_REVIEW
VUL-01168,AST-0204,CVE-2026-4105,HIGH,Outdated service,MITIGATED
VUL-01169,AST-0171,CVE-2025-2003,HIGH,Outdated service,UNDER_REVIEW
VUL-01170,AST-0162,CVE-2026-4105,CRITICAL,Outdated service,UNDER_REVIEW
VUL-01171,AST-0145,CVE-2026-4105,LOW,Unpatched component,OPEN
VUL-01172,AST-0245,CVE-2025-2003,MEDIUM,Outdated service,MITIGATED
VUL-01173,AST-0315,CVE-2024-0001,LOW,Outdated service,MITIGATED
VUL-01174,AST-0194,CVE-2026-4105,LOW,Outdated service,OPEN
VUL-01175,AST-0500,CVE-2024-0001,CRITICAL,Outdated service,OPEN
VUL-01176,AST-0471,CVE-2025-2003,CRITICAL,Excessive privileges,MITIGATED
VUL-01177,AST-0355,CVE-2026-4105,MEDIUM,Outdated service,UNDER_REVIEW
VUL-01178,AST-0147,CVE-2025-2003,HIGH,Outdated service,UNDER_REVIEW
VUL-01179,AST-0105,CVE-2025-2003,CRITICAL,Weak configuration,MITIGATED
VUL-01180,AST-0478,CVE-2026-4105,HIGH,Outdated service,OPEN
VUL-01181,AST-0492,CVE-2024-0001,LOW,Weak configuration,MITIGATED
VUL-01182,AST-0280,CVE-2024-0001,CRITICAL,Unpatched component,UNDER_REVIEW
VUL-01183,AST-0409,CVE-2026-4105,LOW,Weak configuration,OPEN
VUL-01184,AST-0428,CVE-2025-2003,LOW,Unpatched component,UNDER_REVIEW
VUL-01185,AST-0266,CVE-2024-0001,HIGH,Excessive privileges,MITIGATED
VUL-01186,AST-0279,CVE-2025-2003,LOW,Weak configuration,MITIGATED
VUL-01187,AST-0252,CVE-2024-0001,HIGH,Outdated service,OPEN
VUL-01188,AST-0342,CVE-2025-2003,MEDIUM,Outdated service,MITIGATED
VUL-01189,AST-0299,CVE-2025-2003,MEDIUM,Excessive privileges,UNDER_REVIEW
VUL-01190,AST-0374,CVE-2026-4105,CRITICAL,Weak configuration,OPEN
VUL-01191,AST-0258,CVE-2024-0001,CRITICAL,Excessive privileges,OPEN
VUL-01192,AST-0085,CVE-2024-0001,HIGH,Outdated service,OPEN
VUL-01193,AST-0105,CVE-2024-0001,CRITICAL,Outdated service,OPEN
VUL-01194,AST-0257,CVE-2026-4105,LOW,Excessive privileges,OPEN
VUL-01195,AST-0324,CVE-2025-2003,HIGH,Outdated service,OPEN
VUL-01196,AST-0384,CVE-2026-4105,CRITICAL,Outdated service,UNDER_REVIEW
VUL-01197,AST-0289,CVE-2024-0001,CRITICAL,Excessive privileges,MITIGATED
VUL-01198,AST-0125,CVE-2025-2003,LOW,Weak configuration,UNDER_REVIEW
VUL-01199,AST-0500,CVE-2024-0001,MEDIUM,Unpatched component,MITIGATED
VUL-01200,AST-0016,CVE-2026-4105,HIGH,Outdated service,OPEN
VUL-01201,AST-0224,CVE-2025-2003,MEDIUM,Unpatched component,UNDER_REVIEW
VUL-01202,AST-0055,CVE-2026-4105,LOW,Outdated service,OPEN
VUL-01203,AST-0263,CVE-2026-4105,MEDIUM,Excessive privileges,UNDER_REVIEW
VUL-01204,AST-0175,CVE-2026-4105,LOW,Unpatched component,UNDER_REVIEW
VUL-01205,AST-0147,CVE-2026-4105,CRITICAL,Excessive privileges,OPEN
VUL-01206,AST-0245,CVE-2026-4105,CRITICAL,Weak configuration,OPEN
VUL-01207,AST-0184,CVE-2025-2003,CRITICAL,Unpatched component,MITIGATED
VUL-01208,AST-0056,CVE-2024-0001,CRITICAL,Excessive privileges,OPEN
VUL-01209,AST-0005,CVE-2024-0001,HIGH,Excessive privileges,OPEN
VUL-01210,AST-0121,CVE-2025-2003,CRITICAL,Weak configuration,OPEN
VUL-01211,AST-0468,CVE-2024-0001,HIGH,Weak configuration,MITIGATED
VUL-01212,AST-0351,CVE-2025-2003,CRITICAL,Outdated service,MITIGATED
VUL-01213,AST-0326,CVE-2024-0001,MEDIUM,Unpatched component,OPEN
VUL-01214,AST-0097,CVE-2024-0001,LOW,Excessive privileges,MITIGATED
VUL-01215,AST-0287,CVE-2024-0001,HIGH,Weak configuration,MITIGATED
VUL-01216,AST-0269,CVE-2026-4105,MEDIUM,Unpatched component,MITIGATED
VUL-01217,AST-0486,CVE-2026-4105,HIGH,Weak configuration,UNDER_REVIEW
VUL-01218,AST-0325,CVE-2024-0001,LOW,Unpatched component,UNDER_REVIEW
VUL-01219,AST-0339,CVE-2024-0001,CRITICAL,Outdated service,UNDER_REVIEW
VUL-01220,AST-0473,CVE-2026-4105,HIGH,Unpatched component,OPEN
VUL-01221,AST-0358,CVE-2024-0001,CRITICAL,Unpatched component,OPEN
VUL-01222,AST-0436,CVE-2025-2003,CRITICAL,Unpatched component,OPEN
VUL-01223,AST-0229,CVE-2025-2003,CRITICAL,Weak configuration,OPEN
VUL-01224,AST-0115,CVE-2026-4105,CRITICAL,Unpatched component,OPEN
VUL-01225,AST-0305,CVE-2025-2003,HIGH,Outdated service,UNDER_REVIEW
VUL-01226,AST-0337,CVE-2024-0001,HIGH,Outdated service,UNDER_REVIEW
VUL-01227,AST-0465,CVE-2026-4105,MEDIUM,Outdated service,OPEN
VUL-01228,AST-0493,CVE-2024-0001,LOW,Unpatched component,OPEN
VUL-01229,AST-0335,CVE-2024-0001,CRITICAL,Unpatched component,MITIGATED
VUL-01230,AST-0302,CVE-2024-0001,CRITICAL,Excessive privileges,UNDER_REVIEW
VUL-01231,AST-0390,CVE-2025-2003,CRITICAL,Excessive privileges,UNDER_REVIEW
VUL-01232,AST-0339,CVE-2025-2003,CRITICAL,Weak configuration,UNDER_REVIEW
VUL-01233,AST-0373,CVE-2024-0001,HIGH,Unpatched component,MITIGATED
VUL-01234,AST-0158,CVE-2026-4105,HIGH,Outdated service,UNDER_REVIEW
VUL-01235,AST-0395,CVE-2025-2003,CRITICAL,Outdated service,OPEN
VUL-01236,AST-0310,CVE-2026-4105,MEDIUM,Outdated service,MITIGATED
VUL-01237,AST-0080,CVE-2026-4105,HIGH,Outdated service,MITIGATED
VUL-01238,AST-0406,CVE-2025-2003,LOW,Unpatched component,OPEN
VUL-01239,AST-0076,CVE-2024-0001,MEDIUM,Outdated service,UNDER_REVIEW
VUL-01240,AST-0384,CVE-2025-2003,MEDIUM,Outdated service,UNDER_REVIEW
VUL-01241,AST-0365,CVE-2024-0001,CRITICAL,Outdated service,OPEN
VUL-01242,AST-0298,CVE-2025-2003,HIGH,Weak configuration,MITIGATED
VUL-01243,AST-0403,CVE-2026-4105,CRITICAL,Weak configuration,OPEN
VUL-01244,AST-0254,CVE-2024-0001,CRITICAL,Weak configuration,MITIGATED
VUL-01245,AST-0327,CVE-2026-4105,LOW,Weak configuration,OPEN
VUL-01246,AST-0442,CVE-2026-4105,HIGH,Weak configuration,UNDER_REVIEW
VUL-01247,AST-0396,CVE-2025-2003,CRITICAL,Outdated service,MITIGATED
VUL-01248,AST-0438,CVE-2024-0001,HIGH,Outdated service,OPEN
VUL-01249,AST-0404,CVE-2024-0001,MEDIUM,Outdated service,OPEN
VUL-01250,AST-0130,CVE-2024-0001,LOW,Excessive privileges,UNDER_REVIEW
VUL-01251,AST-0424,CVE-2025-2003,MEDIUM,Outdated service,MITIGATED
VUL-01252,AST-0347,CVE-2024-0001,HIGH,Outdated service,MITIGATED
VUL-01253,AST-0322,CVE-2024-0001,CRITICAL,Unpatched component,MITIGATED
VUL-01254,AST-0143,CVE-2025-2003,HIGH,Unpatched component,MITIGATED
VUL-01255,AST-0443,CVE-2024-0001,LOW,Excessive privileges,MITIGATED
VUL-01256,AST-0421,CVE-2025-2003,HIGH,Outdated service,OPEN
VUL-01257,AST-0395,CVE-2025-2003,HIGH,Weak configuration,OPEN
VUL-01258,AST-0215,CVE-2025-2003,LOW,Outdated service,OPEN
VUL-01259,AST-0016,CVE-2026-4105,MEDIUM,Excessive privileges,UNDER_REVIEW
VUL-01260,AST-0199,CVE-2024-0001,CRITICAL,Unpatched component,OPEN
VUL-01261,AST-0491,CVE-2024-0001,MEDIUM,Weak configuration,MITIGATED
VUL-01262,AST-0329,CVE-2025-2003,CRITICAL,Unpatched component,OPEN
VUL-01263,AST-0274,CVE-2024-0001,MEDIUM,Weak configuration,UNDER_REVIEW
VUL-01264,AST-0057,CVE-2024-0001,CRITICAL,Unpatched component,UNDER_REVIEW
VUL-01265,AST-0157,CVE-2026-4105,MEDIUM,Outdated service,UNDER_REVIEW
VUL-01266,AST-0442,CVE-2025-2003,MEDIUM,Unpatched component,UNDER_REVIEW
VUL-01267,AST-0185,CVE-2026-4105,CRITICAL,Unpatched component,OPEN
VUL-01268,AST-0479,CVE-2025-2003,HIGH,Outdated service,MITIGATED
VUL-01269,AST-0181,CVE-2025-2003,CRITICAL,Outdated service,OPEN
VUL-01270,AST-0424,CVE-2026-4105,MEDIUM,Outdated service,OPEN
VUL-01271,AST-0276,CVE-2026-4105,MEDIUM,Weak configuration,UNDER_REVIEW
VUL-01272,AST-0487,CVE-2025-2003,MEDIUM,Outdated service,UNDER_REVIEW
VUL-01273,AST-0438,CVE-2025-2003,CRITICAL,Outdated service,UNDER_REVIEW
VUL-01274,AST-0148,CVE-2026-4105,HIGH,Outdated service,MITIGATED
VUL-01275,AST-0352,CVE-2024-0001,MEDIUM,Weak configuration,MITIGATED
VUL-01276,AST-0208,CVE-2024-0001,HIGH,Unpatched component,MITIGATED
VUL-01277,AST-0481,CVE-2025-2003,CRITICAL,Unpatched component,MITIGATED
VUL-01278,AST-0435,CVE-2024-0001,MEDIUM,Unpatched component,OPEN
VUL-01279,AST-0271,CVE-2025-2003,CRITICAL,Outdated service,OPEN
VUL-01280,AST-0288,CVE-2026-4105,CRITICAL,Weak configuration,MITIGATED
VUL-01281,AST-0311,CVE-2024-0001,LOW,Outdated service,MITIGATED
VUL-01282,AST-0422,CVE-2025-2003,HIGH,Unpatched component,UNDER_REVIEW
VUL-01283,AST-0240,CVE-2026-4105,MEDIUM,Unpatched component,UNDER_REVIEW
VUL-01284,AST-0077,CVE-2026-4105,HIGH,Weak configuration,UNDER_REVIEW
VUL-01285,AST-0470,CVE-2025-2003,LOW,Weak configuration,OPEN
VUL-01286,AST-0295,CVE-2024-0001,MEDIUM,Unpatched component,UNDER_REVIEW
VUL-01287,AST-0260,CVE-2026-4105,LOW,Weak configuration,OPEN
VUL-01288,AST-0269,CVE-2024-0001,HIGH,Unpatched component,UNDER_REVIEW
VUL-01289,AST-0164,CVE-2026-4105,MEDIUM,Weak configuration,OPEN
VUL-01290,AST-0222,CVE-2025-2003,CRITICAL,Outdated service,UNDER_REVIEW
VUL-01291,AST-0392,CVE-2025-2003,MEDIUM,Weak configuration,UNDER_REVIEW
VUL-01292,AST-0084,CVE-2024-0001,MEDIUM,Unpatched component,UNDER_REVIEW
VUL-01293,AST-0071,CVE-2024-0001,LOW,Weak configuration,UNDER_REVIEW
VUL-01294,AST-0213,CVE-2025-2003,HIGH,Excessive privileges,MITIGATED
VUL-01295,AST-0304,CVE-2025-2003,CRITICAL,Outdated service,MITIGATED
VUL-01296,AST-0204,CVE-2024-0001,LOW,Weak configuration,OPEN
VUL-01297,AST-0226,CVE-2026-4105,LOW,Excessive privileges,UNDER_REVIEW
VUL-01298,AST-0051,CVE-2024-0001,MEDIUM,Excessive privileges,MITIGATED
VUL-01299,AST-0212,CVE-2024-0001,LOW,Outdated service,OPEN
VUL-01300,AST-0092,CVE-2025-2003,HIGH,Outdated service,MITIGATED
VUL-01301,AST-0188,CVE-2024-0001,CRITICAL,Unpatched component,UNDER_REVIEW
VUL-01302,AST-0435,CVE-2024-0001,MEDIUM,Unpatched component,OPEN
VUL-01303,AST-0492,CVE-2026-4105,MEDIUM,Weak configuration,OPEN
VUL-01304,AST-0024,CVE-2026-4105,HIGH,Excessive privileges,UNDER_REVIEW
VUL-01305,AST-0178,CVE-2025-2003,HIGH,Weak configuration,MITIGATED
VUL-01306,AST-0010,CVE-2025-2003,LOW,Weak configuration,OPEN
VUL-01307,AST-0249,CVE-2026-4105,CRITICAL,Excessive privileges,OPEN
VUL-01308,AST-0309,CVE-2025-2003,CRITICAL,Weak configuration,OPEN
VUL-01309,AST-0020,CVE-2025-2003,LOW,Weak configuration,UNDER_REVIEW
VUL-01310,AST-0428,CVE-2026-4105,HIGH,Unpatched component,MITIGATED
VUL-01311,AST-0170,CVE-2026-4105,LOW,Outdated service,MITIGATED
VUL-01312,AST-0359,CVE-2025-2003,MEDIUM,Unpatched component,MITIGATED
VUL-01313,AST-0334,CVE-2026-4105,HIGH,Weak configuration,UNDER_REVIEW
VUL-01314,AST-0312,CVE-2025-2003,CRITICAL,Outdated service,UNDER_REVIEW
VUL-01315,AST-0405,CVE-2025-2003,CRITICAL,Excessive privileges,UNDER_REVIEW
VUL-01316,AST-0006,CVE-2024-0001,HIGH,Unpatched component,MITIGATED
VUL-01317,AST-0086,CVE-2024-0001,HIGH,Weak configuration,UNDER_REVIEW
VUL-01318,AST-0022,CVE-2024-0001,LOW,Excessive privileges,MITIGATED
VUL-01319,AST-0336,CVE-2024-0001,CRITICAL,Unpatched component,OPEN
VUL-01320,AST-0341,CVE-2025-2003,MEDIUM,Weak configuration,MITIGATED
VUL-01321,AST-0480,CVE-2026-4105,CRITICAL,Excessive privileges,UNDER_REVIEW
VUL-01322,AST-0147,CVE-2024-0001,LOW,Weak configuration,MITIGATED
VUL-01323,AST-0324,CVE-2026-4105,MEDIUM,Weak configuration,OPEN
VUL-01324,AST-0155,CVE-2024-0001,MEDIUM,Excessive privileges,MITIGATED
VUL-01325,AST-0320,CVE-2026-4105,MEDIUM,Unpatched component,UNDER_REVIEW
VUL-01326,AST-0131,CVE-2024-0001,HIGH,Outdated service,MITIGATED
VUL-01327,AST-0319,CVE-2025-2003,CRITICAL,Unpatched component,MITIGATED
VUL-01328,AST-0441,CVE-2026-4105,MEDIUM,Weak configuration,UNDER_REVIEW
VUL-01329,AST-0369,CVE-2025-2003,CRITICAL,Outdated service,MITIGATED
VUL-01330,AST-0025,CVE-2025-2003,MEDIUM,Outdated service,MITIGATED
VUL-01331,AST-0465,CVE-2025-2003,LOW,Weak configuration,MITIGATED
VUL-01332,AST-0388,CVE-2025-2003,MEDIUM,Excessive privileges,MITIGATED
VUL-01333,AST-0484,CVE-2026-4105,MEDIUM,Weak configuration,MITIGATED
VUL-01334,AST-0401,CVE-2026-4105,LOW,Excessive privileges,OPEN
VUL-01335,AST-0386,CVE-2024-0001,LOW,Excessive privileges,MITIGATED
VUL-01336,AST-0123,CVE-2025-2003,CRITICAL,Weak configuration,MITIGATED
VUL-01337,AST-0050,CVE-2024-0001,LOW,Weak configuration,MITIGATED
VUL-01338,AST-0439,CVE-2026-4105,HIGH,Weak configuration,MITIGATED
VUL-01339,AST-0460,CVE-2026-4105,LOW,Unpatched component,OPEN
VUL-01340,AST-0137,CVE-2024-0001,CRITICAL,Unpatched component,OPEN
VUL-01341,AST-0468,CVE-2024-0001,LOW,Outdated service,UNDER_REVIEW
VUL-01342,AST-0186,CVE-2025-2003,HIGH,Unpatched component,MITIGATED
VUL-01343,AST-0246,CVE-2026-4105,CRITICAL,Unpatched component,MITIGATED
VUL-01344,AST-0047,CVE-2026-4105,MEDIUM,Weak configuration,UNDER_REVIEW
VUL-01345,AST-0096,CVE-2026-4105,HIGH,Weak configuration,OPEN
VUL-01346,AST-0317,CVE-2026-4105,HIGH,Outdated service,UNDER_REVIEW
VUL-01347,AST-0462,CVE-2024-0001,CRITICAL,Excessive privileges,MITIGATED
VUL-01348,AST-0044,CVE-2026-4105,CRITICAL,Unpatched component,UNDER_REVIEW
VUL-01349,AST-0337,CVE-2026-4105,HIGH,Outdated service,MITIGATED
VUL-01350,AST-0436,CVE-2026-4105,MEDIUM,Weak configuration,MITIGATED
VUL-01351,AST-0162,CVE-2024-0001,HIGH,Outdated service,MITIGATED
VUL-01352,AST-0025,CVE-2025-2003,CRITICAL,Unpatched component,OPEN
VUL-01353,AST-0294,CVE-2026-4105,LOW,Weak configuration,MITIGATED
VUL-01354,AST-0272,CVE-2025-2003,CRITICAL,Unpatched component,OPEN
VUL-01355,AST-0498,CVE-2024-0001,LOW,Weak configuration,UNDER_REVIEW
VUL-01356,AST-0261,CVE-2026-4105,CRITICAL,Outdated service,OPEN
VUL-01357,AST-0112,CVE-2026-4105,MEDIUM,Excessive privileges,UNDER_REVIEW
VUL-01358,AST-0299,CVE-2026-4105,MEDIUM,Outdated service,MITIGATED
VUL-01359,AST-0172,CVE-2024-0001,CRITICAL,Weak configuration,OPEN
VUL-01360,AST-0196,CVE-2025-2003,HIGH,Unpatched component,OPEN
VUL-01361,AST-0183,CVE-2025-2003,LOW,Outdated service,OPEN
VUL-01362,AST-0186,CVE-2024-0001,CRITICAL,Unpatched component,UNDER_REVIEW
VUL-01363,AST-0087,CVE-2026-4105,HIGH,Unpatched component,MITIGATED
VUL-01364,AST-0348,CVE-2025-2003,CRITICAL,Outdated service,OPEN
VUL-01365,AST-0169,CVE-2024-0001,LOW,Excessive privileges,UNDER_REVIEW
VUL-01366,AST-0049,CVE-2024-0001,MEDIUM,Unpatched component,OPEN
VUL-01367,AST-0272,CVE-2025-2003,CRITICAL,Outdated service,OPEN
VUL-01368,AST-0092,CVE-2026-4105,LOW,Outdated service,OPEN
VUL-01369,AST-0244,CVE-2025-2003,HIGH,Unpatched component,OPEN
VUL-01370,AST-0212,CVE-2025-2003,MEDIUM,Excessive privileges,OPEN
VUL-01371,AST-0455,CVE-2024-0001,LOW,Outdated service,UNDER_REVIEW
VUL-01372,AST-0267,CVE-2026-4105,CRITICAL,Weak configuration,OPEN
VUL-01373,AST-0341,CVE-2026-4105,MEDIUM,Weak configuration,MITIGATED
VUL-01374,AST-0166,CVE-2025-2003,CRITICAL,Outdated service,MITIGATED
VUL-01375,AST-0461,CVE-2024-0001,HIGH,Outdated service,MITIGATED
VUL-01376,AST-0128,CVE-2026-4105,LOW,Outdated service,UNDER_REVIEW
VUL-01377,AST-0262,CVE-2024-0001,LOW,Outdated service,MITIGATED
VUL-01378,AST-0120,CVE-2026-4105,MEDIUM,Outdated service,OPEN
VUL-01379,AST-0095,CVE-2026-4105,LOW,Weak configuration,MITIGATED
VUL-01380,AST-0418,CVE-2026-4105,LOW,Unpatched component,OPEN
VUL-01381,AST-0176,CVE-2025-2003,HIGH,Unpatched component,MITIGATED
VUL-01382,AST-0079,CVE-2024-0001,HIGH,Outdated service,UNDER_REVIEW
VUL-01383,AST-0389,CVE-2024-0001,HIGH,Weak configuration,UNDER_REVIEW
VUL-01384,AST-0258,CVE-2026-4105,MEDIUM,Outdated service,OPEN
VUL-01385,AST-0338,CVE-2025-2003,LOW,Weak configuration,UNDER_REVIEW
VUL-01386,AST-0500,CVE-2025-2003,CRITICAL,Excessive privileges,OPEN
VUL-01387,AST-0025,CVE-2026-4105,HIGH,Unpatched component,MITIGATED
VUL-01388,AST-0209,CVE-2024-0001,LOW,Weak configuration,MITIGATED
VUL-01389,AST-0500,CVE-2026-4105,HIGH,Unpatched component,UNDER_REVIEW
VUL-01390,AST-0213,CVE-2025-2003,LOW,Unpatched component,OPEN
VUL-01391,AST-0482,CVE-2024-0001,LOW,Outdated service,MITIGATED
VUL-01392,AST-0293,CVE-2025-2003,HIGH,Unpatched component,UNDER_REVIEW
VUL-01393,AST-0384,CVE-2024-0001,HIGH,Excessive privileges,MITIGATED
VUL-01394,AST-0245,CVE-2025-2003,HIGH,Excessive privileges,MITIGATED
VUL-01395,AST-0078,CVE-2024-0001,HIGH,Outdated service,UNDER_REVIEW
VUL-01396,AST-0268,CVE-2024-0001,MEDIUM,Weak configuration,MITIGATED
VUL-01397,AST-0116,CVE-2025-2003,HIGH,Unpatched component,MITIGATED
VUL-01398,AST-0495,CVE-2025-2003,LOW,Outdated service,MITIGATED
VUL-01399,AST-0299,CVE-2024-0001,MEDIUM,Outdated service,UNDER_REVIEW
VUL-01400,AST-0382,CVE-2024-0001,CRITICAL,Outdated service,UNDER_REVIEW
VUL-01401,AST-0382,CVE-2025-2003,CRITICAL,Outdated service,OPEN
VUL-01402,AST-0479,CVE-2024-0001,CRITICAL,Outdated service,UNDER_REVIEW
VUL-01403,AST-0210,CVE-2025-2003,CRITICAL,Weak configuration,OPEN
VUL-01404,AST-0247,CVE-2025-2003,LOW,Outdated service,OPEN
VUL-01405,AST-0142,CVE-2026-4105,HIGH,Unpatched component,OPEN
VUL-01406,AST-0165,CVE-2026-4105,HIGH,Unpatched component,MITIGATED
VUL-01407,AST-0363,CVE-2025-2003,CRITICAL,Outdated service,MITIGATED
VUL-01408,AST-0228,CVE-2024-0001,MEDIUM,Weak configuration,MITIGATED
VUL-01409,AST-0246,CVE-2026-4105,HIGH,Unpatched component,MITIGATED
VUL-01410,AST-0028,CVE-2026-4105,HIGH,Weak configuration,OPEN
VUL-01411,AST-0163,CVE-2026-4105,HIGH,Outdated service,UNDER_REVIEW
VUL-01412,AST-0463,CVE-2024-0001,HIGH,Weak configuration,OPEN
VUL-01413,AST-0154,CVE-2025-2003,MEDIUM,Outdated service,MITIGATED
VUL-01414,AST-0066,CVE-2025-2003,CRITICAL,Weak configuration,OPEN
VUL-01415,AST-0220,CVE-2024-0001,HIGH,Outdated service,MITIGATED
VUL-01416,AST-0443,CVE-2024-0001,MEDIUM,Outdated service,UNDER_REVIEW
VUL-01417,AST-0488,CVE-2024-0001,LOW,Excessive privileges,MITIGATED
VUL-01418,AST-0360,CVE-2026-4105,MEDIUM,Outdated service,OPEN
VUL-01419,AST-0479,CVE-2024-0001,MEDIUM,Excessive privileges,MITIGATED
VUL-01420,AST-0311,CVE-2025-2003,CRITICAL,Weak configuration,UNDER_REVIEW
VUL-01421,AST-0218,CVE-2026-4105,LOW,Weak configuration,OPEN
VUL-01422,AST-0486,CVE-2024-0001,MEDIUM,Excessive privileges,UNDER_REVIEW
VUL-01423,AST-0482,CVE-2025-2003,HIGH,Weak configuration,OPEN
VUL-01424,AST-0099,CVE-2024-0001,LOW,Outdated service,MITIGATED
VUL-01425,AST-0476,CVE-2025-2003,MEDIUM,Outdated service,UNDER_REVIEW
VUL-01426,AST-0160,CVE-2026-4105,CRITICAL,Outdated service,UNDER_REVIEW
VUL-01427,AST-0373,CVE-2026-4105,HIGH,Unpatched component,MITIGATED
VUL-01428,AST-0335,CVE-2026-4105,HIGH,Excessive privileges,MITIGATED
VUL-01429,AST-0382,CVE-2025-2003,CRITICAL,Excessive privileges,MITIGATED
VUL-01430,AST-0273,CVE-2024-0001,CRITICAL,Excessive privileges,MITIGATED
VUL-01431,AST-0031,CVE-2025-2003,LOW,Unpatched component,OPEN
VUL-01432,AST-0286,CVE-2024-0001,HIGH,Unpatched component,OPEN
VUL-01433,AST-0189,CVE-2024-0001,HIGH,Excessive privileges,UNDER_REVIEW
VUL-01434,AST-0067,CVE-2024-0001,CRITICAL,Outdated service,MITIGATED
VUL-01435,AST-0452,CVE-2024-0001,CRITICAL,Weak configuration,MITIGATED
VUL-01436,AST-0287,CVE-2025-2003,MEDIUM,Outdated service,UNDER_REVIEW
VUL-01437,AST-0309,CVE-2026-4105,LOW,Excessive privileges,UNDER_REVIEW
VUL-01438,AST-0085,CVE-2025-2003,MEDIUM,Excessive privileges,MITIGATED
VUL-01439,AST-0441,CVE-2025-2003,MEDIUM,Unpatched component,UNDER_REVIEW
VUL-01440,AST-0385,CVE-2024-0001,CRITICAL,Excessive privileges,UNDER_REVIEW
VUL-01441,AST-0224,CVE-2025-2003,MEDIUM,Weak configuration,OPEN
VUL-01442,AST-0326,CVE-2024-0001,LOW,Weak configuration,MITIGATED
VUL-01443,AST-0423,CVE-2026-4105,HIGH,Excessive privileges,UNDER_REVIEW
VUL-01444,AST-0007,CVE-2026-4105,MEDIUM,Excessive privileges,UNDER_REVIEW
VUL-01445,AST-0219,CVE-2025-2003,MEDIUM,Weak configuration,OPEN
VUL-01446,AST-0263,CVE-2024-0001,CRITICAL,Unpatched component,MITIGATED
VUL-01447,AST-0116,CVE-2025-2003,CRITICAL,Excessive privileges,UNDER_REVIEW
VUL-01448,AST-0066,CVE-2025-2003,CRITICAL,Weak configuration,OPEN
VUL-01449,AST-0433,CVE-2025-2003,MEDIUM,Weak configuration,UNDER_REVIEW
VUL-01450,AST-0320,CVE-2025-2003,MEDIUM,Excessive privileges,OPEN
VUL-01451,AST-0349,CVE-2024-0001,CRITICAL,Outdated service,OPEN
VUL-01452,AST-0285,CVE-2026-4105,MEDIUM,Weak configuration,MITIGATED
VUL-01453,AST-0189,CVE-2024-0001,CRITICAL,Unpatched component,OPEN
VUL-01454,AST-0262,CVE-2026-4105,CRITICAL,Excessive privileges,MITIGATED
VUL-01455,AST-0437,CVE-2024-0001,MEDIUM,Unpatched component,OPEN
VUL-01456,AST-0197,CVE-2024-0001,CRITICAL,Excessive privileges,UNDER_REVIEW
VUL-01457,AST-0043,CVE-2025-2003,LOW,Excessive privileges,UNDER_REVIEW
VUL-01458,AST-0424,CVE-2026-4105,MEDIUM,Excessive privileges,OPEN
VUL-01459,AST-0064,CVE-2024-0001,MEDIUM,Excessive privileges,OPEN
VUL-01460,AST-0158,CVE-2026-4105,HIGH,Unpatched component,UNDER_REVIEW
VUL-01461,AST-0197,CVE-2024-0001,MEDIUM,Excessive privileges,OPEN
VUL-01462,AST-0310,CVE-2026-4105,CRITICAL,Excessive privileges,UNDER_REVIEW
VUL-01463,AST-0132,CVE-2024-0001,HIGH,Excessive privileges,UNDER_REVIEW
VUL-01464,AST-0120,CVE-2024-0001,CRITICAL,Excessive privileges,MITIGATED
VUL-01465,AST-0190,CVE-2024-0001,HIGH,Excessive privileges,UNDER_REVIEW
VUL-01466,AST-0293,CVE-2024-0001,CRITICAL,Unpatched component,MITIGATED
VUL-01467,AST-0194,CVE-2025-2003,CRITICAL,Outdated service,UNDER_REVIEW
VUL-01468,AST-0222,CVE-2026-4105,LOW,Weak configuration,MITIGATED
VUL-01469,AST-0050,CVE-2026-4105,LOW,Unpatched component,MITIGATED
VUL-01470,AST-0017,CVE-2025-2003,MEDIUM,Outdated service,UNDER_REVIEW
VUL-01471,AST-0193,CVE-2026-4105,MEDIUM,Weak configuration,UNDER_REVIEW
VUL-01472,AST-0219,CVE-2026-4105,MEDIUM,Unpatched component,MITIGATED
VUL-01473,AST-0214,CVE-2025-2003,HIGH,Unpatched component,OPEN
VUL-01474,AST-0257,CVE-2024-0001,MEDIUM,Unpatched component,MITIGATED
VUL-01475,AST-0362,CVE-2026-4105,LOW,Weak configuration,UNDER_REVIEW
VUL-01476,AST-0353,CVE-2024-0001,CRITICAL,Unpatched component,MITIGATED
VUL-01477,AST-0439,CVE-2026-4105,CRITICAL,Outdated service,OPEN
VUL-01478,AST-0387,CVE-2024-0001,CRITICAL,Unpatched component,MITIGATED
VUL-01479,AST-0277,CVE-2024-0001,HIGH,Excessive privileges,OPEN
VUL-01480,AST-0418,CVE-2024-0001,MEDIUM,Weak configuration,UNDER_REVIEW
VUL-01481,AST-0121,CVE-2025-2003,LOW,Weak configuration,OPEN
VUL-01482,AST-0140,CVE-2025-2003,CRITICAL,Excessive privileges,OPEN
VUL-01483,AST-0154,CVE-2025-2003,CRITICAL,Weak configuration,MITIGATED
VUL-01484,AST-0047,CVE-2025-2003,HIGH,Excessive privileges,MITIGATED
VUL-01485,AST-0335,CVE-2026-4105,CRITICAL,Weak configuration,UNDER_REVIEW
VUL-01486,AST-0089,CVE-2024-0001,HIGH,Unpatched component,UNDER_REVIEW
VUL-01487,AST-0374,CVE-2025-2003,MEDIUM,Outdated service,OPEN
VUL-01488,AST-0134,CVE-2025-2003,HIGH,Weak configuration,MITIGATED
VUL-01489,AST-0483,CVE-2025-2003,LOW,Weak configuration,OPEN
VUL-01490,AST-0390,CVE-2025-2003,LOW,Outdated service,OPEN
VUL-01491,AST-0397,CVE-2024-0001,MEDIUM,Excessive privileges,OPEN
VUL-01492,AST-0030,CVE-2024-0001,MEDIUM,Weak configuration,UNDER_REVIEW
VUL-01493,AST-0306,CVE-2024-0001,HIGH,Unpatched component,OPEN
VUL-01494,AST-0431,CVE-2025-2003,HIGH,Weak configuration,MITIGATED
VUL-01495,AST-0137,CVE-2025-2003,MEDIUM,Unpatched component,OPEN
VUL-01496,AST-0081,CVE-2025-2003,LOW,Excessive privileges,MITIGATED
VUL-01497,AST-0376,CVE-2025-2003,HIGH,Weak configuration,OPEN
VUL-01498,AST-0124,CVE-2026-4105,MEDIUM,Outdated service,MITIGATED
VUL-01499,AST-0339,CVE-2024-0001,CRITICAL,Weak configuration,UNDER_REVIEW
VUL-01500,AST-0234,CVE-2026-4105,MEDIUM,Excessive privileges,UNDER_REVIEW
