EVENT_ID,TIMESTAMP,SECTOR,SOURCE_ASSET,PROCESS_NAME,FILE_ACTIVITY,CURRENT_ATTACK_STAGE,LABEL
N-01-00000,2026-01-06T23:35:55,Government Data Centres,S01-CTRL01,powershell,1,Normal,Normal
N-01-00001,2026-01-12T14:16:38,Government Data Centres,S01-GW01,nginx,12,Normal,Normal
N-01-00002,2026-01-18T17:27:35,Government Data Centres,S01-VPN01,nginx,4,Normal,Normal
N-01-00003,2026-01-13T03:37:29,Government Data Centres,S01-MGMT01,powershell,3,Normal,Normal
N-01-00004,2026-01-19T11:08:57,Government Data Centres,S01-BKP01,java,0,Normal,Normal
N-01-00005,2026-01-10T20:42:09,Government Data Centres,S01-MON01,powershell,20,Normal,Normal
N-01-00006,2026-01-05T17:00:15,Government Data Centres,S01-WS01,powershell,1,Normal,Normal
N-01-00007,2026-01-09T05:09:59,Government Data Centres,S01-WS01,svchost,10,Normal,Normal
N-01-00008,2026-01-16T20:01:49,Government Data Centres,S01-MON01,nginx,5,Normal,Normal
N-01-00009,2026-01-02T03:50:53,Government Data Centres,S01-BKP01,powershell,5,Normal,Normal
N-01-00010,2026-01-17T16:27:11,Government Data Centres,S01-MON01,powershell,12,Normal,Normal
N-01-00011,2026-01-18T11:39:17,Government Data Centres,S01-DB01,powershell,19,Normal,Normal
N-01-00012,2026-01-04T08:56:30,Government Data Centres,S01-DB01,nginx,17,Normal,Normal
N-01-00013,2026-01-14T08:46:34,Government Data Centres,S01-VPN01,python,14,Normal,Normal
N-01-00014,2026-01-10T08:14:16,Government Data Centres,S01-WS01,svchost,11,Normal,Normal
N-01-00015,2026-01-21T02:55:58,Government Data Centres,S01-BKP01,python,13,Normal,Normal
N-01-00016,2026-01-20T01:39:14,Government Data Centres,S01-VPN01,nginx,7,Normal,Normal
N-01-00017,2026-01-11T07:43:14,Government Data Centres,S01-GW01,java,20,Normal,Normal
N-01-00018,2026-01-12T14:40:03,Government Data Centres,S01-BKP01,python,13,Normal,Normal
N-01-00019,2026-01-13T09:26:08,Government Data Centres,S01-BKP01,nginx,6,Normal,Normal
N-01-00020,2026-01-06T06:31:30,Government Data Centres,S01-CTRL01,python,20,Normal,Normal
N-01-00021,2026-01-07T06:50:23,Government Data Centres,S01-MGMT01,python,18,Normal,Normal
N-01-00022,2026-01-08T01:12:09,Government Data Centres,S01-CTRL01,python,20,Normal,Normal
N-01-00023,2026-01-02T02:28:53,Government Data Centres,S01-GW01,svchost,0,Normal,Normal
N-01-00024,2026-01-17T18:24:17,Government Data Centres,S01-GW01,svchost,18,Normal,Normal
N-01-00025,2026-01-08T03:49:43,Government Data Centres,S01-DB01,nginx,7,Normal,Normal
N-01-00026,2026-01-07T12:03:02,Government Data Centres,S01-DB01,python,10,Normal,Normal
N-01-00027,2026-01-19T07:43:44,Government Data Centres,S01-BKP01,svchost,13,Normal,Normal
N-01-00028,2026-01-03T06:48:49,Government Data Centres,S01-AUTH01,nginx,4,Normal,Normal
N-01-00029,2026-01-11T03:22:28,Government Data Centres,S01-APP01,java,18,Normal,Normal
N-01-00030,2026-01-16T22:16:24,Government Data Centres,S01-VPN01,svchost,19,Normal,Normal
N-01-00031,2026-01-11T18:03:06,Government Data Centres,S01-CTRL01,svchost,10,Normal,Normal
N-01-00032,2026-01-14T10:30:50,Government Data Centres,S01-WS01,svchost,15,Normal,Normal
N-01-00033,2026-01-06T20:10:16,Government Data Centres,S01-AUTH01,powershell,5,Normal,Normal
N-01-00034,2026-01-14T03:35:41,Government Data Centres,S01-CTRL01,nginx,9,Normal,Normal
N-01-00035,2026-01-03T23:23:53,Government Data Centres,S01-BKP01,nginx,0,Normal,Normal
N-01-00036,2026-01-16T17:48:51,Government Data Centres,S01-MGMT01,python,6,Normal,Normal
N-01-00037,2026-01-10T04:21:00,Government Data Centres,S01-MON01,python,12,Normal,Normal
N-01-00038,2026-01-14T16:34:07,Government Data Centres,S01-CTRL01,python,12,Normal,Normal
N-01-00039,2026-01-14T09:55:24,Government Data Centres,S01-BKP01,python,16,Normal,Normal
N-01-00040,2026-01-16T21:56:31,Government Data Centres,S01-MON01,python,3,Normal,Normal
N-01-00041,2026-01-20T01:37:23,Government Data Centres,S01-WS01,python,11,Normal,Normal
N-01-00042,2026-01-05T02:38:39,Government Data Centres,S01-CTRL01,java,13,Normal,Normal
N-01-00043,2026-01-21T01:31:41,Government Data Centres,S01-GW01,nginx,12,Normal,Normal
N-01-00044,2026-01-17T03:24:59,Government Data Centres,S01-VPN01,powershell,9,Normal,Normal
N-01-00045,2026-01-14T11:37:08,Government Data Centres,S01-MGMT01,java,8,Normal,Normal
N-01-00046,2026-01-07T00:44:05,Government Data Centres,S01-APP01,python,14,Normal,Normal
N-01-00047,2026-01-17T03:53:21,Government Data Centres,S01-GW01,java,2,Normal,Normal
N-01-00048,2026-01-15T05:18:41,Government Data Centres,S01-VPN01,powershell,20,Normal,Normal
N-01-00049,2026-01-13T22:13:38,Government Data Centres,S01-APP01,svchost,20,Normal,Normal
N-01-00050,2026-01-13T08:30:56,Government Data Centres,S01-CTRL01,svchost,16,Normal,Normal
N-01-00051,2026-01-18T18:56:26,Government Data Centres,S01-WS01,java,1,Normal,Normal
N-01-00052,2026-01-11T05:17:07,Government Data Centres,S01-DB01,powershell,3,Normal,Normal
N-01-00053,2026-01-19T16:47:27,Government Data Centres,S01-GW01,nginx,1,Normal,Normal
N-01-00054,2026-01-02T09:06:30,Government Data Centres,S01-GW01,nginx,12,Normal,Normal
N-01-00055,2026-01-21T00:58:18,Government Data Centres,S01-APP01,java,4,Normal,Normal
N-01-00056,2026-01-01T21:03:14,Government Data Centres,S01-GW01,python,13,Normal,Normal
N-01-00057,2026-01-18T08:27:05,Government Data Centres,S01-MGMT01,java,4,Normal,Normal
N-01-00058,2026-01-04T20:52:06,Government Data Centres,S01-CTRL01,powershell,4,Normal,Normal
N-01-00059,2026-01-09T10:16:25,Government Data Centres,S01-APP01,java,6,Normal,Normal
N-01-00060,2026-01-16T22:48:40,Government Data Centres,S01-BKP01,python,13,Normal,Normal
N-01-00061,2026-01-02T00:06:24,Government Data Centres,S01-BKP01,nginx,8,Normal,Normal
N-01-00062,2026-01-10T20:57:12,Government Data Centres,S01-BKP01,java,0,Normal,Normal
N-01-00063,2026-01-19T17:37:30,Government Data Centres,S01-WS01,powershell,18,Normal,Normal
N-01-00064,2026-01-14T06:00:36,Government Data Centres,S01-GW01,java,10,Normal,Normal
N-01-00065,2026-01-04T16:40:37,Government Data Centres,S01-GW01,java,17,Normal,Normal
N-01-00066,2026-01-06T09:55:42,Government Data Centres,S01-CTRL01,python,3,Normal,Normal
N-01-00067,2026-01-08T20:51:47,Government Data Centres,S01-MON01,nginx,12,Normal,Normal
N-01-00068,2026-01-05T02:50:56,Government Data Centres,S01-MON01,nginx,2,Normal,Normal
N-01-00069,2026-01-09T21:03:10,Government Data Centres,S01-MGMT01,svchost,17,Normal,Normal
N-01-00070,2026-01-16T08:46:18,Government Data Centres,S01-VPN01,powershell,2,Normal,Normal
N-01-00071,2026-01-08T08:24:50,Government Data Centres,S01-MON01,powershell,18,Normal,Normal
N-01-00072,2026-01-18T10:49:44,Government Data Centres,S01-GW01,nginx,16,Normal,Normal
N-01-00073,2026-01-19T13:09:36,Government Data Centres,S01-CTRL01,powershell,2,Normal,Normal
N-01-00074,2026-01-13T23:50:25,Government Data Centres,S01-APP01,svchost,8,Normal,Normal
N-01-00075,2026-01-14T08:24:38,Government Data Centres,S01-BKP01,powershell,8,Normal,Normal
N-01-00076,2026-01-21T02:32:14,Government Data Centres,S01-MON01,python,12,Normal,Normal
N-01-00077,2026-01-14T06:34:01,Government Data Centres,S01-AUTH01,python,14,Normal,Normal
N-01-00078,2026-01-14T16:30:35,Government Data Centres,S01-AUTH01,nginx,15,Normal,Normal
N-01-00079,2026-01-15T00:18:51,Government Data Centres,S01-AUTH01,python,11,Normal,Normal
N-01-00080,2026-01-08T03:00:43,Government Data Centres,S01-VPN01,nginx,20,Normal,Normal
N-01-00081,2026-01-07T05:40:58,Government Data Centres,S01-MON01,java,8,Normal,Normal
N-01-00082,2026-01-16T19:12:57,Government Data Centres,S01-VPN01,nginx,12,Normal,Normal
N-01-00083,2026-01-10T17:36:03,Government Data Centres,S01-VPN01,powershell,6,Normal,Normal
N-01-00084,2026-01-12T11:22:50,Government Data Centres,S01-AUTH01,nginx,0,Normal,Normal
N-01-00085,2026-01-17T02:45:56,Government Data Centres,S01-DB01,java,5,Normal,Normal
N-01-00086,2026-01-06T12:44:14,Government Data Centres,S01-BKP01,svchost,14,Normal,Normal
N-01-00087,2026-01-13T18:53:16,Government Data Centres,S01-BKP01,svchost,6,Normal,Normal
N-01-00088,2026-01-19T00:52:16,Government Data Centres,S01-CTRL01,svchost,4,Normal,Normal
N-01-00089,2026-01-03T00:59:46,Government Data Centres,S01-APP01,nginx,4,Normal,Normal
N-01-00090,2026-01-09T11:15:57,Government Data Centres,S01-AUTH01,nginx,5,Normal,Normal
N-01-00091,2026-01-14T18:37:30,Government Data Centres,S01-APP01,nginx,16,Normal,Normal
N-01-00092,2026-01-16T13:49:55,Government Data Centres,S01-CTRL01,svchost,10,Normal,Normal
N-01-00093,2026-01-07T15:54:03,Government Data Centres,S01-DB01,nginx,3,Normal,Normal
N-01-00094,2026-01-02T03:34:35,Government Data Centres,S01-BKP01,nginx,3,Normal,Normal
N-01-00095,2026-01-09T02:25:22,Government Data Centres,S01-DB01,java,10,Normal,Normal
N-01-00096,2026-01-02T09:23:59,Government Data Centres,S01-APP01,java,3,Normal,Normal
N-01-00097,2026-01-12T19:18:56,Government Data Centres,S01-BKP01,java,6,Normal,Normal
N-01-00098,2026-01-16T22:58:22,Government Data Centres,S01-CTRL01,nginx,1,Normal,Normal
N-01-00099,2026-01-18T09:42:50,Government Data Centres,S01-DB01,svchost,10,Normal,Normal
N-01-00100,2026-01-01T15:04:47,Government Data Centres,S01-VPN01,python,3,Normal,Normal
N-01-00101,2026-01-11T02:01:17,Government Data Centres,S01-BKP01,python,7,Normal,Normal
N-01-00102,2026-01-02T21:14:50,Government Data Centres,S01-AUTH01,nginx,11,Normal,Normal
N-01-00103,2026-01-15T22:45:39,Government Data Centres,S01-MON01,powershell,16,Normal,Normal
N-01-00104,2026-01-05T03:25:49,Government Data Centres,S01-APP01,nginx,2,Normal,Normal
N-01-00105,2026-01-05T09:12:50,Government Data Centres,S01-APP01,python,1,Normal,Normal
N-01-00106,2026-01-12T18:36:06,Government Data Centres,S01-APP01,java,9,Normal,Normal
N-01-00107,2026-01-13T22:17:55,Government Data Centres,S01-MGMT01,python,8,Normal,Normal
N-01-00108,2026-01-05T11:02:42,Government Data Centres,S01-DB01,python,2,Normal,Normal
N-01-00109,2026-01-12T09:20:28,Government Data Centres,S01-DB01,powershell,15,Normal,Normal
N-01-00110,2026-01-09T11:55:49,Government Data Centres,S01-MON01,nginx,18,Normal,Normal
N-01-00111,2026-01-18T20:05:37,Government Data Centres,S01-CTRL01,nginx,7,Normal,Normal
N-01-00112,2026-01-18T13:32:32,Government Data Centres,S01-CTRL01,python,11,Normal,Normal
N-01-00113,2026-01-11T16:17:56,Government Data Centres,S01-BKP01,svchost,11,Normal,Normal
N-01-00114,2026-01-19T08:53:30,Government Data Centres,S01-MGMT01,java,13,Normal,Normal
N-01-00115,2026-01-12T06:58:43,Government Data Centres,S01-MGMT01,svchost,19,Normal,Normal
N-01-00116,2026-01-21T07:46:46,Government Data Centres,S01-CTRL01,powershell,14,Normal,Normal
N-01-00117,2026-01-06T13:30:24,Government Data Centres,S01-CTRL01,java,19,Normal,Normal
N-01-00118,2026-01-18T23:10:43,Government Data Centres,S01-VPN01,nginx,9,Normal,Normal
N-01-00119,2026-01-10T15:10:16,Government Data Centres,S01-CTRL01,python,13,Normal,Normal
N-01-00120,2026-01-15T06:10:17,Government Data Centres,S01-CTRL01,java,3,Normal,Normal
N-01-00121,2026-01-10T10:45:50,Government Data Centres,S01-DB01,python,1,Normal,Normal
N-01-00122,2026-01-15T07:18:41,Government Data Centres,S01-BKP01,nginx,5,Normal,Normal
N-01-00123,2026-01-19T01:48:25,Government Data Centres,S01-APP01,svchost,18,Normal,Normal
N-01-00124,2026-01-05T07:35:26,Government Data Centres,S01-GW01,python,0,Normal,Normal
N-01-00125,2026-01-07T04:48:04,Government Data Centres,S01-MON01,svchost,10,Normal,Normal
N-01-00126,2026-01-14T09:19:17,Government Data Centres,S01-MGMT01,svchost,19,Normal,Normal
N-01-00127,2026-01-02T07:04:54,Government Data Centres,S01-GW01,python,11,Normal,Normal
N-01-00128,2026-01-11T17:41:07,Government Data Centres,S01-BKP01,python,10,Normal,Normal
N-01-00129,2026-01-12T16:23:27,Government Data Centres,S01-MGMT01,java,15,Normal,Normal
N-01-00130,2026-01-10T22:12:31,Government Data Centres,S01-GW01,nginx,14,Normal,Normal
N-01-00131,2026-01-09T13:08:23,Government Data Centres,S01-MGMT01,python,9,Normal,Normal
N-01-00132,2026-01-21T02:11:10,Government Data Centres,S01-MON01,python,14,Normal,Normal
N-01-00133,2026-01-05T12:25:54,Government Data Centres,S01-BKP01,java,2,Normal,Normal
N-01-00134,2026-01-06T13:15:15,Government Data Centres,S01-BKP01,java,18,Normal,Normal
N-01-00135,2026-01-15T16:38:47,Government Data Centres,S01-CTRL01,python,4,Normal,Normal
N-01-00136,2026-01-12T00:14:34,Government Data Centres,S01-MGMT01,svchost,12,Normal,Normal
N-01-00137,2026-01-03T03:15:27,Government Data Centres,S01-DB01,python,15,Normal,Normal
N-01-00138,2026-01-01T18:35:09,Government Data Centres,S01-DB01,powershell,15,Normal,Normal
N-01-00139,2026-01-17T04:37:50,Government Data Centres,S01-MGMT01,nginx,6,Normal,Normal
N-01-00140,2026-01-13T04:36:42,Government Data Centres,S01-MON01,svchost,10,Normal,Normal
N-01-00141,2026-01-19T09:50:17,Government Data Centres,S01-GW01,java,17,Normal,Normal
N-01-00142,2026-01-12T10:25:14,Government Data Centres,S01-APP01,python,11,Normal,Normal
N-01-00143,2026-01-07T14:21:55,Government Data Centres,S01-MGMT01,java,10,Normal,Normal
N-01-00144,2026-01-19T23:18:24,Government Data Centres,S01-APP01,svchost,6,Normal,Normal
N-01-00145,2026-01-14T07:50:41,Government Data Centres,S01-APP01,powershell,1,Normal,Normal
N-01-00146,2026-01-13T08:54:02,Government Data Centres,S01-CTRL01,powershell,14,Normal,Normal
N-01-00147,2026-01-05T03:06:50,Government Data Centres,S01-BKP01,python,17,Normal,Normal
N-01-00148,2026-01-18T18:10:35,Government Data Centres,S01-DB01,nginx,8,Normal,Normal
N-01-00149,2026-01-13T23:49:36,Government Data Centres,S01-VPN01,nginx,10,Normal,Normal
N-01-00150,2026-01-12T10:39:52,Government Data Centres,S01-MON01,svchost,1,Normal,Normal
N-01-00151,2026-01-02T06:29:20,Government Data Centres,S01-WS01,svchost,18,Normal,Normal
N-01-00152,2026-01-10T10:00:16,Government Data Centres,S01-GW01,python,2,Normal,Normal
N-01-00153,2026-01-10T23:18:23,Government Data Centres,S01-APP01,nginx,7,Normal,Normal
N-01-00154,2026-01-21T02:27:53,Government Data Centres,S01-CTRL01,python,1,Normal,Normal
N-01-00155,2026-01-02T16:49:18,Government Data Centres,S01-WS01,nginx,10,Normal,Normal
N-01-00156,2026-01-03T08:04:11,Government Data Centres,S01-MON01,java,16,Normal,Normal
N-01-00157,2026-01-15T13:45:16,Government Data Centres,S01-WS01,powershell,14,Normal,Normal
N-01-00158,2026-01-06T00:55:41,Government Data Centres,S01-VPN01,nginx,10,Normal,Normal
N-01-00159,2026-01-08T05:40:28,Government Data Centres,S01-BKP01,svchost,4,Normal,Normal
N-01-00160,2026-01-17T12:51:41,Government Data Centres,S01-VPN01,python,15,Normal,Normal
N-01-00161,2026-01-06T22:46:27,Government Data Centres,S01-MGMT01,svchost,1,Normal,Normal
N-01-00162,2026-01-13T01:52:48,Government Data Centres,S01-VPN01,svchost,2,Normal,Normal
N-01-00163,2026-01-05T10:10:49,Government Data Centres,S01-VPN01,svchost,20,Normal,Normal
N-01-00164,2026-01-13T06:04:45,Government Data Centres,S01-MGMT01,svchost,9,Normal,Normal
N-01-00165,2026-01-04T07:51:12,Government Data Centres,S01-AUTH01,python,0,Normal,Normal
N-01-00166,2026-01-07T15:53:39,Government Data Centres,S01-DB01,java,9,Normal,Normal
N-01-00167,2026-01-05T08:53:29,Government Data Centres,S01-CTRL01,powershell,16,Normal,Normal
N-01-00168,2026-01-06T02:36:44,Government Data Centres,S01-BKP01,powershell,6,Normal,Normal
N-01-00169,2026-01-01T21:05:29,Government Data Centres,S01-GW01,python,10,Normal,Normal
N-01-00170,2026-01-16T22:33:21,Government Data Centres,S01-GW01,svchost,13,Normal,Normal
N-01-00171,2026-01-08T03:28:36,Government Data Centres,S01-GW01,java,19,Normal,Normal
N-01-00172,2026-01-17T09:10:54,Government Data Centres,S01-APP01,svchost,16,Normal,Normal
N-01-00173,2026-01-12T17:05:09,Government Data Centres,S01-GW01,python,2,Normal,Normal
N-01-00174,2026-01-02T09:11:06,Government Data Centres,S01-MGMT01,nginx,0,Normal,Normal
N-01-00175,2026-01-13T00:44:06,Government Data Centres,S01-CTRL01,svchost,1,Normal,Normal
N-01-00176,2026-01-02T13:22:05,Government Data Centres,S01-APP01,svchost,15,Normal,Normal
N-01-00177,2026-01-04T14:29:55,Government Data Centres,S01-DB01,powershell,19,Normal,Normal
N-01-00178,2026-01-12T21:24:06,Government Data Centres,S01-CTRL01,python,13,Normal,Normal
N-01-00179,2026-01-13T17:23:44,Government Data Centres,S01-BKP01,svchost,20,Normal,Normal
N-01-00180,2026-01-06T06:50:52,Government Data Centres,S01-GW01,nginx,18,Normal,Normal
N-01-00181,2026-01-10T12:44:54,Government Data Centres,S01-GW01,powershell,12,Normal,Normal
N-01-00182,2026-01-11T05:40:34,Government Data Centres,S01-BKP01,svchost,13,Normal,Normal
N-01-00183,2026-01-04T10:56:41,Government Data Centres,S01-AUTH01,svchost,7,Normal,Normal
N-01-00184,2026-01-10T16:22:59,Government Data Centres,S01-VPN01,java,15,Normal,Normal
N-01-00185,2026-01-19T11:52:37,Government Data Centres,S01-APP01,powershell,18,Normal,Normal
N-01-00186,2026-01-15T15:40:30,Government Data Centres,S01-WS01,nginx,19,Normal,Normal
N-01-00187,2026-01-16T07:59:28,Government Data Centres,S01-AUTH01,svchost,20,Normal,Normal
N-01-00188,2026-01-14T11:31:46,Government Data Centres,S01-AUTH01,svchost,0,Normal,Normal
N-01-00189,2026-01-10T00:37:43,Government Data Centres,S01-WS01,java,18,Normal,Normal
N-01-00190,2026-01-09T00:16:43,Government Data Centres,S01-DB01,nginx,0,Normal,Normal
N-01-00191,2026-01-02T15:03:38,Government Data Centres,S01-CTRL01,powershell,13,Normal,Normal
N-01-00192,2026-01-05T00:27:49,Government Data Centres,S01-MGMT01,svchost,6,Normal,Normal
N-01-00193,2026-01-11T09:09:45,Government Data Centres,S01-CTRL01,svchost,18,Normal,Normal
N-01-00194,2026-01-17T10:26:49,Government Data Centres,S01-GW01,nginx,11,Normal,Normal
N-01-00195,2026-01-03T03:56:53,Government Data Centres,S01-VPN01,java,1,Normal,Normal
N-01-00196,2026-01-17T17:04:37,Government Data Centres,S01-DB01,python,4,Normal,Normal
N-01-00197,2026-01-02T23:20:02,Government Data Centres,S01-CTRL01,nginx,15,Normal,Normal
N-01-00198,2026-01-02T18:27:51,Government Data Centres,S01-CTRL01,powershell,17,Normal,Normal
N-01-00199,2026-01-06T21:03:59,Government Data Centres,S01-AUTH01,powershell,16,Normal,Normal
N-01-00200,2026-01-06T18:39:11,Government Data Centres,S01-MON01,nginx,19,Normal,Normal
N-01-00201,2026-01-12T21:11:14,Government Data Centres,S01-MGMT01,svchost,8,Normal,Normal
N-01-00202,2026-01-02T07:39:06,Government Data Centres,S01-MGMT01,java,3,Normal,Normal
N-01-00203,2026-01-21T03:04:12,Government Data Centres,S01-DB01,powershell,6,Normal,Normal
N-01-00204,2026-01-02T01:31:44,Government Data Centres,S01-MGMT01,svchost,6,Normal,Normal
N-01-00205,2026-01-20T09:06:29,Government Data Centres,S01-CTRL01,nginx,13,Normal,Normal
N-01-00206,2026-01-12T05:44:51,Government Data Centres,S01-VPN01,powershell,5,Normal,Normal
N-01-00207,2026-01-11T16:24:29,Government Data Centres,S01-MON01,python,18,Normal,Normal
N-01-00208,2026-01-15T10:51:56,Government Data Centres,S01-DB01,java,10,Normal,Normal
N-01-00209,2026-01-03T22:01:41,Government Data Centres,S01-DB01,python,3,Normal,Normal
N-01-00210,2026-01-16T18:26:52,Government Data Centres,S01-MON01,java,15,Normal,Normal
N-01-00211,2026-01-13T04:21:40,Government Data Centres,S01-AUTH01,svchost,18,Normal,Normal
N-01-00212,2026-01-12T09:30:37,Government Data Centres,S01-MGMT01,powershell,9,Normal,Normal
N-01-00213,2026-01-15T09:51:59,Government Data Centres,S01-MON01,nginx,10,Normal,Normal
N-01-00214,2026-01-09T19:39:28,Government Data Centres,S01-MGMT01,python,4,Normal,Normal
N-01-00215,2026-01-09T00:58:44,Government Data Centres,S01-CTRL01,python,16,Normal,Normal
N-01-00216,2026-01-05T18:53:01,Government Data Centres,S01-DB01,powershell,11,Normal,Normal
N-01-00217,2026-01-21T05:29:35,Government Data Centres,S01-WS01,nginx,18,Normal,Normal
N-01-00218,2026-01-01T11:36:26,Government Data Centres,S01-BKP01,powershell,15,Normal,Normal
N-01-00219,2026-01-06T10:37:01,Government Data Centres,S01-VPN01,powershell,18,Normal,Normal
N-01-00220,2026-01-21T02:13:16,Government Data Centres,S01-MON01,powershell,13,Normal,Normal
N-01-00221,2026-01-07T22:18:18,Government Data Centres,S01-MGMT01,python,11,Normal,Normal
N-01-00222,2026-01-04T10:47:33,Government Data Centres,S01-AUTH01,svchost,11,Normal,Normal
N-01-00223,2026-01-04T11:55:52,Government Data Centres,S01-WS01,nginx,2,Normal,Normal
N-01-00224,2026-01-18T13:36:27,Government Data Centres,S01-GW01,powershell,0,Normal,Normal
N-01-00225,2026-01-20T13:57:47,Government Data Centres,S01-APP01,nginx,6,Normal,Normal
N-01-00226,2026-01-09T16:08:44,Government Data Centres,S01-VPN01,powershell,9,Normal,Normal
N-01-00227,2026-01-03T04:55:20,Government Data Centres,S01-VPN01,svchost,3,Normal,Normal
N-01-00228,2026-01-13T05:26:42,Government Data Centres,S01-BKP01,powershell,18,Normal,Normal
N-01-00229,2026-01-18T13:02:50,Government Data Centres,S01-CTRL01,nginx,3,Normal,Normal
N-01-00230,2026-01-12T16:02:43,Government Data Centres,S01-GW01,powershell,17,Normal,Normal
N-01-00231,2026-01-18T17:13:02,Government Data Centres,S01-VPN01,svchost,15,Normal,Normal
N-01-00232,2026-01-16T08:29:35,Government Data Centres,S01-APP01,nginx,4,Normal,Normal
N-01-00233,2026-01-19T18:07:47,Government Data Centres,S01-MGMT01,powershell,5,Normal,Normal
N-01-00234,2026-01-08T18:06:02,Government Data Centres,S01-GW01,java,10,Normal,Normal
N-01-00235,2026-01-19T19:09:48,Government Data Centres,S01-MON01,java,19,Normal,Normal
N-01-00236,2026-01-14T19:14:21,Government Data Centres,S01-APP01,powershell,19,Normal,Normal
N-01-00237,2026-01-16T14:45:48,Government Data Centres,S01-VPN01,powershell,13,Normal,Normal
N-01-00238,2026-01-20T21:46:53,Government Data Centres,S01-BKP01,svchost,13,Normal,Normal
N-01-00239,2026-01-04T23:01:17,Government Data Centres,S01-GW01,nginx,12,Normal,Normal
N-01-00240,2026-01-03T21:07:36,Government Data Centres,S01-AUTH01,java,8,Normal,Normal
N-01-00241,2026-01-07T02:53:55,Government Data Centres,S01-MON01,python,1,Normal,Normal
N-01-00242,2026-01-07T02:09:35,Government Data Centres,S01-GW01,powershell,20,Normal,Normal
N-01-00243,2026-01-07T13:39:55,Government Data Centres,S01-BKP01,nginx,20,Normal,Normal
N-01-00244,2026-01-19T08:00:41,Government Data Centres,S01-AUTH01,python,10,Normal,Normal
N-01-00245,2026-01-03T06:05:26,Government Data Centres,S01-WS01,svchost,19,Normal,Normal
N-01-00246,2026-01-03T08:38:23,Government Data Centres,S01-WS01,svchost,4,Normal,Normal
N-01-00247,2026-01-14T23:43:13,Government Data Centres,S01-BKP01,java,10,Normal,Normal
N-01-00248,2026-01-17T13:34:24,Government Data Centres,S01-BKP01,powershell,4,Normal,Normal
N-01-00249,2026-01-14T13:01:11,Government Data Centres,S01-VPN01,powershell,13,Normal,Normal
N-01-00250,2026-01-15T06:44:53,Government Data Centres,S01-WS01,nginx,15,Normal,Normal
N-01-00251,2026-01-17T09:32:29,Government Data Centres,S01-WS01,python,8,Normal,Normal
N-01-00252,2026-01-14T14:41:00,Government Data Centres,S01-CTRL01,java,0,Normal,Normal
N-01-00253,2026-01-20T05:40:45,Government Data Centres,S01-APP01,svchost,2,Normal,Normal
N-01-00254,2026-01-05T09:13:15,Government Data Centres,S01-BKP01,nginx,11,Normal,Normal
N-01-00255,2026-01-12T11:23:28,Government Data Centres,S01-VPN01,java,15,Normal,Normal
N-01-00256,2026-01-03T05:51:18,Government Data Centres,S01-VPN01,nginx,14,Normal,Normal
N-01-00257,2026-01-09T10:07:16,Government Data Centres,S01-CTRL01,powershell,5,Normal,Normal
N-01-00258,2026-01-03T02:43:47,Government Data Centres,S01-DB01,java,4,Normal,Normal
N-01-00259,2026-01-03T21:07:52,Government Data Centres,S01-GW01,java,4,Normal,Normal
N-01-00260,2026-01-12T01:29:01,Government Data Centres,S01-MON01,python,19,Normal,Normal
N-01-00261,2026-01-17T14:05:03,Government Data Centres,S01-MON01,java,15,Normal,Normal
N-01-00262,2026-01-06T14:45:32,Government Data Centres,S01-MGMT01,java,5,Normal,Normal
N-01-00263,2026-01-03T15:06:50,Government Data Centres,S01-CTRL01,java,3,Normal,Normal
N-01-00264,2026-01-12T09:37:16,Government Data Centres,S01-VPN01,nginx,5,Normal,Normal
N-01-00265,2026-01-09T13:30:10,Government Data Centres,S01-APP01,powershell,16,Normal,Normal
N-01-00266,2026-01-07T09:16:23,Government Data Centres,S01-AUTH01,nginx,16,Normal,Normal
N-01-00267,2026-01-09T00:45:20,Government Data Centres,S01-APP01,powershell,16,Normal,Normal
N-01-00268,2026-01-17T06:27:25,Government Data Centres,S01-CTRL01,java,2,Normal,Normal
N-01-00269,2026-01-08T10:31:33,Government Data Centres,S01-VPN01,nginx,14,Normal,Normal
N-01-00270,2026-01-11T15:28:21,Government Data Centres,S01-WS01,java,13,Normal,Normal
N-01-00271,2026-01-03T10:22:03,Government Data Centres,S01-BKP01,python,4,Normal,Normal
N-01-00272,2026-01-04T06:39:45,Government Data Centres,S01-MON01,python,4,Normal,Normal
N-01-00273,2026-01-08T06:31:23,Government Data Centres,S01-APP01,svchost,18,Normal,Normal
N-01-00274,2026-01-09T00:29:50,Government Data Centres,S01-WS01,nginx,14,Normal,Normal
N-01-00275,2026-01-21T00:55:10,Government Data Centres,S01-WS01,java,0,Normal,Normal
N-01-00276,2026-01-06T21:57:53,Government Data Centres,S01-WS01,powershell,2,Normal,Normal
N-01-00277,2026-01-13T15:53:10,Government Data Centres,S01-APP01,powershell,4,Normal,Normal
N-01-00278,2026-01-07T04:51:24,Government Data Centres,S01-BKP01,svchost,0,Normal,Normal
N-01-00279,2026-01-01T18:10:17,Government Data Centres,S01-BKP01,python,14,Normal,Normal
N-01-00280,2026-01-19T19:48:29,Government Data Centres,S01-GW01,python,18,Normal,Normal
N-01-00281,2026-01-03T08:59:25,Government Data Centres,S01-APP01,svchost,19,Normal,Normal
N-01-00282,2026-01-17T01:50:08,Government Data Centres,S01-MGMT01,powershell,12,Normal,Normal
N-01-00283,2026-01-10T03:13:11,Government Data Centres,S01-CTRL01,powershell,1,Normal,Normal
N-01-00284,2026-01-17T08:30:45,Government Data Centres,S01-WS01,python,7,Normal,Normal
N-01-00285,2026-01-05T16:46:54,Government Data Centres,S01-VPN01,powershell,16,Normal,Normal
N-01-00286,2026-01-02T09:38:17,Government Data Centres,S01-GW01,nginx,20,Normal,Normal
N-01-00287,2026-01-12T06:07:27,Government Data Centres,S01-APP01,python,3,Normal,Normal
N-01-00288,2026-01-02T02:12:24,Government Data Centres,S01-APP01,java,19,Normal,Normal
N-01-00289,2026-01-11T15:37:24,Government Data Centres,S01-CTRL01,java,20,Normal,Normal
N-01-00290,2026-01-09T10:05:26,Government Data Centres,S01-VPN01,python,10,Normal,Normal
N-01-00291,2026-01-01T12:24:33,Government Data Centres,S01-WS01,powershell,18,Normal,Normal
N-01-00292,2026-01-15T08:28:19,Government Data Centres,S01-CTRL01,java,0,Normal,Normal
N-01-00293,2026-01-03T00:16:22,Government Data Centres,S01-MGMT01,powershell,17,Normal,Normal
N-01-00294,2026-01-05T19:02:01,Government Data Centres,S01-DB01,svchost,2,Normal,Normal
N-01-00295,2026-01-04T07:25:50,Government Data Centres,S01-APP01,java,16,Normal,Normal
N-01-00296,2026-01-06T02:16:46,Government Data Centres,S01-CTRL01,python,12,Normal,Normal
N-01-00297,2026-01-06T01:09:14,Government Data Centres,S01-CTRL01,java,18,Normal,Normal
N-01-00298,2026-01-12T23:45:39,Government Data Centres,S01-GW01,powershell,16,Normal,Normal
N-01-00299,2026-01-15T23:31:05,Government Data Centres,S01-VPN01,python,8,Normal,Normal
N-01-00300,2026-01-07T17:55:52,Government Data Centres,S01-GW01,powershell,6,Normal,Normal
N-01-00301,2026-01-06T02:27:28,Government Data Centres,S01-BKP01,python,0,Normal,Normal
N-01-00302,2026-01-04T11:59:09,Government Data Centres,S01-CTRL01,nginx,17,Normal,Normal
N-01-00303,2026-01-20T03:21:44,Government Data Centres,S01-AUTH01,svchost,5,Normal,Normal
N-01-00304,2026-01-13T12:58:26,Government Data Centres,S01-APP01,java,14,Normal,Normal
N-01-00305,2026-01-15T02:19:51,Government Data Centres,S01-APP01,python,13,Normal,Normal
N-01-00306,2026-01-16T07:56:11,Government Data Centres,S01-MON01,python,10,Normal,Normal
N-01-00307,2026-01-05T02:01:16,Government Data Centres,S01-BKP01,svchost,15,Normal,Normal
N-01-00308,2026-01-03T05:04:35,Government Data Centres,S01-MON01,java,14,Normal,Normal
N-01-00309,2026-01-06T06:19:45,Government Data Centres,S01-MGMT01,java,11,Normal,Normal
N-01-00310,2026-01-03T09:54:01,Government Data Centres,S01-DB01,java,19,Normal,Normal
N-01-00311,2026-01-10T07:45:27,Government Data Centres,S01-DB01,powershell,1,Normal,Normal
N-01-00312,2026-01-10T16:30:19,Government Data Centres,S01-APP01,python,18,Normal,Normal
N-01-00313,2026-01-12T23:05:40,Government Data Centres,S01-MON01,java,12,Normal,Normal
N-01-00314,2026-01-06T18:00:59,Government Data Centres,S01-DB01,nginx,7,Normal,Normal
N-01-00315,2026-01-13T04:47:20,Government Data Centres,S01-DB01,powershell,5,Normal,Normal
N-01-00316,2026-01-10T23:34:11,Government Data Centres,S01-DB01,svchost,4,Normal,Normal
N-01-00317,2026-01-18T16:06:24,Government Data Centres,S01-MON01,java,4,Normal,Normal
N-01-00318,2026-01-01T15:00:55,Government Data Centres,S01-DB01,java,13,Normal,Normal
N-01-00319,2026-01-12T22:18:45,Government Data Centres,S01-WS01,python,18,Normal,Normal
N-01-00320,2026-01-03T23:45:49,Government Data Centres,S01-AUTH01,nginx,20,Normal,Normal
N-01-00321,2026-01-19T20:40:09,Government Data Centres,S01-CTRL01,java,6,Normal,Normal
N-01-00322,2026-01-12T18:29:07,Government Data Centres,S01-MON01,powershell,2,Normal,Normal
N-01-00323,2026-01-14T15:50:15,Government Data Centres,S01-MGMT01,python,13,Normal,Normal
N-01-00324,2026-01-16T20:23:56,Government Data Centres,S01-MGMT01,java,11,Normal,Normal
N-01-00325,2026-01-13T01:12:26,Government Data Centres,S01-MON01,nginx,12,Normal,Normal
N-01-00326,2026-01-17T12:48:09,Government Data Centres,S01-WS01,nginx,3,Normal,Normal
N-01-00327,2026-01-04T23:30:59,Government Data Centres,S01-BKP01,powershell,12,Normal,Normal
N-01-00328,2026-01-20T19:34:27,Government Data Centres,S01-BKP01,powershell,1,Normal,Normal
N-01-00329,2026-01-05T15:41:54,Government Data Centres,S01-CTRL01,powershell,4,Normal,Normal
N-01-00330,2026-01-08T08:41:32,Government Data Centres,S01-GW01,svchost,9,Normal,Normal
N-01-00331,2026-01-13T19:14:25,Government Data Centres,S01-AUTH01,powershell,14,Normal,Normal
N-01-00332,2026-01-11T09:19:44,Government Data Centres,S01-AUTH01,java,1,Normal,Normal
N-01-00333,2026-01-16T03:02:21,Government Data Centres,S01-APP01,nginx,3,Normal,Normal
N-01-00334,2026-01-12T11:10:41,Government Data Centres,S01-APP01,python,5,Normal,Normal
N-01-00335,2026-01-10T07:03:35,Government Data Centres,S01-BKP01,java,18,Normal,Normal
N-01-00336,2026-01-03T07:57:35,Government Data Centres,S01-DB01,python,15,Normal,Normal
N-01-00337,2026-01-09T08:18:38,Government Data Centres,S01-MGMT01,python,8,Normal,Normal
N-01-00338,2026-01-16T02:51:57,Government Data Centres,S01-WS01,svchost,12,Normal,Normal
N-01-00339,2026-01-03T02:20:17,Government Data Centres,S01-GW01,svchost,3,Normal,Normal
N-01-00340,2026-01-13T07:31:46,Government Data Centres,S01-APP01,python,17,Normal,Normal
N-01-00341,2026-01-12T04:25:37,Government Data Centres,S01-CTRL01,powershell,14,Normal,Normal
N-01-00342,2026-01-07T14:38:27,Government Data Centres,S01-VPN01,python,15,Normal,Normal
N-01-00343,2026-01-16T17:45:32,Government Data Centres,S01-GW01,python,7,Normal,Normal
N-01-00344,2026-01-09T16:27:53,Government Data Centres,S01-AUTH01,nginx,20,Normal,Normal
N-01-00345,2026-01-06T06:45:59,Government Data Centres,S01-CTRL01,svchost,11,Normal,Normal
N-01-00346,2026-01-11T03:16:31,Government Data Centres,S01-GW01,python,8,Normal,Normal
N-01-00347,2026-01-16T06:24:53,Government Data Centres,S01-APP01,java,15,Normal,Normal
N-01-00348,2026-01-10T21:58:31,Government Data Centres,S01-WS01,powershell,13,Normal,Normal
N-01-00349,2026-01-11T05:12:30,Government Data Centres,S01-CTRL01,python,19,Normal,Normal
N-01-00350,2026-01-20T18:52:37,Government Data Centres,S01-AUTH01,powershell,20,Normal,Normal
N-01-00351,2026-01-08T23:35:27,Government Data Centres,S01-DB01,powershell,6,Normal,Normal
N-01-00352,2026-01-07T17:00:58,Government Data Centres,S01-WS01,powershell,7,Normal,Normal
N-01-00353,2026-01-14T15:07:24,Government Data Centres,S01-WS01,nginx,4,Normal,Normal
N-01-00354,2026-01-13T20:38:45,Government Data Centres,S01-DB01,python,1,Normal,Normal
N-01-00355,2026-01-12T14:21:43,Government Data Centres,S01-DB01,python,0,Normal,Normal
N-01-00356,2026-01-12T19:09:45,Government Data Centres,S01-VPN01,nginx,20,Normal,Normal
N-01-00357,2026-01-13T11:57:07,Government Data Centres,S01-DB01,powershell,5,Normal,Normal
N-01-00358,2026-01-13T13:29:42,Government Data Centres,S01-WS01,svchost,11,Normal,Normal
N-01-00359,2026-01-03T11:10:31,Government Data Centres,S01-AUTH01,svchost,7,Normal,Normal
N-01-00360,2026-01-03T14:44:46,Government Data Centres,S01-MON01,nginx,17,Normal,Normal
N-01-00361,2026-01-05T22:29:08,Government Data Centres,S01-MGMT01,python,13,Normal,Normal
N-01-00362,2026-01-06T10:30:01,Government Data Centres,S01-AUTH01,python,10,Normal,Normal
N-01-00363,2026-01-03T06:18:57,Government Data Centres,S01-APP01,powershell,2,Normal,Normal
N-01-00364,2026-01-19T00:46:41,Government Data Centres,S01-GW01,powershell,15,Normal,Normal
N-01-00365,2026-01-17T02:42:26,Government Data Centres,S01-BKP01,java,2,Normal,Normal
N-01-00366,2026-01-01T09:33:13,Government Data Centres,S01-DB01,nginx,4,Normal,Normal
N-01-00367,2026-01-09T22:08:46,Government Data Centres,S01-APP01,python,13,Normal,Normal
N-01-00368,2026-01-12T00:33:47,Government Data Centres,S01-AUTH01,svchost,17,Normal,Normal
N-01-00369,2026-01-08T07:08:45,Government Data Centres,S01-WS01,svchost,15,Normal,Normal
N-01-00370,2026-01-20T03:47:24,Government Data Centres,S01-MGMT01,nginx,9,Normal,Normal
N-01-00371,2026-01-05T22:10:40,Government Data Centres,S01-DB01,powershell,12,Normal,Normal
N-01-00372,2026-01-17T07:44:43,Government Data Centres,S01-MGMT01,java,20,Normal,Normal
N-01-00373,2026-01-12T17:57:33,Government Data Centres,S01-AUTH01,svchost,3,Normal,Normal
N-01-00374,2026-01-18T18:30:55,Government Data Centres,S01-GW01,powershell,15,Normal,Normal
N-01-00375,2026-01-16T03:08:59,Government Data Centres,S01-WS01,powershell,1,Normal,Normal
N-01-00376,2026-01-18T04:42:50,Government Data Centres,S01-CTRL01,python,14,Normal,Normal
N-01-00377,2026-01-05T10:27:46,Government Data Centres,S01-APP01,svchost,4,Normal,Normal
N-01-00378,2026-01-14T06:18:02,Government Data Centres,S01-DB01,svchost,2,Normal,Normal
N-01-00379,2026-01-21T03:50:26,Government Data Centres,S01-WS01,python,12,Normal,Normal
N-01-00380,2026-01-19T03:39:57,Government Data Centres,S01-GW01,svchost,4,Normal,Normal
N-01-00381,2026-01-02T03:55:13,Government Data Centres,S01-MON01,nginx,15,Normal,Normal
N-01-00382,2026-01-10T16:07:22,Government Data Centres,S01-MON01,nginx,2,Normal,Normal
N-01-00383,2026-01-16T02:46:01,Government Data Centres,S01-APP01,java,15,Normal,Normal
N-01-00384,2026-01-19T09:29:58,Government Data Centres,S01-APP01,java,11,Normal,Normal
N-01-00385,2026-01-08T23:00:10,Government Data Centres,S01-VPN01,java,3,Normal,Normal
N-01-00386,2026-01-04T00:38:40,Government Data Centres,S01-AUTH01,java,14,Normal,Normal
N-01-00387,2026-01-06T18:55:41,Government Data Centres,S01-MGMT01,nginx,3,Normal,Normal
N-01-00388,2026-01-07T07:05:57,Government Data Centres,S01-AUTH01,svchost,5,Normal,Normal
N-01-00389,2026-01-01T13:32:57,Government Data Centres,S01-AUTH01,python,4,Normal,Normal
N-01-00390,2026-01-03T22:41:57,Government Data Centres,S01-DB01,powershell,5,Normal,Normal
N-01-00391,2026-01-10T06:32:06,Government Data Centres,S01-DB01,nginx,14,Normal,Normal
N-01-00392,2026-01-12T23:16:16,Government Data Centres,S01-AUTH01,powershell,3,Normal,Normal
N-01-00393,2026-01-16T23:53:00,Government Data Centres,S01-GW01,java,6,Normal,Normal
N-01-00394,2026-01-12T16:19:02,Government Data Centres,S01-GW01,python,16,Normal,Normal
N-01-00395,2026-01-16T00:08:01,Government Data Centres,S01-GW01,powershell,19,Normal,Normal
N-01-00396,2026-01-06T10:20:03,Government Data Centres,S01-APP01,nginx,8,Normal,Normal
N-01-00397,2026-01-07T11:24:44,Government Data Centres,S01-MGMT01,svchost,7,Normal,Normal
N-01-00398,2026-01-18T18:26:18,Government Data Centres,S01-APP01,nginx,10,Normal,Normal
N-01-00399,2026-01-13T00:40:54,Government Data Centres,S01-DB01,java,9,Normal,Normal
N-01-00400,2026-01-04T16:26:29,Government Data Centres,S01-CTRL01,java,12,Normal,Normal
N-01-00401,2026-01-12T21:23:21,Government Data Centres,S01-VPN01,nginx,20,Normal,Normal
N-01-00402,2026-01-06T07:55:07,Government Data Centres,S01-DB01,java,11,Normal,Normal
N-01-00403,2026-01-18T00:47:00,Government Data Centres,S01-WS01,svchost,10,Normal,Normal
N-01-00404,2026-01-07T08:05:56,Government Data Centres,S01-GW01,powershell,10,Normal,Normal
N-01-00405,2026-01-18T01:18:22,Government Data Centres,S01-MON01,java,11,Normal,Normal
N-01-00406,2026-01-06T21:27:36,Government Data Centres,S01-MON01,svchost,8,Normal,Normal
N-01-00407,2026-01-02T06:26:37,Government Data Centres,S01-WS01,java,9,Normal,Normal
N-01-00408,2026-01-02T19:17:51,Government Data Centres,S01-MON01,python,4,Normal,Normal
N-01-00409,2026-01-04T13:54:46,Government Data Centres,S01-APP01,python,13,Normal,Normal
N-01-00410,2026-01-16T21:11:49,Government Data Centres,S01-MGMT01,powershell,16,Normal,Normal
N-01-00411,2026-01-09T09:26:27,Government Data Centres,S01-MGMT01,python,9,Normal,Normal
N-01-00412,2026-01-04T04:46:25,Government Data Centres,S01-GW01,python,16,Normal,Normal
N-01-00413,2026-01-13T01:56:09,Government Data Centres,S01-GW01,python,3,Normal,Normal
N-01-00414,2026-01-03T16:34:30,Government Data Centres,S01-DB01,nginx,5,Normal,Normal
N-01-00415,2026-01-05T05:15:32,Government Data Centres,S01-AUTH01,java,0,Normal,Normal
N-01-00416,2026-01-04T01:36:36,Government Data Centres,S01-WS01,powershell,16,Normal,Normal
N-01-00417,2026-01-02T18:16:11,Government Data Centres,S01-BKP01,python,8,Normal,Normal
N-01-00418,2026-01-14T17:35:37,Government Data Centres,S01-AUTH01,svchost,13,Normal,Normal
N-01-00419,2026-01-15T06:10:16,Government Data Centres,S01-APP01,powershell,7,Normal,Normal
N-01-00420,2026-01-11T05:03:52,Government Data Centres,S01-DB01,java,18,Normal,Normal
N-01-00421,2026-01-09T08:17:22,Government Data Centres,S01-MON01,python,10,Normal,Normal
N-01-00422,2026-01-20T00:33:18,Government Data Centres,S01-GW01,python,15,Normal,Normal
N-01-00423,2026-01-02T01:37:21,Government Data Centres,S01-WS01,python,19,Normal,Normal
N-01-00424,2026-01-12T05:28:08,Government Data Centres,S01-APP01,nginx,17,Normal,Normal
N-01-00425,2026-01-10T03:25:49,Government Data Centres,S01-MON01,python,0,Normal,Normal
N-01-00426,2026-01-18T08:13:48,Government Data Centres,S01-DB01,java,9,Normal,Normal
N-01-00427,2026-01-12T05:26:42,Government Data Centres,S01-AUTH01,powershell,17,Normal,Normal
N-01-00428,2026-01-02T13:29:22,Government Data Centres,S01-VPN01,svchost,20,Normal,Normal
N-01-00429,2026-01-01T19:37:31,Government Data Centres,S01-MON01,svchost,5,Normal,Normal
N-01-00430,2026-01-02T12:32:42,Government Data Centres,S01-BKP01,powershell,17,Normal,Normal
N-01-00431,2026-01-14T08:43:46,Government Data Centres,S01-MON01,nginx,19,Normal,Normal
N-01-00432,2026-01-07T10:46:42,Government Data Centres,S01-WS01,python,6,Normal,Normal
N-01-00433,2026-01-14T12:31:05,Government Data Centres,S01-BKP01,nginx,7,Normal,Normal
N-01-00434,2026-01-05T12:37:43,Government Data Centres,S01-APP01,nginx,16,Normal,Normal
N-01-00435,2026-01-05T23:26:20,Government Data Centres,S01-APP01,powershell,1,Normal,Normal
N-01-00436,2026-01-14T18:53:01,Government Data Centres,S01-WS01,python,1,Normal,Normal
N-01-00437,2026-01-16T08:00:33,Government Data Centres,S01-CTRL01,powershell,2,Normal,Normal
N-01-00438,2026-01-12T20:08:04,Government Data Centres,S01-MGMT01,powershell,10,Normal,Normal
N-01-00439,2026-01-10T15:05:26,Government Data Centres,S01-APP01,java,2,Normal,Normal
N-01-00440,2026-01-21T01:25:33,Government Data Centres,S01-AUTH01,svchost,13,Normal,Normal
N-01-00441,2026-01-17T06:21:08,Government Data Centres,S01-WS01,svchost,10,Normal,Normal
N-01-00442,2026-01-13T06:49:37,Government Data Centres,S01-GW01,java,3,Normal,Normal
N-01-00443,2026-01-12T09:46:28,Government Data Centres,S01-WS01,nginx,15,Normal,Normal
N-01-00444,2026-01-05T22:56:18,Government Data Centres,S01-GW01,nginx,11,Normal,Normal
N-01-00445,2026-01-17T21:14:04,Government Data Centres,S01-APP01,nginx,20,Normal,Normal
N-01-00446,2026-01-04T10:45:37,Government Data Centres,S01-GW01,svchost,17,Normal,Normal
N-01-00447,2026-01-17T11:44:11,Government Data Centres,S01-CTRL01,python,15,Normal,Normal
N-01-00448,2026-01-06T07:33:07,Government Data Centres,S01-WS01,svchost,7,Normal,Normal
N-01-00449,2026-01-07T10:19:32,Government Data Centres,S01-GW01,nginx,9,Normal,Normal
N-01-00450,2026-01-06T08:51:36,Government Data Centres,S01-MON01,powershell,17,Normal,Normal
N-01-00451,2026-01-20T09:44:34,Government Data Centres,S01-DB01,nginx,5,Normal,Normal
N-01-00452,2026-01-01T21:14:14,Government Data Centres,S01-WS01,python,19,Normal,Normal
N-01-00453,2026-01-18T01:53:37,Government Data Centres,S01-AUTH01,nginx,7,Normal,Normal
N-01-00454,2026-01-07T16:07:30,Government Data Centres,S01-BKP01,python,3,Normal,Normal
N-01-00455,2026-01-04T14:31:51,Government Data Centres,S01-WS01,powershell,4,Normal,Normal
N-01-00456,2026-01-17T00:17:36,Government Data Centres,S01-GW01,nginx,12,Normal,Normal
N-01-00457,2026-01-05T00:31:33,Government Data Centres,S01-AUTH01,powershell,16,Normal,Normal
N-01-00458,2026-01-14T03:54:41,Government Data Centres,S01-MGMT01,java,4,Normal,Normal
N-01-00459,2026-01-01T11:03:19,Government Data Centres,S01-MON01,python,9,Normal,Normal
N-01-00460,2026-01-07T03:07:35,Government Data Centres,S01-MGMT01,java,5,Normal,Normal
N-01-00461,2026-01-06T06:12:05,Government Data Centres,S01-GW01,java,17,Normal,Normal
N-01-00462,2026-01-18T22:39:24,Government Data Centres,S01-BKP01,powershell,5,Normal,Normal
N-01-00463,2026-01-20T19:08:29,Government Data Centres,S01-GW01,powershell,3,Normal,Normal
N-01-00464,2026-01-12T18:35:58,Government Data Centres,S01-MGMT01,python,3,Normal,Normal
N-01-00465,2026-01-01T23:44:39,Government Data Centres,S01-GW01,java,18,Normal,Normal
N-01-00466,2026-01-01T15:44:42,Government Data Centres,S01-MGMT01,nginx,9,Normal,Normal
N-01-00467,2026-01-09T07:31:07,Government Data Centres,S01-WS01,svchost,2,Normal,Normal
N-01-00468,2026-01-20T09:16:43,Government Data Centres,S01-DB01,powershell,8,Normal,Normal
N-01-00469,2026-01-03T10:28:31,Government Data Centres,S01-MON01,powershell,2,Normal,Normal
N-01-00470,2026-01-07T05:01:13,Government Data Centres,S01-VPN01,svchost,10,Normal,Normal
N-01-00471,2026-01-05T14:11:58,Government Data Centres,S01-MGMT01,svchost,9,Normal,Normal
N-01-00472,2026-01-18T16:47:59,Government Data Centres,S01-GW01,powershell,1,Normal,Normal
N-01-00473,2026-01-19T09:00:49,Government Data Centres,S01-APP01,java,4,Normal,Normal
N-01-00474,2026-01-01T10:42:30,Government Data Centres,S01-VPN01,powershell,13,Normal,Normal
N-01-00475,2026-01-13T11:41:04,Government Data Centres,S01-CTRL01,nginx,6,Normal,Normal
N-01-00476,2026-01-03T10:42:21,Government Data Centres,S01-WS01,nginx,20,Normal,Normal
N-01-00477,2026-01-04T23:51:20,Government Data Centres,S01-BKP01,powershell,17,Normal,Normal
N-01-00478,2026-01-19T04:59:11,Government Data Centres,S01-MGMT01,powershell,1,Normal,Normal
N-01-00479,2026-01-07T01:48:27,Government Data Centres,S01-CTRL01,java,5,Normal,Normal
N-01-00480,2026-01-03T11:38:08,Government Data Centres,S01-APP01,nginx,12,Normal,Normal
N-01-00481,2026-01-09T00:28:59,Government Data Centres,S01-VPN01,python,7,Normal,Normal
N-01-00482,2026-01-14T09:07:30,Government Data Centres,S01-GW01,java,8,Normal,Normal
N-01-00483,2026-01-14T23:10:50,Government Data Centres,S01-WS01,powershell,10,Normal,Normal
N-01-00484,2026-01-20T01:15:28,Government Data Centres,S01-MGMT01,svchost,14,Normal,Normal
N-01-00485,2026-01-15T13:15:37,Government Data Centres,S01-GW01,java,3,Normal,Normal
N-01-00486,2026-01-05T09:33:55,Government Data Centres,S01-CTRL01,svchost,5,Normal,Normal
N-01-00487,2026-01-07T21:30:00,Government Data Centres,S01-AUTH01,python,2,Normal,Normal
N-01-00488,2026-01-01T20:28:20,Government Data Centres,S01-CTRL01,java,10,Normal,Normal
N-01-00489,2026-01-02T19:23:57,Government Data Centres,S01-AUTH01,nginx,13,Normal,Normal
N-01-00490,2026-01-20T22:51:24,Government Data Centres,S01-VPN01,svchost,13,Normal,Normal
N-01-00491,2026-01-04T15:43:54,Government Data Centres,S01-APP01,svchost,7,Normal,Normal
N-01-00492,2026-01-08T01:16:44,Government Data Centres,S01-WS01,java,18,Normal,Normal
N-01-00493,2026-01-17T13:26:28,Government Data Centres,S01-WS01,python,16,Normal,Normal
N-01-00494,2026-01-15T09:45:57,Government Data Centres,S01-BKP01,java,7,Normal,Normal
N-01-00495,2026-01-15T04:23:49,Government Data Centres,S01-AUTH01,powershell,17,Normal,Normal
N-01-00496,2026-01-21T04:33:05,Government Data Centres,S01-VPN01,java,2,Normal,Normal
N-01-00497,2026-01-08T05:20:03,Government Data Centres,S01-AUTH01,python,18,Normal,Normal
N-01-00498,2026-01-08T03:49:36,Government Data Centres,S01-DB01,powershell,20,Normal,Normal
N-01-00499,2026-01-21T01:38:34,Government Data Centres,S01-WS01,powershell,3,Normal,Normal
N-01-00500,2026-01-15T20:22:43,Government Data Centres,S01-MON01,svchost,5,Normal,Normal
N-01-00501,2026-01-08T17:51:33,Government Data Centres,S01-AUTH01,svchost,0,Normal,Normal
N-01-00502,2026-01-10T15:15:22,Government Data Centres,S01-BKP01,java,6,Normal,Normal
N-01-00503,2026-01-11T08:21:54,Government Data Centres,S01-CTRL01,powershell,8,Normal,Normal
N-01-00504,2026-01-11T07:16:59,Government Data Centres,S01-VPN01,powershell,17,Normal,Normal
N-01-00505,2026-01-17T00:35:01,Government Data Centres,S01-VPN01,java,3,Normal,Normal
N-01-00506,2026-01-10T08:26:51,Government Data Centres,S01-BKP01,python,2,Normal,Normal
N-01-00507,2026-01-13T10:24:10,Government Data Centres,S01-VPN01,python,10,Normal,Normal
N-01-00508,2026-01-19T02:35:44,Government Data Centres,S01-MON01,python,14,Normal,Normal
N-01-00509,2026-01-17T14:25:55,Government Data Centres,S01-DB01,java,9,Normal,Normal
N-01-00510,2026-01-07T12:02:14,Government Data Centres,S01-AUTH01,python,3,Normal,Normal
N-01-00511,2026-01-12T20:43:58,Government Data Centres,S01-APP01,powershell,16,Normal,Normal
N-01-00512,2026-01-01T16:49:00,Government Data Centres,S01-APP01,powershell,1,Normal,Normal
N-01-00513,2026-01-05T08:51:36,Government Data Centres,S01-AUTH01,java,5,Normal,Normal
N-01-00514,2026-01-19T05:33:10,Government Data Centres,S01-MGMT01,python,12,Normal,Normal
N-01-00515,2026-01-05T04:42:10,Government Data Centres,S01-CTRL01,powershell,4,Normal,Normal
N-01-00516,2026-01-09T15:39:39,Government Data Centres,S01-MGMT01,java,8,Normal,Normal
N-01-00517,2026-01-08T19:28:45,Government Data Centres,S01-AUTH01,nginx,7,Normal,Normal
N-01-00518,2026-01-08T16:08:00,Government Data Centres,S01-AUTH01,powershell,15,Normal,Normal
N-01-00519,2026-01-16T10:13:06,Government Data Centres,S01-VPN01,java,11,Normal,Normal
N-01-00520,2026-01-11T06:12:35,Government Data Centres,S01-WS01,python,5,Normal,Normal
N-01-00521,2026-01-03T14:41:43,Government Data Centres,S01-MGMT01,powershell,0,Normal,Normal
N-01-00522,2026-01-17T10:50:35,Government Data Centres,S01-APP01,powershell,2,Normal,Normal
N-01-00523,2026-01-04T12:41:57,Government Data Centres,S01-DB01,powershell,3,Normal,Normal
N-01-00524,2026-01-04T19:55:04,Government Data Centres,S01-VPN01,python,11,Normal,Normal
N-01-00525,2026-01-20T08:57:44,Government Data Centres,S01-DB01,java,18,Normal,Normal
N-01-00526,2026-01-14T18:48:27,Government Data Centres,S01-MON01,python,13,Normal,Normal
N-01-00527,2026-01-09T05:40:41,Government Data Centres,S01-BKP01,powershell,11,Normal,Normal
N-01-00528,2026-01-06T23:49:17,Government Data Centres,S01-MGMT01,python,7,Normal,Normal
N-01-00529,2026-01-03T15:19:58,Government Data Centres,S01-MGMT01,nginx,6,Normal,Normal
N-01-00530,2026-01-12T20:24:44,Government Data Centres,S01-CTRL01,nginx,9,Normal,Normal
N-01-00531,2026-01-08T16:51:14,Government Data Centres,S01-CTRL01,nginx,19,Normal,Normal
N-01-00532,2026-01-10T18:23:35,Government Data Centres,S01-MON01,python,11,Normal,Normal
N-01-00533,2026-01-08T15:40:55,Government Data Centres,S01-APP01,nginx,14,Normal,Normal
N-01-00534,2026-01-12T15:30:37,Government Data Centres,S01-CTRL01,svchost,13,Normal,Normal
N-01-00535,2026-01-06T05:31:42,Government Data Centres,S01-AUTH01,python,13,Normal,Normal
N-01-00536,2026-01-06T23:52:38,Government Data Centres,S01-AUTH01,nginx,9,Normal,Normal
N-01-00537,2026-01-17T10:15:27,Government Data Centres,S01-MGMT01,python,1,Normal,Normal
N-01-00538,2026-01-05T04:01:00,Government Data Centres,S01-MGMT01,java,19,Normal,Normal
N-01-00539,2026-01-11T08:40:45,Government Data Centres,S01-MGMT01,nginx,15,Normal,Normal
N-01-00540,2026-01-15T06:53:58,Government Data Centres,S01-DB01,nginx,15,Normal,Normal
N-01-00541,2026-01-20T14:59:33,Government Data Centres,S01-CTRL01,svchost,3,Normal,Normal
N-01-00542,2026-01-12T08:23:39,Government Data Centres,S01-MGMT01,python,1,Normal,Normal
N-01-00543,2026-01-13T06:09:54,Government Data Centres,S01-BKP01,nginx,9,Normal,Normal
N-01-00544,2026-01-16T08:13:52,Government Data Centres,S01-GW01,powershell,13,Normal,Normal
N-01-00545,2026-01-20T01:46:26,Government Data Centres,S01-GW01,java,17,Normal,Normal
N-01-00546,2026-01-18T04:11:16,Government Data Centres,S01-MGMT01,nginx,7,Normal,Normal
N-01-00547,2026-01-05T12:44:05,Government Data Centres,S01-GW01,powershell,8,Normal,Normal
N-01-00548,2026-01-11T20:19:12,Government Data Centres,S01-AUTH01,powershell,17,Normal,Normal
N-01-00549,2026-01-13T18:48:20,Government Data Centres,S01-AUTH01,python,3,Normal,Normal
N-01-00550,2026-01-14T03:49:34,Government Data Centres,S01-DB01,java,9,Normal,Normal
N-01-00551,2026-01-07T04:28:56,Government Data Centres,S01-AUTH01,svchost,14,Normal,Normal
N-01-00552,2026-01-09T14:33:21,Government Data Centres,S01-BKP01,nginx,17,Normal,Normal
N-01-00553,2026-01-20T06:52:49,Government Data Centres,S01-MON01,powershell,18,Normal,Normal
N-01-00554,2026-01-14T10:03:50,Government Data Centres,S01-AUTH01,powershell,2,Normal,Normal
N-01-00555,2026-01-05T22:52:47,Government Data Centres,S01-MGMT01,nginx,17,Normal,Normal
N-01-00556,2026-01-04T22:26:35,Government Data Centres,S01-CTRL01,powershell,14,Normal,Normal
N-01-00557,2026-01-11T12:18:57,Government Data Centres,S01-CTRL01,powershell,2,Normal,Normal
N-01-00558,2026-01-01T16:42:39,Government Data Centres,S01-MGMT01,svchost,10,Normal,Normal
N-01-00559,2026-01-18T09:35:48,Government Data Centres,S01-GW01,powershell,11,Normal,Normal
N-01-00560,2026-01-10T14:22:45,Government Data Centres,S01-VPN01,powershell,2,Normal,Normal
N-01-00561,2026-01-19T01:22:05,Government Data Centres,S01-AUTH01,java,2,Normal,Normal
N-01-00562,2026-01-11T04:27:50,Government Data Centres,S01-APP01,nginx,2,Normal,Normal
N-01-00563,2026-01-07T07:46:09,Government Data Centres,S01-AUTH01,java,13,Normal,Normal
N-01-00564,2026-01-18T01:39:15,Government Data Centres,S01-WS01,powershell,19,Normal,Normal
N-01-00565,2026-01-17T21:07:53,Government Data Centres,S01-APP01,svchost,14,Normal,Normal
N-01-00566,2026-01-04T19:23:09,Government Data Centres,S01-MON01,svchost,15,Normal,Normal
N-01-00567,2026-01-09T00:13:12,Government Data Centres,S01-AUTH01,powershell,15,Normal,Normal
N-01-00568,2026-01-04T13:15:15,Government Data Centres,S01-CTRL01,powershell,4,Normal,Normal
N-01-00569,2026-01-02T18:28:01,Government Data Centres,S01-MGMT01,java,18,Normal,Normal
N-01-00570,2026-01-19T20:10:52,Government Data Centres,S01-CTRL01,powershell,2,Normal,Normal
N-01-00571,2026-01-19T00:34:12,Government Data Centres,S01-MON01,python,6,Normal,Normal
N-01-00572,2026-01-08T01:26:46,Government Data Centres,S01-DB01,java,14,Normal,Normal
N-01-00573,2026-01-04T21:43:38,Government Data Centres,S01-BKP01,java,10,Normal,Normal
N-01-00574,2026-01-01T21:54:40,Government Data Centres,S01-BKP01,nginx,16,Normal,Normal
N-01-00575,2026-01-03T10:10:48,Government Data Centres,S01-AUTH01,nginx,8,Normal,Normal
N-01-00576,2026-01-02T14:51:41,Government Data Centres,S01-DB01,svchost,0,Normal,Normal
N-01-00577,2026-01-02T21:06:02,Government Data Centres,S01-BKP01,python,9,Normal,Normal
N-01-00578,2026-01-09T20:25:32,Government Data Centres,S01-WS01,nginx,12,Normal,Normal
N-01-00579,2026-01-05T21:18:48,Government Data Centres,S01-APP01,svchost,12,Normal,Normal
N-01-00580,2026-01-10T05:24:38,Government Data Centres,S01-MGMT01,python,5,Normal,Normal
N-01-00581,2026-01-09T17:00:13,Government Data Centres,S01-APP01,nginx,15,Normal,Normal
N-01-00582,2026-01-03T21:29:05,Government Data Centres,S01-AUTH01,svchost,13,Normal,Normal
N-01-00583,2026-01-14T10:59:57,Government Data Centres,S01-AUTH01,svchost,7,Normal,Normal
N-01-00584,2026-01-09T14:48:05,Government Data Centres,S01-GW01,powershell,4,Normal,Normal
N-01-00585,2026-01-10T14:43:23,Government Data Centres,S01-MON01,java,18,Normal,Normal
N-01-00586,2026-01-20T02:23:44,Government Data Centres,S01-AUTH01,python,12,Normal,Normal
N-01-00587,2026-01-18T09:30:26,Government Data Centres,S01-DB01,python,20,Normal,Normal
N-01-00588,2026-01-01T20:50:01,Government Data Centres,S01-APP01,java,9,Normal,Normal
N-01-00589,2026-01-15T18:54:39,Government Data Centres,S01-BKP01,nginx,15,Normal,Normal
N-01-00590,2026-01-07T01:42:34,Government Data Centres,S01-APP01,java,18,Normal,Normal
N-01-00591,2026-01-11T10:43:04,Government Data Centres,S01-GW01,svchost,3,Normal,Normal
N-01-00592,2026-01-05T20:44:30,Government Data Centres,S01-AUTH01,python,18,Normal,Normal
N-01-00593,2026-01-12T14:57:23,Government Data Centres,S01-GW01,svchost,12,Normal,Normal
N-01-00594,2026-01-21T06:09:08,Government Data Centres,S01-VPN01,java,6,Normal,Normal
N-01-00595,2026-01-04T08:45:47,Government Data Centres,S01-AUTH01,svchost,15,Normal,Normal
N-01-00596,2026-01-03T14:05:11,Government Data Centres,S01-MON01,svchost,1,Normal,Normal
N-01-00597,2026-01-21T03:30:20,Government Data Centres,S01-BKP01,python,0,Normal,Normal
N-01-00598,2026-01-14T02:45:05,Government Data Centres,S01-BKP01,python,19,Normal,Normal
N-01-00599,2026-01-12T00:18:21,Government Data Centres,S01-CTRL01,powershell,16,Normal,Normal
A-01-SCN001-01-00,2026-01-14T09:01:00,Government Data Centres,S01-BKP01,curl,82,Reconnaissance,Attack
A-01-SCN001-01-01,2026-01-14T09:08:00,Government Data Centres,S01-WS01,service-host,32,Discovery,Attack
A-01-SCN001-01-02,2026-01-14T09:13:00,Government Data Centres,S01-VPN01,ssh,5,Initial Access,Attack
A-01-SCN001-01-03,2026-01-14T09:15:00,Government Data Centres,S01-MON01,ssh,29,Execution,Attack
A-01-SCN001-01-04,2026-01-14T09:21:00,Government Data Centres,S01-DB01,curl,31,Execution,Attack
A-01-SCN001-01-05,2026-01-14T09:28:00,Government Data Centres,S01-APP01,unknown,12,Execution,Attack
A-01-SCN001-01-06,2026-01-14T09:30:00,Government Data Centres,S01-BKP01,unknown,64,Execution,Attack
A-01-SCN001-01-07,2026-01-14T09:38:00,Government Data Centres,S01-WS01,wmic,48,Execution,Attack
A-01-SCN001-01-08,2026-01-14T09:43:00,Government Data Centres,S01-VPN01,wmic,34,Execution,Attack
A-01-SCN001-01-09,2026-01-14T09:47:00,Government Data Centres,S01-MON01,cmd,32,Execution,Attack
A-01-SCN001-02-00,2026-01-14T10:01:00,Government Data Centres,S01-APP01,cmd,2,Reconnaissance,Attack
A-01-SCN001-02-01,2026-01-14T10:06:00,Government Data Centres,S01-VPN01,python,98,Discovery,Attack
A-01-SCN001-02-02,2026-01-14T10:12:00,Government Data Centres,S01-WS01,powershell,90,Initial Access,Attack
A-01-SCN001-02-03,2026-01-14T10:15:00,Government Data Centres,S01-DB01,powershell,100,Execution,Attack
A-01-SCN001-02-04,2026-01-14T10:23:00,Government Data Centres,S01-CTRL01,service-host,47,Execution,Attack
A-01-SCN001-02-05,2026-01-14T10:25:00,Government Data Centres,S01-AUTH01,wmic,91,Execution,Attack
A-01-SCN001-02-06,2026-01-14T10:33:00,Government Data Centres,S01-APP01,unknown,45,Execution,Attack
A-01-SCN001-02-07,2026-01-14T10:38:00,Government Data Centres,S01-VPN01,python,3,Execution,Attack
A-01-SCN001-02-08,2026-01-14T10:43:00,Government Data Centres,S01-WS01,unknown,19,Execution,Attack
A-01-SCN001-02-09,2026-01-14T10:48:00,Government Data Centres,S01-DB01,unknown,53,Execution,Attack
A-01-SCN001-03-00,2026-01-14T11:01:00,Government Data Centres,S01-AUTH01,unknown,80,Reconnaissance,Attack
A-01-SCN001-03-01,2026-01-14T11:07:00,Government Data Centres,S01-BKP01,ssh,71,Discovery,Attack
A-01-SCN001-03-02,2026-01-14T11:11:00,Government Data Centres,S01-WS01,unknown,7,Initial Access,Attack
A-01-SCN001-03-03,2026-01-14T11:18:00,Government Data Centres,S01-APP01,cmd,36,Execution,Attack
A-01-SCN001-03-04,2026-01-14T11:21:00,Government Data Centres,S01-GW01,cmd,22,Execution,Attack
A-01-SCN001-03-05,2026-01-14T11:25:00,Government Data Centres,S01-MGMT01,curl,62,Execution,Attack
A-01-SCN001-03-06,2026-01-14T11:30:00,Government Data Centres,S01-AUTH01,ssh,50,Execution,Attack
A-01-SCN001-03-07,2026-01-14T11:37:00,Government Data Centres,S01-BKP01,unknown,10,Execution,Attack
A-01-SCN001-03-08,2026-01-14T11:40:00,Government Data Centres,S01-WS01,python,90,Execution,Attack
A-01-SCN001-03-09,2026-01-14T11:46:00,Government Data Centres,S01-APP01,powershell,17,Execution,Attack
A-01-SCN001-04-00,2026-01-14T12:00:00,Government Data Centres,S01-MGMT01,service-host,80,Reconnaissance,Attack
A-01-SCN001-04-01,2026-01-14T12:07:00,Government Data Centres,S01-BKP01,curl,55,Discovery,Attack
A-01-SCN001-04-02,2026-01-14T12:10:00,Government Data Centres,S01-CTRL01,ssh,57,Initial Access,Attack
A-01-SCN001-04-03,2026-01-14T12:17:00,Government Data Centres,S01-VPN01,powershell,35,Execution,Attack
A-01-SCN001-04-04,2026-01-14T12:23:00,Government Data Centres,S01-WS01,ssh,42,Execution,Attack
A-01-SCN001-04-05,2026-01-14T12:26:00,Government Data Centres,S01-APP01,python,39,Execution,Attack
A-01-SCN001-04-06,2026-01-14T12:30:00,Government Data Centres,S01-MGMT01,python,85,Execution,Attack
A-01-SCN001-04-07,2026-01-14T12:37:00,Government Data Centres,S01-BKP01,python,61,Execution,Attack
A-01-SCN001-04-08,2026-01-14T12:42:00,Government Data Centres,S01-CTRL01,service-host,41,Execution,Attack
A-01-SCN001-04-09,2026-01-14T12:47:00,Government Data Centres,S01-VPN01,powershell,75,Execution,Attack
A-01-SCN002-01-00,2026-01-14T09:00:00,Government Data Centres,S01-AUTH01,curl,52,Reconnaissance,Attack
A-01-SCN002-01-01,2026-01-14T09:05:00,Government Data Centres,S01-MON01,unknown,33,Initial Access,Attack
A-01-SCN002-01-02,2026-01-14T09:12:00,Government Data Centres,S01-VPN01,cmd,51,Credential Access,Attack
A-01-SCN002-01-03,2026-01-14T09:15:00,Government Data Centres,S01-WS01,python,33,Discovery,Attack
A-01-SCN002-01-04,2026-01-14T09:21:00,Government Data Centres,S01-BKP01,curl,73,Lateral Movement,Attack
A-01-SCN002-01-05,2026-01-14T09:26:00,Government Data Centres,S01-CTRL01,powershell,1452,Collection,Attack
A-01-SCN002-01-06,2026-01-14T09:33:00,Government Data Centres,S01-AUTH01,powershell,516,Collection,Attack
A-01-SCN002-01-07,2026-01-14T09:35:00,Government Data Centres,S01-MON01,cmd,306,Collection,Attack
A-01-SCN002-01-08,2026-01-14T09:40:00,Government Data Centres,S01-VPN01,service-host,11,Collection,Attack
A-01-SCN002-01-09,2026-01-14T09:48:00,Government Data Centres,S01-WS01,powershell,717,Collection,Attack
A-01-SCN002-02-00,2026-01-14T10:03:00,Government Data Centres,S01-WS01,cmd,66,Reconnaissance,Attack
A-01-SCN002-02-01,2026-01-14T10:07:00,Government Data Centres,S01-DB01,ssh,19,Initial Access,Attack
A-01-SCN002-02-02,2026-01-14T10:10:00,Government Data Centres,S01-MON01,service-host,12,Credential Access,Attack
A-01-SCN002-02-03,2026-01-14T10:18:00,Government Data Centres,S01-APP01,wmic,72,Discovery,Attack
A-01-SCN002-02-04,2026-01-14T10:21:00,Government Data Centres,S01-MGMT01,powershell,15,Lateral Movement,Attack
A-01-SCN002-02-05,2026-01-14T10:27:00,Government Data Centres,S01-AUTH01,curl,1901,Collection,Attack
A-01-SCN002-02-06,2026-01-14T10:33:00,Government Data Centres,S01-WS01,python,1371,Collection,Attack
A-01-SCN002-02-07,2026-01-14T10:37:00,Government Data Centres,S01-DB01,wmic,755,Collection,Attack
A-01-SCN002-02-08,2026-01-14T10:42:00,Government Data Centres,S01-MON01,cmd,855,Collection,Attack
A-01-SCN002-02-09,2026-01-14T10:45:00,Government Data Centres,S01-APP01,ssh,406,Collection,Attack
A-01-SCN002-03-00,2026-01-14T11:00:00,Government Data Centres,S01-BKP01,cmd,30,Reconnaissance,Attack
A-01-SCN002-03-01,2026-01-14T11:05:00,Government Data Centres,S01-WS01,python,66,Initial Access,Attack
A-01-SCN002-03-02,2026-01-14T11:11:00,Government Data Centres,S01-CTRL01,python,10,Credential Access,Attack
A-01-SCN002-03-03,2026-01-14T11:17:00,Government Data Centres,S01-MON01,python,64,Discovery,Attack
A-01-SCN002-03-04,2026-01-14T11:22:00,Government Data Centres,S01-VPN01,cmd,40,Lateral Movement,Attack
A-01-SCN002-03-05,2026-01-14T11:28:00,Government Data Centres,S01-DB01,service-host,778,Collection,Attack
A-01-SCN002-03-06,2026-01-14T11:30:00,Government Data Centres,S01-BKP01,ssh,497,Collection,Attack
A-01-SCN002-03-07,2026-01-14T11:38:00,Government Data Centres,S01-WS01,powershell,1126,Collection,Attack
A-01-SCN002-03-08,2026-01-14T11:43:00,Government Data Centres,S01-CTRL01,wmic,1073,Collection,Attack
A-01-SCN002-03-09,2026-01-14T11:47:00,Government Data Centres,S01-MON01,powershell,325,Collection,Attack
A-01-SCN002-04-00,2026-01-14T12:03:00,Government Data Centres,S01-MGMT01,curl,98,Reconnaissance,Attack
A-01-SCN002-04-01,2026-01-14T12:06:00,Government Data Centres,S01-CTRL01,wmic,27,Initial Access,Attack
A-01-SCN002-04-02,2026-01-14T12:11:00,Government Data Centres,S01-WS01,wmic,30,Credential Access,Attack
A-01-SCN002-04-03,2026-01-14T12:15:00,Government Data Centres,S01-BKP01,wmic,59,Discovery,Attack
A-01-SCN002-04-04,2026-01-14T12:23:00,Government Data Centres,S01-GW01,cmd,33,Lateral Movement,Attack
A-01-SCN002-04-05,2026-01-14T12:27:00,Government Data Centres,S01-APP01,powershell,467,Collection,Attack
A-01-SCN002-04-06,2026-01-14T12:31:00,Government Data Centres,S01-MGMT01,curl,696,Collection,Attack
A-01-SCN002-04-07,2026-01-14T12:38:00,Government Data Centres,S01-CTRL01,powershell,1533,Collection,Attack
A-01-SCN002-04-08,2026-01-14T12:41:00,Government Data Centres,S01-WS01,wmic,209,Collection,Attack
A-01-SCN002-04-09,2026-01-14T12:46:00,Government Data Centres,S01-BKP01,curl,500,Collection,Attack
A-01-SCN003-01-00,2026-01-14T09:01:00,Government Data Centres,S01-WS01,wmic,64,Reconnaissance,Attack
A-01-SCN003-01-01,2026-01-14T09:07:00,Government Data Centres,S01-VPN01,ssh,11,Initial Access,Attack
A-01-SCN003-01-02,2026-01-14T09:12:00,Government Data Centres,S01-GW01,curl,23,Credential Access,Attack
A-01-SCN003-01-03,2026-01-14T09:16:00,Government Data Centres,S01-BKP01,service-host,95,Discovery,Attack
A-01-SCN003-01-04,2026-01-14T09:21:00,Government Data Centres,S01-CTRL01,wmic,18,Lateral Movement,Attack
A-01-SCN003-01-05,2026-01-14T09:28:00,Government Data Centres,S01-DB01,cmd,35,Collection,Attack
A-01-SCN003-01-06,2026-01-14T09:33:00,Government Data Centres,S01-WS01,wmic,1710,Collection,Attack
A-01-SCN003-01-07,2026-01-14T09:36:00,Government Data Centres,S01-VPN01,powershell,1691,Collection,Attack
A-01-SCN003-01-08,2026-01-14T09:40:00,Government Data Centres,S01-GW01,powershell,108,Collection,Attack
A-01-SCN003-01-09,2026-01-14T09:47:00,Government Data Centres,S01-BKP01,ssh,710,Collection,Attack
A-01-SCN003-02-00,2026-01-14T10:03:00,Government Data Centres,S01-GW01,python,44,Reconnaissance,Attack
A-01-SCN003-02-01,2026-01-14T10:08:00,Government Data Centres,S01-VPN01,python,59,Initial Access,Attack
A-01-SCN003-02-02,2026-01-14T10:13:00,Government Data Centres,S01-APP01,curl,18,Credential Access,Attack
A-01-SCN003-02-03,2026-01-14T10:18:00,Government Data Centres,S01-MGMT01,powershell,85,Discovery,Attack
A-01-SCN003-02-04,2026-01-14T10:21:00,Government Data Centres,S01-DB01,powershell,29,Lateral Movement,Attack
A-01-SCN003-02-05,2026-01-14T10:28:00,Government Data Centres,S01-BKP01,python,984,Collection,Attack
A-01-SCN003-02-06,2026-01-14T10:30:00,Government Data Centres,S01-GW01,service-host,810,Collection,Attack
A-01-SCN003-02-07,2026-01-14T10:37:00,Government Data Centres,S01-VPN01,unknown,1989,Collection,Attack
A-01-SCN003-02-08,2026-01-14T10:43:00,Government Data Centres,S01-APP01,ssh,1477,Collection,Attack
A-01-SCN003-02-09,2026-01-14T10:47:00,Government Data Centres,S01-MGMT01,ssh,486,Collection,Attack
A-01-SCN003-03-00,2026-01-14T11:01:00,Government Data Centres,S01-VPN01,unknown,64,Reconnaissance,Attack
A-01-SCN003-03-01,2026-01-14T11:08:00,Government Data Centres,S01-BKP01,curl,3,Initial Access,Attack
A-01-SCN003-03-02,2026-01-14T11:12:00,Government Data Centres,S01-MON01,service-host,58,Credential Access,Attack
A-01-SCN003-03-03,2026-01-14T11:18:00,Government Data Centres,S01-DB01,curl,43,Discovery,Attack
A-01-SCN003-03-04,2026-01-14T11:23:00,Government Data Centres,S01-CTRL01,python,67,Lateral Movement,Attack
A-01-SCN003-03-05,2026-01-14T11:27:00,Government Data Centres,S01-APP01,python,464,Collection,Attack
A-01-SCN003-03-06,2026-01-14T11:30:00,Government Data Centres,S01-VPN01,python,634,Collection,Attack
A-01-SCN003-03-07,2026-01-14T11:35:00,Government Data Centres,S01-BKP01,python,492,Collection,Attack
A-01-SCN003-03-08,2026-01-14T11:43:00,Government Data Centres,S01-MON01,powershell,1154,Collection,Attack
A-01-SCN003-03-09,2026-01-14T11:45:00,Government Data Centres,S01-DB01,ssh,1627,Collection,Attack
A-01-SCN003-04-00,2026-01-14T12:01:00,Government Data Centres,S01-MON01,curl,38,Reconnaissance,Attack
A-01-SCN003-04-01,2026-01-14T12:05:00,Government Data Centres,S01-VPN01,service-host,41,Initial Access,Attack
A-01-SCN003-04-02,2026-01-14T12:12:00,Government Data Centres,S01-CTRL01,powershell,49,Credential Access,Attack
A-01-SCN003-04-03,2026-01-14T12:18:00,Government Data Centres,S01-AUTH01,wmic,8,Discovery,Attack
A-01-SCN003-04-04,2026-01-14T12:21:00,Government Data Centres,S01-BKP01,python,66,Lateral Movement,Attack
A-01-SCN003-04-05,2026-01-14T12:26:00,Government Data Centres,S01-APP01,cmd,955,Collection,Attack
A-01-SCN003-04-06,2026-01-14T12:32:00,Government Data Centres,S01-MON01,ssh,113,Collection,Attack
A-01-SCN003-04-07,2026-01-14T12:36:00,Government Data Centres,S01-VPN01,cmd,1185,Collection,Attack
A-01-SCN003-04-08,2026-01-14T12:41:00,Government Data Centres,S01-CTRL01,service-host,660,Collection,Attack
A-01-SCN003-04-09,2026-01-14T12:47:00,Government Data Centres,S01-AUTH01,unknown,374,Collection,Attack
A-01-SCN004-01-00,2026-01-14T09:03:00,Government Data Centres,S01-MON01,powershell,86,Reconnaissance,Attack
A-01-SCN004-01-01,2026-01-14T09:05:00,Government Data Centres,S01-CTRL01,service-host,85,Initial Access,Attack
A-01-SCN004-01-02,2026-01-14T09:12:00,Government Data Centres,S01-GW01,service-host,44,Execution,Attack
A-01-SCN004-01-03,2026-01-14T09:16:00,Government Data Centres,S01-APP01,python,0,Persistence,Attack
A-01-SCN004-01-04,2026-01-14T09:23:00,Government Data Centres,S01-WS01,wmic,6,Privilege Escalation,Attack
A-01-SCN004-01-05,2026-01-14T09:25:00,Government Data Centres,S01-BKP01,python,4,Discovery,Attack
A-01-SCN004-01-06,2026-01-14T09:32:00,Government Data Centres,S01-MON01,service-host,80,Lateral Movement,Attack
A-01-SCN004-01-07,2026-01-14T09:36:00,Government Data Centres,S01-CTRL01,curl,91,Command and Control,Attack
A-01-SCN004-01-08,2026-01-14T09:42:00,Government Data Centres,S01-GW01,unknown,27,Command and Control,Attack
A-01-SCN004-01-09,2026-01-14T09:45:00,Government Data Centres,S01-APP01,cmd,56,Command and Control,Attack
A-01-SCN004-02-00,2026-01-14T10:03:00,Government Data Centres,S01-APP01,cmd,15,Reconnaissance,Attack
A-01-SCN004-02-01,2026-01-14T10:05:00,Government Data Centres,S01-BKP01,unknown,61,Initial Access,Attack
A-01-SCN004-02-02,2026-01-14T10:10:00,Government Data Centres,S01-VPN01,unknown,57,Execution,Attack
A-01-SCN004-02-03,2026-01-14T10:18:00,Government Data Centres,S01-MON01,unknown,90,Persistence,Attack
A-01-SCN004-02-04,2026-01-14T10:20:00,Government Data Centres,S01-WS01,wmic,38,Privilege Escalation,Attack
A-01-SCN004-02-05,2026-01-14T10:26:00,Government Data Centres,S01-GW01,python,15,Discovery,Attack
A-01-SCN004-02-06,2026-01-14T10:30:00,Government Data Centres,S01-APP01,wmic,4,Lateral Movement,Attack
A-01-SCN004-02-07,2026-01-14T10:35:00,Government Data Centres,S01-BKP01,service-host,2,Command and Control,Attack
A-01-SCN004-02-08,2026-01-14T10:42:00,Government Data Centres,S01-VPN01,python,50,Command and Control,Attack
A-01-SCN004-02-09,2026-01-14T10:48:00,Government Data Centres,S01-MON01,python,62,Command and Control,Attack
A-01-SCN004-03-00,2026-01-14T11:01:00,Government Data Centres,S01-WS01,curl,6,Reconnaissance,Attack
A-01-SCN004-03-01,2026-01-14T11:08:00,Government Data Centres,S01-GW01,python,18,Initial Access,Attack
A-01-SCN004-03-02,2026-01-14T11:10:00,Government Data Centres,S01-MON01,powershell,73,Execution,Attack
A-01-SCN004-03-03,2026-01-14T11:18:00,Government Data Centres,S01-DB01,powershell,38,Persistence,Attack
A-01-SCN004-03-04,2026-01-14T11:23:00,Government Data Centres,S01-CTRL01,python,34,Privilege Escalation,Attack
A-01-SCN004-03-05,2026-01-14T11:25:00,Government Data Centres,S01-AUTH01,python,42,Discovery,Attack
A-01-SCN004-03-06,2026-01-14T11:33:00,Government Data Centres,S01-WS01,unknown,34,Lateral Movement,Attack
A-01-SCN004-03-07,2026-01-14T11:38:00,Government Data Centres,S01-GW01,python,0,Command and Control,Attack
A-01-SCN004-03-08,2026-01-14T11:41:00,Government Data Centres,S01-MON01,service-host,11,Command and Control,Attack
A-01-SCN004-03-09,2026-01-14T11:47:00,Government Data Centres,S01-DB01,python,5,Command and Control,Attack
A-01-SCN004-04-00,2026-01-14T12:01:00,Government Data Centres,S01-WS01,ssh,51,Reconnaissance,Attack
A-01-SCN004-04-01,2026-01-14T12:05:00,Government Data Centres,S01-MGMT01,unknown,12,Initial Access,Attack
A-01-SCN004-04-02,2026-01-14T12:12:00,Government Data Centres,S01-APP01,ssh,89,Execution,Attack
A-01-SCN004-04-03,2026-01-14T12:18:00,Government Data Centres,S01-DB01,service-host,7,Persistence,Attack
A-01-SCN004-04-04,2026-01-14T12:23:00,Government Data Centres,S01-AUTH01,service-host,31,Privilege Escalation,Attack
A-01-SCN004-04-05,2026-01-14T12:28:00,Government Data Centres,S01-GW01,ssh,22,Discovery,Attack
A-01-SCN004-04-06,2026-01-14T12:30:00,Government Data Centres,S01-WS01,service-host,62,Lateral Movement,Attack
A-01-SCN004-04-07,2026-01-14T12:38:00,Government Data Centres,S01-MGMT01,powershell,48,Command and Control,Attack
A-01-SCN004-04-08,2026-01-14T12:41:00,Government Data Centres,S01-APP01,curl,22,Command and Control,Attack
A-01-SCN004-04-09,2026-01-14T12:46:00,Government Data Centres,S01-DB01,unknown,90,Command and Control,Attack
A-01-SCN005-01-00,2026-01-14T09:03:00,Government Data Centres,S01-APP01,powershell,57,Reconnaissance,Attack
A-01-SCN005-01-01,2026-01-14T09:06:00,Government Data Centres,S01-CTRL01,cmd,96,Initial Access,Attack
A-01-SCN005-01-02,2026-01-14T09:10:00,Government Data Centres,S01-MGMT01,curl,86,Execution,Attack
A-01-SCN005-01-03,2026-01-14T09:18:00,Government Data Centres,S01-BKP01,curl,87,Discovery,Attack
A-01-SCN005-01-04,2026-01-14T09:20:00,Government Data Centres,S01-WS01,service-host,91,Lateral Movement,Attack
A-01-SCN005-01-05,2026-01-14T09:25:00,Government Data Centres,S01-AUTH01,wmic,1741,Impact,Attack
A-01-SCN005-01-06,2026-01-14T09:31:00,Government Data Centres,S01-APP01,python,540,Impact,Attack
A-01-SCN005-01-07,2026-01-14T09:37:00,Government Data Centres,S01-CTRL01,wmic,1971,Impact,Attack
A-01-SCN005-01-08,2026-01-14T09:42:00,Government Data Centres,S01-MGMT01,service-host,776,Impact,Attack
A-01-SCN005-01-09,2026-01-14T09:46:00,Government Data Centres,S01-BKP01,service-host,66,Impact,Attack
A-01-SCN005-02-00,2026-01-14T10:00:00,Government Data Centres,S01-BKP01,cmd,3,Reconnaissance,Attack
A-01-SCN005-02-01,2026-01-14T10:08:00,Government Data Centres,S01-AUTH01,powershell,75,Initial Access,Attack
A-01-SCN005-02-02,2026-01-14T10:10:00,Government Data Centres,S01-DB01,service-host,42,Execution,Attack
A-01-SCN005-02-03,2026-01-14T10:18:00,Government Data Centres,S01-APP01,curl,90,Discovery,Attack
A-01-SCN005-02-04,2026-01-14T10:20:00,Government Data Centres,S01-WS01,powershell,37,Lateral Movement,Attack
A-01-SCN005-02-05,2026-01-14T10:26:00,Government Data Centres,S01-MGMT01,service-host,1605,Impact,Attack
A-01-SCN005-02-06,2026-01-14T10:30:00,Government Data Centres,S01-BKP01,service-host,1744,Impact,Attack
A-01-SCN005-02-07,2026-01-14T10:36:00,Government Data Centres,S01-AUTH01,python,1004,Impact,Attack
A-01-SCN005-02-08,2026-01-14T10:42:00,Government Data Centres,S01-DB01,python,689,Impact,Attack
A-01-SCN005-02-09,2026-01-14T10:45:00,Government Data Centres,S01-APP01,curl,263,Impact,Attack
A-01-SCN005-03-00,2026-01-14T11:00:00,Government Data Centres,S01-MGMT01,service-host,92,Reconnaissance,Attack
A-01-SCN005-03-01,2026-01-14T11:07:00,Government Data Centres,S01-MON01,python,7,Initial Access,Attack
A-01-SCN005-03-02,2026-01-14T11:12:00,Government Data Centres,S01-GW01,python,72,Execution,Attack
A-01-SCN005-03-03,2026-01-14T11:16:00,Government Data Centres,S01-CTRL01,powershell,71,Discovery,Attack
A-01-SCN005-03-04,2026-01-14T11:22:00,Government Data Centres,S01-WS01,cmd,60,Lateral Movement,Attack
A-01-SCN005-03-05,2026-01-14T11:26:00,Government Data Centres,S01-VPN01,wmic,1993,Impact,Attack
A-01-SCN005-03-06,2026-01-14T11:32:00,Government Data Centres,S01-MGMT01,wmic,1911,Impact,Attack
A-01-SCN005-03-07,2026-01-14T11:36:00,Government Data Centres,S01-MON01,wmic,742,Impact,Attack
A-01-SCN005-03-08,2026-01-14T11:43:00,Government Data Centres,S01-GW01,curl,1369,Impact,Attack
A-01-SCN005-03-09,2026-01-14T11:45:00,Government Data Centres,S01-CTRL01,python,1303,Impact,Attack
A-01-SCN005-04-00,2026-01-14T12:00:00,Government Data Centres,S01-GW01,python,44,Reconnaissance,Attack
A-01-SCN005-04-01,2026-01-14T12:07:00,Government Data Centres,S01-BKP01,curl,82,Initial Access,Attack
A-01-SCN005-04-02,2026-01-14T12:10:00,Government Data Centres,S01-MGMT01,python,27,Execution,Attack
A-01-SCN005-04-03,2026-01-14T12:18:00,Government Data Centres,S01-APP01,ssh,18,Discovery,Attack
A-01-SCN005-04-04,2026-01-14T12:20:00,Government Data Centres,S01-AUTH01,python,33,Lateral Movement,Attack
A-01-SCN005-04-05,2026-01-14T12:25:00,Government Data Centres,S01-MON01,ssh,943,Impact,Attack
A-01-SCN005-04-06,2026-01-14T12:33:00,Government Data Centres,S01-GW01,powershell,945,Impact,Attack
A-01-SCN005-04-07,2026-01-14T12:37:00,Government Data Centres,S01-BKP01,cmd,505,Impact,Attack
A-01-SCN005-04-08,2026-01-14T12:40:00,Government Data Centres,S01-MGMT01,wmic,667,Impact,Attack
A-01-SCN005-04-09,2026-01-14T12:46:00,Government Data Centres,S01-APP01,ssh,528,Impact,Attack
A-01-SCN006-01-00,2026-01-14T09:00:00,Government Data Centres,S01-MON01,python,66,Reconnaissance,Attack
A-01-SCN006-01-01,2026-01-14T09:08:00,Government Data Centres,S01-CTRL01,curl,21,Initial Access,Attack
A-01-SCN006-01-02,2026-01-14T09:10:00,Government Data Centres,S01-GW01,powershell,42,Credential Access,Attack
A-01-SCN006-01-03,2026-01-14T09:17:00,Government Data Centres,S01-MGMT01,python,32,Discovery,Attack
A-01-SCN006-01-04,2026-01-14T09:20:00,Government Data Centres,S01-WS01,ssh,108,Collection,Attack
A-01-SCN006-01-05,2026-01-14T09:27:00,Government Data Centres,S01-APP01,cmd,32,Exfiltration,Attack
A-01-SCN006-01-06,2026-01-14T09:33:00,Government Data Centres,S01-MON01,curl,76,Exfiltration,Attack
A-01-SCN006-01-07,2026-01-14T09:35:00,Government Data Centres,S01-CTRL01,unknown,50,Exfiltration,Attack
A-01-SCN006-01-08,2026-01-14T09:41:00,Government Data Centres,S01-GW01,wmic,89,Exfiltration,Attack
A-01-SCN006-01-09,2026-01-14T09:48:00,Government Data Centres,S01-MGMT01,service-host,72,Exfiltration,Attack
A-01-SCN006-02-00,2026-01-14T10:03:00,Government Data Centres,S01-BKP01,wmic,34,Reconnaissance,Attack
A-01-SCN006-02-01,2026-01-14T10:06:00,Government Data Centres,S01-MGMT01,powershell,71,Initial Access,Attack
A-01-SCN006-02-02,2026-01-14T10:12:00,Government Data Centres,S01-GW01,cmd,85,Credential Access,Attack
A-01-SCN006-02-03,2026-01-14T10:18:00,Government Data Centres,S01-AUTH01,curl,25,Discovery,Attack
A-01-SCN006-02-04,2026-01-14T10:22:00,Government Data Centres,S01-VPN01,unknown,1177,Collection,Attack
A-01-SCN006-02-05,2026-01-14T10:27:00,Government Data Centres,S01-WS01,curl,17,Exfiltration,Attack
A-01-SCN006-02-06,2026-01-14T10:31:00,Government Data Centres,S01-BKP01,ssh,91,Exfiltration,Attack
A-01-SCN006-02-07,2026-01-14T10:35:00,Government Data Centres,S01-MGMT01,wmic,11,Exfiltration,Attack
A-01-SCN006-02-08,2026-01-14T10:42:00,Government Data Centres,S01-GW01,curl,88,Exfiltration,Attack
A-01-SCN006-02-09,2026-01-14T10:48:00,Government Data Centres,S01-AUTH01,wmic,19,Exfiltration,Attack
A-01-SCN006-03-00,2026-01-14T11:00:00,Government Data Centres,S01-MON01,cmd,73,Reconnaissance,Attack
A-01-SCN006-03-01,2026-01-14T11:05:00,Government Data Centres,S01-VPN01,python,73,Initial Access,Attack
A-01-SCN006-03-02,2026-01-14T11:13:00,Government Data Centres,S01-APP01,curl,0,Credential Access,Attack
A-01-SCN006-03-03,2026-01-14T11:17:00,Government Data Centres,S01-GW01,wmic,65,Discovery,Attack
A-01-SCN006-03-04,2026-01-14T11:21:00,Government Data Centres,S01-AUTH01,python,1451,Collection,Attack
A-01-SCN006-03-05,2026-01-14T11:25:00,Government Data Centres,S01-MGMT01,ssh,81,Exfiltration,Attack
A-01-SCN006-03-06,2026-01-14T11:30:00,Government Data Centres,S01-MON01,curl,31,Exfiltration,Attack
A-01-SCN006-03-07,2026-01-14T11:35:00,Government Data Centres,S01-VPN01,ssh,19,Exfiltration,Attack
A-01-SCN006-03-08,2026-01-14T11:40:00,Government Data Centres,S01-APP01,cmd,5,Exfiltration,Attack
A-01-SCN006-03-09,2026-01-14T11:47:00,Government Data Centres,S01-GW01,python,73,Exfiltration,Attack
A-01-SCN006-04-00,2026-01-14T12:02:00,Government Data Centres,S01-BKP01,unknown,19,Reconnaissance,Attack
A-01-SCN006-04-01,2026-01-14T12:07:00,Government Data Centres,S01-DB01,wmic,29,Initial Access,Attack
A-01-SCN006-04-02,2026-01-14T12:10:00,Government Data Centres,S01-MGMT01,cmd,45,Credential Access,Attack
A-01-SCN006-04-03,2026-01-14T12:16:00,Government Data Centres,S01-VPN01,ssh,18,Discovery,Attack
A-01-SCN006-04-04,2026-01-14T12:20:00,Government Data Centres,S01-WS01,curl,1987,Collection,Attack
A-01-SCN006-04-05,2026-01-14T12:28:00,Government Data Centres,S01-CTRL01,service-host,2,Exfiltration,Attack
A-01-SCN006-04-06,2026-01-14T12:33:00,Government Data Centres,S01-BKP01,wmic,28,Exfiltration,Attack
A-01-SCN006-04-07,2026-01-14T12:37:00,Government Data Centres,S01-DB01,unknown,67,Exfiltration,Attack
A-01-SCN006-04-08,2026-01-14T12:42:00,Government Data Centres,S01-MGMT01,service-host,96,Exfiltration,Attack
A-01-SCN006-04-09,2026-01-14T12:46:00,Government Data Centres,S01-VPN01,unknown,64,Exfiltration,Attack
A-01-SCN007-01-00,2026-01-14T09:02:00,Government Data Centres,S01-BKP01,cmd,36,Reconnaissance,Attack
A-01-SCN007-01-01,2026-01-14T09:08:00,Government Data Centres,S01-AUTH01,unknown,72,Initial Access,Attack
A-01-SCN007-01-02,2026-01-14T09:10:00,Government Data Centres,S01-MON01,curl,71,Execution,Attack
A-01-SCN007-01-03,2026-01-14T09:18:00,Government Data Centres,S01-MGMT01,wmic,6,Discovery,Attack
A-01-SCN007-01-04,2026-01-14T09:21:00,Government Data Centres,S01-APP01,wmic,84,Lateral Movement,Attack
A-01-SCN007-01-05,2026-01-14T09:28:00,Government Data Centres,S01-WS01,powershell,1826,Impact,Attack
A-01-SCN007-01-06,2026-01-14T09:32:00,Government Data Centres,S01-BKP01,wmic,376,Impact,Attack
A-01-SCN007-01-07,2026-01-14T09:38:00,Government Data Centres,S01-AUTH01,wmic,49,Impact,Attack
A-01-SCN007-01-08,2026-01-14T09:41:00,Government Data Centres,S01-MON01,unknown,360,Impact,Attack
A-01-SCN007-01-09,2026-01-14T09:47:00,Government Data Centres,S01-MGMT01,python,191,Impact,Attack
A-01-SCN007-02-00,2026-01-14T10:00:00,Government Data Centres,S01-MON01,unknown,13,Reconnaissance,Attack
A-01-SCN007-02-01,2026-01-14T10:06:00,Government Data Centres,S01-AUTH01,service-host,74,Initial Access,Attack
A-01-SCN007-02-02,2026-01-14T10:12:00,Government Data Centres,S01-VPN01,ssh,6,Execution,Attack
A-01-SCN007-02-03,2026-01-14T10:15:00,Government Data Centres,S01-MGMT01,powershell,45,Discovery,Attack
A-01-SCN007-02-04,2026-01-14T10:20:00,Government Data Centres,S01-APP01,curl,23,Lateral Movement,Attack
A-01-SCN007-02-05,2026-01-14T10:26:00,Government Data Centres,S01-CTRL01,cmd,419,Impact,Attack
A-01-SCN007-02-06,2026-01-14T10:32:00,Government Data Centres,S01-MON01,powershell,1258,Impact,Attack
A-01-SCN007-02-07,2026-01-14T10:37:00,Government Data Centres,S01-AUTH01,unknown,976,Impact,Attack
A-01-SCN007-02-08,2026-01-14T10:42:00,Government Data Centres,S01-VPN01,cmd,244,Impact,Attack
A-01-SCN007-02-09,2026-01-14T10:45:00,Government Data Centres,S01-MGMT01,powershell,92,Impact,Attack
A-01-SCN007-03-00,2026-01-14T11:00:00,Government Data Centres,S01-BKP01,wmic,19,Reconnaissance,Attack
A-01-SCN007-03-01,2026-01-14T11:05:00,Government Data Centres,S01-CTRL01,curl,67,Initial Access,Attack
A-01-SCN007-03-02,2026-01-14T11:12:00,Government Data Centres,S01-APP01,powershell,99,Execution,Attack
A-01-SCN007-03-03,2026-01-14T11:18:00,Government Data Centres,S01-AUTH01,service-host,22,Discovery,Attack
A-01-SCN007-03-04,2026-01-14T11:20:00,Government Data Centres,S01-MGMT01,powershell,11,Lateral Movement,Attack
A-01-SCN007-03-05,2026-01-14T11:28:00,Government Data Centres,S01-VPN01,ssh,16,Impact,Attack
A-01-SCN007-03-06,2026-01-14T11:32:00,Government Data Centres,S01-BKP01,curl,1137,Impact,Attack
A-01-SCN007-03-07,2026-01-14T11:36:00,Government Data Centres,S01-CTRL01,powershell,1383,Impact,Attack
A-01-SCN007-03-08,2026-01-14T11:41:00,Government Data Centres,S01-APP01,python,1364,Impact,Attack
A-01-SCN007-03-09,2026-01-14T11:46:00,Government Data Centres,S01-AUTH01,python,870,Impact,Attack
A-01-SCN007-04-00,2026-01-14T12:00:00,Government Data Centres,S01-MGMT01,python,84,Reconnaissance,Attack
A-01-SCN007-04-01,2026-01-14T12:08:00,Government Data Centres,S01-AUTH01,powershell,39,Initial Access,Attack
A-01-SCN007-04-02,2026-01-14T12:11:00,Government Data Centres,S01-GW01,wmic,54,Execution,Attack
A-01-SCN007-04-03,2026-01-14T12:17:00,Government Data Centres,S01-CTRL01,service-host,77,Discovery,Attack
A-01-SCN007-04-04,2026-01-14T12:22:00,Government Data Centres,S01-WS01,unknown,33,Lateral Movement,Attack
A-01-SCN007-04-05,2026-01-14T12:27:00,Government Data Centres,S01-BKP01,service-host,42,Impact,Attack
A-01-SCN007-04-06,2026-01-14T12:31:00,Government Data Centres,S01-MGMT01,curl,856,Impact,Attack
A-01-SCN007-04-07,2026-01-14T12:36:00,Government Data Centres,S01-AUTH01,curl,1871,Impact,Attack
A-01-SCN007-04-08,2026-01-14T12:42:00,Government Data Centres,S01-GW01,ssh,68,Impact,Attack
A-01-SCN007-04-09,2026-01-14T12:45:00,Government Data Centres,S01-CTRL01,python,1681,Impact,Attack
A-01-SCN008-01-00,2026-01-14T09:01:00,Government Data Centres,S01-MGMT01,curl,81,Reconnaissance,Attack
A-01-SCN008-01-01,2026-01-14T09:07:00,Government Data Centres,S01-AUTH01,ssh,40,Initial Access,Attack
A-01-SCN008-01-02,2026-01-14T09:10:00,Government Data Centres,S01-WS01,cmd,30,Execution,Attack
A-01-SCN008-01-03,2026-01-14T09:16:00,Government Data Centres,S01-GW01,cmd,87,Persistence,Attack
A-01-SCN008-01-04,2026-01-14T09:22:00,Government Data Centres,S01-DB01,curl,33,Privilege Escalation,Attack
A-01-SCN008-01-05,2026-01-14T09:28:00,Government Data Centres,S01-APP01,ssh,45,Discovery,Attack
A-01-SCN008-01-06,2026-01-14T09:32:00,Government Data Centres,S01-MGMT01,ssh,88,Lateral Movement,Attack
A-01-SCN008-01-07,2026-01-14T09:36:00,Government Data Centres,S01-AUTH01,cmd,23,Command and Control,Attack
A-01-SCN008-01-08,2026-01-14T09:42:00,Government Data Centres,S01-WS01,cmd,45,Command and Control,Attack
A-01-SCN008-01-09,2026-01-14T09:48:00,Government Data Centres,S01-GW01,ssh,17,Command and Control,Attack
A-01-SCN008-02-00,2026-01-14T10:02:00,Government Data Centres,S01-CTRL01,powershell,69,Reconnaissance,Attack
A-01-SCN008-02-01,2026-01-14T10:08:00,Government Data Centres,S01-WS01,cmd,96,Initial Access,Attack
A-01-SCN008-02-02,2026-01-14T10:11:00,Government Data Centres,S01-BKP01,powershell,81,Execution,Attack
A-01-SCN008-02-03,2026-01-14T10:18:00,Government Data Centres,S01-MGMT01,powershell,81,Persistence,Attack
A-01-SCN008-02-04,2026-01-14T10:20:00,Government Data Centres,S01-DB01,curl,2,Privilege Escalation,Attack
A-01-SCN008-02-05,2026-01-14T10:26:00,Government Data Centres,S01-AUTH01,unknown,96,Discovery,Attack
A-01-SCN008-02-06,2026-01-14T10:33:00,Government Data Centres,S01-CTRL01,curl,17,Lateral Movement,Attack
A-01-SCN008-02-07,2026-01-14T10:37:00,Government Data Centres,S01-WS01,wmic,91,Command and Control,Attack
A-01-SCN008-02-08,2026-01-14T10:43:00,Government Data Centres,S01-BKP01,python,72,Command and Control,Attack
A-01-SCN008-02-09,2026-01-14T10:46:00,Government Data Centres,S01-MGMT01,wmic,48,Command and Control,Attack
A-01-SCN008-03-00,2026-01-14T11:00:00,Government Data Centres,S01-DB01,wmic,0,Reconnaissance,Attack
A-01-SCN008-03-01,2026-01-14T11:07:00,Government Data Centres,S01-MON01,cmd,68,Initial Access,Attack
A-01-SCN008-03-02,2026-01-14T11:12:00,Government Data Centres,S01-AUTH01,powershell,33,Execution,Attack
A-01-SCN008-03-03,2026-01-14T11:17:00,Government Data Centres,S01-VPN01,python,64,Persistence,Attack
A-01-SCN008-03-04,2026-01-14T11:22:00,Government Data Centres,S01-BKP01,curl,100,Privilege Escalation,Attack
A-01-SCN008-03-05,2026-01-14T11:25:00,Government Data Centres,S01-GW01,powershell,27,Discovery,Attack
A-01-SCN008-03-06,2026-01-14T11:33:00,Government Data Centres,S01-DB01,unknown,50,Lateral Movement,Attack
A-01-SCN008-03-07,2026-01-14T11:36:00,Government Data Centres,S01-MON01,cmd,8,Command and Control,Attack
A-01-SCN008-03-08,2026-01-14T11:40:00,Government Data Centres,S01-AUTH01,unknown,96,Command and Control,Attack
A-01-SCN008-03-09,2026-01-14T11:47:00,Government Data Centres,S01-VPN01,unknown,33,Command and Control,Attack
A-01-SCN008-04-00,2026-01-14T12:00:00,Government Data Centres,S01-DB01,ssh,4,Reconnaissance,Attack
A-01-SCN008-04-01,2026-01-14T12:07:00,Government Data Centres,S01-AUTH01,service-host,63,Initial Access,Attack
A-01-SCN008-04-02,2026-01-14T12:11:00,Government Data Centres,S01-BKP01,powershell,72,Execution,Attack
A-01-SCN008-04-03,2026-01-14T12:15:00,Government Data Centres,S01-GW01,service-host,0,Persistence,Attack
A-01-SCN008-04-04,2026-01-14T12:23:00,Government Data Centres,S01-MON01,wmic,27,Privilege Escalation,Attack
A-01-SCN008-04-05,2026-01-14T12:27:00,Government Data Centres,S01-WS01,powershell,16,Discovery,Attack
A-01-SCN008-04-06,2026-01-14T12:33:00,Government Data Centres,S01-DB01,unknown,13,Lateral Movement,Attack
A-01-SCN008-04-07,2026-01-14T12:35:00,Government Data Centres,S01-AUTH01,python,27,Command and Control,Attack
A-01-SCN008-04-08,2026-01-14T12:43:00,Government Data Centres,S01-BKP01,powershell,10,Command and Control,Attack
A-01-SCN008-04-09,2026-01-14T12:48:00,Government Data Centres,S01-GW01,powershell,15,Command and Control,Attack
A-01-SCN009-01-00,2026-01-14T09:01:00,Government Data Centres,S01-DB01,powershell,2,Reconnaissance,Attack
A-01-SCN009-01-01,2026-01-14T09:08:00,Government Data Centres,S01-VPN01,service-host,2,Initial Access,Attack
A-01-SCN009-01-02,2026-01-14T09:10:00,Government Data Centres,S01-BKP01,cmd,38,Execution,Attack
A-01-SCN009-01-03,2026-01-14T09:15:00,Government Data Centres,S01-AUTH01,ssh,40,Persistence,Attack
A-01-SCN009-01-04,2026-01-14T09:20:00,Government Data Centres,S01-MON01,ssh,3,Privilege Escalation,Attack
A-01-SCN009-01-05,2026-01-14T09:28:00,Government Data Centres,S01-CTRL01,ssh,90,Discovery,Attack
A-01-SCN009-01-06,2026-01-14T09:30:00,Government Data Centres,S01-DB01,wmic,59,Lateral Movement,Attack
A-01-SCN009-01-07,2026-01-14T09:36:00,Government Data Centres,S01-VPN01,wmic,70,Command and Control,Attack
A-01-SCN009-01-08,2026-01-14T09:40:00,Government Data Centres,S01-BKP01,cmd,6,Command and Control,Attack
A-01-SCN009-01-09,2026-01-14T09:45:00,Government Data Centres,S01-AUTH01,wmic,68,Command and Control,Attack
A-01-SCN009-02-00,2026-01-14T10:02:00,Government Data Centres,S01-MGMT01,ssh,30,Reconnaissance,Attack
A-01-SCN009-02-01,2026-01-14T10:05:00,Government Data Centres,S01-GW01,wmic,58,Initial Access,Attack
A-01-SCN009-02-02,2026-01-14T10:11:00,Government Data Centres,S01-MON01,powershell,60,Execution,Attack
A-01-SCN009-02-03,2026-01-14T10:18:00,Government Data Centres,S01-CTRL01,cmd,34,Persistence,Attack
A-01-SCN009-02-04,2026-01-14T10:21:00,Government Data Centres,S01-DB01,ssh,73,Privilege Escalation,Attack
A-01-SCN009-02-05,2026-01-14T10:26:00,Government Data Centres,S01-BKP01,ssh,29,Discovery,Attack
A-01-SCN009-02-06,2026-01-14T10:32:00,Government Data Centres,S01-MGMT01,ssh,20,Lateral Movement,Attack
A-01-SCN009-02-07,2026-01-14T10:37:00,Government Data Centres,S01-GW01,ssh,91,Command and Control,Attack
A-01-SCN009-02-08,2026-01-14T10:43:00,Government Data Centres,S01-MON01,wmic,38,Command and Control,Attack
A-01-SCN009-02-09,2026-01-14T10:48:00,Government Data Centres,S01-CTRL01,python,12,Command and Control,Attack
A-01-SCN009-03-00,2026-01-14T11:02:00,Government Data Centres,S01-CTRL01,python,17,Reconnaissance,Attack
A-01-SCN009-03-01,2026-01-14T11:08:00,Government Data Centres,S01-WS01,wmic,32,Initial Access,Attack
A-01-SCN009-03-02,2026-01-14T11:13:00,Government Data Centres,S01-MON01,wmic,100,Execution,Attack
A-01-SCN009-03-03,2026-01-14T11:17:00,Government Data Centres,S01-BKP01,powershell,77,Persistence,Attack
A-01-SCN009-03-04,2026-01-14T11:23:00,Government Data Centres,S01-VPN01,ssh,41,Privilege Escalation,Attack
A-01-SCN009-03-05,2026-01-14T11:25:00,Government Data Centres,S01-AUTH01,ssh,79,Discovery,Attack
A-01-SCN009-03-06,2026-01-14T11:31:00,Government Data Centres,S01-CTRL01,ssh,12,Lateral Movement,Attack
A-01-SCN009-03-07,2026-01-14T11:37:00,Government Data Centres,S01-WS01,unknown,2,Command and Control,Attack
A-01-SCN009-03-08,2026-01-14T11:40:00,Government Data Centres,S01-MON01,service-host,57,Command and Control,Attack
A-01-SCN009-03-09,2026-01-14T11:48:00,Government Data Centres,S01-BKP01,cmd,2,Command and Control,Attack
A-01-SCN009-04-00,2026-01-14T12:02:00,Government Data Centres,S01-AUTH01,unknown,68,Reconnaissance,Attack
A-01-SCN009-04-01,2026-01-14T12:06:00,Government Data Centres,S01-WS01,powershell,85,Initial Access,Attack
A-01-SCN009-04-02,2026-01-14T12:11:00,Government Data Centres,S01-VPN01,cmd,1,Execution,Attack
A-01-SCN009-04-03,2026-01-14T12:18:00,Government Data Centres,S01-DB01,wmic,27,Persistence,Attack
A-01-SCN009-04-04,2026-01-14T12:23:00,Government Data Centres,S01-MGMT01,powershell,0,Privilege Escalation,Attack
A-01-SCN009-04-05,2026-01-14T12:27:00,Government Data Centres,S01-CTRL01,cmd,57,Discovery,Attack
A-01-SCN009-04-06,2026-01-14T12:30:00,Government Data Centres,S01-AUTH01,unknown,26,Lateral Movement,Attack
A-01-SCN009-04-07,2026-01-14T12:38:00,Government Data Centres,S01-WS01,wmic,62,Command and Control,Attack
A-01-SCN009-04-08,2026-01-14T12:40:00,Government Data Centres,S01-VPN01,powershell,26,Command and Control,Attack
A-01-SCN009-04-09,2026-01-14T12:46:00,Government Data Centres,S01-DB01,cmd,97,Command and Control,Attack
A-01-SCN010-01-00,2026-01-14T09:00:00,Government Data Centres,S01-GW01,powershell,72,Reconnaissance,Attack
A-01-SCN010-01-01,2026-01-14T09:07:00,Government Data Centres,S01-DB01,wmic,94,Initial Access,Attack
A-01-SCN010-01-02,2026-01-14T09:11:00,Government Data Centres,S01-APP01,cmd,91,Execution,Attack
A-01-SCN010-01-03,2026-01-14T09:18:00,Government Data Centres,S01-VPN01,curl,38,Persistence,Attack
A-01-SCN010-01-04,2026-01-14T09:20:00,Government Data Centres,S01-MON01,unknown,47,Privilege Escalation,Attack
A-01-SCN010-01-05,2026-01-14T09:27:00,Government Data Centres,S01-BKP01,powershell,8,Discovery,Attack
A-01-SCN010-01-06,2026-01-14T09:30:00,Government Data Centres,S01-GW01,curl,96,Lateral Movement,Attack
A-01-SCN010-01-07,2026-01-14T09:36:00,Government Data Centres,S01-DB01,ssh,96,Command and Control,Attack
A-01-SCN010-01-08,2026-01-14T09:42:00,Government Data Centres,S01-APP01,powershell,75,Command and Control,Attack
A-01-SCN010-01-09,2026-01-14T09:47:00,Government Data Centres,S01-VPN01,python,89,Command and Control,Attack
A-01-SCN010-02-00,2026-01-14T10:01:00,Government Data Centres,S01-DB01,unknown,84,Reconnaissance,Attack
A-01-SCN010-02-01,2026-01-14T10:07:00,Government Data Centres,S01-APP01,ssh,74,Initial Access,Attack
A-01-SCN010-02-02,2026-01-14T10:10:00,Government Data Centres,S01-MON01,powershell,64,Execution,Attack
A-01-SCN010-02-03,2026-01-14T10:16:00,Government Data Centres,S01-AUTH01,curl,75,Persistence,Attack
A-01-SCN010-02-04,2026-01-14T10:23:00,Government Data Centres,S01-VPN01,curl,94,Privilege Escalation,Attack
A-01-SCN010-02-05,2026-01-14T10:26:00,Government Data Centres,S01-CTRL01,service-host,10,Discovery,Attack
A-01-SCN010-02-06,2026-01-14T10:33:00,Government Data Centres,S01-DB01,cmd,24,Lateral Movement,Attack
A-01-SCN010-02-07,2026-01-14T10:37:00,Government Data Centres,S01-APP01,powershell,50,Command and Control,Attack
A-01-SCN010-02-08,2026-01-14T10:41:00,Government Data Centres,S01-MON01,cmd,91,Command and Control,Attack
A-01-SCN010-02-09,2026-01-14T10:46:00,Government Data Centres,S01-AUTH01,python,53,Command and Control,Attack
A-01-SCN010-03-00,2026-01-14T11:02:00,Government Data Centres,S01-GW01,service-host,29,Reconnaissance,Attack
A-01-SCN010-03-01,2026-01-14T11:08:00,Government Data Centres,S01-VPN01,ssh,36,Initial Access,Attack
A-01-SCN010-03-02,2026-01-14T11:10:00,Government Data Centres,S01-AUTH01,cmd,53,Execution,Attack
A-01-SCN010-03-03,2026-01-14T11:15:00,Government Data Centres,S01-DB01,wmic,79,Persistence,Attack
A-01-SCN010-03-04,2026-01-14T11:21:00,Government Data Centres,S01-BKP01,cmd,54,Privilege Escalation,Attack
A-01-SCN010-03-05,2026-01-14T11:27:00,Government Data Centres,S01-CTRL01,service-host,35,Discovery,Attack
A-01-SCN010-03-06,2026-01-14T11:33:00,Government Data Centres,S01-GW01,service-host,92,Lateral Movement,Attack
A-01-SCN010-03-07,2026-01-14T11:37:00,Government Data Centres,S01-VPN01,powershell,35,Command and Control,Attack
A-01-SCN010-03-08,2026-01-14T11:41:00,Government Data Centres,S01-AUTH01,service-host,47,Command and Control,Attack
A-01-SCN010-03-09,2026-01-14T11:47:00,Government Data Centres,S01-DB01,curl,83,Command and Control,Attack
A-01-SCN010-04-00,2026-01-14T12:03:00,Government Data Centres,S01-VPN01,curl,51,Reconnaissance,Attack
A-01-SCN010-04-01,2026-01-14T12:08:00,Government Data Centres,S01-BKP01,cmd,86,Initial Access,Attack
A-01-SCN010-04-02,2026-01-14T12:10:00,Government Data Centres,S01-GW01,wmic,15,Execution,Attack
A-01-SCN010-04-03,2026-01-14T12:18:00,Government Data Centres,S01-AUTH01,service-host,60,Persistence,Attack
A-01-SCN010-04-04,2026-01-14T12:21:00,Government Data Centres,S01-APP01,python,51,Privilege Escalation,Attack
A-01-SCN010-04-05,2026-01-14T12:27:00,Government Data Centres,S01-CTRL01,wmic,57,Discovery,Attack
A-01-SCN010-04-06,2026-01-14T12:30:00,Government Data Centres,S01-VPN01,cmd,89,Lateral Movement,Attack
A-01-SCN010-04-07,2026-01-14T12:36:00,Government Data Centres,S01-BKP01,python,98,Command and Control,Attack
A-01-SCN010-04-08,2026-01-14T12:41:00,Government Data Centres,S01-GW01,powershell,66,Command and Control,Attack
A-01-SCN010-04-09,2026-01-14T12:45:00,Government Data Centres,S01-AUTH01,service-host,72,Command and Control,Attack
N-02-00000,2026-01-15T16:47:17,Power Infrastructure,S02-AUTH01,java,0,Normal,Normal
N-02-00001,2026-01-11T17:11:03,Power Infrastructure,S02-DB01,nginx,9,Normal,Normal
N-02-00002,2026-01-05T00:38:42,Power Infrastructure,S02-AUTH01,nginx,7,Normal,Normal
N-02-00003,2026-01-16T02:27:48,Power Infrastructure,S02-CTRL01,powershell,0,Normal,Normal
N-02-00004,2026-01-20T03:41:44,Power Infrastructure,S02-DB01,java,13,Normal,Normal
N-02-00005,2026-01-10T12:13:51,Power Infrastructure,S02-GW01,java,5,Normal,Normal
N-02-00006,2026-01-01T14:03:24,Power Infrastructure,S02-BKP01,svchost,15,Normal,Normal
N-02-00007,2026-01-09T19:15:58,Power Infrastructure,S02-MON01,java,19,Normal,Normal
N-02-00008,2026-01-04T04:50:25,Power Infrastructure,S02-APP01,nginx,6,Normal,Normal
N-02-00009,2026-01-01T17:06:13,Power Infrastructure,S02-WS01,python,20,Normal,Normal
N-02-00010,2026-01-13T03:13:11,Power Infrastructure,S02-AUTH01,java,0,Normal,Normal
N-02-00011,2026-01-16T07:50:23,Power Infrastructure,S02-APP01,powershell,3,Normal,Normal
N-02-00012,2026-01-06T11:10:04,Power Infrastructure,S02-AUTH01,nginx,18,Normal,Normal
N-02-00013,2026-01-04T16:04:44,Power Infrastructure,S02-AUTH01,powershell,17,Normal,Normal
N-02-00014,2026-01-19T01:50:17,Power Infrastructure,S02-CTRL01,python,11,Normal,Normal
N-02-00015,2026-01-17T03:36:15,Power Infrastructure,S02-APP01,nginx,3,Normal,Normal
N-02-00016,2026-01-07T06:18:17,Power Infrastructure,S02-MGMT01,powershell,10,Normal,Normal
N-02-00017,2026-01-13T14:40:17,Power Infrastructure,S02-WS01,python,17,Normal,Normal
N-02-00018,2026-01-15T15:09:44,Power Infrastructure,S02-BKP01,powershell,13,Normal,Normal
N-02-00019,2026-01-02T14:18:59,Power Infrastructure,S02-AUTH01,nginx,19,Normal,Normal
N-02-00020,2026-01-13T15:22:53,Power Infrastructure,S02-CTRL01,nginx,10,Normal,Normal
N-02-00021,2026-01-06T19:36:11,Power Infrastructure,S02-AUTH01,powershell,9,Normal,Normal
N-02-00022,2026-01-20T23:36:34,Power Infrastructure,S02-MON01,java,7,Normal,Normal
N-02-00023,2026-01-01T09:30:23,Power Infrastructure,S02-MGMT01,svchost,7,Normal,Normal
N-02-00024,2026-01-10T08:09:15,Power Infrastructure,S02-GW01,nginx,5,Normal,Normal
N-02-00025,2026-01-15T21:01:01,Power Infrastructure,S02-GW01,svchost,1,Normal,Normal
N-02-00026,2026-01-11T03:02:02,Power Infrastructure,S02-GW01,python,2,Normal,Normal
N-02-00027,2026-01-01T16:53:40,Power Infrastructure,S02-APP01,java,3,Normal,Normal
N-02-00028,2026-01-02T12:34:20,Power Infrastructure,S02-MON01,java,13,Normal,Normal
N-02-00029,2026-01-04T07:35:12,Power Infrastructure,S02-BKP01,nginx,11,Normal,Normal
N-02-00030,2026-01-14T08:25:03,Power Infrastructure,S02-VPN01,svchost,18,Normal,Normal
N-02-00031,2026-01-17T18:40:29,Power Infrastructure,S02-GW01,python,15,Normal,Normal
N-02-00032,2026-01-11T19:13:25,Power Infrastructure,S02-WS01,java,0,Normal,Normal
N-02-00033,2026-01-11T04:11:31,Power Infrastructure,S02-CTRL01,svchost,14,Normal,Normal
N-02-00034,2026-01-07T05:03:10,Power Infrastructure,S02-BKP01,java,7,Normal,Normal
N-02-00035,2026-01-07T16:19:18,Power Infrastructure,S02-AUTH01,nginx,14,Normal,Normal
N-02-00036,2026-01-14T06:25:44,Power Infrastructure,S02-MGMT01,svchost,14,Normal,Normal
N-02-00037,2026-01-03T01:11:26,Power Infrastructure,S02-DB01,python,10,Normal,Normal
N-02-00038,2026-01-19T10:48:19,Power Infrastructure,S02-AUTH01,svchost,14,Normal,Normal
N-02-00039,2026-01-09T18:45:36,Power Infrastructure,S02-BKP01,powershell,19,Normal,Normal
N-02-00040,2026-01-03T17:03:33,Power Infrastructure,S02-MON01,java,4,Normal,Normal
N-02-00041,2026-01-08T01:58:13,Power Infrastructure,S02-BKP01,nginx,2,Normal,Normal
N-02-00042,2026-01-11T06:37:47,Power Infrastructure,S02-AUTH01,nginx,16,Normal,Normal
N-02-00043,2026-01-04T13:11:58,Power Infrastructure,S02-VPN01,powershell,18,Normal,Normal
N-02-00044,2026-01-08T07:05:29,Power Infrastructure,S02-MGMT01,java,6,Normal,Normal
N-02-00045,2026-01-02T11:41:53,Power Infrastructure,S02-BKP01,python,12,Normal,Normal
N-02-00046,2026-01-18T10:28:48,Power Infrastructure,S02-MGMT01,nginx,11,Normal,Normal
N-02-00047,2026-01-10T00:57:22,Power Infrastructure,S02-APP01,svchost,0,Normal,Normal
N-02-00048,2026-01-20T08:50:20,Power Infrastructure,S02-VPN01,powershell,1,Normal,Normal
N-02-00049,2026-01-06T09:58:01,Power Infrastructure,S02-VPN01,powershell,3,Normal,Normal
N-02-00050,2026-01-10T04:34:39,Power Infrastructure,S02-DB01,java,18,Normal,Normal
N-02-00051,2026-01-08T23:55:37,Power Infrastructure,S02-WS01,java,10,Normal,Normal
N-02-00052,2026-01-15T05:25:53,Power Infrastructure,S02-VPN01,powershell,3,Normal,Normal
N-02-00053,2026-01-13T00:25:57,Power Infrastructure,S02-WS01,java,7,Normal,Normal
N-02-00054,2026-01-11T02:29:01,Power Infrastructure,S02-DB01,java,18,Normal,Normal
N-02-00055,2026-01-09T18:54:05,Power Infrastructure,S02-DB01,java,14,Normal,Normal
N-02-00056,2026-01-16T05:02:30,Power Infrastructure,S02-AUTH01,powershell,14,Normal,Normal
N-02-00057,2026-01-17T08:04:16,Power Infrastructure,S02-MON01,powershell,15,Normal,Normal
N-02-00058,2026-01-14T00:38:37,Power Infrastructure,S02-CTRL01,svchost,12,Normal,Normal
N-02-00059,2026-01-06T17:52:37,Power Infrastructure,S02-APP01,nginx,12,Normal,Normal
N-02-00060,2026-01-21T04:48:07,Power Infrastructure,S02-BKP01,powershell,1,Normal,Normal
N-02-00061,2026-01-08T19:04:29,Power Infrastructure,S02-BKP01,powershell,20,Normal,Normal
N-02-00062,2026-01-11T08:17:43,Power Infrastructure,S02-GW01,nginx,9,Normal,Normal
N-02-00063,2026-01-16T03:45:58,Power Infrastructure,S02-MON01,python,1,Normal,Normal
N-02-00064,2026-01-15T20:52:19,Power Infrastructure,S02-AUTH01,java,4,Normal,Normal
N-02-00065,2026-01-12T06:00:13,Power Infrastructure,S02-CTRL01,java,1,Normal,Normal
N-02-00066,2026-01-08T21:00:35,Power Infrastructure,S02-AUTH01,nginx,14,Normal,Normal
N-02-00067,2026-01-07T23:16:50,Power Infrastructure,S02-DB01,nginx,10,Normal,Normal
N-02-00068,2026-01-05T02:25:04,Power Infrastructure,S02-GW01,svchost,14,Normal,Normal
N-02-00069,2026-01-18T01:55:08,Power Infrastructure,S02-WS01,java,13,Normal,Normal
N-02-00070,2026-01-11T19:02:07,Power Infrastructure,S02-BKP01,java,8,Normal,Normal
N-02-00071,2026-01-02T05:38:04,Power Infrastructure,S02-CTRL01,powershell,9,Normal,Normal
N-02-00072,2026-01-06T03:23:15,Power Infrastructure,S02-GW01,svchost,6,Normal,Normal
N-02-00073,2026-01-18T01:26:57,Power Infrastructure,S02-APP01,powershell,0,Normal,Normal
N-02-00074,2026-01-09T03:28:04,Power Infrastructure,S02-AUTH01,powershell,11,Normal,Normal
N-02-00075,2026-01-17T23:20:47,Power Infrastructure,S02-WS01,nginx,9,Normal,Normal
N-02-00076,2026-01-07T19:52:15,Power Infrastructure,S02-GW01,nginx,10,Normal,Normal
N-02-00077,2026-01-07T00:37:14,Power Infrastructure,S02-APP01,powershell,4,Normal,Normal
N-02-00078,2026-01-20T10:10:03,Power Infrastructure,S02-MGMT01,nginx,5,Normal,Normal
N-02-00079,2026-01-21T05:28:21,Power Infrastructure,S02-VPN01,powershell,10,Normal,Normal
N-02-00080,2026-01-01T18:25:06,Power Infrastructure,S02-CTRL01,java,1,Normal,Normal
N-02-00081,2026-01-04T12:22:41,Power Infrastructure,S02-MGMT01,svchost,3,Normal,Normal
N-02-00082,2026-01-06T20:51:46,Power Infrastructure,S02-DB01,python,13,Normal,Normal
N-02-00083,2026-01-07T10:09:11,Power Infrastructure,S02-BKP01,nginx,10,Normal,Normal
N-02-00084,2026-01-10T12:47:23,Power Infrastructure,S02-AUTH01,powershell,7,Normal,Normal
N-02-00085,2026-01-20T15:39:37,Power Infrastructure,S02-DB01,java,12,Normal,Normal
N-02-00086,2026-01-08T02:38:06,Power Infrastructure,S02-MON01,svchost,7,Normal,Normal
N-02-00087,2026-01-10T17:31:50,Power Infrastructure,S02-CTRL01,java,14,Normal,Normal
N-02-00088,2026-01-06T21:43:01,Power Infrastructure,S02-APP01,powershell,18,Normal,Normal
N-02-00089,2026-01-04T07:59:07,Power Infrastructure,S02-DB01,python,3,Normal,Normal
N-02-00090,2026-01-18T08:32:59,Power Infrastructure,S02-MON01,python,13,Normal,Normal
N-02-00091,2026-01-10T16:50:43,Power Infrastructure,S02-MON01,powershell,18,Normal,Normal
N-02-00092,2026-01-05T18:19:14,Power Infrastructure,S02-GW01,nginx,13,Normal,Normal
N-02-00093,2026-01-02T04:35:04,Power Infrastructure,S02-MON01,svchost,13,Normal,Normal
N-02-00094,2026-01-13T17:15:02,Power Infrastructure,S02-APP01,powershell,6,Normal,Normal
N-02-00095,2026-01-02T17:31:44,Power Infrastructure,S02-APP01,python,9,Normal,Normal
N-02-00096,2026-01-08T05:43:57,Power Infrastructure,S02-GW01,svchost,16,Normal,Normal
N-02-00097,2026-01-09T23:50:18,Power Infrastructure,S02-MGMT01,powershell,1,Normal,Normal
N-02-00098,2026-01-03T05:00:58,Power Infrastructure,S02-APP01,svchost,9,Normal,Normal
N-02-00099,2026-01-04T11:52:40,Power Infrastructure,S02-APP01,nginx,18,Normal,Normal
N-02-00100,2026-01-11T14:32:22,Power Infrastructure,S02-MGMT01,powershell,12,Normal,Normal
N-02-00101,2026-01-07T05:26:24,Power Infrastructure,S02-MGMT01,svchost,3,Normal,Normal
N-02-00102,2026-01-15T20:31:52,Power Infrastructure,S02-GW01,nginx,11,Normal,Normal
N-02-00103,2026-01-06T13:15:09,Power Infrastructure,S02-AUTH01,nginx,1,Normal,Normal
N-02-00104,2026-01-11T15:03:38,Power Infrastructure,S02-VPN01,python,4,Normal,Normal
N-02-00105,2026-01-07T21:58:07,Power Infrastructure,S02-GW01,nginx,19,Normal,Normal
N-02-00106,2026-01-19T05:36:48,Power Infrastructure,S02-MGMT01,powershell,15,Normal,Normal
N-02-00107,2026-01-16T15:55:14,Power Infrastructure,S02-VPN01,python,18,Normal,Normal
N-02-00108,2026-01-13T17:29:48,Power Infrastructure,S02-WS01,svchost,14,Normal,Normal
N-02-00109,2026-01-11T15:02:48,Power Infrastructure,S02-DB01,nginx,16,Normal,Normal
N-02-00110,2026-01-12T05:32:46,Power Infrastructure,S02-WS01,java,8,Normal,Normal
N-02-00111,2026-01-08T04:38:32,Power Infrastructure,S02-AUTH01,python,0,Normal,Normal
N-02-00112,2026-01-20T07:31:31,Power Infrastructure,S02-BKP01,nginx,10,Normal,Normal
N-02-00113,2026-01-13T06:55:24,Power Infrastructure,S02-VPN01,java,0,Normal,Normal
N-02-00114,2026-01-10T14:25:29,Power Infrastructure,S02-WS01,nginx,6,Normal,Normal
N-02-00115,2026-01-14T16:14:10,Power Infrastructure,S02-APP01,python,15,Normal,Normal
N-02-00116,2026-01-01T09:07:03,Power Infrastructure,S02-APP01,nginx,14,Normal,Normal
N-02-00117,2026-01-06T11:55:00,Power Infrastructure,S02-CTRL01,powershell,7,Normal,Normal
N-02-00118,2026-01-19T03:16:47,Power Infrastructure,S02-MON01,svchost,20,Normal,Normal
N-02-00119,2026-01-04T04:16:01,Power Infrastructure,S02-BKP01,svchost,15,Normal,Normal
N-02-00120,2026-01-01T21:07:24,Power Infrastructure,S02-VPN01,powershell,20,Normal,Normal
N-02-00121,2026-01-10T18:08:14,Power Infrastructure,S02-VPN01,nginx,6,Normal,Normal
N-02-00122,2026-01-11T06:51:22,Power Infrastructure,S02-AUTH01,powershell,6,Normal,Normal
N-02-00123,2026-01-02T06:31:06,Power Infrastructure,S02-VPN01,powershell,10,Normal,Normal
N-02-00124,2026-01-19T17:09:58,Power Infrastructure,S02-MGMT01,python,9,Normal,Normal
N-02-00125,2026-01-01T19:50:19,Power Infrastructure,S02-MGMT01,svchost,15,Normal,Normal
N-02-00126,2026-01-18T03:58:20,Power Infrastructure,S02-AUTH01,svchost,14,Normal,Normal
N-02-00127,2026-01-07T20:40:58,Power Infrastructure,S02-VPN01,python,4,Normal,Normal
N-02-00128,2026-01-11T10:52:41,Power Infrastructure,S02-DB01,java,0,Normal,Normal
N-02-00129,2026-01-04T11:32:56,Power Infrastructure,S02-APP01,python,12,Normal,Normal
N-02-00130,2026-01-05T02:52:44,Power Infrastructure,S02-GW01,svchost,8,Normal,Normal
N-02-00131,2026-01-03T22:06:55,Power Infrastructure,S02-CTRL01,python,20,Normal,Normal
N-02-00132,2026-01-21T07:22:03,Power Infrastructure,S02-GW01,nginx,6,Normal,Normal
N-02-00133,2026-01-13T05:19:40,Power Infrastructure,S02-MGMT01,powershell,14,Normal,Normal
N-02-00134,2026-01-20T11:11:52,Power Infrastructure,S02-APP01,python,12,Normal,Normal
N-02-00135,2026-01-10T22:41:07,Power Infrastructure,S02-BKP01,python,6,Normal,Normal
N-02-00136,2026-01-07T03:34:22,Power Infrastructure,S02-MGMT01,svchost,4,Normal,Normal
N-02-00137,2026-01-19T00:13:44,Power Infrastructure,S02-APP01,powershell,6,Normal,Normal
N-02-00138,2026-01-05T09:37:30,Power Infrastructure,S02-AUTH01,java,0,Normal,Normal
N-02-00139,2026-01-19T22:50:12,Power Infrastructure,S02-VPN01,nginx,16,Normal,Normal
N-02-00140,2026-01-08T14:14:08,Power Infrastructure,S02-WS01,powershell,15,Normal,Normal
N-02-00141,2026-01-09T06:29:47,Power Infrastructure,S02-DB01,svchost,13,Normal,Normal
N-02-00142,2026-01-15T03:38:39,Power Infrastructure,S02-WS01,python,6,Normal,Normal
N-02-00143,2026-01-20T09:32:05,Power Infrastructure,S02-AUTH01,powershell,1,Normal,Normal
N-02-00144,2026-01-02T21:48:25,Power Infrastructure,S02-APP01,powershell,9,Normal,Normal
N-02-00145,2026-01-17T13:47:13,Power Infrastructure,S02-VPN01,java,4,Normal,Normal
N-02-00146,2026-01-03T10:02:31,Power Infrastructure,S02-GW01,java,0,Normal,Normal
N-02-00147,2026-01-16T10:40:03,Power Infrastructure,S02-VPN01,svchost,20,Normal,Normal
N-02-00148,2026-01-14T22:44:45,Power Infrastructure,S02-DB01,python,20,Normal,Normal
N-02-00149,2026-01-17T05:45:17,Power Infrastructure,S02-DB01,java,17,Normal,Normal
N-02-00150,2026-01-19T06:49:51,Power Infrastructure,S02-GW01,python,6,Normal,Normal
N-02-00151,2026-01-20T22:46:39,Power Infrastructure,S02-DB01,powershell,20,Normal,Normal
N-02-00152,2026-01-10T13:28:51,Power Infrastructure,S02-GW01,svchost,20,Normal,Normal
N-02-00153,2026-01-10T11:16:11,Power Infrastructure,S02-AUTH01,python,17,Normal,Normal
N-02-00154,2026-01-11T21:17:18,Power Infrastructure,S02-CTRL01,python,11,Normal,Normal
N-02-00155,2026-01-08T13:10:01,Power Infrastructure,S02-VPN01,python,17,Normal,Normal
N-02-00156,2026-01-16T02:03:07,Power Infrastructure,S02-MON01,svchost,1,Normal,Normal
N-02-00157,2026-01-18T22:40:09,Power Infrastructure,S02-DB01,python,11,Normal,Normal
N-02-00158,2026-01-05T00:30:14,Power Infrastructure,S02-AUTH01,svchost,4,Normal,Normal
N-02-00159,2026-01-09T14:30:15,Power Infrastructure,S02-WS01,powershell,20,Normal,Normal
N-02-00160,2026-01-09T19:31:14,Power Infrastructure,S02-WS01,java,11,Normal,Normal
N-02-00161,2026-01-15T16:03:10,Power Infrastructure,S02-VPN01,powershell,7,Normal,Normal
N-02-00162,2026-01-18T21:18:51,Power Infrastructure,S02-AUTH01,python,5,Normal,Normal
N-02-00163,2026-01-10T10:56:29,Power Infrastructure,S02-VPN01,nginx,7,Normal,Normal
N-02-00164,2026-01-02T18:38:26,Power Infrastructure,S02-VPN01,java,2,Normal,Normal
N-02-00165,2026-01-14T21:50:16,Power Infrastructure,S02-AUTH01,powershell,5,Normal,Normal
N-02-00166,2026-01-04T17:22:35,Power Infrastructure,S02-MON01,svchost,1,Normal,Normal
N-02-00167,2026-01-14T15:16:14,Power Infrastructure,S02-CTRL01,java,14,Normal,Normal
N-02-00168,2026-01-03T12:08:53,Power Infrastructure,S02-WS01,svchost,12,Normal,Normal
N-02-00169,2026-01-14T17:45:39,Power Infrastructure,S02-AUTH01,nginx,10,Normal,Normal
N-02-00170,2026-01-04T14:00:58,Power Infrastructure,S02-CTRL01,java,1,Normal,Normal
N-02-00171,2026-01-15T03:56:52,Power Infrastructure,S02-AUTH01,svchost,14,Normal,Normal
N-02-00172,2026-01-03T20:11:45,Power Infrastructure,S02-AUTH01,java,18,Normal,Normal
N-02-00173,2026-01-04T00:49:43,Power Infrastructure,S02-MON01,java,19,Normal,Normal
N-02-00174,2026-01-17T23:18:32,Power Infrastructure,S02-APP01,java,18,Normal,Normal
N-02-00175,2026-01-12T10:08:00,Power Infrastructure,S02-VPN01,svchost,17,Normal,Normal
N-02-00176,2026-01-06T04:21:47,Power Infrastructure,S02-CTRL01,powershell,13,Normal,Normal
N-02-00177,2026-01-08T02:31:40,Power Infrastructure,S02-MON01,java,7,Normal,Normal
N-02-00178,2026-01-02T16:49:06,Power Infrastructure,S02-WS01,svchost,7,Normal,Normal
N-02-00179,2026-01-06T17:44:34,Power Infrastructure,S02-BKP01,java,2,Normal,Normal
N-02-00180,2026-01-19T02:16:03,Power Infrastructure,S02-WS01,powershell,2,Normal,Normal
N-02-00181,2026-01-15T11:48:16,Power Infrastructure,S02-APP01,nginx,7,Normal,Normal
N-02-00182,2026-01-18T01:03:43,Power Infrastructure,S02-MON01,nginx,11,Normal,Normal
N-02-00183,2026-01-06T01:18:29,Power Infrastructure,S02-MGMT01,java,15,Normal,Normal
N-02-00184,2026-01-17T21:19:13,Power Infrastructure,S02-BKP01,python,13,Normal,Normal
N-02-00185,2026-01-07T07:02:30,Power Infrastructure,S02-DB01,svchost,19,Normal,Normal
N-02-00186,2026-01-17T22:05:14,Power Infrastructure,S02-DB01,powershell,1,Normal,Normal
N-02-00187,2026-01-14T12:12:06,Power Infrastructure,S02-BKP01,svchost,16,Normal,Normal
N-02-00188,2026-01-16T06:21:16,Power Infrastructure,S02-CTRL01,svchost,11,Normal,Normal
N-02-00189,2026-01-13T21:57:39,Power Infrastructure,S02-VPN01,powershell,14,Normal,Normal
N-02-00190,2026-01-03T16:26:26,Power Infrastructure,S02-AUTH01,nginx,15,Normal,Normal
N-02-00191,2026-01-12T13:39:22,Power Infrastructure,S02-APP01,python,1,Normal,Normal
N-02-00192,2026-01-16T15:18:10,Power Infrastructure,S02-DB01,java,4,Normal,Normal
N-02-00193,2026-01-03T17:48:28,Power Infrastructure,S02-MGMT01,python,12,Normal,Normal
N-02-00194,2026-01-09T11:31:16,Power Infrastructure,S02-DB01,powershell,19,Normal,Normal
N-02-00195,2026-01-17T03:58:42,Power Infrastructure,S02-GW01,python,2,Normal,Normal
N-02-00196,2026-01-06T05:51:39,Power Infrastructure,S02-APP01,nginx,19,Normal,Normal
N-02-00197,2026-01-19T18:46:51,Power Infrastructure,S02-VPN01,nginx,5,Normal,Normal
N-02-00198,2026-01-19T17:33:53,Power Infrastructure,S02-WS01,nginx,9,Normal,Normal
N-02-00199,2026-01-05T17:04:39,Power Infrastructure,S02-MON01,java,10,Normal,Normal
N-02-00200,2026-01-15T08:41:17,Power Infrastructure,S02-BKP01,svchost,2,Normal,Normal
N-02-00201,2026-01-03T10:43:53,Power Infrastructure,S02-CTRL01,powershell,13,Normal,Normal
N-02-00202,2026-01-19T16:09:19,Power Infrastructure,S02-DB01,powershell,7,Normal,Normal
N-02-00203,2026-01-10T01:33:39,Power Infrastructure,S02-VPN01,nginx,7,Normal,Normal
N-02-00204,2026-01-19T16:32:57,Power Infrastructure,S02-CTRL01,java,0,Normal,Normal
N-02-00205,2026-01-07T13:37:08,Power Infrastructure,S02-GW01,svchost,20,Normal,Normal
N-02-00206,2026-01-14T15:04:03,Power Infrastructure,S02-GW01,powershell,0,Normal,Normal
N-02-00207,2026-01-13T16:27:46,Power Infrastructure,S02-MGMT01,nginx,8,Normal,Normal
N-02-00208,2026-01-16T00:38:21,Power Infrastructure,S02-MGMT01,powershell,1,Normal,Normal
N-02-00209,2026-01-02T14:25:55,Power Infrastructure,S02-AUTH01,svchost,17,Normal,Normal
N-02-00210,2026-01-05T18:58:20,Power Infrastructure,S02-GW01,python,11,Normal,Normal
N-02-00211,2026-01-11T19:02:22,Power Infrastructure,S02-AUTH01,powershell,12,Normal,Normal
N-02-00212,2026-01-18T08:04:47,Power Infrastructure,S02-VPN01,powershell,11,Normal,Normal
N-02-00213,2026-01-11T01:44:11,Power Infrastructure,S02-MON01,powershell,16,Normal,Normal
N-02-00214,2026-01-14T16:49:22,Power Infrastructure,S02-MGMT01,powershell,2,Normal,Normal
N-02-00215,2026-01-09T07:32:12,Power Infrastructure,S02-WS01,python,4,Normal,Normal
N-02-00216,2026-01-17T18:30:16,Power Infrastructure,S02-DB01,python,2,Normal,Normal
N-02-00217,2026-01-18T01:44:15,Power Infrastructure,S02-APP01,svchost,8,Normal,Normal
N-02-00218,2026-01-03T01:46:19,Power Infrastructure,S02-BKP01,python,0,Normal,Normal
N-02-00219,2026-01-09T17:26:25,Power Infrastructure,S02-MGMT01,powershell,15,Normal,Normal
N-02-00220,2026-01-10T22:38:11,Power Infrastructure,S02-DB01,python,2,Normal,Normal
N-02-00221,2026-01-18T00:26:47,Power Infrastructure,S02-WS01,python,15,Normal,Normal
N-02-00222,2026-01-03T04:49:34,Power Infrastructure,S02-DB01,java,8,Normal,Normal
N-02-00223,2026-01-13T11:54:52,Power Infrastructure,S02-BKP01,powershell,16,Normal,Normal
N-02-00224,2026-01-11T19:36:22,Power Infrastructure,S02-APP01,powershell,4,Normal,Normal
N-02-00225,2026-01-08T10:15:58,Power Infrastructure,S02-CTRL01,nginx,9,Normal,Normal
N-02-00226,2026-01-05T19:23:15,Power Infrastructure,S02-BKP01,nginx,1,Normal,Normal
N-02-00227,2026-01-09T12:54:39,Power Infrastructure,S02-CTRL01,powershell,4,Normal,Normal
N-02-00228,2026-01-08T07:32:43,Power Infrastructure,S02-GW01,java,3,Normal,Normal
N-02-00229,2026-01-04T13:13:26,Power Infrastructure,S02-BKP01,nginx,0,Normal,Normal
N-02-00230,2026-01-14T06:35:14,Power Infrastructure,S02-GW01,java,8,Normal,Normal
N-02-00231,2026-01-11T20:54:07,Power Infrastructure,S02-DB01,java,5,Normal,Normal
N-02-00232,2026-01-10T20:33:50,Power Infrastructure,S02-WS01,nginx,12,Normal,Normal
N-02-00233,2026-01-11T03:36:51,Power Infrastructure,S02-MGMT01,svchost,20,Normal,Normal
N-02-00234,2026-01-20T12:34:37,Power Infrastructure,S02-AUTH01,powershell,16,Normal,Normal
N-02-00235,2026-01-17T22:35:15,Power Infrastructure,S02-CTRL01,powershell,2,Normal,Normal
N-02-00236,2026-01-06T05:26:40,Power Infrastructure,S02-BKP01,powershell,17,Normal,Normal
N-02-00237,2026-01-13T07:00:57,Power Infrastructure,S02-AUTH01,svchost,16,Normal,Normal
N-02-00238,2026-01-07T16:07:20,Power Infrastructure,S02-GW01,powershell,11,Normal,Normal
N-02-00239,2026-01-12T18:40:44,Power Infrastructure,S02-MGMT01,nginx,19,Normal,Normal
N-02-00240,2026-01-10T23:46:16,Power Infrastructure,S02-CTRL01,nginx,18,Normal,Normal
N-02-00241,2026-01-18T02:10:32,Power Infrastructure,S02-DB01,powershell,19,Normal,Normal
N-02-00242,2026-01-10T00:23:26,Power Infrastructure,S02-AUTH01,powershell,7,Normal,Normal
N-02-00243,2026-01-09T20:39:50,Power Infrastructure,S02-MON01,powershell,12,Normal,Normal
N-02-00244,2026-01-04T10:17:03,Power Infrastructure,S02-AUTH01,powershell,10,Normal,Normal
N-02-00245,2026-01-06T22:17:55,Power Infrastructure,S02-DB01,svchost,0,Normal,Normal
N-02-00246,2026-01-15T04:52:49,Power Infrastructure,S02-MON01,python,5,Normal,Normal
N-02-00247,2026-01-16T15:06:06,Power Infrastructure,S02-MGMT01,nginx,15,Normal,Normal
N-02-00248,2026-01-08T18:07:19,Power Infrastructure,S02-GW01,nginx,15,Normal,Normal
N-02-00249,2026-01-08T02:59:55,Power Infrastructure,S02-BKP01,nginx,8,Normal,Normal
N-02-00250,2026-01-04T08:54:11,Power Infrastructure,S02-VPN01,python,10,Normal,Normal
N-02-00251,2026-01-20T22:03:09,Power Infrastructure,S02-AUTH01,nginx,6,Normal,Normal
N-02-00252,2026-01-06T18:09:13,Power Infrastructure,S02-BKP01,python,11,Normal,Normal
N-02-00253,2026-01-02T06:47:33,Power Infrastructure,S02-MGMT01,nginx,1,Normal,Normal
N-02-00254,2026-01-18T09:26:02,Power Infrastructure,S02-APP01,powershell,18,Normal,Normal
N-02-00255,2026-01-18T20:52:50,Power Infrastructure,S02-DB01,svchost,4,Normal,Normal
N-02-00256,2026-01-13T14:00:13,Power Infrastructure,S02-AUTH01,powershell,19,Normal,Normal
N-02-00257,2026-01-10T13:17:54,Power Infrastructure,S02-DB01,java,11,Normal,Normal
N-02-00258,2026-01-14T02:13:52,Power Infrastructure,S02-BKP01,nginx,4,Normal,Normal
N-02-00259,2026-01-19T11:08:51,Power Infrastructure,S02-AUTH01,powershell,12,Normal,Normal
N-02-00260,2026-01-05T10:46:23,Power Infrastructure,S02-MGMT01,powershell,4,Normal,Normal
N-02-00261,2026-01-13T21:48:52,Power Infrastructure,S02-GW01,powershell,16,Normal,Normal
N-02-00262,2026-01-06T20:40:20,Power Infrastructure,S02-DB01,python,0,Normal,Normal
N-02-00263,2026-01-11T05:50:06,Power Infrastructure,S02-BKP01,python,16,Normal,Normal
N-02-00264,2026-01-14T02:20:03,Power Infrastructure,S02-VPN01,powershell,3,Normal,Normal
N-02-00265,2026-01-10T11:09:02,Power Infrastructure,S02-CTRL01,svchost,1,Normal,Normal
N-02-00266,2026-01-02T21:45:47,Power Infrastructure,S02-APP01,python,7,Normal,Normal
N-02-00267,2026-01-19T02:30:55,Power Infrastructure,S02-BKP01,java,11,Normal,Normal
N-02-00268,2026-01-18T12:52:32,Power Infrastructure,S02-VPN01,powershell,3,Normal,Normal
N-02-00269,2026-01-18T01:04:05,Power Infrastructure,S02-GW01,nginx,15,Normal,Normal
N-02-00270,2026-01-02T01:50:22,Power Infrastructure,S02-GW01,svchost,17,Normal,Normal
N-02-00271,2026-01-18T12:54:35,Power Infrastructure,S02-WS01,svchost,7,Normal,Normal
N-02-00272,2026-01-06T11:18:11,Power Infrastructure,S02-GW01,powershell,14,Normal,Normal
N-02-00273,2026-01-13T15:40:05,Power Infrastructure,S02-DB01,svchost,18,Normal,Normal
N-02-00274,2026-01-08T07:29:56,Power Infrastructure,S02-MON01,powershell,0,Normal,Normal
N-02-00275,2026-01-15T04:30:32,Power Infrastructure,S02-DB01,nginx,19,Normal,Normal
N-02-00276,2026-01-11T17:09:28,Power Infrastructure,S02-MON01,powershell,3,Normal,Normal
N-02-00277,2026-01-14T22:04:26,Power Infrastructure,S02-AUTH01,nginx,12,Normal,Normal
N-02-00278,2026-01-14T05:06:16,Power Infrastructure,S02-GW01,svchost,1,Normal,Normal
N-02-00279,2026-01-20T22:29:16,Power Infrastructure,S02-GW01,python,0,Normal,Normal
N-02-00280,2026-01-11T10:31:26,Power Infrastructure,S02-MGMT01,java,5,Normal,Normal
N-02-00281,2026-01-03T01:02:58,Power Infrastructure,S02-APP01,powershell,5,Normal,Normal
N-02-00282,2026-01-19T11:22:26,Power Infrastructure,S02-WS01,nginx,5,Normal,Normal
N-02-00283,2026-01-08T10:30:21,Power Infrastructure,S02-VPN01,svchost,19,Normal,Normal
N-02-00284,2026-01-02T14:20:55,Power Infrastructure,S02-AUTH01,svchost,1,Normal,Normal
N-02-00285,2026-01-18T18:53:21,Power Infrastructure,S02-MON01,powershell,10,Normal,Normal
N-02-00286,2026-01-06T13:07:08,Power Infrastructure,S02-MON01,java,11,Normal,Normal
N-02-00287,2026-01-02T09:14:07,Power Infrastructure,S02-APP01,nginx,10,Normal,Normal
N-02-00288,2026-01-08T16:14:51,Power Infrastructure,S02-VPN01,svchost,7,Normal,Normal
N-02-00289,2026-01-04T22:32:24,Power Infrastructure,S02-CTRL01,java,20,Normal,Normal
N-02-00290,2026-01-15T15:52:56,Power Infrastructure,S02-WS01,nginx,7,Normal,Normal
N-02-00291,2026-01-16T01:29:01,Power Infrastructure,S02-WS01,svchost,7,Normal,Normal
N-02-00292,2026-01-04T05:36:18,Power Infrastructure,S02-MON01,nginx,10,Normal,Normal
N-02-00293,2026-01-06T20:00:06,Power Infrastructure,S02-AUTH01,java,10,Normal,Normal
N-02-00294,2026-01-18T02:28:17,Power Infrastructure,S02-CTRL01,java,13,Normal,Normal
N-02-00295,2026-01-11T21:56:46,Power Infrastructure,S02-AUTH01,powershell,4,Normal,Normal
N-02-00296,2026-01-12T10:59:15,Power Infrastructure,S02-MON01,svchost,11,Normal,Normal
N-02-00297,2026-01-15T11:40:12,Power Infrastructure,S02-WS01,java,16,Normal,Normal
N-02-00298,2026-01-06T22:29:01,Power Infrastructure,S02-APP01,python,17,Normal,Normal
N-02-00299,2026-01-17T14:15:52,Power Infrastructure,S02-MGMT01,powershell,11,Normal,Normal
N-02-00300,2026-01-20T21:14:31,Power Infrastructure,S02-MGMT01,java,10,Normal,Normal
N-02-00301,2026-01-19T13:20:52,Power Infrastructure,S02-DB01,svchost,3,Normal,Normal
N-02-00302,2026-01-20T20:45:48,Power Infrastructure,S02-MGMT01,java,2,Normal,Normal
N-02-00303,2026-01-17T15:05:27,Power Infrastructure,S02-VPN01,svchost,19,Normal,Normal
N-02-00304,2026-01-21T07:06:04,Power Infrastructure,S02-MON01,python,16,Normal,Normal
N-02-00305,2026-01-03T13:36:34,Power Infrastructure,S02-VPN01,powershell,20,Normal,Normal
N-02-00306,2026-01-08T22:26:25,Power Infrastructure,S02-GW01,java,14,Normal,Normal
N-02-00307,2026-01-10T21:21:18,Power Infrastructure,S02-DB01,powershell,12,Normal,Normal
N-02-00308,2026-01-14T04:10:02,Power Infrastructure,S02-MON01,python,11,Normal,Normal
N-02-00309,2026-01-08T05:50:15,Power Infrastructure,S02-BKP01,svchost,15,Normal,Normal
N-02-00310,2026-01-16T17:44:12,Power Infrastructure,S02-DB01,nginx,4,Normal,Normal
N-02-00311,2026-01-09T00:03:20,Power Infrastructure,S02-MGMT01,java,9,Normal,Normal
N-02-00312,2026-01-10T05:56:13,Power Infrastructure,S02-BKP01,svchost,8,Normal,Normal
N-02-00313,2026-01-14T06:16:36,Power Infrastructure,S02-APP01,powershell,20,Normal,Normal
N-02-00314,2026-01-01T10:16:10,Power Infrastructure,S02-BKP01,nginx,8,Normal,Normal
N-02-00315,2026-01-20T16:40:40,Power Infrastructure,S02-APP01,python,1,Normal,Normal
N-02-00316,2026-01-10T00:24:51,Power Infrastructure,S02-CTRL01,python,4,Normal,Normal
N-02-00317,2026-01-13T17:12:53,Power Infrastructure,S02-WS01,nginx,8,Normal,Normal
N-02-00318,2026-01-16T13:39:36,Power Infrastructure,S02-APP01,svchost,17,Normal,Normal
N-02-00319,2026-01-07T22:05:04,Power Infrastructure,S02-VPN01,java,5,Normal,Normal
N-02-00320,2026-01-11T10:59:55,Power Infrastructure,S02-MGMT01,java,2,Normal,Normal
N-02-00321,2026-01-03T17:06:16,Power Infrastructure,S02-GW01,svchost,8,Normal,Normal
N-02-00322,2026-01-11T13:38:00,Power Infrastructure,S02-WS01,svchost,11,Normal,Normal
N-02-00323,2026-01-17T07:50:41,Power Infrastructure,S02-DB01,nginx,12,Normal,Normal
N-02-00324,2026-01-02T17:33:17,Power Infrastructure,S02-WS01,nginx,1,Normal,Normal
N-02-00325,2026-01-01T10:08:48,Power Infrastructure,S02-MON01,svchost,1,Normal,Normal
N-02-00326,2026-01-15T08:27:01,Power Infrastructure,S02-GW01,python,13,Normal,Normal
N-02-00327,2026-01-05T00:20:14,Power Infrastructure,S02-MGMT01,nginx,19,Normal,Normal
N-02-00328,2026-01-06T16:32:06,Power Infrastructure,S02-MON01,svchost,17,Normal,Normal
N-02-00329,2026-01-07T06:25:44,Power Infrastructure,S02-MON01,svchost,19,Normal,Normal
N-02-00330,2026-01-17T15:37:07,Power Infrastructure,S02-AUTH01,powershell,11,Normal,Normal
N-02-00331,2026-01-20T14:33:55,Power Infrastructure,S02-MON01,powershell,0,Normal,Normal
N-02-00332,2026-01-10T04:40:03,Power Infrastructure,S02-CTRL01,nginx,1,Normal,Normal
N-02-00333,2026-01-04T12:25:41,Power Infrastructure,S02-VPN01,python,3,Normal,Normal
N-02-00334,2026-01-15T15:01:15,Power Infrastructure,S02-MON01,powershell,3,Normal,Normal
N-02-00335,2026-01-02T18:28:40,Power Infrastructure,S02-MON01,python,2,Normal,Normal
N-02-00336,2026-01-11T05:19:17,Power Infrastructure,S02-BKP01,python,7,Normal,Normal
N-02-00337,2026-01-15T02:25:54,Power Infrastructure,S02-MON01,nginx,9,Normal,Normal
N-02-00338,2026-01-02T09:18:27,Power Infrastructure,S02-DB01,nginx,5,Normal,Normal
N-02-00339,2026-01-16T23:47:09,Power Infrastructure,S02-MGMT01,nginx,17,Normal,Normal
N-02-00340,2026-01-15T11:57:20,Power Infrastructure,S02-GW01,java,8,Normal,Normal
N-02-00341,2026-01-16T20:33:05,Power Infrastructure,S02-MON01,powershell,5,Normal,Normal
N-02-00342,2026-01-02T00:43:50,Power Infrastructure,S02-DB01,python,16,Normal,Normal
N-02-00343,2026-01-05T05:48:40,Power Infrastructure,S02-DB01,powershell,2,Normal,Normal
N-02-00344,2026-01-12T11:38:39,Power Infrastructure,S02-BKP01,powershell,17,Normal,Normal
N-02-00345,2026-01-04T06:21:27,Power Infrastructure,S02-WS01,powershell,4,Normal,Normal
N-02-00346,2026-01-11T17:31:21,Power Infrastructure,S02-WS01,python,15,Normal,Normal
N-02-00347,2026-01-06T23:50:13,Power Infrastructure,S02-WS01,powershell,17,Normal,Normal
N-02-00348,2026-01-08T19:47:46,Power Infrastructure,S02-GW01,python,13,Normal,Normal
N-02-00349,2026-01-03T13:54:46,Power Infrastructure,S02-CTRL01,powershell,7,Normal,Normal
N-02-00350,2026-01-18T04:13:03,Power Infrastructure,S02-MGMT01,svchost,5,Normal,Normal
N-02-00351,2026-01-17T08:32:34,Power Infrastructure,S02-MON01,python,13,Normal,Normal
N-02-00352,2026-01-20T03:33:57,Power Infrastructure,S02-APP01,powershell,14,Normal,Normal
N-02-00353,2026-01-03T18:25:43,Power Infrastructure,S02-MON01,python,11,Normal,Normal
N-02-00354,2026-01-02T05:17:51,Power Infrastructure,S02-VPN01,nginx,4,Normal,Normal
N-02-00355,2026-01-14T16:25:39,Power Infrastructure,S02-VPN01,java,16,Normal,Normal
N-02-00356,2026-01-13T03:28:43,Power Infrastructure,S02-MON01,nginx,15,Normal,Normal
N-02-00357,2026-01-14T16:47:18,Power Infrastructure,S02-DB01,svchost,4,Normal,Normal
N-02-00358,2026-01-07T19:32:41,Power Infrastructure,S02-BKP01,svchost,16,Normal,Normal
N-02-00359,2026-01-08T20:09:26,Power Infrastructure,S02-DB01,nginx,20,Normal,Normal
N-02-00360,2026-01-16T07:07:01,Power Infrastructure,S02-DB01,powershell,4,Normal,Normal
N-02-00361,2026-01-16T20:31:49,Power Infrastructure,S02-VPN01,nginx,6,Normal,Normal
N-02-00362,2026-01-06T22:10:17,Power Infrastructure,S02-AUTH01,svchost,3,Normal,Normal
N-02-00363,2026-01-03T00:13:12,Power Infrastructure,S02-MON01,svchost,12,Normal,Normal
N-02-00364,2026-01-05T04:13:55,Power Infrastructure,S02-APP01,powershell,1,Normal,Normal
N-02-00365,2026-01-06T03:54:45,Power Infrastructure,S02-AUTH01,nginx,0,Normal,Normal
N-02-00366,2026-01-17T03:10:47,Power Infrastructure,S02-VPN01,nginx,12,Normal,Normal
N-02-00367,2026-01-18T22:18:38,Power Infrastructure,S02-APP01,nginx,12,Normal,Normal
N-02-00368,2026-01-13T21:02:41,Power Infrastructure,S02-AUTH01,java,13,Normal,Normal
N-02-00369,2026-01-14T01:24:08,Power Infrastructure,S02-GW01,nginx,12,Normal,Normal
N-02-00370,2026-01-04T22:42:44,Power Infrastructure,S02-DB01,svchost,0,Normal,Normal
N-02-00371,2026-01-11T08:16:09,Power Infrastructure,S02-BKP01,python,8,Normal,Normal
N-02-00372,2026-01-12T05:21:29,Power Infrastructure,S02-BKP01,java,12,Normal,Normal
N-02-00373,2026-01-07T04:26:07,Power Infrastructure,S02-APP01,svchost,12,Normal,Normal
N-02-00374,2026-01-21T03:06:36,Power Infrastructure,S02-WS01,nginx,18,Normal,Normal
N-02-00375,2026-01-15T08:51:35,Power Infrastructure,S02-CTRL01,nginx,1,Normal,Normal
N-02-00376,2026-01-02T15:47:18,Power Infrastructure,S02-MON01,python,0,Normal,Normal
N-02-00377,2026-01-02T11:51:52,Power Infrastructure,S02-GW01,java,19,Normal,Normal
N-02-00378,2026-01-15T12:59:50,Power Infrastructure,S02-MON01,python,8,Normal,Normal
N-02-00379,2026-01-07T17:37:05,Power Infrastructure,S02-AUTH01,python,14,Normal,Normal
N-02-00380,2026-01-03T22:55:47,Power Infrastructure,S02-BKP01,python,16,Normal,Normal
N-02-00381,2026-01-07T13:01:37,Power Infrastructure,S02-APP01,python,17,Normal,Normal
N-02-00382,2026-01-05T11:45:16,Power Infrastructure,S02-BKP01,python,19,Normal,Normal
N-02-00383,2026-01-14T21:44:14,Power Infrastructure,S02-VPN01,svchost,8,Normal,Normal
N-02-00384,2026-01-15T08:31:31,Power Infrastructure,S02-AUTH01,python,17,Normal,Normal
N-02-00385,2026-01-08T06:35:24,Power Infrastructure,S02-WS01,powershell,17,Normal,Normal
N-02-00386,2026-01-09T03:56:51,Power Infrastructure,S02-GW01,powershell,2,Normal,Normal
N-02-00387,2026-01-01T10:19:07,Power Infrastructure,S02-DB01,python,19,Normal,Normal
N-02-00388,2026-01-04T19:39:53,Power Infrastructure,S02-GW01,nginx,13,Normal,Normal
N-02-00389,2026-01-13T03:08:01,Power Infrastructure,S02-MGMT01,svchost,2,Normal,Normal
N-02-00390,2026-01-15T19:11:41,Power Infrastructure,S02-VPN01,python,15,Normal,Normal
N-02-00391,2026-01-10T07:46:26,Power Infrastructure,S02-VPN01,java,16,Normal,Normal
N-02-00392,2026-01-11T04:21:37,Power Infrastructure,S02-VPN01,nginx,7,Normal,Normal
N-02-00393,2026-01-13T23:22:55,Power Infrastructure,S02-AUTH01,java,13,Normal,Normal
N-02-00394,2026-01-05T13:39:30,Power Infrastructure,S02-VPN01,python,7,Normal,Normal
N-02-00395,2026-01-15T20:17:40,Power Infrastructure,S02-DB01,python,11,Normal,Normal
N-02-00396,2026-01-06T07:14:03,Power Infrastructure,S02-CTRL01,powershell,13,Normal,Normal
N-02-00397,2026-01-14T12:07:50,Power Infrastructure,S02-VPN01,powershell,12,Normal,Normal
N-02-00398,2026-01-08T02:12:17,Power Infrastructure,S02-CTRL01,svchost,5,Normal,Normal
N-02-00399,2026-01-08T10:49:37,Power Infrastructure,S02-DB01,python,0,Normal,Normal
N-02-00400,2026-01-17T17:56:32,Power Infrastructure,S02-APP01,java,14,Normal,Normal
N-02-00401,2026-01-08T18:04:25,Power Infrastructure,S02-WS01,powershell,11,Normal,Normal
N-02-00402,2026-01-14T06:23:21,Power Infrastructure,S02-MON01,nginx,17,Normal,Normal
N-02-00403,2026-01-04T23:37:44,Power Infrastructure,S02-DB01,svchost,9,Normal,Normal
N-02-00404,2026-01-04T17:20:03,Power Infrastructure,S02-WS01,java,2,Normal,Normal
N-02-00405,2026-01-21T07:32:18,Power Infrastructure,S02-AUTH01,powershell,18,Normal,Normal
N-02-00406,2026-01-17T10:20:01,Power Infrastructure,S02-CTRL01,java,8,Normal,Normal
N-02-00407,2026-01-12T02:18:04,Power Infrastructure,S02-VPN01,java,0,Normal,Normal
N-02-00408,2026-01-17T04:00:45,Power Infrastructure,S02-AUTH01,java,6,Normal,Normal
N-02-00409,2026-01-16T17:14:36,Power Infrastructure,S02-APP01,powershell,2,Normal,Normal
N-02-00410,2026-01-01T14:11:54,Power Infrastructure,S02-MON01,java,0,Normal,Normal
N-02-00411,2026-01-19T12:22:16,Power Infrastructure,S02-DB01,svchost,4,Normal,Normal
N-02-00412,2026-01-20T02:50:24,Power Infrastructure,S02-DB01,svchost,6,Normal,Normal
N-02-00413,2026-01-10T09:52:55,Power Infrastructure,S02-GW01,powershell,16,Normal,Normal
N-02-00414,2026-01-14T12:45:31,Power Infrastructure,S02-GW01,python,16,Normal,Normal
N-02-00415,2026-01-15T12:16:56,Power Infrastructure,S02-VPN01,nginx,6,Normal,Normal
N-02-00416,2026-01-14T10:37:26,Power Infrastructure,S02-CTRL01,nginx,1,Normal,Normal
N-02-00417,2026-01-10T16:34:16,Power Infrastructure,S02-WS01,java,3,Normal,Normal
N-02-00418,2026-01-09T04:31:56,Power Infrastructure,S02-MON01,java,17,Normal,Normal
N-02-00419,2026-01-17T12:29:13,Power Infrastructure,S02-APP01,nginx,10,Normal,Normal
N-02-00420,2026-01-17T11:21:40,Power Infrastructure,S02-MGMT01,powershell,20,Normal,Normal
N-02-00421,2026-01-09T00:34:54,Power Infrastructure,S02-MGMT01,svchost,8,Normal,Normal
N-02-00422,2026-01-16T03:52:54,Power Infrastructure,S02-AUTH01,python,18,Normal,Normal
N-02-00423,2026-01-16T20:59:58,Power Infrastructure,S02-APP01,svchost,1,Normal,Normal
N-02-00424,2026-01-05T06:19:51,Power Infrastructure,S02-GW01,svchost,11,Normal,Normal
N-02-00425,2026-01-12T03:13:21,Power Infrastructure,S02-BKP01,nginx,13,Normal,Normal
N-02-00426,2026-01-06T12:29:52,Power Infrastructure,S02-DB01,nginx,7,Normal,Normal
N-02-00427,2026-01-21T05:17:49,Power Infrastructure,S02-GW01,powershell,12,Normal,Normal
N-02-00428,2026-01-04T04:05:42,Power Infrastructure,S02-MON01,nginx,16,Normal,Normal
N-02-00429,2026-01-02T23:51:59,Power Infrastructure,S02-CTRL01,nginx,18,Normal,Normal
N-02-00430,2026-01-19T13:02:19,Power Infrastructure,S02-MON01,svchost,14,Normal,Normal
N-02-00431,2026-01-12T00:00:35,Power Infrastructure,S02-GW01,python,13,Normal,Normal
N-02-00432,2026-01-17T21:35:01,Power Infrastructure,S02-BKP01,nginx,0,Normal,Normal
N-02-00433,2026-01-01T13:15:53,Power Infrastructure,S02-DB01,java,8,Normal,Normal
N-02-00434,2026-01-14T20:19:09,Power Infrastructure,S02-VPN01,powershell,12,Normal,Normal
N-02-00435,2026-01-04T08:45:27,Power Infrastructure,S02-MGMT01,java,4,Normal,Normal
N-02-00436,2026-01-11T06:54:11,Power Infrastructure,S02-GW01,svchost,7,Normal,Normal
N-02-00437,2026-01-11T04:18:32,Power Infrastructure,S02-MGMT01,python,6,Normal,Normal
N-02-00438,2026-01-12T13:00:27,Power Infrastructure,S02-DB01,java,3,Normal,Normal
N-02-00439,2026-01-19T18:19:14,Power Infrastructure,S02-GW01,python,16,Normal,Normal
N-02-00440,2026-01-07T17:25:23,Power Infrastructure,S02-DB01,powershell,3,Normal,Normal
N-02-00441,2026-01-14T08:02:42,Power Infrastructure,S02-MON01,java,13,Normal,Normal
N-02-00442,2026-01-08T16:30:13,Power Infrastructure,S02-WS01,python,6,Normal,Normal
N-02-00443,2026-01-17T02:40:23,Power Infrastructure,S02-DB01,python,12,Normal,Normal
N-02-00444,2026-01-16T00:55:29,Power Infrastructure,S02-GW01,powershell,5,Normal,Normal
N-02-00445,2026-01-20T19:46:30,Power Infrastructure,S02-WS01,python,11,Normal,Normal
N-02-00446,2026-01-10T18:30:23,Power Infrastructure,S02-MGMT01,svchost,7,Normal,Normal
N-02-00447,2026-01-18T01:51:24,Power Infrastructure,S02-AUTH01,nginx,19,Normal,Normal
N-02-00448,2026-01-13T19:40:33,Power Infrastructure,S02-GW01,powershell,2,Normal,Normal
N-02-00449,2026-01-19T10:09:03,Power Infrastructure,S02-MON01,powershell,13,Normal,Normal
N-02-00450,2026-01-07T03:13:58,Power Infrastructure,S02-BKP01,python,9,Normal,Normal
N-02-00451,2026-01-03T09:27:37,Power Infrastructure,S02-MON01,powershell,1,Normal,Normal
N-02-00452,2026-01-02T08:37:32,Power Infrastructure,S02-AUTH01,nginx,11,Normal,Normal
N-02-00453,2026-01-20T01:13:15,Power Infrastructure,S02-BKP01,powershell,14,Normal,Normal
N-02-00454,2026-01-11T03:00:47,Power Infrastructure,S02-WS01,nginx,20,Normal,Normal
N-02-00455,2026-01-02T07:09:50,Power Infrastructure,S02-CTRL01,nginx,5,Normal,Normal
N-02-00456,2026-01-19T04:56:54,Power Infrastructure,S02-CTRL01,nginx,19,Normal,Normal
N-02-00457,2026-01-05T15:35:58,Power Infrastructure,S02-WS01,nginx,17,Normal,Normal
N-02-00458,2026-01-15T05:18:09,Power Infrastructure,S02-GW01,powershell,5,Normal,Normal
N-02-00459,2026-01-14T03:13:55,Power Infrastructure,S02-AUTH01,nginx,12,Normal,Normal
N-02-00460,2026-01-02T21:17:44,Power Infrastructure,S02-BKP01,java,3,Normal,Normal
N-02-00461,2026-01-11T03:43:03,Power Infrastructure,S02-APP01,svchost,18,Normal,Normal
N-02-00462,2026-01-11T02:23:50,Power Infrastructure,S02-AUTH01,powershell,0,Normal,Normal
N-02-00463,2026-01-03T08:38:04,Power Infrastructure,S02-MGMT01,nginx,19,Normal,Normal
N-02-00464,2026-01-07T04:10:02,Power Infrastructure,S02-MON01,java,14,Normal,Normal
N-02-00465,2026-01-10T09:33:27,Power Infrastructure,S02-WS01,svchost,20,Normal,Normal
N-02-00466,2026-01-05T09:50:20,Power Infrastructure,S02-MON01,svchost,3,Normal,Normal
N-02-00467,2026-01-16T15:09:45,Power Infrastructure,S02-MON01,powershell,19,Normal,Normal
N-02-00468,2026-01-07T11:29:51,Power Infrastructure,S02-VPN01,java,6,Normal,Normal
N-02-00469,2026-01-08T16:00:09,Power Infrastructure,S02-APP01,nginx,10,Normal,Normal
N-02-00470,2026-01-15T13:50:23,Power Infrastructure,S02-AUTH01,java,4,Normal,Normal
N-02-00471,2026-01-01T11:37:38,Power Infrastructure,S02-AUTH01,java,20,Normal,Normal
N-02-00472,2026-01-14T19:10:48,Power Infrastructure,S02-MON01,python,12,Normal,Normal
N-02-00473,2026-01-05T00:48:26,Power Infrastructure,S02-AUTH01,java,6,Normal,Normal
N-02-00474,2026-01-08T11:47:19,Power Infrastructure,S02-MON01,java,17,Normal,Normal
N-02-00475,2026-01-12T22:57:30,Power Infrastructure,S02-VPN01,java,1,Normal,Normal
N-02-00476,2026-01-06T01:22:04,Power Infrastructure,S02-MON01,powershell,8,Normal,Normal
N-02-00477,2026-01-15T19:06:52,Power Infrastructure,S02-DB01,svchost,3,Normal,Normal
N-02-00478,2026-01-06T11:51:14,Power Infrastructure,S02-APP01,svchost,11,Normal,Normal
N-02-00479,2026-01-19T20:24:35,Power Infrastructure,S02-VPN01,java,16,Normal,Normal
N-02-00480,2026-01-07T21:32:37,Power Infrastructure,S02-AUTH01,nginx,9,Normal,Normal
N-02-00481,2026-01-19T11:34:25,Power Infrastructure,S02-VPN01,svchost,12,Normal,Normal
N-02-00482,2026-01-20T18:50:35,Power Infrastructure,S02-AUTH01,python,6,Normal,Normal
N-02-00483,2026-01-08T03:29:46,Power Infrastructure,S02-DB01,powershell,6,Normal,Normal
N-02-00484,2026-01-19T19:07:46,Power Infrastructure,S02-MGMT01,nginx,15,Normal,Normal
N-02-00485,2026-01-14T01:20:45,Power Infrastructure,S02-GW01,nginx,19,Normal,Normal
N-02-00486,2026-01-14T09:22:48,Power Infrastructure,S02-DB01,python,6,Normal,Normal
N-02-00487,2026-01-11T00:11:04,Power Infrastructure,S02-MGMT01,python,19,Normal,Normal
N-02-00488,2026-01-20T15:57:25,Power Infrastructure,S02-GW01,java,2,Normal,Normal
N-02-00489,2026-01-03T07:31:00,Power Infrastructure,S02-WS01,svchost,14,Normal,Normal
N-02-00490,2026-01-11T20:11:42,Power Infrastructure,S02-CTRL01,python,12,Normal,Normal
N-02-00491,2026-01-04T22:24:57,Power Infrastructure,S02-CTRL01,python,3,Normal,Normal
N-02-00492,2026-01-06T00:17:40,Power Infrastructure,S02-MON01,svchost,15,Normal,Normal
N-02-00493,2026-01-20T04:53:13,Power Infrastructure,S02-CTRL01,powershell,16,Normal,Normal
N-02-00494,2026-01-10T02:16:39,Power Infrastructure,S02-MON01,powershell,7,Normal,Normal
N-02-00495,2026-01-05T04:39:38,Power Infrastructure,S02-MON01,powershell,7,Normal,Normal
N-02-00496,2026-01-05T20:31:46,Power Infrastructure,S02-VPN01,nginx,8,Normal,Normal
N-02-00497,2026-01-01T08:42:46,Power Infrastructure,S02-APP01,java,9,Normal,Normal
N-02-00498,2026-01-07T17:32:41,Power Infrastructure,S02-BKP01,python,9,Normal,Normal
N-02-00499,2026-01-21T07:01:05,Power Infrastructure,S02-APP01,java,0,Normal,Normal
N-02-00500,2026-01-07T07:57:16,Power Infrastructure,S02-BKP01,svchost,16,Normal,Normal
N-02-00501,2026-01-11T04:19:48,Power Infrastructure,S02-MON01,python,20,Normal,Normal
N-02-00502,2026-01-08T02:31:43,Power Infrastructure,S02-CTRL01,powershell,1,Normal,Normal
N-02-00503,2026-01-11T16:31:33,Power Infrastructure,S02-MON01,nginx,9,Normal,Normal
N-02-00504,2026-01-12T05:42:11,Power Infrastructure,S02-WS01,python,16,Normal,Normal
N-02-00505,2026-01-07T09:54:56,Power Infrastructure,S02-WS01,python,1,Normal,Normal
N-02-00506,2026-01-04T22:48:13,Power Infrastructure,S02-APP01,svchost,19,Normal,Normal
N-02-00507,2026-01-19T14:40:22,Power Infrastructure,S02-CTRL01,nginx,17,Normal,Normal
N-02-00508,2026-01-18T14:00:44,Power Infrastructure,S02-AUTH01,svchost,6,Normal,Normal
N-02-00509,2026-01-11T10:11:48,Power Infrastructure,S02-VPN01,java,6,Normal,Normal
N-02-00510,2026-01-11T06:26:59,Power Infrastructure,S02-VPN01,nginx,16,Normal,Normal
N-02-00511,2026-01-17T21:32:46,Power Infrastructure,S02-APP01,python,18,Normal,Normal
N-02-00512,2026-01-07T21:20:26,Power Infrastructure,S02-AUTH01,nginx,16,Normal,Normal
N-02-00513,2026-01-11T11:55:28,Power Infrastructure,S02-AUTH01,powershell,18,Normal,Normal
N-02-00514,2026-01-14T21:34:30,Power Infrastructure,S02-DB01,java,6,Normal,Normal
N-02-00515,2026-01-19T06:24:26,Power Infrastructure,S02-CTRL01,svchost,9,Normal,Normal
N-02-00516,2026-01-18T23:41:09,Power Infrastructure,S02-APP01,powershell,10,Normal,Normal
N-02-00517,2026-01-19T07:36:18,Power Infrastructure,S02-VPN01,python,11,Normal,Normal
N-02-00518,2026-01-19T14:50:47,Power Infrastructure,S02-GW01,python,14,Normal,Normal
N-02-00519,2026-01-06T09:49:25,Power Infrastructure,S02-CTRL01,nginx,2,Normal,Normal
N-02-00520,2026-01-20T11:25:13,Power Infrastructure,S02-APP01,java,17,Normal,Normal
N-02-00521,2026-01-13T03:18:10,Power Infrastructure,S02-VPN01,python,7,Normal,Normal
N-02-00522,2026-01-17T05:56:05,Power Infrastructure,S02-WS01,java,15,Normal,Normal
N-02-00523,2026-01-10T13:59:15,Power Infrastructure,S02-CTRL01,java,18,Normal,Normal
N-02-00524,2026-01-07T00:09:05,Power Infrastructure,S02-CTRL01,python,2,Normal,Normal
N-02-00525,2026-01-05T11:25:53,Power Infrastructure,S02-APP01,svchost,2,Normal,Normal
N-02-00526,2026-01-10T17:55:31,Power Infrastructure,S02-DB01,svchost,17,Normal,Normal
N-02-00527,2026-01-09T08:32:21,Power Infrastructure,S02-GW01,nginx,8,Normal,Normal
N-02-00528,2026-01-05T17:20:56,Power Infrastructure,S02-BKP01,powershell,2,Normal,Normal
N-02-00529,2026-01-14T08:11:33,Power Infrastructure,S02-CTRL01,python,15,Normal,Normal
N-02-00530,2026-01-17T11:52:13,Power Infrastructure,S02-BKP01,java,19,Normal,Normal
N-02-00531,2026-01-07T09:57:22,Power Infrastructure,S02-APP01,java,1,Normal,Normal
N-02-00532,2026-01-15T14:42:30,Power Infrastructure,S02-WS01,svchost,3,Normal,Normal
N-02-00533,2026-01-06T18:38:53,Power Infrastructure,S02-WS01,java,6,Normal,Normal
N-02-00534,2026-01-10T18:00:22,Power Infrastructure,S02-BKP01,java,14,Normal,Normal
N-02-00535,2026-01-01T12:12:00,Power Infrastructure,S02-MGMT01,python,6,Normal,Normal
N-02-00536,2026-01-09T15:19:51,Power Infrastructure,S02-AUTH01,java,4,Normal,Normal
N-02-00537,2026-01-06T12:04:02,Power Infrastructure,S02-APP01,powershell,9,Normal,Normal
N-02-00538,2026-01-02T01:54:49,Power Infrastructure,S02-VPN01,powershell,6,Normal,Normal
N-02-00539,2026-01-01T09:34:36,Power Infrastructure,S02-MON01,powershell,19,Normal,Normal
N-02-00540,2026-01-16T19:20:53,Power Infrastructure,S02-AUTH01,svchost,7,Normal,Normal
N-02-00541,2026-01-02T00:40:48,Power Infrastructure,S02-CTRL01,svchost,0,Normal,Normal
N-02-00542,2026-01-17T18:40:19,Power Infrastructure,S02-VPN01,svchost,5,Normal,Normal
N-02-00543,2026-01-13T13:48:56,Power Infrastructure,S02-GW01,nginx,0,Normal,Normal
N-02-00544,2026-01-11T06:07:53,Power Infrastructure,S02-CTRL01,python,0,Normal,Normal
N-02-00545,2026-01-11T20:13:29,Power Infrastructure,S02-MGMT01,svchost,14,Normal,Normal
N-02-00546,2026-01-14T20:44:23,Power Infrastructure,S02-DB01,svchost,11,Normal,Normal
N-02-00547,2026-01-11T23:01:47,Power Infrastructure,S02-APP01,python,7,Normal,Normal
N-02-00548,2026-01-16T05:30:35,Power Infrastructure,S02-MGMT01,python,3,Normal,Normal
N-02-00549,2026-01-19T18:17:31,Power Infrastructure,S02-AUTH01,powershell,20,Normal,Normal
N-02-00550,2026-01-04T08:25:32,Power Infrastructure,S02-BKP01,nginx,3,Normal,Normal
N-02-00551,2026-01-04T22:05:25,Power Infrastructure,S02-AUTH01,powershell,0,Normal,Normal
N-02-00552,2026-01-16T22:27:46,Power Infrastructure,S02-DB01,powershell,6,Normal,Normal
N-02-00553,2026-01-06T00:43:22,Power Infrastructure,S02-WS01,powershell,14,Normal,Normal
N-02-00554,2026-01-05T13:49:56,Power Infrastructure,S02-MGMT01,powershell,8,Normal,Normal
N-02-00555,2026-01-19T05:10:45,Power Infrastructure,S02-APP01,python,13,Normal,Normal
N-02-00556,2026-01-06T04:56:09,Power Infrastructure,S02-CTRL01,powershell,12,Normal,Normal
N-02-00557,2026-01-21T03:29:53,Power Infrastructure,S02-GW01,java,4,Normal,Normal
N-02-00558,2026-01-01T10:09:31,Power Infrastructure,S02-DB01,java,18,Normal,Normal
N-02-00559,2026-01-02T12:06:28,Power Infrastructure,S02-VPN01,svchost,2,Normal,Normal
N-02-00560,2026-01-02T06:43:57,Power Infrastructure,S02-BKP01,nginx,10,Normal,Normal
N-02-00561,2026-01-13T21:25:07,Power Infrastructure,S02-BKP01,nginx,20,Normal,Normal
N-02-00562,2026-01-14T07:31:37,Power Infrastructure,S02-WS01,java,13,Normal,Normal
N-02-00563,2026-01-01T11:07:57,Power Infrastructure,S02-MGMT01,nginx,17,Normal,Normal
N-02-00564,2026-01-05T13:55:51,Power Infrastructure,S02-AUTH01,nginx,3,Normal,Normal
N-02-00565,2026-01-02T17:39:33,Power Infrastructure,S02-APP01,powershell,12,Normal,Normal
N-02-00566,2026-01-12T04:17:53,Power Infrastructure,S02-AUTH01,python,6,Normal,Normal
N-02-00567,2026-01-12T13:30:40,Power Infrastructure,S02-CTRL01,nginx,0,Normal,Normal
N-02-00568,2026-01-17T05:43:02,Power Infrastructure,S02-DB01,svchost,17,Normal,Normal
N-02-00569,2026-01-14T20:08:11,Power Infrastructure,S02-CTRL01,svchost,16,Normal,Normal
N-02-00570,2026-01-18T02:49:58,Power Infrastructure,S02-GW01,nginx,20,Normal,Normal
N-02-00571,2026-01-07T00:13:19,Power Infrastructure,S02-DB01,svchost,13,Normal,Normal
N-02-00572,2026-01-06T17:48:34,Power Infrastructure,S02-AUTH01,java,1,Normal,Normal
N-02-00573,2026-01-09T07:42:18,Power Infrastructure,S02-MGMT01,nginx,10,Normal,Normal
N-02-00574,2026-01-02T19:26:31,Power Infrastructure,S02-GW01,svchost,2,Normal,Normal
N-02-00575,2026-01-09T08:57:55,Power Infrastructure,S02-VPN01,python,6,Normal,Normal
N-02-00576,2026-01-01T16:49:34,Power Infrastructure,S02-DB01,powershell,17,Normal,Normal
N-02-00577,2026-01-16T18:00:02,Power Infrastructure,S02-MGMT01,python,15,Normal,Normal
N-02-00578,2026-01-15T22:21:50,Power Infrastructure,S02-VPN01,java,9,Normal,Normal
N-02-00579,2026-01-03T17:03:02,Power Infrastructure,S02-WS01,svchost,18,Normal,Normal
N-02-00580,2026-01-02T09:50:46,Power Infrastructure,S02-WS01,svchost,15,Normal,Normal
N-02-00581,2026-01-21T00:16:04,Power Infrastructure,S02-MON01,nginx,8,Normal,Normal
N-02-00582,2026-01-14T16:32:16,Power Infrastructure,S02-MGMT01,powershell,16,Normal,Normal
N-02-00583,2026-01-14T06:36:06,Power Infrastructure,S02-MGMT01,python,10,Normal,Normal
N-02-00584,2026-01-10T16:13:14,Power Infrastructure,S02-WS01,powershell,11,Normal,Normal
N-02-00585,2026-01-18T12:44:14,Power Infrastructure,S02-MGMT01,nginx,8,Normal,Normal
N-02-00586,2026-01-12T14:03:48,Power Infrastructure,S02-GW01,svchost,15,Normal,Normal
N-02-00587,2026-01-10T20:31:16,Power Infrastructure,S02-APP01,svchost,14,Normal,Normal
N-02-00588,2026-01-06T20:16:10,Power Infrastructure,S02-GW01,powershell,7,Normal,Normal
N-02-00589,2026-01-19T14:26:29,Power Infrastructure,S02-VPN01,svchost,9,Normal,Normal
N-02-00590,2026-01-06T23:08:05,Power Infrastructure,S02-DB01,svchost,8,Normal,Normal
N-02-00591,2026-01-09T09:23:56,Power Infrastructure,S02-DB01,nginx,3,Normal,Normal
N-02-00592,2026-01-15T21:34:08,Power Infrastructure,S02-CTRL01,svchost,14,Normal,Normal
N-02-00593,2026-01-19T21:48:12,Power Infrastructure,S02-DB01,powershell,10,Normal,Normal
N-02-00594,2026-01-18T16:48:49,Power Infrastructure,S02-DB01,python,11,Normal,Normal
N-02-00595,2026-01-20T02:49:22,Power Infrastructure,S02-CTRL01,svchost,6,Normal,Normal
N-02-00596,2026-01-19T06:33:50,Power Infrastructure,S02-MGMT01,powershell,1,Normal,Normal
N-02-00597,2026-01-01T12:45:24,Power Infrastructure,S02-GW01,powershell,20,Normal,Normal
N-02-00598,2026-01-14T14:17:06,Power Infrastructure,S02-BKP01,java,4,Normal,Normal
N-02-00599,2026-01-02T00:58:28,Power Infrastructure,S02-WS01,python,9,Normal,Normal
A-02-SCN011-01-00,2026-01-14T09:02:00,Power Infrastructure,S02-DB01,wmic,58,Reconnaissance,Attack
A-02-SCN011-01-01,2026-01-14T09:05:00,Power Infrastructure,S02-VPN01,wmic,50,Initial Access,Attack
A-02-SCN011-01-02,2026-01-14T09:11:00,Power Infrastructure,S02-WS01,python,70,Execution,Attack
A-02-SCN011-01-03,2026-01-14T09:18:00,Power Infrastructure,S02-AUTH01,python,21,Persistence,Attack
A-02-SCN011-01-04,2026-01-14T09:21:00,Power Infrastructure,S02-APP01,unknown,66,Privilege Escalation,Attack
A-02-SCN011-01-05,2026-01-14T09:26:00,Power Infrastructure,S02-CTRL01,cmd,89,Discovery,Attack
A-02-SCN011-01-06,2026-01-14T09:33:00,Power Infrastructure,S02-DB01,wmic,28,Lateral Movement,Attack
A-02-SCN011-01-07,2026-01-14T09:35:00,Power Infrastructure,S02-VPN01,unknown,98,Command and Control,Attack
A-02-SCN011-01-08,2026-01-14T09:41:00,Power Infrastructure,S02-WS01,curl,66,Command and Control,Attack
A-02-SCN011-01-09,2026-01-14T09:47:00,Power Infrastructure,S02-AUTH01,wmic,57,Command and Control,Attack
A-02-SCN011-02-00,2026-01-14T10:00:00,Power Infrastructure,S02-CTRL01,ssh,41,Reconnaissance,Attack
A-02-SCN011-02-01,2026-01-14T10:07:00,Power Infrastructure,S02-GW01,curl,43,Initial Access,Attack
A-02-SCN011-02-02,2026-01-14T10:10:00,Power Infrastructure,S02-DB01,cmd,84,Execution,Attack
A-02-SCN011-02-03,2026-01-14T10:16:00,Power Infrastructure,S02-APP01,wmic,68,Persistence,Attack
A-02-SCN011-02-04,2026-01-14T10:22:00,Power Infrastructure,S02-BKP01,python,27,Privilege Escalation,Attack
A-02-SCN011-02-05,2026-01-14T10:28:00,Power Infrastructure,S02-VPN01,python,34,Discovery,Attack
A-02-SCN011-02-06,2026-01-14T10:33:00,Power Infrastructure,S02-CTRL01,powershell,60,Lateral Movement,Attack
A-02-SCN011-02-07,2026-01-14T10:36:00,Power Infrastructure,S02-GW01,python,29,Command and Control,Attack
A-02-SCN011-02-08,2026-01-14T10:41:00,Power Infrastructure,S02-DB01,curl,31,Command and Control,Attack
A-02-SCN011-02-09,2026-01-14T10:48:00,Power Infrastructure,S02-APP01,wmic,3,Command and Control,Attack
A-02-SCN011-03-00,2026-01-14T11:01:00,Power Infrastructure,S02-MON01,powershell,55,Reconnaissance,Attack
A-02-SCN011-03-01,2026-01-14T11:06:00,Power Infrastructure,S02-WS01,unknown,8,Initial Access,Attack
A-02-SCN011-03-02,2026-01-14T11:12:00,Power Infrastructure,S02-BKP01,curl,73,Execution,Attack
A-02-SCN011-03-03,2026-01-14T11:16:00,Power Infrastructure,S02-GW01,powershell,46,Persistence,Attack
A-02-SCN011-03-04,2026-01-14T11:22:00,Power Infrastructure,S02-AUTH01,unknown,62,Privilege Escalation,Attack
A-02-SCN011-03-05,2026-01-14T11:28:00,Power Infrastructure,S02-APP01,unknown,39,Discovery,Attack
A-02-SCN011-03-06,2026-01-14T11:32:00,Power Infrastructure,S02-MON01,python,21,Lateral Movement,Attack
A-02-SCN011-03-07,2026-01-14T11:35:00,Power Infrastructure,S02-WS01,curl,53,Command and Control,Attack
A-02-SCN011-03-08,2026-01-14T11:43:00,Power Infrastructure,S02-BKP01,powershell,14,Command and Control,Attack
A-02-SCN011-03-09,2026-01-14T11:47:00,Power Infrastructure,S02-GW01,curl,35,Command and Control,Attack
A-02-SCN011-04-00,2026-01-14T12:01:00,Power Infrastructure,S02-DB01,unknown,90,Reconnaissance,Attack
A-02-SCN011-04-01,2026-01-14T12:08:00,Power Infrastructure,S02-BKP01,unknown,53,Initial Access,Attack
A-02-SCN011-04-02,2026-01-14T12:11:00,Power Infrastructure,S02-MON01,ssh,83,Execution,Attack
A-02-SCN011-04-03,2026-01-14T12:18:00,Power Infrastructure,S02-AUTH01,powershell,81,Persistence,Attack
A-02-SCN011-04-04,2026-01-14T12:22:00,Power Infrastructure,S02-VPN01,service-host,4,Privilege Escalation,Attack
A-02-SCN011-04-05,2026-01-14T12:26:00,Power Infrastructure,S02-CTRL01,cmd,7,Discovery,Attack
A-02-SCN011-04-06,2026-01-14T12:31:00,Power Infrastructure,S02-DB01,ssh,3,Lateral Movement,Attack
A-02-SCN011-04-07,2026-01-14T12:36:00,Power Infrastructure,S02-BKP01,powershell,96,Command and Control,Attack
A-02-SCN011-04-08,2026-01-14T12:43:00,Power Infrastructure,S02-MON01,wmic,36,Command and Control,Attack
A-02-SCN011-04-09,2026-01-14T12:48:00,Power Infrastructure,S02-AUTH01,service-host,8,Command and Control,Attack
A-02-SCN012-01-00,2026-01-14T09:01:00,Power Infrastructure,S02-MGMT01,cmd,88,Reconnaissance,Attack
A-02-SCN012-01-01,2026-01-14T09:05:00,Power Infrastructure,S02-GW01,curl,4,Initial Access,Attack
A-02-SCN012-01-02,2026-01-14T09:13:00,Power Infrastructure,S02-APP01,python,75,Execution,Attack
A-02-SCN012-01-03,2026-01-14T09:15:00,Power Infrastructure,S02-MON01,cmd,69,Persistence,Attack
A-02-SCN012-01-04,2026-01-14T09:22:00,Power Infrastructure,S02-AUTH01,powershell,65,Privilege Escalation,Attack
A-02-SCN012-01-05,2026-01-14T09:28:00,Power Infrastructure,S02-BKP01,curl,81,Discovery,Attack
A-02-SCN012-01-06,2026-01-14T09:31:00,Power Infrastructure,S02-MGMT01,ssh,40,Lateral Movement,Attack
A-02-SCN012-01-07,2026-01-14T09:35:00,Power Infrastructure,S02-GW01,unknown,95,Command and Control,Attack
A-02-SCN012-01-08,2026-01-14T09:42:00,Power Infrastructure,S02-APP01,service-host,75,Command and Control,Attack
A-02-SCN012-01-09,2026-01-14T09:47:00,Power Infrastructure,S02-MON01,cmd,69,Command and Control,Attack
A-02-SCN012-02-00,2026-01-14T10:01:00,Power Infrastructure,S02-APP01,wmic,71,Reconnaissance,Attack
A-02-SCN012-02-01,2026-01-14T10:07:00,Power Infrastructure,S02-DB01,service-host,6,Initial Access,Attack
A-02-SCN012-02-02,2026-01-14T10:13:00,Power Infrastructure,S02-MON01,ssh,64,Execution,Attack
A-02-SCN012-02-03,2026-01-14T10:16:00,Power Infrastructure,S02-CTRL01,powershell,57,Persistence,Attack
A-02-SCN012-02-04,2026-01-14T10:21:00,Power Infrastructure,S02-BKP01,ssh,13,Privilege Escalation,Attack
A-02-SCN012-02-05,2026-01-14T10:25:00,Power Infrastructure,S02-WS01,ssh,32,Discovery,Attack
A-02-SCN012-02-06,2026-01-14T10:32:00,Power Infrastructure,S02-APP01,wmic,69,Lateral Movement,Attack
A-02-SCN012-02-07,2026-01-14T10:36:00,Power Infrastructure,S02-DB01,service-host,3,Command and Control,Attack
A-02-SCN012-02-08,2026-01-14T10:40:00,Power Infrastructure,S02-MON01,python,37,Command and Control,Attack
A-02-SCN012-02-09,2026-01-14T10:45:00,Power Infrastructure,S02-CTRL01,cmd,62,Command and Control,Attack
A-02-SCN012-03-00,2026-01-14T11:00:00,Power Infrastructure,S02-MGMT01,service-host,40,Reconnaissance,Attack
A-02-SCN012-03-01,2026-01-14T11:07:00,Power Infrastructure,S02-BKP01,service-host,84,Initial Access,Attack
A-02-SCN012-03-02,2026-01-14T11:10:00,Power Infrastructure,S02-GW01,python,87,Execution,Attack
A-02-SCN012-03-03,2026-01-14T11:17:00,Power Infrastructure,S02-MON01,unknown,67,Persistence,Attack
A-02-SCN012-03-04,2026-01-14T11:21:00,Power Infrastructure,S02-CTRL01,unknown,22,Privilege Escalation,Attack
A-02-SCN012-03-05,2026-01-14T11:27:00,Power Infrastructure,S02-VPN01,wmic,82,Discovery,Attack
A-02-SCN012-03-06,2026-01-14T11:30:00,Power Infrastructure,S02-MGMT01,powershell,20,Lateral Movement,Attack
A-02-SCN012-03-07,2026-01-14T11:37:00,Power Infrastructure,S02-BKP01,unknown,34,Command and Control,Attack
A-02-SCN012-03-08,2026-01-14T11:42:00,Power Infrastructure,S02-GW01,wmic,15,Command and Control,Attack
A-02-SCN012-03-09,2026-01-14T11:46:00,Power Infrastructure,S02-MON01,curl,46,Command and Control,Attack
A-02-SCN012-04-00,2026-01-14T12:00:00,Power Infrastructure,S02-GW01,unknown,65,Reconnaissance,Attack
A-02-SCN012-04-01,2026-01-14T12:08:00,Power Infrastructure,S02-AUTH01,python,73,Initial Access,Attack
A-02-SCN012-04-02,2026-01-14T12:10:00,Power Infrastructure,S02-WS01,ssh,94,Execution,Attack
A-02-SCN012-04-03,2026-01-14T12:15:00,Power Infrastructure,S02-CTRL01,powershell,32,Persistence,Attack
A-02-SCN012-04-04,2026-01-14T12:22:00,Power Infrastructure,S02-DB01,unknown,100,Privilege Escalation,Attack
A-02-SCN012-04-05,2026-01-14T12:26:00,Power Infrastructure,S02-VPN01,unknown,73,Discovery,Attack
A-02-SCN012-04-06,2026-01-14T12:33:00,Power Infrastructure,S02-GW01,ssh,90,Lateral Movement,Attack
A-02-SCN012-04-07,2026-01-14T12:36:00,Power Infrastructure,S02-AUTH01,service-host,54,Command and Control,Attack
A-02-SCN012-04-08,2026-01-14T12:41:00,Power Infrastructure,S02-WS01,powershell,23,Command and Control,Attack
A-02-SCN012-04-09,2026-01-14T12:46:00,Power Infrastructure,S02-CTRL01,unknown,59,Command and Control,Attack
A-02-SCN013-01-00,2026-01-14T09:03:00,Power Infrastructure,S02-MGMT01,python,96,Reconnaissance,Attack
A-02-SCN013-01-01,2026-01-14T09:08:00,Power Infrastructure,S02-WS01,service-host,7,Initial Access,Attack
A-02-SCN013-01-02,2026-01-14T09:13:00,Power Infrastructure,S02-VPN01,ssh,41,Credential Access,Attack
A-02-SCN013-01-03,2026-01-14T09:16:00,Power Infrastructure,S02-AUTH01,python,54,Discovery,Attack
A-02-SCN013-01-04,2026-01-14T09:23:00,Power Infrastructure,S02-MON01,powershell,43,Lateral Movement,Attack
A-02-SCN013-01-05,2026-01-14T09:25:00,Power Infrastructure,S02-BKP01,unknown,388,Collection,Attack
A-02-SCN013-01-06,2026-01-14T09:33:00,Power Infrastructure,S02-MGMT01,service-host,1567,Collection,Attack
A-02-SCN013-01-07,2026-01-14T09:38:00,Power Infrastructure,S02-WS01,cmd,1449,Collection,Attack
A-02-SCN013-01-08,2026-01-14T09:43:00,Power Infrastructure,S02-VPN01,curl,701,Collection,Attack
A-02-SCN013-01-09,2026-01-14T09:47:00,Power Infrastructure,S02-AUTH01,unknown,1678,Collection,Attack
A-02-SCN013-02-00,2026-01-14T10:01:00,Power Infrastructure,S02-DB01,service-host,11,Reconnaissance,Attack
A-02-SCN013-02-01,2026-01-14T10:05:00,Power Infrastructure,S02-GW01,ssh,64,Initial Access,Attack
A-02-SCN013-02-02,2026-01-14T10:12:00,Power Infrastructure,S02-CTRL01,wmic,99,Credential Access,Attack
A-02-SCN013-02-03,2026-01-14T10:17:00,Power Infrastructure,S02-AUTH01,unknown,10,Discovery,Attack
A-02-SCN013-02-04,2026-01-14T10:23:00,Power Infrastructure,S02-MON01,cmd,18,Lateral Movement,Attack
A-02-SCN013-02-05,2026-01-14T10:25:00,Power Infrastructure,S02-VPN01,curl,967,Collection,Attack
A-02-SCN013-02-06,2026-01-14T10:32:00,Power Infrastructure,S02-DB01,curl,560,Collection,Attack
A-02-SCN013-02-07,2026-01-14T10:35:00,Power Infrastructure,S02-GW01,service-host,1240,Collection,Attack
A-02-SCN013-02-08,2026-01-14T10:41:00,Power Infrastructure,S02-CTRL01,powershell,1088,Collection,Attack
A-02-SCN013-02-09,2026-01-14T10:47:00,Power Infrastructure,S02-AUTH01,powershell,999,Collection,Attack
A-02-SCN013-03-00,2026-01-14T11:01:00,Power Infrastructure,S02-BKP01,unknown,45,Reconnaissance,Attack
A-02-SCN013-03-01,2026-01-14T11:05:00,Power Infrastructure,S02-MON01,cmd,46,Initial Access,Attack
A-02-SCN013-03-02,2026-01-14T11:10:00,Power Infrastructure,S02-VPN01,curl,91,Credential Access,Attack
A-02-SCN013-03-03,2026-01-14T11:15:00,Power Infrastructure,S02-CTRL01,python,31,Discovery,Attack
A-02-SCN013-03-04,2026-01-14T11:20:00,Power Infrastructure,S02-DB01,ssh,58,Lateral Movement,Attack
A-02-SCN013-03-05,2026-01-14T11:28:00,Power Infrastructure,S02-MGMT01,cmd,647,Collection,Attack
A-02-SCN013-03-06,2026-01-14T11:33:00,Power Infrastructure,S02-BKP01,ssh,681,Collection,Attack
A-02-SCN013-03-07,2026-01-14T11:37:00,Power Infrastructure,S02-MON01,unknown,1558,Collection,Attack
A-02-SCN013-03-08,2026-01-14T11:42:00,Power Infrastructure,S02-VPN01,powershell,852,Collection,Attack
A-02-SCN013-03-09,2026-01-14T11:45:00,Power Infrastructure,S02-CTRL01,powershell,1785,Collection,Attack
A-02-SCN013-04-00,2026-01-14T12:02:00,Power Infrastructure,S02-AUTH01,powershell,71,Reconnaissance,Attack
A-02-SCN013-04-01,2026-01-14T12:07:00,Power Infrastructure,S02-VPN01,wmic,26,Initial Access,Attack
A-02-SCN013-04-02,2026-01-14T12:12:00,Power Infrastructure,S02-BKP01,cmd,94,Credential Access,Attack
A-02-SCN013-04-03,2026-01-14T12:17:00,Power Infrastructure,S02-DB01,unknown,90,Discovery,Attack
A-02-SCN013-04-04,2026-01-14T12:21:00,Power Infrastructure,S02-MGMT01,cmd,62,Lateral Movement,Attack
A-02-SCN013-04-05,2026-01-14T12:28:00,Power Infrastructure,S02-WS01,service-host,391,Collection,Attack
A-02-SCN013-04-06,2026-01-14T12:32:00,Power Infrastructure,S02-AUTH01,curl,1756,Collection,Attack
A-02-SCN013-04-07,2026-01-14T12:36:00,Power Infrastructure,S02-VPN01,wmic,242,Collection,Attack
A-02-SCN013-04-08,2026-01-14T12:41:00,Power Infrastructure,S02-BKP01,powershell,960,Collection,Attack
A-02-SCN013-04-09,2026-01-14T12:48:00,Power Infrastructure,S02-DB01,service-host,693,Collection,Attack
A-02-SCN014-01-00,2026-01-14T09:00:00,Power Infrastructure,S02-GW01,ssh,88,Reconnaissance,Attack
A-02-SCN014-01-01,2026-01-14T09:08:00,Power Infrastructure,S02-DB01,unknown,19,Initial Access,Attack
A-02-SCN014-01-02,2026-01-14T09:12:00,Power Infrastructure,S02-VPN01,python,31,Execution,Attack
A-02-SCN014-01-03,2026-01-14T09:18:00,Power Infrastructure,S02-MGMT01,curl,71,Persistence,Attack
A-02-SCN014-01-04,2026-01-14T09:22:00,Power Infrastructure,S02-MON01,ssh,89,Privilege Escalation,Attack
A-02-SCN014-01-05,2026-01-14T09:27:00,Power Infrastructure,S02-WS01,service-host,3,Discovery,Attack
A-02-SCN014-01-06,2026-01-14T09:33:00,Power Infrastructure,S02-GW01,curl,8,Lateral Movement,Attack
A-02-SCN014-01-07,2026-01-14T09:36:00,Power Infrastructure,S02-DB01,service-host,61,Command and Control,Attack
A-02-SCN014-01-08,2026-01-14T09:40:00,Power Infrastructure,S02-VPN01,python,9,Command and Control,Attack
A-02-SCN014-01-09,2026-01-14T09:48:00,Power Infrastructure,S02-MGMT01,powershell,27,Command and Control,Attack
A-02-SCN014-02-00,2026-01-14T10:02:00,Power Infrastructure,S02-APP01,powershell,3,Reconnaissance,Attack
A-02-SCN014-02-01,2026-01-14T10:05:00,Power Infrastructure,S02-AUTH01,unknown,70,Initial Access,Attack
A-02-SCN014-02-02,2026-01-14T10:12:00,Power Infrastructure,S02-VPN01,python,83,Execution,Attack
A-02-SCN014-02-03,2026-01-14T10:16:00,Power Infrastructure,S02-DB01,python,72,Persistence,Attack
A-02-SCN014-02-04,2026-01-14T10:23:00,Power Infrastructure,S02-BKP01,wmic,2,Privilege Escalation,Attack
A-02-SCN014-02-05,2026-01-14T10:26:00,Power Infrastructure,S02-CTRL01,wmic,49,Discovery,Attack
A-02-SCN014-02-06,2026-01-14T10:33:00,Power Infrastructure,S02-APP01,cmd,57,Lateral Movement,Attack
A-02-SCN014-02-07,2026-01-14T10:38:00,Power Infrastructure,S02-AUTH01,python,30,Command and Control,Attack
A-02-SCN014-02-08,2026-01-14T10:40:00,Power Infrastructure,S02-VPN01,powershell,51,Command and Control,Attack
A-02-SCN014-02-09,2026-01-14T10:47:00,Power Infrastructure,S02-DB01,ssh,83,Command and Control,Attack
A-02-SCN014-03-00,2026-01-14T11:00:00,Power Infrastructure,S02-CTRL01,curl,7,Reconnaissance,Attack
A-02-SCN014-03-01,2026-01-14T11:08:00,Power Infrastructure,S02-GW01,wmic,48,Initial Access,Attack
A-02-SCN014-03-02,2026-01-14T11:11:00,Power Infrastructure,S02-APP01,cmd,24,Execution,Attack
A-02-SCN014-03-03,2026-01-14T11:15:00,Power Infrastructure,S02-BKP01,ssh,80,Persistence,Attack
A-02-SCN014-03-04,2026-01-14T11:23:00,Power Infrastructure,S02-WS01,curl,11,Privilege Escalation,Attack
A-02-SCN014-03-05,2026-01-14T11:26:00,Power Infrastructure,S02-AUTH01,powershell,40,Discovery,Attack
A-02-SCN014-03-06,2026-01-14T11:31:00,Power Infrastructure,S02-CTRL01,powershell,39,Lateral Movement,Attack
A-02-SCN014-03-07,2026-01-14T11:38:00,Power Infrastructure,S02-GW01,unknown,68,Command and Control,Attack
A-02-SCN014-03-08,2026-01-14T11:42:00,Power Infrastructure,S02-APP01,wmic,50,Command and Control,Attack
A-02-SCN014-03-09,2026-01-14T11:48:00,Power Infrastructure,S02-BKP01,wmic,39,Command and Control,Attack
A-02-SCN014-04-00,2026-01-14T12:02:00,Power Infrastructure,S02-CTRL01,python,98,Reconnaissance,Attack
A-02-SCN014-04-01,2026-01-14T12:08:00,Power Infrastructure,S02-GW01,cmd,9,Initial Access,Attack
A-02-SCN014-04-02,2026-01-14T12:10:00,Power Infrastructure,S02-WS01,ssh,81,Execution,Attack
A-02-SCN014-04-03,2026-01-14T12:15:00,Power Infrastructure,S02-BKP01,curl,40,Persistence,Attack
A-02-SCN014-04-04,2026-01-14T12:23:00,Power Infrastructure,S02-MGMT01,python,8,Privilege Escalation,Attack
A-02-SCN014-04-05,2026-01-14T12:25:00,Power Infrastructure,S02-DB01,curl,63,Discovery,Attack
A-02-SCN014-04-06,2026-01-14T12:30:00,Power Infrastructure,S02-CTRL01,curl,65,Lateral Movement,Attack
A-02-SCN014-04-07,2026-01-14T12:37:00,Power Infrastructure,S02-GW01,unknown,35,Command and Control,Attack
A-02-SCN014-04-08,2026-01-14T12:40:00,Power Infrastructure,S02-WS01,ssh,37,Command and Control,Attack
A-02-SCN014-04-09,2026-01-14T12:45:00,Power Infrastructure,S02-BKP01,service-host,83,Command and Control,Attack
A-02-SCN015-01-00,2026-01-14T09:02:00,Power Infrastructure,S02-DB01,ssh,13,Reconnaissance,Attack
A-02-SCN015-01-01,2026-01-14T09:05:00,Power Infrastructure,S02-AUTH01,ssh,45,Initial Access,Attack
A-02-SCN015-01-02,2026-01-14T09:13:00,Power Infrastructure,S02-GW01,service-host,48,Execution,Attack
A-02-SCN015-01-03,2026-01-14T09:15:00,Power Infrastructure,S02-WS01,ssh,0,Discovery,Attack
A-02-SCN015-01-04,2026-01-14T09:22:00,Power Infrastructure,S02-VPN01,wmic,71,Lateral Movement,Attack
A-02-SCN015-01-05,2026-01-14T09:25:00,Power Infrastructure,S02-MON01,service-host,1253,Impact,Attack
A-02-SCN015-01-06,2026-01-14T09:31:00,Power Infrastructure,S02-DB01,curl,195,Impact,Attack
A-02-SCN015-01-07,2026-01-14T09:35:00,Power Infrastructure,S02-AUTH01,ssh,751,Impact,Attack
A-02-SCN015-01-08,2026-01-14T09:43:00,Power Infrastructure,S02-GW01,unknown,1894,Impact,Attack
A-02-SCN015-01-09,2026-01-14T09:45:00,Power Infrastructure,S02-WS01,unknown,1392,Impact,Attack
A-02-SCN015-02-00,2026-01-14T10:01:00,Power Infrastructure,S02-BKP01,wmic,88,Reconnaissance,Attack
A-02-SCN015-02-01,2026-01-14T10:06:00,Power Infrastructure,S02-APP01,cmd,12,Initial Access,Attack
A-02-SCN015-02-02,2026-01-14T10:12:00,Power Infrastructure,S02-CTRL01,wmic,15,Execution,Attack
A-02-SCN015-02-03,2026-01-14T10:18:00,Power Infrastructure,S02-AUTH01,python,93,Discovery,Attack
A-02-SCN015-02-04,2026-01-14T10:23:00,Power Infrastructure,S02-WS01,unknown,33,Lateral Movement,Attack
A-02-SCN015-02-05,2026-01-14T10:28:00,Power Infrastructure,S02-DB01,unknown,1869,Impact,Attack
A-02-SCN015-02-06,2026-01-14T10:30:00,Power Infrastructure,S02-BKP01,curl,1439,Impact,Attack
A-02-SCN015-02-07,2026-01-14T10:35:00,Power Infrastructure,S02-APP01,curl,1595,Impact,Attack
A-02-SCN015-02-08,2026-01-14T10:40:00,Power Infrastructure,S02-CTRL01,unknown,1053,Impact,Attack
A-02-SCN015-02-09,2026-01-14T10:45:00,Power Infrastructure,S02-AUTH01,unknown,1050,Impact,Attack
A-02-SCN015-03-00,2026-01-14T11:03:00,Power Infrastructure,S02-WS01,service-host,84,Reconnaissance,Attack
A-02-SCN015-03-01,2026-01-14T11:06:00,Power Infrastructure,S02-BKP01,wmic,83,Initial Access,Attack
A-02-SCN015-03-02,2026-01-14T11:10:00,Power Infrastructure,S02-CTRL01,cmd,46,Execution,Attack
A-02-SCN015-03-03,2026-01-14T11:15:00,Power Infrastructure,S02-DB01,powershell,52,Discovery,Attack
A-02-SCN015-03-04,2026-01-14T11:20:00,Power Infrastructure,S02-APP01,powershell,34,Lateral Movement,Attack
A-02-SCN015-03-05,2026-01-14T11:27:00,Power Infrastructure,S02-AUTH01,curl,1367,Impact,Attack
A-02-SCN015-03-06,2026-01-14T11:32:00,Power Infrastructure,S02-WS01,unknown,1658,Impact,Attack
A-02-SCN015-03-07,2026-01-14T11:37:00,Power Infrastructure,S02-BKP01,unknown,513,Impact,Attack
A-02-SCN015-03-08,2026-01-14T11:41:00,Power Infrastructure,S02-CTRL01,unknown,94,Impact,Attack
A-02-SCN015-03-09,2026-01-14T11:47:00,Power Infrastructure,S02-DB01,python,1124,Impact,Attack
A-02-SCN015-04-00,2026-01-14T12:00:00,Power Infrastructure,S02-APP01,python,81,Reconnaissance,Attack
A-02-SCN015-04-01,2026-01-14T12:06:00,Power Infrastructure,S02-WS01,python,18,Initial Access,Attack
A-02-SCN015-04-02,2026-01-14T12:10:00,Power Infrastructure,S02-GW01,curl,49,Execution,Attack
A-02-SCN015-04-03,2026-01-14T12:15:00,Power Infrastructure,S02-CTRL01,wmic,27,Discovery,Attack
A-02-SCN015-04-04,2026-01-14T12:20:00,Power Infrastructure,S02-BKP01,curl,28,Lateral Movement,Attack
A-02-SCN015-04-05,2026-01-14T12:25:00,Power Infrastructure,S02-AUTH01,unknown,1037,Impact,Attack
A-02-SCN015-04-06,2026-01-14T12:30:00,Power Infrastructure,S02-APP01,wmic,1161,Impact,Attack
A-02-SCN015-04-07,2026-01-14T12:35:00,Power Infrastructure,S02-WS01,service-host,1108,Impact,Attack
A-02-SCN015-04-08,2026-01-14T12:41:00,Power Infrastructure,S02-GW01,curl,1858,Impact,Attack
A-02-SCN015-04-09,2026-01-14T12:46:00,Power Infrastructure,S02-CTRL01,unknown,573,Impact,Attack
A-02-SCN016-01-00,2026-01-14T09:01:00,Power Infrastructure,S02-APP01,python,84,Reconnaissance,Attack
A-02-SCN016-01-01,2026-01-14T09:05:00,Power Infrastructure,S02-WS01,wmic,24,Initial Access,Attack
A-02-SCN016-01-02,2026-01-14T09:12:00,Power Infrastructure,S02-DB01,curl,6,Execution,Attack
A-02-SCN016-01-03,2026-01-14T09:16:00,Power Infrastructure,S02-VPN01,curl,69,Discovery,Attack
A-02-SCN016-01-04,2026-01-14T09:22:00,Power Infrastructure,S02-GW01,ssh,67,Lateral Movement,Attack
A-02-SCN016-01-05,2026-01-14T09:27:00,Power Infrastructure,S02-MGMT01,cmd,445,Impact,Attack
A-02-SCN016-01-06,2026-01-14T09:33:00,Power Infrastructure,S02-APP01,curl,183,Impact,Attack
A-02-SCN016-01-07,2026-01-14T09:37:00,Power Infrastructure,S02-WS01,unknown,1664,Impact,Attack
A-02-SCN016-01-08,2026-01-14T09:41:00,Power Infrastructure,S02-DB01,python,667,Impact,Attack
A-02-SCN016-01-09,2026-01-14T09:47:00,Power Infrastructure,S02-VPN01,powershell,995,Impact,Attack
A-02-SCN016-02-00,2026-01-14T10:02:00,Power Infrastructure,S02-WS01,curl,47,Reconnaissance,Attack
A-02-SCN016-02-01,2026-01-14T10:08:00,Power Infrastructure,S02-BKP01,unknown,0,Initial Access,Attack
A-02-SCN016-02-02,2026-01-14T10:13:00,Power Infrastructure,S02-VPN01,cmd,58,Execution,Attack
A-02-SCN016-02-03,2026-01-14T10:15:00,Power Infrastructure,S02-AUTH01,wmic,41,Discovery,Attack
A-02-SCN016-02-04,2026-01-14T10:23:00,Power Infrastructure,S02-MGMT01,wmic,92,Lateral Movement,Attack
A-02-SCN016-02-05,2026-01-14T10:28:00,Power Infrastructure,S02-APP01,python,461,Impact,Attack
A-02-SCN016-02-06,2026-01-14T10:30:00,Power Infrastructure,S02-WS01,service-host,535,Impact,Attack
A-02-SCN016-02-07,2026-01-14T10:35:00,Power Infrastructure,S02-BKP01,powershell,1911,Impact,Attack
A-02-SCN016-02-08,2026-01-14T10:41:00,Power Infrastructure,S02-VPN01,curl,1252,Impact,Attack
A-02-SCN016-02-09,2026-01-14T10:45:00,Power Infrastructure,S02-AUTH01,cmd,45,Impact,Attack
A-02-SCN016-03-00,2026-01-14T11:02:00,Power Infrastructure,S02-AUTH01,unknown,55,Reconnaissance,Attack
A-02-SCN016-03-01,2026-01-14T11:07:00,Power Infrastructure,S02-APP01,cmd,70,Initial Access,Attack
A-02-SCN016-03-02,2026-01-14T11:11:00,Power Infrastructure,S02-DB01,curl,52,Execution,Attack
A-02-SCN016-03-03,2026-01-14T11:17:00,Power Infrastructure,S02-MON01,service-host,69,Discovery,Attack
A-02-SCN016-03-04,2026-01-14T11:23:00,Power Infrastructure,S02-WS01,ssh,33,Lateral Movement,Attack
A-02-SCN016-03-05,2026-01-14T11:27:00,Power Infrastructure,S02-MGMT01,wmic,1528,Impact,Attack
A-02-SCN016-03-06,2026-01-14T11:33:00,Power Infrastructure,S02-AUTH01,cmd,595,Impact,Attack
A-02-SCN016-03-07,2026-01-14T11:37:00,Power Infrastructure,S02-APP01,python,928,Impact,Attack
A-02-SCN016-03-08,2026-01-14T11:41:00,Power Infrastructure,S02-DB01,curl,1041,Impact,Attack
A-02-SCN016-03-09,2026-01-14T11:47:00,Power Infrastructure,S02-MON01,wmic,518,Impact,Attack
A-02-SCN016-04-00,2026-01-14T12:01:00,Power Infrastructure,S02-MON01,wmic,75,Reconnaissance,Attack
A-02-SCN016-04-01,2026-01-14T12:06:00,Power Infrastructure,S02-CTRL01,cmd,36,Initial Access,Attack
A-02-SCN016-04-02,2026-01-14T12:10:00,Power Infrastructure,S02-VPN01,python,30,Execution,Attack
A-02-SCN016-04-03,2026-01-14T12:16:00,Power Infrastructure,S02-AUTH01,curl,97,Discovery,Attack
A-02-SCN016-04-04,2026-01-14T12:22:00,Power Infrastructure,S02-APP01,cmd,72,Lateral Movement,Attack
A-02-SCN016-04-05,2026-01-14T12:28:00,Power Infrastructure,S02-DB01,curl,40,Impact,Attack
A-02-SCN016-04-06,2026-01-14T12:33:00,Power Infrastructure,S02-MON01,cmd,1028,Impact,Attack
A-02-SCN016-04-07,2026-01-14T12:35:00,Power Infrastructure,S02-CTRL01,curl,19,Impact,Attack
A-02-SCN016-04-08,2026-01-14T12:43:00,Power Infrastructure,S02-VPN01,wmic,1750,Impact,Attack
A-02-SCN016-04-09,2026-01-14T12:45:00,Power Infrastructure,S02-AUTH01,unknown,464,Impact,Attack
A-02-SCN017-01-00,2026-01-14T09:01:00,Power Infrastructure,S02-MON01,wmic,87,Reconnaissance,Attack
A-02-SCN017-01-01,2026-01-14T09:06:00,Power Infrastructure,S02-VPN01,python,57,Initial Access,Attack
A-02-SCN017-01-02,2026-01-14T09:11:00,Power Infrastructure,S02-AUTH01,python,41,Execution,Attack
A-02-SCN017-01-03,2026-01-14T09:18:00,Power Infrastructure,S02-GW01,curl,7,Persistence,Attack
A-02-SCN017-01-04,2026-01-14T09:23:00,Power Infrastructure,S02-CTRL01,wmic,2,Privilege Escalation,Attack
A-02-SCN017-01-05,2026-01-14T09:27:00,Power Infrastructure,S02-WS01,curl,77,Discovery,Attack
A-02-SCN017-01-06,2026-01-14T09:32:00,Power Infrastructure,S02-MON01,service-host,41,Lateral Movement,Attack
A-02-SCN017-01-07,2026-01-14T09:35:00,Power Infrastructure,S02-VPN01,wmic,98,Command and Control,Attack
A-02-SCN017-01-08,2026-01-14T09:40:00,Power Infrastructure,S02-AUTH01,curl,72,Command and Control,Attack
A-02-SCN017-01-09,2026-01-14T09:48:00,Power Infrastructure,S02-GW01,unknown,86,Command and Control,Attack
A-02-SCN017-02-00,2026-01-14T10:03:00,Power Infrastructure,S02-AUTH01,ssh,50,Reconnaissance,Attack
A-02-SCN017-02-01,2026-01-14T10:06:00,Power Infrastructure,S02-VPN01,curl,83,Initial Access,Attack
A-02-SCN017-02-02,2026-01-14T10:11:00,Power Infrastructure,S02-APP01,unknown,33,Execution,Attack
A-02-SCN017-02-03,2026-01-14T10:15:00,Power Infrastructure,S02-CTRL01,service-host,32,Persistence,Attack
A-02-SCN017-02-04,2026-01-14T10:23:00,Power Infrastructure,S02-GW01,powershell,84,Privilege Escalation,Attack
A-02-SCN017-02-05,2026-01-14T10:25:00,Power Infrastructure,S02-MGMT01,ssh,18,Discovery,Attack
A-02-SCN017-02-06,2026-01-14T10:33:00,Power Infrastructure,S02-AUTH01,wmic,0,Lateral Movement,Attack
A-02-SCN017-02-07,2026-01-14T10:37:00,Power Infrastructure,S02-VPN01,powershell,62,Command and Control,Attack
A-02-SCN017-02-08,2026-01-14T10:40:00,Power Infrastructure,S02-APP01,service-host,74,Command and Control,Attack
A-02-SCN017-02-09,2026-01-14T10:47:00,Power Infrastructure,S02-CTRL01,unknown,93,Command and Control,Attack
A-02-SCN017-03-00,2026-01-14T11:02:00,Power Infrastructure,S02-BKP01,service-host,43,Reconnaissance,Attack
A-02-SCN017-03-01,2026-01-14T11:06:00,Power Infrastructure,S02-CTRL01,wmic,17,Initial Access,Attack
A-02-SCN017-03-02,2026-01-14T11:10:00,Power Infrastructure,S02-WS01,wmic,74,Execution,Attack
A-02-SCN017-03-03,2026-01-14T11:15:00,Power Infrastructure,S02-MGMT01,service-host,39,Persistence,Attack
A-02-SCN017-03-04,2026-01-14T11:23:00,Power Infrastructure,S02-MON01,curl,9,Privilege Escalation,Attack
A-02-SCN017-03-05,2026-01-14T11:27:00,Power Infrastructure,S02-GW01,unknown,53,Discovery,Attack
A-02-SCN017-03-06,2026-01-14T11:30:00,Power Infrastructure,S02-BKP01,cmd,79,Lateral Movement,Attack
A-02-SCN017-03-07,2026-01-14T11:35:00,Power Infrastructure,S02-CTRL01,powershell,8,Command and Control,Attack
A-02-SCN017-03-08,2026-01-14T11:41:00,Power Infrastructure,S02-WS01,wmic,75,Command and Control,Attack
A-02-SCN017-03-09,2026-01-14T11:46:00,Power Infrastructure,S02-MGMT01,curl,94,Command and Control,Attack
A-02-SCN017-04-00,2026-01-14T12:01:00,Power Infrastructure,S02-WS01,curl,78,Reconnaissance,Attack
A-02-SCN017-04-01,2026-01-14T12:05:00,Power Infrastructure,S02-BKP01,unknown,74,Initial Access,Attack
A-02-SCN017-04-02,2026-01-14T12:13:00,Power Infrastructure,S02-DB01,python,87,Execution,Attack
A-02-SCN017-04-03,2026-01-14T12:16:00,Power Infrastructure,S02-MON01,ssh,60,Persistence,Attack
A-02-SCN017-04-04,2026-01-14T12:20:00,Power Infrastructure,S02-VPN01,ssh,96,Privilege Escalation,Attack
A-02-SCN017-04-05,2026-01-14T12:27:00,Power Infrastructure,S02-CTRL01,wmic,83,Discovery,Attack
A-02-SCN017-04-06,2026-01-14T12:30:00,Power Infrastructure,S02-WS01,cmd,36,Lateral Movement,Attack
A-02-SCN017-04-07,2026-01-14T12:35:00,Power Infrastructure,S02-BKP01,powershell,40,Command and Control,Attack
A-02-SCN017-04-08,2026-01-14T12:43:00,Power Infrastructure,S02-DB01,wmic,46,Command and Control,Attack
A-02-SCN017-04-09,2026-01-14T12:47:00,Power Infrastructure,S02-MON01,wmic,39,Command and Control,Attack
A-02-SCN018-01-00,2026-01-14T09:01:00,Power Infrastructure,S02-MGMT01,python,11,Reconnaissance,Attack
A-02-SCN018-01-01,2026-01-14T09:05:00,Power Infrastructure,S02-GW01,powershell,92,Initial Access,Attack
A-02-SCN018-01-02,2026-01-14T09:10:00,Power Infrastructure,S02-CTRL01,cmd,84,Execution,Attack
A-02-SCN018-01-03,2026-01-14T09:18:00,Power Infrastructure,S02-DB01,ssh,12,Persistence,Attack
A-02-SCN018-01-04,2026-01-14T09:22:00,Power Infrastructure,S02-MON01,ssh,55,Privilege Escalation,Attack
A-02-SCN018-01-05,2026-01-14T09:25:00,Power Infrastructure,S02-VPN01,ssh,81,Discovery,Attack
A-02-SCN018-01-06,2026-01-14T09:33:00,Power Infrastructure,S02-MGMT01,curl,30,Lateral Movement,Attack
A-02-SCN018-01-07,2026-01-14T09:36:00,Power Infrastructure,S02-GW01,wmic,85,Command and Control,Attack
A-02-SCN018-01-08,2026-01-14T09:43:00,Power Infrastructure,S02-CTRL01,ssh,21,Command and Control,Attack
A-02-SCN018-01-09,2026-01-14T09:45:00,Power Infrastructure,S02-DB01,curl,36,Command and Control,Attack
A-02-SCN018-02-00,2026-01-14T10:02:00,Power Infrastructure,S02-APP01,service-host,77,Reconnaissance,Attack
A-02-SCN018-02-01,2026-01-14T10:06:00,Power Infrastructure,S02-BKP01,wmic,88,Initial Access,Attack
A-02-SCN018-02-02,2026-01-14T10:13:00,Power Infrastructure,S02-CTRL01,python,86,Execution,Attack
A-02-SCN018-02-03,2026-01-14T10:17:00,Power Infrastructure,S02-GW01,ssh,84,Persistence,Attack
A-02-SCN018-02-04,2026-01-14T10:22:00,Power Infrastructure,S02-WS01,curl,74,Privilege Escalation,Attack
A-02-SCN018-02-05,2026-01-14T10:27:00,Power Infrastructure,S02-AUTH01,wmic,60,Discovery,Attack
A-02-SCN018-02-06,2026-01-14T10:32:00,Power Infrastructure,S02-APP01,powershell,29,Lateral Movement,Attack
A-02-SCN018-02-07,2026-01-14T10:36:00,Power Infrastructure,S02-BKP01,unknown,66,Command and Control,Attack
A-02-SCN018-02-08,2026-01-14T10:41:00,Power Infrastructure,S02-CTRL01,cmd,13,Command and Control,Attack
A-02-SCN018-02-09,2026-01-14T10:46:00,Power Infrastructure,S02-GW01,ssh,57,Command and Control,Attack
A-02-SCN018-03-00,2026-01-14T11:02:00,Power Infrastructure,S02-GW01,powershell,85,Reconnaissance,Attack
A-02-SCN018-03-01,2026-01-14T11:05:00,Power Infrastructure,S02-WS01,cmd,28,Initial Access,Attack
A-02-SCN018-03-02,2026-01-14T11:13:00,Power Infrastructure,S02-VPN01,service-host,12,Execution,Attack
A-02-SCN018-03-03,2026-01-14T11:15:00,Power Infrastructure,S02-DB01,python,62,Persistence,Attack
A-02-SCN018-03-04,2026-01-14T11:23:00,Power Infrastructure,S02-APP01,powershell,61,Privilege Escalation,Attack
A-02-SCN018-03-05,2026-01-14T11:26:00,Power Infrastructure,S02-AUTH01,cmd,17,Discovery,Attack
A-02-SCN018-03-06,2026-01-14T11:30:00,Power Infrastructure,S02-GW01,wmic,29,Lateral Movement,Attack
A-02-SCN018-03-07,2026-01-14T11:37:00,Power Infrastructure,S02-WS01,python,4,Command and Control,Attack
A-02-SCN018-03-08,2026-01-14T11:42:00,Power Infrastructure,S02-VPN01,curl,76,Command and Control,Attack
A-02-SCN018-03-09,2026-01-14T11:46:00,Power Infrastructure,S02-DB01,python,45,Command and Control,Attack
A-02-SCN018-04-00,2026-01-14T12:00:00,Power Infrastructure,S02-WS01,powershell,52,Reconnaissance,Attack
A-02-SCN018-04-01,2026-01-14T12:05:00,Power Infrastructure,S02-VPN01,cmd,11,Initial Access,Attack
A-02-SCN018-04-02,2026-01-14T12:10:00,Power Infrastructure,S02-CTRL01,python,99,Execution,Attack
A-02-SCN018-04-03,2026-01-14T12:18:00,Power Infrastructure,S02-GW01,service-host,51,Persistence,Attack
A-02-SCN018-04-04,2026-01-14T12:23:00,Power Infrastructure,S02-BKP01,curl,85,Privilege Escalation,Attack
A-02-SCN018-04-05,2026-01-14T12:26:00,Power Infrastructure,S02-MGMT01,python,73,Discovery,Attack
A-02-SCN018-04-06,2026-01-14T12:30:00,Power Infrastructure,S02-WS01,ssh,71,Lateral Movement,Attack
A-02-SCN018-04-07,2026-01-14T12:35:00,Power Infrastructure,S02-VPN01,wmic,72,Command and Control,Attack
A-02-SCN018-04-08,2026-01-14T12:40:00,Power Infrastructure,S02-CTRL01,service-host,46,Command and Control,Attack
A-02-SCN018-04-09,2026-01-14T12:46:00,Power Infrastructure,S02-GW01,cmd,3,Command and Control,Attack
A-02-SCN019-01-00,2026-01-14T09:03:00,Power Infrastructure,S02-MGMT01,ssh,89,Reconnaissance,Attack
A-02-SCN019-01-01,2026-01-14T09:05:00,Power Infrastructure,S02-BKP01,ssh,45,Initial Access,Attack
A-02-SCN019-01-02,2026-01-14T09:12:00,Power Infrastructure,S02-DB01,unknown,20,Execution,Attack
A-02-SCN019-01-03,2026-01-14T09:18:00,Power Infrastructure,S02-VPN01,cmd,52,Persistence,Attack
A-02-SCN019-01-04,2026-01-14T09:23:00,Power Infrastructure,S02-CTRL01,cmd,55,Privilege Escalation,Attack
A-02-SCN019-01-05,2026-01-14T09:27:00,Power Infrastructure,S02-WS01,unknown,74,Discovery,Attack
A-02-SCN019-01-06,2026-01-14T09:32:00,Power Infrastructure,S02-MGMT01,unknown,26,Lateral Movement,Attack
A-02-SCN019-01-07,2026-01-14T09:35:00,Power Infrastructure,S02-BKP01,powershell,97,Command and Control,Attack
A-02-SCN019-01-08,2026-01-14T09:42:00,Power Infrastructure,S02-DB01,powershell,70,Command and Control,Attack
A-02-SCN019-01-09,2026-01-14T09:48:00,Power Infrastructure,S02-VPN01,service-host,19,Command and Control,Attack
A-02-SCN019-02-00,2026-01-14T10:03:00,Power Infrastructure,S02-DB01,ssh,93,Reconnaissance,Attack
A-02-SCN019-02-01,2026-01-14T10:06:00,Power Infrastructure,S02-WS01,cmd,35,Initial Access,Attack
A-02-SCN019-02-02,2026-01-14T10:12:00,Power Infrastructure,S02-CTRL01,unknown,56,Execution,Attack
A-02-SCN019-02-03,2026-01-14T10:16:00,Power Infrastructure,S02-VPN01,ssh,12,Persistence,Attack
A-02-SCN019-02-04,2026-01-14T10:22:00,Power Infrastructure,S02-MGMT01,python,7,Privilege Escalation,Attack
A-02-SCN019-02-05,2026-01-14T10:26:00,Power Infrastructure,S02-APP01,unknown,65,Discovery,Attack
A-02-SCN019-02-06,2026-01-14T10:32:00,Power Infrastructure,S02-DB01,unknown,11,Lateral Movement,Attack
A-02-SCN019-02-07,2026-01-14T10:38:00,Power Infrastructure,S02-WS01,powershell,84,Command and Control,Attack
A-02-SCN019-02-08,2026-01-14T10:42:00,Power Infrastructure,S02-CTRL01,cmd,51,Command and Control,Attack
A-02-SCN019-02-09,2026-01-14T10:45:00,Power Infrastructure,S02-VPN01,curl,6,Command and Control,Attack
A-02-SCN019-03-00,2026-01-14T11:02:00,Power Infrastructure,S02-APP01,cmd,19,Reconnaissance,Attack
A-02-SCN019-03-01,2026-01-14T11:07:00,Power Infrastructure,S02-MGMT01,powershell,33,Initial Access,Attack
A-02-SCN019-03-02,2026-01-14T11:10:00,Power Infrastructure,S02-DB01,unknown,62,Execution,Attack
A-02-SCN019-03-03,2026-01-14T11:15:00,Power Infrastructure,S02-GW01,unknown,80,Persistence,Attack
A-02-SCN019-03-04,2026-01-14T11:20:00,Power Infrastructure,S02-VPN01,curl,37,Privilege Escalation,Attack
A-02-SCN019-03-05,2026-01-14T11:26:00,Power Infrastructure,S02-BKP01,service-host,46,Discovery,Attack
A-02-SCN019-03-06,2026-01-14T11:33:00,Power Infrastructure,S02-APP01,wmic,10,Lateral Movement,Attack
A-02-SCN019-03-07,2026-01-14T11:38:00,Power Infrastructure,S02-MGMT01,powershell,61,Command and Control,Attack
A-02-SCN019-03-08,2026-01-14T11:40:00,Power Infrastructure,S02-DB01,unknown,14,Command and Control,Attack
A-02-SCN019-03-09,2026-01-14T11:47:00,Power Infrastructure,S02-GW01,cmd,75,Command and Control,Attack
A-02-SCN019-04-00,2026-01-14T12:00:00,Power Infrastructure,S02-CTRL01,cmd,51,Reconnaissance,Attack
A-02-SCN019-04-01,2026-01-14T12:06:00,Power Infrastructure,S02-WS01,service-host,19,Initial Access,Attack
A-02-SCN019-04-02,2026-01-14T12:13:00,Power Infrastructure,S02-VPN01,service-host,46,Execution,Attack
A-02-SCN019-04-03,2026-01-14T12:15:00,Power Infrastructure,S02-MGMT01,ssh,81,Persistence,Attack
A-02-SCN019-04-04,2026-01-14T12:20:00,Power Infrastructure,S02-DB01,curl,4,Privilege Escalation,Attack
A-02-SCN019-04-05,2026-01-14T12:28:00,Power Infrastructure,S02-BKP01,wmic,1,Discovery,Attack
A-02-SCN019-04-06,2026-01-14T12:31:00,Power Infrastructure,S02-CTRL01,powershell,62,Lateral Movement,Attack
A-02-SCN019-04-07,2026-01-14T12:37:00,Power Infrastructure,S02-WS01,wmic,28,Command and Control,Attack
A-02-SCN019-04-08,2026-01-14T12:41:00,Power Infrastructure,S02-VPN01,cmd,92,Command and Control,Attack
A-02-SCN019-04-09,2026-01-14T12:47:00,Power Infrastructure,S02-MGMT01,python,42,Command and Control,Attack
A-02-SCN020-01-00,2026-01-14T09:03:00,Power Infrastructure,S02-BKP01,ssh,52,Reconnaissance,Attack
A-02-SCN020-01-01,2026-01-14T09:06:00,Power Infrastructure,S02-DB01,unknown,24,Initial Access,Attack
A-02-SCN020-01-02,2026-01-14T09:13:00,Power Infrastructure,S02-VPN01,service-host,13,Execution,Attack
A-02-SCN020-01-03,2026-01-14T09:17:00,Power Infrastructure,S02-CTRL01,wmic,13,Persistence,Attack
A-02-SCN020-01-04,2026-01-14T09:23:00,Power Infrastructure,S02-APP01,curl,59,Privilege Escalation,Attack
A-02-SCN020-01-05,2026-01-14T09:25:00,Power Infrastructure,S02-MON01,cmd,24,Discovery,Attack
A-02-SCN020-01-06,2026-01-14T09:30:00,Power Infrastructure,S02-BKP01,wmic,72,Lateral Movement,Attack
A-02-SCN020-01-07,2026-01-14T09:38:00,Power Infrastructure,S02-DB01,unknown,39,Command and Control,Attack
A-02-SCN020-01-08,2026-01-14T09:41:00,Power Infrastructure,S02-VPN01,ssh,27,Command and Control,Attack
A-02-SCN020-01-09,2026-01-14T09:45:00,Power Infrastructure,S02-CTRL01,powershell,24,Command and Control,Attack
A-02-SCN020-02-00,2026-01-14T10:01:00,Power Infrastructure,S02-WS01,cmd,92,Reconnaissance,Attack
A-02-SCN020-02-01,2026-01-14T10:05:00,Power Infrastructure,S02-BKP01,cmd,30,Initial Access,Attack
A-02-SCN020-02-02,2026-01-14T10:13:00,Power Infrastructure,S02-MGMT01,python,25,Execution,Attack
A-02-SCN020-02-03,2026-01-14T10:15:00,Power Infrastructure,S02-CTRL01,cmd,32,Persistence,Attack
A-02-SCN020-02-04,2026-01-14T10:20:00,Power Infrastructure,S02-DB01,unknown,19,Privilege Escalation,Attack
A-02-SCN020-02-05,2026-01-14T10:27:00,Power Infrastructure,S02-MON01,service-host,12,Discovery,Attack
A-02-SCN020-02-06,2026-01-14T10:32:00,Power Infrastructure,S02-WS01,wmic,17,Lateral Movement,Attack
A-02-SCN020-02-07,2026-01-14T10:36:00,Power Infrastructure,S02-BKP01,ssh,71,Command and Control,Attack
A-02-SCN020-02-08,2026-01-14T10:42:00,Power Infrastructure,S02-MGMT01,python,36,Command and Control,Attack
A-02-SCN020-02-09,2026-01-14T10:48:00,Power Infrastructure,S02-CTRL01,service-host,92,Command and Control,Attack
A-02-SCN020-03-00,2026-01-14T11:02:00,Power Infrastructure,S02-DB01,unknown,63,Reconnaissance,Attack
A-02-SCN020-03-01,2026-01-14T11:06:00,Power Infrastructure,S02-GW01,service-host,85,Initial Access,Attack
A-02-SCN020-03-02,2026-01-14T11:12:00,Power Infrastructure,S02-VPN01,cmd,17,Execution,Attack
A-02-SCN020-03-03,2026-01-14T11:18:00,Power Infrastructure,S02-MON01,curl,43,Persistence,Attack
A-02-SCN020-03-04,2026-01-14T11:22:00,Power Infrastructure,S02-CTRL01,cmd,93,Privilege Escalation,Attack
A-02-SCN020-03-05,2026-01-14T11:26:00,Power Infrastructure,S02-WS01,wmic,63,Discovery,Attack
A-02-SCN020-03-06,2026-01-14T11:32:00,Power Infrastructure,S02-DB01,unknown,52,Lateral Movement,Attack
A-02-SCN020-03-07,2026-01-14T11:38:00,Power Infrastructure,S02-GW01,powershell,45,Command and Control,Attack
A-02-SCN020-03-08,2026-01-14T11:42:00,Power Infrastructure,S02-VPN01,cmd,48,Command and Control,Attack
A-02-SCN020-03-09,2026-01-14T11:47:00,Power Infrastructure,S02-MON01,cmd,78,Command and Control,Attack
A-02-SCN020-04-00,2026-01-14T12:02:00,Power Infrastructure,S02-WS01,unknown,40,Reconnaissance,Attack
A-02-SCN020-04-01,2026-01-14T12:07:00,Power Infrastructure,S02-DB01,wmic,49,Initial Access,Attack
A-02-SCN020-04-02,2026-01-14T12:11:00,Power Infrastructure,S02-MGMT01,service-host,61,Execution,Attack
A-02-SCN020-04-03,2026-01-14T12:16:00,Power Infrastructure,S02-VPN01,unknown,35,Persistence,Attack
A-02-SCN020-04-04,2026-01-14T12:22:00,Power Infrastructure,S02-CTRL01,wmic,21,Privilege Escalation,Attack
A-02-SCN020-04-05,2026-01-14T12:28:00,Power Infrastructure,S02-AUTH01,unknown,63,Discovery,Attack
A-02-SCN020-04-06,2026-01-14T12:32:00,Power Infrastructure,S02-WS01,service-host,66,Lateral Movement,Attack
A-02-SCN020-04-07,2026-01-14T12:38:00,Power Infrastructure,S02-DB01,curl,21,Command and Control,Attack
A-02-SCN020-04-08,2026-01-14T12:43:00,Power Infrastructure,S02-MGMT01,unknown,85,Command and Control,Attack
A-02-SCN020-04-09,2026-01-14T12:47:00,Power Infrastructure,S02-VPN01,unknown,100,Command and Control,Attack
N-03-00000,2026-01-16T08:19:17,Telecom,S03-APP01,svchost,16,Normal,Normal
N-03-00001,2026-01-16T01:22:28,Telecom,S03-MGMT01,nginx,8,Normal,Normal
N-03-00002,2026-01-10T18:14:27,Telecom,S03-WS01,java,12,Normal,Normal
N-03-00003,2026-01-11T15:43:24,Telecom,S03-MGMT01,svchost,16,Normal,Normal
N-03-00004,2026-01-19T08:41:48,Telecom,S03-MGMT01,java,14,Normal,Normal
N-03-00005,2026-01-08T15:50:13,Telecom,S03-DB01,svchost,12,Normal,Normal
N-03-00006,2026-01-15T01:48:03,Telecom,S03-APP01,python,19,Normal,Normal
N-03-00007,2026-01-13T20:06:29,Telecom,S03-BKP01,powershell,19,Normal,Normal
N-03-00008,2026-01-18T04:34:25,Telecom,S03-BKP01,powershell,0,Normal,Normal
N-03-00009,2026-01-20T17:19:48,Telecom,S03-APP01,python,20,Normal,Normal
N-03-00010,2026-01-11T13:25:05,Telecom,S03-APP01,python,2,Normal,Normal
N-03-00011,2026-01-12T23:58:46,Telecom,S03-MGMT01,python,2,Normal,Normal
N-03-00012,2026-01-15T02:19:48,Telecom,S03-MGMT01,python,2,Normal,Normal
N-03-00013,2026-01-20T21:44:05,Telecom,S03-WS01,python,11,Normal,Normal
N-03-00014,2026-01-07T16:59:43,Telecom,S03-VPN01,python,13,Normal,Normal
N-03-00015,2026-01-09T05:48:37,Telecom,S03-APP01,java,5,Normal,Normal
N-03-00016,2026-01-14T23:10:36,Telecom,S03-MGMT01,java,13,Normal,Normal
N-03-00017,2026-01-06T16:13:39,Telecom,S03-VPN01,python,8,Normal,Normal
N-03-00018,2026-01-21T03:11:06,Telecom,S03-APP01,powershell,4,Normal,Normal
N-03-00019,2026-01-07T16:14:15,Telecom,S03-DB01,powershell,0,Normal,Normal
N-03-00020,2026-01-17T11:27:16,Telecom,S03-GW01,java,18,Normal,Normal
N-03-00021,2026-01-01T20:43:49,Telecom,S03-DB01,nginx,13,Normal,Normal
N-03-00022,2026-01-20T15:46:01,Telecom,S03-MON01,python,16,Normal,Normal
N-03-00023,2026-01-18T02:00:31,Telecom,S03-BKP01,svchost,11,Normal,Normal
N-03-00024,2026-01-19T08:35:48,Telecom,S03-DB01,java,18,Normal,Normal
N-03-00025,2026-01-04T02:38:13,Telecom,S03-CTRL01,python,4,Normal,Normal
N-03-00026,2026-01-04T15:34:37,Telecom,S03-APP01,python,10,Normal,Normal
N-03-00027,2026-01-08T12:33:40,Telecom,S03-BKP01,nginx,9,Normal,Normal
N-03-00028,2026-01-05T23:35:45,Telecom,S03-CTRL01,svchost,15,Normal,Normal
N-03-00029,2026-01-20T23:51:35,Telecom,S03-BKP01,powershell,5,Normal,Normal
N-03-00030,2026-01-04T02:22:35,Telecom,S03-APP01,powershell,12,Normal,Normal
N-03-00031,2026-01-02T15:16:08,Telecom,S03-GW01,python,2,Normal,Normal
N-03-00032,2026-01-08T13:22:39,Telecom,S03-APP01,java,3,Normal,Normal
N-03-00033,2026-01-20T02:53:04,Telecom,S03-GW01,python,2,Normal,Normal
N-03-00034,2026-01-01T10:40:04,Telecom,S03-CTRL01,python,17,Normal,Normal
N-03-00035,2026-01-18T01:51:53,Telecom,S03-GW01,svchost,3,Normal,Normal
N-03-00036,2026-01-02T03:23:56,Telecom,S03-MON01,powershell,2,Normal,Normal
N-03-00037,2026-01-14T05:41:40,Telecom,S03-DB01,nginx,0,Normal,Normal
N-03-00038,2026-01-08T02:59:06,Telecom,S03-GW01,powershell,20,Normal,Normal
N-03-00039,2026-01-12T23:00:45,Telecom,S03-MGMT01,python,16,Normal,Normal
N-03-00040,2026-01-10T13:42:47,Telecom,S03-VPN01,svchost,20,Normal,Normal
N-03-00041,2026-01-16T15:53:40,Telecom,S03-AUTH01,nginx,7,Normal,Normal
N-03-00042,2026-01-06T12:14:18,Telecom,S03-BKP01,powershell,0,Normal,Normal
N-03-00043,2026-01-02T11:09:09,Telecom,S03-VPN01,nginx,1,Normal,Normal
N-03-00044,2026-01-14T04:50:33,Telecom,S03-CTRL01,nginx,15,Normal,Normal
N-03-00045,2026-01-01T14:57:10,Telecom,S03-GW01,nginx,15,Normal,Normal
N-03-00046,2026-01-16T18:48:02,Telecom,S03-MGMT01,nginx,17,Normal,Normal
N-03-00047,2026-01-16T03:55:42,Telecom,S03-AUTH01,nginx,17,Normal,Normal
N-03-00048,2026-01-02T15:39:47,Telecom,S03-WS01,powershell,3,Normal,Normal
N-03-00049,2026-01-13T08:44:43,Telecom,S03-WS01,java,19,Normal,Normal
N-03-00050,2026-01-05T18:21:00,Telecom,S03-GW01,nginx,18,Normal,Normal
N-03-00051,2026-01-08T19:20:00,Telecom,S03-APP01,svchost,13,Normal,Normal
N-03-00052,2026-01-13T21:37:41,Telecom,S03-MON01,svchost,6,Normal,Normal
N-03-00053,2026-01-06T12:42:31,Telecom,S03-AUTH01,svchost,16,Normal,Normal
N-03-00054,2026-01-14T11:16:49,Telecom,S03-DB01,svchost,7,Normal,Normal
N-03-00055,2026-01-17T22:04:42,Telecom,S03-MON01,svchost,17,Normal,Normal
N-03-00056,2026-01-04T03:54:04,Telecom,S03-AUTH01,powershell,14,Normal,Normal
N-03-00057,2026-01-16T04:01:06,Telecom,S03-DB01,python,11,Normal,Normal
N-03-00058,2026-01-18T01:50:56,Telecom,S03-MON01,python,16,Normal,Normal
N-03-00059,2026-01-02T19:49:29,Telecom,S03-AUTH01,java,16,Normal,Normal
N-03-00060,2026-01-09T01:20:00,Telecom,S03-GW01,python,3,Normal,Normal
N-03-00061,2026-01-17T21:37:30,Telecom,S03-DB01,nginx,13,Normal,Normal
N-03-00062,2026-01-06T21:26:32,Telecom,S03-GW01,nginx,7,Normal,Normal
N-03-00063,2026-01-10T19:58:30,Telecom,S03-CTRL01,powershell,7,Normal,Normal
N-03-00064,2026-01-06T21:50:52,Telecom,S03-CTRL01,java,1,Normal,Normal
N-03-00065,2026-01-13T21:45:01,Telecom,S03-BKP01,python,6,Normal,Normal
N-03-00066,2026-01-07T19:37:35,Telecom,S03-BKP01,svchost,6,Normal,Normal
N-03-00067,2026-01-15T21:51:04,Telecom,S03-CTRL01,svchost,11,Normal,Normal
N-03-00068,2026-01-20T22:01:32,Telecom,S03-BKP01,python,6,Normal,Normal
N-03-00069,2026-01-08T10:25:34,Telecom,S03-MON01,python,5,Normal,Normal
N-03-00070,2026-01-19T07:09:37,Telecom,S03-CTRL01,powershell,6,Normal,Normal
N-03-00071,2026-01-03T09:10:40,Telecom,S03-MON01,python,6,Normal,Normal
N-03-00072,2026-01-16T18:30:05,Telecom,S03-CTRL01,powershell,15,Normal,Normal
N-03-00073,2026-01-09T22:27:13,Telecom,S03-WS01,powershell,3,Normal,Normal
N-03-00074,2026-01-01T11:37:49,Telecom,S03-GW01,powershell,12,Normal,Normal
N-03-00075,2026-01-17T07:35:37,Telecom,S03-CTRL01,java,13,Normal,Normal
N-03-00076,2026-01-05T18:08:15,Telecom,S03-GW01,nginx,6,Normal,Normal
N-03-00077,2026-01-08T07:00:33,Telecom,S03-BKP01,powershell,9,Normal,Normal
N-03-00078,2026-01-16T22:55:10,Telecom,S03-DB01,svchost,20,Normal,Normal
N-03-00079,2026-01-09T06:18:28,Telecom,S03-DB01,python,20,Normal,Normal
N-03-00080,2026-01-17T16:57:08,Telecom,S03-DB01,nginx,5,Normal,Normal
N-03-00081,2026-01-08T02:49:13,Telecom,S03-VPN01,python,19,Normal,Normal
N-03-00082,2026-01-15T01:03:55,Telecom,S03-CTRL01,svchost,8,Normal,Normal
N-03-00083,2026-01-02T13:06:28,Telecom,S03-AUTH01,nginx,14,Normal,Normal
N-03-00084,2026-01-21T04:16:39,Telecom,S03-MGMT01,powershell,17,Normal,Normal
N-03-00085,2026-01-11T18:42:00,Telecom,S03-MON01,java,2,Normal,Normal
N-03-00086,2026-01-02T20:37:33,Telecom,S03-MON01,java,13,Normal,Normal
N-03-00087,2026-01-16T22:00:52,Telecom,S03-AUTH01,powershell,7,Normal,Normal
N-03-00088,2026-01-07T20:53:06,Telecom,S03-WS01,svchost,10,Normal,Normal
N-03-00089,2026-01-15T17:41:22,Telecom,S03-GW01,powershell,20,Normal,Normal
N-03-00090,2026-01-13T00:43:44,Telecom,S03-MON01,python,9,Normal,Normal
N-03-00091,2026-01-03T11:09:35,Telecom,S03-AUTH01,powershell,2,Normal,Normal
N-03-00092,2026-01-16T13:01:11,Telecom,S03-MON01,java,13,Normal,Normal
N-03-00093,2026-01-16T16:34:03,Telecom,S03-WS01,svchost,4,Normal,Normal
N-03-00094,2026-01-19T16:14:47,Telecom,S03-VPN01,python,2,Normal,Normal
N-03-00095,2026-01-01T18:04:23,Telecom,S03-VPN01,svchost,3,Normal,Normal
N-03-00096,2026-01-18T21:13:37,Telecom,S03-APP01,nginx,10,Normal,Normal
N-03-00097,2026-01-02T17:24:37,Telecom,S03-WS01,python,5,Normal,Normal
N-03-00098,2026-01-01T21:42:57,Telecom,S03-BKP01,java,7,Normal,Normal
N-03-00099,2026-01-15T00:58:37,Telecom,S03-CTRL01,java,16,Normal,Normal
N-03-00100,2026-01-13T03:07:12,Telecom,S03-DB01,svchost,20,Normal,Normal
N-03-00101,2026-01-06T02:15:58,Telecom,S03-MON01,python,1,Normal,Normal
N-03-00102,2026-01-06T01:40:37,Telecom,S03-MON01,nginx,17,Normal,Normal
N-03-00103,2026-01-04T01:58:04,Telecom,S03-CTRL01,nginx,0,Normal,Normal
N-03-00104,2026-01-09T05:16:11,Telecom,S03-MON01,nginx,10,Normal,Normal
N-03-00105,2026-01-02T16:26:53,Telecom,S03-AUTH01,java,9,Normal,Normal
N-03-00106,2026-01-07T17:20:30,Telecom,S03-BKP01,nginx,14,Normal,Normal
N-03-00107,2026-01-12T19:07:42,Telecom,S03-AUTH01,svchost,11,Normal,Normal
N-03-00108,2026-01-06T11:01:51,Telecom,S03-MON01,powershell,5,Normal,Normal
N-03-00109,2026-01-13T13:50:00,Telecom,S03-DB01,powershell,14,Normal,Normal
N-03-00110,2026-01-19T19:42:45,Telecom,S03-MGMT01,nginx,15,Normal,Normal
N-03-00111,2026-01-06T10:56:43,Telecom,S03-AUTH01,java,1,Normal,Normal
N-03-00112,2026-01-16T20:08:53,Telecom,S03-BKP01,nginx,10,Normal,Normal
N-03-00113,2026-01-12T08:19:12,Telecom,S03-AUTH01,java,11,Normal,Normal
N-03-00114,2026-01-11T01:35:35,Telecom,S03-CTRL01,svchost,1,Normal,Normal
N-03-00115,2026-01-16T12:51:41,Telecom,S03-DB01,nginx,20,Normal,Normal
N-03-00116,2026-01-12T12:19:09,Telecom,S03-WS01,svchost,5,Normal,Normal
N-03-00117,2026-01-03T07:33:20,Telecom,S03-VPN01,java,10,Normal,Normal
N-03-00118,2026-01-02T17:26:44,Telecom,S03-BKP01,powershell,7,Normal,Normal
N-03-00119,2026-01-07T20:13:31,Telecom,S03-GW01,python,1,Normal,Normal
N-03-00120,2026-01-09T06:17:16,Telecom,S03-VPN01,powershell,0,Normal,Normal
N-03-00121,2026-01-15T12:10:28,Telecom,S03-WS01,java,2,Normal,Normal
N-03-00122,2026-01-02T23:24:29,Telecom,S03-MON01,nginx,15,Normal,Normal
N-03-00123,2026-01-08T10:36:34,Telecom,S03-BKP01,java,8,Normal,Normal
N-03-00124,2026-01-07T20:42:52,Telecom,S03-MGMT01,powershell,3,Normal,Normal
N-03-00125,2026-01-02T01:48:41,Telecom,S03-APP01,svchost,2,Normal,Normal
N-03-00126,2026-01-12T11:31:44,Telecom,S03-AUTH01,python,5,Normal,Normal
N-03-00127,2026-01-20T22:53:25,Telecom,S03-AUTH01,python,14,Normal,Normal
N-03-00128,2026-01-01T15:47:59,Telecom,S03-AUTH01,nginx,0,Normal,Normal
N-03-00129,2026-01-11T17:04:34,Telecom,S03-MGMT01,java,5,Normal,Normal
N-03-00130,2026-01-09T22:41:41,Telecom,S03-DB01,python,9,Normal,Normal
N-03-00131,2026-01-10T15:18:13,Telecom,S03-AUTH01,java,7,Normal,Normal
N-03-00132,2026-01-20T15:45:33,Telecom,S03-MGMT01,java,0,Normal,Normal
N-03-00133,2026-01-03T07:07:17,Telecom,S03-AUTH01,python,2,Normal,Normal
N-03-00134,2026-01-15T08:24:07,Telecom,S03-APP01,python,12,Normal,Normal
N-03-00135,2026-01-20T10:54:01,Telecom,S03-MGMT01,java,19,Normal,Normal
N-03-00136,2026-01-09T03:47:52,Telecom,S03-AUTH01,java,9,Normal,Normal
N-03-00137,2026-01-19T04:33:30,Telecom,S03-CTRL01,java,9,Normal,Normal
N-03-00138,2026-01-12T08:32:18,Telecom,S03-VPN01,nginx,16,Normal,Normal
N-03-00139,2026-01-18T23:11:08,Telecom,S03-GW01,powershell,14,Normal,Normal
N-03-00140,2026-01-09T05:31:08,Telecom,S03-MGMT01,java,1,Normal,Normal
N-03-00141,2026-01-05T07:59:21,Telecom,S03-GW01,powershell,11,Normal,Normal
N-03-00142,2026-01-16T11:55:47,Telecom,S03-GW01,powershell,10,Normal,Normal
N-03-00143,2026-01-05T01:18:11,Telecom,S03-CTRL01,svchost,14,Normal,Normal
N-03-00144,2026-01-19T22:41:12,Telecom,S03-MON01,powershell,15,Normal,Normal
N-03-00145,2026-01-13T11:12:37,Telecom,S03-BKP01,nginx,19,Normal,Normal
N-03-00146,2026-01-05T00:46:46,Telecom,S03-BKP01,java,20,Normal,Normal
N-03-00147,2026-01-08T23:30:39,Telecom,S03-VPN01,python,7,Normal,Normal
N-03-00148,2026-01-03T19:35:10,Telecom,S03-MGMT01,java,14,Normal,Normal
N-03-00149,2026-01-08T21:49:06,Telecom,S03-WS01,nginx,1,Normal,Normal
N-03-00150,2026-01-19T02:37:40,Telecom,S03-BKP01,svchost,20,Normal,Normal
N-03-00151,2026-01-16T10:36:31,Telecom,S03-AUTH01,nginx,8,Normal,Normal
N-03-00152,2026-01-09T14:36:10,Telecom,S03-WS01,nginx,0,Normal,Normal
N-03-00153,2026-01-16T06:16:33,Telecom,S03-WS01,powershell,12,Normal,Normal
N-03-00154,2026-01-09T18:24:37,Telecom,S03-DB01,svchost,19,Normal,Normal
N-03-00155,2026-01-15T15:52:24,Telecom,S03-AUTH01,python,19,Normal,Normal
N-03-00156,2026-01-08T16:26:34,Telecom,S03-GW01,nginx,13,Normal,Normal
N-03-00157,2026-01-20T09:43:54,Telecom,S03-CTRL01,python,13,Normal,Normal
N-03-00158,2026-01-01T09:04:45,Telecom,S03-APP01,java,4,Normal,Normal
N-03-00159,2026-01-15T01:38:10,Telecom,S03-MON01,svchost,13,Normal,Normal
N-03-00160,2026-01-18T02:14:44,Telecom,S03-AUTH01,java,0,Normal,Normal
N-03-00161,2026-01-14T22:16:03,Telecom,S03-MON01,svchost,5,Normal,Normal
N-03-00162,2026-01-07T23:11:20,Telecom,S03-CTRL01,java,5,Normal,Normal
N-03-00163,2026-01-13T09:29:54,Telecom,S03-AUTH01,nginx,8,Normal,Normal
N-03-00164,2026-01-05T05:48:19,Telecom,S03-WS01,python,6,Normal,Normal
N-03-00165,2026-01-07T16:00:07,Telecom,S03-DB01,powershell,10,Normal,Normal
N-03-00166,2026-01-09T13:22:36,Telecom,S03-VPN01,python,9,Normal,Normal
N-03-00167,2026-01-10T07:04:43,Telecom,S03-VPN01,java,14,Normal,Normal
N-03-00168,2026-01-08T21:49:52,Telecom,S03-GW01,python,0,Normal,Normal
N-03-00169,2026-01-02T10:57:47,Telecom,S03-CTRL01,java,4,Normal,Normal
N-03-00170,2026-01-08T01:04:14,Telecom,S03-BKP01,powershell,7,Normal,Normal
N-03-00171,2026-01-05T01:18:23,Telecom,S03-APP01,nginx,14,Normal,Normal
N-03-00172,2026-01-18T01:09:02,Telecom,S03-VPN01,nginx,0,Normal,Normal
N-03-00173,2026-01-14T15:02:04,Telecom,S03-WS01,powershell,1,Normal,Normal
N-03-00174,2026-01-04T07:02:04,Telecom,S03-WS01,svchost,13,Normal,Normal
N-03-00175,2026-01-11T10:57:51,Telecom,S03-GW01,nginx,4,Normal,Normal
N-03-00176,2026-01-19T01:07:14,Telecom,S03-APP01,svchost,3,Normal,Normal
N-03-00177,2026-01-01T13:41:40,Telecom,S03-BKP01,nginx,17,Normal,Normal
N-03-00178,2026-01-19T20:22:46,Telecom,S03-WS01,python,20,Normal,Normal
N-03-00179,2026-01-19T03:09:04,Telecom,S03-CTRL01,powershell,18,Normal,Normal
N-03-00180,2026-01-19T13:11:22,Telecom,S03-WS01,nginx,2,Normal,Normal
N-03-00181,2026-01-02T22:16:49,Telecom,S03-GW01,svchost,0,Normal,Normal
N-03-00182,2026-01-07T01:19:03,Telecom,S03-VPN01,nginx,12,Normal,Normal
N-03-00183,2026-01-03T04:58:28,Telecom,S03-AUTH01,nginx,7,Normal,Normal
N-03-00184,2026-01-18T05:23:36,Telecom,S03-CTRL01,svchost,0,Normal,Normal
N-03-00185,2026-01-01T18:48:33,Telecom,S03-MGMT01,nginx,18,Normal,Normal
N-03-00186,2026-01-18T23:09:04,Telecom,S03-CTRL01,python,3,Normal,Normal
N-03-00187,2026-01-06T02:57:26,Telecom,S03-WS01,nginx,1,Normal,Normal
N-03-00188,2026-01-20T02:57:31,Telecom,S03-WS01,svchost,15,Normal,Normal
N-03-00189,2026-01-11T02:28:28,Telecom,S03-WS01,nginx,5,Normal,Normal
N-03-00190,2026-01-13T18:01:02,Telecom,S03-GW01,python,19,Normal,Normal
N-03-00191,2026-01-09T05:46:31,Telecom,S03-GW01,powershell,12,Normal,Normal
N-03-00192,2026-01-16T01:16:09,Telecom,S03-APP01,powershell,18,Normal,Normal
N-03-00193,2026-01-17T10:16:33,Telecom,S03-AUTH01,java,17,Normal,Normal
N-03-00194,2026-01-11T08:47:26,Telecom,S03-WS01,python,9,Normal,Normal
N-03-00195,2026-01-18T11:39:13,Telecom,S03-MON01,nginx,10,Normal,Normal
N-03-00196,2026-01-03T20:49:48,Telecom,S03-APP01,python,4,Normal,Normal
N-03-00197,2026-01-14T00:04:52,Telecom,S03-CTRL01,nginx,8,Normal,Normal
N-03-00198,2026-01-10T05:42:02,Telecom,S03-WS01,python,15,Normal,Normal
N-03-00199,2026-01-01T20:29:04,Telecom,S03-VPN01,svchost,17,Normal,Normal
N-03-00200,2026-01-08T06:11:41,Telecom,S03-VPN01,svchost,14,Normal,Normal
N-03-00201,2026-01-01T08:19:02,Telecom,S03-MGMT01,svchost,8,Normal,Normal
N-03-00202,2026-01-18T17:30:53,Telecom,S03-APP01,nginx,14,Normal,Normal
N-03-00203,2026-01-17T03:46:28,Telecom,S03-VPN01,nginx,1,Normal,Normal
N-03-00204,2026-01-08T18:48:26,Telecom,S03-GW01,powershell,15,Normal,Normal
N-03-00205,2026-01-09T04:10:07,Telecom,S03-APP01,svchost,5,Normal,Normal
N-03-00206,2026-01-18T15:57:16,Telecom,S03-MON01,java,1,Normal,Normal
N-03-00207,2026-01-11T07:13:02,Telecom,S03-CTRL01,java,16,Normal,Normal
N-03-00208,2026-01-17T18:41:09,Telecom,S03-VPN01,powershell,8,Normal,Normal
N-03-00209,2026-01-02T17:08:09,Telecom,S03-AUTH01,powershell,14,Normal,Normal
N-03-00210,2026-01-03T20:51:22,Telecom,S03-MON01,python,15,Normal,Normal
N-03-00211,2026-01-07T23:20:01,Telecom,S03-DB01,java,9,Normal,Normal
N-03-00212,2026-01-04T04:47:16,Telecom,S03-MON01,powershell,5,Normal,Normal
N-03-00213,2026-01-04T18:38:38,Telecom,S03-DB01,python,5,Normal,Normal
N-03-00214,2026-01-14T00:23:07,Telecom,S03-AUTH01,java,17,Normal,Normal
N-03-00215,2026-01-10T10:35:56,Telecom,S03-DB01,svchost,10,Normal,Normal
N-03-00216,2026-01-07T23:35:37,Telecom,S03-CTRL01,java,1,Normal,Normal
N-03-00217,2026-01-19T13:47:59,Telecom,S03-APP01,python,16,Normal,Normal
N-03-00218,2026-01-16T09:22:25,Telecom,S03-APP01,java,2,Normal,Normal
N-03-00219,2026-01-07T09:27:28,Telecom,S03-APP01,python,4,Normal,Normal
N-03-00220,2026-01-05T16:50:37,Telecom,S03-CTRL01,java,1,Normal,Normal
N-03-00221,2026-01-01T11:20:55,Telecom,S03-WS01,nginx,3,Normal,Normal
N-03-00222,2026-01-14T09:39:21,Telecom,S03-MGMT01,svchost,10,Normal,Normal
N-03-00223,2026-01-01T17:52:58,Telecom,S03-CTRL01,svchost,0,Normal,Normal
N-03-00224,2026-01-07T23:27:13,Telecom,S03-CTRL01,powershell,7,Normal,Normal
N-03-00225,2026-01-11T03:57:47,Telecom,S03-AUTH01,nginx,10,Normal,Normal
N-03-00226,2026-01-03T14:28:05,Telecom,S03-MON01,java,2,Normal,Normal
N-03-00227,2026-01-16T17:25:32,Telecom,S03-VPN01,python,17,Normal,Normal
N-03-00228,2026-01-12T05:11:01,Telecom,S03-GW01,svchost,17,Normal,Normal
N-03-00229,2026-01-07T03:59:01,Telecom,S03-APP01,powershell,9,Normal,Normal
N-03-00230,2026-01-16T20:28:12,Telecom,S03-APP01,powershell,3,Normal,Normal
N-03-00231,2026-01-11T11:16:03,Telecom,S03-AUTH01,java,5,Normal,Normal
N-03-00232,2026-01-14T23:05:25,Telecom,S03-WS01,java,7,Normal,Normal
N-03-00233,2026-01-10T21:14:29,Telecom,S03-GW01,powershell,9,Normal,Normal
N-03-00234,2026-01-05T07:41:51,Telecom,S03-BKP01,nginx,13,Normal,Normal
N-03-00235,2026-01-10T08:57:09,Telecom,S03-VPN01,python,16,Normal,Normal
N-03-00236,2026-01-09T01:27:21,Telecom,S03-APP01,java,8,Normal,Normal
N-03-00237,2026-01-15T23:13:42,Telecom,S03-VPN01,powershell,20,Normal,Normal
N-03-00238,2026-01-13T01:38:48,Telecom,S03-MGMT01,nginx,6,Normal,Normal
N-03-00239,2026-01-10T23:43:19,Telecom,S03-APP01,java,13,Normal,Normal
N-03-00240,2026-01-14T03:40:29,Telecom,S03-GW01,svchost,9,Normal,Normal
N-03-00241,2026-01-11T14:41:10,Telecom,S03-CTRL01,java,4,Normal,Normal
N-03-00242,2026-01-02T20:04:09,Telecom,S03-GW01,nginx,13,Normal,Normal
N-03-00243,2026-01-10T13:47:47,Telecom,S03-APP01,java,18,Normal,Normal
N-03-00244,2026-01-12T14:10:07,Telecom,S03-GW01,java,14,Normal,Normal
N-03-00245,2026-01-11T20:08:41,Telecom,S03-APP01,svchost,8,Normal,Normal
N-03-00246,2026-01-05T04:50:17,Telecom,S03-VPN01,java,15,Normal,Normal
N-03-00247,2026-01-08T01:34:52,Telecom,S03-MON01,powershell,9,Normal,Normal
N-03-00248,2026-01-19T08:04:21,Telecom,S03-APP01,nginx,2,Normal,Normal
N-03-00249,2026-01-03T16:43:49,Telecom,S03-MON01,powershell,10,Normal,Normal
N-03-00250,2026-01-20T16:54:53,Telecom,S03-AUTH01,java,0,Normal,Normal
N-03-00251,2026-01-02T12:00:17,Telecom,S03-AUTH01,java,14,Normal,Normal
N-03-00252,2026-01-02T02:19:03,Telecom,S03-AUTH01,powershell,17,Normal,Normal
N-03-00253,2026-01-07T12:50:42,Telecom,S03-VPN01,nginx,9,Normal,Normal
N-03-00254,2026-01-04T14:31:15,Telecom,S03-GW01,java,2,Normal,Normal
N-03-00255,2026-01-07T11:43:57,Telecom,S03-WS01,powershell,16,Normal,Normal
N-03-00256,2026-01-18T00:47:25,Telecom,S03-CTRL01,java,1,Normal,Normal
N-03-00257,2026-01-16T23:12:59,Telecom,S03-MGMT01,java,8,Normal,Normal
N-03-00258,2026-01-16T20:03:39,Telecom,S03-WS01,python,18,Normal,Normal
N-03-00259,2026-01-04T08:14:07,Telecom,S03-MON01,nginx,18,Normal,Normal
N-03-00260,2026-01-05T20:21:31,Telecom,S03-GW01,powershell,12,Normal,Normal
N-03-00261,2026-01-13T13:26:48,Telecom,S03-GW01,nginx,15,Normal,Normal
N-03-00262,2026-01-03T22:17:11,Telecom,S03-VPN01,powershell,15,Normal,Normal
N-03-00263,2026-01-12T11:34:25,Telecom,S03-BKP01,nginx,16,Normal,Normal
N-03-00264,2026-01-12T01:43:32,Telecom,S03-DB01,nginx,0,Normal,Normal
N-03-00265,2026-01-19T19:13:09,Telecom,S03-GW01,java,3,Normal,Normal
N-03-00266,2026-01-07T21:39:28,Telecom,S03-DB01,python,7,Normal,Normal
N-03-00267,2026-01-17T23:12:36,Telecom,S03-DB01,python,0,Normal,Normal
N-03-00268,2026-01-14T02:32:46,Telecom,S03-CTRL01,java,12,Normal,Normal
N-03-00269,2026-01-19T11:24:08,Telecom,S03-MON01,java,18,Normal,Normal
N-03-00270,2026-01-09T13:25:06,Telecom,S03-MON01,nginx,10,Normal,Normal
N-03-00271,2026-01-20T12:50:09,Telecom,S03-MON01,nginx,17,Normal,Normal
N-03-00272,2026-01-08T20:00:59,Telecom,S03-WS01,python,14,Normal,Normal
N-03-00273,2026-01-18T04:29:11,Telecom,S03-BKP01,nginx,13,Normal,Normal
N-03-00274,2026-01-05T19:52:07,Telecom,S03-AUTH01,powershell,14,Normal,Normal
N-03-00275,2026-01-11T15:46:20,Telecom,S03-DB01,powershell,2,Normal,Normal
N-03-00276,2026-01-16T03:05:27,Telecom,S03-DB01,powershell,8,Normal,Normal
N-03-00277,2026-01-15T20:56:40,Telecom,S03-DB01,powershell,10,Normal,Normal
N-03-00278,2026-01-05T06:52:59,Telecom,S03-VPN01,java,13,Normal,Normal
N-03-00279,2026-01-05T21:23:13,Telecom,S03-MGMT01,svchost,0,Normal,Normal
N-03-00280,2026-01-10T00:55:30,Telecom,S03-MON01,svchost,19,Normal,Normal
N-03-00281,2026-01-14T20:26:27,Telecom,S03-MON01,nginx,3,Normal,Normal
N-03-00282,2026-01-15T20:32:23,Telecom,S03-CTRL01,svchost,4,Normal,Normal
N-03-00283,2026-01-08T23:39:18,Telecom,S03-BKP01,powershell,20,Normal,Normal
N-03-00284,2026-01-12T20:56:48,Telecom,S03-MGMT01,svchost,7,Normal,Normal
N-03-00285,2026-01-12T23:31:59,Telecom,S03-VPN01,nginx,13,Normal,Normal
N-03-00286,2026-01-15T19:50:21,Telecom,S03-MGMT01,nginx,19,Normal,Normal
N-03-00287,2026-01-17T08:24:09,Telecom,S03-CTRL01,nginx,18,Normal,Normal
N-03-00288,2026-01-20T12:11:24,Telecom,S03-BKP01,svchost,12,Normal,Normal
N-03-00289,2026-01-11T15:16:50,Telecom,S03-DB01,svchost,3,Normal,Normal
N-03-00290,2026-01-07T12:31:07,Telecom,S03-MGMT01,powershell,1,Normal,Normal
N-03-00291,2026-01-08T05:56:28,Telecom,S03-APP01,powershell,10,Normal,Normal
N-03-00292,2026-01-07T18:39:18,Telecom,S03-BKP01,python,6,Normal,Normal
N-03-00293,2026-01-04T11:17:18,Telecom,S03-GW01,svchost,20,Normal,Normal
N-03-00294,2026-01-07T19:29:45,Telecom,S03-DB01,nginx,16,Normal,Normal
N-03-00295,2026-01-15T18:40:42,Telecom,S03-BKP01,java,11,Normal,Normal
N-03-00296,2026-01-07T11:41:42,Telecom,S03-BKP01,powershell,19,Normal,Normal
N-03-00297,2026-01-06T11:08:04,Telecom,S03-AUTH01,powershell,7,Normal,Normal
N-03-00298,2026-01-01T21:24:24,Telecom,S03-CTRL01,python,19,Normal,Normal
N-03-00299,2026-01-06T16:35:35,Telecom,S03-CTRL01,nginx,14,Normal,Normal
N-03-00300,2026-01-09T16:07:06,Telecom,S03-WS01,python,16,Normal,Normal
N-03-00301,2026-01-01T22:13:13,Telecom,S03-DB01,nginx,4,Normal,Normal
N-03-00302,2026-01-11T21:01:03,Telecom,S03-BKP01,python,5,Normal,Normal
N-03-00303,2026-01-12T11:06:18,Telecom,S03-APP01,powershell,19,Normal,Normal
N-03-00304,2026-01-21T05:45:19,Telecom,S03-GW01,svchost,13,Normal,Normal
N-03-00305,2026-01-16T10:39:20,Telecom,S03-BKP01,python,20,Normal,Normal
N-03-00306,2026-01-15T08:33:08,Telecom,S03-GW01,svchost,0,Normal,Normal
N-03-00307,2026-01-12T21:00:45,Telecom,S03-BKP01,nginx,5,Normal,Normal
N-03-00308,2026-01-01T14:49:11,Telecom,S03-DB01,nginx,4,Normal,Normal
N-03-00309,2026-01-07T14:37:23,Telecom,S03-CTRL01,python,10,Normal,Normal
N-03-00310,2026-01-13T20:26:45,Telecom,S03-AUTH01,svchost,7,Normal,Normal
N-03-00311,2026-01-20T16:32:01,Telecom,S03-DB01,powershell,16,Normal,Normal
N-03-00312,2026-01-16T15:12:18,Telecom,S03-DB01,python,14,Normal,Normal
N-03-00313,2026-01-08T19:39:02,Telecom,S03-AUTH01,nginx,13,Normal,Normal
N-03-00314,2026-01-03T21:34:13,Telecom,S03-CTRL01,python,19,Normal,Normal
N-03-00315,2026-01-10T19:06:38,Telecom,S03-AUTH01,java,11,Normal,Normal
N-03-00316,2026-01-01T22:48:59,Telecom,S03-APP01,svchost,11,Normal,Normal
N-03-00317,2026-01-17T03:33:46,Telecom,S03-CTRL01,java,6,Normal,Normal
N-03-00318,2026-01-07T09:14:15,Telecom,S03-DB01,python,2,Normal,Normal
N-03-00319,2026-01-05T06:18:47,Telecom,S03-DB01,powershell,15,Normal,Normal
N-03-00320,2026-01-19T13:34:18,Telecom,S03-APP01,svchost,8,Normal,Normal
N-03-00321,2026-01-02T03:04:14,Telecom,S03-DB01,nginx,2,Normal,Normal
N-03-00322,2026-01-15T06:53:59,Telecom,S03-MGMT01,java,8,Normal,Normal
N-03-00323,2026-01-20T10:37:49,Telecom,S03-GW01,powershell,19,Normal,Normal
N-03-00324,2026-01-17T00:06:56,Telecom,S03-BKP01,svchost,4,Normal,Normal
N-03-00325,2026-01-12T11:19:16,Telecom,S03-GW01,svchost,11,Normal,Normal
N-03-00326,2026-01-13T02:14:04,Telecom,S03-MON01,nginx,15,Normal,Normal
N-03-00327,2026-01-04T20:47:04,Telecom,S03-VPN01,java,5,Normal,Normal
N-03-00328,2026-01-05T01:39:20,Telecom,S03-WS01,svchost,11,Normal,Normal
N-03-00329,2026-01-02T10:55:43,Telecom,S03-DB01,svchost,11,Normal,Normal
N-03-00330,2026-01-19T04:54:50,Telecom,S03-MGMT01,python,19,Normal,Normal
N-03-00331,2026-01-14T02:34:07,Telecom,S03-WS01,svchost,3,Normal,Normal
N-03-00332,2026-01-04T05:41:40,Telecom,S03-CTRL01,java,9,Normal,Normal
N-03-00333,2026-01-16T07:10:33,Telecom,S03-DB01,python,18,Normal,Normal
N-03-00334,2026-01-02T11:13:09,Telecom,S03-BKP01,java,2,Normal,Normal
N-03-00335,2026-01-12T13:14:32,Telecom,S03-APP01,svchost,1,Normal,Normal
N-03-00336,2026-01-06T09:23:06,Telecom,S03-APP01,java,17,Normal,Normal
N-03-00337,2026-01-15T20:55:52,Telecom,S03-WS01,svchost,6,Normal,Normal
N-03-00338,2026-01-08T20:20:52,Telecom,S03-MON01,powershell,17,Normal,Normal
N-03-00339,2026-01-04T23:25:55,Telecom,S03-AUTH01,java,12,Normal,Normal
N-03-00340,2026-01-09T09:52:47,Telecom,S03-MGMT01,svchost,18,Normal,Normal
N-03-00341,2026-01-19T15:29:22,Telecom,S03-GW01,powershell,7,Normal,Normal
N-03-00342,2026-01-15T09:10:53,Telecom,S03-MON01,java,18,Normal,Normal
N-03-00343,2026-01-05T13:06:59,Telecom,S03-CTRL01,python,7,Normal,Normal
N-03-00344,2026-01-17T16:16:47,Telecom,S03-MGMT01,java,20,Normal,Normal
N-03-00345,2026-01-17T23:20:49,Telecom,S03-CTRL01,java,1,Normal,Normal
N-03-00346,2026-01-08T22:09:33,Telecom,S03-VPN01,java,14,Normal,Normal
N-03-00347,2026-01-21T06:57:00,Telecom,S03-APP01,java,12,Normal,Normal
N-03-00348,2026-01-16T21:33:40,Telecom,S03-APP01,svchost,18,Normal,Normal
N-03-00349,2026-01-17T11:17:46,Telecom,S03-DB01,svchost,14,Normal,Normal
N-03-00350,2026-01-13T21:24:29,Telecom,S03-CTRL01,nginx,12,Normal,Normal
N-03-00351,2026-01-12T01:02:18,Telecom,S03-CTRL01,java,14,Normal,Normal
N-03-00352,2026-01-12T16:51:03,Telecom,S03-GW01,python,2,Normal,Normal
N-03-00353,2026-01-19T07:17:17,Telecom,S03-BKP01,java,5,Normal,Normal
N-03-00354,2026-01-18T06:09:09,Telecom,S03-VPN01,powershell,19,Normal,Normal
N-03-00355,2026-01-08T18:29:02,Telecom,S03-BKP01,java,9,Normal,Normal
N-03-00356,2026-01-16T03:26:49,Telecom,S03-AUTH01,nginx,12,Normal,Normal
N-03-00357,2026-01-15T08:12:51,Telecom,S03-APP01,java,19,Normal,Normal
N-03-00358,2026-01-20T07:30:57,Telecom,S03-GW01,nginx,20,Normal,Normal
N-03-00359,2026-01-19T08:32:45,Telecom,S03-GW01,svchost,3,Normal,Normal
N-03-00360,2026-01-07T03:04:10,Telecom,S03-MGMT01,java,15,Normal,Normal
N-03-00361,2026-01-11T01:56:44,Telecom,S03-WS01,java,17,Normal,Normal
N-03-00362,2026-01-06T05:27:08,Telecom,S03-VPN01,java,0,Normal,Normal
N-03-00363,2026-01-01T08:23:07,Telecom,S03-DB01,python,3,Normal,Normal
N-03-00364,2026-01-06T03:42:04,Telecom,S03-BKP01,powershell,0,Normal,Normal
N-03-00365,2026-01-19T23:58:47,Telecom,S03-MGMT01,svchost,7,Normal,Normal
N-03-00366,2026-01-16T17:54:24,Telecom,S03-AUTH01,nginx,2,Normal,Normal
N-03-00367,2026-01-03T03:13:47,Telecom,S03-WS01,powershell,12,Normal,Normal
N-03-00368,2026-01-05T20:32:32,Telecom,S03-APP01,python,18,Normal,Normal
N-03-00369,2026-01-21T07:01:21,Telecom,S03-WS01,powershell,4,Normal,Normal
N-03-00370,2026-01-01T13:08:07,Telecom,S03-APP01,python,17,Normal,Normal
N-03-00371,2026-01-04T05:56:47,Telecom,S03-BKP01,java,20,Normal,Normal
N-03-00372,2026-01-17T02:34:13,Telecom,S03-MGMT01,nginx,15,Normal,Normal
N-03-00373,2026-01-09T15:15:35,Telecom,S03-DB01,java,10,Normal,Normal
N-03-00374,2026-01-09T06:20:57,Telecom,S03-CTRL01,java,6,Normal,Normal
N-03-00375,2026-01-03T05:01:49,Telecom,S03-APP01,java,12,Normal,Normal
N-03-00376,2026-01-02T09:44:44,Telecom,S03-MON01,java,6,Normal,Normal
N-03-00377,2026-01-03T07:35:20,Telecom,S03-APP01,powershell,3,Normal,Normal
N-03-00378,2026-01-21T01:28:10,Telecom,S03-VPN01,java,0,Normal,Normal
N-03-00379,2026-01-16T00:39:18,Telecom,S03-GW01,java,7,Normal,Normal
N-03-00380,2026-01-02T05:42:21,Telecom,S03-BKP01,powershell,0,Normal,Normal
N-03-00381,2026-01-17T12:45:09,Telecom,S03-VPN01,nginx,8,Normal,Normal
N-03-00382,2026-01-13T04:12:18,Telecom,S03-DB01,python,6,Normal,Normal
N-03-00383,2026-01-12T04:22:05,Telecom,S03-CTRL01,powershell,14,Normal,Normal
N-03-00384,2026-01-03T16:00:32,Telecom,S03-BKP01,svchost,13,Normal,Normal
N-03-00385,2026-01-12T10:14:31,Telecom,S03-MGMT01,powershell,2,Normal,Normal
N-03-00386,2026-01-21T07:35:08,Telecom,S03-APP01,nginx,6,Normal,Normal
N-03-00387,2026-01-06T15:56:50,Telecom,S03-WS01,powershell,9,Normal,Normal
N-03-00388,2026-01-04T13:46:07,Telecom,S03-WS01,nginx,6,Normal,Normal
N-03-00389,2026-01-09T19:56:03,Telecom,S03-WS01,powershell,7,Normal,Normal
N-03-00390,2026-01-07T07:58:55,Telecom,S03-VPN01,java,19,Normal,Normal
N-03-00391,2026-01-09T21:16:28,Telecom,S03-DB01,nginx,19,Normal,Normal
N-03-00392,2026-01-18T02:32:48,Telecom,S03-DB01,powershell,15,Normal,Normal
N-03-00393,2026-01-12T16:10:45,Telecom,S03-VPN01,python,9,Normal,Normal
N-03-00394,2026-01-16T01:30:55,Telecom,S03-BKP01,python,16,Normal,Normal
N-03-00395,2026-01-01T17:41:01,Telecom,S03-WS01,nginx,7,Normal,Normal
N-03-00396,2026-01-05T09:05:53,Telecom,S03-DB01,java,16,Normal,Normal
N-03-00397,2026-01-11T10:36:25,Telecom,S03-BKP01,nginx,11,Normal,Normal
N-03-00398,2026-01-15T14:23:12,Telecom,S03-DB01,svchost,1,Normal,Normal
N-03-00399,2026-01-17T15:14:16,Telecom,S03-DB01,svchost,5,Normal,Normal
N-03-00400,2026-01-19T03:59:56,Telecom,S03-APP01,svchost,18,Normal,Normal
N-03-00401,2026-01-03T03:47:14,Telecom,S03-BKP01,svchost,10,Normal,Normal
N-03-00402,2026-01-19T01:21:32,Telecom,S03-VPN01,svchost,15,Normal,Normal
N-03-00403,2026-01-15T19:51:00,Telecom,S03-GW01,svchost,9,Normal,Normal
N-03-00404,2026-01-20T07:11:36,Telecom,S03-BKP01,svchost,17,Normal,Normal
N-03-00405,2026-01-12T01:07:01,Telecom,S03-BKP01,powershell,13,Normal,Normal
N-03-00406,2026-01-01T17:51:58,Telecom,S03-WS01,nginx,18,Normal,Normal
N-03-00407,2026-01-09T17:59:47,Telecom,S03-WS01,python,1,Normal,Normal
N-03-00408,2026-01-02T17:14:03,Telecom,S03-MON01,java,16,Normal,Normal
N-03-00409,2026-01-13T07:48:28,Telecom,S03-DB01,powershell,5,Normal,Normal
N-03-00410,2026-01-08T21:39:02,Telecom,S03-AUTH01,python,19,Normal,Normal
N-03-00411,2026-01-13T15:33:25,Telecom,S03-MGMT01,python,2,Normal,Normal
N-03-00412,2026-01-09T11:59:41,Telecom,S03-CTRL01,java,7,Normal,Normal
N-03-00413,2026-01-13T23:42:44,Telecom,S03-AUTH01,nginx,12,Normal,Normal
N-03-00414,2026-01-12T02:04:11,Telecom,S03-DB01,powershell,16,Normal,Normal
N-03-00415,2026-01-14T12:10:39,Telecom,S03-GW01,java,11,Normal,Normal
N-03-00416,2026-01-09T20:38:17,Telecom,S03-CTRL01,svchost,9,Normal,Normal
N-03-00417,2026-01-18T12:59:20,Telecom,S03-BKP01,java,17,Normal,Normal
N-03-00418,2026-01-03T19:07:16,Telecom,S03-GW01,nginx,11,Normal,Normal
N-03-00419,2026-01-09T05:10:59,Telecom,S03-MGMT01,python,9,Normal,Normal
N-03-00420,2026-01-05T15:30:39,Telecom,S03-WS01,powershell,18,Normal,Normal
N-03-00421,2026-01-01T15:14:22,Telecom,S03-GW01,python,20,Normal,Normal
N-03-00422,2026-01-11T15:36:52,Telecom,S03-APP01,python,9,Normal,Normal
N-03-00423,2026-01-04T14:55:04,Telecom,S03-GW01,powershell,8,Normal,Normal
N-03-00424,2026-01-02T21:06:35,Telecom,S03-CTRL01,nginx,10,Normal,Normal
N-03-00425,2026-01-04T19:39:14,Telecom,S03-BKP01,powershell,12,Normal,Normal
N-03-00426,2026-01-20T14:16:53,Telecom,S03-BKP01,powershell,15,Normal,Normal
N-03-00427,2026-01-11T20:07:09,Telecom,S03-WS01,nginx,9,Normal,Normal
N-03-00428,2026-01-16T16:57:41,Telecom,S03-AUTH01,python,17,Normal,Normal
N-03-00429,2026-01-07T07:43:23,Telecom,S03-DB01,python,12,Normal,Normal
N-03-00430,2026-01-02T02:36:47,Telecom,S03-BKP01,powershell,7,Normal,Normal
N-03-00431,2026-01-11T15:58:34,Telecom,S03-VPN01,python,10,Normal,Normal
N-03-00432,2026-01-11T16:01:05,Telecom,S03-WS01,svchost,13,Normal,Normal
N-03-00433,2026-01-15T09:39:38,Telecom,S03-MGMT01,nginx,16,Normal,Normal
N-03-00434,2026-01-08T10:25:24,Telecom,S03-BKP01,nginx,6,Normal,Normal
N-03-00435,2026-01-03T22:05:52,Telecom,S03-MGMT01,nginx,15,Normal,Normal
N-03-00436,2026-01-15T05:13:44,Telecom,S03-BKP01,svchost,9,Normal,Normal
N-03-00437,2026-01-01T23:04:55,Telecom,S03-MON01,powershell,8,Normal,Normal
N-03-00438,2026-01-04T03:53:05,Telecom,S03-AUTH01,nginx,14,Normal,Normal
N-03-00439,2026-01-07T01:34:38,Telecom,S03-GW01,nginx,12,Normal,Normal
N-03-00440,2026-01-09T07:31:56,Telecom,S03-WS01,powershell,15,Normal,Normal
N-03-00441,2026-01-09T04:18:06,Telecom,S03-APP01,nginx,16,Normal,Normal
N-03-00442,2026-01-07T04:29:15,Telecom,S03-GW01,powershell,8,Normal,Normal
N-03-00443,2026-01-06T16:56:01,Telecom,S03-MGMT01,java,4,Normal,Normal
N-03-00444,2026-01-05T02:50:13,Telecom,S03-MON01,powershell,4,Normal,Normal
N-03-00445,2026-01-18T13:45:52,Telecom,S03-AUTH01,svchost,9,Normal,Normal
N-03-00446,2026-01-02T16:21:40,Telecom,S03-AUTH01,python,2,Normal,Normal
N-03-00447,2026-01-09T16:31:26,Telecom,S03-DB01,python,19,Normal,Normal
N-03-00448,2026-01-16T00:57:38,Telecom,S03-DB01,powershell,12,Normal,Normal
N-03-00449,2026-01-03T15:46:10,Telecom,S03-MGMT01,nginx,5,Normal,Normal
N-03-00450,2026-01-06T22:00:14,Telecom,S03-AUTH01,java,19,Normal,Normal
N-03-00451,2026-01-05T21:20:35,Telecom,S03-BKP01,powershell,12,Normal,Normal
N-03-00452,2026-01-19T05:24:27,Telecom,S03-BKP01,nginx,5,Normal,Normal
N-03-00453,2026-01-17T14:53:08,Telecom,S03-AUTH01,java,5,Normal,Normal
N-03-00454,2026-01-15T14:55:08,Telecom,S03-BKP01,svchost,17,Normal,Normal
N-03-00455,2026-01-18T18:13:53,Telecom,S03-VPN01,nginx,6,Normal,Normal
N-03-00456,2026-01-20T01:09:47,Telecom,S03-DB01,python,15,Normal,Normal
N-03-00457,2026-01-15T16:03:24,Telecom,S03-BKP01,python,12,Normal,Normal
N-03-00458,2026-01-16T12:45:33,Telecom,S03-CTRL01,nginx,15,Normal,Normal
N-03-00459,2026-01-18T15:20:25,Telecom,S03-MGMT01,java,2,Normal,Normal
N-03-00460,2026-01-05T00:14:58,Telecom,S03-APP01,svchost,2,Normal,Normal
N-03-00461,2026-01-16T19:32:03,Telecom,S03-GW01,java,8,Normal,Normal
N-03-00462,2026-01-03T14:31:16,Telecom,S03-AUTH01,python,19,Normal,Normal
N-03-00463,2026-01-08T13:06:07,Telecom,S03-CTRL01,svchost,7,Normal,Normal
N-03-00464,2026-01-02T23:24:56,Telecom,S03-BKP01,powershell,0,Normal,Normal
N-03-00465,2026-01-11T15:41:18,Telecom,S03-VPN01,python,3,Normal,Normal
N-03-00466,2026-01-03T15:45:10,Telecom,S03-VPN01,python,13,Normal,Normal
N-03-00467,2026-01-21T01:22:58,Telecom,S03-DB01,nginx,17,Normal,Normal
N-03-00468,2026-01-08T08:24:57,Telecom,S03-BKP01,nginx,0,Normal,Normal
N-03-00469,2026-01-08T23:51:24,Telecom,S03-DB01,powershell,5,Normal,Normal
N-03-00470,2026-01-16T06:16:27,Telecom,S03-AUTH01,svchost,15,Normal,Normal
N-03-00471,2026-01-10T10:57:19,Telecom,S03-APP01,java,19,Normal,Normal
N-03-00472,2026-01-17T12:51:16,Telecom,S03-MON01,powershell,0,Normal,Normal
N-03-00473,2026-01-03T08:14:09,Telecom,S03-BKP01,svchost,20,Normal,Normal
N-03-00474,2026-01-16T03:23:17,Telecom,S03-GW01,java,12,Normal,Normal
N-03-00475,2026-01-07T19:35:12,Telecom,S03-WS01,java,15,Normal,Normal
N-03-00476,2026-01-18T02:18:51,Telecom,S03-CTRL01,powershell,3,Normal,Normal
N-03-00477,2026-01-09T09:42:27,Telecom,S03-WS01,python,10,Normal,Normal
N-03-00478,2026-01-08T07:34:49,Telecom,S03-BKP01,nginx,13,Normal,Normal
N-03-00479,2026-01-05T16:26:03,Telecom,S03-CTRL01,nginx,4,Normal,Normal
N-03-00480,2026-01-02T03:13:29,Telecom,S03-CTRL01,python,15,Normal,Normal
N-03-00481,2026-01-13T15:29:52,Telecom,S03-MON01,svchost,13,Normal,Normal
N-03-00482,2026-01-08T06:20:16,Telecom,S03-MGMT01,nginx,18,Normal,Normal
N-03-00483,2026-01-04T13:07:03,Telecom,S03-VPN01,svchost,18,Normal,Normal
N-03-00484,2026-01-05T18:30:01,Telecom,S03-BKP01,powershell,20,Normal,Normal
N-03-00485,2026-01-19T10:49:50,Telecom,S03-WS01,nginx,6,Normal,Normal
N-03-00486,2026-01-18T02:02:20,Telecom,S03-MON01,python,11,Normal,Normal
N-03-00487,2026-01-06T15:56:20,Telecom,S03-APP01,python,20,Normal,Normal
N-03-00488,2026-01-13T04:45:49,Telecom,S03-APP01,java,10,Normal,Normal
N-03-00489,2026-01-12T22:11:10,Telecom,S03-CTRL01,java,14,Normal,Normal
N-03-00490,2026-01-14T02:22:37,Telecom,S03-APP01,powershell,2,Normal,Normal
N-03-00491,2026-01-12T03:02:14,Telecom,S03-GW01,powershell,9,Normal,Normal
N-03-00492,2026-01-13T10:49:40,Telecom,S03-BKP01,nginx,1,Normal,Normal
N-03-00493,2026-01-15T09:45:23,Telecom,S03-WS01,powershell,13,Normal,Normal
N-03-00494,2026-01-16T16:18:58,Telecom,S03-WS01,powershell,8,Normal,Normal
N-03-00495,2026-01-08T18:20:23,Telecom,S03-WS01,powershell,18,Normal,Normal
N-03-00496,2026-01-12T04:32:47,Telecom,S03-WS01,powershell,16,Normal,Normal
N-03-00497,2026-01-19T16:33:51,Telecom,S03-WS01,svchost,3,Normal,Normal
N-03-00498,2026-01-18T22:11:50,Telecom,S03-MGMT01,java,13,Normal,Normal
N-03-00499,2026-01-17T18:00:55,Telecom,S03-AUTH01,nginx,8,Normal,Normal
N-03-00500,2026-01-04T15:13:10,Telecom,S03-DB01,powershell,0,Normal,Normal
N-03-00501,2026-01-12T11:35:59,Telecom,S03-GW01,nginx,19,Normal,Normal
N-03-00502,2026-01-15T05:27:03,Telecom,S03-GW01,java,12,Normal,Normal
N-03-00503,2026-01-14T16:26:58,Telecom,S03-AUTH01,java,12,Normal,Normal
N-03-00504,2026-01-09T11:15:54,Telecom,S03-CTRL01,python,15,Normal,Normal
N-03-00505,2026-01-02T06:21:20,Telecom,S03-MGMT01,svchost,1,Normal,Normal
N-03-00506,2026-01-20T09:36:45,Telecom,S03-MON01,powershell,15,Normal,Normal
N-03-00507,2026-01-16T23:22:46,Telecom,S03-VPN01,svchost,20,Normal,Normal
N-03-00508,2026-01-19T14:48:57,Telecom,S03-VPN01,python,2,Normal,Normal
N-03-00509,2026-01-20T13:35:51,Telecom,S03-CTRL01,powershell,15,Normal,Normal
N-03-00510,2026-01-02T21:39:03,Telecom,S03-BKP01,powershell,13,Normal,Normal
N-03-00511,2026-01-02T06:32:58,Telecom,S03-BKP01,powershell,6,Normal,Normal
N-03-00512,2026-01-04T00:11:47,Telecom,S03-MON01,svchost,15,Normal,Normal
N-03-00513,2026-01-09T21:17:24,Telecom,S03-MON01,svchost,11,Normal,Normal
N-03-00514,2026-01-16T17:35:47,Telecom,S03-VPN01,powershell,2,Normal,Normal
N-03-00515,2026-01-04T14:51:11,Telecom,S03-BKP01,svchost,14,Normal,Normal
N-03-00516,2026-01-10T14:35:49,Telecom,S03-WS01,svchost,14,Normal,Normal
N-03-00517,2026-01-01T13:00:21,Telecom,S03-WS01,svchost,10,Normal,Normal
N-03-00518,2026-01-06T15:05:05,Telecom,S03-APP01,powershell,13,Normal,Normal
N-03-00519,2026-01-19T03:48:50,Telecom,S03-BKP01,powershell,12,Normal,Normal
N-03-00520,2026-01-04T20:12:44,Telecom,S03-MGMT01,nginx,2,Normal,Normal
N-03-00521,2026-01-12T17:19:03,Telecom,S03-DB01,java,7,Normal,Normal
N-03-00522,2026-01-05T14:48:08,Telecom,S03-CTRL01,svchost,10,Normal,Normal
N-03-00523,2026-01-18T13:23:21,Telecom,S03-VPN01,svchost,0,Normal,Normal
N-03-00524,2026-01-11T23:14:33,Telecom,S03-CTRL01,python,8,Normal,Normal
N-03-00525,2026-01-14T12:19:11,Telecom,S03-AUTH01,java,12,Normal,Normal
N-03-00526,2026-01-02T01:30:20,Telecom,S03-VPN01,java,13,Normal,Normal
N-03-00527,2026-01-06T20:07:18,Telecom,S03-GW01,java,17,Normal,Normal
N-03-00528,2026-01-06T20:32:28,Telecom,S03-MGMT01,powershell,6,Normal,Normal
N-03-00529,2026-01-16T19:33:42,Telecom,S03-APP01,powershell,14,Normal,Normal
N-03-00530,2026-01-11T14:03:57,Telecom,S03-GW01,svchost,16,Normal,Normal
N-03-00531,2026-01-03T23:57:43,Telecom,S03-MON01,nginx,6,Normal,Normal
N-03-00532,2026-01-16T18:59:22,Telecom,S03-MGMT01,nginx,5,Normal,Normal
N-03-00533,2026-01-19T02:39:28,Telecom,S03-DB01,nginx,20,Normal,Normal
N-03-00534,2026-01-16T10:06:40,Telecom,S03-APP01,nginx,1,Normal,Normal
N-03-00535,2026-01-05T09:38:08,Telecom,S03-VPN01,nginx,2,Normal,Normal
N-03-00536,2026-01-20T23:29:34,Telecom,S03-WS01,nginx,5,Normal,Normal
N-03-00537,2026-01-04T02:08:27,Telecom,S03-MON01,svchost,19,Normal,Normal
N-03-00538,2026-01-11T03:31:57,Telecom,S03-WS01,nginx,6,Normal,Normal
N-03-00539,2026-01-05T16:30:28,Telecom,S03-MON01,java,20,Normal,Normal
N-03-00540,2026-01-17T17:35:15,Telecom,S03-AUTH01,powershell,19,Normal,Normal
N-03-00541,2026-01-13T09:16:57,Telecom,S03-APP01,powershell,20,Normal,Normal
N-03-00542,2026-01-02T10:07:41,Telecom,S03-MGMT01,python,8,Normal,Normal
N-03-00543,2026-01-10T03:59:34,Telecom,S03-WS01,powershell,10,Normal,Normal
N-03-00544,2026-01-02T19:53:30,Telecom,S03-MON01,python,7,Normal,Normal
N-03-00545,2026-01-13T11:38:09,Telecom,S03-APP01,svchost,12,Normal,Normal
N-03-00546,2026-01-19T23:45:47,Telecom,S03-APP01,svchost,6,Normal,Normal
N-03-00547,2026-01-14T11:48:55,Telecom,S03-APP01,python,12,Normal,Normal
N-03-00548,2026-01-05T06:13:01,Telecom,S03-WS01,powershell,19,Normal,Normal
N-03-00549,2026-01-12T20:51:33,Telecom,S03-APP01,java,4,Normal,Normal
N-03-00550,2026-01-14T00:08:05,Telecom,S03-VPN01,powershell,14,Normal,Normal
N-03-00551,2026-01-12T02:43:40,Telecom,S03-WS01,nginx,8,Normal,Normal
N-03-00552,2026-01-03T11:08:46,Telecom,S03-GW01,svchost,13,Normal,Normal
N-03-00553,2026-01-09T22:07:04,Telecom,S03-WS01,nginx,19,Normal,Normal
N-03-00554,2026-01-21T00:47:32,Telecom,S03-AUTH01,python,18,Normal,Normal
N-03-00555,2026-01-17T22:29:54,Telecom,S03-APP01,svchost,10,Normal,Normal
N-03-00556,2026-01-12T11:50:27,Telecom,S03-CTRL01,nginx,5,Normal,Normal
N-03-00557,2026-01-14T03:08:32,Telecom,S03-BKP01,java,2,Normal,Normal
N-03-00558,2026-01-01T09:39:40,Telecom,S03-DB01,python,16,Normal,Normal
N-03-00559,2026-01-12T16:03:52,Telecom,S03-VPN01,svchost,9,Normal,Normal
N-03-00560,2026-01-15T20:31:34,Telecom,S03-MON01,nginx,19,Normal,Normal
N-03-00561,2026-01-10T20:02:59,Telecom,S03-WS01,svchost,1,Normal,Normal
N-03-00562,2026-01-12T22:58:29,Telecom,S03-APP01,python,20,Normal,Normal
N-03-00563,2026-01-08T11:02:02,Telecom,S03-BKP01,nginx,5,Normal,Normal
N-03-00564,2026-01-09T01:49:23,Telecom,S03-DB01,powershell,0,Normal,Normal
N-03-00565,2026-01-08T00:52:16,Telecom,S03-GW01,nginx,6,Normal,Normal
N-03-00566,2026-01-08T08:43:50,Telecom,S03-WS01,nginx,12,Normal,Normal
N-03-00567,2026-01-15T00:15:45,Telecom,S03-DB01,svchost,0,Normal,Normal
N-03-00568,2026-01-03T13:31:36,Telecom,S03-CTRL01,powershell,15,Normal,Normal
N-03-00569,2026-01-17T03:13:55,Telecom,S03-APP01,python,5,Normal,Normal
N-03-00570,2026-01-03T23:19:26,Telecom,S03-WS01,java,10,Normal,Normal
N-03-00571,2026-01-06T23:56:46,Telecom,S03-CTRL01,nginx,8,Normal,Normal
N-03-00572,2026-01-03T09:11:48,Telecom,S03-MON01,java,16,Normal,Normal
N-03-00573,2026-01-15T23:37:55,Telecom,S03-BKP01,nginx,5,Normal,Normal
N-03-00574,2026-01-03T16:48:18,Telecom,S03-MGMT01,nginx,0,Normal,Normal
N-03-00575,2026-01-14T16:09:19,Telecom,S03-MGMT01,nginx,18,Normal,Normal
N-03-00576,2026-01-08T14:21:58,Telecom,S03-CTRL01,nginx,3,Normal,Normal
N-03-00577,2026-01-05T14:14:01,Telecom,S03-BKP01,java,0,Normal,Normal
N-03-00578,2026-01-13T20:07:08,Telecom,S03-MGMT01,python,8,Normal,Normal
N-03-00579,2026-01-15T18:54:22,Telecom,S03-AUTH01,java,5,Normal,Normal
N-03-00580,2026-01-19T11:47:08,Telecom,S03-MON01,svchost,15,Normal,Normal
N-03-00581,2026-01-06T15:14:30,Telecom,S03-GW01,nginx,17,Normal,Normal
N-03-00582,2026-01-09T11:35:05,Telecom,S03-MGMT01,nginx,7,Normal,Normal
N-03-00583,2026-01-20T06:49:58,Telecom,S03-BKP01,java,18,Normal,Normal
N-03-00584,2026-01-16T08:38:27,Telecom,S03-MON01,svchost,1,Normal,Normal
N-03-00585,2026-01-03T08:13:38,Telecom,S03-GW01,nginx,11,Normal,Normal
N-03-00586,2026-01-17T18:05:59,Telecom,S03-MGMT01,python,16,Normal,Normal
N-03-00587,2026-01-15T06:08:16,Telecom,S03-CTRL01,powershell,7,Normal,Normal
N-03-00588,2026-01-19T06:54:28,Telecom,S03-APP01,svchost,11,Normal,Normal
N-03-00589,2026-01-03T03:51:42,Telecom,S03-WS01,nginx,20,Normal,Normal
N-03-00590,2026-01-09T16:31:38,Telecom,S03-DB01,python,17,Normal,Normal
N-03-00591,2026-01-17T07:07:13,Telecom,S03-APP01,nginx,20,Normal,Normal
N-03-00592,2026-01-01T19:14:33,Telecom,S03-BKP01,svchost,9,Normal,Normal
N-03-00593,2026-01-09T09:15:44,Telecom,S03-CTRL01,python,16,Normal,Normal
N-03-00594,2026-01-12T00:06:40,Telecom,S03-APP01,java,10,Normal,Normal
N-03-00595,2026-01-13T17:14:07,Telecom,S03-MGMT01,svchost,14,Normal,Normal
N-03-00596,2026-01-02T17:22:16,Telecom,S03-BKP01,nginx,8,Normal,Normal
N-03-00597,2026-01-20T13:30:04,Telecom,S03-CTRL01,python,14,Normal,Normal
N-03-00598,2026-01-11T17:50:57,Telecom,S03-DB01,nginx,12,Normal,Normal
N-03-00599,2026-01-02T19:52:06,Telecom,S03-MGMT01,svchost,13,Normal,Normal
A-03-SCN021-01-00,2026-01-14T09:00:00,Telecom,S03-AUTH01,unknown,85,Reconnaissance,Attack
A-03-SCN021-01-01,2026-01-14T09:06:00,Telecom,S03-DB01,cmd,29,Initial Access,Attack
A-03-SCN021-01-02,2026-01-14T09:10:00,Telecom,S03-VPN01,service-host,48,Execution,Attack
A-03-SCN021-01-03,2026-01-14T09:17:00,Telecom,S03-CTRL01,curl,16,Persistence,Attack
A-03-SCN021-01-04,2026-01-14T09:21:00,Telecom,S03-APP01,powershell,88,Privilege Escalation,Attack
A-03-SCN021-01-05,2026-01-14T09:26:00,Telecom,S03-MON01,python,44,Discovery,Attack
A-03-SCN021-01-06,2026-01-14T09:31:00,Telecom,S03-AUTH01,python,79,Lateral Movement,Attack
A-03-SCN021-01-07,2026-01-14T09:36:00,Telecom,S03-DB01,powershell,76,Command and Control,Attack
A-03-SCN021-01-08,2026-01-14T09:43:00,Telecom,S03-VPN01,python,6,Command and Control,Attack
A-03-SCN021-01-09,2026-01-14T09:45:00,Telecom,S03-CTRL01,wmic,49,Command and Control,Attack
A-03-SCN021-02-00,2026-01-14T10:00:00,Telecom,S03-BKP01,curl,23,Reconnaissance,Attack
A-03-SCN021-02-01,2026-01-14T10:07:00,Telecom,S03-VPN01,powershell,32,Initial Access,Attack
A-03-SCN021-02-02,2026-01-14T10:13:00,Telecom,S03-CTRL01,cmd,86,Execution,Attack
A-03-SCN021-02-03,2026-01-14T10:18:00,Telecom,S03-MGMT01,cmd,38,Persistence,Attack
A-03-SCN021-02-04,2026-01-14T10:22:00,Telecom,S03-AUTH01,ssh,74,Privilege Escalation,Attack
A-03-SCN021-02-05,2026-01-14T10:25:00,Telecom,S03-GW01,cmd,92,Discovery,Attack
A-03-SCN021-02-06,2026-01-14T10:30:00,Telecom,S03-BKP01,cmd,43,Lateral Movement,Attack
A-03-SCN021-02-07,2026-01-14T10:36:00,Telecom,S03-VPN01,python,1,Command and Control,Attack
A-03-SCN021-02-08,2026-01-14T10:42:00,Telecom,S03-CTRL01,python,86,Command and Control,Attack
A-03-SCN021-02-09,2026-01-14T10:48:00,Telecom,S03-MGMT01,wmic,8,Command and Control,Attack
A-03-SCN021-03-00,2026-01-14T11:02:00,Telecom,S03-WS01,ssh,10,Reconnaissance,Attack
A-03-SCN021-03-01,2026-01-14T11:06:00,Telecom,S03-CTRL01,wmic,100,Initial Access,Attack
A-03-SCN021-03-02,2026-01-14T11:13:00,Telecom,S03-BKP01,service-host,88,Execution,Attack
A-03-SCN021-03-03,2026-01-14T11:17:00,Telecom,S03-MGMT01,curl,55,Persistence,Attack
A-03-SCN021-03-04,2026-01-14T11:22:00,Telecom,S03-APP01,wmic,79,Privilege Escalation,Attack
A-03-SCN021-03-05,2026-01-14T11:27:00,Telecom,S03-MON01,unknown,49,Discovery,Attack
A-03-SCN021-03-06,2026-01-14T11:32:00,Telecom,S03-WS01,curl,49,Lateral Movement,Attack
A-03-SCN021-03-07,2026-01-14T11:35:00,Telecom,S03-CTRL01,service-host,55,Command and Control,Attack
A-03-SCN021-03-08,2026-01-14T11:41:00,Telecom,S03-BKP01,unknown,77,Command and Control,Attack
A-03-SCN021-03-09,2026-01-14T11:48:00,Telecom,S03-MGMT01,python,39,Command and Control,Attack
A-03-SCN021-04-00,2026-01-14T12:03:00,Telecom,S03-APP01,curl,80,Reconnaissance,Attack
A-03-SCN021-04-01,2026-01-14T12:05:00,Telecom,S03-WS01,ssh,83,Initial Access,Attack
A-03-SCN021-04-02,2026-01-14T12:11:00,Telecom,S03-MON01,unknown,53,Execution,Attack
A-03-SCN021-04-03,2026-01-14T12:16:00,Telecom,S03-GW01,service-host,66,Persistence,Attack
A-03-SCN021-04-04,2026-01-14T12:23:00,Telecom,S03-AUTH01,cmd,73,Privilege Escalation,Attack
A-03-SCN021-04-05,2026-01-14T12:25:00,Telecom,S03-BKP01,powershell,75,Discovery,Attack
A-03-SCN021-04-06,2026-01-14T12:32:00,Telecom,S03-APP01,powershell,74,Lateral Movement,Attack
A-03-SCN021-04-07,2026-01-14T12:36:00,Telecom,S03-WS01,curl,80,Command and Control,Attack
A-03-SCN021-04-08,2026-01-14T12:42:00,Telecom,S03-MON01,service-host,3,Command and Control,Attack
A-03-SCN021-04-09,2026-01-14T12:48:00,Telecom,S03-GW01,ssh,17,Command and Control,Attack
A-03-SCN022-01-00,2026-01-14T09:01:00,Telecom,S03-VPN01,cmd,62,Reconnaissance,Attack
A-03-SCN022-01-01,2026-01-14T09:06:00,Telecom,S03-WS01,powershell,80,Initial Access,Attack
A-03-SCN022-01-02,2026-01-14T09:12:00,Telecom,S03-CTRL01,curl,99,Execution,Attack
A-03-SCN022-01-03,2026-01-14T09:16:00,Telecom,S03-GW01,cmd,69,Discovery,Attack
A-03-SCN022-01-04,2026-01-14T09:21:00,Telecom,S03-APP01,wmic,18,Lateral Movement,Attack
A-03-SCN022-01-05,2026-01-14T09:25:00,Telecom,S03-DB01,unknown,1061,Impact,Attack
A-03-SCN022-01-06,2026-01-14T09:33:00,Telecom,S03-VPN01,cmd,302,Impact,Attack
A-03-SCN022-01-07,2026-01-14T09:35:00,Telecom,S03-WS01,wmic,963,Impact,Attack
A-03-SCN022-01-08,2026-01-14T09:41:00,Telecom,S03-CTRL01,wmic,1565,Impact,Attack
A-03-SCN022-01-09,2026-01-14T09:45:00,Telecom,S03-GW01,python,1350,Impact,Attack
A-03-SCN022-02-00,2026-01-14T10:01:00,Telecom,S03-AUTH01,powershell,14,Reconnaissance,Attack
A-03-SCN022-02-01,2026-01-14T10:05:00,Telecom,S03-MON01,ssh,36,Initial Access,Attack
A-03-SCN022-02-02,2026-01-14T10:11:00,Telecom,S03-MGMT01,powershell,7,Execution,Attack
A-03-SCN022-02-03,2026-01-14T10:16:00,Telecom,S03-DB01,curl,89,Discovery,Attack
A-03-SCN022-02-04,2026-01-14T10:22:00,Telecom,S03-GW01,cmd,80,Lateral Movement,Attack
A-03-SCN022-02-05,2026-01-14T10:25:00,Telecom,S03-BKP01,ssh,85,Impact,Attack
A-03-SCN022-02-06,2026-01-14T10:33:00,Telecom,S03-AUTH01,service-host,689,Impact,Attack
A-03-SCN022-02-07,2026-01-14T10:38:00,Telecom,S03-MON01,powershell,239,Impact,Attack
A-03-SCN022-02-08,2026-01-14T10:42:00,Telecom,S03-MGMT01,wmic,1632,Impact,Attack
A-03-SCN022-02-09,2026-01-14T10:48:00,Telecom,S03-DB01,unknown,1627,Impact,Attack
A-03-SCN022-03-00,2026-01-14T11:03:00,Telecom,S03-VPN01,service-host,96,Reconnaissance,Attack
A-03-SCN022-03-01,2026-01-14T11:05:00,Telecom,S03-DB01,powershell,86,Initial Access,Attack
A-03-SCN022-03-02,2026-01-14T11:10:00,Telecom,S03-WS01,cmd,98,Execution,Attack
A-03-SCN022-03-03,2026-01-14T11:17:00,Telecom,S03-MGMT01,unknown,16,Discovery,Attack
A-03-SCN022-03-04,2026-01-14T11:20:00,Telecom,S03-BKP01,wmic,76,Lateral Movement,Attack
A-03-SCN022-03-05,2026-01-14T11:25:00,Telecom,S03-MON01,cmd,1457,Impact,Attack
A-03-SCN022-03-06,2026-01-14T11:32:00,Telecom,S03-VPN01,wmic,124,Impact,Attack
A-03-SCN022-03-07,2026-01-14T11:35:00,Telecom,S03-DB01,powershell,352,Impact,Attack
A-03-SCN022-03-08,2026-01-14T11:42:00,Telecom,S03-WS01,unknown,1144,Impact,Attack
A-03-SCN022-03-09,2026-01-14T11:47:00,Telecom,S03-MGMT01,powershell,1303,Impact,Attack
A-03-SCN022-04-00,2026-01-14T12:03:00,Telecom,S03-CTRL01,unknown,91,Reconnaissance,Attack
A-03-SCN022-04-01,2026-01-14T12:05:00,Telecom,S03-DB01,unknown,60,Initial Access,Attack
A-03-SCN022-04-02,2026-01-14T12:13:00,Telecom,S03-WS01,service-host,79,Execution,Attack
A-03-SCN022-04-03,2026-01-14T12:17:00,Telecom,S03-GW01,powershell,32,Discovery,Attack
A-03-SCN022-04-04,2026-01-14T12:20:00,Telecom,S03-BKP01,python,41,Lateral Movement,Attack
A-03-SCN022-04-05,2026-01-14T12:28:00,Telecom,S03-MGMT01,cmd,807,Impact,Attack
A-03-SCN022-04-06,2026-01-14T12:30:00,Telecom,S03-CTRL01,wmic,818,Impact,Attack
A-03-SCN022-04-07,2026-01-14T12:36:00,Telecom,S03-DB01,service-host,1108,Impact,Attack
A-03-SCN022-04-08,2026-01-14T12:40:00,Telecom,S03-WS01,powershell,656,Impact,Attack
A-03-SCN022-04-09,2026-01-14T12:48:00,Telecom,S03-GW01,powershell,1753,Impact,Attack
A-03-SCN023-01-00,2026-01-14T09:03:00,Telecom,S03-MON01,unknown,75,Reconnaissance,Attack
A-03-SCN023-01-01,2026-01-14T09:06:00,Telecom,S03-MGMT01,curl,42,Initial Access,Attack
A-03-SCN023-01-02,2026-01-14T09:12:00,Telecom,S03-WS01,wmic,50,Execution,Attack
A-03-SCN023-01-03,2026-01-14T09:18:00,Telecom,S03-GW01,wmic,95,Persistence,Attack
A-03-SCN023-01-04,2026-01-14T09:23:00,Telecom,S03-BKP01,python,18,Privilege Escalation,Attack
A-03-SCN023-01-05,2026-01-14T09:27:00,Telecom,S03-AUTH01,powershell,95,Discovery,Attack
A-03-SCN023-01-06,2026-01-14T09:33:00,Telecom,S03-MON01,cmd,2,Lateral Movement,Attack
A-03-SCN023-01-07,2026-01-14T09:36:00,Telecom,S03-MGMT01,service-host,87,Command and Control,Attack
A-03-SCN023-01-08,2026-01-14T09:41:00,Telecom,S03-WS01,unknown,88,Command and Control,Attack
A-03-SCN023-01-09,2026-01-14T09:48:00,Telecom,S03-GW01,unknown,18,Command and Control,Attack
A-03-SCN023-02-00,2026-01-14T10:02:00,Telecom,S03-APP01,wmic,33,Reconnaissance,Attack
A-03-SCN023-02-01,2026-01-14T10:07:00,Telecom,S03-CTRL01,powershell,0,Initial Access,Attack
A-03-SCN023-02-02,2026-01-14T10:10:00,Telecom,S03-WS01,unknown,18,Execution,Attack
A-03-SCN023-02-03,2026-01-14T10:16:00,Telecom,S03-MGMT01,powershell,96,Persistence,Attack
A-03-SCN023-02-04,2026-01-14T10:20:00,Telecom,S03-MON01,service-host,81,Privilege Escalation,Attack
A-03-SCN023-02-05,2026-01-14T10:26:00,Telecom,S03-BKP01,unknown,27,Discovery,Attack
A-03-SCN023-02-06,2026-01-14T10:31:00,Telecom,S03-APP01,ssh,29,Lateral Movement,Attack
A-03-SCN023-02-07,2026-01-14T10:35:00,Telecom,S03-CTRL01,service-host,7,Command and Control,Attack
A-03-SCN023-02-08,2026-01-14T10:41:00,Telecom,S03-WS01,powershell,32,Command and Control,Attack
A-03-SCN023-02-09,2026-01-14T10:45:00,Telecom,S03-MGMT01,powershell,59,Command and Control,Attack
A-03-SCN023-03-00,2026-01-14T11:03:00,Telecom,S03-MON01,cmd,17,Reconnaissance,Attack
A-03-SCN023-03-01,2026-01-14T11:06:00,Telecom,S03-BKP01,service-host,85,Initial Access,Attack
A-03-SCN023-03-02,2026-01-14T11:12:00,Telecom,S03-MGMT01,unknown,81,Execution,Attack
A-03-SCN023-03-03,2026-01-14T11:17:00,Telecom,S03-DB01,unknown,38,Persistence,Attack
A-03-SCN023-03-04,2026-01-14T11:23:00,Telecom,S03-AUTH01,unknown,52,Privilege Escalation,Attack
A-03-SCN023-03-05,2026-01-14T11:28:00,Telecom,S03-CTRL01,powershell,71,Discovery,Attack
A-03-SCN023-03-06,2026-01-14T11:33:00,Telecom,S03-MON01,python,64,Lateral Movement,Attack
A-03-SCN023-03-07,2026-01-14T11:36:00,Telecom,S03-BKP01,service-host,78,Command and Control,Attack
A-03-SCN023-03-08,2026-01-14T11:40:00,Telecom,S03-MGMT01,wmic,85,Command and Control,Attack
A-03-SCN023-03-09,2026-01-14T11:46:00,Telecom,S03-DB01,python,65,Command and Control,Attack
A-03-SCN023-04-00,2026-01-14T12:01:00,Telecom,S03-CTRL01,cmd,68,Reconnaissance,Attack
A-03-SCN023-04-01,2026-01-14T12:06:00,Telecom,S03-GW01,curl,24,Initial Access,Attack
A-03-SCN023-04-02,2026-01-14T12:12:00,Telecom,S03-MGMT01,curl,24,Execution,Attack
A-03-SCN023-04-03,2026-01-14T12:18:00,Telecom,S03-DB01,python,42,Persistence,Attack
A-03-SCN023-04-04,2026-01-14T12:22:00,Telecom,S03-MON01,cmd,57,Privilege Escalation,Attack
A-03-SCN023-04-05,2026-01-14T12:26:00,Telecom,S03-AUTH01,ssh,53,Discovery,Attack
A-03-SCN023-04-06,2026-01-14T12:31:00,Telecom,S03-CTRL01,wmic,16,Lateral Movement,Attack
A-03-SCN023-04-07,2026-01-14T12:37:00,Telecom,S03-GW01,wmic,24,Command and Control,Attack
A-03-SCN023-04-08,2026-01-14T12:41:00,Telecom,S03-MGMT01,python,93,Command and Control,Attack
A-03-SCN023-04-09,2026-01-14T12:47:00,Telecom,S03-DB01,cmd,4,Command and Control,Attack
A-03-SCN024-01-00,2026-01-14T09:01:00,Telecom,S03-GW01,service-host,28,Reconnaissance,Attack
A-03-SCN024-01-01,2026-01-14T09:07:00,Telecom,S03-AUTH01,curl,13,Initial Access,Attack
A-03-SCN024-01-02,2026-01-14T09:13:00,Telecom,S03-APP01,wmic,58,Execution,Attack
A-03-SCN024-01-03,2026-01-14T09:15:00,Telecom,S03-VPN01,ssh,58,Persistence,Attack
A-03-SCN024-01-04,2026-01-14T09:22:00,Telecom,S03-MGMT01,python,19,Privilege Escalation,Attack
A-03-SCN024-01-05,2026-01-14T09:26:00,Telecom,S03-DB01,ssh,29,Discovery,Attack
A-03-SCN024-01-06,2026-01-14T09:32:00,Telecom,S03-GW01,ssh,60,Lateral Movement,Attack
A-03-SCN024-01-07,2026-01-14T09:36:00,Telecom,S03-AUTH01,cmd,67,Command and Control,Attack
A-03-SCN024-01-08,2026-01-14T09:43:00,Telecom,S03-APP01,powershell,87,Command and Control,Attack
A-03-SCN024-01-09,2026-01-14T09:45:00,Telecom,S03-VPN01,wmic,61,Command and Control,Attack
A-03-SCN024-02-00,2026-01-14T10:01:00,Telecom,S03-WS01,powershell,95,Reconnaissance,Attack
A-03-SCN024-02-01,2026-01-14T10:06:00,Telecom,S03-AUTH01,ssh,85,Initial Access,Attack
A-03-SCN024-02-02,2026-01-14T10:13:00,Telecom,S03-BKP01,wmic,87,Execution,Attack
A-03-SCN024-02-03,2026-01-14T10:18:00,Telecom,S03-GW01,curl,50,Persistence,Attack
A-03-SCN024-02-04,2026-01-14T10:20:00,Telecom,S03-VPN01,ssh,59,Privilege Escalation,Attack
A-03-SCN024-02-05,2026-01-14T10:26:00,Telecom,S03-APP01,cmd,20,Discovery,Attack
A-03-SCN024-02-06,2026-01-14T10:32:00,Telecom,S03-WS01,curl,51,Lateral Movement,Attack
A-03-SCN024-02-07,2026-01-14T10:35:00,Telecom,S03-AUTH01,service-host,5,Command and Control,Attack
A-03-SCN024-02-08,2026-01-14T10:41:00,Telecom,S03-BKP01,wmic,57,Command and Control,Attack
A-03-SCN024-02-09,2026-01-14T10:45:00,Telecom,S03-GW01,python,48,Command and Control,Attack
A-03-SCN024-03-00,2026-01-14T11:01:00,Telecom,S03-MGMT01,python,3,Reconnaissance,Attack
A-03-SCN024-03-01,2026-01-14T11:07:00,Telecom,S03-BKP01,wmic,90,Initial Access,Attack
A-03-SCN024-03-02,2026-01-14T11:12:00,Telecom,S03-VPN01,cmd,84,Execution,Attack
A-03-SCN024-03-03,2026-01-14T11:17:00,Telecom,S03-APP01,unknown,98,Persistence,Attack
A-03-SCN024-03-04,2026-01-14T11:23:00,Telecom,S03-CTRL01,wmic,63,Privilege Escalation,Attack
A-03-SCN024-03-05,2026-01-14T11:28:00,Telecom,S03-DB01,ssh,21,Discovery,Attack
A-03-SCN024-03-06,2026-01-14T11:31:00,Telecom,S03-MGMT01,unknown,29,Lateral Movement,Attack
A-03-SCN024-03-07,2026-01-14T11:36:00,Telecom,S03-BKP01,unknown,43,Command and Control,Attack
A-03-SCN024-03-08,2026-01-14T11:41:00,Telecom,S03-VPN01,cmd,10,Command and Control,Attack
A-03-SCN024-03-09,2026-01-14T11:45:00,Telecom,S03-APP01,unknown,85,Command and Control,Attack
A-03-SCN024-04-00,2026-01-14T12:03:00,Telecom,S03-AUTH01,powershell,81,Reconnaissance,Attack
A-03-SCN024-04-01,2026-01-14T12:08:00,Telecom,S03-WS01,service-host,6,Initial Access,Attack
A-03-SCN024-04-02,2026-01-14T12:10:00,Telecom,S03-CTRL01,cmd,5,Execution,Attack
A-03-SCN024-04-03,2026-01-14T12:17:00,Telecom,S03-MON01,curl,16,Persistence,Attack
A-03-SCN024-04-04,2026-01-14T12:20:00,Telecom,S03-GW01,wmic,29,Privilege Escalation,Attack
A-03-SCN024-04-05,2026-01-14T12:26:00,Telecom,S03-BKP01,powershell,42,Discovery,Attack
A-03-SCN024-04-06,2026-01-14T12:30:00,Telecom,S03-AUTH01,unknown,39,Lateral Movement,Attack
A-03-SCN024-04-07,2026-01-14T12:36:00,Telecom,S03-WS01,wmic,29,Command and Control,Attack
A-03-SCN024-04-08,2026-01-14T12:40:00,Telecom,S03-CTRL01,wmic,46,Command and Control,Attack
A-03-SCN024-04-09,2026-01-14T12:45:00,Telecom,S03-MON01,python,51,Command and Control,Attack
A-03-SCN025-01-00,2026-01-14T09:00:00,Telecom,S03-VPN01,wmic,69,Reconnaissance,Attack
A-03-SCN025-01-01,2026-01-14T09:06:00,Telecom,S03-MGMT01,python,56,Initial Access,Attack
A-03-SCN025-01-02,2026-01-14T09:10:00,Telecom,S03-GW01,powershell,28,Execution,Attack
A-03-SCN025-01-03,2026-01-14T09:16:00,Telecom,S03-BKP01,wmic,73,Persistence,Attack
A-03-SCN025-01-04,2026-01-14T09:21:00,Telecom,S03-APP01,curl,17,Privilege Escalation,Attack
A-03-SCN025-01-05,2026-01-14T09:26:00,Telecom,S03-CTRL01,powershell,90,Discovery,Attack
A-03-SCN025-01-06,2026-01-14T09:32:00,Telecom,S03-VPN01,unknown,91,Lateral Movement,Attack
A-03-SCN025-01-07,2026-01-14T09:36:00,Telecom,S03-MGMT01,ssh,30,Command and Control,Attack
A-03-SCN025-01-08,2026-01-14T09:43:00,Telecom,S03-GW01,ssh,1,Command and Control,Attack
A-03-SCN025-01-09,2026-01-14T09:48:00,Telecom,S03-BKP01,unknown,45,Command and Control,Attack
A-03-SCN025-02-00,2026-01-14T10:00:00,Telecom,S03-GW01,wmic,18,Reconnaissance,Attack
A-03-SCN025-02-01,2026-01-14T10:07:00,Telecom,S03-VPN01,service-host,30,Initial Access,Attack
A-03-SCN025-02-02,2026-01-14T10:11:00,Telecom,S03-AUTH01,ssh,64,Execution,Attack
A-03-SCN025-02-03,2026-01-14T10:17:00,Telecom,S03-APP01,powershell,84,Persistence,Attack
A-03-SCN025-02-04,2026-01-14T10:22:00,Telecom,S03-WS01,python,24,Privilege Escalation,Attack
A-03-SCN025-02-05,2026-01-14T10:26:00,Telecom,S03-BKP01,cmd,71,Discovery,Attack
A-03-SCN025-02-06,2026-01-14T10:30:00,Telecom,S03-GW01,cmd,65,Lateral Movement,Attack
A-03-SCN025-02-07,2026-01-14T10:36:00,Telecom,S03-VPN01,curl,47,Command and Control,Attack
A-03-SCN025-02-08,2026-01-14T10:41:00,Telecom,S03-AUTH01,cmd,27,Command and Control,Attack
A-03-SCN025-02-09,2026-01-14T10:46:00,Telecom,S03-APP01,powershell,12,Command and Control,Attack
A-03-SCN025-03-00,2026-01-14T11:03:00,Telecom,S03-BKP01,wmic,94,Reconnaissance,Attack
A-03-SCN025-03-01,2026-01-14T11:07:00,Telecom,S03-GW01,service-host,55,Initial Access,Attack
A-03-SCN025-03-02,2026-01-14T11:10:00,Telecom,S03-DB01,service-host,98,Execution,Attack
A-03-SCN025-03-03,2026-01-14T11:17:00,Telecom,S03-AUTH01,wmic,84,Persistence,Attack
A-03-SCN025-03-04,2026-01-14T11:20:00,Telecom,S03-VPN01,powershell,28,Privilege Escalation,Attack
A-03-SCN025-03-05,2026-01-14T11:26:00,Telecom,S03-APP01,unknown,99,Discovery,Attack
A-03-SCN025-03-06,2026-01-14T11:33:00,Telecom,S03-BKP01,powershell,69,Lateral Movement,Attack
A-03-SCN025-03-07,2026-01-14T11:38:00,Telecom,S03-GW01,service-host,1,Command and Control,Attack
A-03-SCN025-03-08,2026-01-14T11:40:00,Telecom,S03-DB01,curl,0,Command and Control,Attack
A-03-SCN025-03-09,2026-01-14T11:48:00,Telecom,S03-AUTH01,unknown,18,Command and Control,Attack
A-03-SCN025-04-00,2026-01-14T12:00:00,Telecom,S03-AUTH01,python,25,Reconnaissance,Attack
A-03-SCN025-04-01,2026-01-14T12:06:00,Telecom,S03-CTRL01,ssh,21,Initial Access,Attack
A-03-SCN025-04-02,2026-01-14T12:13:00,Telecom,S03-WS01,ssh,75,Execution,Attack
A-03-SCN025-04-03,2026-01-14T12:18:00,Telecom,S03-VPN01,ssh,60,Persistence,Attack
A-03-SCN025-04-04,2026-01-14T12:23:00,Telecom,S03-DB01,powershell,23,Privilege Escalation,Attack
A-03-SCN025-04-05,2026-01-14T12:26:00,Telecom,S03-MGMT01,ssh,13,Discovery,Attack
A-03-SCN025-04-06,2026-01-14T12:30:00,Telecom,S03-AUTH01,service-host,76,Lateral Movement,Attack
A-03-SCN025-04-07,2026-01-14T12:36:00,Telecom,S03-CTRL01,unknown,30,Command and Control,Attack
A-03-SCN025-04-08,2026-01-14T12:41:00,Telecom,S03-WS01,ssh,63,Command and Control,Attack
A-03-SCN025-04-09,2026-01-14T12:45:00,Telecom,S03-VPN01,service-host,79,Command and Control,Attack
A-03-SCN026-01-00,2026-01-14T09:02:00,Telecom,S03-GW01,curl,3,Reconnaissance,Attack
A-03-SCN026-01-01,2026-01-14T09:07:00,Telecom,S03-MGMT01,wmic,89,Initial Access,Attack
A-03-SCN026-01-02,2026-01-14T09:13:00,Telecom,S03-DB01,service-host,82,Execution,Attack
A-03-SCN026-01-03,2026-01-14T09:17:00,Telecom,S03-VPN01,curl,14,Persistence,Attack
A-03-SCN026-01-04,2026-01-14T09:23:00,Telecom,S03-WS01,unknown,62,Privilege Escalation,Attack
A-03-SCN026-01-05,2026-01-14T09:26:00,Telecom,S03-MON01,service-host,16,Discovery,Attack
A-03-SCN026-01-06,2026-01-14T09:31:00,Telecom,S03-GW01,cmd,79,Lateral Movement,Attack
A-03-SCN026-01-07,2026-01-14T09:37:00,Telecom,S03-MGMT01,service-host,69,Command and Control,Attack
A-03-SCN026-01-08,2026-01-14T09:43:00,Telecom,S03-DB01,wmic,17,Command and Control,Attack
A-03-SCN026-01-09,2026-01-14T09:45:00,Telecom,S03-VPN01,curl,91,Command and Control,Attack
A-03-SCN026-02-00,2026-01-14T10:02:00,Telecom,S03-VPN01,cmd,40,Reconnaissance,Attack
A-03-SCN026-02-01,2026-01-14T10:07:00,Telecom,S03-MGMT01,powershell,79,Initial Access,Attack
A-03-SCN026-02-02,2026-01-14T10:12:00,Telecom,S03-MON01,service-host,23,Execution,Attack
A-03-SCN026-02-03,2026-01-14T10:15:00,Telecom,S03-BKP01,unknown,72,Persistence,Attack
A-03-SCN026-02-04,2026-01-14T10:23:00,Telecom,S03-GW01,wmic,98,Privilege Escalation,Attack
A-03-SCN026-02-05,2026-01-14T10:25:00,Telecom,S03-APP01,service-host,1,Discovery,Attack
A-03-SCN026-02-06,2026-01-14T10:31:00,Telecom,S03-VPN01,python,12,Lateral Movement,Attack
A-03-SCN026-02-07,2026-01-14T10:37:00,Telecom,S03-MGMT01,unknown,9,Command and Control,Attack
A-03-SCN026-02-08,2026-01-14T10:43:00,Telecom,S03-MON01,wmic,68,Command and Control,Attack
A-03-SCN026-02-09,2026-01-14T10:48:00,Telecom,S03-BKP01,unknown,64,Command and Control,Attack
A-03-SCN026-03-00,2026-01-14T11:00:00,Telecom,S03-MGMT01,python,11,Reconnaissance,Attack
A-03-SCN026-03-01,2026-01-14T11:07:00,Telecom,S03-DB01,cmd,27,Initial Access,Attack
A-03-SCN026-03-02,2026-01-14T11:11:00,Telecom,S03-APP01,cmd,51,Execution,Attack
A-03-SCN026-03-03,2026-01-14T11:15:00,Telecom,S03-WS01,cmd,25,Persistence,Attack
A-03-SCN026-03-04,2026-01-14T11:22:00,Telecom,S03-BKP01,python,38,Privilege Escalation,Attack
A-03-SCN026-03-05,2026-01-14T11:26:00,Telecom,S03-CTRL01,ssh,56,Discovery,Attack
A-03-SCN026-03-06,2026-01-14T11:31:00,Telecom,S03-MGMT01,service-host,92,Lateral Movement,Attack
A-03-SCN026-03-07,2026-01-14T11:36:00,Telecom,S03-DB01,unknown,17,Command and Control,Attack
A-03-SCN026-03-08,2026-01-14T11:41:00,Telecom,S03-APP01,cmd,51,Command and Control,Attack
A-03-SCN026-03-09,2026-01-14T11:45:00,Telecom,S03-WS01,powershell,9,Command and Control,Attack
A-03-SCN026-04-00,2026-01-14T12:03:00,Telecom,S03-BKP01,cmd,53,Reconnaissance,Attack
A-03-SCN026-04-01,2026-01-14T12:08:00,Telecom,S03-MGMT01,cmd,41,Initial Access,Attack
A-03-SCN026-04-02,2026-01-14T12:12:00,Telecom,S03-CTRL01,python,35,Execution,Attack
A-03-SCN026-04-03,2026-01-14T12:17:00,Telecom,S03-WS01,powershell,43,Persistence,Attack
A-03-SCN026-04-04,2026-01-14T12:21:00,Telecom,S03-APP01,curl,78,Privilege Escalation,Attack
A-03-SCN026-04-05,2026-01-14T12:28:00,Telecom,S03-MON01,python,75,Discovery,Attack
A-03-SCN026-04-06,2026-01-14T12:31:00,Telecom,S03-BKP01,ssh,98,Lateral Movement,Attack
A-03-SCN026-04-07,2026-01-14T12:37:00,Telecom,S03-MGMT01,python,86,Command and Control,Attack
A-03-SCN026-04-08,2026-01-14T12:43:00,Telecom,S03-CTRL01,unknown,79,Command and Control,Attack
A-03-SCN026-04-09,2026-01-14T12:47:00,Telecom,S03-WS01,cmd,38,Command and Control,Attack
A-03-SCN027-01-00,2026-01-14T09:02:00,Telecom,S03-DB01,curl,44,Reconnaissance,Attack
A-03-SCN027-01-01,2026-01-14T09:08:00,Telecom,S03-VPN01,powershell,98,Initial Access,Attack
A-03-SCN027-01-02,2026-01-14T09:13:00,Telecom,S03-GW01,unknown,13,Credential Access,Attack
A-03-SCN027-01-03,2026-01-14T09:18:00,Telecom,S03-MGMT01,python,78,Discovery,Attack
A-03-SCN027-01-04,2026-01-14T09:23:00,Telecom,S03-CTRL01,cmd,24,Lateral Movement,Attack
A-03-SCN027-01-05,2026-01-14T09:28:00,Telecom,S03-WS01,powershell,154,Collection,Attack
A-03-SCN027-01-06,2026-01-14T09:31:00,Telecom,S03-DB01,curl,1857,Collection,Attack
A-03-SCN027-01-07,2026-01-14T09:36:00,Telecom,S03-VPN01,curl,1481,Collection,Attack
A-03-SCN027-01-08,2026-01-14T09:43:00,Telecom,S03-GW01,ssh,61,Collection,Attack
A-03-SCN027-01-09,2026-01-14T09:47:00,Telecom,S03-MGMT01,unknown,802,Collection,Attack
A-03-SCN027-02-00,2026-01-14T10:00:00,Telecom,S03-MGMT01,service-host,12,Reconnaissance,Attack
A-03-SCN027-02-01,2026-01-14T10:06:00,Telecom,S03-VPN01,curl,0,Initial Access,Attack
A-03-SCN027-02-02,2026-01-14T10:11:00,Telecom,S03-DB01,unknown,11,Credential Access,Attack
A-03-SCN027-02-03,2026-01-14T10:18:00,Telecom,S03-MON01,wmic,13,Discovery,Attack
A-03-SCN027-02-04,2026-01-14T10:23:00,Telecom,S03-AUTH01,powershell,34,Lateral Movement,Attack
A-03-SCN027-02-05,2026-01-14T10:27:00,Telecom,S03-WS01,cmd,232,Collection,Attack
A-03-SCN027-02-06,2026-01-14T10:30:00,Telecom,S03-MGMT01,service-host,1928,Collection,Attack
A-03-SCN027-02-07,2026-01-14T10:37:00,Telecom,S03-VPN01,ssh,112,Collection,Attack
A-03-SCN027-02-08,2026-01-14T10:43:00,Telecom,S03-DB01,service-host,577,Collection,Attack
A-03-SCN027-02-09,2026-01-14T10:47:00,Telecom,S03-MON01,curl,463,Collection,Attack
A-03-SCN027-03-00,2026-01-14T11:02:00,Telecom,S03-VPN01,curl,76,Reconnaissance,Attack
A-03-SCN027-03-01,2026-01-14T11:05:00,Telecom,S03-WS01,service-host,62,Initial Access,Attack
A-03-SCN027-03-02,2026-01-14T11:10:00,Telecom,S03-MON01,unknown,1,Credential Access,Attack
A-03-SCN027-03-03,2026-01-14T11:16:00,Telecom,S03-BKP01,python,29,Discovery,Attack
A-03-SCN027-03-04,2026-01-14T11:20:00,Telecom,S03-APP01,python,64,Lateral Movement,Attack
A-03-SCN027-03-05,2026-01-14T11:28:00,Telecom,S03-MGMT01,powershell,310,Collection,Attack
A-03-SCN027-03-06,2026-01-14T11:32:00,Telecom,S03-VPN01,wmic,522,Collection,Attack
A-03-SCN027-03-07,2026-01-14T11:37:00,Telecom,S03-WS01,wmic,565,Collection,Attack
A-03-SCN027-03-08,2026-01-14T11:42:00,Telecom,S03-MON01,service-host,1942,Collection,Attack
A-03-SCN027-03-09,2026-01-14T11:45:00,Telecom,S03-BKP01,wmic,528,Collection,Attack
A-03-SCN027-04-00,2026-01-14T12:00:00,Telecom,S03-WS01,python,30,Reconnaissance,Attack
A-03-SCN027-04-01,2026-01-14T12:05:00,Telecom,S03-BKP01,service-host,15,Initial Access,Attack
A-03-SCN027-04-02,2026-01-14T12:11:00,Telecom,S03-DB01,ssh,42,Credential Access,Attack
A-03-SCN027-04-03,2026-01-14T12:17:00,Telecom,S03-GW01,wmic,53,Discovery,Attack
A-03-SCN027-04-04,2026-01-14T12:23:00,Telecom,S03-MON01,unknown,94,Lateral Movement,Attack
A-03-SCN027-04-05,2026-01-14T12:28:00,Telecom,S03-CTRL01,ssh,1910,Collection,Attack
A-03-SCN027-04-06,2026-01-14T12:32:00,Telecom,S03-WS01,ssh,363,Collection,Attack
A-03-SCN027-04-07,2026-01-14T12:35:00,Telecom,S03-BKP01,wmic,840,Collection,Attack
A-03-SCN027-04-08,2026-01-14T12:40:00,Telecom,S03-DB01,python,100,Collection,Attack
A-03-SCN027-04-09,2026-01-14T12:47:00,Telecom,S03-GW01,curl,1687,Collection,Attack
A-03-SCN028-01-00,2026-01-14T09:01:00,Telecom,S03-DB01,cmd,2,Reconnaissance,Attack
A-03-SCN028-01-01,2026-01-14T09:06:00,Telecom,S03-BKP01,powershell,58,Initial Access,Attack
A-03-SCN028-01-02,2026-01-14T09:13:00,Telecom,S03-VPN01,curl,1,Execution,Attack
A-03-SCN028-01-03,2026-01-14T09:15:00,Telecom,S03-MON01,powershell,75,Persistence,Attack
A-03-SCN028-01-04,2026-01-14T09:22:00,Telecom,S03-MGMT01,powershell,83,Privilege Escalation,Attack
A-03-SCN028-01-05,2026-01-14T09:26:00,Telecom,S03-GW01,unknown,54,Discovery,Attack
A-03-SCN028-01-06,2026-01-14T09:31:00,Telecom,S03-DB01,ssh,13,Lateral Movement,Attack
A-03-SCN028-01-07,2026-01-14T09:36:00,Telecom,S03-BKP01,python,49,Command and Control,Attack
A-03-SCN028-01-08,2026-01-14T09:42:00,Telecom,S03-VPN01,ssh,22,Command and Control,Attack
A-03-SCN028-01-09,2026-01-14T09:45:00,Telecom,S03-MON01,python,28,Command and Control,Attack
A-03-SCN028-02-00,2026-01-14T10:02:00,Telecom,S03-WS01,curl,12,Reconnaissance,Attack
A-03-SCN028-02-01,2026-01-14T10:06:00,Telecom,S03-AUTH01,python,15,Initial Access,Attack
A-03-SCN028-02-02,2026-01-14T10:12:00,Telecom,S03-VPN01,ssh,54,Execution,Attack
A-03-SCN028-02-03,2026-01-14T10:17:00,Telecom,S03-GW01,ssh,2,Persistence,Attack
A-03-SCN028-02-04,2026-01-14T10:20:00,Telecom,S03-CTRL01,curl,77,Privilege Escalation,Attack
A-03-SCN028-02-05,2026-01-14T10:27:00,Telecom,S03-APP01,wmic,35,Discovery,Attack
A-03-SCN028-02-06,2026-01-14T10:31:00,Telecom,S03-WS01,wmic,80,Lateral Movement,Attack
A-03-SCN028-02-07,2026-01-14T10:37:00,Telecom,S03-AUTH01,service-host,47,Command and Control,Attack
A-03-SCN028-02-08,2026-01-14T10:42:00,Telecom,S03-VPN01,wmic,91,Command and Control,Attack
A-03-SCN028-02-09,2026-01-14T10:45:00,Telecom,S03-GW01,powershell,1,Command and Control,Attack
A-03-SCN028-03-00,2026-01-14T11:02:00,Telecom,S03-BKP01,python,46,Reconnaissance,Attack
A-03-SCN028-03-01,2026-01-14T11:07:00,Telecom,S03-CTRL01,wmic,11,Initial Access,Attack
A-03-SCN028-03-02,2026-01-14T11:12:00,Telecom,S03-VPN01,curl,48,Execution,Attack
A-03-SCN028-03-03,2026-01-14T11:18:00,Telecom,S03-WS01,unknown,38,Persistence,Attack
A-03-SCN028-03-04,2026-01-14T11:21:00,Telecom,S03-MGMT01,cmd,35,Privilege Escalation,Attack
A-03-SCN028-03-05,2026-01-14T11:25:00,Telecom,S03-MON01,unknown,46,Discovery,Attack
A-03-SCN028-03-06,2026-01-14T11:31:00,Telecom,S03-BKP01,curl,97,Lateral Movement,Attack
A-03-SCN028-03-07,2026-01-14T11:35:00,Telecom,S03-CTRL01,ssh,97,Command and Control,Attack
A-03-SCN028-03-08,2026-01-14T11:43:00,Telecom,S03-VPN01,ssh,90,Command and Control,Attack
A-03-SCN028-03-09,2026-01-14T11:47:00,Telecom,S03-WS01,ssh,30,Command and Control,Attack
A-03-SCN028-04-00,2026-01-14T12:02:00,Telecom,S03-VPN01,curl,75,Reconnaissance,Attack
A-03-SCN028-04-01,2026-01-14T12:07:00,Telecom,S03-AUTH01,powershell,43,Initial Access,Attack
A-03-SCN028-04-02,2026-01-14T12:10:00,Telecom,S03-MON01,python,20,Execution,Attack
A-03-SCN028-04-03,2026-01-14T12:16:00,Telecom,S03-WS01,service-host,73,Persistence,Attack
A-03-SCN028-04-04,2026-01-14T12:22:00,Telecom,S03-CTRL01,powershell,65,Privilege Escalation,Attack
A-03-SCN028-04-05,2026-01-14T12:25:00,Telecom,S03-GW01,ssh,0,Discovery,Attack
A-03-SCN028-04-06,2026-01-14T12:30:00,Telecom,S03-VPN01,ssh,32,Lateral Movement,Attack
A-03-SCN028-04-07,2026-01-14T12:36:00,Telecom,S03-AUTH01,service-host,25,Command and Control,Attack
A-03-SCN028-04-08,2026-01-14T12:40:00,Telecom,S03-MON01,curl,85,Command and Control,Attack
A-03-SCN028-04-09,2026-01-14T12:47:00,Telecom,S03-WS01,unknown,2,Command and Control,Attack
A-03-SCN029-01-00,2026-01-14T09:00:00,Telecom,S03-VPN01,python,2,Reconnaissance,Attack
A-03-SCN029-01-01,2026-01-14T09:06:00,Telecom,S03-MON01,curl,10,Initial Access,Attack
A-03-SCN029-01-02,2026-01-14T09:13:00,Telecom,S03-APP01,unknown,73,Execution,Attack
A-03-SCN029-01-03,2026-01-14T09:17:00,Telecom,S03-AUTH01,cmd,81,Persistence,Attack
A-03-SCN029-01-04,2026-01-14T09:22:00,Telecom,S03-DB01,powershell,5,Privilege Escalation,Attack
A-03-SCN029-01-05,2026-01-14T09:26:00,Telecom,S03-BKP01,unknown,25,Discovery,Attack
A-03-SCN029-01-06,2026-01-14T09:33:00,Telecom,S03-VPN01,python,35,Lateral Movement,Attack
A-03-SCN029-01-07,2026-01-14T09:35:00,Telecom,S03-MON01,unknown,0,Command and Control,Attack
A-03-SCN029-01-08,2026-01-14T09:43:00,Telecom,S03-APP01,ssh,27,Command and Control,Attack
A-03-SCN029-01-09,2026-01-14T09:48:00,Telecom,S03-AUTH01,ssh,40,Command and Control,Attack
A-03-SCN029-02-00,2026-01-14T10:00:00,Telecom,S03-AUTH01,wmic,75,Reconnaissance,Attack
A-03-SCN029-02-01,2026-01-14T10:06:00,Telecom,S03-WS01,python,3,Initial Access,Attack
A-03-SCN029-02-02,2026-01-14T10:11:00,Telecom,S03-CTRL01,curl,21,Execution,Attack
A-03-SCN029-02-03,2026-01-14T10:16:00,Telecom,S03-MON01,service-host,6,Persistence,Attack
A-03-SCN029-02-04,2026-01-14T10:23:00,Telecom,S03-BKP01,cmd,58,Privilege Escalation,Attack
A-03-SCN029-02-05,2026-01-14T10:28:00,Telecom,S03-APP01,python,24,Discovery,Attack
A-03-SCN029-02-06,2026-01-14T10:30:00,Telecom,S03-AUTH01,powershell,95,Lateral Movement,Attack
A-03-SCN029-02-07,2026-01-14T10:35:00,Telecom,S03-WS01,ssh,34,Command and Control,Attack
A-03-SCN029-02-08,2026-01-14T10:43:00,Telecom,S03-CTRL01,wmic,32,Command and Control,Attack
A-03-SCN029-02-09,2026-01-14T10:46:00,Telecom,S03-MON01,ssh,72,Command and Control,Attack
A-03-SCN029-03-00,2026-01-14T11:02:00,Telecom,S03-WS01,unknown,64,Reconnaissance,Attack
A-03-SCN029-03-01,2026-01-14T11:07:00,Telecom,S03-AUTH01,python,17,Initial Access,Attack
A-03-SCN029-03-02,2026-01-14T11:10:00,Telecom,S03-MON01,wmic,63,Execution,Attack
A-03-SCN029-03-03,2026-01-14T11:18:00,Telecom,S03-GW01,ssh,25,Persistence,Attack
A-03-SCN029-03-04,2026-01-14T11:21:00,Telecom,S03-MGMT01,ssh,97,Privilege Escalation,Attack
A-03-SCN029-03-05,2026-01-14T11:26:00,Telecom,S03-APP01,python,68,Discovery,Attack
A-03-SCN029-03-06,2026-01-14T11:31:00,Telecom,S03-WS01,powershell,92,Lateral Movement,Attack
A-03-SCN029-03-07,2026-01-14T11:37:00,Telecom,S03-AUTH01,cmd,73,Command and Control,Attack
A-03-SCN029-03-08,2026-01-14T11:41:00,Telecom,S03-MON01,unknown,85,Command and Control,Attack
A-03-SCN029-03-09,2026-01-14T11:46:00,Telecom,S03-GW01,curl,8,Command and Control,Attack
A-03-SCN029-04-00,2026-01-14T12:03:00,Telecom,S03-APP01,unknown,25,Reconnaissance,Attack
A-03-SCN029-04-01,2026-01-14T12:05:00,Telecom,S03-WS01,wmic,10,Initial Access,Attack
A-03-SCN029-04-02,2026-01-14T12:12:00,Telecom,S03-BKP01,ssh,32,Execution,Attack
A-03-SCN029-04-03,2026-01-14T12:18:00,Telecom,S03-VPN01,wmic,79,Persistence,Attack
A-03-SCN029-04-04,2026-01-14T12:22:00,Telecom,S03-DB01,curl,11,Privilege Escalation,Attack
A-03-SCN029-04-05,2026-01-14T12:26:00,Telecom,S03-CTRL01,curl,49,Discovery,Attack
A-03-SCN029-04-06,2026-01-14T12:31:00,Telecom,S03-APP01,service-host,2,Lateral Movement,Attack
A-03-SCN029-04-07,2026-01-14T12:35:00,Telecom,S03-WS01,python,98,Command and Control,Attack
A-03-SCN029-04-08,2026-01-14T12:42:00,Telecom,S03-BKP01,service-host,63,Command and Control,Attack
A-03-SCN029-04-09,2026-01-14T12:46:00,Telecom,S03-VPN01,ssh,3,Command and Control,Attack
A-03-SCN030-01-00,2026-01-14T09:01:00,Telecom,S03-BKP01,cmd,64,Reconnaissance,Attack
A-03-SCN030-01-01,2026-01-14T09:08:00,Telecom,S03-AUTH01,cmd,72,Initial Access,Attack
A-03-SCN030-01-02,2026-01-14T09:12:00,Telecom,S03-CTRL01,python,32,Execution,Attack
A-03-SCN030-01-03,2026-01-14T09:18:00,Telecom,S03-APP01,cmd,56,Persistence,Attack
A-03-SCN030-01-04,2026-01-14T09:20:00,Telecom,S03-WS01,curl,96,Privilege Escalation,Attack
A-03-SCN030-01-05,2026-01-14T09:26:00,Telecom,S03-MON01,python,100,Discovery,Attack
A-03-SCN030-01-06,2026-01-14T09:31:00,Telecom,S03-BKP01,cmd,81,Lateral Movement,Attack
A-03-SCN030-01-07,2026-01-14T09:36:00,Telecom,S03-AUTH01,cmd,76,Command and Control,Attack
A-03-SCN030-01-08,2026-01-14T09:41:00,Telecom,S03-CTRL01,powershell,23,Command and Control,Attack
A-03-SCN030-01-09,2026-01-14T09:48:00,Telecom,S03-APP01,wmic,45,Command and Control,Attack
A-03-SCN030-02-00,2026-01-14T10:00:00,Telecom,S03-MON01,cmd,52,Reconnaissance,Attack
A-03-SCN030-02-01,2026-01-14T10:08:00,Telecom,S03-BKP01,service-host,42,Initial Access,Attack
A-03-SCN030-02-02,2026-01-14T10:12:00,Telecom,S03-DB01,unknown,67,Execution,Attack
A-03-SCN030-02-03,2026-01-14T10:18:00,Telecom,S03-APP01,curl,6,Persistence,Attack
A-03-SCN030-02-04,2026-01-14T10:23:00,Telecom,S03-WS01,cmd,6,Privilege Escalation,Attack
A-03-SCN030-02-05,2026-01-14T10:25:00,Telecom,S03-AUTH01,python,16,Discovery,Attack
A-03-SCN030-02-06,2026-01-14T10:31:00,Telecom,S03-MON01,curl,49,Lateral Movement,Attack
A-03-SCN030-02-07,2026-01-14T10:35:00,Telecom,S03-BKP01,curl,92,Command and Control,Attack
A-03-SCN030-02-08,2026-01-14T10:42:00,Telecom,S03-DB01,powershell,19,Command and Control,Attack
A-03-SCN030-02-09,2026-01-14T10:47:00,Telecom,S03-APP01,wmic,30,Command and Control,Attack
A-03-SCN030-03-00,2026-01-14T11:02:00,Telecom,S03-VPN01,service-host,42,Reconnaissance,Attack
A-03-SCN030-03-01,2026-01-14T11:05:00,Telecom,S03-DB01,wmic,94,Initial Access,Attack
A-03-SCN030-03-02,2026-01-14T11:11:00,Telecom,S03-BKP01,unknown,56,Execution,Attack
A-03-SCN030-03-03,2026-01-14T11:18:00,Telecom,S03-MON01,python,40,Persistence,Attack
A-03-SCN030-03-04,2026-01-14T11:21:00,Telecom,S03-WS01,service-host,9,Privilege Escalation,Attack
A-03-SCN030-03-05,2026-01-14T11:28:00,Telecom,S03-MGMT01,python,95,Discovery,Attack
A-03-SCN030-03-06,2026-01-14T11:30:00,Telecom,S03-VPN01,unknown,92,Lateral Movement,Attack
A-03-SCN030-03-07,2026-01-14T11:35:00,Telecom,S03-DB01,cmd,84,Command and Control,Attack
A-03-SCN030-03-08,2026-01-14T11:42:00,Telecom,S03-BKP01,curl,75,Command and Control,Attack
A-03-SCN030-03-09,2026-01-14T11:48:00,Telecom,S03-MON01,cmd,47,Command and Control,Attack
A-03-SCN030-04-00,2026-01-14T12:03:00,Telecom,S03-DB01,curl,46,Reconnaissance,Attack
A-03-SCN030-04-01,2026-01-14T12:08:00,Telecom,S03-MON01,python,83,Initial Access,Attack
A-03-SCN030-04-02,2026-01-14T12:12:00,Telecom,S03-VPN01,curl,85,Execution,Attack
A-03-SCN030-04-03,2026-01-14T12:16:00,Telecom,S03-CTRL01,powershell,39,Persistence,Attack
A-03-SCN030-04-04,2026-01-14T12:23:00,Telecom,S03-WS01,powershell,7,Privilege Escalation,Attack
A-03-SCN030-04-05,2026-01-14T12:26:00,Telecom,S03-BKP01,powershell,53,Discovery,Attack
A-03-SCN030-04-06,2026-01-14T12:30:00,Telecom,S03-DB01,python,48,Lateral Movement,Attack
A-03-SCN030-04-07,2026-01-14T12:38:00,Telecom,S03-MON01,wmic,91,Command and Control,Attack
A-03-SCN030-04-08,2026-01-14T12:42:00,Telecom,S03-VPN01,python,60,Command and Control,Attack
A-03-SCN030-04-09,2026-01-14T12:45:00,Telecom,S03-CTRL01,wmic,70,Command and Control,Attack
N-04-00000,2026-01-06T02:01:16,Railways,S04-APP01,nginx,10,Normal,Normal
N-04-00001,2026-01-13T14:22:31,Railways,S04-VPN01,nginx,16,Normal,Normal
N-04-00002,2026-01-17T14:50:09,Railways,S04-CTRL01,powershell,6,Normal,Normal
N-04-00003,2026-01-05T08:33:21,Railways,S04-BKP01,java,0,Normal,Normal
N-04-00004,2026-01-02T05:15:50,Railways,S04-GW01,powershell,4,Normal,Normal
N-04-00005,2026-01-04T05:01:49,Railways,S04-GW01,java,11,Normal,Normal
N-04-00006,2026-01-21T00:55:39,Railways,S04-MGMT01,java,20,Normal,Normal
N-04-00007,2026-01-09T05:56:27,Railways,S04-DB01,java,4,Normal,Normal
N-04-00008,2026-01-03T01:49:06,Railways,S04-APP01,python,2,Normal,Normal
N-04-00009,2026-01-19T19:19:27,Railways,S04-CTRL01,svchost,5,Normal,Normal
N-04-00010,2026-01-09T17:39:32,Railways,S04-VPN01,java,6,Normal,Normal
N-04-00011,2026-01-17T18:28:40,Railways,S04-MGMT01,powershell,17,Normal,Normal
N-04-00012,2026-01-02T04:11:05,Railways,S04-CTRL01,powershell,17,Normal,Normal
N-04-00013,2026-01-07T15:23:20,Railways,S04-WS01,python,12,Normal,Normal
N-04-00014,2026-01-17T08:19:18,Railways,S04-BKP01,powershell,0,Normal,Normal
N-04-00015,2026-01-16T07:44:13,Railways,S04-AUTH01,nginx,8,Normal,Normal
N-04-00016,2026-01-19T19:20:18,Railways,S04-VPN01,nginx,20,Normal,Normal
N-04-00017,2026-01-14T13:16:42,Railways,S04-GW01,svchost,1,Normal,Normal
N-04-00018,2026-01-09T00:10:50,Railways,S04-MGMT01,python,11,Normal,Normal
N-04-00019,2026-01-01T19:03:48,Railways,S04-DB01,python,20,Normal,Normal
N-04-00020,2026-01-12T02:43:32,Railways,S04-MGMT01,java,9,Normal,Normal
N-04-00021,2026-01-19T02:14:32,Railways,S04-GW01,python,8,Normal,Normal
N-04-00022,2026-01-18T04:11:34,Railways,S04-VPN01,svchost,20,Normal,Normal
N-04-00023,2026-01-08T13:18:17,Railways,S04-VPN01,python,17,Normal,Normal
N-04-00024,2026-01-03T00:28:08,Railways,S04-GW01,nginx,8,Normal,Normal
N-04-00025,2026-01-20T06:26:44,Railways,S04-APP01,powershell,10,Normal,Normal
N-04-00026,2026-01-07T20:11:02,Railways,S04-WS01,svchost,18,Normal,Normal
N-04-00027,2026-01-12T13:28:59,Railways,S04-DB01,nginx,3,Normal,Normal
N-04-00028,2026-01-04T07:09:17,Railways,S04-DB01,java,4,Normal,Normal
N-04-00029,2026-01-09T15:35:19,Railways,S04-MGMT01,java,7,Normal,Normal
N-04-00030,2026-01-16T09:26:28,Railways,S04-WS01,nginx,18,Normal,Normal
N-04-00031,2026-01-08T12:51:31,Railways,S04-BKP01,java,8,Normal,Normal
N-04-00032,2026-01-06T14:06:10,Railways,S04-MON01,powershell,1,Normal,Normal
N-04-00033,2026-01-05T07:42:49,Railways,S04-MON01,svchost,1,Normal,Normal
N-04-00034,2026-01-14T12:04:12,Railways,S04-WS01,java,18,Normal,Normal
N-04-00035,2026-01-03T02:33:01,Railways,S04-MGMT01,nginx,5,Normal,Normal
N-04-00036,2026-01-17T13:31:17,Railways,S04-AUTH01,powershell,5,Normal,Normal
N-04-00037,2026-01-19T12:02:18,Railways,S04-VPN01,python,20,Normal,Normal
N-04-00038,2026-01-09T05:56:17,Railways,S04-APP01,svchost,4,Normal,Normal
N-04-00039,2026-01-15T08:30:35,Railways,S04-GW01,svchost,19,Normal,Normal
N-04-00040,2026-01-11T10:51:53,Railways,S04-APP01,svchost,1,Normal,Normal
N-04-00041,2026-01-01T16:55:25,Railways,S04-MON01,svchost,2,Normal,Normal
N-04-00042,2026-01-19T05:03:33,Railways,S04-BKP01,python,17,Normal,Normal
N-04-00043,2026-01-13T19:59:04,Railways,S04-AUTH01,powershell,11,Normal,Normal
N-04-00044,2026-01-13T17:19:19,Railways,S04-DB01,powershell,12,Normal,Normal
N-04-00045,2026-01-15T07:31:33,Railways,S04-WS01,powershell,18,Normal,Normal
N-04-00046,2026-01-14T19:49:23,Railways,S04-AUTH01,java,19,Normal,Normal
N-04-00047,2026-01-16T12:22:32,Railways,S04-CTRL01,svchost,9,Normal,Normal
N-04-00048,2026-01-05T19:43:34,Railways,S04-APP01,nginx,2,Normal,Normal
N-04-00049,2026-01-09T17:37:53,Railways,S04-BKP01,powershell,0,Normal,Normal
N-04-00050,2026-01-20T09:07:48,Railways,S04-MON01,powershell,15,Normal,Normal
N-04-00051,2026-01-17T06:21:06,Railways,S04-MON01,python,12,Normal,Normal
N-04-00052,2026-01-03T23:14:05,Railways,S04-APP01,python,5,Normal,Normal
N-04-00053,2026-01-03T05:36:22,Railways,S04-VPN01,svchost,17,Normal,Normal
N-04-00054,2026-01-10T01:13:49,Railways,S04-BKP01,powershell,12,Normal,Normal
N-04-00055,2026-01-19T06:35:54,Railways,S04-WS01,svchost,5,Normal,Normal
N-04-00056,2026-01-03T13:47:58,Railways,S04-AUTH01,svchost,5,Normal,Normal
N-04-00057,2026-01-09T19:57:45,Railways,S04-DB01,java,6,Normal,Normal
N-04-00058,2026-01-19T20:48:59,Railways,S04-WS01,nginx,18,Normal,Normal
N-04-00059,2026-01-16T00:25:30,Railways,S04-CTRL01,powershell,6,Normal,Normal
N-04-00060,2026-01-13T10:58:49,Railways,S04-DB01,nginx,17,Normal,Normal
N-04-00061,2026-01-21T05:42:22,Railways,S04-CTRL01,java,10,Normal,Normal
N-04-00062,2026-01-09T06:50:12,Railways,S04-WS01,powershell,1,Normal,Normal
N-04-00063,2026-01-18T16:48:37,Railways,S04-AUTH01,java,20,Normal,Normal
N-04-00064,2026-01-14T19:00:47,Railways,S04-GW01,powershell,3,Normal,Normal
N-04-00065,2026-01-03T05:45:26,Railways,S04-AUTH01,powershell,14,Normal,Normal
N-04-00066,2026-01-19T09:15:07,Railways,S04-GW01,java,11,Normal,Normal
N-04-00067,2026-01-18T22:55:50,Railways,S04-MON01,python,14,Normal,Normal
N-04-00068,2026-01-07T01:47:23,Railways,S04-GW01,svchost,14,Normal,Normal
N-04-00069,2026-01-06T12:25:41,Railways,S04-WS01,nginx,0,Normal,Normal
N-04-00070,2026-01-16T22:12:10,Railways,S04-APP01,java,10,Normal,Normal
N-04-00071,2026-01-17T19:42:47,Railways,S04-GW01,svchost,16,Normal,Normal
N-04-00072,2026-01-14T15:20:10,Railways,S04-VPN01,svchost,16,Normal,Normal
N-04-00073,2026-01-02T13:44:01,Railways,S04-AUTH01,java,11,Normal,Normal
N-04-00074,2026-01-07T18:16:17,Railways,S04-MON01,powershell,9,Normal,Normal
N-04-00075,2026-01-18T06:49:32,Railways,S04-MON01,svchost,14,Normal,Normal
N-04-00076,2026-01-01T23:44:55,Railways,S04-BKP01,java,8,Normal,Normal
N-04-00077,2026-01-17T00:08:24,Railways,S04-MON01,powershell,17,Normal,Normal
N-04-00078,2026-01-11T12:44:16,Railways,S04-GW01,svchost,10,Normal,Normal
N-04-00079,2026-01-07T06:02:06,Railways,S04-MON01,powershell,20,Normal,Normal
N-04-00080,2026-01-18T02:19:26,Railways,S04-MON01,java,8,Normal,Normal
N-04-00081,2026-01-11T02:33:05,Railways,S04-MGMT01,nginx,16,Normal,Normal
N-04-00082,2026-01-12T08:51:07,Railways,S04-AUTH01,svchost,10,Normal,Normal
N-04-00083,2026-01-03T16:02:27,Railways,S04-VPN01,python,6,Normal,Normal
N-04-00084,2026-01-14T20:21:50,Railways,S04-VPN01,nginx,16,Normal,Normal
N-04-00085,2026-01-16T09:22:35,Railways,S04-DB01,powershell,19,Normal,Normal
N-04-00086,2026-01-12T14:32:24,Railways,S04-AUTH01,java,15,Normal,Normal
N-04-00087,2026-01-19T14:31:11,Railways,S04-DB01,python,3,Normal,Normal
N-04-00088,2026-01-03T10:49:20,Railways,S04-CTRL01,python,14,Normal,Normal
N-04-00089,2026-01-04T01:38:36,Railways,S04-GW01,svchost,4,Normal,Normal
N-04-00090,2026-01-17T18:56:58,Railways,S04-CTRL01,powershell,11,Normal,Normal
N-04-00091,2026-01-06T15:35:58,Railways,S04-MON01,nginx,15,Normal,Normal
N-04-00092,2026-01-12T17:44:35,Railways,S04-VPN01,svchost,2,Normal,Normal
N-04-00093,2026-01-20T04:45:56,Railways,S04-MGMT01,python,1,Normal,Normal
N-04-00094,2026-01-11T10:35:58,Railways,S04-GW01,svchost,20,Normal,Normal
N-04-00095,2026-01-06T17:26:07,Railways,S04-BKP01,nginx,3,Normal,Normal
N-04-00096,2026-01-04T13:15:55,Railways,S04-DB01,svchost,16,Normal,Normal
N-04-00097,2026-01-05T16:54:23,Railways,S04-VPN01,python,3,Normal,Normal
N-04-00098,2026-01-14T06:14:07,Railways,S04-DB01,powershell,9,Normal,Normal
N-04-00099,2026-01-17T00:23:19,Railways,S04-GW01,nginx,15,Normal,Normal
N-04-00100,2026-01-19T22:54:35,Railways,S04-APP01,java,15,Normal,Normal
N-04-00101,2026-01-11T22:31:13,Railways,S04-MGMT01,java,13,Normal,Normal
N-04-00102,2026-01-21T05:57:02,Railways,S04-CTRL01,python,15,Normal,Normal
N-04-00103,2026-01-16T10:21:16,Railways,S04-GW01,nginx,10,Normal,Normal
N-04-00104,2026-01-03T20:59:34,Railways,S04-CTRL01,powershell,13,Normal,Normal
N-04-00105,2026-01-01T13:49:57,Railways,S04-AUTH01,powershell,0,Normal,Normal
N-04-00106,2026-01-13T06:25:19,Railways,S04-VPN01,svchost,14,Normal,Normal
N-04-00107,2026-01-14T19:55:29,Railways,S04-GW01,java,1,Normal,Normal
N-04-00108,2026-01-17T02:49:59,Railways,S04-MON01,svchost,9,Normal,Normal
N-04-00109,2026-01-01T19:45:26,Railways,S04-BKP01,python,20,Normal,Normal
N-04-00110,2026-01-02T13:47:14,Railways,S04-AUTH01,java,13,Normal,Normal
N-04-00111,2026-01-04T05:36:14,Railways,S04-VPN01,python,17,Normal,Normal
N-04-00112,2026-01-15T15:52:09,Railways,S04-GW01,powershell,1,Normal,Normal
N-04-00113,2026-01-02T20:30:38,Railways,S04-GW01,powershell,1,Normal,Normal
N-04-00114,2026-01-05T02:57:57,Railways,S04-APP01,nginx,9,Normal,Normal
N-04-00115,2026-01-12T13:09:58,Railways,S04-CTRL01,powershell,17,Normal,Normal
N-04-00116,2026-01-13T14:36:46,Railways,S04-DB01,powershell,15,Normal,Normal
N-04-00117,2026-01-19T15:40:49,Railways,S04-MGMT01,nginx,17,Normal,Normal
N-04-00118,2026-01-11T13:52:30,Railways,S04-MGMT01,java,0,Normal,Normal
N-04-00119,2026-01-17T08:31:46,Railways,S04-MON01,java,8,Normal,Normal
N-04-00120,2026-01-08T11:51:03,Railways,S04-MON01,python,11,Normal,Normal
N-04-00121,2026-01-03T18:43:45,Railways,S04-APP01,powershell,17,Normal,Normal
N-04-00122,2026-01-04T00:06:58,Railways,S04-CTRL01,python,20,Normal,Normal
N-04-00123,2026-01-14T08:10:54,Railways,S04-CTRL01,svchost,12,Normal,Normal
N-04-00124,2026-01-08T22:33:56,Railways,S04-BKP01,python,0,Normal,Normal
N-04-00125,2026-01-20T00:58:07,Railways,S04-AUTH01,python,5,Normal,Normal
N-04-00126,2026-01-20T15:05:54,Railways,S04-MGMT01,svchost,11,Normal,Normal
N-04-00127,2026-01-20T00:19:30,Railways,S04-GW01,svchost,5,Normal,Normal
N-04-00128,2026-01-16T08:05:59,Railways,S04-GW01,svchost,7,Normal,Normal
N-04-00129,2026-01-19T06:33:32,Railways,S04-BKP01,svchost,2,Normal,Normal
N-04-00130,2026-01-14T18:46:44,Railways,S04-CTRL01,svchost,2,Normal,Normal
N-04-00131,2026-01-09T02:23:44,Railways,S04-AUTH01,powershell,9,Normal,Normal
N-04-00132,2026-01-02T17:32:11,Railways,S04-DB01,nginx,6,Normal,Normal
N-04-00133,2026-01-13T14:20:27,Railways,S04-VPN01,svchost,19,Normal,Normal
N-04-00134,2026-01-13T06:44:38,Railways,S04-CTRL01,nginx,19,Normal,Normal
N-04-00135,2026-01-04T07:53:16,Railways,S04-VPN01,powershell,13,Normal,Normal
N-04-00136,2026-01-09T11:09:54,Railways,S04-BKP01,powershell,13,Normal,Normal
N-04-00137,2026-01-04T23:09:52,Railways,S04-MON01,python,7,Normal,Normal
N-04-00138,2026-01-05T04:11:50,Railways,S04-CTRL01,java,6,Normal,Normal
N-04-00139,2026-01-13T03:38:48,Railways,S04-BKP01,svchost,3,Normal,Normal
N-04-00140,2026-01-20T21:09:23,Railways,S04-CTRL01,python,18,Normal,Normal
N-04-00141,2026-01-08T09:17:11,Railways,S04-WS01,nginx,1,Normal,Normal
N-04-00142,2026-01-03T08:09:24,Railways,S04-MON01,python,17,Normal,Normal
N-04-00143,2026-01-13T20:54:30,Railways,S04-DB01,python,0,Normal,Normal
N-04-00144,2026-01-10T11:11:28,Railways,S04-DB01,svchost,5,Normal,Normal
N-04-00145,2026-01-09T19:13:02,Railways,S04-APP01,nginx,0,Normal,Normal
N-04-00146,2026-01-09T15:56:23,Railways,S04-APP01,python,4,Normal,Normal
N-04-00147,2026-01-20T11:08:37,Railways,S04-VPN01,java,17,Normal,Normal
N-04-00148,2026-01-05T03:18:14,Railways,S04-WS01,svchost,4,Normal,Normal
N-04-00149,2026-01-15T22:26:15,Railways,S04-VPN01,powershell,2,Normal,Normal
N-04-00150,2026-01-01T21:49:39,Railways,S04-MON01,python,16,Normal,Normal
N-04-00151,2026-01-02T01:00:48,Railways,S04-DB01,powershell,11,Normal,Normal
N-04-00152,2026-01-18T20:34:47,Railways,S04-MGMT01,java,15,Normal,Normal
N-04-00153,2026-01-17T00:38:28,Railways,S04-MGMT01,powershell,12,Normal,Normal
N-04-00154,2026-01-11T10:55:58,Railways,S04-CTRL01,powershell,10,Normal,Normal
N-04-00155,2026-01-06T00:24:21,Railways,S04-GW01,svchost,7,Normal,Normal
N-04-00156,2026-01-20T16:13:08,Railways,S04-VPN01,python,16,Normal,Normal
N-04-00157,2026-01-11T02:24:35,Railways,S04-MON01,svchost,11,Normal,Normal
N-04-00158,2026-01-15T09:20:46,Railways,S04-DB01,svchost,19,Normal,Normal
N-04-00159,2026-01-16T09:11:35,Railways,S04-APP01,python,4,Normal,Normal
N-04-00160,2026-01-02T12:16:33,Railways,S04-BKP01,python,14,Normal,Normal
N-04-00161,2026-01-20T03:22:01,Railways,S04-DB01,nginx,19,Normal,Normal
N-04-00162,2026-01-18T07:28:53,Railways,S04-MON01,svchost,0,Normal,Normal
N-04-00163,2026-01-17T06:05:02,Railways,S04-WS01,svchost,10,Normal,Normal
N-04-00164,2026-01-12T02:14:05,Railways,S04-DB01,powershell,8,Normal,Normal
N-04-00165,2026-01-03T05:25:31,Railways,S04-VPN01,java,4,Normal,Normal
N-04-00166,2026-01-09T19:15:34,Railways,S04-MGMT01,java,5,Normal,Normal
N-04-00167,2026-01-16T18:02:54,Railways,S04-DB01,powershell,20,Normal,Normal
N-04-00168,2026-01-05T17:01:57,Railways,S04-WS01,java,3,Normal,Normal
N-04-00169,2026-01-08T09:56:15,Railways,S04-GW01,python,15,Normal,Normal
N-04-00170,2026-01-09T04:43:07,Railways,S04-WS01,java,13,Normal,Normal
N-04-00171,2026-01-05T11:55:35,Railways,S04-MGMT01,python,5,Normal,Normal
N-04-00172,2026-01-03T19:34:12,Railways,S04-GW01,java,10,Normal,Normal
N-04-00173,2026-01-16T05:55:31,Railways,S04-AUTH01,nginx,15,Normal,Normal
N-04-00174,2026-01-17T18:27:01,Railways,S04-MON01,nginx,17,Normal,Normal
N-04-00175,2026-01-10T01:50:12,Railways,S04-APP01,svchost,11,Normal,Normal
N-04-00176,2026-01-10T11:08:20,Railways,S04-APP01,python,15,Normal,Normal
N-04-00177,2026-01-01T11:24:36,Railways,S04-GW01,java,20,Normal,Normal
N-04-00178,2026-01-02T09:29:25,Railways,S04-DB01,java,2,Normal,Normal
N-04-00179,2026-01-11T05:47:01,Railways,S04-BKP01,nginx,20,Normal,Normal
N-04-00180,2026-01-09T14:47:39,Railways,S04-BKP01,python,20,Normal,Normal
N-04-00181,2026-01-11T04:56:24,Railways,S04-CTRL01,powershell,10,Normal,Normal
N-04-00182,2026-01-02T00:57:17,Railways,S04-AUTH01,python,13,Normal,Normal
N-04-00183,2026-01-08T19:03:59,Railways,S04-VPN01,python,3,Normal,Normal
N-04-00184,2026-01-11T08:06:54,Railways,S04-AUTH01,svchost,10,Normal,Normal
N-04-00185,2026-01-18T23:23:43,Railways,S04-GW01,nginx,4,Normal,Normal
N-04-00186,2026-01-10T16:51:08,Railways,S04-WS01,python,9,Normal,Normal
N-04-00187,2026-01-10T02:00:37,Railways,S04-MON01,java,14,Normal,Normal
N-04-00188,2026-01-11T11:54:06,Railways,S04-AUTH01,powershell,18,Normal,Normal
N-04-00189,2026-01-01T23:00:29,Railways,S04-WS01,java,7,Normal,Normal
N-04-00190,2026-01-09T13:57:55,Railways,S04-APP01,java,5,Normal,Normal
N-04-00191,2026-01-09T05:25:53,Railways,S04-VPN01,python,14,Normal,Normal
N-04-00192,2026-01-05T09:32:28,Railways,S04-BKP01,nginx,12,Normal,Normal
N-04-00193,2026-01-01T19:08:05,Railways,S04-AUTH01,python,0,Normal,Normal
N-04-00194,2026-01-09T07:15:41,Railways,S04-BKP01,svchost,10,Normal,Normal
N-04-00195,2026-01-07T05:29:56,Railways,S04-DB01,nginx,9,Normal,Normal
N-04-00196,2026-01-04T21:37:57,Railways,S04-WS01,java,1,Normal,Normal
N-04-00197,2026-01-11T09:59:35,Railways,S04-MON01,python,13,Normal,Normal
N-04-00198,2026-01-11T21:23:24,Railways,S04-MGMT01,nginx,0,Normal,Normal
N-04-00199,2026-01-05T07:23:39,Railways,S04-CTRL01,nginx,1,Normal,Normal
N-04-00200,2026-01-05T02:42:03,Railways,S04-CTRL01,nginx,19,Normal,Normal
N-04-00201,2026-01-05T06:28:52,Railways,S04-BKP01,svchost,15,Normal,Normal
N-04-00202,2026-01-06T04:59:49,Railways,S04-VPN01,svchost,13,Normal,Normal
N-04-00203,2026-01-08T09:12:54,Railways,S04-VPN01,python,8,Normal,Normal
N-04-00204,2026-01-07T01:21:00,Railways,S04-WS01,java,8,Normal,Normal
N-04-00205,2026-01-05T14:50:02,Railways,S04-GW01,powershell,4,Normal,Normal
N-04-00206,2026-01-02T17:42:56,Railways,S04-CTRL01,svchost,14,Normal,Normal
N-04-00207,2026-01-08T01:43:39,Railways,S04-GW01,nginx,14,Normal,Normal
N-04-00208,2026-01-18T18:18:47,Railways,S04-AUTH01,powershell,11,Normal,Normal
N-04-00209,2026-01-05T16:11:43,Railways,S04-MON01,java,3,Normal,Normal
N-04-00210,2026-01-13T12:57:07,Railways,S04-DB01,svchost,9,Normal,Normal
N-04-00211,2026-01-04T08:47:18,Railways,S04-GW01,svchost,14,Normal,Normal
N-04-00212,2026-01-09T12:01:47,Railways,S04-APP01,java,12,Normal,Normal
N-04-00213,2026-01-03T12:10:41,Railways,S04-AUTH01,svchost,19,Normal,Normal
N-04-00214,2026-01-02T20:43:24,Railways,S04-MON01,nginx,4,Normal,Normal
N-04-00215,2026-01-16T12:41:46,Railways,S04-MON01,python,19,Normal,Normal
N-04-00216,2026-01-20T10:06:16,Railways,S04-AUTH01,svchost,3,Normal,Normal
N-04-00217,2026-01-12T23:49:52,Railways,S04-AUTH01,python,16,Normal,Normal
N-04-00218,2026-01-17T16:10:36,Railways,S04-DB01,nginx,0,Normal,Normal
N-04-00219,2026-01-17T19:18:08,Railways,S04-CTRL01,svchost,13,Normal,Normal
N-04-00220,2026-01-06T03:37:01,Railways,S04-MON01,svchost,16,Normal,Normal
N-04-00221,2026-01-11T05:09:01,Railways,S04-WS01,powershell,13,Normal,Normal
N-04-00222,2026-01-03T01:35:42,Railways,S04-GW01,svchost,10,Normal,Normal
N-04-00223,2026-01-18T03:09:53,Railways,S04-GW01,powershell,19,Normal,Normal
N-04-00224,2026-01-13T06:53:30,Railways,S04-WS01,powershell,16,Normal,Normal
N-04-00225,2026-01-15T05:22:20,Railways,S04-BKP01,svchost,20,Normal,Normal
N-04-00226,2026-01-03T12:20:19,Railways,S04-DB01,nginx,13,Normal,Normal
N-04-00227,2026-01-15T21:50:11,Railways,S04-GW01,powershell,16,Normal,Normal
N-04-00228,2026-01-15T05:19:45,Railways,S04-GW01,nginx,5,Normal,Normal
N-04-00229,2026-01-12T02:32:27,Railways,S04-AUTH01,python,7,Normal,Normal
N-04-00230,2026-01-15T18:26:30,Railways,S04-MGMT01,java,9,Normal,Normal
N-04-00231,2026-01-20T23:24:27,Railways,S04-APP01,nginx,3,Normal,Normal
N-04-00232,2026-01-03T09:04:22,Railways,S04-AUTH01,python,15,Normal,Normal
N-04-00233,2026-01-17T23:17:27,Railways,S04-BKP01,svchost,4,Normal,Normal
N-04-00234,2026-01-03T17:36:08,Railways,S04-VPN01,python,14,Normal,Normal
N-04-00235,2026-01-20T19:48:26,Railways,S04-MGMT01,python,13,Normal,Normal
N-04-00236,2026-01-14T04:46:46,Railways,S04-AUTH01,python,13,Normal,Normal
N-04-00237,2026-01-19T01:12:24,Railways,S04-CTRL01,svchost,19,Normal,Normal
N-04-00238,2026-01-20T07:52:21,Railways,S04-APP01,svchost,12,Normal,Normal
N-04-00239,2026-01-18T00:25:06,Railways,S04-AUTH01,svchost,17,Normal,Normal
N-04-00240,2026-01-17T23:39:00,Railways,S04-VPN01,powershell,3,Normal,Normal
N-04-00241,2026-01-02T03:36:12,Railways,S04-MGMT01,python,8,Normal,Normal
N-04-00242,2026-01-07T19:18:31,Railways,S04-DB01,nginx,11,Normal,Normal
N-04-00243,2026-01-10T20:35:17,Railways,S04-AUTH01,python,4,Normal,Normal
N-04-00244,2026-01-05T08:21:29,Railways,S04-BKP01,java,13,Normal,Normal
N-04-00245,2026-01-03T21:31:45,Railways,S04-MON01,python,19,Normal,Normal
N-04-00246,2026-01-03T14:42:14,Railways,S04-MGMT01,powershell,10,Normal,Normal
N-04-00247,2026-01-17T18:08:31,Railways,S04-DB01,nginx,9,Normal,Normal
N-04-00248,2026-01-18T03:01:12,Railways,S04-WS01,powershell,18,Normal,Normal
N-04-00249,2026-01-12T16:43:04,Railways,S04-AUTH01,nginx,5,Normal,Normal
N-04-00250,2026-01-15T14:47:27,Railways,S04-CTRL01,nginx,17,Normal,Normal
N-04-00251,2026-01-18T12:21:18,Railways,S04-WS01,java,9,Normal,Normal
N-04-00252,2026-01-21T05:00:02,Railways,S04-WS01,powershell,5,Normal,Normal
N-04-00253,2026-01-18T14:22:28,Railways,S04-AUTH01,powershell,11,Normal,Normal
N-04-00254,2026-01-12T17:09:21,Railways,S04-MGMT01,nginx,17,Normal,Normal
N-04-00255,2026-01-18T02:13:53,Railways,S04-DB01,python,16,Normal,Normal
N-04-00256,2026-01-03T11:27:09,Railways,S04-DB01,python,1,Normal,Normal
N-04-00257,2026-01-09T23:49:26,Railways,S04-GW01,python,9,Normal,Normal
N-04-00258,2026-01-17T03:46:59,Railways,S04-BKP01,python,1,Normal,Normal
N-04-00259,2026-01-05T02:27:26,Railways,S04-MON01,nginx,17,Normal,Normal
N-04-00260,2026-01-12T03:44:23,Railways,S04-WS01,svchost,6,Normal,Normal
N-04-00261,2026-01-09T07:49:14,Railways,S04-WS01,nginx,18,Normal,Normal
N-04-00262,2026-01-16T21:44:25,Railways,S04-CTRL01,java,12,Normal,Normal
N-04-00263,2026-01-16T17:11:14,Railways,S04-AUTH01,nginx,17,Normal,Normal
N-04-00264,2026-01-13T06:11:58,Railways,S04-CTRL01,java,11,Normal,Normal
N-04-00265,2026-01-08T15:17:01,Railways,S04-MGMT01,powershell,16,Normal,Normal
N-04-00266,2026-01-06T01:42:02,Railways,S04-DB01,nginx,14,Normal,Normal
N-04-00267,2026-01-11T04:40:59,Railways,S04-MGMT01,java,18,Normal,Normal
N-04-00268,2026-01-05T21:28:49,Railways,S04-BKP01,python,3,Normal,Normal
N-04-00269,2026-01-08T17:42:54,Railways,S04-MON01,java,6,Normal,Normal
N-04-00270,2026-01-03T20:00:25,Railways,S04-VPN01,svchost,9,Normal,Normal
N-04-00271,2026-01-04T16:21:38,Railways,S04-MGMT01,java,1,Normal,Normal
N-04-00272,2026-01-20T19:23:48,Railways,S04-MON01,nginx,13,Normal,Normal
N-04-00273,2026-01-02T12:07:34,Railways,S04-GW01,powershell,1,Normal,Normal
N-04-00274,2026-01-20T12:27:26,Railways,S04-AUTH01,nginx,15,Normal,Normal
N-04-00275,2026-01-03T19:57:59,Railways,S04-MON01,powershell,1,Normal,Normal
N-04-00276,2026-01-07T18:59:11,Railways,S04-AUTH01,python,8,Normal,Normal
N-04-00277,2026-01-19T05:36:17,Railways,S04-APP01,java,20,Normal,Normal
N-04-00278,2026-01-18T11:10:47,Railways,S04-DB01,nginx,5,Normal,Normal
N-04-00279,2026-01-09T20:19:58,Railways,S04-APP01,nginx,9,Normal,Normal
N-04-00280,2026-01-17T07:52:11,Railways,S04-APP01,svchost,14,Normal,Normal
N-04-00281,2026-01-05T17:49:18,Railways,S04-VPN01,powershell,15,Normal,Normal
N-04-00282,2026-01-11T09:40:06,Railways,S04-APP01,python,13,Normal,Normal
N-04-00283,2026-01-17T08:06:41,Railways,S04-GW01,svchost,6,Normal,Normal
N-04-00284,2026-01-02T11:42:04,Railways,S04-VPN01,nginx,6,Normal,Normal
N-04-00285,2026-01-14T06:43:28,Railways,S04-APP01,powershell,12,Normal,Normal
N-04-00286,2026-01-21T07:56:45,Railways,S04-CTRL01,nginx,1,Normal,Normal
N-04-00287,2026-01-10T18:39:49,Railways,S04-MGMT01,nginx,5,Normal,Normal
N-04-00288,2026-01-16T04:06:16,Railways,S04-CTRL01,java,15,Normal,Normal
N-04-00289,2026-01-07T16:06:29,Railways,S04-AUTH01,powershell,10,Normal,Normal
N-04-00290,2026-01-11T10:29:26,Railways,S04-MON01,powershell,6,Normal,Normal
N-04-00291,2026-01-13T09:53:29,Railways,S04-CTRL01,java,4,Normal,Normal
N-04-00292,2026-01-03T12:57:47,Railways,S04-VPN01,powershell,8,Normal,Normal
N-04-00293,2026-01-15T14:40:21,Railways,S04-DB01,python,6,Normal,Normal
N-04-00294,2026-01-16T03:59:29,Railways,S04-APP01,java,17,Normal,Normal
N-04-00295,2026-01-06T16:04:15,Railways,S04-CTRL01,nginx,11,Normal,Normal
N-04-00296,2026-01-12T10:35:17,Railways,S04-MGMT01,python,20,Normal,Normal
N-04-00297,2026-01-16T12:50:34,Railways,S04-GW01,svchost,1,Normal,Normal
N-04-00298,2026-01-20T10:46:00,Railways,S04-APP01,python,1,Normal,Normal
N-04-00299,2026-01-18T06:04:04,Railways,S04-AUTH01,python,16,Normal,Normal
N-04-00300,2026-01-13T23:02:25,Railways,S04-BKP01,powershell,11,Normal,Normal
N-04-00301,2026-01-14T05:24:32,Railways,S04-DB01,python,18,Normal,Normal
N-04-00302,2026-01-09T09:22:25,Railways,S04-DB01,nginx,14,Normal,Normal
N-04-00303,2026-01-16T04:48:45,Railways,S04-VPN01,svchost,17,Normal,Normal
N-04-00304,2026-01-18T13:17:35,Railways,S04-APP01,java,11,Normal,Normal
N-04-00305,2026-01-02T23:02:48,Railways,S04-WS01,java,2,Normal,Normal
N-04-00306,2026-01-05T00:51:31,Railways,S04-MGMT01,python,12,Normal,Normal
N-04-00307,2026-01-05T15:03:10,Railways,S04-MGMT01,svchost,15,Normal,Normal
N-04-00308,2026-01-08T23:36:01,Railways,S04-AUTH01,powershell,8,Normal,Normal
N-04-00309,2026-01-06T07:59:06,Railways,S04-BKP01,python,5,Normal,Normal
N-04-00310,2026-01-15T08:26:12,Railways,S04-MON01,powershell,14,Normal,Normal
N-04-00311,2026-01-06T08:23:41,Railways,S04-MGMT01,python,0,Normal,Normal
N-04-00312,2026-01-17T07:24:38,Railways,S04-VPN01,java,0,Normal,Normal
N-04-00313,2026-01-13T23:16:50,Railways,S04-WS01,nginx,11,Normal,Normal
N-04-00314,2026-01-19T07:01:18,Railways,S04-BKP01,java,20,Normal,Normal
N-04-00315,2026-01-08T17:42:51,Railways,S04-CTRL01,python,15,Normal,Normal
N-04-00316,2026-01-17T00:53:49,Railways,S04-CTRL01,svchost,0,Normal,Normal
N-04-00317,2026-01-04T11:52:03,Railways,S04-GW01,java,20,Normal,Normal
N-04-00318,2026-01-06T00:15:59,Railways,S04-MON01,powershell,5,Normal,Normal
N-04-00319,2026-01-02T12:57:48,Railways,S04-DB01,java,15,Normal,Normal
N-04-00320,2026-01-07T01:16:59,Railways,S04-GW01,nginx,7,Normal,Normal
N-04-00321,2026-01-16T18:10:46,Railways,S04-VPN01,java,2,Normal,Normal
N-04-00322,2026-01-03T01:10:02,Railways,S04-CTRL01,powershell,15,Normal,Normal
N-04-00323,2026-01-19T10:47:53,Railways,S04-WS01,java,1,Normal,Normal
N-04-00324,2026-01-10T02:44:58,Railways,S04-MON01,java,18,Normal,Normal
N-04-00325,2026-01-12T12:41:18,Railways,S04-WS01,java,0,Normal,Normal
N-04-00326,2026-01-01T17:56:54,Railways,S04-WS01,nginx,15,Normal,Normal
N-04-00327,2026-01-09T00:50:44,Railways,S04-DB01,java,2,Normal,Normal
N-04-00328,2026-01-16T19:51:18,Railways,S04-WS01,powershell,14,Normal,Normal
N-04-00329,2026-01-18T07:51:10,Railways,S04-MON01,svchost,15,Normal,Normal
N-04-00330,2026-01-07T01:55:39,Railways,S04-WS01,nginx,20,Normal,Normal
N-04-00331,2026-01-04T14:31:16,Railways,S04-DB01,java,12,Normal,Normal
N-04-00332,2026-01-07T08:18:58,Railways,S04-DB01,java,13,Normal,Normal
N-04-00333,2026-01-05T07:31:43,Railways,S04-VPN01,nginx,2,Normal,Normal
N-04-00334,2026-01-20T14:57:09,Railways,S04-GW01,java,14,Normal,Normal
N-04-00335,2026-01-04T03:04:02,Railways,S04-DB01,powershell,2,Normal,Normal
N-04-00336,2026-01-19T07:53:48,Railways,S04-AUTH01,svchost,11,Normal,Normal
N-04-00337,2026-01-18T07:58:25,Railways,S04-MGMT01,svchost,6,Normal,Normal
N-04-00338,2026-01-03T00:21:02,Railways,S04-VPN01,svchost,6,Normal,Normal
N-04-00339,2026-01-03T06:43:38,Railways,S04-VPN01,python,10,Normal,Normal
N-04-00340,2026-01-17T08:38:34,Railways,S04-MON01,python,5,Normal,Normal
N-04-00341,2026-01-09T23:32:39,Railways,S04-MON01,python,13,Normal,Normal
N-04-00342,2026-01-04T14:07:07,Railways,S04-BKP01,svchost,9,Normal,Normal
N-04-00343,2026-01-04T21:43:09,Railways,S04-APP01,java,17,Normal,Normal
N-04-00344,2026-01-10T08:30:52,Railways,S04-AUTH01,nginx,19,Normal,Normal
N-04-00345,2026-01-17T07:56:03,Railways,S04-MGMT01,svchost,6,Normal,Normal
N-04-00346,2026-01-03T09:01:49,Railways,S04-APP01,powershell,0,Normal,Normal
N-04-00347,2026-01-13T14:23:25,Railways,S04-CTRL01,svchost,13,Normal,Normal
N-04-00348,2026-01-12T18:02:59,Railways,S04-DB01,svchost,7,Normal,Normal
N-04-00349,2026-01-03T21:28:10,Railways,S04-DB01,python,18,Normal,Normal
N-04-00350,2026-01-09T06:05:01,Railways,S04-MON01,powershell,7,Normal,Normal
N-04-00351,2026-01-17T07:39:05,Railways,S04-CTRL01,powershell,20,Normal,Normal
N-04-00352,2026-01-15T19:35:24,Railways,S04-VPN01,svchost,11,Normal,Normal
N-04-00353,2026-01-04T15:02:07,Railways,S04-BKP01,python,13,Normal,Normal
N-04-00354,2026-01-14T21:03:44,Railways,S04-BKP01,python,18,Normal,Normal
N-04-00355,2026-01-17T14:19:19,Railways,S04-MGMT01,python,0,Normal,Normal
N-04-00356,2026-01-16T03:01:59,Railways,S04-MGMT01,powershell,0,Normal,Normal
N-04-00357,2026-01-18T07:25:30,Railways,S04-GW01,java,7,Normal,Normal
N-04-00358,2026-01-07T05:56:11,Railways,S04-CTRL01,powershell,13,Normal,Normal
N-04-00359,2026-01-06T03:22:58,Railways,S04-MGMT01,powershell,4,Normal,Normal
N-04-00360,2026-01-04T11:06:56,Railways,S04-VPN01,python,19,Normal,Normal
N-04-00361,2026-01-05T00:18:42,Railways,S04-GW01,svchost,2,Normal,Normal
N-04-00362,2026-01-16T03:16:09,Railways,S04-DB01,powershell,12,Normal,Normal
N-04-00363,2026-01-11T19:29:36,Railways,S04-APP01,nginx,11,Normal,Normal
N-04-00364,2026-01-04T02:25:16,Railways,S04-DB01,nginx,1,Normal,Normal
N-04-00365,2026-01-11T03:50:03,Railways,S04-MON01,powershell,9,Normal,Normal
N-04-00366,2026-01-17T18:56:51,Railways,S04-MGMT01,python,7,Normal,Normal
N-04-00367,2026-01-19T10:53:38,Railways,S04-AUTH01,python,17,Normal,Normal
N-04-00368,2026-01-12T10:53:07,Railways,S04-APP01,svchost,18,Normal,Normal
N-04-00369,2026-01-20T11:52:40,Railways,S04-MON01,python,8,Normal,Normal
N-04-00370,2026-01-15T14:44:11,Railways,S04-WS01,java,7,Normal,Normal
N-04-00371,2026-01-15T08:57:36,Railways,S04-BKP01,python,12,Normal,Normal
N-04-00372,2026-01-02T05:06:56,Railways,S04-APP01,java,5,Normal,Normal
N-04-00373,2026-01-10T13:33:37,Railways,S04-AUTH01,powershell,18,Normal,Normal
N-04-00374,2026-01-15T21:06:45,Railways,S04-CTRL01,java,18,Normal,Normal
N-04-00375,2026-01-01T21:35:52,Railways,S04-BKP01,svchost,7,Normal,Normal
N-04-00376,2026-01-17T23:46:36,Railways,S04-APP01,java,16,Normal,Normal
N-04-00377,2026-01-11T20:09:31,Railways,S04-APP01,python,2,Normal,Normal
N-04-00378,2026-01-17T02:46:24,Railways,S04-WS01,powershell,6,Normal,Normal
N-04-00379,2026-01-12T07:45:41,Railways,S04-WS01,java,17,Normal,Normal
N-04-00380,2026-01-02T14:38:13,Railways,S04-APP01,python,3,Normal,Normal
N-04-00381,2026-01-16T17:03:51,Railways,S04-DB01,svchost,7,Normal,Normal
N-04-00382,2026-01-16T14:30:57,Railways,S04-VPN01,python,16,Normal,Normal
N-04-00383,2026-01-11T14:01:53,Railways,S04-MGMT01,powershell,12,Normal,Normal
N-04-00384,2026-01-02T23:43:16,Railways,S04-APP01,powershell,16,Normal,Normal
N-04-00385,2026-01-01T11:25:11,Railways,S04-GW01,python,15,Normal,Normal
N-04-00386,2026-01-18T21:40:39,Railways,S04-DB01,powershell,11,Normal,Normal
N-04-00387,2026-01-18T02:58:23,Railways,S04-WS01,python,13,Normal,Normal
N-04-00388,2026-01-14T11:50:11,Railways,S04-AUTH01,svchost,20,Normal,Normal
N-04-00389,2026-01-20T15:15:41,Railways,S04-BKP01,java,8,Normal,Normal
N-04-00390,2026-01-07T01:14:42,Railways,S04-GW01,svchost,3,Normal,Normal
N-04-00391,2026-01-17T15:30:56,Railways,S04-GW01,nginx,14,Normal,Normal
N-04-00392,2026-01-10T17:24:26,Railways,S04-VPN01,python,18,Normal,Normal
N-04-00393,2026-01-08T12:57:21,Railways,S04-APP01,java,16,Normal,Normal
N-04-00394,2026-01-10T06:38:52,Railways,S04-GW01,powershell,18,Normal,Normal
N-04-00395,2026-01-04T18:39:37,Railways,S04-CTRL01,nginx,18,Normal,Normal
N-04-00396,2026-01-06T21:30:34,Railways,S04-BKP01,python,2,Normal,Normal
N-04-00397,2026-01-13T17:22:15,Railways,S04-WS01,powershell,2,Normal,Normal
N-04-00398,2026-01-16T17:32:35,Railways,S04-APP01,powershell,14,Normal,Normal
N-04-00399,2026-01-19T00:14:58,Railways,S04-BKP01,python,5,Normal,Normal
N-04-00400,2026-01-16T14:02:56,Railways,S04-AUTH01,python,6,Normal,Normal
N-04-00401,2026-01-21T01:38:29,Railways,S04-MGMT01,python,3,Normal,Normal
N-04-00402,2026-01-08T19:57:15,Railways,S04-BKP01,java,1,Normal,Normal
N-04-00403,2026-01-13T02:52:09,Railways,S04-APP01,nginx,12,Normal,Normal
N-04-00404,2026-01-13T07:18:59,Railways,S04-MGMT01,svchost,15,Normal,Normal
N-04-00405,2026-01-05T14:33:27,Railways,S04-AUTH01,nginx,0,Normal,Normal
N-04-00406,2026-01-16T09:49:33,Railways,S04-CTRL01,java,3,Normal,Normal
N-04-00407,2026-01-08T20:28:30,Railways,S04-MGMT01,nginx,17,Normal,Normal
N-04-00408,2026-01-14T12:10:00,Railways,S04-MON01,nginx,5,Normal,Normal
N-04-00409,2026-01-19T10:21:00,Railways,S04-WS01,svchost,20,Normal,Normal
N-04-00410,2026-01-12T15:09:57,Railways,S04-WS01,java,6,Normal,Normal
N-04-00411,2026-01-17T22:12:15,Railways,S04-WS01,powershell,0,Normal,Normal
N-04-00412,2026-01-08T10:51:03,Railways,S04-BKP01,java,8,Normal,Normal
N-04-00413,2026-01-19T04:22:55,Railways,S04-AUTH01,nginx,0,Normal,Normal
N-04-00414,2026-01-08T20:23:05,Railways,S04-CTRL01,powershell,19,Normal,Normal
N-04-00415,2026-01-18T14:19:53,Railways,S04-VPN01,nginx,7,Normal,Normal
N-04-00416,2026-01-02T17:28:41,Railways,S04-DB01,powershell,4,Normal,Normal
N-04-00417,2026-01-20T09:54:44,Railways,S04-GW01,svchost,7,Normal,Normal
N-04-00418,2026-01-06T12:30:22,Railways,S04-GW01,svchost,8,Normal,Normal
N-04-00419,2026-01-03T08:25:14,Railways,S04-VPN01,nginx,7,Normal,Normal
N-04-00420,2026-01-14T02:20:30,Railways,S04-CTRL01,python,0,Normal,Normal
N-04-00421,2026-01-19T00:50:21,Railways,S04-AUTH01,nginx,6,Normal,Normal
N-04-00422,2026-01-13T02:44:29,Railways,S04-AUTH01,nginx,13,Normal,Normal
N-04-00423,2026-01-06T12:14:21,Railways,S04-VPN01,svchost,4,Normal,Normal
N-04-00424,2026-01-16T08:02:22,Railways,S04-DB01,java,12,Normal,Normal
N-04-00425,2026-01-17T09:46:32,Railways,S04-GW01,svchost,2,Normal,Normal
N-04-00426,2026-01-11T02:15:18,Railways,S04-APP01,powershell,12,Normal,Normal
N-04-00427,2026-01-03T00:15:44,Railways,S04-MGMT01,nginx,17,Normal,Normal
N-04-00428,2026-01-11T10:08:33,Railways,S04-BKP01,python,11,Normal,Normal
N-04-00429,2026-01-03T20:00:57,Railways,S04-MGMT01,svchost,4,Normal,Normal
N-04-00430,2026-01-17T17:57:13,Railways,S04-BKP01,java,17,Normal,Normal
N-04-00431,2026-01-12T07:01:19,Railways,S04-AUTH01,nginx,8,Normal,Normal
N-04-00432,2026-01-19T19:13:22,Railways,S04-AUTH01,nginx,11,Normal,Normal
N-04-00433,2026-01-05T17:33:16,Railways,S04-APP01,svchost,15,Normal,Normal
N-04-00434,2026-01-14T23:54:53,Railways,S04-APP01,svchost,18,Normal,Normal
N-04-00435,2026-01-16T16:56:06,Railways,S04-AUTH01,python,9,Normal,Normal
N-04-00436,2026-01-11T10:54:49,Railways,S04-GW01,powershell,13,Normal,Normal
N-04-00437,2026-01-13T23:18:34,Railways,S04-DB01,svchost,9,Normal,Normal
N-04-00438,2026-01-14T01:07:40,Railways,S04-CTRL01,svchost,1,Normal,Normal
N-04-00439,2026-01-08T14:46:19,Railways,S04-BKP01,powershell,0,Normal,Normal
N-04-00440,2026-01-10T09:46:28,Railways,S04-AUTH01,java,12,Normal,Normal
N-04-00441,2026-01-09T03:59:18,Railways,S04-GW01,python,17,Normal,Normal
N-04-00442,2026-01-13T15:26:41,Railways,S04-AUTH01,nginx,1,Normal,Normal
N-04-00443,2026-01-06T05:48:06,Railways,S04-GW01,java,7,Normal,Normal
N-04-00444,2026-01-19T12:52:06,Railways,S04-VPN01,python,16,Normal,Normal
N-04-00445,2026-01-07T04:23:57,Railways,S04-DB01,powershell,10,Normal,Normal
N-04-00446,2026-01-11T21:59:44,Railways,S04-MON01,svchost,15,Normal,Normal
N-04-00447,2026-01-19T02:49:32,Railways,S04-MON01,python,12,Normal,Normal
N-04-00448,2026-01-08T09:20:32,Railways,S04-MGMT01,powershell,6,Normal,Normal
N-04-00449,2026-01-01T09:20:05,Railways,S04-VPN01,powershell,10,Normal,Normal
N-04-00450,2026-01-07T14:24:58,Railways,S04-BKP01,java,20,Normal,Normal
N-04-00451,2026-01-07T06:33:43,Railways,S04-MGMT01,python,18,Normal,Normal
N-04-00452,2026-01-17T10:02:47,Railways,S04-VPN01,python,12,Normal,Normal
N-04-00453,2026-01-04T13:45:37,Railways,S04-CTRL01,nginx,2,Normal,Normal
N-04-00454,2026-01-18T00:09:52,Railways,S04-DB01,python,17,Normal,Normal
N-04-00455,2026-01-11T10:20:13,Railways,S04-MGMT01,nginx,8,Normal,Normal
N-04-00456,2026-01-06T06:54:50,Railways,S04-DB01,java,1,Normal,Normal
N-04-00457,2026-01-16T04:08:11,Railways,S04-APP01,nginx,18,Normal,Normal
N-04-00458,2026-01-20T16:15:10,Railways,S04-GW01,powershell,9,Normal,Normal
N-04-00459,2026-01-15T21:35:14,Railways,S04-GW01,python,17,Normal,Normal
N-04-00460,2026-01-12T20:13:58,Railways,S04-BKP01,java,10,Normal,Normal
N-04-00461,2026-01-14T23:30:51,Railways,S04-GW01,svchost,10,Normal,Normal
N-04-00462,2026-01-11T21:52:43,Railways,S04-CTRL01,nginx,13,Normal,Normal
N-04-00463,2026-01-17T21:13:22,Railways,S04-BKP01,python,17,Normal,Normal
N-04-00464,2026-01-03T20:02:27,Railways,S04-MON01,powershell,7,Normal,Normal
N-04-00465,2026-01-17T13:48:02,Railways,S04-APP01,java,1,Normal,Normal
N-04-00466,2026-01-19T12:14:08,Railways,S04-CTRL01,python,5,Normal,Normal
N-04-00467,2026-01-08T15:25:13,Railways,S04-AUTH01,nginx,6,Normal,Normal
N-04-00468,2026-01-03T21:41:07,Railways,S04-VPN01,java,13,Normal,Normal
N-04-00469,2026-01-18T17:03:31,Railways,S04-WS01,python,11,Normal,Normal
N-04-00470,2026-01-19T22:30:36,Railways,S04-MON01,python,16,Normal,Normal
N-04-00471,2026-01-19T12:30:27,Railways,S04-VPN01,nginx,11,Normal,Normal
N-04-00472,2026-01-11T21:45:29,Railways,S04-MGMT01,python,16,Normal,Normal
N-04-00473,2026-01-19T11:31:20,Railways,S04-CTRL01,nginx,6,Normal,Normal
N-04-00474,2026-01-19T11:51:26,Railways,S04-MON01,python,10,Normal,Normal
N-04-00475,2026-01-07T23:17:12,Railways,S04-DB01,python,6,Normal,Normal
N-04-00476,2026-01-19T14:29:22,Railways,S04-BKP01,svchost,7,Normal,Normal
N-04-00477,2026-01-17T10:28:24,Railways,S04-GW01,powershell,11,Normal,Normal
N-04-00478,2026-01-20T10:04:48,Railways,S04-APP01,nginx,2,Normal,Normal
N-04-00479,2026-01-05T14:04:53,Railways,S04-CTRL01,powershell,8,Normal,Normal
N-04-00480,2026-01-09T04:42:53,Railways,S04-WS01,powershell,11,Normal,Normal
N-04-00481,2026-01-16T12:33:17,Railways,S04-VPN01,powershell,4,Normal,Normal
N-04-00482,2026-01-02T14:14:46,Railways,S04-MON01,svchost,5,Normal,Normal
N-04-00483,2026-01-10T13:23:49,Railways,S04-CTRL01,powershell,4,Normal,Normal
N-04-00484,2026-01-03T07:33:58,Railways,S04-MGMT01,java,9,Normal,Normal
N-04-00485,2026-01-20T18:30:07,Railways,S04-GW01,python,10,Normal,Normal
N-04-00486,2026-01-11T03:58:18,Railways,S04-AUTH01,nginx,20,Normal,Normal
N-04-00487,2026-01-15T10:34:54,Railways,S04-GW01,svchost,7,Normal,Normal
N-04-00488,2026-01-12T22:45:03,Railways,S04-MON01,powershell,16,Normal,Normal
N-04-00489,2026-01-20T05:37:57,Railways,S04-APP01,python,16,Normal,Normal
N-04-00490,2026-01-19T05:26:40,Railways,S04-VPN01,powershell,3,Normal,Normal
N-04-00491,2026-01-08T20:10:56,Railways,S04-AUTH01,python,3,Normal,Normal
N-04-00492,2026-01-13T02:34:23,Railways,S04-VPN01,python,5,Normal,Normal
N-04-00493,2026-01-08T05:19:11,Railways,S04-BKP01,svchost,5,Normal,Normal
N-04-00494,2026-01-21T04:10:25,Railways,S04-MGMT01,java,2,Normal,Normal
N-04-00495,2026-01-12T01:53:23,Railways,S04-BKP01,java,6,Normal,Normal
N-04-00496,2026-01-04T23:22:15,Railways,S04-DB01,python,3,Normal,Normal
N-04-00497,2026-01-08T16:34:27,Railways,S04-MGMT01,svchost,11,Normal,Normal
N-04-00498,2026-01-05T21:19:15,Railways,S04-VPN01,svchost,19,Normal,Normal
N-04-00499,2026-01-12T23:08:01,Railways,S04-MON01,svchost,7,Normal,Normal
N-04-00500,2026-01-12T21:57:33,Railways,S04-BKP01,python,10,Normal,Normal
N-04-00501,2026-01-16T02:28:20,Railways,S04-WS01,python,1,Normal,Normal
N-04-00502,2026-01-11T23:08:01,Railways,S04-APP01,svchost,8,Normal,Normal
N-04-00503,2026-01-14T06:25:24,Railways,S04-BKP01,powershell,15,Normal,Normal
N-04-00504,2026-01-12T21:03:42,Railways,S04-BKP01,svchost,8,Normal,Normal
N-04-00505,2026-01-08T10:58:50,Railways,S04-WS01,python,14,Normal,Normal
N-04-00506,2026-01-10T05:03:23,Railways,S04-BKP01,svchost,0,Normal,Normal
N-04-00507,2026-01-09T02:01:11,Railways,S04-DB01,svchost,12,Normal,Normal
N-04-00508,2026-01-06T06:54:39,Railways,S04-APP01,powershell,13,Normal,Normal
N-04-00509,2026-01-20T19:18:14,Railways,S04-GW01,powershell,18,Normal,Normal
N-04-00510,2026-01-18T19:43:00,Railways,S04-DB01,svchost,17,Normal,Normal
N-04-00511,2026-01-06T21:02:11,Railways,S04-APP01,svchost,15,Normal,Normal
N-04-00512,2026-01-17T06:11:00,Railways,S04-WS01,java,8,Normal,Normal
N-04-00513,2026-01-19T16:54:57,Railways,S04-GW01,svchost,15,Normal,Normal
N-04-00514,2026-01-04T10:49:38,Railways,S04-APP01,nginx,10,Normal,Normal
N-04-00515,2026-01-04T12:51:13,Railways,S04-BKP01,java,14,Normal,Normal
N-04-00516,2026-01-17T07:47:22,Railways,S04-GW01,python,7,Normal,Normal
N-04-00517,2026-01-18T03:10:47,Railways,S04-CTRL01,python,20,Normal,Normal
N-04-00518,2026-01-13T11:34:54,Railways,S04-APP01,svchost,3,Normal,Normal
N-04-00519,2026-01-03T14:19:29,Railways,S04-GW01,svchost,12,Normal,Normal
N-04-00520,2026-01-03T20:22:33,Railways,S04-AUTH01,java,8,Normal,Normal
N-04-00521,2026-01-13T08:26:20,Railways,S04-WS01,java,8,Normal,Normal
N-04-00522,2026-01-09T00:42:14,Railways,S04-DB01,svchost,5,Normal,Normal
N-04-00523,2026-01-17T22:52:17,Railways,S04-BKP01,nginx,7,Normal,Normal
N-04-00524,2026-01-13T06:44:48,Railways,S04-BKP01,svchost,10,Normal,Normal
N-04-00525,2026-01-14T11:43:07,Railways,S04-DB01,powershell,0,Normal,Normal
N-04-00526,2026-01-14T15:05:10,Railways,S04-DB01,nginx,9,Normal,Normal
N-04-00527,2026-01-01T18:19:59,Railways,S04-CTRL01,java,8,Normal,Normal
N-04-00528,2026-01-13T12:55:17,Railways,S04-CTRL01,nginx,2,Normal,Normal
N-04-00529,2026-01-11T04:41:33,Railways,S04-GW01,python,19,Normal,Normal
N-04-00530,2026-01-11T04:10:36,Railways,S04-AUTH01,svchost,1,Normal,Normal
N-04-00531,2026-01-14T20:10:18,Railways,S04-MGMT01,svchost,7,Normal,Normal
N-04-00532,2026-01-07T10:29:32,Railways,S04-MON01,powershell,1,Normal,Normal
N-04-00533,2026-01-19T05:41:23,Railways,S04-CTRL01,python,16,Normal,Normal
N-04-00534,2026-01-05T03:15:03,Railways,S04-VPN01,svchost,4,Normal,Normal
N-04-00535,2026-01-09T07:15:30,Railways,S04-MON01,java,14,Normal,Normal
N-04-00536,2026-01-13T05:06:13,Railways,S04-GW01,svchost,11,Normal,Normal
N-04-00537,2026-01-02T17:13:09,Railways,S04-APP01,python,0,Normal,Normal
N-04-00538,2026-01-08T04:26:58,Railways,S04-VPN01,svchost,9,Normal,Normal
N-04-00539,2026-01-15T03:05:11,Railways,S04-AUTH01,java,4,Normal,Normal
N-04-00540,2026-01-16T11:45:10,Railways,S04-AUTH01,nginx,5,Normal,Normal
N-04-00541,2026-01-06T08:24:32,Railways,S04-APP01,svchost,1,Normal,Normal
N-04-00542,2026-01-14T13:02:55,Railways,S04-MON01,python,11,Normal,Normal
N-04-00543,2026-01-15T23:22:12,Railways,S04-APP01,python,0,Normal,Normal
N-04-00544,2026-01-07T07:38:53,Railways,S04-GW01,java,16,Normal,Normal
N-04-00545,2026-01-12T21:57:00,Railways,S04-CTRL01,nginx,16,Normal,Normal
N-04-00546,2026-01-09T00:12:23,Railways,S04-DB01,nginx,17,Normal,Normal
N-04-00547,2026-01-01T18:32:10,Railways,S04-BKP01,svchost,0,Normal,Normal
N-04-00548,2026-01-03T22:20:12,Railways,S04-CTRL01,svchost,16,Normal,Normal
N-04-00549,2026-01-09T14:41:44,Railways,S04-BKP01,svchost,0,Normal,Normal
N-04-00550,2026-01-15T11:05:35,Railways,S04-MGMT01,python,7,Normal,Normal
N-04-00551,2026-01-10T14:19:08,Railways,S04-WS01,nginx,6,Normal,Normal
N-04-00552,2026-01-19T10:33:07,Railways,S04-CTRL01,nginx,16,Normal,Normal
N-04-00553,2026-01-12T21:42:15,Railways,S04-GW01,powershell,19,Normal,Normal
N-04-00554,2026-01-11T18:54:23,Railways,S04-DB01,python,16,Normal,Normal
N-04-00555,2026-01-06T20:50:13,Railways,S04-WS01,svchost,15,Normal,Normal
N-04-00556,2026-01-13T01:21:38,Railways,S04-VPN01,nginx,20,Normal,Normal
N-04-00557,2026-01-08T08:06:22,Railways,S04-MGMT01,nginx,7,Normal,Normal
N-04-00558,2026-01-04T20:52:51,Railways,S04-VPN01,python,3,Normal,Normal
N-04-00559,2026-01-08T13:15:32,Railways,S04-BKP01,powershell,10,Normal,Normal
N-04-00560,2026-01-20T10:21:35,Railways,S04-BKP01,nginx,12,Normal,Normal
N-04-00561,2026-01-04T12:26:27,Railways,S04-GW01,powershell,14,Normal,Normal
N-04-00562,2026-01-17T19:10:14,Railways,S04-CTRL01,svchost,5,Normal,Normal
N-04-00563,2026-01-13T12:55:30,Railways,S04-CTRL01,java,0,Normal,Normal
N-04-00564,2026-01-06T00:14:54,Railways,S04-MON01,svchost,9,Normal,Normal
N-04-00565,2026-01-16T01:13:52,Railways,S04-BKP01,powershell,0,Normal,Normal
N-04-00566,2026-01-01T08:02:20,Railways,S04-APP01,svchost,16,Normal,Normal
N-04-00567,2026-01-07T02:17:09,Railways,S04-MGMT01,powershell,16,Normal,Normal
N-04-00568,2026-01-04T00:59:44,Railways,S04-CTRL01,svchost,1,Normal,Normal
N-04-00569,2026-01-01T21:22:15,Railways,S04-MON01,java,17,Normal,Normal
N-04-00570,2026-01-05T21:40:03,Railways,S04-APP01,java,13,Normal,Normal
N-04-00571,2026-01-09T03:03:43,Railways,S04-MON01,java,13,Normal,Normal
N-04-00572,2026-01-04T17:32:09,Railways,S04-MGMT01,powershell,13,Normal,Normal
N-04-00573,2026-01-05T15:33:38,Railways,S04-MON01,powershell,14,Normal,Normal
N-04-00574,2026-01-13T12:38:17,Railways,S04-BKP01,nginx,19,Normal,Normal
N-04-00575,2026-01-19T10:13:07,Railways,S04-MON01,nginx,3,Normal,Normal
N-04-00576,2026-01-14T15:38:37,Railways,S04-VPN01,python,7,Normal,Normal
N-04-00577,2026-01-20T22:43:13,Railways,S04-WS01,powershell,17,Normal,Normal
N-04-00578,2026-01-16T11:18:02,Railways,S04-VPN01,java,3,Normal,Normal
N-04-00579,2026-01-05T23:53:32,Railways,S04-WS01,powershell,13,Normal,Normal
N-04-00580,2026-01-14T22:10:55,Railways,S04-APP01,powershell,9,Normal,Normal
N-04-00581,2026-01-14T23:30:02,Railways,S04-WS01,svchost,19,Normal,Normal
N-04-00582,2026-01-07T06:10:02,Railways,S04-BKP01,nginx,10,Normal,Normal
N-04-00583,2026-01-08T20:43:47,Railways,S04-WS01,nginx,14,Normal,Normal
N-04-00584,2026-01-21T01:54:23,Railways,S04-MON01,svchost,4,Normal,Normal
N-04-00585,2026-01-10T22:28:50,Railways,S04-BKP01,nginx,3,Normal,Normal
N-04-00586,2026-01-16T22:12:29,Railways,S04-WS01,powershell,1,Normal,Normal
N-04-00587,2026-01-11T17:43:27,Railways,S04-MON01,python,18,Normal,Normal
N-04-00588,2026-01-12T07:59:20,Railways,S04-AUTH01,svchost,12,Normal,Normal
N-04-00589,2026-01-20T14:55:11,Railways,S04-BKP01,nginx,1,Normal,Normal
N-04-00590,2026-01-08T10:27:40,Railways,S04-DB01,svchost,14,Normal,Normal
N-04-00591,2026-01-06T23:00:52,Railways,S04-VPN01,python,15,Normal,Normal
N-04-00592,2026-01-02T20:59:05,Railways,S04-APP01,java,18,Normal,Normal
N-04-00593,2026-01-09T07:00:19,Railways,S04-APP01,java,19,Normal,Normal
N-04-00594,2026-01-02T16:33:29,Railways,S04-AUTH01,python,7,Normal,Normal
N-04-00595,2026-01-18T02:56:02,Railways,S04-MGMT01,svchost,3,Normal,Normal
N-04-00596,2026-01-09T16:34:20,Railways,S04-MON01,svchost,3,Normal,Normal
N-04-00597,2026-01-09T21:52:51,Railways,S04-AUTH01,powershell,1,Normal,Normal
N-04-00598,2026-01-15T22:02:40,Railways,S04-MON01,nginx,3,Normal,Normal
N-04-00599,2026-01-19T16:36:17,Railways,S04-APP01,python,17,Normal,Normal
A-04-SCN031-01-00,2026-01-14T09:01:00,Railways,S04-CTRL01,python,11,Reconnaissance,Attack
A-04-SCN031-01-01,2026-01-14T09:08:00,Railways,S04-MGMT01,unknown,48,Initial Access,Attack
A-04-SCN031-01-02,2026-01-14T09:10:00,Railways,S04-GW01,service-host,81,Execution,Attack
A-04-SCN031-01-03,2026-01-14T09:18:00,Railways,S04-DB01,curl,96,Discovery,Attack
A-04-SCN031-01-04,2026-01-14T09:21:00,Railways,S04-BKP01,powershell,54,Lateral Movement,Attack
A-04-SCN031-01-05,2026-01-14T09:28:00,Railways,S04-AUTH01,wmic,327,Impact,Attack
A-04-SCN031-01-06,2026-01-14T09:33:00,Railways,S04-CTRL01,service-host,91,Impact,Attack
A-04-SCN031-01-07,2026-01-14T09:36:00,Railways,S04-MGMT01,curl,1715,Impact,Attack
A-04-SCN031-01-08,2026-01-14T09:43:00,Railways,S04-GW01,service-host,768,Impact,Attack
A-04-SCN031-01-09,2026-01-14T09:48:00,Railways,S04-DB01,ssh,699,Impact,Attack
A-04-SCN031-02-00,2026-01-14T10:03:00,Railways,S04-MON01,cmd,41,Reconnaissance,Attack
A-04-SCN031-02-01,2026-01-14T10:08:00,Railways,S04-BKP01,cmd,46,Initial Access,Attack
A-04-SCN031-02-02,2026-01-14T10:13:00,Railways,S04-AUTH01,curl,69,Execution,Attack
A-04-SCN031-02-03,2026-01-14T10:16:00,Railways,S04-VPN01,curl,63,Discovery,Attack
A-04-SCN031-02-04,2026-01-14T10:22:00,Railways,S04-MGMT01,python,89,Lateral Movement,Attack
A-04-SCN031-02-05,2026-01-14T10:27:00,Railways,S04-WS01,wmic,401,Impact,Attack
A-04-SCN031-02-06,2026-01-14T10:30:00,Railways,S04-MON01,ssh,1687,Impact,Attack
A-04-SCN031-02-07,2026-01-14T10:35:00,Railways,S04-BKP01,wmic,1042,Impact,Attack
A-04-SCN031-02-08,2026-01-14T10:41:00,Railways,S04-AUTH01,service-host,5,Impact,Attack
A-04-SCN031-02-09,2026-01-14T10:47:00,Railways,S04-VPN01,powershell,1813,Impact,Attack
A-04-SCN031-03-00,2026-01-14T11:01:00,Railways,S04-GW01,service-host,16,Reconnaissance,Attack
A-04-SCN031-03-01,2026-01-14T11:05:00,Railways,S04-CTRL01,wmic,88,Initial Access,Attack
A-04-SCN031-03-02,2026-01-14T11:13:00,Railways,S04-VPN01,curl,61,Execution,Attack
A-04-SCN031-03-03,2026-01-14T11:15:00,Railways,S04-BKP01,wmic,42,Discovery,Attack
A-04-SCN031-03-04,2026-01-14T11:20:00,Railways,S04-AUTH01,ssh,13,Lateral Movement,Attack
A-04-SCN031-03-05,2026-01-14T11:26:00,Railways,S04-APP01,wmic,1689,Impact,Attack
A-04-SCN031-03-06,2026-01-14T11:32:00,Railways,S04-GW01,curl,12,Impact,Attack
A-04-SCN031-03-07,2026-01-14T11:35:00,Railways,S04-CTRL01,cmd,401,Impact,Attack
A-04-SCN031-03-08,2026-01-14T11:42:00,Railways,S04-VPN01,powershell,1773,Impact,Attack
A-04-SCN031-03-09,2026-01-14T11:47:00,Railways,S04-BKP01,cmd,881,Impact,Attack
A-04-SCN031-04-00,2026-01-14T12:02:00,Railways,S04-MON01,powershell,95,Reconnaissance,Attack
A-04-SCN031-04-01,2026-01-14T12:06:00,Railways,S04-VPN01,unknown,62,Initial Access,Attack
A-04-SCN031-04-02,2026-01-14T12:12:00,Railways,S04-AUTH01,service-host,83,Execution,Attack
A-04-SCN031-04-03,2026-01-14T12:15:00,Railways,S04-WS01,powershell,70,Discovery,Attack
A-04-SCN031-04-04,2026-01-14T12:23:00,Railways,S04-APP01,powershell,94,Lateral Movement,Attack
A-04-SCN031-04-05,2026-01-14T12:26:00,Railways,S04-DB01,python,869,Impact,Attack
A-04-SCN031-04-06,2026-01-14T12:32:00,Railways,S04-MON01,ssh,587,Impact,Attack
A-04-SCN031-04-07,2026-01-14T12:36:00,Railways,S04-VPN01,service-host,118,Impact,Attack
A-04-SCN031-04-08,2026-01-14T12:40:00,Railways,S04-AUTH01,wmic,144,Impact,Attack
A-04-SCN031-04-09,2026-01-14T12:48:00,Railways,S04-WS01,ssh,1239,Impact,Attack
A-04-SCN032-01-00,2026-01-14T09:03:00,Railways,S04-CTRL01,ssh,36,Reconnaissance,Attack
A-04-SCN032-01-01,2026-01-14T09:06:00,Railways,S04-AUTH01,powershell,14,Initial Access,Attack
A-04-SCN032-01-02,2026-01-14T09:10:00,Railways,S04-DB01,powershell,50,Execution,Attack
A-04-SCN032-01-03,2026-01-14T09:18:00,Railways,S04-APP01,service-host,85,Discovery,Attack
A-04-SCN032-01-04,2026-01-14T09:20:00,Railways,S04-BKP01,python,19,Lateral Movement,Attack
A-04-SCN032-01-05,2026-01-14T09:25:00,Railways,S04-WS01,service-host,1558,Impact,Attack
A-04-SCN032-01-06,2026-01-14T09:32:00,Railways,S04-CTRL01,unknown,1131,Impact,Attack
A-04-SCN032-01-07,2026-01-14T09:37:00,Railways,S04-AUTH01,unknown,1835,Impact,Attack
A-04-SCN032-01-08,2026-01-14T09:42:00,Railways,S04-DB01,wmic,169,Impact,Attack
A-04-SCN032-01-09,2026-01-14T09:45:00,Railways,S04-APP01,service-host,1808,Impact,Attack
A-04-SCN032-02-00,2026-01-14T10:03:00,Railways,S04-AUTH01,service-host,84,Reconnaissance,Attack
A-04-SCN032-02-01,2026-01-14T10:06:00,Railways,S04-WS01,wmic,89,Initial Access,Attack
A-04-SCN032-02-02,2026-01-14T10:12:00,Railways,S04-GW01,unknown,34,Execution,Attack
A-04-SCN032-02-03,2026-01-14T10:18:00,Railways,S04-MON01,powershell,70,Discovery,Attack
A-04-SCN032-02-04,2026-01-14T10:20:00,Railways,S04-CTRL01,unknown,22,Lateral Movement,Attack
A-04-SCN032-02-05,2026-01-14T10:26:00,Railways,S04-DB01,wmic,694,Impact,Attack
A-04-SCN032-02-06,2026-01-14T10:31:00,Railways,S04-AUTH01,ssh,310,Impact,Attack
A-04-SCN032-02-07,2026-01-14T10:37:00,Railways,S04-WS01,unknown,1442,Impact,Attack
A-04-SCN032-02-08,2026-01-14T10:41:00,Railways,S04-GW01,service-host,813,Impact,Attack
A-04-SCN032-02-09,2026-01-14T10:48:00,Railways,S04-MON01,service-host,1148,Impact,Attack
A-04-SCN032-03-00,2026-01-14T11:03:00,Railways,S04-CTRL01,python,68,Reconnaissance,Attack
A-04-SCN032-03-01,2026-01-14T11:08:00,Railways,S04-AUTH01,service-host,75,Initial Access,Attack
A-04-SCN032-03-02,2026-01-14T11:12:00,Railways,S04-MGMT01,unknown,84,Execution,Attack
A-04-SCN032-03-03,2026-01-14T11:18:00,Railways,S04-DB01,wmic,89,Discovery,Attack
A-04-SCN032-03-04,2026-01-14T11:23:00,Railways,S04-GW01,service-host,52,Lateral Movement,Attack
A-04-SCN032-03-05,2026-01-14T11:25:00,Railways,S04-APP01,service-host,1342,Impact,Attack
A-04-SCN032-03-06,2026-01-14T11:31:00,Railways,S04-CTRL01,service-host,1187,Impact,Attack
A-04-SCN032-03-07,2026-01-14T11:35:00,Railways,S04-AUTH01,python,271,Impact,Attack
A-04-SCN032-03-08,2026-01-14T11:40:00,Railways,S04-MGMT01,powershell,863,Impact,Attack
A-04-SCN032-03-09,2026-01-14T11:48:00,Railways,S04-DB01,python,1349,Impact,Attack
A-04-SCN032-04-00,2026-01-14T12:03:00,Railways,S04-APP01,powershell,82,Reconnaissance,Attack
A-04-SCN032-04-01,2026-01-14T12:05:00,Railways,S04-MGMT01,powershell,87,Initial Access,Attack
A-04-SCN032-04-02,2026-01-14T12:13:00,Railways,S04-CTRL01,service-host,88,Execution,Attack
A-04-SCN032-04-03,2026-01-14T12:16:00,Railways,S04-DB01,curl,29,Discovery,Attack
A-04-SCN032-04-04,2026-01-14T12:21:00,Railways,S04-AUTH01,python,52,Lateral Movement,Attack
A-04-SCN032-04-05,2026-01-14T12:26:00,Railways,S04-WS01,wmic,1648,Impact,Attack
A-04-SCN032-04-06,2026-01-14T12:30:00,Railways,S04-APP01,wmic,370,Impact,Attack
A-04-SCN032-04-07,2026-01-14T12:38:00,Railways,S04-MGMT01,wmic,1732,Impact,Attack
A-04-SCN032-04-08,2026-01-14T12:43:00,Railways,S04-CTRL01,powershell,1872,Impact,Attack
A-04-SCN032-04-09,2026-01-14T12:46:00,Railways,S04-DB01,python,944,Impact,Attack
A-04-SCN033-01-00,2026-01-14T09:01:00,Railways,S04-GW01,powershell,38,Reconnaissance,Attack
A-04-SCN033-01-01,2026-01-14T09:08:00,Railways,S04-MON01,service-host,34,Initial Access,Attack
A-04-SCN033-01-02,2026-01-14T09:12:00,Railways,S04-AUTH01,cmd,89,Credential Access,Attack
A-04-SCN033-01-03,2026-01-14T09:18:00,Railways,S04-DB01,wmic,18,Discovery,Attack
A-04-SCN033-01-04,2026-01-14T09:20:00,Railways,S04-APP01,wmic,85,Lateral Movement,Attack
A-04-SCN033-01-05,2026-01-14T09:27:00,Railways,S04-MGMT01,cmd,1264,Collection,Attack
A-04-SCN033-01-06,2026-01-14T09:32:00,Railways,S04-GW01,ssh,1488,Collection,Attack
A-04-SCN033-01-07,2026-01-14T09:35:00,Railways,S04-MON01,unknown,1203,Collection,Attack
A-04-SCN033-01-08,2026-01-14T09:42:00,Railways,S04-AUTH01,powershell,451,Collection,Attack
A-04-SCN033-01-09,2026-01-14T09:45:00,Railways,S04-DB01,powershell,239,Collection,Attack
A-04-SCN033-02-00,2026-01-14T10:03:00,Railways,S04-WS01,powershell,74,Reconnaissance,Attack
A-04-SCN033-02-01,2026-01-14T10:05:00,Railways,S04-APP01,ssh,67,Initial Access,Attack
A-04-SCN033-02-02,2026-01-14T10:13:00,Railways,S04-MON01,ssh,23,Credential Access,Attack
A-04-SCN033-02-03,2026-01-14T10:15:00,Railways,S04-CTRL01,python,92,Discovery,Attack
A-04-SCN033-02-04,2026-01-14T10:21:00,Railways,S04-BKP01,ssh,45,Lateral Movement,Attack
A-04-SCN033-02-05,2026-01-14T10:25:00,Railways,S04-VPN01,ssh,1192,Collection,Attack
A-04-SCN033-02-06,2026-01-14T10:30:00,Railways,S04-WS01,unknown,1756,Collection,Attack
A-04-SCN033-02-07,2026-01-14T10:38:00,Railways,S04-APP01,ssh,1496,Collection,Attack
A-04-SCN033-02-08,2026-01-14T10:42:00,Railways,S04-MON01,wmic,1982,Collection,Attack
A-04-SCN033-02-09,2026-01-14T10:45:00,Railways,S04-CTRL01,service-host,633,Collection,Attack
A-04-SCN033-03-00,2026-01-14T11:02:00,Railways,S04-CTRL01,python,9,Reconnaissance,Attack
A-04-SCN033-03-01,2026-01-14T11:08:00,Railways,S04-BKP01,python,38,Initial Access,Attack
A-04-SCN033-03-02,2026-01-14T11:11:00,Railways,S04-AUTH01,service-host,45,Credential Access,Attack
A-04-SCN033-03-03,2026-01-14T11:17:00,Railways,S04-MON01,curl,37,Discovery,Attack
A-04-SCN033-03-04,2026-01-14T11:23:00,Railways,S04-APP01,curl,5,Lateral Movement,Attack
A-04-SCN033-03-05,2026-01-14T11:25:00,Railways,S04-VPN01,service-host,1176,Collection,Attack
A-04-SCN033-03-06,2026-01-14T11:32:00,Railways,S04-CTRL01,python,529,Collection,Attack
A-04-SCN033-03-07,2026-01-14T11:37:00,Railways,S04-BKP01,cmd,1055,Collection,Attack
A-04-SCN033-03-08,2026-01-14T11:41:00,Railways,S04-AUTH01,service-host,307,Collection,Attack
A-04-SCN033-03-09,2026-01-14T11:46:00,Railways,S04-MON01,ssh,689,Collection,Attack
A-04-SCN033-04-00,2026-01-14T12:01:00,Railways,S04-WS01,cmd,40,Reconnaissance,Attack
A-04-SCN033-04-01,2026-01-14T12:08:00,Railways,S04-AUTH01,cmd,35,Initial Access,Attack
A-04-SCN033-04-02,2026-01-14T12:11:00,Railways,S04-MGMT01,service-host,31,Credential Access,Attack
A-04-SCN033-04-03,2026-01-14T12:18:00,Railways,S04-CTRL01,curl,60,Discovery,Attack
A-04-SCN033-04-04,2026-01-14T12:20:00,Railways,S04-VPN01,unknown,15,Lateral Movement,Attack
A-04-SCN033-04-05,2026-01-14T12:25:00,Railways,S04-APP01,ssh,1723,Collection,Attack
A-04-SCN033-04-06,2026-01-14T12:31:00,Railways,S04-WS01,unknown,1758,Collection,Attack
A-04-SCN033-04-07,2026-01-14T12:37:00,Railways,S04-AUTH01,wmic,1833,Collection,Attack
A-04-SCN033-04-08,2026-01-14T12:40:00,Railways,S04-MGMT01,curl,1511,Collection,Attack
A-04-SCN033-04-09,2026-01-14T12:47:00,Railways,S04-CTRL01,unknown,1682,Collection,Attack
A-04-SCN034-01-00,2026-01-14T09:00:00,Railways,S04-WS01,curl,20,Reconnaissance,Attack
A-04-SCN034-01-01,2026-01-14T09:07:00,Railways,S04-CTRL01,powershell,98,Initial Access,Attack
A-04-SCN034-01-02,2026-01-14T09:10:00,Railways,S04-MON01,powershell,27,Execution,Attack
A-04-SCN034-01-03,2026-01-14T09:17:00,Railways,S04-AUTH01,powershell,50,Persistence,Attack
A-04-SCN034-01-04,2026-01-14T09:23:00,Railways,S04-MGMT01,python,78,Privilege Escalation,Attack
A-04-SCN034-01-05,2026-01-14T09:28:00,Railways,S04-APP01,service-host,70,Discovery,Attack
A-04-SCN034-01-06,2026-01-14T09:30:00,Railways,S04-WS01,unknown,8,Lateral Movement,Attack
A-04-SCN034-01-07,2026-01-14T09:35:00,Railways,S04-CTRL01,curl,67,Command and Control,Attack
A-04-SCN034-01-08,2026-01-14T09:40:00,Railways,S04-MON01,wmic,17,Command and Control,Attack
A-04-SCN034-01-09,2026-01-14T09:45:00,Railways,S04-AUTH01,wmic,84,Command and Control,Attack
A-04-SCN034-02-00,2026-01-14T10:03:00,Railways,S04-WS01,wmic,42,Reconnaissance,Attack
A-04-SCN034-02-01,2026-01-14T10:07:00,Railways,S04-GW01,cmd,11,Initial Access,Attack
A-04-SCN034-02-02,2026-01-14T10:11:00,Railways,S04-AUTH01,powershell,80,Execution,Attack
A-04-SCN034-02-03,2026-01-14T10:15:00,Railways,S04-CTRL01,cmd,74,Persistence,Attack
A-04-SCN034-02-04,2026-01-14T10:22:00,Railways,S04-BKP01,wmic,53,Privilege Escalation,Attack
A-04-SCN034-02-05,2026-01-14T10:25:00,Railways,S04-VPN01,powershell,87,Discovery,Attack
A-04-SCN034-02-06,2026-01-14T10:32:00,Railways,S04-WS01,powershell,8,Lateral Movement,Attack
A-04-SCN034-02-07,2026-01-14T10:37:00,Railways,S04-GW01,unknown,83,Command and Control,Attack
A-04-SCN034-02-08,2026-01-14T10:40:00,Railways,S04-AUTH01,powershell,25,Command and Control,Attack
A-04-SCN034-02-09,2026-01-14T10:47:00,Railways,S04-CTRL01,python,57,Command and Control,Attack
A-04-SCN034-03-00,2026-01-14T11:02:00,Railways,S04-GW01,service-host,78,Reconnaissance,Attack
A-04-SCN034-03-01,2026-01-14T11:05:00,Railways,S04-WS01,powershell,80,Initial Access,Attack
A-04-SCN034-03-02,2026-01-14T11:12:00,Railways,S04-DB01,wmic,10,Execution,Attack
A-04-SCN034-03-03,2026-01-14T11:18:00,Railways,S04-CTRL01,wmic,76,Persistence,Attack
A-04-SCN034-03-04,2026-01-14T11:22:00,Railways,S04-APP01,service-host,5,Privilege Escalation,Attack
A-04-SCN034-03-05,2026-01-14T11:26:00,Railways,S04-AUTH01,powershell,99,Discovery,Attack
A-04-SCN034-03-06,2026-01-14T11:30:00,Railways,S04-GW01,unknown,73,Lateral Movement,Attack
A-04-SCN034-03-07,2026-01-14T11:38:00,Railways,S04-WS01,python,2,Command and Control,Attack
A-04-SCN034-03-08,2026-01-14T11:41:00,Railways,S04-DB01,curl,24,Command and Control,Attack
A-04-SCN034-03-09,2026-01-14T11:47:00,Railways,S04-CTRL01,cmd,52,Command and Control,Attack
A-04-SCN034-04-00,2026-01-14T12:02:00,Railways,S04-APP01,cmd,5,Reconnaissance,Attack
A-04-SCN034-04-01,2026-01-14T12:07:00,Railways,S04-DB01,wmic,82,Initial Access,Attack
A-04-SCN034-04-02,2026-01-14T12:10:00,Railways,S04-MGMT01,ssh,100,Execution,Attack
A-04-SCN034-04-03,2026-01-14T12:18:00,Railways,S04-BKP01,unknown,27,Persistence,Attack
A-04-SCN034-04-04,2026-01-14T12:22:00,Railways,S04-GW01,python,96,Privilege Escalation,Attack
A-04-SCN034-04-05,2026-01-14T12:27:00,Railways,S04-CTRL01,curl,44,Discovery,Attack
A-04-SCN034-04-06,2026-01-14T12:30:00,Railways,S04-APP01,service-host,16,Lateral Movement,Attack
A-04-SCN034-04-07,2026-01-14T12:37:00,Railways,S04-DB01,curl,37,Command and Control,Attack
A-04-SCN034-04-08,2026-01-14T12:43:00,Railways,S04-MGMT01,unknown,66,Command and Control,Attack
A-04-SCN034-04-09,2026-01-14T12:47:00,Railways,S04-BKP01,powershell,65,Command and Control,Attack
A-04-SCN035-01-00,2026-01-14T09:00:00,Railways,S04-MGMT01,ssh,49,Reconnaissance,Attack
A-04-SCN035-01-01,2026-01-14T09:06:00,Railways,S04-GW01,service-host,21,Initial Access,Attack
A-04-SCN035-01-02,2026-01-14T09:10:00,Railways,S04-WS01,wmic,38,Execution,Attack
A-04-SCN035-01-03,2026-01-14T09:16:00,Railways,S04-VPN01,python,13,Persistence,Attack
A-04-SCN035-01-04,2026-01-14T09:20:00,Railways,S04-DB01,ssh,93,Privilege Escalation,Attack
A-04-SCN035-01-05,2026-01-14T09:27:00,Railways,S04-APP01,powershell,97,Discovery,Attack
A-04-SCN035-01-06,2026-01-14T09:30:00,Railways,S04-MGMT01,cmd,78,Lateral Movement,Attack
A-04-SCN035-01-07,2026-01-14T09:35:00,Railways,S04-GW01,wmic,78,Command and Control,Attack
A-04-SCN035-01-08,2026-01-14T09:42:00,Railways,S04-WS01,curl,27,Command and Control,Attack
A-04-SCN035-01-09,2026-01-14T09:48:00,Railways,S04-VPN01,service-host,61,Command and Control,Attack
A-04-SCN035-02-00,2026-01-14T10:03:00,Railways,S04-DB01,curl,58,Reconnaissance,Attack
A-04-SCN035-02-01,2026-01-14T10:08:00,Railways,S04-AUTH01,unknown,98,Initial Access,Attack
A-04-SCN035-02-02,2026-01-14T10:12:00,Railways,S04-BKP01,service-host,14,Execution,Attack
A-04-SCN035-02-03,2026-01-14T10:16:00,Railways,S04-WS01,service-host,45,Persistence,Attack
A-04-SCN035-02-04,2026-01-14T10:23:00,Railways,S04-MGMT01,python,29,Privilege Escalation,Attack
A-04-SCN035-02-05,2026-01-14T10:26:00,Railways,S04-VPN01,wmic,32,Discovery,Attack
A-04-SCN035-02-06,2026-01-14T10:33:00,Railways,S04-DB01,unknown,6,Lateral Movement,Attack
A-04-SCN035-02-07,2026-01-14T10:38:00,Railways,S04-AUTH01,unknown,37,Command and Control,Attack
A-04-SCN035-02-08,2026-01-14T10:43:00,Railways,S04-BKP01,curl,29,Command and Control,Attack
A-04-SCN035-02-09,2026-01-14T10:45:00,Railways,S04-WS01,cmd,33,Command and Control,Attack
A-04-SCN035-03-00,2026-01-14T11:00:00,Railways,S04-MGMT01,python,6,Reconnaissance,Attack
A-04-SCN035-03-01,2026-01-14T11:07:00,Railways,S04-APP01,ssh,73,Initial Access,Attack
A-04-SCN035-03-02,2026-01-14T11:12:00,Railways,S04-VPN01,ssh,90,Execution,Attack
A-04-SCN035-03-03,2026-01-14T11:15:00,Railways,S04-DB01,unknown,30,Persistence,Attack
A-04-SCN035-03-04,2026-01-14T11:23:00,Railways,S04-CTRL01,unknown,26,Privilege Escalation,Attack
A-04-SCN035-03-05,2026-01-14T11:27:00,Railways,S04-GW01,ssh,90,Discovery,Attack
A-04-SCN035-03-06,2026-01-14T11:32:00,Railways,S04-MGMT01,powershell,59,Lateral Movement,Attack
A-04-SCN035-03-07,2026-01-14T11:35:00,Railways,S04-APP01,curl,62,Command and Control,Attack
A-04-SCN035-03-08,2026-01-14T11:41:00,Railways,S04-VPN01,unknown,16,Command and Control,Attack
A-04-SCN035-03-09,2026-01-14T11:46:00,Railways,S04-DB01,cmd,99,Command and Control,Attack
A-04-SCN035-04-00,2026-01-14T12:02:00,Railways,S04-MGMT01,python,80,Reconnaissance,Attack
A-04-SCN035-04-01,2026-01-14T12:07:00,Railways,S04-APP01,wmic,21,Initial Access,Attack
A-04-SCN035-04-02,2026-01-14T12:11:00,Railways,S04-MON01,curl,11,Execution,Attack
A-04-SCN035-04-03,2026-01-14T12:17:00,Railways,S04-VPN01,service-host,85,Persistence,Attack
A-04-SCN035-04-04,2026-01-14T12:21:00,Railways,S04-CTRL01,powershell,29,Privilege Escalation,Attack
A-04-SCN035-04-05,2026-01-14T12:26:00,Railways,S04-WS01,service-host,59,Discovery,Attack
A-04-SCN035-04-06,2026-01-14T12:33:00,Railways,S04-MGMT01,curl,1,Lateral Movement,Attack
A-04-SCN035-04-07,2026-01-14T12:37:00,Railways,S04-APP01,cmd,58,Command and Control,Attack
A-04-SCN035-04-08,2026-01-14T12:42:00,Railways,S04-MON01,wmic,26,Command and Control,Attack
A-04-SCN035-04-09,2026-01-14T12:46:00,Railways,S04-VPN01,ssh,64,Command and Control,Attack
A-04-SCN036-01-00,2026-01-14T09:01:00,Railways,S04-APP01,unknown,71,Reconnaissance,Attack
A-04-SCN036-01-01,2026-01-14T09:07:00,Railways,S04-MON01,unknown,18,Initial Access,Attack
A-04-SCN036-01-02,2026-01-14T09:11:00,Railways,S04-AUTH01,python,51,Execution,Attack
A-04-SCN036-01-03,2026-01-14T09:18:00,Railways,S04-DB01,powershell,90,Persistence,Attack
A-04-SCN036-01-04,2026-01-14T09:22:00,Railways,S04-CTRL01,ssh,60,Privilege Escalation,Attack
A-04-SCN036-01-05,2026-01-14T09:27:00,Railways,S04-VPN01,ssh,84,Discovery,Attack
A-04-SCN036-01-06,2026-01-14T09:33:00,Railways,S04-APP01,python,47,Lateral Movement,Attack
A-04-SCN036-01-07,2026-01-14T09:38:00,Railways,S04-MON01,powershell,93,Command and Control,Attack
A-04-SCN036-01-08,2026-01-14T09:41:00,Railways,S04-AUTH01,unknown,81,Command and Control,Attack
A-04-SCN036-01-09,2026-01-14T09:47:00,Railways,S04-DB01,unknown,47,Command and Control,Attack
A-04-SCN036-02-00,2026-01-14T10:03:00,Railways,S04-CTRL01,curl,72,Reconnaissance,Attack
A-04-SCN036-02-01,2026-01-14T10:05:00,Railways,S04-MON01,ssh,69,Initial Access,Attack
A-04-SCN036-02-02,2026-01-14T10:11:00,Railways,S04-AUTH01,service-host,96,Execution,Attack
A-04-SCN036-02-03,2026-01-14T10:17:00,Railways,S04-WS01,unknown,41,Persistence,Attack
A-04-SCN036-02-04,2026-01-14T10:22:00,Railways,S04-BKP01,ssh,32,Privilege Escalation,Attack
A-04-SCN036-02-05,2026-01-14T10:25:00,Railways,S04-VPN01,service-host,43,Discovery,Attack
A-04-SCN036-02-06,2026-01-14T10:31:00,Railways,S04-CTRL01,unknown,5,Lateral Movement,Attack
A-04-SCN036-02-07,2026-01-14T10:36:00,Railways,S04-MON01,wmic,35,Command and Control,Attack
A-04-SCN036-02-08,2026-01-14T10:42:00,Railways,S04-AUTH01,ssh,48,Command and Control,Attack
A-04-SCN036-02-09,2026-01-14T10:48:00,Railways,S04-WS01,service-host,64,Command and Control,Attack
A-04-SCN036-03-00,2026-01-14T11:01:00,Railways,S04-MGMT01,curl,22,Reconnaissance,Attack
A-04-SCN036-03-01,2026-01-14T11:05:00,Railways,S04-APP01,cmd,11,Initial Access,Attack
A-04-SCN036-03-02,2026-01-14T11:11:00,Railways,S04-BKP01,cmd,86,Execution,Attack
A-04-SCN036-03-03,2026-01-14T11:16:00,Railways,S04-DB01,unknown,29,Persistence,Attack
A-04-SCN036-03-04,2026-01-14T11:21:00,Railways,S04-VPN01,service-host,7,Privilege Escalation,Attack
A-04-SCN036-03-05,2026-01-14T11:27:00,Railways,S04-MON01,powershell,59,Discovery,Attack
A-04-SCN036-03-06,2026-01-14T11:31:00,Railways,S04-MGMT01,python,65,Lateral Movement,Attack
A-04-SCN036-03-07,2026-01-14T11:37:00,Railways,S04-APP01,cmd,29,Command and Control,Attack
A-04-SCN036-03-08,2026-01-14T11:40:00,Railways,S04-BKP01,service-host,70,Command and Control,Attack
A-04-SCN036-03-09,2026-01-14T11:45:00,Railways,S04-DB01,unknown,29,Command and Control,Attack
A-04-SCN036-04-00,2026-01-14T12:03:00,Railways,S04-CTRL01,cmd,81,Reconnaissance,Attack
A-04-SCN036-04-01,2026-01-14T12:05:00,Railways,S04-DB01,unknown,10,Initial Access,Attack
A-04-SCN036-04-02,2026-01-14T12:11:00,Railways,S04-GW01,ssh,9,Execution,Attack
A-04-SCN036-04-03,2026-01-14T12:17:00,Railways,S04-MGMT01,curl,100,Persistence,Attack
A-04-SCN036-04-04,2026-01-14T12:21:00,Railways,S04-AUTH01,python,12,Privilege Escalation,Attack
A-04-SCN036-04-05,2026-01-14T12:26:00,Railways,S04-BKP01,wmic,57,Discovery,Attack
A-04-SCN036-04-06,2026-01-14T12:31:00,Railways,S04-CTRL01,wmic,74,Lateral Movement,Attack
A-04-SCN036-04-07,2026-01-14T12:35:00,Railways,S04-DB01,service-host,73,Command and Control,Attack
A-04-SCN036-04-08,2026-01-14T12:43:00,Railways,S04-GW01,curl,7,Command and Control,Attack
A-04-SCN036-04-09,2026-01-14T12:48:00,Railways,S04-MGMT01,curl,77,Command and Control,Attack
A-04-SCN037-01-00,2026-01-14T09:02:00,Railways,S04-APP01,curl,83,Reconnaissance,Attack
A-04-SCN037-01-01,2026-01-14T09:05:00,Railways,S04-AUTH01,python,68,Initial Access,Attack
A-04-SCN037-01-02,2026-01-14T09:11:00,Railways,S04-VPN01,python,94,Execution,Attack
A-04-SCN037-01-03,2026-01-14T09:15:00,Railways,S04-DB01,wmic,16,Persistence,Attack
A-04-SCN037-01-04,2026-01-14T09:22:00,Railways,S04-MON01,powershell,92,Privilege Escalation,Attack
A-04-SCN037-01-05,2026-01-14T09:26:00,Railways,S04-CTRL01,wmic,85,Discovery,Attack
A-04-SCN037-01-06,2026-01-14T09:31:00,Railways,S04-APP01,cmd,7,Lateral Movement,Attack
A-04-SCN037-01-07,2026-01-14T09:38:00,Railways,S04-AUTH01,cmd,24,Command and Control,Attack
A-04-SCN037-01-08,2026-01-14T09:43:00,Railways,S04-VPN01,python,72,Command and Control,Attack
A-04-SCN037-01-09,2026-01-14T09:48:00,Railways,S04-DB01,ssh,2,Command and Control,Attack
A-04-SCN037-02-00,2026-01-14T10:02:00,Railways,S04-CTRL01,unknown,16,Reconnaissance,Attack
A-04-SCN037-02-01,2026-01-14T10:06:00,Railways,S04-APP01,curl,72,Initial Access,Attack
A-04-SCN037-02-02,2026-01-14T10:13:00,Railways,S04-MGMT01,wmic,46,Execution,Attack
A-04-SCN037-02-03,2026-01-14T10:15:00,Railways,S04-DB01,powershell,30,Persistence,Attack
A-04-SCN037-02-04,2026-01-14T10:23:00,Railways,S04-MON01,service-host,8,Privilege Escalation,Attack
A-04-SCN037-02-05,2026-01-14T10:27:00,Railways,S04-AUTH01,ssh,0,Discovery,Attack
A-04-SCN037-02-06,2026-01-14T10:33:00,Railways,S04-CTRL01,ssh,25,Lateral Movement,Attack
A-04-SCN037-02-07,2026-01-14T10:35:00,Railways,S04-APP01,powershell,40,Command and Control,Attack
A-04-SCN037-02-08,2026-01-14T10:42:00,Railways,S04-MGMT01,powershell,66,Command and Control,Attack
A-04-SCN037-02-09,2026-01-14T10:46:00,Railways,S04-DB01,unknown,43,Command and Control,Attack
A-04-SCN037-03-00,2026-01-14T11:02:00,Railways,S04-AUTH01,ssh,67,Reconnaissance,Attack
A-04-SCN037-03-01,2026-01-14T11:07:00,Railways,S04-MGMT01,cmd,72,Initial Access,Attack
A-04-SCN037-03-02,2026-01-14T11:10:00,Railways,S04-MON01,curl,44,Execution,Attack
A-04-SCN037-03-03,2026-01-14T11:17:00,Railways,S04-DB01,wmic,98,Persistence,Attack
A-04-SCN037-03-04,2026-01-14T11:23:00,Railways,S04-WS01,ssh,53,Privilege Escalation,Attack
A-04-SCN037-03-05,2026-01-14T11:28:00,Railways,S04-BKP01,powershell,68,Discovery,Attack
A-04-SCN037-03-06,2026-01-14T11:31:00,Railways,S04-AUTH01,service-host,48,Lateral Movement,Attack
A-04-SCN037-03-07,2026-01-14T11:37:00,Railways,S04-MGMT01,unknown,75,Command and Control,Attack
A-04-SCN037-03-08,2026-01-14T11:42:00,Railways,S04-MON01,powershell,33,Command and Control,Attack
A-04-SCN037-03-09,2026-01-14T11:46:00,Railways,S04-DB01,wmic,16,Command and Control,Attack
A-04-SCN037-04-00,2026-01-14T12:00:00,Railways,S04-CTRL01,python,26,Reconnaissance,Attack
A-04-SCN037-04-01,2026-01-14T12:06:00,Railways,S04-MGMT01,ssh,63,Initial Access,Attack
A-04-SCN037-04-02,2026-01-14T12:10:00,Railways,S04-BKP01,unknown,95,Execution,Attack
A-04-SCN037-04-03,2026-01-14T12:15:00,Railways,S04-GW01,unknown,15,Persistence,Attack
A-04-SCN037-04-04,2026-01-14T12:20:00,Railways,S04-VPN01,python,76,Privilege Escalation,Attack
A-04-SCN037-04-05,2026-01-14T12:27:00,Railways,S04-DB01,unknown,36,Discovery,Attack
A-04-SCN037-04-06,2026-01-14T12:30:00,Railways,S04-CTRL01,service-host,27,Lateral Movement,Attack
A-04-SCN037-04-07,2026-01-14T12:37:00,Railways,S04-MGMT01,unknown,79,Command and Control,Attack
A-04-SCN037-04-08,2026-01-14T12:43:00,Railways,S04-BKP01,powershell,75,Command and Control,Attack
A-04-SCN037-04-09,2026-01-14T12:46:00,Railways,S04-GW01,ssh,46,Command and Control,Attack
A-04-SCN038-01-00,2026-01-14T09:01:00,Railways,S04-APP01,python,63,Reconnaissance,Attack
A-04-SCN038-01-01,2026-01-14T09:06:00,Railways,S04-BKP01,wmic,15,Discovery,Attack
A-04-SCN038-01-02,2026-01-14T09:13:00,Railways,S04-VPN01,wmic,89,Initial Access,Attack
A-04-SCN038-01-03,2026-01-14T09:18:00,Railways,S04-WS01,powershell,81,Execution,Attack
A-04-SCN038-01-04,2026-01-14T09:23:00,Railways,S04-AUTH01,wmic,74,Execution,Attack
A-04-SCN038-01-05,2026-01-14T09:27:00,Railways,S04-MGMT01,powershell,8,Execution,Attack
A-04-SCN038-01-06,2026-01-14T09:30:00,Railways,S04-APP01,ssh,19,Execution,Attack
A-04-SCN038-01-07,2026-01-14T09:37:00,Railways,S04-BKP01,cmd,36,Execution,Attack
A-04-SCN038-01-08,2026-01-14T09:43:00,Railways,S04-VPN01,python,88,Execution,Attack
A-04-SCN038-01-09,2026-01-14T09:46:00,Railways,S04-WS01,curl,97,Execution,Attack
A-04-SCN038-02-00,2026-01-14T10:03:00,Railways,S04-GW01,curl,67,Reconnaissance,Attack
A-04-SCN038-02-01,2026-01-14T10:07:00,Railways,S04-VPN01,ssh,100,Discovery,Attack
A-04-SCN038-02-02,2026-01-14T10:12:00,Railways,S04-BKP01,cmd,28,Initial Access,Attack
A-04-SCN038-02-03,2026-01-14T10:17:00,Railways,S04-DB01,python,74,Execution,Attack
A-04-SCN038-02-04,2026-01-14T10:20:00,Railways,S04-AUTH01,powershell,19,Execution,Attack
A-04-SCN038-02-05,2026-01-14T10:28:00,Railways,S04-CTRL01,unknown,85,Execution,Attack
A-04-SCN038-02-06,2026-01-14T10:32:00,Railways,S04-GW01,wmic,69,Execution,Attack
A-04-SCN038-02-07,2026-01-14T10:38:00,Railways,S04-VPN01,cmd,32,Execution,Attack
A-04-SCN038-02-08,2026-01-14T10:41:00,Railways,S04-BKP01,python,39,Execution,Attack
A-04-SCN038-02-09,2026-01-14T10:45:00,Railways,S04-DB01,unknown,19,Execution,Attack
A-04-SCN038-03-00,2026-01-14T11:02:00,Railways,S04-MGMT01,service-host,69,Reconnaissance,Attack
A-04-SCN038-03-01,2026-01-14T11:06:00,Railways,S04-CTRL01,cmd,45,Discovery,Attack
A-04-SCN038-03-02,2026-01-14T11:10:00,Railways,S04-DB01,curl,12,Initial Access,Attack
A-04-SCN038-03-03,2026-01-14T11:15:00,Railways,S04-BKP01,cmd,86,Execution,Attack
A-04-SCN038-03-04,2026-01-14T11:20:00,Railways,S04-VPN01,cmd,44,Execution,Attack
A-04-SCN038-03-05,2026-01-14T11:27:00,Railways,S04-MON01,curl,86,Execution,Attack
A-04-SCN038-03-06,2026-01-14T11:32:00,Railways,S04-MGMT01,ssh,89,Execution,Attack
A-04-SCN038-03-07,2026-01-14T11:38:00,Railways,S04-CTRL01,ssh,11,Execution,Attack
A-04-SCN038-03-08,2026-01-14T11:40:00,Railways,S04-DB01,powershell,94,Execution,Attack
A-04-SCN038-03-09,2026-01-14T11:46:00,Railways,S04-BKP01,service-host,31,Execution,Attack
A-04-SCN038-04-00,2026-01-14T12:00:00,Railways,S04-DB01,powershell,8,Reconnaissance,Attack
A-04-SCN038-04-01,2026-01-14T12:07:00,Railways,S04-GW01,wmic,72,Discovery,Attack
A-04-SCN038-04-02,2026-01-14T12:10:00,Railways,S04-APP01,ssh,25,Initial Access,Attack
A-04-SCN038-04-03,2026-01-14T12:16:00,Railways,S04-AUTH01,ssh,57,Execution,Attack
A-04-SCN038-04-04,2026-01-14T12:21:00,Railways,S04-MGMT01,unknown,41,Execution,Attack
A-04-SCN038-04-05,2026-01-14T12:25:00,Railways,S04-VPN01,cmd,19,Execution,Attack
A-04-SCN038-04-06,2026-01-14T12:32:00,Railways,S04-DB01,cmd,60,Execution,Attack
A-04-SCN038-04-07,2026-01-14T12:36:00,Railways,S04-GW01,ssh,32,Execution,Attack
A-04-SCN038-04-08,2026-01-14T12:40:00,Railways,S04-APP01,unknown,11,Execution,Attack
A-04-SCN038-04-09,2026-01-14T12:47:00,Railways,S04-AUTH01,cmd,49,Execution,Attack
A-04-SCN039-01-00,2026-01-14T09:01:00,Railways,S04-GW01,wmic,65,Reconnaissance,Attack
A-04-SCN039-01-01,2026-01-14T09:06:00,Railways,S04-VPN01,wmic,83,Initial Access,Attack
A-04-SCN039-01-02,2026-01-14T09:13:00,Railways,S04-CTRL01,wmic,28,Credential Access,Attack
A-04-SCN039-01-03,2026-01-14T09:15:00,Railways,S04-DB01,powershell,73,Discovery,Attack
A-04-SCN039-01-04,2026-01-14T09:23:00,Railways,S04-WS01,unknown,670,Collection,Attack
A-04-SCN039-01-05,2026-01-14T09:26:00,Railways,S04-BKP01,wmic,25,Exfiltration,Attack
A-04-SCN039-01-06,2026-01-14T09:31:00,Railways,S04-GW01,cmd,45,Exfiltration,Attack
A-04-SCN039-01-07,2026-01-14T09:36:00,Railways,S04-VPN01,powershell,99,Exfiltration,Attack
A-04-SCN039-01-08,2026-01-14T09:41:00,Railways,S04-CTRL01,wmic,39,Exfiltration,Attack
A-04-SCN039-01-09,2026-01-14T09:46:00,Railways,S04-DB01,cmd,93,Exfiltration,Attack
A-04-SCN039-02-00,2026-01-14T10:03:00,Railways,S04-VPN01,service-host,65,Reconnaissance,Attack
A-04-SCN039-02-01,2026-01-14T10:05:00,Railways,S04-BKP01,curl,80,Initial Access,Attack
A-04-SCN039-02-02,2026-01-14T10:12:00,Railways,S04-AUTH01,wmic,99,Credential Access,Attack
A-04-SCN039-02-03,2026-01-14T10:15:00,Railways,S04-GW01,wmic,29,Discovery,Attack
A-04-SCN039-02-04,2026-01-14T10:22:00,Railways,S04-CTRL01,python,464,Collection,Attack
A-04-SCN039-02-05,2026-01-14T10:26:00,Railways,S04-APP01,powershell,35,Exfiltration,Attack
A-04-SCN039-02-06,2026-01-14T10:32:00,Railways,S04-VPN01,unknown,7,Exfiltration,Attack
A-04-SCN039-02-07,2026-01-14T10:37:00,Railways,S04-BKP01,service-host,25,Exfiltration,Attack
A-04-SCN039-02-08,2026-01-14T10:41:00,Railways,S04-AUTH01,python,18,Exfiltration,Attack
A-04-SCN039-02-09,2026-01-14T10:45:00,Railways,S04-GW01,unknown,55,Exfiltration,Attack
A-04-SCN039-03-00,2026-01-14T11:00:00,Railways,S04-MGMT01,ssh,44,Reconnaissance,Attack
A-04-SCN039-03-01,2026-01-14T11:05:00,Railways,S04-VPN01,powershell,20,Initial Access,Attack
A-04-SCN039-03-02,2026-01-14T11:12:00,Railways,S04-MON01,ssh,11,Credential Access,Attack
A-04-SCN039-03-03,2026-01-14T11:17:00,Railways,S04-WS01,curl,93,Discovery,Attack
A-04-SCN039-03-04,2026-01-14T11:23:00,Railways,S04-DB01,wmic,883,Collection,Attack
A-04-SCN039-03-05,2026-01-14T11:28:00,Railways,S04-GW01,unknown,91,Exfiltration,Attack
A-04-SCN039-03-06,2026-01-14T11:33:00,Railways,S04-MGMT01,powershell,79,Exfiltration,Attack
A-04-SCN039-03-07,2026-01-14T11:36:00,Railways,S04-VPN01,powershell,29,Exfiltration,Attack
A-04-SCN039-03-08,2026-01-14T11:43:00,Railways,S04-MON01,unknown,7,Exfiltration,Attack
A-04-SCN039-03-09,2026-01-14T11:45:00,Railways,S04-WS01,cmd,89,Exfiltration,Attack
A-04-SCN039-04-00,2026-01-14T12:00:00,Railways,S04-GW01,ssh,98,Reconnaissance,Attack
A-04-SCN039-04-01,2026-01-14T12:05:00,Railways,S04-APP01,cmd,29,Initial Access,Attack
A-04-SCN039-04-02,2026-01-14T12:11:00,Railways,S04-VPN01,python,90,Credential Access,Attack
A-04-SCN039-04-03,2026-01-14T12:18:00,Railways,S04-WS01,unknown,45,Discovery,Attack
A-04-SCN039-04-04,2026-01-14T12:20:00,Railways,S04-CTRL01,unknown,507,Collection,Attack
A-04-SCN039-04-05,2026-01-14T12:28:00,Railways,S04-BKP01,curl,31,Exfiltration,Attack
A-04-SCN039-04-06,2026-01-14T12:32:00,Railways,S04-GW01,powershell,49,Exfiltration,Attack
A-04-SCN039-04-07,2026-01-14T12:36:00,Railways,S04-APP01,unknown,28,Exfiltration,Attack
A-04-SCN039-04-08,2026-01-14T12:40:00,Railways,S04-VPN01,ssh,40,Exfiltration,Attack
A-04-SCN039-04-09,2026-01-14T12:46:00,Railways,S04-WS01,service-host,89,Exfiltration,Attack
A-04-SCN040-01-00,2026-01-14T09:01:00,Railways,S04-VPN01,unknown,12,Reconnaissance,Attack
A-04-SCN040-01-01,2026-01-14T09:07:00,Railways,S04-MGMT01,ssh,8,Initial Access,Attack
A-04-SCN040-01-02,2026-01-14T09:10:00,Railways,S04-AUTH01,cmd,94,Execution,Attack
A-04-SCN040-01-03,2026-01-14T09:18:00,Railways,S04-BKP01,cmd,62,Persistence,Attack
A-04-SCN040-01-04,2026-01-14T09:20:00,Railways,S04-APP01,wmic,89,Privilege Escalation,Attack
A-04-SCN040-01-05,2026-01-14T09:27:00,Railways,S04-WS01,powershell,29,Discovery,Attack
A-04-SCN040-01-06,2026-01-14T09:33:00,Railways,S04-VPN01,cmd,54,Lateral Movement,Attack
A-04-SCN040-01-07,2026-01-14T09:35:00,Railways,S04-MGMT01,ssh,17,Command and Control,Attack
A-04-SCN040-01-08,2026-01-14T09:40:00,Railways,S04-AUTH01,service-host,99,Command and Control,Attack
A-04-SCN040-01-09,2026-01-14T09:45:00,Railways,S04-BKP01,powershell,32,Command and Control,Attack
A-04-SCN040-02-00,2026-01-14T10:02:00,Railways,S04-WS01,service-host,74,Reconnaissance,Attack
A-04-SCN040-02-01,2026-01-14T10:08:00,Railways,S04-DB01,powershell,27,Initial Access,Attack
A-04-SCN040-02-02,2026-01-14T10:10:00,Railways,S04-VPN01,unknown,10,Execution,Attack
A-04-SCN040-02-03,2026-01-14T10:18:00,Railways,S04-MON01,wmic,80,Persistence,Attack
A-04-SCN040-02-04,2026-01-14T10:23:00,Railways,S04-AUTH01,ssh,58,Privilege Escalation,Attack
A-04-SCN040-02-05,2026-01-14T10:28:00,Railways,S04-CTRL01,wmic,43,Discovery,Attack
A-04-SCN040-02-06,2026-01-14T10:31:00,Railways,S04-WS01,unknown,77,Lateral Movement,Attack
A-04-SCN040-02-07,2026-01-14T10:37:00,Railways,S04-DB01,ssh,31,Command and Control,Attack
A-04-SCN040-02-08,2026-01-14T10:41:00,Railways,S04-VPN01,wmic,43,Command and Control,Attack
A-04-SCN040-02-09,2026-01-14T10:45:00,Railways,S04-MON01,python,53,Command and Control,Attack
A-04-SCN040-03-00,2026-01-14T11:00:00,Railways,S04-CTRL01,cmd,54,Reconnaissance,Attack
A-04-SCN040-03-01,2026-01-14T11:05:00,Railways,S04-GW01,cmd,49,Initial Access,Attack
A-04-SCN040-03-02,2026-01-14T11:11:00,Railways,S04-BKP01,python,88,Execution,Attack
A-04-SCN040-03-03,2026-01-14T11:16:00,Railways,S04-MGMT01,powershell,81,Persistence,Attack
A-04-SCN040-03-04,2026-01-14T11:22:00,Railways,S04-MON01,service-host,95,Privilege Escalation,Attack
A-04-SCN040-03-05,2026-01-14T11:28:00,Railways,S04-DB01,python,48,Discovery,Attack
A-04-SCN040-03-06,2026-01-14T11:33:00,Railways,S04-CTRL01,cmd,33,Lateral Movement,Attack
A-04-SCN040-03-07,2026-01-14T11:37:00,Railways,S04-GW01,python,36,Command and Control,Attack
A-04-SCN040-03-08,2026-01-14T11:42:00,Railways,S04-BKP01,powershell,69,Command and Control,Attack
A-04-SCN040-03-09,2026-01-14T11:45:00,Railways,S04-MGMT01,service-host,83,Command and Control,Attack
A-04-SCN040-04-00,2026-01-14T12:02:00,Railways,S04-GW01,powershell,88,Reconnaissance,Attack
A-04-SCN040-04-01,2026-01-14T12:08:00,Railways,S04-APP01,ssh,52,Initial Access,Attack
A-04-SCN040-04-02,2026-01-14T12:13:00,Railways,S04-MON01,cmd,61,Execution,Attack
A-04-SCN040-04-03,2026-01-14T12:17:00,Railways,S04-MGMT01,unknown,6,Persistence,Attack
A-04-SCN040-04-04,2026-01-14T12:23:00,Railways,S04-VPN01,cmd,54,Privilege Escalation,Attack
A-04-SCN040-04-05,2026-01-14T12:28:00,Railways,S04-BKP01,service-host,99,Discovery,Attack
A-04-SCN040-04-06,2026-01-14T12:30:00,Railways,S04-GW01,unknown,47,Lateral Movement,Attack
A-04-SCN040-04-07,2026-01-14T12:36:00,Railways,S04-APP01,powershell,32,Command and Control,Attack
A-04-SCN040-04-08,2026-01-14T12:43:00,Railways,S04-MON01,cmd,88,Command and Control,Attack
A-04-SCN040-04-09,2026-01-14T12:48:00,Railways,S04-MGMT01,unknown,69,Command and Control,Attack
N-05-00000,2026-01-13T06:20:37,Airports,S05-APP01,nginx,13,Normal,Normal
N-05-00001,2026-01-10T04:04:04,Airports,S05-MON01,java,14,Normal,Normal
N-05-00002,2026-01-09T18:14:57,Airports,S05-APP01,svchost,17,Normal,Normal
N-05-00003,2026-01-10T14:24:08,Airports,S05-WS01,java,1,Normal,Normal
N-05-00004,2026-01-13T11:50:27,Airports,S05-DB01,python,5,Normal,Normal
N-05-00005,2026-01-14T21:47:34,Airports,S05-WS01,python,0,Normal,Normal
N-05-00006,2026-01-10T13:47:40,Airports,S05-WS01,python,18,Normal,Normal
N-05-00007,2026-01-18T15:21:00,Airports,S05-APP01,svchost,15,Normal,Normal
N-05-00008,2026-01-10T07:49:59,Airports,S05-WS01,java,13,Normal,Normal
N-05-00009,2026-01-04T05:11:12,Airports,S05-MON01,nginx,17,Normal,Normal
N-05-00010,2026-01-07T23:10:31,Airports,S05-MGMT01,svchost,16,Normal,Normal
N-05-00011,2026-01-06T13:55:36,Airports,S05-WS01,java,14,Normal,Normal
N-05-00012,2026-01-04T07:52:17,Airports,S05-GW01,svchost,19,Normal,Normal
N-05-00013,2026-01-16T22:10:11,Airports,S05-BKP01,java,15,Normal,Normal
N-05-00014,2026-01-13T22:40:36,Airports,S05-VPN01,nginx,13,Normal,Normal
N-05-00015,2026-01-07T15:37:36,Airports,S05-BKP01,java,3,Normal,Normal
N-05-00016,2026-01-09T21:24:15,Airports,S05-MGMT01,powershell,0,Normal,Normal
N-05-00017,2026-01-14T21:46:34,Airports,S05-WS01,svchost,10,Normal,Normal
N-05-00018,2026-01-09T19:37:40,Airports,S05-CTRL01,nginx,8,Normal,Normal
N-05-00019,2026-01-13T11:46:25,Airports,S05-CTRL01,python,0,Normal,Normal
N-05-00020,2026-01-08T22:47:06,Airports,S05-AUTH01,nginx,6,Normal,Normal
N-05-00021,2026-01-13T21:54:41,Airports,S05-MGMT01,python,16,Normal,Normal
N-05-00022,2026-01-02T15:10:03,Airports,S05-BKP01,java,6,Normal,Normal
N-05-00023,2026-01-02T09:15:46,Airports,S05-MGMT01,java,15,Normal,Normal
N-05-00024,2026-01-17T21:29:07,Airports,S05-WS01,powershell,14,Normal,Normal
N-05-00025,2026-01-05T02:26:07,Airports,S05-VPN01,java,20,Normal,Normal
N-05-00026,2026-01-03T17:30:09,Airports,S05-BKP01,svchost,8,Normal,Normal
N-05-00027,2026-01-18T14:23:17,Airports,S05-MON01,svchost,0,Normal,Normal
N-05-00028,2026-01-15T15:53:56,Airports,S05-AUTH01,nginx,2,Normal,Normal
N-05-00029,2026-01-21T02:41:09,Airports,S05-APP01,powershell,13,Normal,Normal
N-05-00030,2026-01-05T05:23:13,Airports,S05-MON01,svchost,14,Normal,Normal
N-05-00031,2026-01-13T04:20:39,Airports,S05-DB01,java,16,Normal,Normal
N-05-00032,2026-01-06T08:10:04,Airports,S05-AUTH01,python,15,Normal,Normal
N-05-00033,2026-01-10T00:20:24,Airports,S05-VPN01,java,7,Normal,Normal
N-05-00034,2026-01-13T21:48:17,Airports,S05-DB01,java,6,Normal,Normal
N-05-00035,2026-01-04T20:05:21,Airports,S05-VPN01,java,6,Normal,Normal
N-05-00036,2026-01-10T11:29:56,Airports,S05-MON01,powershell,16,Normal,Normal
N-05-00037,2026-01-19T02:43:50,Airports,S05-CTRL01,python,14,Normal,Normal
N-05-00038,2026-01-06T23:45:16,Airports,S05-CTRL01,python,19,Normal,Normal
N-05-00039,2026-01-14T08:03:11,Airports,S05-APP01,nginx,6,Normal,Normal
N-05-00040,2026-01-13T12:22:04,Airports,S05-MON01,powershell,10,Normal,Normal
N-05-00041,2026-01-03T18:48:40,Airports,S05-APP01,nginx,3,Normal,Normal
N-05-00042,2026-01-07T04:31:12,Airports,S05-VPN01,powershell,9,Normal,Normal
N-05-00043,2026-01-05T05:58:27,Airports,S05-BKP01,nginx,4,Normal,Normal
N-05-00044,2026-01-07T14:12:24,Airports,S05-BKP01,python,8,Normal,Normal
N-05-00045,2026-01-20T00:19:55,Airports,S05-BKP01,python,20,Normal,Normal
N-05-00046,2026-01-02T18:47:22,Airports,S05-APP01,python,4,Normal,Normal
N-05-00047,2026-01-20T08:39:26,Airports,S05-AUTH01,python,17,Normal,Normal
N-05-00048,2026-01-02T13:41:39,Airports,S05-AUTH01,svchost,9,Normal,Normal
N-05-00049,2026-01-13T22:06:48,Airports,S05-CTRL01,nginx,18,Normal,Normal
N-05-00050,2026-01-13T04:16:29,Airports,S05-BKP01,svchost,11,Normal,Normal
N-05-00051,2026-01-10T12:24:52,Airports,S05-GW01,nginx,9,Normal,Normal
N-05-00052,2026-01-03T13:29:29,Airports,S05-BKP01,svchost,15,Normal,Normal
N-05-00053,2026-01-05T15:58:02,Airports,S05-WS01,java,13,Normal,Normal
N-05-00054,2026-01-15T15:02:57,Airports,S05-MGMT01,python,5,Normal,Normal
N-05-00055,2026-01-15T03:50:21,Airports,S05-DB01,svchost,4,Normal,Normal
N-05-00056,2026-01-15T11:15:42,Airports,S05-AUTH01,svchost,10,Normal,Normal
N-05-00057,2026-01-13T00:32:40,Airports,S05-CTRL01,python,2,Normal,Normal
N-05-00058,2026-01-07T00:07:59,Airports,S05-WS01,java,8,Normal,Normal
N-05-00059,2026-01-01T19:47:44,Airports,S05-DB01,powershell,15,Normal,Normal
N-05-00060,2026-01-13T22:40:59,Airports,S05-MGMT01,java,6,Normal,Normal
N-05-00061,2026-01-14T13:52:40,Airports,S05-MON01,powershell,18,Normal,Normal
N-05-00062,2026-01-12T00:30:49,Airports,S05-AUTH01,java,13,Normal,Normal
N-05-00063,2026-01-13T14:39:07,Airports,S05-VPN01,svchost,0,Normal,Normal
N-05-00064,2026-01-15T14:55:07,Airports,S05-MGMT01,svchost,16,Normal,Normal
N-05-00065,2026-01-09T06:32:51,Airports,S05-WS01,nginx,15,Normal,Normal
N-05-00066,2026-01-12T06:27:53,Airports,S05-APP01,powershell,14,Normal,Normal
N-05-00067,2026-01-05T06:27:39,Airports,S05-MGMT01,nginx,2,Normal,Normal
N-05-00068,2026-01-13T01:46:47,Airports,S05-BKP01,python,11,Normal,Normal
N-05-00069,2026-01-12T16:48:56,Airports,S05-DB01,powershell,3,Normal,Normal
N-05-00070,2026-01-16T03:48:22,Airports,S05-MON01,svchost,18,Normal,Normal
N-05-00071,2026-01-03T13:58:54,Airports,S05-CTRL01,powershell,4,Normal,Normal
N-05-00072,2026-01-10T14:42:37,Airports,S05-DB01,python,5,Normal,Normal
N-05-00073,2026-01-08T20:04:25,Airports,S05-APP01,powershell,12,Normal,Normal
N-05-00074,2026-01-04T12:05:48,Airports,S05-MGMT01,nginx,16,Normal,Normal
N-05-00075,2026-01-14T05:07:03,Airports,S05-DB01,nginx,3,Normal,Normal
N-05-00076,2026-01-17T21:59:15,Airports,S05-AUTH01,nginx,15,Normal,Normal
N-05-00077,2026-01-14T07:03:17,Airports,S05-APP01,svchost,10,Normal,Normal
N-05-00078,2026-01-19T14:17:36,Airports,S05-DB01,java,4,Normal,Normal
N-05-00079,2026-01-11T15:07:30,Airports,S05-WS01,svchost,14,Normal,Normal
N-05-00080,2026-01-08T07:36:09,Airports,S05-MON01,python,2,Normal,Normal
N-05-00081,2026-01-17T18:20:48,Airports,S05-VPN01,python,13,Normal,Normal
N-05-00082,2026-01-14T12:20:37,Airports,S05-DB01,powershell,0,Normal,Normal
N-05-00083,2026-01-04T15:40:15,Airports,S05-AUTH01,java,10,Normal,Normal
N-05-00084,2026-01-02T22:23:10,Airports,S05-DB01,java,2,Normal,Normal
N-05-00085,2026-01-13T18:40:45,Airports,S05-VPN01,nginx,17,Normal,Normal
N-05-00086,2026-01-15T07:47:37,Airports,S05-APP01,python,8,Normal,Normal
N-05-00087,2026-01-06T07:05:59,Airports,S05-AUTH01,svchost,4,Normal,Normal
N-05-00088,2026-01-11T10:29:12,Airports,S05-MGMT01,java,12,Normal,Normal
N-05-00089,2026-01-15T22:45:49,Airports,S05-AUTH01,java,8,Normal,Normal
N-05-00090,2026-01-02T14:19:38,Airports,S05-AUTH01,python,5,Normal,Normal
N-05-00091,2026-01-14T16:52:44,Airports,S05-AUTH01,java,20,Normal,Normal
N-05-00092,2026-01-16T13:04:05,Airports,S05-CTRL01,svchost,4,Normal,Normal
N-05-00093,2026-01-08T00:21:17,Airports,S05-WS01,powershell,7,Normal,Normal
N-05-00094,2026-01-03T20:50:30,Airports,S05-CTRL01,java,16,Normal,Normal
N-05-00095,2026-01-13T21:12:30,Airports,S05-CTRL01,svchost,12,Normal,Normal
N-05-00096,2026-01-16T06:12:16,Airports,S05-AUTH01,nginx,20,Normal,Normal
N-05-00097,2026-01-06T11:15:46,Airports,S05-MGMT01,powershell,4,Normal,Normal
N-05-00098,2026-01-10T10:05:24,Airports,S05-GW01,python,1,Normal,Normal
N-05-00099,2026-01-12T02:28:18,Airports,S05-APP01,python,18,Normal,Normal
N-05-00100,2026-01-17T23:19:05,Airports,S05-DB01,python,7,Normal,Normal
N-05-00101,2026-01-18T22:49:28,Airports,S05-BKP01,python,3,Normal,Normal
N-05-00102,2026-01-09T15:42:36,Airports,S05-WS01,svchost,10,Normal,Normal
N-05-00103,2026-01-05T11:57:16,Airports,S05-DB01,java,18,Normal,Normal
N-05-00104,2026-01-18T18:53:40,Airports,S05-AUTH01,powershell,8,Normal,Normal
N-05-00105,2026-01-02T12:35:47,Airports,S05-VPN01,python,1,Normal,Normal
N-05-00106,2026-01-11T12:30:35,Airports,S05-WS01,svchost,17,Normal,Normal
N-05-00107,2026-01-02T14:49:24,Airports,S05-AUTH01,python,19,Normal,Normal
N-05-00108,2026-01-08T05:23:18,Airports,S05-MON01,nginx,9,Normal,Normal
N-05-00109,2026-01-17T16:11:06,Airports,S05-APP01,java,6,Normal,Normal
N-05-00110,2026-01-11T15:42:33,Airports,S05-VPN01,python,20,Normal,Normal
N-05-00111,2026-01-12T20:34:04,Airports,S05-MON01,java,11,Normal,Normal
N-05-00112,2026-01-18T18:59:34,Airports,S05-CTRL01,java,20,Normal,Normal
N-05-00113,2026-01-20T01:11:53,Airports,S05-GW01,powershell,5,Normal,Normal
N-05-00114,2026-01-17T03:01:32,Airports,S05-MGMT01,python,0,Normal,Normal
N-05-00115,2026-01-20T01:25:36,Airports,S05-WS01,svchost,13,Normal,Normal
N-05-00116,2026-01-03T20:01:26,Airports,S05-MON01,powershell,4,Normal,Normal
N-05-00117,2026-01-09T06:02:12,Airports,S05-BKP01,svchost,3,Normal,Normal
N-05-00118,2026-01-16T03:31:20,Airports,S05-VPN01,svchost,13,Normal,Normal
N-05-00119,2026-01-09T04:50:26,Airports,S05-APP01,powershell,7,Normal,Normal
N-05-00120,2026-01-17T21:47:11,Airports,S05-GW01,nginx,1,Normal,Normal
N-05-00121,2026-01-06T20:02:09,Airports,S05-AUTH01,java,8,Normal,Normal
N-05-00122,2026-01-07T03:03:11,Airports,S05-APP01,nginx,8,Normal,Normal
N-05-00123,2026-01-16T15:37:48,Airports,S05-AUTH01,python,18,Normal,Normal
N-05-00124,2026-01-04T22:51:57,Airports,S05-BKP01,python,13,Normal,Normal
N-05-00125,2026-01-09T13:42:14,Airports,S05-MON01,svchost,20,Normal,Normal
N-05-00126,2026-01-21T05:25:42,Airports,S05-GW01,java,3,Normal,Normal
N-05-00127,2026-01-08T22:00:42,Airports,S05-VPN01,svchost,18,Normal,Normal
N-05-00128,2026-01-19T02:01:33,Airports,S05-CTRL01,python,4,Normal,Normal
N-05-00129,2026-01-07T01:59:03,Airports,S05-AUTH01,nginx,0,Normal,Normal
N-05-00130,2026-01-03T16:44:12,Airports,S05-DB01,python,11,Normal,Normal
N-05-00131,2026-01-14T11:28:27,Airports,S05-MGMT01,nginx,12,Normal,Normal
N-05-00132,2026-01-09T12:21:45,Airports,S05-AUTH01,nginx,6,Normal,Normal
N-05-00133,2026-01-09T10:46:35,Airports,S05-MGMT01,nginx,12,Normal,Normal
N-05-00134,2026-01-15T10:20:14,Airports,S05-BKP01,powershell,8,Normal,Normal
N-05-00135,2026-01-15T09:21:10,Airports,S05-APP01,python,18,Normal,Normal
N-05-00136,2026-01-11T08:22:46,Airports,S05-MGMT01,java,15,Normal,Normal
N-05-00137,2026-01-14T13:18:43,Airports,S05-APP01,svchost,6,Normal,Normal
N-05-00138,2026-01-02T02:13:37,Airports,S05-GW01,svchost,15,Normal,Normal
N-05-00139,2026-01-02T10:57:46,Airports,S05-DB01,python,9,Normal,Normal
N-05-00140,2026-01-19T22:31:41,Airports,S05-MGMT01,java,13,Normal,Normal
N-05-00141,2026-01-16T00:00:49,Airports,S05-DB01,java,14,Normal,Normal
N-05-00142,2026-01-21T04:38:33,Airports,S05-MON01,nginx,14,Normal,Normal
N-05-00143,2026-01-05T02:52:19,Airports,S05-BKP01,nginx,13,Normal,Normal
N-05-00144,2026-01-21T07:46:35,Airports,S05-CTRL01,java,16,Normal,Normal
N-05-00145,2026-01-10T15:23:33,Airports,S05-VPN01,powershell,0,Normal,Normal
N-05-00146,2026-01-10T22:10:17,Airports,S05-WS01,python,18,Normal,Normal
N-05-00147,2026-01-12T05:49:29,Airports,S05-MGMT01,nginx,1,Normal,Normal
N-05-00148,2026-01-04T12:14:23,Airports,S05-MGMT01,python,16,Normal,Normal
N-05-00149,2026-01-02T08:16:53,Airports,S05-DB01,python,17,Normal,Normal
N-05-00150,2026-01-02T05:59:23,Airports,S05-APP01,svchost,11,Normal,Normal
N-05-00151,2026-01-04T08:08:40,Airports,S05-APP01,svchost,19,Normal,Normal
N-05-00152,2026-01-03T18:22:38,Airports,S05-CTRL01,powershell,8,Normal,Normal
N-05-00153,2026-01-13T15:41:42,Airports,S05-VPN01,java,2,Normal,Normal
N-05-00154,2026-01-04T19:39:15,Airports,S05-GW01,powershell,10,Normal,Normal
N-05-00155,2026-01-12T19:07:33,Airports,S05-MGMT01,java,9,Normal,Normal
N-05-00156,2026-01-11T18:49:36,Airports,S05-WS01,svchost,8,Normal,Normal
N-05-00157,2026-01-06T04:03:04,Airports,S05-MON01,powershell,1,Normal,Normal
N-05-00158,2026-01-08T22:09:29,Airports,S05-WS01,python,11,Normal,Normal
N-05-00159,2026-01-14T21:20:46,Airports,S05-MON01,nginx,16,Normal,Normal
N-05-00160,2026-01-07T06:55:35,Airports,S05-CTRL01,nginx,16,Normal,Normal
N-05-00161,2026-01-06T11:46:00,Airports,S05-BKP01,svchost,3,Normal,Normal
N-05-00162,2026-01-07T05:33:04,Airports,S05-DB01,nginx,14,Normal,Normal
N-05-00163,2026-01-14T01:35:41,Airports,S05-CTRL01,svchost,14,Normal,Normal
N-05-00164,2026-01-19T14:06:29,Airports,S05-APP01,svchost,6,Normal,Normal
N-05-00165,2026-01-18T13:11:44,Airports,S05-MGMT01,svchost,3,Normal,Normal
N-05-00166,2026-01-15T10:29:41,Airports,S05-BKP01,python,15,Normal,Normal
N-05-00167,2026-01-18T04:11:16,Airports,S05-WS01,nginx,13,Normal,Normal
N-05-00168,2026-01-17T10:47:50,Airports,S05-BKP01,nginx,14,Normal,Normal
N-05-00169,2026-01-05T13:27:27,Airports,S05-MGMT01,python,18,Normal,Normal
N-05-00170,2026-01-16T11:19:56,Airports,S05-GW01,python,11,Normal,Normal
N-05-00171,2026-01-16T15:15:10,Airports,S05-WS01,java,14,Normal,Normal
N-05-00172,2026-01-19T03:33:50,Airports,S05-MON01,svchost,17,Normal,Normal
N-05-00173,2026-01-09T22:55:25,Airports,S05-GW01,svchost,1,Normal,Normal
N-05-00174,2026-01-07T13:07:56,Airports,S05-CTRL01,python,15,Normal,Normal
N-05-00175,2026-01-15T21:26:24,Airports,S05-BKP01,svchost,17,Normal,Normal
N-05-00176,2026-01-09T06:42:25,Airports,S05-AUTH01,svchost,7,Normal,Normal
N-05-00177,2026-01-11T10:53:27,Airports,S05-APP01,powershell,0,Normal,Normal
N-05-00178,2026-01-14T00:44:58,Airports,S05-BKP01,nginx,19,Normal,Normal
N-05-00179,2026-01-15T09:09:03,Airports,S05-CTRL01,svchost,6,Normal,Normal
N-05-00180,2026-01-19T16:20:16,Airports,S05-CTRL01,svchost,6,Normal,Normal
N-05-00181,2026-01-10T15:28:47,Airports,S05-APP01,java,3,Normal,Normal
N-05-00182,2026-01-07T20:38:28,Airports,S05-WS01,nginx,14,Normal,Normal
N-05-00183,2026-01-16T14:12:03,Airports,S05-GW01,nginx,18,Normal,Normal
N-05-00184,2026-01-13T19:47:27,Airports,S05-BKP01,python,20,Normal,Normal
N-05-00185,2026-01-02T09:47:19,Airports,S05-BKP01,svchost,19,Normal,Normal
N-05-00186,2026-01-13T20:24:43,Airports,S05-GW01,svchost,19,Normal,Normal
N-05-00187,2026-01-11T16:27:21,Airports,S05-VPN01,java,10,Normal,Normal
N-05-00188,2026-01-18T07:41:55,Airports,S05-APP01,java,8,Normal,Normal
N-05-00189,2026-01-02T17:50:42,Airports,S05-WS01,powershell,4,Normal,Normal
N-05-00190,2026-01-08T09:21:21,Airports,S05-VPN01,nginx,18,Normal,Normal
N-05-00191,2026-01-01T18:22:00,Airports,S05-MGMT01,java,7,Normal,Normal
N-05-00192,2026-01-05T05:55:26,Airports,S05-BKP01,nginx,14,Normal,Normal
N-05-00193,2026-01-05T03:24:38,Airports,S05-VPN01,powershell,9,Normal,Normal
N-05-00194,2026-01-15T13:06:08,Airports,S05-CTRL01,powershell,14,Normal,Normal
N-05-00195,2026-01-07T06:23:19,Airports,S05-APP01,powershell,7,Normal,Normal
N-05-00196,2026-01-07T14:20:26,Airports,S05-WS01,python,5,Normal,Normal
N-05-00197,2026-01-08T14:56:50,Airports,S05-BKP01,powershell,9,Normal,Normal
N-05-00198,2026-01-03T18:32:57,Airports,S05-GW01,nginx,11,Normal,Normal
N-05-00199,2026-01-10T11:18:35,Airports,S05-GW01,python,7,Normal,Normal
N-05-00200,2026-01-08T08:58:31,Airports,S05-CTRL01,java,14,Normal,Normal
N-05-00201,2026-01-16T23:45:05,Airports,S05-WS01,java,1,Normal,Normal
N-05-00202,2026-01-08T21:20:17,Airports,S05-AUTH01,svchost,20,Normal,Normal
N-05-00203,2026-01-09T23:22:40,Airports,S05-VPN01,nginx,8,Normal,Normal
N-05-00204,2026-01-10T13:10:36,Airports,S05-AUTH01,python,14,Normal,Normal
N-05-00205,2026-01-11T01:52:39,Airports,S05-WS01,svchost,3,Normal,Normal
N-05-00206,2026-01-03T09:05:33,Airports,S05-VPN01,svchost,1,Normal,Normal
N-05-00207,2026-01-03T22:50:17,Airports,S05-BKP01,java,2,Normal,Normal
N-05-00208,2026-01-19T21:59:32,Airports,S05-AUTH01,python,13,Normal,Normal
N-05-00209,2026-01-14T13:12:41,Airports,S05-GW01,nginx,19,Normal,Normal
N-05-00210,2026-01-04T19:45:36,Airports,S05-GW01,java,0,Normal,Normal
N-05-00211,2026-01-18T18:41:46,Airports,S05-AUTH01,svchost,0,Normal,Normal
N-05-00212,2026-01-12T02:31:35,Airports,S05-MGMT01,python,18,Normal,Normal
N-05-00213,2026-01-03T10:44:34,Airports,S05-BKP01,powershell,0,Normal,Normal
N-05-00214,2026-01-12T19:28:06,Airports,S05-MGMT01,python,18,Normal,Normal
N-05-00215,2026-01-07T04:16:06,Airports,S05-APP01,svchost,6,Normal,Normal
N-05-00216,2026-01-02T02:19:35,Airports,S05-AUTH01,svchost,4,Normal,Normal
N-05-00217,2026-01-17T02:46:42,Airports,S05-GW01,powershell,2,Normal,Normal
N-05-00218,2026-01-16T03:51:58,Airports,S05-BKP01,powershell,20,Normal,Normal
N-05-00219,2026-01-05T07:14:37,Airports,S05-APP01,nginx,11,Normal,Normal
N-05-00220,2026-01-19T13:04:18,Airports,S05-VPN01,java,16,Normal,Normal
N-05-00221,2026-01-13T21:40:40,Airports,S05-GW01,java,17,Normal,Normal
N-05-00222,2026-01-07T12:04:12,Airports,S05-MGMT01,python,18,Normal,Normal
N-05-00223,2026-01-15T09:24:00,Airports,S05-VPN01,java,12,Normal,Normal
N-05-00224,2026-01-18T07:22:47,Airports,S05-VPN01,svchost,13,Normal,Normal
N-05-00225,2026-01-03T22:07:36,Airports,S05-DB01,svchost,17,Normal,Normal
N-05-00226,2026-01-13T03:29:21,Airports,S05-BKP01,java,10,Normal,Normal
N-05-00227,2026-01-09T05:45:38,Airports,S05-MGMT01,java,7,Normal,Normal
N-05-00228,2026-01-17T10:17:57,Airports,S05-MON01,nginx,8,Normal,Normal
N-05-00229,2026-01-11T03:39:37,Airports,S05-CTRL01,powershell,2,Normal,Normal
N-05-00230,2026-01-13T02:57:36,Airports,S05-MON01,svchost,9,Normal,Normal
N-05-00231,2026-01-11T10:39:08,Airports,S05-GW01,powershell,15,Normal,Normal
N-05-00232,2026-01-09T18:58:03,Airports,S05-VPN01,svchost,14,Normal,Normal
N-05-00233,2026-01-12T11:58:05,Airports,S05-CTRL01,svchost,1,Normal,Normal
N-05-00234,2026-01-05T22:36:24,Airports,S05-DB01,svchost,9,Normal,Normal
N-05-00235,2026-01-12T13:16:17,Airports,S05-AUTH01,python,16,Normal,Normal
N-05-00236,2026-01-15T05:56:11,Airports,S05-GW01,java,18,Normal,Normal
N-05-00237,2026-01-07T03:06:12,Airports,S05-CTRL01,powershell,12,Normal,Normal
N-05-00238,2026-01-01T19:49:53,Airports,S05-APP01,java,2,Normal,Normal
N-05-00239,2026-01-15T12:29:57,Airports,S05-GW01,powershell,11,Normal,Normal
N-05-00240,2026-01-01T11:54:28,Airports,S05-MON01,java,0,Normal,Normal
N-05-00241,2026-01-07T03:06:46,Airports,S05-MGMT01,nginx,3,Normal,Normal
N-05-00242,2026-01-10T08:36:22,Airports,S05-DB01,java,1,Normal,Normal
N-05-00243,2026-01-11T21:14:45,Airports,S05-VPN01,python,10,Normal,Normal
N-05-00244,2026-01-09T07:43:58,Airports,S05-BKP01,svchost,2,Normal,Normal
N-05-00245,2026-01-09T12:31:44,Airports,S05-APP01,nginx,17,Normal,Normal
N-05-00246,2026-01-20T13:32:01,Airports,S05-APP01,nginx,17,Normal,Normal
N-05-00247,2026-01-08T23:47:26,Airports,S05-MON01,java,4,Normal,Normal
N-05-00248,2026-01-19T02:09:17,Airports,S05-AUTH01,nginx,6,Normal,Normal
N-05-00249,2026-01-02T10:02:32,Airports,S05-VPN01,powershell,19,Normal,Normal
N-05-00250,2026-01-17T01:23:16,Airports,S05-APP01,java,9,Normal,Normal
N-05-00251,2026-01-14T02:37:40,Airports,S05-WS01,python,1,Normal,Normal
N-05-00252,2026-01-19T11:04:54,Airports,S05-AUTH01,svchost,11,Normal,Normal
N-05-00253,2026-01-03T18:09:50,Airports,S05-MON01,java,5,Normal,Normal
N-05-00254,2026-01-07T11:21:19,Airports,S05-AUTH01,java,9,Normal,Normal
N-05-00255,2026-01-18T15:54:44,Airports,S05-APP01,svchost,9,Normal,Normal
N-05-00256,2026-01-19T08:01:46,Airports,S05-VPN01,svchost,9,Normal,Normal
N-05-00257,2026-01-09T08:36:44,Airports,S05-GW01,powershell,4,Normal,Normal
N-05-00258,2026-01-03T03:26:56,Airports,S05-BKP01,svchost,1,Normal,Normal
N-05-00259,2026-01-17T01:30:09,Airports,S05-MGMT01,java,18,Normal,Normal
N-05-00260,2026-01-14T00:36:20,Airports,S05-BKP01,svchost,1,Normal,Normal
N-05-00261,2026-01-04T04:32:43,Airports,S05-MON01,nginx,5,Normal,Normal
N-05-00262,2026-01-16T07:10:53,Airports,S05-CTRL01,svchost,9,Normal,Normal
N-05-00263,2026-01-04T13:58:41,Airports,S05-APP01,python,14,Normal,Normal
N-05-00264,2026-01-19T03:51:03,Airports,S05-CTRL01,java,1,Normal,Normal
N-05-00265,2026-01-18T01:55:53,Airports,S05-MON01,python,15,Normal,Normal
N-05-00266,2026-01-11T08:56:22,Airports,S05-WS01,python,9,Normal,Normal
N-05-00267,2026-01-17T20:49:57,Airports,S05-BKP01,svchost,4,Normal,Normal
N-05-00268,2026-01-08T23:41:10,Airports,S05-MGMT01,python,11,Normal,Normal
N-05-00269,2026-01-09T06:44:53,Airports,S05-APP01,powershell,6,Normal,Normal
N-05-00270,2026-01-01T18:00:42,Airports,S05-MON01,svchost,19,Normal,Normal
N-05-00271,2026-01-02T13:58:29,Airports,S05-CTRL01,powershell,12,Normal,Normal
N-05-00272,2026-01-04T17:51:46,Airports,S05-GW01,nginx,15,Normal,Normal
N-05-00273,2026-01-15T12:19:00,Airports,S05-AUTH01,python,19,Normal,Normal
N-05-00274,2026-01-20T12:06:20,Airports,S05-APP01,svchost,20,Normal,Normal
N-05-00275,2026-01-05T03:06:39,Airports,S05-CTRL01,powershell,11,Normal,Normal
N-05-00276,2026-01-15T18:01:12,Airports,S05-GW01,python,15,Normal,Normal
N-05-00277,2026-01-18T04:39:25,Airports,S05-GW01,svchost,11,Normal,Normal
N-05-00278,2026-01-16T08:34:41,Airports,S05-GW01,nginx,0,Normal,Normal
N-05-00279,2026-01-02T13:02:14,Airports,S05-CTRL01,powershell,1,Normal,Normal
N-05-00280,2026-01-06T20:22:58,Airports,S05-MON01,powershell,0,Normal,Normal
N-05-00281,2026-01-05T04:03:37,Airports,S05-MON01,powershell,1,Normal,Normal
N-05-00282,2026-01-03T19:40:23,Airports,S05-DB01,nginx,0,Normal,Normal
N-05-00283,2026-01-04T07:20:32,Airports,S05-APP01,python,2,Normal,Normal
N-05-00284,2026-01-04T18:57:15,Airports,S05-MGMT01,nginx,18,Normal,Normal
N-05-00285,2026-01-01T12:42:49,Airports,S05-MON01,powershell,20,Normal,Normal
N-05-00286,2026-01-04T09:03:17,Airports,S05-AUTH01,powershell,17,Normal,Normal
N-05-00287,2026-01-05T08:10:40,Airports,S05-WS01,python,17,Normal,Normal
N-05-00288,2026-01-19T10:56:39,Airports,S05-WS01,svchost,13,Normal,Normal
N-05-00289,2026-01-18T15:06:53,Airports,S05-WS01,powershell,2,Normal,Normal
N-05-00290,2026-01-02T19:58:47,Airports,S05-MGMT01,svchost,19,Normal,Normal
N-05-00291,2026-01-03T05:49:56,Airports,S05-GW01,java,3,Normal,Normal
N-05-00292,2026-01-13T22:19:38,Airports,S05-BKP01,python,0,Normal,Normal
N-05-00293,2026-01-12T07:45:50,Airports,S05-DB01,java,0,Normal,Normal
N-05-00294,2026-01-19T17:00:03,Airports,S05-DB01,java,12,Normal,Normal
N-05-00295,2026-01-07T18:50:11,Airports,S05-DB01,powershell,0,Normal,Normal
N-05-00296,2026-01-08T11:05:11,Airports,S05-CTRL01,nginx,19,Normal,Normal
N-05-00297,2026-01-04T23:45:32,Airports,S05-WS01,java,15,Normal,Normal
N-05-00298,2026-01-08T07:41:47,Airports,S05-MON01,svchost,13,Normal,Normal
N-05-00299,2026-01-11T02:01:10,Airports,S05-BKP01,svchost,1,Normal,Normal
N-05-00300,2026-01-14T22:14:36,Airports,S05-WS01,nginx,7,Normal,Normal
N-05-00301,2026-01-17T12:55:05,Airports,S05-WS01,python,15,Normal,Normal
N-05-00302,2026-01-18T12:09:31,Airports,S05-DB01,nginx,8,Normal,Normal
N-05-00303,2026-01-15T17:14:18,Airports,S05-WS01,java,11,Normal,Normal
N-05-00304,2026-01-02T22:29:37,Airports,S05-DB01,svchost,11,Normal,Normal
N-05-00305,2026-01-17T02:12:38,Airports,S05-APP01,svchost,13,Normal,Normal
N-05-00306,2026-01-20T14:09:10,Airports,S05-APP01,nginx,12,Normal,Normal
N-05-00307,2026-01-06T14:14:00,Airports,S05-GW01,java,5,Normal,Normal
N-05-00308,2026-01-11T04:14:54,Airports,S05-AUTH01,powershell,15,Normal,Normal
N-05-00309,2026-01-15T16:15:13,Airports,S05-APP01,powershell,17,Normal,Normal
N-05-00310,2026-01-20T00:14:40,Airports,S05-BKP01,powershell,8,Normal,Normal
N-05-00311,2026-01-12T21:26:12,Airports,S05-GW01,nginx,17,Normal,Normal
N-05-00312,2026-01-15T01:18:44,Airports,S05-WS01,java,16,Normal,Normal
N-05-00313,2026-01-13T04:10:08,Airports,S05-BKP01,java,5,Normal,Normal
N-05-00314,2026-01-05T17:24:27,Airports,S05-AUTH01,powershell,12,Normal,Normal
N-05-00315,2026-01-04T18:33:08,Airports,S05-AUTH01,nginx,14,Normal,Normal
N-05-00316,2026-01-18T18:37:06,Airports,S05-DB01,powershell,16,Normal,Normal
N-05-00317,2026-01-12T03:40:22,Airports,S05-WS01,powershell,16,Normal,Normal
N-05-00318,2026-01-10T11:35:32,Airports,S05-BKP01,nginx,0,Normal,Normal
N-05-00319,2026-01-16T19:13:49,Airports,S05-GW01,nginx,12,Normal,Normal
N-05-00320,2026-01-07T08:15:49,Airports,S05-AUTH01,python,20,Normal,Normal
N-05-00321,2026-01-19T12:36:23,Airports,S05-WS01,svchost,11,Normal,Normal
N-05-00322,2026-01-12T01:43:24,Airports,S05-CTRL01,powershell,17,Normal,Normal
N-05-00323,2026-01-04T17:38:18,Airports,S05-MGMT01,powershell,19,Normal,Normal
N-05-00324,2026-01-01T14:53:50,Airports,S05-APP01,python,8,Normal,Normal
N-05-00325,2026-01-05T02:34:07,Airports,S05-APP01,powershell,18,Normal,Normal
N-05-00326,2026-01-18T01:42:27,Airports,S05-AUTH01,java,16,Normal,Normal
N-05-00327,2026-01-04T02:25:00,Airports,S05-WS01,svchost,10,Normal,Normal
N-05-00328,2026-01-15T21:37:58,Airports,S05-VPN01,nginx,6,Normal,Normal
N-05-00329,2026-01-01T13:34:44,Airports,S05-GW01,svchost,1,Normal,Normal
N-05-00330,2026-01-15T14:59:45,Airports,S05-VPN01,java,11,Normal,Normal
N-05-00331,2026-01-09T08:31:06,Airports,S05-VPN01,nginx,18,Normal,Normal
N-05-00332,2026-01-01T09:45:07,Airports,S05-MGMT01,nginx,5,Normal,Normal
N-05-00333,2026-01-01T11:50:01,Airports,S05-BKP01,svchost,14,Normal,Normal
N-05-00334,2026-01-12T09:05:20,Airports,S05-DB01,python,9,Normal,Normal
N-05-00335,2026-01-03T04:52:26,Airports,S05-VPN01,python,14,Normal,Normal
N-05-00336,2026-01-03T18:53:40,Airports,S05-GW01,python,3,Normal,Normal
N-05-00337,2026-01-04T23:03:34,Airports,S05-VPN01,java,4,Normal,Normal
N-05-00338,2026-01-10T19:18:14,Airports,S05-MGMT01,nginx,11,Normal,Normal
N-05-00339,2026-01-01T19:10:12,Airports,S05-AUTH01,powershell,20,Normal,Normal
N-05-00340,2026-01-09T20:58:53,Airports,S05-MGMT01,python,9,Normal,Normal
N-05-00341,2026-01-06T08:11:23,Airports,S05-WS01,java,6,Normal,Normal
N-05-00342,2026-01-03T05:12:37,Airports,S05-AUTH01,nginx,15,Normal,Normal
N-05-00343,2026-01-02T22:38:46,Airports,S05-WS01,python,16,Normal,Normal
N-05-00344,2026-01-12T22:30:40,Airports,S05-DB01,nginx,4,Normal,Normal
N-05-00345,2026-01-15T00:35:33,Airports,S05-MON01,nginx,12,Normal,Normal
N-05-00346,2026-01-09T05:54:46,Airports,S05-DB01,python,10,Normal,Normal
N-05-00347,2026-01-17T05:10:34,Airports,S05-VPN01,svchost,11,Normal,Normal
N-05-00348,2026-01-13T06:09:15,Airports,S05-WS01,powershell,20,Normal,Normal
N-05-00349,2026-01-03T12:08:58,Airports,S05-APP01,nginx,17,Normal,Normal
N-05-00350,2026-01-07T11:44:11,Airports,S05-WS01,svchost,2,Normal,Normal
N-05-00351,2026-01-07T23:54:16,Airports,S05-MON01,svchost,9,Normal,Normal
N-05-00352,2026-01-15T20:52:01,Airports,S05-VPN01,java,2,Normal,Normal
N-05-00353,2026-01-11T20:13:49,Airports,S05-MGMT01,powershell,4,Normal,Normal
N-05-00354,2026-01-11T08:14:41,Airports,S05-CTRL01,python,19,Normal,Normal
N-05-00355,2026-01-10T08:58:36,Airports,S05-GW01,nginx,13,Normal,Normal
N-05-00356,2026-01-01T17:37:48,Airports,S05-MON01,svchost,10,Normal,Normal
N-05-00357,2026-01-11T12:21:00,Airports,S05-CTRL01,powershell,14,Normal,Normal
N-05-00358,2026-01-09T00:03:10,Airports,S05-WS01,python,14,Normal,Normal
N-05-00359,2026-01-11T12:01:09,Airports,S05-CTRL01,python,8,Normal,Normal
N-05-00360,2026-01-08T12:29:13,Airports,S05-GW01,svchost,2,Normal,Normal
N-05-00361,2026-01-10T04:31:04,Airports,S05-MGMT01,powershell,15,Normal,Normal
N-05-00362,2026-01-18T03:24:05,Airports,S05-CTRL01,python,5,Normal,Normal
N-05-00363,2026-01-07T10:29:10,Airports,S05-MGMT01,svchost,17,Normal,Normal
N-05-00364,2026-01-11T20:53:44,Airports,S05-MON01,python,12,Normal,Normal
N-05-00365,2026-01-16T01:32:11,Airports,S05-BKP01,nginx,17,Normal,Normal
N-05-00366,2026-01-16T05:56:27,Airports,S05-GW01,python,3,Normal,Normal
N-05-00367,2026-01-03T04:51:00,Airports,S05-GW01,python,20,Normal,Normal
N-05-00368,2026-01-04T01:55:56,Airports,S05-CTRL01,python,8,Normal,Normal
N-05-00369,2026-01-18T05:36:29,Airports,S05-BKP01,nginx,7,Normal,Normal
N-05-00370,2026-01-02T22:08:57,Airports,S05-WS01,nginx,20,Normal,Normal
N-05-00371,2026-01-10T17:03:29,Airports,S05-GW01,svchost,14,Normal,Normal
N-05-00372,2026-01-20T16:56:34,Airports,S05-VPN01,java,3,Normal,Normal
N-05-00373,2026-01-13T20:38:37,Airports,S05-WS01,python,0,Normal,Normal
N-05-00374,2026-01-18T22:17:50,Airports,S05-VPN01,nginx,11,Normal,Normal
N-05-00375,2026-01-04T04:08:29,Airports,S05-VPN01,java,12,Normal,Normal
N-05-00376,2026-01-01T23:40:27,Airports,S05-VPN01,java,2,Normal,Normal
N-05-00377,2026-01-15T03:33:03,Airports,S05-CTRL01,svchost,8,Normal,Normal
N-05-00378,2026-01-02T12:14:09,Airports,S05-DB01,powershell,5,Normal,Normal
N-05-00379,2026-01-14T00:40:47,Airports,S05-APP01,powershell,11,Normal,Normal
N-05-00380,2026-01-03T08:25:27,Airports,S05-VPN01,java,20,Normal,Normal
N-05-00381,2026-01-11T16:26:14,Airports,S05-VPN01,svchost,6,Normal,Normal
N-05-00382,2026-01-19T10:46:56,Airports,S05-APP01,nginx,16,Normal,Normal
N-05-00383,2026-01-04T19:42:17,Airports,S05-MGMT01,java,8,Normal,Normal
N-05-00384,2026-01-04T17:52:03,Airports,S05-WS01,powershell,0,Normal,Normal
N-05-00385,2026-01-18T20:26:55,Airports,S05-MGMT01,powershell,20,Normal,Normal
N-05-00386,2026-01-02T05:34:27,Airports,S05-WS01,python,17,Normal,Normal
N-05-00387,2026-01-13T05:58:54,Airports,S05-GW01,nginx,12,Normal,Normal
N-05-00388,2026-01-07T00:36:40,Airports,S05-WS01,python,0,Normal,Normal
N-05-00389,2026-01-09T16:55:02,Airports,S05-MON01,nginx,14,Normal,Normal
N-05-00390,2026-01-02T02:20:08,Airports,S05-APP01,java,14,Normal,Normal
N-05-00391,2026-01-19T18:39:56,Airports,S05-MON01,python,9,Normal,Normal
N-05-00392,2026-01-13T17:10:31,Airports,S05-GW01,java,18,Normal,Normal
N-05-00393,2026-01-07T21:03:02,Airports,S05-MGMT01,powershell,2,Normal,Normal
N-05-00394,2026-01-20T04:00:21,Airports,S05-AUTH01,python,11,Normal,Normal
N-05-00395,2026-01-19T03:57:43,Airports,S05-BKP01,java,16,Normal,Normal
N-05-00396,2026-01-11T11:04:52,Airports,S05-GW01,powershell,1,Normal,Normal
N-05-00397,2026-01-13T04:10:20,Airports,S05-MON01,svchost,18,Normal,Normal
N-05-00398,2026-01-08T20:59:31,Airports,S05-BKP01,svchost,4,Normal,Normal
N-05-00399,2026-01-10T18:23:55,Airports,S05-GW01,svchost,7,Normal,Normal
N-05-00400,2026-01-02T03:07:58,Airports,S05-MON01,svchost,9,Normal,Normal
N-05-00401,2026-01-14T10:16:35,Airports,S05-CTRL01,nginx,8,Normal,Normal
N-05-00402,2026-01-17T22:02:57,Airports,S05-CTRL01,nginx,3,Normal,Normal
N-05-00403,2026-01-04T15:57:52,Airports,S05-MON01,powershell,16,Normal,Normal
N-05-00404,2026-01-04T13:14:02,Airports,S05-DB01,powershell,11,Normal,Normal
N-05-00405,2026-01-19T02:03:07,Airports,S05-APP01,nginx,9,Normal,Normal
N-05-00406,2026-01-02T21:23:07,Airports,S05-APP01,java,13,Normal,Normal
N-05-00407,2026-01-07T12:55:31,Airports,S05-AUTH01,svchost,13,Normal,Normal
N-05-00408,2026-01-07T15:15:21,Airports,S05-BKP01,python,19,Normal,Normal
N-05-00409,2026-01-18T08:46:48,Airports,S05-WS01,powershell,16,Normal,Normal
N-05-00410,2026-01-16T10:25:27,Airports,S05-BKP01,python,4,Normal,Normal
N-05-00411,2026-01-11T11:02:15,Airports,S05-DB01,nginx,7,Normal,Normal
N-05-00412,2026-01-08T18:22:50,Airports,S05-APP01,powershell,14,Normal,Normal
N-05-00413,2026-01-06T22:07:14,Airports,S05-CTRL01,python,7,Normal,Normal
N-05-00414,2026-01-09T04:07:58,Airports,S05-GW01,java,0,Normal,Normal
N-05-00415,2026-01-19T15:15:43,Airports,S05-GW01,svchost,9,Normal,Normal
N-05-00416,2026-01-16T11:50:51,Airports,S05-AUTH01,svchost,20,Normal,Normal
N-05-00417,2026-01-12T06:53:36,Airports,S05-CTRL01,svchost,4,Normal,Normal
N-05-00418,2026-01-16T13:09:39,Airports,S05-DB01,nginx,11,Normal,Normal
N-05-00419,2026-01-03T22:28:24,Airports,S05-CTRL01,python,17,Normal,Normal
N-05-00420,2026-01-16T06:13:09,Airports,S05-AUTH01,svchost,3,Normal,Normal
N-05-00421,2026-01-05T03:03:42,Airports,S05-AUTH01,powershell,19,Normal,Normal
N-05-00422,2026-01-20T22:11:18,Airports,S05-GW01,python,4,Normal,Normal
N-05-00423,2026-01-17T16:38:20,Airports,S05-VPN01,powershell,12,Normal,Normal
N-05-00424,2026-01-13T01:09:00,Airports,S05-APP01,powershell,15,Normal,Normal
N-05-00425,2026-01-11T01:44:17,Airports,S05-VPN01,powershell,14,Normal,Normal
N-05-00426,2026-01-17T23:02:12,Airports,S05-GW01,nginx,19,Normal,Normal
N-05-00427,2026-01-07T19:13:03,Airports,S05-APP01,java,18,Normal,Normal
N-05-00428,2026-01-02T00:16:29,Airports,S05-MON01,svchost,12,Normal,Normal
N-05-00429,2026-01-15T05:24:26,Airports,S05-APP01,python,20,Normal,Normal
N-05-00430,2026-01-11T05:23:49,Airports,S05-MGMT01,nginx,10,Normal,Normal
N-05-00431,2026-01-07T10:23:39,Airports,S05-BKP01,nginx,16,Normal,Normal
N-05-00432,2026-01-08T10:09:21,Airports,S05-VPN01,python,9,Normal,Normal
N-05-00433,2026-01-15T20:25:53,Airports,S05-MON01,java,5,Normal,Normal
N-05-00434,2026-01-06T02:42:17,Airports,S05-MON01,python,8,Normal,Normal
N-05-00435,2026-01-08T05:56:10,Airports,S05-MGMT01,svchost,5,Normal,Normal
N-05-00436,2026-01-19T13:08:27,Airports,S05-BKP01,powershell,17,Normal,Normal
N-05-00437,2026-01-04T15:04:04,Airports,S05-MGMT01,python,16,Normal,Normal
N-05-00438,2026-01-09T09:27:22,Airports,S05-MGMT01,powershell,9,Normal,Normal
N-05-00439,2026-01-05T14:35:30,Airports,S05-VPN01,nginx,9,Normal,Normal
N-05-00440,2026-01-16T19:27:40,Airports,S05-BKP01,java,16,Normal,Normal
N-05-00441,2026-01-05T23:49:52,Airports,S05-VPN01,nginx,7,Normal,Normal
N-05-00442,2026-01-09T20:15:45,Airports,S05-APP01,python,4,Normal,Normal
N-05-00443,2026-01-19T18:29:29,Airports,S05-WS01,nginx,5,Normal,Normal
N-05-00444,2026-01-01T14:36:30,Airports,S05-GW01,nginx,12,Normal,Normal
N-05-00445,2026-01-10T06:33:14,Airports,S05-DB01,powershell,17,Normal,Normal
N-05-00446,2026-01-12T23:04:24,Airports,S05-DB01,java,2,Normal,Normal
N-05-00447,2026-01-16T20:11:27,Airports,S05-WS01,python,11,Normal,Normal
N-05-00448,2026-01-21T02:40:20,Airports,S05-MON01,svchost,3,Normal,Normal
N-05-00449,2026-01-08T04:14:25,Airports,S05-AUTH01,nginx,3,Normal,Normal
N-05-00450,2026-01-13T06:48:39,Airports,S05-WS01,powershell,18,Normal,Normal
N-05-00451,2026-01-01T19:01:28,Airports,S05-APP01,python,13,Normal,Normal
N-05-00452,2026-01-14T17:31:59,Airports,S05-CTRL01,powershell,17,Normal,Normal
N-05-00453,2026-01-03T07:16:38,Airports,S05-GW01,nginx,11,Normal,Normal
N-05-00454,2026-01-20T01:46:40,Airports,S05-APP01,nginx,0,Normal,Normal
N-05-00455,2026-01-06T14:59:51,Airports,S05-GW01,python,19,Normal,Normal
N-05-00456,2026-01-09T12:42:05,Airports,S05-MON01,nginx,6,Normal,Normal
N-05-00457,2026-01-17T23:44:35,Airports,S05-MGMT01,powershell,6,Normal,Normal
N-05-00458,2026-01-02T00:33:47,Airports,S05-CTRL01,svchost,10,Normal,Normal
N-05-00459,2026-01-02T07:05:29,Airports,S05-WS01,nginx,2,Normal,Normal
N-05-00460,2026-01-02T23:17:17,Airports,S05-MON01,python,19,Normal,Normal
N-05-00461,2026-01-16T11:03:26,Airports,S05-APP01,python,3,Normal,Normal
N-05-00462,2026-01-10T13:16:30,Airports,S05-MON01,svchost,15,Normal,Normal
N-05-00463,2026-01-02T03:08:25,Airports,S05-APP01,nginx,0,Normal,Normal
N-05-00464,2026-01-10T05:06:28,Airports,S05-CTRL01,nginx,18,Normal,Normal
N-05-00465,2026-01-04T03:13:42,Airports,S05-DB01,python,20,Normal,Normal
N-05-00466,2026-01-03T10:34:21,Airports,S05-GW01,java,18,Normal,Normal
N-05-00467,2026-01-19T01:26:47,Airports,S05-WS01,svchost,11,Normal,Normal
N-05-00468,2026-01-12T06:29:31,Airports,S05-AUTH01,python,5,Normal,Normal
N-05-00469,2026-01-12T05:20:45,Airports,S05-DB01,java,19,Normal,Normal
N-05-00470,2026-01-09T09:16:38,Airports,S05-BKP01,nginx,3,Normal,Normal
N-05-00471,2026-01-19T14:06:07,Airports,S05-DB01,powershell,1,Normal,Normal
N-05-00472,2026-01-17T11:30:12,Airports,S05-APP01,nginx,16,Normal,Normal
N-05-00473,2026-01-07T00:20:07,Airports,S05-CTRL01,nginx,16,Normal,Normal
N-05-00474,2026-01-10T04:43:32,Airports,S05-MGMT01,powershell,18,Normal,Normal
N-05-00475,2026-01-14T08:41:58,Airports,S05-WS01,powershell,4,Normal,Normal
N-05-00476,2026-01-02T19:26:44,Airports,S05-VPN01,python,9,Normal,Normal
N-05-00477,2026-01-16T10:31:44,Airports,S05-CTRL01,svchost,17,Normal,Normal
N-05-00478,2026-01-10T09:25:35,Airports,S05-MON01,java,4,Normal,Normal
N-05-00479,2026-01-16T19:50:48,Airports,S05-MON01,powershell,14,Normal,Normal
N-05-00480,2026-01-19T23:15:29,Airports,S05-CTRL01,powershell,18,Normal,Normal
N-05-00481,2026-01-05T08:28:46,Airports,S05-GW01,powershell,11,Normal,Normal
N-05-00482,2026-01-15T02:39:34,Airports,S05-BKP01,nginx,1,Normal,Normal
N-05-00483,2026-01-20T07:04:23,Airports,S05-GW01,java,14,Normal,Normal
N-05-00484,2026-01-09T03:39:22,Airports,S05-VPN01,powershell,1,Normal,Normal
N-05-00485,2026-01-21T06:05:23,Airports,S05-VPN01,powershell,5,Normal,Normal
N-05-00486,2026-01-13T01:47:07,Airports,S05-DB01,svchost,18,Normal,Normal
N-05-00487,2026-01-21T04:08:26,Airports,S05-VPN01,nginx,11,Normal,Normal
N-05-00488,2026-01-11T03:15:32,Airports,S05-BKP01,python,14,Normal,Normal
N-05-00489,2026-01-08T07:50:17,Airports,S05-GW01,powershell,12,Normal,Normal
N-05-00490,2026-01-13T16:42:53,Airports,S05-VPN01,python,6,Normal,Normal
N-05-00491,2026-01-11T23:31:19,Airports,S05-GW01,python,6,Normal,Normal
N-05-00492,2026-01-07T12:18:10,Airports,S05-MON01,nginx,17,Normal,Normal
N-05-00493,2026-01-08T19:47:59,Airports,S05-APP01,python,11,Normal,Normal
N-05-00494,2026-01-09T22:46:05,Airports,S05-AUTH01,java,12,Normal,Normal
N-05-00495,2026-01-08T11:17:00,Airports,S05-BKP01,java,6,Normal,Normal
N-05-00496,2026-01-09T10:50:27,Airports,S05-VPN01,python,5,Normal,Normal
N-05-00497,2026-01-02T19:30:49,Airports,S05-DB01,nginx,9,Normal,Normal
N-05-00498,2026-01-15T04:12:30,Airports,S05-BKP01,svchost,7,Normal,Normal
N-05-00499,2026-01-17T10:35:13,Airports,S05-DB01,java,17,Normal,Normal
N-05-00500,2026-01-20T22:53:57,Airports,S05-APP01,nginx,3,Normal,Normal
N-05-00501,2026-01-03T11:50:19,Airports,S05-BKP01,svchost,3,Normal,Normal
N-05-00502,2026-01-15T07:34:17,Airports,S05-AUTH01,python,5,Normal,Normal
N-05-00503,2026-01-16T08:32:41,Airports,S05-WS01,java,3,Normal,Normal
N-05-00504,2026-01-01T15:18:14,Airports,S05-DB01,powershell,3,Normal,Normal
N-05-00505,2026-01-12T17:24:32,Airports,S05-CTRL01,svchost,1,Normal,Normal
N-05-00506,2026-01-09T22:22:35,Airports,S05-AUTH01,nginx,12,Normal,Normal
N-05-00507,2026-01-02T12:00:39,Airports,S05-MON01,nginx,17,Normal,Normal
N-05-00508,2026-01-15T01:00:41,Airports,S05-BKP01,python,6,Normal,Normal
N-05-00509,2026-01-18T05:40:57,Airports,S05-MON01,powershell,19,Normal,Normal
N-05-00510,2026-01-13T18:47:26,Airports,S05-CTRL01,powershell,16,Normal,Normal
N-05-00511,2026-01-04T01:35:36,Airports,S05-MGMT01,nginx,14,Normal,Normal
N-05-00512,2026-01-13T22:03:59,Airports,S05-AUTH01,python,14,Normal,Normal
N-05-00513,2026-01-21T01:04:02,Airports,S05-APP01,svchost,15,Normal,Normal
N-05-00514,2026-01-03T14:12:53,Airports,S05-BKP01,powershell,7,Normal,Normal
N-05-00515,2026-01-06T11:18:42,Airports,S05-WS01,svchost,15,Normal,Normal
N-05-00516,2026-01-05T05:03:56,Airports,S05-MON01,python,13,Normal,Normal
N-05-00517,2026-01-10T17:07:35,Airports,S05-WS01,java,2,Normal,Normal
N-05-00518,2026-01-19T19:36:17,Airports,S05-AUTH01,svchost,6,Normal,Normal
N-05-00519,2026-01-09T02:10:42,Airports,S05-GW01,svchost,9,Normal,Normal
N-05-00520,2026-01-10T13:12:08,Airports,S05-WS01,powershell,5,Normal,Normal
N-05-00521,2026-01-05T06:07:48,Airports,S05-GW01,java,12,Normal,Normal
N-05-00522,2026-01-11T01:02:19,Airports,S05-MGMT01,java,3,Normal,Normal
N-05-00523,2026-01-05T12:20:48,Airports,S05-GW01,powershell,7,Normal,Normal
N-05-00524,2026-01-14T21:14:38,Airports,S05-WS01,java,5,Normal,Normal
N-05-00525,2026-01-06T02:04:28,Airports,S05-CTRL01,svchost,7,Normal,Normal
N-05-00526,2026-01-05T21:26:06,Airports,S05-AUTH01,svchost,1,Normal,Normal
N-05-00527,2026-01-19T21:07:40,Airports,S05-VPN01,powershell,0,Normal,Normal
N-05-00528,2026-01-04T04:01:35,Airports,S05-WS01,python,11,Normal,Normal
N-05-00529,2026-01-09T10:27:42,Airports,S05-MGMT01,svchost,4,Normal,Normal
N-05-00530,2026-01-11T01:59:24,Airports,S05-MGMT01,java,19,Normal,Normal
N-05-00531,2026-01-01T09:22:44,Airports,S05-GW01,svchost,6,Normal,Normal
N-05-00532,2026-01-08T23:19:17,Airports,S05-APP01,python,1,Normal,Normal
N-05-00533,2026-01-18T19:12:57,Airports,S05-WS01,python,14,Normal,Normal
N-05-00534,2026-01-03T07:11:41,Airports,S05-VPN01,svchost,19,Normal,Normal
N-05-00535,2026-01-12T22:21:43,Airports,S05-APP01,powershell,15,Normal,Normal
N-05-00536,2026-01-06T04:21:25,Airports,S05-BKP01,python,11,Normal,Normal
N-05-00537,2026-01-14T15:31:19,Airports,S05-APP01,svchost,6,Normal,Normal
N-05-00538,2026-01-16T03:55:47,Airports,S05-DB01,java,13,Normal,Normal
N-05-00539,2026-01-12T00:50:47,Airports,S05-MGMT01,java,0,Normal,Normal
N-05-00540,2026-01-21T06:17:33,Airports,S05-CTRL01,java,1,Normal,Normal
N-05-00541,2026-01-03T01:53:44,Airports,S05-AUTH01,nginx,18,Normal,Normal
N-05-00542,2026-01-20T03:09:20,Airports,S05-MON01,powershell,19,Normal,Normal
N-05-00543,2026-01-05T21:39:58,Airports,S05-GW01,svchost,14,Normal,Normal
N-05-00544,2026-01-03T10:14:50,Airports,S05-MON01,java,17,Normal,Normal
N-05-00545,2026-01-05T13:10:37,Airports,S05-MGMT01,python,10,Normal,Normal
N-05-00546,2026-01-20T02:37:04,Airports,S05-VPN01,java,17,Normal,Normal
N-05-00547,2026-01-05T05:31:28,Airports,S05-MGMT01,svchost,0,Normal,Normal
N-05-00548,2026-01-19T06:05:33,Airports,S05-WS01,java,10,Normal,Normal
N-05-00549,2026-01-05T21:48:44,Airports,S05-CTRL01,java,5,Normal,Normal
N-05-00550,2026-01-09T15:13:41,Airports,S05-BKP01,java,15,Normal,Normal
N-05-00551,2026-01-16T01:54:07,Airports,S05-VPN01,nginx,1,Normal,Normal
N-05-00552,2026-01-12T19:22:24,Airports,S05-WS01,nginx,18,Normal,Normal
N-05-00553,2026-01-15T17:52:15,Airports,S05-BKP01,powershell,0,Normal,Normal
N-05-00554,2026-01-13T00:29:21,Airports,S05-MON01,python,6,Normal,Normal
N-05-00555,2026-01-19T00:00:02,Airports,S05-VPN01,python,6,Normal,Normal
N-05-00556,2026-01-07T11:43:07,Airports,S05-AUTH01,nginx,10,Normal,Normal
N-05-00557,2026-01-13T16:28:02,Airports,S05-WS01,svchost,1,Normal,Normal
N-05-00558,2026-01-03T19:31:30,Airports,S05-WS01,svchost,15,Normal,Normal
N-05-00559,2026-01-08T18:45:13,Airports,S05-APP01,python,1,Normal,Normal
N-05-00560,2026-01-10T22:33:58,Airports,S05-MON01,java,19,Normal,Normal
N-05-00561,2026-01-09T09:45:36,Airports,S05-GW01,powershell,1,Normal,Normal
N-05-00562,2026-01-19T07:18:24,Airports,S05-VPN01,nginx,4,Normal,Normal
N-05-00563,2026-01-15T22:18:24,Airports,S05-GW01,powershell,11,Normal,Normal
N-05-00564,2026-01-08T02:27:46,Airports,S05-AUTH01,python,17,Normal,Normal
N-05-00565,2026-01-01T17:21:41,Airports,S05-CTRL01,nginx,20,Normal,Normal
N-05-00566,2026-01-17T08:22:08,Airports,S05-MGMT01,powershell,20,Normal,Normal
N-05-00567,2026-01-09T02:00:20,Airports,S05-BKP01,java,3,Normal,Normal
N-05-00568,2026-01-03T17:05:54,Airports,S05-AUTH01,svchost,19,Normal,Normal
N-05-00569,2026-01-05T07:30:46,Airports,S05-APP01,java,6,Normal,Normal
N-05-00570,2026-01-15T00:52:15,Airports,S05-WS01,nginx,15,Normal,Normal
N-05-00571,2026-01-20T08:15:53,Airports,S05-CTRL01,svchost,4,Normal,Normal
N-05-00572,2026-01-13T11:05:30,Airports,S05-GW01,powershell,2,Normal,Normal
N-05-00573,2026-01-13T11:32:27,Airports,S05-DB01,java,7,Normal,Normal
N-05-00574,2026-01-20T21:23:20,Airports,S05-WS01,nginx,3,Normal,Normal
N-05-00575,2026-01-13T21:38:34,Airports,S05-BKP01,svchost,9,Normal,Normal
N-05-00576,2026-01-19T22:20:51,Airports,S05-MON01,nginx,0,Normal,Normal
N-05-00577,2026-01-19T09:58:15,Airports,S05-AUTH01,powershell,16,Normal,Normal
N-05-00578,2026-01-20T16:34:07,Airports,S05-MON01,java,8,Normal,Normal
N-05-00579,2026-01-11T04:32:17,Airports,S05-MGMT01,java,14,Normal,Normal
N-05-00580,2026-01-08T09:15:31,Airports,S05-MGMT01,java,10,Normal,Normal
N-05-00581,2026-01-10T06:59:59,Airports,S05-CTRL01,nginx,0,Normal,Normal
N-05-00582,2026-01-03T13:11:25,Airports,S05-DB01,nginx,12,Normal,Normal
N-05-00583,2026-01-09T13:16:20,Airports,S05-MGMT01,svchost,6,Normal,Normal
N-05-00584,2026-01-05T09:51:29,Airports,S05-CTRL01,powershell,19,Normal,Normal
N-05-00585,2026-01-20T04:05:51,Airports,S05-DB01,powershell,18,Normal,Normal
N-05-00586,2026-01-03T14:43:51,Airports,S05-CTRL01,nginx,9,Normal,Normal
N-05-00587,2026-01-14T13:48:40,Airports,S05-DB01,java,4,Normal,Normal
N-05-00588,2026-01-17T21:38:14,Airports,S05-MON01,svchost,2,Normal,Normal
N-05-00589,2026-01-10T20:07:31,Airports,S05-BKP01,python,20,Normal,Normal
N-05-00590,2026-01-18T02:34:53,Airports,S05-BKP01,svchost,17,Normal,Normal
N-05-00591,2026-01-10T13:25:22,Airports,S05-BKP01,java,20,Normal,Normal
N-05-00592,2026-01-10T02:51:10,Airports,S05-MGMT01,powershell,9,Normal,Normal
N-05-00593,2026-01-11T00:38:19,Airports,S05-DB01,java,6,Normal,Normal
N-05-00594,2026-01-04T23:49:10,Airports,S05-WS01,nginx,5,Normal,Normal
N-05-00595,2026-01-13T08:42:26,Airports,S05-CTRL01,java,0,Normal,Normal
N-05-00596,2026-01-15T16:20:47,Airports,S05-DB01,powershell,2,Normal,Normal
N-05-00597,2026-01-21T04:33:09,Airports,S05-DB01,nginx,11,Normal,Normal
N-05-00598,2026-01-03T15:12:37,Airports,S05-GW01,svchost,20,Normal,Normal
N-05-00599,2026-01-11T21:26:24,Airports,S05-VPN01,powershell,9,Normal,Normal
A-05-SCN041-01-00,2026-01-14T09:01:00,Airports,S05-WS01,ssh,65,Reconnaissance,Attack
A-05-SCN041-01-01,2026-01-14T09:07:00,Airports,S05-APP01,cmd,30,Initial Access,Attack
A-05-SCN041-01-02,2026-01-14T09:12:00,Airports,S05-GW01,cmd,30,Execution,Attack
A-05-SCN041-01-03,2026-01-14T09:15:00,Airports,S05-DB01,curl,14,Discovery,Attack
A-05-SCN041-01-04,2026-01-14T09:22:00,Airports,S05-MON01,unknown,5,Lateral Movement,Attack
A-05-SCN041-01-05,2026-01-14T09:27:00,Airports,S05-CTRL01,curl,200,Impact,Attack
A-05-SCN041-01-06,2026-01-14T09:32:00,Airports,S05-WS01,wmic,1517,Impact,Attack
A-05-SCN041-01-07,2026-01-14T09:37:00,Airports,S05-APP01,ssh,393,Impact,Attack
A-05-SCN041-01-08,2026-01-14T09:42:00,Airports,S05-GW01,wmic,1945,Impact,Attack
A-05-SCN041-01-09,2026-01-14T09:47:00,Airports,S05-DB01,cmd,423,Impact,Attack
A-05-SCN041-02-00,2026-01-14T10:03:00,Airports,S05-CTRL01,ssh,95,Reconnaissance,Attack
A-05-SCN041-02-01,2026-01-14T10:05:00,Airports,S05-WS01,ssh,39,Initial Access,Attack
A-05-SCN041-02-02,2026-01-14T10:12:00,Airports,S05-AUTH01,curl,83,Execution,Attack
A-05-SCN041-02-03,2026-01-14T10:16:00,Airports,S05-DB01,cmd,14,Discovery,Attack
A-05-SCN041-02-04,2026-01-14T10:20:00,Airports,S05-APP01,ssh,98,Lateral Movement,Attack
A-05-SCN041-02-05,2026-01-14T10:26:00,Airports,S05-GW01,service-host,1796,Impact,Attack
A-05-SCN041-02-06,2026-01-14T10:30:00,Airports,S05-CTRL01,ssh,1169,Impact,Attack
A-05-SCN041-02-07,2026-01-14T10:35:00,Airports,S05-WS01,wmic,110,Impact,Attack
A-05-SCN041-02-08,2026-01-14T10:43:00,Airports,S05-AUTH01,wmic,1228,Impact,Attack
A-05-SCN041-02-09,2026-01-14T10:46:00,Airports,S05-DB01,powershell,389,Impact,Attack
A-05-SCN041-03-00,2026-01-14T11:00:00,Airports,S05-WS01,cmd,51,Reconnaissance,Attack
A-05-SCN041-03-01,2026-01-14T11:08:00,Airports,S05-MON01,cmd,16,Initial Access,Attack
A-05-SCN041-03-02,2026-01-14T11:11:00,Airports,S05-BKP01,powershell,30,Execution,Attack
A-05-SCN041-03-03,2026-01-14T11:16:00,Airports,S05-GW01,powershell,91,Discovery,Attack
A-05-SCN041-03-04,2026-01-14T11:21:00,Airports,S05-AUTH01,ssh,75,Lateral Movement,Attack
A-05-SCN041-03-05,2026-01-14T11:26:00,Airports,S05-MGMT01,unknown,429,Impact,Attack
A-05-SCN041-03-06,2026-01-14T11:31:00,Airports,S05-WS01,cmd,1563,Impact,Attack
A-05-SCN041-03-07,2026-01-14T11:36:00,Airports,S05-MON01,ssh,1307,Impact,Attack
A-05-SCN041-03-08,2026-01-14T11:40:00,Airports,S05-BKP01,powershell,1988,Impact,Attack
A-05-SCN041-03-09,2026-01-14T11:46:00,Airports,S05-GW01,powershell,1699,Impact,Attack
A-05-SCN041-04-00,2026-01-14T12:01:00,Airports,S05-DB01,cmd,73,Reconnaissance,Attack
A-05-SCN041-04-01,2026-01-14T12:06:00,Airports,S05-MON01,service-host,88,Initial Access,Attack
A-05-SCN041-04-02,2026-01-14T12:13:00,Airports,S05-WS01,wmic,72,Execution,Attack
A-05-SCN041-04-03,2026-01-14T12:17:00,Airports,S05-MGMT01,unknown,80,Discovery,Attack
A-05-SCN041-04-04,2026-01-14T12:21:00,Airports,S05-APP01,python,98,Lateral Movement,Attack
A-05-SCN041-04-05,2026-01-14T12:28:00,Airports,S05-CTRL01,unknown,200,Impact,Attack
A-05-SCN041-04-06,2026-01-14T12:33:00,Airports,S05-DB01,ssh,974,Impact,Attack
A-05-SCN041-04-07,2026-01-14T12:37:00,Airports,S05-MON01,ssh,492,Impact,Attack
A-05-SCN041-04-08,2026-01-14T12:42:00,Airports,S05-WS01,cmd,1609,Impact,Attack
A-05-SCN041-04-09,2026-01-14T12:47:00,Airports,S05-MGMT01,service-host,618,Impact,Attack
A-05-SCN042-01-00,2026-01-14T09:02:00,Airports,S05-BKP01,ssh,66,Reconnaissance,Attack
A-05-SCN042-01-01,2026-01-14T09:06:00,Airports,S05-VPN01,ssh,80,Initial Access,Attack
A-05-SCN042-01-02,2026-01-14T09:11:00,Airports,S05-WS01,wmic,33,Execution,Attack
A-05-SCN042-01-03,2026-01-14T09:15:00,Airports,S05-CTRL01,ssh,48,Discovery,Attack
A-05-SCN042-01-04,2026-01-14T09:23:00,Airports,S05-GW01,powershell,75,Lateral Movement,Attack
A-05-SCN042-01-05,2026-01-14T09:27:00,Airports,S05-MON01,ssh,483,Impact,Attack
A-05-SCN042-01-06,2026-01-14T09:32:00,Airports,S05-BKP01,python,64,Impact,Attack
A-05-SCN042-01-07,2026-01-14T09:36:00,Airports,S05-VPN01,service-host,394,Impact,Attack
A-05-SCN042-01-08,2026-01-14T09:41:00,Airports,S05-WS01,python,14,Impact,Attack
A-05-SCN042-01-09,2026-01-14T09:48:00,Airports,S05-CTRL01,curl,1636,Impact,Attack
A-05-SCN042-02-00,2026-01-14T10:01:00,Airports,S05-APP01,wmic,74,Reconnaissance,Attack
A-05-SCN042-02-01,2026-01-14T10:08:00,Airports,S05-WS01,ssh,16,Initial Access,Attack
A-05-SCN042-02-02,2026-01-14T10:12:00,Airports,S05-CTRL01,cmd,66,Execution,Attack
A-05-SCN042-02-03,2026-01-14T10:15:00,Airports,S05-MGMT01,python,88,Discovery,Attack
A-05-SCN042-02-04,2026-01-14T10:20:00,Airports,S05-BKP01,wmic,77,Lateral Movement,Attack
A-05-SCN042-02-05,2026-01-14T10:26:00,Airports,S05-DB01,wmic,746,Impact,Attack
A-05-SCN042-02-06,2026-01-14T10:32:00,Airports,S05-APP01,unknown,337,Impact,Attack
A-05-SCN042-02-07,2026-01-14T10:38:00,Airports,S05-WS01,curl,1749,Impact,Attack
A-05-SCN042-02-08,2026-01-14T10:41:00,Airports,S05-CTRL01,powershell,559,Impact,Attack
A-05-SCN042-02-09,2026-01-14T10:45:00,Airports,S05-MGMT01,curl,1042,Impact,Attack
A-05-SCN042-03-00,2026-01-14T11:00:00,Airports,S05-VPN01,wmic,83,Reconnaissance,Attack
A-05-SCN042-03-01,2026-01-14T11:07:00,Airports,S05-AUTH01,ssh,87,Initial Access,Attack
A-05-SCN042-03-02,2026-01-14T11:12:00,Airports,S05-WS01,unknown,94,Execution,Attack
A-05-SCN042-03-03,2026-01-14T11:18:00,Airports,S05-APP01,wmic,92,Discovery,Attack
A-05-SCN042-03-04,2026-01-14T11:20:00,Airports,S05-GW01,powershell,52,Lateral Movement,Attack
A-05-SCN042-03-05,2026-01-14T11:28:00,Airports,S05-CTRL01,powershell,1494,Impact,Attack
A-05-SCN042-03-06,2026-01-14T11:33:00,Airports,S05-VPN01,service-host,830,Impact,Attack
A-05-SCN042-03-07,2026-01-14T11:36:00,Airports,S05-AUTH01,unknown,1176,Impact,Attack
A-05-SCN042-03-08,2026-01-14T11:43:00,Airports,S05-WS01,service-host,1481,Impact,Attack
A-05-SCN042-03-09,2026-01-14T11:46:00,Airports,S05-APP01,wmic,1760,Impact,Attack
A-05-SCN042-04-00,2026-01-14T12:02:00,Airports,S05-MGMT01,powershell,33,Reconnaissance,Attack
A-05-SCN042-04-01,2026-01-14T12:05:00,Airports,S05-MON01,unknown,84,Initial Access,Attack
A-05-SCN042-04-02,2026-01-14T12:10:00,Airports,S05-DB01,wmic,12,Execution,Attack
A-05-SCN042-04-03,2026-01-14T12:16:00,Airports,S05-BKP01,cmd,25,Discovery,Attack
A-05-SCN042-04-04,2026-01-14T12:22:00,Airports,S05-VPN01,wmic,0,Lateral Movement,Attack
A-05-SCN042-04-05,2026-01-14T12:25:00,Airports,S05-APP01,python,1358,Impact,Attack
A-05-SCN042-04-06,2026-01-14T12:31:00,Airports,S05-MGMT01,ssh,592,Impact,Attack
A-05-SCN042-04-07,2026-01-14T12:38:00,Airports,S05-MON01,curl,983,Impact,Attack
A-05-SCN042-04-08,2026-01-14T12:43:00,Airports,S05-DB01,wmic,1774,Impact,Attack
A-05-SCN042-04-09,2026-01-14T12:45:00,Airports,S05-BKP01,unknown,1033,Impact,Attack
A-05-SCN043-01-00,2026-01-14T09:01:00,Airports,S05-WS01,wmic,9,Reconnaissance,Attack
A-05-SCN043-01-01,2026-01-14T09:05:00,Airports,S05-GW01,service-host,37,Initial Access,Attack
A-05-SCN043-01-02,2026-01-14T09:13:00,Airports,S05-MON01,ssh,72,Credential Access,Attack
A-05-SCN043-01-03,2026-01-14T09:16:00,Airports,S05-AUTH01,wmic,32,Discovery,Attack
A-05-SCN043-01-04,2026-01-14T09:22:00,Airports,S05-VPN01,wmic,48,Lateral Movement,Attack
A-05-SCN043-01-05,2026-01-14T09:25:00,Airports,S05-CTRL01,service-host,147,Collection,Attack
A-05-SCN043-01-06,2026-01-14T09:30:00,Airports,S05-WS01,python,1668,Collection,Attack
A-05-SCN043-01-07,2026-01-14T09:35:00,Airports,S05-GW01,unknown,685,Collection,Attack
A-05-SCN043-01-08,2026-01-14T09:41:00,Airports,S05-MON01,unknown,1251,Collection,Attack
A-05-SCN043-01-09,2026-01-14T09:47:00,Airports,S05-AUTH01,ssh,132,Collection,Attack
A-05-SCN043-02-00,2026-01-14T10:03:00,Airports,S05-MGMT01,python,14,Reconnaissance,Attack
A-05-SCN043-02-01,2026-01-14T10:08:00,Airports,S05-MON01,service-host,36,Initial Access,Attack
A-05-SCN043-02-02,2026-01-14T10:10:00,Airports,S05-GW01,curl,58,Credential Access,Attack
A-05-SCN043-02-03,2026-01-14T10:18:00,Airports,S05-BKP01,service-host,77,Discovery,Attack
A-05-SCN043-02-04,2026-01-14T10:20:00,Airports,S05-AUTH01,service-host,90,Lateral Movement,Attack
A-05-SCN043-02-05,2026-01-14T10:26:00,Airports,S05-APP01,curl,750,Collection,Attack
A-05-SCN043-02-06,2026-01-14T10:31:00,Airports,S05-MGMT01,wmic,1784,Collection,Attack
A-05-SCN043-02-07,2026-01-14T10:38:00,Airports,S05-MON01,python,112,Collection,Attack
A-05-SCN043-02-08,2026-01-14T10:42:00,Airports,S05-GW01,service-host,413,Collection,Attack
A-05-SCN043-02-09,2026-01-14T10:47:00,Airports,S05-BKP01,cmd,1772,Collection,Attack
A-05-SCN043-03-00,2026-01-14T11:03:00,Airports,S05-DB01,cmd,5,Reconnaissance,Attack
A-05-SCN043-03-01,2026-01-14T11:06:00,Airports,S05-APP01,unknown,32,Initial Access,Attack
A-05-SCN043-03-02,2026-01-14T11:13:00,Airports,S05-MGMT01,service-host,29,Credential Access,Attack
A-05-SCN043-03-03,2026-01-14T11:15:00,Airports,S05-GW01,powershell,27,Discovery,Attack
A-05-SCN043-03-04,2026-01-14T11:23:00,Airports,S05-MON01,curl,7,Lateral Movement,Attack
A-05-SCN043-03-05,2026-01-14T11:28:00,Airports,S05-CTRL01,powershell,1193,Collection,Attack
A-05-SCN043-03-06,2026-01-14T11:30:00,Airports,S05-DB01,python,1797,Collection,Attack
A-05-SCN043-03-07,2026-01-14T11:36:00,Airports,S05-APP01,wmic,581,Collection,Attack
A-05-SCN043-03-08,2026-01-14T11:43:00,Airports,S05-MGMT01,unknown,478,Collection,Attack
A-05-SCN043-03-09,2026-01-14T11:48:00,Airports,S05-GW01,unknown,505,Collection,Attack
A-05-SCN043-04-00,2026-01-14T12:03:00,Airports,S05-APP01,python,74,Reconnaissance,Attack
A-05-SCN043-04-01,2026-01-14T12:08:00,Airports,S05-BKP01,powershell,74,Initial Access,Attack
A-05-SCN043-04-02,2026-01-14T12:12:00,Airports,S05-WS01,ssh,14,Credential Access,Attack
A-05-SCN043-04-03,2026-01-14T12:18:00,Airports,S05-GW01,cmd,78,Discovery,Attack
A-05-SCN043-04-04,2026-01-14T12:22:00,Airports,S05-MGMT01,cmd,51,Lateral Movement,Attack
A-05-SCN043-04-05,2026-01-14T12:26:00,Airports,S05-VPN01,powershell,92,Collection,Attack
A-05-SCN043-04-06,2026-01-14T12:30:00,Airports,S05-APP01,service-host,1307,Collection,Attack
A-05-SCN043-04-07,2026-01-14T12:36:00,Airports,S05-BKP01,python,727,Collection,Attack
A-05-SCN043-04-08,2026-01-14T12:40:00,Airports,S05-WS01,python,1340,Collection,Attack
A-05-SCN043-04-09,2026-01-14T12:47:00,Airports,S05-GW01,curl,881,Collection,Attack
A-05-SCN044-01-00,2026-01-14T09:03:00,Airports,S05-BKP01,python,86,Reconnaissance,Attack
A-05-SCN044-01-01,2026-01-14T09:07:00,Airports,S05-MGMT01,python,69,Initial Access,Attack
A-05-SCN044-01-02,2026-01-14T09:12:00,Airports,S05-AUTH01,powershell,33,Execution,Attack
A-05-SCN044-01-03,2026-01-14T09:15:00,Airports,S05-WS01,python,31,Persistence,Attack
A-05-SCN044-01-04,2026-01-14T09:22:00,Airports,S05-VPN01,ssh,24,Privilege Escalation,Attack
A-05-SCN044-01-05,2026-01-14T09:26:00,Airports,S05-APP01,unknown,99,Discovery,Attack
A-05-SCN044-01-06,2026-01-14T09:32:00,Airports,S05-BKP01,python,77,Lateral Movement,Attack
A-05-SCN044-01-07,2026-01-14T09:38:00,Airports,S05-MGMT01,wmic,77,Command and Control,Attack
A-05-SCN044-01-08,2026-01-14T09:42:00,Airports,S05-AUTH01,service-host,44,Command and Control,Attack
A-05-SCN044-01-09,2026-01-14T09:46:00,Airports,S05-WS01,python,23,Command and Control,Attack
A-05-SCN044-02-00,2026-01-14T10:03:00,Airports,S05-GW01,powershell,87,Reconnaissance,Attack
A-05-SCN044-02-01,2026-01-14T10:07:00,Airports,S05-MON01,ssh,66,Initial Access,Attack
A-05-SCN044-02-02,2026-01-14T10:11:00,Airports,S05-AUTH01,cmd,62,Execution,Attack
A-05-SCN044-02-03,2026-01-14T10:15:00,Airports,S05-DB01,ssh,67,Persistence,Attack
A-05-SCN044-02-04,2026-01-14T10:22:00,Airports,S05-APP01,service-host,26,Privilege Escalation,Attack
A-05-SCN044-02-05,2026-01-14T10:25:00,Airports,S05-CTRL01,wmic,19,Discovery,Attack
A-05-SCN044-02-06,2026-01-14T10:31:00,Airports,S05-GW01,wmic,82,Lateral Movement,Attack
A-05-SCN044-02-07,2026-01-14T10:37:00,Airports,S05-MON01,service-host,34,Command and Control,Attack
A-05-SCN044-02-08,2026-01-14T10:40:00,Airports,S05-AUTH01,cmd,53,Command and Control,Attack
A-05-SCN044-02-09,2026-01-14T10:46:00,Airports,S05-DB01,wmic,70,Command and Control,Attack
A-05-SCN044-03-00,2026-01-14T11:03:00,Airports,S05-MON01,service-host,88,Reconnaissance,Attack
A-05-SCN044-03-01,2026-01-14T11:08:00,Airports,S05-GW01,wmic,77,Initial Access,Attack
A-05-SCN044-03-02,2026-01-14T11:11:00,Airports,S05-VPN01,cmd,4,Execution,Attack
A-05-SCN044-03-03,2026-01-14T11:16:00,Airports,S05-BKP01,ssh,60,Persistence,Attack
A-05-SCN044-03-04,2026-01-14T11:21:00,Airports,S05-MGMT01,wmic,6,Privilege Escalation,Attack
A-05-SCN044-03-05,2026-01-14T11:25:00,Airports,S05-DB01,powershell,38,Discovery,Attack
A-05-SCN044-03-06,2026-01-14T11:31:00,Airports,S05-MON01,unknown,33,Lateral Movement,Attack
A-05-SCN044-03-07,2026-01-14T11:35:00,Airports,S05-GW01,curl,88,Command and Control,Attack
A-05-SCN044-03-08,2026-01-14T11:43:00,Airports,S05-VPN01,service-host,44,Command and Control,Attack
A-05-SCN044-03-09,2026-01-14T11:45:00,Airports,S05-BKP01,powershell,30,Command and Control,Attack
A-05-SCN044-04-00,2026-01-14T12:00:00,Airports,S05-MGMT01,service-host,77,Reconnaissance,Attack
A-05-SCN044-04-01,2026-01-14T12:05:00,Airports,S05-VPN01,cmd,30,Initial Access,Attack
A-05-SCN044-04-02,2026-01-14T12:13:00,Airports,S05-BKP01,ssh,93,Execution,Attack
A-05-SCN044-04-03,2026-01-14T12:17:00,Airports,S05-DB01,powershell,18,Persistence,Attack
A-05-SCN044-04-04,2026-01-14T12:21:00,Airports,S05-AUTH01,cmd,22,Privilege Escalation,Attack
A-05-SCN044-04-05,2026-01-14T12:25:00,Airports,S05-APP01,python,4,Discovery,Attack
A-05-SCN044-04-06,2026-01-14T12:31:00,Airports,S05-MGMT01,service-host,63,Lateral Movement,Attack
A-05-SCN044-04-07,2026-01-14T12:37:00,Airports,S05-VPN01,python,97,Command and Control,Attack
A-05-SCN044-04-08,2026-01-14T12:42:00,Airports,S05-BKP01,python,8,Command and Control,Attack
A-05-SCN044-04-09,2026-01-14T12:46:00,Airports,S05-DB01,curl,29,Command and Control,Attack
A-05-SCN045-01-00,2026-01-14T09:03:00,Airports,S05-APP01,service-host,36,Reconnaissance,Attack
A-05-SCN045-01-01,2026-01-14T09:08:00,Airports,S05-BKP01,ssh,91,Initial Access,Attack
A-05-SCN045-01-02,2026-01-14T09:10:00,Airports,S05-MGMT01,service-host,62,Execution,Attack
A-05-SCN045-01-03,2026-01-14T09:17:00,Airports,S05-WS01,cmd,40,Persistence,Attack
A-05-SCN045-01-04,2026-01-14T09:23:00,Airports,S05-DB01,wmic,91,Privilege Escalation,Attack
A-05-SCN045-01-05,2026-01-14T09:28:00,Airports,S05-AUTH01,unknown,18,Discovery,Attack
A-05-SCN045-01-06,2026-01-14T09:31:00,Airports,S05-APP01,cmd,49,Lateral Movement,Attack
A-05-SCN045-01-07,2026-01-14T09:38:00,Airports,S05-BKP01,powershell,39,Command and Control,Attack
A-05-SCN045-01-08,2026-01-14T09:43:00,Airports,S05-MGMT01,powershell,55,Command and Control,Attack
A-05-SCN045-01-09,2026-01-14T09:47:00,Airports,S05-WS01,wmic,0,Command and Control,Attack
A-05-SCN045-02-00,2026-01-14T10:00:00,Airports,S05-MON01,service-host,58,Reconnaissance,Attack
A-05-SCN045-02-01,2026-01-14T10:07:00,Airports,S05-AUTH01,python,36,Initial Access,Attack
A-05-SCN045-02-02,2026-01-14T10:10:00,Airports,S05-BKP01,ssh,100,Execution,Attack
A-05-SCN045-02-03,2026-01-14T10:18:00,Airports,S05-VPN01,service-host,19,Persistence,Attack
A-05-SCN045-02-04,2026-01-14T10:20:00,Airports,S05-WS01,ssh,2,Privilege Escalation,Attack
A-05-SCN045-02-05,2026-01-14T10:27:00,Airports,S05-APP01,service-host,18,Discovery,Attack
A-05-SCN045-02-06,2026-01-14T10:32:00,Airports,S05-MON01,cmd,33,Lateral Movement,Attack
A-05-SCN045-02-07,2026-01-14T10:35:00,Airports,S05-AUTH01,curl,72,Command and Control,Attack
A-05-SCN045-02-08,2026-01-14T10:42:00,Airports,S05-BKP01,python,19,Command and Control,Attack
A-05-SCN045-02-09,2026-01-14T10:47:00,Airports,S05-VPN01,service-host,39,Command and Control,Attack
A-05-SCN045-03-00,2026-01-14T11:03:00,Airports,S05-AUTH01,python,30,Reconnaissance,Attack
A-05-SCN045-03-01,2026-01-14T11:05:00,Airports,S05-MGMT01,curl,39,Initial Access,Attack
A-05-SCN045-03-02,2026-01-14T11:11:00,Airports,S05-VPN01,cmd,86,Execution,Attack
A-05-SCN045-03-03,2026-01-14T11:15:00,Airports,S05-MON01,cmd,13,Persistence,Attack
A-05-SCN045-03-04,2026-01-14T11:23:00,Airports,S05-APP01,service-host,46,Privilege Escalation,Attack
A-05-SCN045-03-05,2026-01-14T11:26:00,Airports,S05-WS01,service-host,57,Discovery,Attack
A-05-SCN045-03-06,2026-01-14T11:33:00,Airports,S05-AUTH01,unknown,80,Lateral Movement,Attack
A-05-SCN045-03-07,2026-01-14T11:37:00,Airports,S05-MGMT01,cmd,94,Command and Control,Attack
A-05-SCN045-03-08,2026-01-14T11:40:00,Airports,S05-VPN01,service-host,83,Command and Control,Attack
A-05-SCN045-03-09,2026-01-14T11:47:00,Airports,S05-MON01,cmd,7,Command and Control,Attack
A-05-SCN045-04-00,2026-01-14T12:03:00,Airports,S05-DB01,service-host,54,Reconnaissance,Attack
A-05-SCN045-04-01,2026-01-14T12:06:00,Airports,S05-AUTH01,service-host,42,Initial Access,Attack
A-05-SCN045-04-02,2026-01-14T12:13:00,Airports,S05-BKP01,ssh,93,Execution,Attack
A-05-SCN045-04-03,2026-01-14T12:16:00,Airports,S05-CTRL01,unknown,19,Persistence,Attack
A-05-SCN045-04-04,2026-01-14T12:23:00,Airports,S05-WS01,wmic,25,Privilege Escalation,Attack
A-05-SCN045-04-05,2026-01-14T12:25:00,Airports,S05-MGMT01,wmic,6,Discovery,Attack
A-05-SCN045-04-06,2026-01-14T12:31:00,Airports,S05-DB01,service-host,35,Lateral Movement,Attack
A-05-SCN045-04-07,2026-01-14T12:35:00,Airports,S05-AUTH01,powershell,57,Command and Control,Attack
A-05-SCN045-04-08,2026-01-14T12:43:00,Airports,S05-BKP01,ssh,73,Command and Control,Attack
A-05-SCN045-04-09,2026-01-14T12:46:00,Airports,S05-CTRL01,service-host,84,Command and Control,Attack
A-05-SCN046-01-00,2026-01-14T09:02:00,Airports,S05-DB01,curl,6,Reconnaissance,Attack
A-05-SCN046-01-01,2026-01-14T09:08:00,Airports,S05-WS01,unknown,60,Discovery,Attack
A-05-SCN046-01-02,2026-01-14T09:12:00,Airports,S05-APP01,powershell,90,Initial Access,Attack
A-05-SCN046-01-03,2026-01-14T09:15:00,Airports,S05-GW01,python,59,Execution,Attack
A-05-SCN046-01-04,2026-01-14T09:23:00,Airports,S05-MON01,wmic,69,Execution,Attack
A-05-SCN046-01-05,2026-01-14T09:25:00,Airports,S05-AUTH01,curl,97,Execution,Attack
A-05-SCN046-01-06,2026-01-14T09:32:00,Airports,S05-DB01,ssh,38,Execution,Attack
A-05-SCN046-01-07,2026-01-14T09:35:00,Airports,S05-WS01,unknown,63,Execution,Attack
A-05-SCN046-01-08,2026-01-14T09:43:00,Airports,S05-APP01,service-host,17,Execution,Attack
A-05-SCN046-01-09,2026-01-14T09:46:00,Airports,S05-GW01,wmic,17,Execution,Attack
A-05-SCN046-02-00,2026-01-14T10:03:00,Airports,S05-MGMT01,ssh,30,Reconnaissance,Attack
A-05-SCN046-02-01,2026-01-14T10:07:00,Airports,S05-BKP01,unknown,18,Discovery,Attack
A-05-SCN046-02-02,2026-01-14T10:10:00,Airports,S05-VPN01,ssh,28,Initial Access,Attack
A-05-SCN046-02-03,2026-01-14T10:16:00,Airports,S05-CTRL01,service-host,46,Execution,Attack
A-05-SCN046-02-04,2026-01-14T10:21:00,Airports,S05-AUTH01,cmd,78,Execution,Attack
A-05-SCN046-02-05,2026-01-14T10:25:00,Airports,S05-GW01,unknown,25,Execution,Attack
A-05-SCN046-02-06,2026-01-14T10:30:00,Airports,S05-MGMT01,ssh,84,Execution,Attack
A-05-SCN046-02-07,2026-01-14T10:38:00,Airports,S05-BKP01,cmd,59,Execution,Attack
A-05-SCN046-02-08,2026-01-14T10:40:00,Airports,S05-VPN01,python,50,Execution,Attack
A-05-SCN046-02-09,2026-01-14T10:46:00,Airports,S05-CTRL01,wmic,53,Execution,Attack
A-05-SCN046-03-00,2026-01-14T11:02:00,Airports,S05-VPN01,python,63,Reconnaissance,Attack
A-05-SCN046-03-01,2026-01-14T11:07:00,Airports,S05-CTRL01,service-host,0,Discovery,Attack
A-05-SCN046-03-02,2026-01-14T11:12:00,Airports,S05-BKP01,python,14,Initial Access,Attack
A-05-SCN046-03-03,2026-01-14T11:16:00,Airports,S05-GW01,service-host,68,Execution,Attack
A-05-SCN046-03-04,2026-01-14T11:20:00,Airports,S05-AUTH01,python,15,Execution,Attack
A-05-SCN046-03-05,2026-01-14T11:28:00,Airports,S05-MGMT01,powershell,90,Execution,Attack
A-05-SCN046-03-06,2026-01-14T11:30:00,Airports,S05-VPN01,service-host,41,Execution,Attack
A-05-SCN046-03-07,2026-01-14T11:38:00,Airports,S05-CTRL01,curl,54,Execution,Attack
A-05-SCN046-03-08,2026-01-14T11:42:00,Airports,S05-BKP01,cmd,88,Execution,Attack
A-05-SCN046-03-09,2026-01-14T11:46:00,Airports,S05-GW01,wmic,54,Execution,Attack
A-05-SCN046-04-00,2026-01-14T12:03:00,Airports,S05-MON01,service-host,87,Reconnaissance,Attack
A-05-SCN046-04-01,2026-01-14T12:05:00,Airports,S05-APP01,cmd,84,Discovery,Attack
A-05-SCN046-04-02,2026-01-14T12:10:00,Airports,S05-BKP01,curl,90,Initial Access,Attack
A-05-SCN046-04-03,2026-01-14T12:18:00,Airports,S05-VPN01,ssh,5,Execution,Attack
A-05-SCN046-04-04,2026-01-14T12:23:00,Airports,S05-MGMT01,cmd,78,Execution,Attack
A-05-SCN046-04-05,2026-01-14T12:25:00,Airports,S05-AUTH01,python,10,Execution,Attack
A-05-SCN046-04-06,2026-01-14T12:33:00,Airports,S05-MON01,cmd,7,Execution,Attack
A-05-SCN046-04-07,2026-01-14T12:35:00,Airports,S05-APP01,ssh,0,Execution,Attack
A-05-SCN046-04-08,2026-01-14T12:41:00,Airports,S05-BKP01,ssh,3,Execution,Attack
A-05-SCN046-04-09,2026-01-14T12:48:00,Airports,S05-VPN01,curl,24,Execution,Attack
A-05-SCN047-01-00,2026-01-14T09:01:00,Airports,S05-DB01,curl,9,Reconnaissance,Attack
A-05-SCN047-01-01,2026-01-14T09:07:00,Airports,S05-MON01,powershell,77,Initial Access,Attack
A-05-SCN047-01-02,2026-01-14T09:12:00,Airports,S05-WS01,wmic,74,Execution,Attack
A-05-SCN047-01-03,2026-01-14T09:16:00,Airports,S05-BKP01,unknown,25,Persistence,Attack
A-05-SCN047-01-04,2026-01-14T09:21:00,Airports,S05-AUTH01,service-host,86,Privilege Escalation,Attack
A-05-SCN047-01-05,2026-01-14T09:27:00,Airports,S05-GW01,unknown,90,Discovery,Attack
A-05-SCN047-01-06,2026-01-14T09:32:00,Airports,S05-DB01,python,66,Lateral Movement,Attack
A-05-SCN047-01-07,2026-01-14T09:37:00,Airports,S05-MON01,ssh,16,Command and Control,Attack
A-05-SCN047-01-08,2026-01-14T09:42:00,Airports,S05-WS01,cmd,5,Command and Control,Attack
A-05-SCN047-01-09,2026-01-14T09:46:00,Airports,S05-BKP01,powershell,61,Command and Control,Attack
A-05-SCN047-02-00,2026-01-14T10:03:00,Airports,S05-APP01,powershell,16,Reconnaissance,Attack
A-05-SCN047-02-01,2026-01-14T10:07:00,Airports,S05-WS01,wmic,13,Initial Access,Attack
A-05-SCN047-02-02,2026-01-14T10:11:00,Airports,S05-MON01,wmic,75,Execution,Attack
A-05-SCN047-02-03,2026-01-14T10:18:00,Airports,S05-DB01,unknown,49,Persistence,Attack
A-05-SCN047-02-04,2026-01-14T10:21:00,Airports,S05-VPN01,curl,9,Privilege Escalation,Attack
A-05-SCN047-02-05,2026-01-14T10:28:00,Airports,S05-GW01,wmic,65,Discovery,Attack
A-05-SCN047-02-06,2026-01-14T10:31:00,Airports,S05-APP01,python,5,Lateral Movement,Attack
A-05-SCN047-02-07,2026-01-14T10:38:00,Airports,S05-WS01,curl,52,Command and Control,Attack
A-05-SCN047-02-08,2026-01-14T10:41:00,Airports,S05-MON01,cmd,13,Command and Control,Attack
A-05-SCN047-02-09,2026-01-14T10:45:00,Airports,S05-DB01,curl,88,Command and Control,Attack
A-05-SCN047-03-00,2026-01-14T11:03:00,Airports,S05-AUTH01,python,100,Reconnaissance,Attack
A-05-SCN047-03-01,2026-01-14T11:07:00,Airports,S05-APP01,cmd,96,Initial Access,Attack
A-05-SCN047-03-02,2026-01-14T11:13:00,Airports,S05-MGMT01,unknown,43,Execution,Attack
A-05-SCN047-03-03,2026-01-14T11:17:00,Airports,S05-CTRL01,service-host,24,Persistence,Attack
A-05-SCN047-03-04,2026-01-14T11:23:00,Airports,S05-GW01,ssh,60,Privilege Escalation,Attack
A-05-SCN047-03-05,2026-01-14T11:26:00,Airports,S05-VPN01,wmic,67,Discovery,Attack
A-05-SCN047-03-06,2026-01-14T11:30:00,Airports,S05-AUTH01,powershell,50,Lateral Movement,Attack
A-05-SCN047-03-07,2026-01-14T11:36:00,Airports,S05-APP01,python,55,Command and Control,Attack
A-05-SCN047-03-08,2026-01-14T11:43:00,Airports,S05-MGMT01,ssh,95,Command and Control,Attack
A-05-SCN047-03-09,2026-01-14T11:46:00,Airports,S05-CTRL01,wmic,82,Command and Control,Attack
A-05-SCN047-04-00,2026-01-14T12:01:00,Airports,S05-APP01,powershell,98,Reconnaissance,Attack
A-05-SCN047-04-01,2026-01-14T12:06:00,Airports,S05-VPN01,curl,9,Initial Access,Attack
A-05-SCN047-04-02,2026-01-14T12:13:00,Airports,S05-WS01,python,81,Execution,Attack
A-05-SCN047-04-03,2026-01-14T12:15:00,Airports,S05-DB01,curl,29,Persistence,Attack
A-05-SCN047-04-04,2026-01-14T12:22:00,Airports,S05-MGMT01,python,90,Privilege Escalation,Attack
A-05-SCN047-04-05,2026-01-14T12:28:00,Airports,S05-CTRL01,wmic,89,Discovery,Attack
A-05-SCN047-04-06,2026-01-14T12:33:00,Airports,S05-APP01,service-host,75,Lateral Movement,Attack
A-05-SCN047-04-07,2026-01-14T12:37:00,Airports,S05-VPN01,ssh,88,Command and Control,Attack
A-05-SCN047-04-08,2026-01-14T12:42:00,Airports,S05-WS01,cmd,28,Command and Control,Attack
A-05-SCN047-04-09,2026-01-14T12:47:00,Airports,S05-DB01,curl,71,Command and Control,Attack
A-05-SCN048-01-00,2026-01-14T09:00:00,Airports,S05-BKP01,service-host,68,Reconnaissance,Attack
A-05-SCN048-01-01,2026-01-14T09:08:00,Airports,S05-GW01,python,62,Initial Access,Attack
A-05-SCN048-01-02,2026-01-14T09:10:00,Airports,S05-VPN01,unknown,74,Credential Access,Attack
A-05-SCN048-01-03,2026-01-14T09:16:00,Airports,S05-AUTH01,unknown,89,Discovery,Attack
A-05-SCN048-01-04,2026-01-14T09:20:00,Airports,S05-MGMT01,service-host,1087,Collection,Attack
A-05-SCN048-01-05,2026-01-14T09:26:00,Airports,S05-CTRL01,unknown,24,Exfiltration,Attack
A-05-SCN048-01-06,2026-01-14T09:33:00,Airports,S05-BKP01,python,5,Exfiltration,Attack
A-05-SCN048-01-07,2026-01-14T09:35:00,Airports,S05-GW01,ssh,15,Exfiltration,Attack
A-05-SCN048-01-08,2026-01-14T09:40:00,Airports,S05-VPN01,wmic,8,Exfiltration,Attack
A-05-SCN048-01-09,2026-01-14T09:48:00,Airports,S05-AUTH01,powershell,16,Exfiltration,Attack
A-05-SCN048-02-00,2026-01-14T10:01:00,Airports,S05-BKP01,unknown,96,Reconnaissance,Attack
A-05-SCN048-02-01,2026-01-14T10:05:00,Airports,S05-GW01,unknown,48,Initial Access,Attack
A-05-SCN048-02-02,2026-01-14T10:10:00,Airports,S05-AUTH01,service-host,12,Credential Access,Attack
A-05-SCN048-02-03,2026-01-14T10:18:00,Airports,S05-VPN01,powershell,32,Discovery,Attack
A-05-SCN048-02-04,2026-01-14T10:23:00,Airports,S05-WS01,service-host,334,Collection,Attack
A-05-SCN048-02-05,2026-01-14T10:27:00,Airports,S05-CTRL01,service-host,90,Exfiltration,Attack
A-05-SCN048-02-06,2026-01-14T10:31:00,Airports,S05-BKP01,cmd,88,Exfiltration,Attack
A-05-SCN048-02-07,2026-01-14T10:35:00,Airports,S05-GW01,ssh,35,Exfiltration,Attack
A-05-SCN048-02-08,2026-01-14T10:41:00,Airports,S05-AUTH01,python,38,Exfiltration,Attack
A-05-SCN048-02-09,2026-01-14T10:48:00,Airports,S05-VPN01,unknown,5,Exfiltration,Attack
A-05-SCN048-03-00,2026-01-14T11:03:00,Airports,S05-MON01,cmd,12,Reconnaissance,Attack
A-05-SCN048-03-01,2026-01-14T11:07:00,Airports,S05-MGMT01,ssh,85,Initial Access,Attack
A-05-SCN048-03-02,2026-01-14T11:12:00,Airports,S05-BKP01,wmic,0,Credential Access,Attack
A-05-SCN048-03-03,2026-01-14T11:18:00,Airports,S05-DB01,ssh,92,Discovery,Attack
A-05-SCN048-03-04,2026-01-14T11:21:00,Airports,S05-AUTH01,wmic,1315,Collection,Attack
A-05-SCN048-03-05,2026-01-14T11:27:00,Airports,S05-CTRL01,cmd,34,Exfiltration,Attack
A-05-SCN048-03-06,2026-01-14T11:30:00,Airports,S05-MON01,cmd,4,Exfiltration,Attack
A-05-SCN048-03-07,2026-01-14T11:35:00,Airports,S05-MGMT01,curl,68,Exfiltration,Attack
A-05-SCN048-03-08,2026-01-14T11:40:00,Airports,S05-BKP01,python,36,Exfiltration,Attack
A-05-SCN048-03-09,2026-01-14T11:46:00,Airports,S05-DB01,cmd,5,Exfiltration,Attack
A-05-SCN048-04-00,2026-01-14T12:01:00,Airports,S05-GW01,unknown,99,Reconnaissance,Attack
A-05-SCN048-04-01,2026-01-14T12:08:00,Airports,S05-VPN01,cmd,48,Initial Access,Attack
A-05-SCN048-04-02,2026-01-14T12:12:00,Airports,S05-MON01,powershell,45,Credential Access,Attack
A-05-SCN048-04-03,2026-01-14T12:16:00,Airports,S05-APP01,service-host,51,Discovery,Attack
A-05-SCN048-04-04,2026-01-14T12:21:00,Airports,S05-MGMT01,python,1094,Collection,Attack
A-05-SCN048-04-05,2026-01-14T12:25:00,Airports,S05-BKP01,wmic,68,Exfiltration,Attack
A-05-SCN048-04-06,2026-01-14T12:33:00,Airports,S05-GW01,service-host,42,Exfiltration,Attack
A-05-SCN048-04-07,2026-01-14T12:36:00,Airports,S05-VPN01,powershell,71,Exfiltration,Attack
A-05-SCN048-04-08,2026-01-14T12:42:00,Airports,S05-MON01,unknown,47,Exfiltration,Attack
A-05-SCN048-04-09,2026-01-14T12:48:00,Airports,S05-APP01,python,69,Exfiltration,Attack
A-05-SCN049-01-00,2026-01-14T09:02:00,Airports,S05-WS01,python,4,Reconnaissance,Attack
A-05-SCN049-01-01,2026-01-14T09:07:00,Airports,S05-DB01,wmic,50,Initial Access,Attack
A-05-SCN049-01-02,2026-01-14T09:12:00,Airports,S05-MGMT01,service-host,75,Execution,Attack
A-05-SCN049-01-03,2026-01-14T09:16:00,Airports,S05-VPN01,service-host,59,Persistence,Attack
A-05-SCN049-01-04,2026-01-14T09:22:00,Airports,S05-CTRL01,curl,33,Privilege Escalation,Attack
A-05-SCN049-01-05,2026-01-14T09:27:00,Airports,S05-MON01,service-host,2,Discovery,Attack
A-05-SCN049-01-06,2026-01-14T09:32:00,Airports,S05-WS01,python,88,Lateral Movement,Attack
A-05-SCN049-01-07,2026-01-14T09:37:00,Airports,S05-DB01,curl,21,Command and Control,Attack
A-05-SCN049-01-08,2026-01-14T09:41:00,Airports,S05-MGMT01,service-host,46,Command and Control,Attack
A-05-SCN049-01-09,2026-01-14T09:48:00,Airports,S05-VPN01,wmic,90,Command and Control,Attack
A-05-SCN049-02-00,2026-01-14T10:00:00,Airports,S05-GW01,powershell,61,Reconnaissance,Attack
A-05-SCN049-02-01,2026-01-14T10:07:00,Airports,S05-AUTH01,unknown,98,Initial Access,Attack
A-05-SCN049-02-02,2026-01-14T10:10:00,Airports,S05-WS01,service-host,68,Execution,Attack
A-05-SCN049-02-03,2026-01-14T10:17:00,Airports,S05-APP01,curl,25,Persistence,Attack
A-05-SCN049-02-04,2026-01-14T10:22:00,Airports,S05-CTRL01,ssh,95,Privilege Escalation,Attack
A-05-SCN049-02-05,2026-01-14T10:27:00,Airports,S05-MGMT01,cmd,49,Discovery,Attack
A-05-SCN049-02-06,2026-01-14T10:30:00,Airports,S05-GW01,curl,66,Lateral Movement,Attack
A-05-SCN049-02-07,2026-01-14T10:36:00,Airports,S05-AUTH01,service-host,69,Command and Control,Attack
A-05-SCN049-02-08,2026-01-14T10:40:00,Airports,S05-WS01,wmic,24,Command and Control,Attack
A-05-SCN049-02-09,2026-01-14T10:48:00,Airports,S05-APP01,service-host,8,Command and Control,Attack
A-05-SCN049-03-00,2026-01-14T11:01:00,Airports,S05-APP01,cmd,67,Reconnaissance,Attack
A-05-SCN049-03-01,2026-01-14T11:06:00,Airports,S05-BKP01,curl,7,Initial Access,Attack
A-05-SCN049-03-02,2026-01-14T11:10:00,Airports,S05-CTRL01,unknown,82,Execution,Attack
A-05-SCN049-03-03,2026-01-14T11:15:00,Airports,S05-DB01,unknown,1,Persistence,Attack
A-05-SCN049-03-04,2026-01-14T11:21:00,Airports,S05-AUTH01,wmic,29,Privilege Escalation,Attack
A-05-SCN049-03-05,2026-01-14T11:25:00,Airports,S05-GW01,cmd,94,Discovery,Attack
A-05-SCN049-03-06,2026-01-14T11:30:00,Airports,S05-APP01,powershell,68,Lateral Movement,Attack
A-05-SCN049-03-07,2026-01-14T11:38:00,Airports,S05-BKP01,wmic,87,Command and Control,Attack
A-05-SCN049-03-08,2026-01-14T11:40:00,Airports,S05-CTRL01,wmic,11,Command and Control,Attack
A-05-SCN049-03-09,2026-01-14T11:47:00,Airports,S05-DB01,curl,15,Command and Control,Attack
A-05-SCN049-04-00,2026-01-14T12:00:00,Airports,S05-BKP01,cmd,58,Reconnaissance,Attack
A-05-SCN049-04-01,2026-01-14T12:08:00,Airports,S05-DB01,python,55,Initial Access,Attack
A-05-SCN049-04-02,2026-01-14T12:13:00,Airports,S05-GW01,cmd,73,Execution,Attack
A-05-SCN049-04-03,2026-01-14T12:15:00,Airports,S05-CTRL01,powershell,61,Persistence,Attack
A-05-SCN049-04-04,2026-01-14T12:20:00,Airports,S05-VPN01,service-host,23,Privilege Escalation,Attack
A-05-SCN049-04-05,2026-01-14T12:28:00,Airports,S05-MGMT01,cmd,23,Discovery,Attack
A-05-SCN049-04-06,2026-01-14T12:31:00,Airports,S05-BKP01,unknown,15,Lateral Movement,Attack
A-05-SCN049-04-07,2026-01-14T12:38:00,Airports,S05-DB01,cmd,14,Command and Control,Attack
A-05-SCN049-04-08,2026-01-14T12:40:00,Airports,S05-GW01,unknown,91,Command and Control,Attack
A-05-SCN049-04-09,2026-01-14T12:48:00,Airports,S05-CTRL01,wmic,25,Command and Control,Attack
A-05-SCN050-01-00,2026-01-14T09:00:00,Airports,S05-GW01,cmd,79,Reconnaissance,Attack
A-05-SCN050-01-01,2026-01-14T09:06:00,Airports,S05-MON01,service-host,58,Initial Access,Attack
A-05-SCN050-01-02,2026-01-14T09:11:00,Airports,S05-VPN01,curl,12,Execution,Attack
A-05-SCN050-01-03,2026-01-14T09:18:00,Airports,S05-MGMT01,wmic,7,Persistence,Attack
A-05-SCN050-01-04,2026-01-14T09:23:00,Airports,S05-BKP01,powershell,16,Privilege Escalation,Attack
A-05-SCN050-01-05,2026-01-14T09:25:00,Airports,S05-DB01,service-host,77,Discovery,Attack
A-05-SCN050-01-06,2026-01-14T09:30:00,Airports,S05-GW01,curl,19,Lateral Movement,Attack
A-05-SCN050-01-07,2026-01-14T09:35:00,Airports,S05-MON01,ssh,54,Command and Control,Attack
A-05-SCN050-01-08,2026-01-14T09:42:00,Airports,S05-VPN01,service-host,10,Command and Control,Attack
A-05-SCN050-01-09,2026-01-14T09:48:00,Airports,S05-MGMT01,wmic,45,Command and Control,Attack
A-05-SCN050-02-00,2026-01-14T10:00:00,Airports,S05-CTRL01,unknown,11,Reconnaissance,Attack
A-05-SCN050-02-01,2026-01-14T10:05:00,Airports,S05-MGMT01,wmic,21,Initial Access,Attack
A-05-SCN050-02-02,2026-01-14T10:12:00,Airports,S05-GW01,powershell,96,Execution,Attack
A-05-SCN050-02-03,2026-01-14T10:15:00,Airports,S05-AUTH01,cmd,84,Persistence,Attack
A-05-SCN050-02-04,2026-01-14T10:23:00,Airports,S05-MON01,service-host,71,Privilege Escalation,Attack
A-05-SCN050-02-05,2026-01-14T10:27:00,Airports,S05-WS01,cmd,79,Discovery,Attack
A-05-SCN050-02-06,2026-01-14T10:30:00,Airports,S05-CTRL01,unknown,54,Lateral Movement,Attack
A-05-SCN050-02-07,2026-01-14T10:37:00,Airports,S05-MGMT01,wmic,33,Command and Control,Attack
A-05-SCN050-02-08,2026-01-14T10:41:00,Airports,S05-GW01,unknown,86,Command and Control,Attack
A-05-SCN050-02-09,2026-01-14T10:47:00,Airports,S05-AUTH01,cmd,14,Command and Control,Attack
A-05-SCN050-03-00,2026-01-14T11:03:00,Airports,S05-BKP01,service-host,45,Reconnaissance,Attack
A-05-SCN050-03-01,2026-01-14T11:08:00,Airports,S05-VPN01,powershell,99,Initial Access,Attack
A-05-SCN050-03-02,2026-01-14T11:12:00,Airports,S05-CTRL01,unknown,8,Execution,Attack
A-05-SCN050-03-03,2026-01-14T11:18:00,Airports,S05-APP01,service-host,15,Persistence,Attack
A-05-SCN050-03-04,2026-01-14T11:23:00,Airports,S05-MGMT01,unknown,57,Privilege Escalation,Attack
A-05-SCN050-03-05,2026-01-14T11:27:00,Airports,S05-DB01,wmic,0,Discovery,Attack
A-05-SCN050-03-06,2026-01-14T11:31:00,Airports,S05-BKP01,powershell,41,Lateral Movement,Attack
A-05-SCN050-03-07,2026-01-14T11:37:00,Airports,S05-VPN01,ssh,18,Command and Control,Attack
A-05-SCN050-03-08,2026-01-14T11:42:00,Airports,S05-CTRL01,cmd,72,Command and Control,Attack
A-05-SCN050-03-09,2026-01-14T11:46:00,Airports,S05-APP01,cmd,38,Command and Control,Attack
A-05-SCN050-04-00,2026-01-14T12:03:00,Airports,S05-BKP01,curl,0,Reconnaissance,Attack
A-05-SCN050-04-01,2026-01-14T12:08:00,Airports,S05-MON01,curl,89,Initial Access,Attack
A-05-SCN050-04-02,2026-01-14T12:10:00,Airports,S05-CTRL01,cmd,20,Execution,Attack
A-05-SCN050-04-03,2026-01-14T12:18:00,Airports,S05-GW01,ssh,43,Persistence,Attack
A-05-SCN050-04-04,2026-01-14T12:23:00,Airports,S05-DB01,service-host,87,Privilege Escalation,Attack
A-05-SCN050-04-05,2026-01-14T12:26:00,Airports,S05-AUTH01,curl,55,Discovery,Attack
A-05-SCN050-04-06,2026-01-14T12:30:00,Airports,S05-BKP01,cmd,29,Lateral Movement,Attack
A-05-SCN050-04-07,2026-01-14T12:35:00,Airports,S05-MON01,powershell,95,Command and Control,Attack
A-05-SCN050-04-08,2026-01-14T12:41:00,Airports,S05-CTRL01,unknown,7,Command and Control,Attack
A-05-SCN050-04-09,2026-01-14T12:46:00,Airports,S05-GW01,python,81,Command and Control,Attack
N-06-00000,2026-01-05T13:55:44,Defence Networks,S06-MON01,java,13,Normal,Normal
N-06-00001,2026-01-04T21:45:06,Defence Networks,S06-GW01,svchost,2,Normal,Normal
N-06-00002,2026-01-06T06:05:10,Defence Networks,S06-VPN01,svchost,14,Normal,Normal
N-06-00003,2026-01-03T18:51:19,Defence Networks,S06-MGMT01,svchost,5,Normal,Normal
N-06-00004,2026-01-07T16:02:48,Defence Networks,S06-APP01,python,11,Normal,Normal
N-06-00005,2026-01-02T21:29:39,Defence Networks,S06-MON01,svchost,6,Normal,Normal
N-06-00006,2026-01-04T23:50:22,Defence Networks,S06-MGMT01,python,0,Normal,Normal
N-06-00007,2026-01-10T18:00:39,Defence Networks,S06-GW01,nginx,1,Normal,Normal
N-06-00008,2026-01-19T14:57:54,Defence Networks,S06-WS01,python,0,Normal,Normal
N-06-00009,2026-01-08T05:57:35,Defence Networks,S06-CTRL01,nginx,17,Normal,Normal
N-06-00010,2026-01-15T01:34:30,Defence Networks,S06-BKP01,powershell,18,Normal,Normal
N-06-00011,2026-01-07T01:20:19,Defence Networks,S06-WS01,java,0,Normal,Normal
N-06-00012,2026-01-13T10:56:55,Defence Networks,S06-GW01,java,8,Normal,Normal
N-06-00013,2026-01-17T07:21:09,Defence Networks,S06-VPN01,powershell,17,Normal,Normal
N-06-00014,2026-01-20T17:16:17,Defence Networks,S06-CTRL01,powershell,10,Normal,Normal
N-06-00015,2026-01-05T01:22:12,Defence Networks,S06-GW01,svchost,11,Normal,Normal
N-06-00016,2026-01-15T08:12:46,Defence Networks,S06-CTRL01,python,1,Normal,Normal
N-06-00017,2026-01-14T16:05:52,Defence Networks,S06-BKP01,svchost,17,Normal,Normal
N-06-00018,2026-01-04T09:33:47,Defence Networks,S06-WS01,svchost,20,Normal,Normal
N-06-00019,2026-01-17T03:36:10,Defence Networks,S06-VPN01,python,18,Normal,Normal
N-06-00020,2026-01-14T18:39:01,Defence Networks,S06-VPN01,python,11,Normal,Normal
N-06-00021,2026-01-08T02:09:50,Defence Networks,S06-MGMT01,svchost,9,Normal,Normal
N-06-00022,2026-01-15T06:55:06,Defence Networks,S06-AUTH01,python,8,Normal,Normal
N-06-00023,2026-01-19T22:35:21,Defence Networks,S06-DB01,java,14,Normal,Normal
N-06-00024,2026-01-19T21:24:32,Defence Networks,S06-MON01,python,16,Normal,Normal
N-06-00025,2026-01-07T22:59:21,Defence Networks,S06-DB01,powershell,18,Normal,Normal
N-06-00026,2026-01-02T10:33:27,Defence Networks,S06-DB01,java,6,Normal,Normal
N-06-00027,2026-01-08T18:04:58,Defence Networks,S06-DB01,python,6,Normal,Normal
N-06-00028,2026-01-19T09:25:12,Defence Networks,S06-APP01,python,9,Normal,Normal
N-06-00029,2026-01-13T14:58:56,Defence Networks,S06-MON01,svchost,5,Normal,Normal
N-06-00030,2026-01-01T23:40:37,Defence Networks,S06-AUTH01,java,16,Normal,Normal
N-06-00031,2026-01-19T10:25:25,Defence Networks,S06-CTRL01,svchost,17,Normal,Normal
N-06-00032,2026-01-04T22:21:44,Defence Networks,S06-WS01,java,13,Normal,Normal
N-06-00033,2026-01-08T20:51:41,Defence Networks,S06-WS01,nginx,15,Normal,Normal
N-06-00034,2026-01-04T18:37:52,Defence Networks,S06-AUTH01,python,16,Normal,Normal
N-06-00035,2026-01-18T06:33:48,Defence Networks,S06-WS01,svchost,5,Normal,Normal
N-06-00036,2026-01-04T06:48:57,Defence Networks,S06-WS01,java,9,Normal,Normal
N-06-00037,2026-01-17T16:46:55,Defence Networks,S06-WS01,svchost,9,Normal,Normal
N-06-00038,2026-01-10T10:12:33,Defence Networks,S06-VPN01,svchost,20,Normal,Normal
N-06-00039,2026-01-08T21:56:09,Defence Networks,S06-MGMT01,svchost,6,Normal,Normal
N-06-00040,2026-01-14T23:13:04,Defence Networks,S06-DB01,nginx,15,Normal,Normal
N-06-00041,2026-01-18T09:23:58,Defence Networks,S06-CTRL01,powershell,13,Normal,Normal
N-06-00042,2026-01-17T05:17:14,Defence Networks,S06-MON01,nginx,12,Normal,Normal
N-06-00043,2026-01-16T02:45:59,Defence Networks,S06-DB01,java,3,Normal,Normal
N-06-00044,2026-01-11T08:50:09,Defence Networks,S06-APP01,java,16,Normal,Normal
N-06-00045,2026-01-11T16:53:34,Defence Networks,S06-APP01,java,4,Normal,Normal
N-06-00046,2026-01-05T03:00:50,Defence Networks,S06-MGMT01,nginx,15,Normal,Normal
N-06-00047,2026-01-02T09:41:59,Defence Networks,S06-DB01,nginx,10,Normal,Normal
N-06-00048,2026-01-11T22:59:24,Defence Networks,S06-BKP01,svchost,18,Normal,Normal
N-06-00049,2026-01-19T01:07:41,Defence Networks,S06-MGMT01,nginx,1,Normal,Normal
N-06-00050,2026-01-04T23:35:32,Defence Networks,S06-CTRL01,nginx,15,Normal,Normal
N-06-00051,2026-01-03T14:48:37,Defence Networks,S06-MGMT01,powershell,16,Normal,Normal
N-06-00052,2026-01-14T12:27:36,Defence Networks,S06-APP01,nginx,4,Normal,Normal
N-06-00053,2026-01-14T02:28:35,Defence Networks,S06-WS01,nginx,16,Normal,Normal
N-06-00054,2026-01-09T23:15:59,Defence Networks,S06-WS01,powershell,19,Normal,Normal
N-06-00055,2026-01-15T01:53:12,Defence Networks,S06-DB01,python,20,Normal,Normal
N-06-00056,2026-01-10T13:31:42,Defence Networks,S06-DB01,svchost,7,Normal,Normal
N-06-00057,2026-01-20T17:14:51,Defence Networks,S06-AUTH01,powershell,7,Normal,Normal
N-06-00058,2026-01-17T05:54:22,Defence Networks,S06-DB01,java,3,Normal,Normal
N-06-00059,2026-01-13T05:51:23,Defence Networks,S06-BKP01,svchost,6,Normal,Normal
N-06-00060,2026-01-06T04:44:46,Defence Networks,S06-MGMT01,svchost,15,Normal,Normal
N-06-00061,2026-01-13T23:04:17,Defence Networks,S06-DB01,powershell,0,Normal,Normal
N-06-00062,2026-01-14T20:31:48,Defence Networks,S06-MGMT01,java,15,Normal,Normal
N-06-00063,2026-01-17T11:12:11,Defence Networks,S06-MON01,python,6,Normal,Normal
N-06-00064,2026-01-15T09:28:36,Defence Networks,S06-AUTH01,powershell,3,Normal,Normal
N-06-00065,2026-01-11T12:54:02,Defence Networks,S06-MGMT01,svchost,15,Normal,Normal
N-06-00066,2026-01-19T15:59:54,Defence Networks,S06-AUTH01,svchost,17,Normal,Normal
N-06-00067,2026-01-11T16:04:01,Defence Networks,S06-WS01,nginx,12,Normal,Normal
N-06-00068,2026-01-08T21:48:52,Defence Networks,S06-BKP01,svchost,18,Normal,Normal
N-06-00069,2026-01-09T10:01:55,Defence Networks,S06-MON01,svchost,8,Normal,Normal
N-06-00070,2026-01-20T12:10:28,Defence Networks,S06-WS01,powershell,13,Normal,Normal
N-06-00071,2026-01-12T01:34:04,Defence Networks,S06-MON01,java,0,Normal,Normal
N-06-00072,2026-01-09T16:10:24,Defence Networks,S06-MGMT01,svchost,17,Normal,Normal
N-06-00073,2026-01-03T22:22:43,Defence Networks,S06-BKP01,java,11,Normal,Normal
N-06-00074,2026-01-15T03:08:31,Defence Networks,S06-APP01,powershell,15,Normal,Normal
N-06-00075,2026-01-16T02:40:05,Defence Networks,S06-GW01,powershell,2,Normal,Normal
N-06-00076,2026-01-13T01:53:23,Defence Networks,S06-AUTH01,svchost,0,Normal,Normal
N-06-00077,2026-01-03T04:56:29,Defence Networks,S06-CTRL01,powershell,17,Normal,Normal
N-06-00078,2026-01-02T10:43:04,Defence Networks,S06-WS01,svchost,17,Normal,Normal
N-06-00079,2026-01-13T23:03:44,Defence Networks,S06-MON01,svchost,3,Normal,Normal
N-06-00080,2026-01-11T03:04:24,Defence Networks,S06-BKP01,svchost,10,Normal,Normal
N-06-00081,2026-01-14T18:38:24,Defence Networks,S06-WS01,java,13,Normal,Normal
N-06-00082,2026-01-06T04:47:31,Defence Networks,S06-AUTH01,python,8,Normal,Normal
N-06-00083,2026-01-17T07:48:12,Defence Networks,S06-WS01,java,2,Normal,Normal
N-06-00084,2026-01-12T13:42:44,Defence Networks,S06-CTRL01,nginx,17,Normal,Normal
N-06-00085,2026-01-15T02:54:44,Defence Networks,S06-GW01,powershell,3,Normal,Normal
N-06-00086,2026-01-18T09:33:38,Defence Networks,S06-DB01,python,8,Normal,Normal
N-06-00087,2026-01-18T05:28:04,Defence Networks,S06-BKP01,svchost,0,Normal,Normal
N-06-00088,2026-01-09T05:35:27,Defence Networks,S06-DB01,svchost,2,Normal,Normal
N-06-00089,2026-01-04T16:46:26,Defence Networks,S06-MON01,java,7,Normal,Normal
N-06-00090,2026-01-15T16:03:42,Defence Networks,S06-GW01,python,2,Normal,Normal
N-06-00091,2026-01-16T22:25:17,Defence Networks,S06-APP01,powershell,12,Normal,Normal
N-06-00092,2026-01-17T10:35:37,Defence Networks,S06-DB01,java,9,Normal,Normal
N-06-00093,2026-01-06T07:46:54,Defence Networks,S06-MON01,svchost,0,Normal,Normal
N-06-00094,2026-01-09T13:48:36,Defence Networks,S06-CTRL01,java,4,Normal,Normal
N-06-00095,2026-01-15T08:00:12,Defence Networks,S06-APP01,powershell,13,Normal,Normal
N-06-00096,2026-01-07T12:22:11,Defence Networks,S06-MON01,python,2,Normal,Normal
N-06-00097,2026-01-15T18:10:30,Defence Networks,S06-MGMT01,java,18,Normal,Normal
N-06-00098,2026-01-02T09:09:17,Defence Networks,S06-GW01,nginx,4,Normal,Normal
N-06-00099,2026-01-12T17:19:25,Defence Networks,S06-APP01,nginx,2,Normal,Normal
N-06-00100,2026-01-03T05:47:25,Defence Networks,S06-MGMT01,python,9,Normal,Normal
N-06-00101,2026-01-07T01:48:42,Defence Networks,S06-BKP01,powershell,8,Normal,Normal
N-06-00102,2026-01-03T07:07:45,Defence Networks,S06-MGMT01,python,18,Normal,Normal
N-06-00103,2026-01-14T05:19:37,Defence Networks,S06-DB01,java,3,Normal,Normal
N-06-00104,2026-01-20T15:53:47,Defence Networks,S06-VPN01,powershell,0,Normal,Normal
N-06-00105,2026-01-20T03:00:24,Defence Networks,S06-CTRL01,svchost,20,Normal,Normal
N-06-00106,2026-01-20T12:28:58,Defence Networks,S06-VPN01,powershell,8,Normal,Normal
N-06-00107,2026-01-14T05:11:11,Defence Networks,S06-APP01,java,13,Normal,Normal
N-06-00108,2026-01-17T03:18:33,Defence Networks,S06-APP01,powershell,6,Normal,Normal
N-06-00109,2026-01-10T16:24:00,Defence Networks,S06-MGMT01,java,15,Normal,Normal
N-06-00110,2026-01-11T18:47:18,Defence Networks,S06-VPN01,java,5,Normal,Normal
N-06-00111,2026-01-10T13:04:21,Defence Networks,S06-VPN01,nginx,0,Normal,Normal
N-06-00112,2026-01-10T00:37:52,Defence Networks,S06-AUTH01,nginx,18,Normal,Normal
N-06-00113,2026-01-09T00:29:51,Defence Networks,S06-CTRL01,java,16,Normal,Normal
N-06-00114,2026-01-07T08:11:45,Defence Networks,S06-BKP01,java,12,Normal,Normal
N-06-00115,2026-01-18T13:17:19,Defence Networks,S06-GW01,java,0,Normal,Normal
N-06-00116,2026-01-17T23:32:03,Defence Networks,S06-GW01,powershell,11,Normal,Normal
N-06-00117,2026-01-03T04:52:32,Defence Networks,S06-CTRL01,nginx,13,Normal,Normal
N-06-00118,2026-01-01T13:43:41,Defence Networks,S06-CTRL01,python,2,Normal,Normal
N-06-00119,2026-01-18T17:32:00,Defence Networks,S06-DB01,svchost,2,Normal,Normal
N-06-00120,2026-01-17T18:09:20,Defence Networks,S06-AUTH01,nginx,1,Normal,Normal
N-06-00121,2026-01-02T20:38:02,Defence Networks,S06-CTRL01,powershell,15,Normal,Normal
N-06-00122,2026-01-06T08:05:57,Defence Networks,S06-APP01,svchost,14,Normal,Normal
N-06-00123,2026-01-12T16:15:20,Defence Networks,S06-DB01,python,15,Normal,Normal
N-06-00124,2026-01-11T07:56:16,Defence Networks,S06-BKP01,svchost,2,Normal,Normal
N-06-00125,2026-01-18T09:45:58,Defence Networks,S06-WS01,powershell,1,Normal,Normal
N-06-00126,2026-01-11T05:24:18,Defence Networks,S06-APP01,java,8,Normal,Normal
N-06-00127,2026-01-01T20:06:59,Defence Networks,S06-APP01,java,10,Normal,Normal
N-06-00128,2026-01-19T17:32:06,Defence Networks,S06-MGMT01,powershell,18,Normal,Normal
N-06-00129,2026-01-12T20:06:26,Defence Networks,S06-MON01,svchost,1,Normal,Normal
N-06-00130,2026-01-02T15:05:45,Defence Networks,S06-WS01,svchost,19,Normal,Normal
N-06-00131,2026-01-01T21:51:49,Defence Networks,S06-BKP01,powershell,16,Normal,Normal
N-06-00132,2026-01-08T11:10:36,Defence Networks,S06-VPN01,java,0,Normal,Normal
N-06-00133,2026-01-05T07:29:38,Defence Networks,S06-APP01,java,3,Normal,Normal
N-06-00134,2026-01-11T22:35:01,Defence Networks,S06-DB01,nginx,9,Normal,Normal
N-06-00135,2026-01-17T19:29:40,Defence Networks,S06-GW01,nginx,1,Normal,Normal
N-06-00136,2026-01-17T18:38:16,Defence Networks,S06-WS01,svchost,10,Normal,Normal
N-06-00137,2026-01-08T07:24:15,Defence Networks,S06-CTRL01,powershell,19,Normal,Normal
N-06-00138,2026-01-02T01:46:42,Defence Networks,S06-APP01,java,1,Normal,Normal
N-06-00139,2026-01-07T07:41:16,Defence Networks,S06-GW01,python,15,Normal,Normal
N-06-00140,2026-01-15T04:12:58,Defence Networks,S06-AUTH01,nginx,13,Normal,Normal
N-06-00141,2026-01-02T01:49:03,Defence Networks,S06-MGMT01,java,15,Normal,Normal
N-06-00142,2026-01-16T08:38:59,Defence Networks,S06-BKP01,python,18,Normal,Normal
N-06-00143,2026-01-10T09:44:29,Defence Networks,S06-DB01,python,13,Normal,Normal
N-06-00144,2026-01-14T23:35:55,Defence Networks,S06-APP01,svchost,20,Normal,Normal
N-06-00145,2026-01-10T13:02:00,Defence Networks,S06-WS01,nginx,16,Normal,Normal
N-06-00146,2026-01-19T09:12:11,Defence Networks,S06-GW01,python,4,Normal,Normal
N-06-00147,2026-01-02T15:59:57,Defence Networks,S06-APP01,java,5,Normal,Normal
N-06-00148,2026-01-04T21:35:21,Defence Networks,S06-GW01,python,14,Normal,Normal
N-06-00149,2026-01-12T21:26:23,Defence Networks,S06-VPN01,nginx,15,Normal,Normal
N-06-00150,2026-01-14T21:10:38,Defence Networks,S06-DB01,svchost,3,Normal,Normal
N-06-00151,2026-01-07T10:21:40,Defence Networks,S06-GW01,svchost,8,Normal,Normal
N-06-00152,2026-01-17T01:52:20,Defence Networks,S06-GW01,nginx,3,Normal,Normal
N-06-00153,2026-01-03T15:42:25,Defence Networks,S06-WS01,nginx,19,Normal,Normal
N-06-00154,2026-01-07T18:29:59,Defence Networks,S06-APP01,java,7,Normal,Normal
N-06-00155,2026-01-08T18:37:59,Defence Networks,S06-BKP01,nginx,0,Normal,Normal
N-06-00156,2026-01-04T22:28:09,Defence Networks,S06-WS01,nginx,0,Normal,Normal
N-06-00157,2026-01-18T02:06:36,Defence Networks,S06-GW01,svchost,5,Normal,Normal
N-06-00158,2026-01-17T10:34:02,Defence Networks,S06-MON01,svchost,18,Normal,Normal
N-06-00159,2026-01-11T21:02:16,Defence Networks,S06-DB01,python,3,Normal,Normal
N-06-00160,2026-01-02T01:05:34,Defence Networks,S06-DB01,java,17,Normal,Normal
N-06-00161,2026-01-04T19:31:28,Defence Networks,S06-MGMT01,python,13,Normal,Normal
N-06-00162,2026-01-20T15:03:31,Defence Networks,S06-WS01,powershell,11,Normal,Normal
N-06-00163,2026-01-07T18:13:14,Defence Networks,S06-VPN01,svchost,6,Normal,Normal
N-06-00164,2026-01-19T02:23:09,Defence Networks,S06-AUTH01,powershell,6,Normal,Normal
N-06-00165,2026-01-05T12:43:16,Defence Networks,S06-MGMT01,nginx,13,Normal,Normal
N-06-00166,2026-01-07T00:11:21,Defence Networks,S06-CTRL01,nginx,14,Normal,Normal
N-06-00167,2026-01-21T00:05:49,Defence Networks,S06-WS01,java,4,Normal,Normal
N-06-00168,2026-01-20T12:47:59,Defence Networks,S06-BKP01,powershell,6,Normal,Normal
N-06-00169,2026-01-10T14:57:01,Defence Networks,S06-DB01,svchost,1,Normal,Normal
N-06-00170,2026-01-05T07:28:48,Defence Networks,S06-GW01,java,5,Normal,Normal
N-06-00171,2026-01-08T16:38:30,Defence Networks,S06-APP01,svchost,1,Normal,Normal
N-06-00172,2026-01-14T23:47:23,Defence Networks,S06-DB01,svchost,5,Normal,Normal
N-06-00173,2026-01-01T12:24:33,Defence Networks,S06-APP01,nginx,20,Normal,Normal
N-06-00174,2026-01-11T14:49:07,Defence Networks,S06-AUTH01,python,6,Normal,Normal
N-06-00175,2026-01-14T19:14:44,Defence Networks,S06-CTRL01,powershell,7,Normal,Normal
N-06-00176,2026-01-20T22:52:22,Defence Networks,S06-VPN01,java,13,Normal,Normal
N-06-00177,2026-01-10T03:39:54,Defence Networks,S06-GW01,java,4,Normal,Normal
N-06-00178,2026-01-07T13:33:09,Defence Networks,S06-MON01,svchost,9,Normal,Normal
N-06-00179,2026-01-12T03:54:05,Defence Networks,S06-BKP01,java,19,Normal,Normal
N-06-00180,2026-01-19T17:25:23,Defence Networks,S06-AUTH01,svchost,8,Normal,Normal
N-06-00181,2026-01-19T02:06:54,Defence Networks,S06-AUTH01,nginx,10,Normal,Normal
N-06-00182,2026-01-04T04:52:26,Defence Networks,S06-MON01,powershell,3,Normal,Normal
N-06-00183,2026-01-08T09:36:04,Defence Networks,S06-BKP01,nginx,13,Normal,Normal
N-06-00184,2026-01-01T11:02:28,Defence Networks,S06-GW01,nginx,9,Normal,Normal
N-06-00185,2026-01-12T15:54:58,Defence Networks,S06-AUTH01,python,12,Normal,Normal
N-06-00186,2026-01-18T16:57:34,Defence Networks,S06-GW01,powershell,13,Normal,Normal
N-06-00187,2026-01-09T21:02:17,Defence Networks,S06-APP01,svchost,6,Normal,Normal
N-06-00188,2026-01-03T03:10:43,Defence Networks,S06-BKP01,svchost,19,Normal,Normal
N-06-00189,2026-01-05T00:04:45,Defence Networks,S06-AUTH01,java,16,Normal,Normal
N-06-00190,2026-01-06T17:04:28,Defence Networks,S06-MGMT01,nginx,13,Normal,Normal
N-06-00191,2026-01-06T19:26:52,Defence Networks,S06-AUTH01,svchost,18,Normal,Normal
N-06-00192,2026-01-06T13:36:07,Defence Networks,S06-GW01,python,7,Normal,Normal
N-06-00193,2026-01-16T06:32:14,Defence Networks,S06-AUTH01,nginx,16,Normal,Normal
N-06-00194,2026-01-19T21:05:15,Defence Networks,S06-MGMT01,powershell,14,Normal,Normal
N-06-00195,2026-01-08T16:22:28,Defence Networks,S06-AUTH01,python,15,Normal,Normal
N-06-00196,2026-01-10T20:34:00,Defence Networks,S06-MGMT01,java,15,Normal,Normal
N-06-00197,2026-01-05T11:16:23,Defence Networks,S06-GW01,powershell,14,Normal,Normal
N-06-00198,2026-01-20T02:20:45,Defence Networks,S06-VPN01,python,13,Normal,Normal
N-06-00199,2026-01-19T20:40:31,Defence Networks,S06-APP01,python,11,Normal,Normal
N-06-00200,2026-01-17T16:46:09,Defence Networks,S06-VPN01,nginx,3,Normal,Normal
N-06-00201,2026-01-16T09:16:35,Defence Networks,S06-MON01,java,18,Normal,Normal
N-06-00202,2026-01-05T04:53:12,Defence Networks,S06-APP01,nginx,3,Normal,Normal
N-06-00203,2026-01-16T12:17:47,Defence Networks,S06-CTRL01,powershell,1,Normal,Normal
N-06-00204,2026-01-20T17:32:19,Defence Networks,S06-VPN01,python,17,Normal,Normal
N-06-00205,2026-01-19T01:49:54,Defence Networks,S06-APP01,python,0,Normal,Normal
N-06-00206,2026-01-09T22:59:03,Defence Networks,S06-WS01,svchost,1,Normal,Normal
N-06-00207,2026-01-10T21:10:15,Defence Networks,S06-BKP01,python,6,Normal,Normal
N-06-00208,2026-01-16T19:10:02,Defence Networks,S06-CTRL01,svchost,1,Normal,Normal
N-06-00209,2026-01-06T04:07:12,Defence Networks,S06-GW01,svchost,17,Normal,Normal
N-06-00210,2026-01-11T04:32:09,Defence Networks,S06-VPN01,python,11,Normal,Normal
N-06-00211,2026-01-20T19:30:00,Defence Networks,S06-APP01,svchost,7,Normal,Normal
N-06-00212,2026-01-05T07:56:46,Defence Networks,S06-CTRL01,powershell,9,Normal,Normal
N-06-00213,2026-01-16T10:17:22,Defence Networks,S06-WS01,java,9,Normal,Normal
N-06-00214,2026-01-20T21:28:02,Defence Networks,S06-WS01,svchost,12,Normal,Normal
N-06-00215,2026-01-21T05:27:29,Defence Networks,S06-APP01,java,2,Normal,Normal
N-06-00216,2026-01-07T00:48:30,Defence Networks,S06-DB01,svchost,3,Normal,Normal
N-06-00217,2026-01-15T13:02:03,Defence Networks,S06-DB01,python,17,Normal,Normal
N-06-00218,2026-01-20T10:53:35,Defence Networks,S06-AUTH01,java,13,Normal,Normal
N-06-00219,2026-01-18T08:53:07,Defence Networks,S06-BKP01,powershell,7,Normal,Normal
N-06-00220,2026-01-11T18:05:03,Defence Networks,S06-APP01,java,5,Normal,Normal
N-06-00221,2026-01-02T11:33:27,Defence Networks,S06-MON01,svchost,4,Normal,Normal
N-06-00222,2026-01-03T19:27:21,Defence Networks,S06-GW01,java,1,Normal,Normal
N-06-00223,2026-01-13T15:43:38,Defence Networks,S06-VPN01,svchost,12,Normal,Normal
N-06-00224,2026-01-14T07:29:58,Defence Networks,S06-AUTH01,powershell,14,Normal,Normal
N-06-00225,2026-01-18T05:49:30,Defence Networks,S06-CTRL01,powershell,4,Normal,Normal
N-06-00226,2026-01-04T20:58:55,Defence Networks,S06-APP01,powershell,11,Normal,Normal
N-06-00227,2026-01-13T02:11:25,Defence Networks,S06-VPN01,python,5,Normal,Normal
N-06-00228,2026-01-14T01:35:53,Defence Networks,S06-AUTH01,java,19,Normal,Normal
N-06-00229,2026-01-07T07:07:53,Defence Networks,S06-MGMT01,svchost,15,Normal,Normal
N-06-00230,2026-01-12T13:48:39,Defence Networks,S06-CTRL01,svchost,15,Normal,Normal
N-06-00231,2026-01-13T14:55:34,Defence Networks,S06-WS01,nginx,17,Normal,Normal
N-06-00232,2026-01-11T02:34:59,Defence Networks,S06-BKP01,java,18,Normal,Normal
N-06-00233,2026-01-16T10:34:52,Defence Networks,S06-APP01,svchost,18,Normal,Normal
N-06-00234,2026-01-15T03:57:19,Defence Networks,S06-APP01,svchost,11,Normal,Normal
N-06-00235,2026-01-09T19:27:12,Defence Networks,S06-CTRL01,python,3,Normal,Normal
N-06-00236,2026-01-04T06:55:20,Defence Networks,S06-APP01,svchost,20,Normal,Normal
N-06-00237,2026-01-02T13:53:29,Defence Networks,S06-BKP01,java,19,Normal,Normal
N-06-00238,2026-01-13T10:10:56,Defence Networks,S06-MGMT01,powershell,8,Normal,Normal
N-06-00239,2026-01-19T03:36:10,Defence Networks,S06-CTRL01,powershell,13,Normal,Normal
N-06-00240,2026-01-19T00:07:22,Defence Networks,S06-GW01,powershell,9,Normal,Normal
N-06-00241,2026-01-14T01:24:49,Defence Networks,S06-APP01,nginx,4,Normal,Normal
N-06-00242,2026-01-03T14:32:36,Defence Networks,S06-MGMT01,python,7,Normal,Normal
N-06-00243,2026-01-13T14:56:13,Defence Networks,S06-AUTH01,java,13,Normal,Normal
N-06-00244,2026-01-17T17:10:26,Defence Networks,S06-VPN01,java,15,Normal,Normal
N-06-00245,2026-01-13T06:21:40,Defence Networks,S06-MGMT01,nginx,20,Normal,Normal
N-06-00246,2026-01-13T22:24:13,Defence Networks,S06-MGMT01,powershell,6,Normal,Normal
N-06-00247,2026-01-05T07:40:01,Defence Networks,S06-VPN01,powershell,6,Normal,Normal
N-06-00248,2026-01-12T08:02:01,Defence Networks,S06-AUTH01,python,19,Normal,Normal
N-06-00249,2026-01-15T20:29:33,Defence Networks,S06-BKP01,nginx,14,Normal,Normal
N-06-00250,2026-01-12T07:14:45,Defence Networks,S06-GW01,python,14,Normal,Normal
N-06-00251,2026-01-18T02:52:11,Defence Networks,S06-GW01,svchost,16,Normal,Normal
N-06-00252,2026-01-14T02:21:06,Defence Networks,S06-VPN01,nginx,13,Normal,Normal
N-06-00253,2026-01-19T03:32:42,Defence Networks,S06-MON01,python,16,Normal,Normal
N-06-00254,2026-01-10T16:01:21,Defence Networks,S06-AUTH01,nginx,20,Normal,Normal
N-06-00255,2026-01-05T06:38:15,Defence Networks,S06-MGMT01,svchost,9,Normal,Normal
N-06-00256,2026-01-11T00:07:48,Defence Networks,S06-BKP01,svchost,9,Normal,Normal
N-06-00257,2026-01-10T23:18:08,Defence Networks,S06-WS01,nginx,11,Normal,Normal
N-06-00258,2026-01-08T18:44:34,Defence Networks,S06-MON01,python,5,Normal,Normal
N-06-00259,2026-01-06T03:14:07,Defence Networks,S06-CTRL01,powershell,9,Normal,Normal
N-06-00260,2026-01-11T01:49:48,Defence Networks,S06-AUTH01,python,14,Normal,Normal
N-06-00261,2026-01-04T13:28:16,Defence Networks,S06-MGMT01,powershell,0,Normal,Normal
N-06-00262,2026-01-11T18:22:06,Defence Networks,S06-AUTH01,powershell,15,Normal,Normal
N-06-00263,2026-01-11T20:52:26,Defence Networks,S06-AUTH01,svchost,11,Normal,Normal
N-06-00264,2026-01-02T19:03:13,Defence Networks,S06-VPN01,python,9,Normal,Normal
N-06-00265,2026-01-01T12:39:18,Defence Networks,S06-CTRL01,python,5,Normal,Normal
N-06-00266,2026-01-19T03:00:35,Defence Networks,S06-GW01,nginx,11,Normal,Normal
N-06-00267,2026-01-09T07:46:24,Defence Networks,S06-BKP01,nginx,18,Normal,Normal
N-06-00268,2026-01-19T20:21:48,Defence Networks,S06-CTRL01,nginx,15,Normal,Normal
N-06-00269,2026-01-07T01:57:23,Defence Networks,S06-AUTH01,powershell,13,Normal,Normal
N-06-00270,2026-01-12T11:05:33,Defence Networks,S06-WS01,svchost,14,Normal,Normal
N-06-00271,2026-01-14T23:25:11,Defence Networks,S06-MON01,svchost,15,Normal,Normal
N-06-00272,2026-01-19T08:07:40,Defence Networks,S06-CTRL01,svchost,7,Normal,Normal
N-06-00273,2026-01-04T06:38:29,Defence Networks,S06-VPN01,svchost,3,Normal,Normal
N-06-00274,2026-01-17T06:21:11,Defence Networks,S06-BKP01,nginx,12,Normal,Normal
N-06-00275,2026-01-20T22:19:34,Defence Networks,S06-MON01,svchost,7,Normal,Normal
N-06-00276,2026-01-20T01:35:43,Defence Networks,S06-VPN01,python,4,Normal,Normal
N-06-00277,2026-01-19T03:25:20,Defence Networks,S06-AUTH01,java,9,Normal,Normal
N-06-00278,2026-01-13T04:31:19,Defence Networks,S06-MGMT01,svchost,11,Normal,Normal
N-06-00279,2026-01-17T16:12:06,Defence Networks,S06-GW01,java,15,Normal,Normal
N-06-00280,2026-01-10T09:04:12,Defence Networks,S06-GW01,nginx,10,Normal,Normal
N-06-00281,2026-01-10T10:56:37,Defence Networks,S06-WS01,powershell,6,Normal,Normal
N-06-00282,2026-01-07T02:05:48,Defence Networks,S06-MON01,svchost,6,Normal,Normal
N-06-00283,2026-01-20T10:04:15,Defence Networks,S06-BKP01,java,4,Normal,Normal
N-06-00284,2026-01-17T02:21:00,Defence Networks,S06-MON01,python,12,Normal,Normal
N-06-00285,2026-01-08T23:38:41,Defence Networks,S06-DB01,python,20,Normal,Normal
N-06-00286,2026-01-07T17:35:51,Defence Networks,S06-MGMT01,powershell,4,Normal,Normal
N-06-00287,2026-01-12T15:05:41,Defence Networks,S06-MGMT01,powershell,15,Normal,Normal
N-06-00288,2026-01-01T14:10:05,Defence Networks,S06-MGMT01,svchost,15,Normal,Normal
N-06-00289,2026-01-06T11:41:12,Defence Networks,S06-CTRL01,java,9,Normal,Normal
N-06-00290,2026-01-07T16:12:36,Defence Networks,S06-WS01,java,0,Normal,Normal
N-06-00291,2026-01-09T12:57:35,Defence Networks,S06-DB01,java,4,Normal,Normal
N-06-00292,2026-01-05T22:11:45,Defence Networks,S06-AUTH01,nginx,6,Normal,Normal
N-06-00293,2026-01-02T15:08:32,Defence Networks,S06-MGMT01,powershell,0,Normal,Normal
N-06-00294,2026-01-07T12:49:52,Defence Networks,S06-CTRL01,nginx,17,Normal,Normal
N-06-00295,2026-01-13T11:29:26,Defence Networks,S06-AUTH01,svchost,9,Normal,Normal
N-06-00296,2026-01-20T12:30:32,Defence Networks,S06-VPN01,nginx,12,Normal,Normal
N-06-00297,2026-01-12T03:29:21,Defence Networks,S06-BKP01,svchost,5,Normal,Normal
N-06-00298,2026-01-06T20:06:57,Defence Networks,S06-BKP01,nginx,11,Normal,Normal
N-06-00299,2026-01-02T02:30:05,Defence Networks,S06-MGMT01,nginx,14,Normal,Normal
N-06-00300,2026-01-15T00:55:04,Defence Networks,S06-AUTH01,powershell,6,Normal,Normal
N-06-00301,2026-01-11T15:06:50,Defence Networks,S06-BKP01,python,9,Normal,Normal
N-06-00302,2026-01-10T11:54:54,Defence Networks,S06-APP01,powershell,19,Normal,Normal
N-06-00303,2026-01-04T01:17:55,Defence Networks,S06-BKP01,svchost,3,Normal,Normal
N-06-00304,2026-01-13T02:28:47,Defence Networks,S06-MGMT01,svchost,5,Normal,Normal
N-06-00305,2026-01-17T12:23:12,Defence Networks,S06-MGMT01,svchost,3,Normal,Normal
N-06-00306,2026-01-05T15:25:38,Defence Networks,S06-WS01,nginx,15,Normal,Normal
N-06-00307,2026-01-06T10:52:22,Defence Networks,S06-VPN01,nginx,10,Normal,Normal
N-06-00308,2026-01-16T18:35:38,Defence Networks,S06-MGMT01,python,4,Normal,Normal
N-06-00309,2026-01-06T05:10:37,Defence Networks,S06-VPN01,java,1,Normal,Normal
N-06-00310,2026-01-12T02:33:02,Defence Networks,S06-APP01,java,6,Normal,Normal
N-06-00311,2026-01-09T18:02:50,Defence Networks,S06-DB01,python,13,Normal,Normal
N-06-00312,2026-01-20T15:15:55,Defence Networks,S06-MON01,python,6,Normal,Normal
N-06-00313,2026-01-15T16:51:54,Defence Networks,S06-AUTH01,python,13,Normal,Normal
N-06-00314,2026-01-14T22:36:59,Defence Networks,S06-BKP01,nginx,5,Normal,Normal
N-06-00315,2026-01-19T20:14:41,Defence Networks,S06-AUTH01,java,12,Normal,Normal
N-06-00316,2026-01-20T14:53:10,Defence Networks,S06-WS01,svchost,1,Normal,Normal
N-06-00317,2026-01-20T23:17:55,Defence Networks,S06-DB01,python,10,Normal,Normal
N-06-00318,2026-01-17T06:59:06,Defence Networks,S06-MGMT01,nginx,14,Normal,Normal
N-06-00319,2026-01-18T04:52:42,Defence Networks,S06-VPN01,python,13,Normal,Normal
N-06-00320,2026-01-14T23:56:37,Defence Networks,S06-MGMT01,svchost,15,Normal,Normal
N-06-00321,2026-01-16T23:20:22,Defence Networks,S06-MON01,powershell,11,Normal,Normal
N-06-00322,2026-01-10T08:59:56,Defence Networks,S06-WS01,svchost,10,Normal,Normal
N-06-00323,2026-01-15T23:39:15,Defence Networks,S06-DB01,svchost,7,Normal,Normal
N-06-00324,2026-01-21T07:50:37,Defence Networks,S06-VPN01,svchost,13,Normal,Normal
N-06-00325,2026-01-11T02:02:50,Defence Networks,S06-CTRL01,java,7,Normal,Normal
N-06-00326,2026-01-13T00:32:19,Defence Networks,S06-VPN01,svchost,18,Normal,Normal
N-06-00327,2026-01-11T11:19:26,Defence Networks,S06-APP01,powershell,6,Normal,Normal
N-06-00328,2026-01-08T22:29:03,Defence Networks,S06-MGMT01,python,6,Normal,Normal
N-06-00329,2026-01-17T04:14:08,Defence Networks,S06-CTRL01,powershell,1,Normal,Normal
N-06-00330,2026-01-09T06:34:39,Defence Networks,S06-MGMT01,python,11,Normal,Normal
N-06-00331,2026-01-02T06:24:12,Defence Networks,S06-DB01,python,2,Normal,Normal
N-06-00332,2026-01-17T08:42:47,Defence Networks,S06-AUTH01,svchost,14,Normal,Normal
N-06-00333,2026-01-12T18:36:26,Defence Networks,S06-DB01,svchost,5,Normal,Normal
N-06-00334,2026-01-01T13:51:11,Defence Networks,S06-CTRL01,powershell,10,Normal,Normal
N-06-00335,2026-01-20T10:38:57,Defence Networks,S06-VPN01,svchost,16,Normal,Normal
N-06-00336,2026-01-04T22:11:02,Defence Networks,S06-BKP01,nginx,0,Normal,Normal
N-06-00337,2026-01-08T14:08:00,Defence Networks,S06-APP01,python,4,Normal,Normal
N-06-00338,2026-01-04T19:51:30,Defence Networks,S06-AUTH01,python,19,Normal,Normal
N-06-00339,2026-01-04T10:30:45,Defence Networks,S06-AUTH01,python,15,Normal,Normal
N-06-00340,2026-01-08T19:38:48,Defence Networks,S06-GW01,svchost,18,Normal,Normal
N-06-00341,2026-01-03T05:58:23,Defence Networks,S06-CTRL01,nginx,6,Normal,Normal
N-06-00342,2026-01-15T23:34:09,Defence Networks,S06-BKP01,nginx,0,Normal,Normal
N-06-00343,2026-01-17T06:08:53,Defence Networks,S06-BKP01,powershell,9,Normal,Normal
N-06-00344,2026-01-19T14:56:06,Defence Networks,S06-AUTH01,python,3,Normal,Normal
N-06-00345,2026-01-09T16:02:52,Defence Networks,S06-WS01,nginx,3,Normal,Normal
N-06-00346,2026-01-11T16:14:53,Defence Networks,S06-VPN01,powershell,3,Normal,Normal
N-06-00347,2026-01-20T03:48:52,Defence Networks,S06-CTRL01,svchost,15,Normal,Normal
N-06-00348,2026-01-20T22:36:08,Defence Networks,S06-MGMT01,powershell,12,Normal,Normal
N-06-00349,2026-01-13T14:08:20,Defence Networks,S06-APP01,python,2,Normal,Normal
N-06-00350,2026-01-02T15:46:41,Defence Networks,S06-DB01,nginx,19,Normal,Normal
N-06-00351,2026-01-17T02:06:05,Defence Networks,S06-GW01,svchost,10,Normal,Normal
N-06-00352,2026-01-06T04:30:19,Defence Networks,S06-MGMT01,python,14,Normal,Normal
N-06-00353,2026-01-06T02:18:12,Defence Networks,S06-VPN01,nginx,3,Normal,Normal
N-06-00354,2026-01-06T05:12:02,Defence Networks,S06-MGMT01,java,8,Normal,Normal
N-06-00355,2026-01-17T23:44:27,Defence Networks,S06-AUTH01,java,13,Normal,Normal
N-06-00356,2026-01-06T07:38:25,Defence Networks,S06-GW01,python,3,Normal,Normal
N-06-00357,2026-01-17T21:56:36,Defence Networks,S06-WS01,nginx,2,Normal,Normal
N-06-00358,2026-01-05T11:45:23,Defence Networks,S06-WS01,nginx,8,Normal,Normal
N-06-00359,2026-01-06T18:31:24,Defence Networks,S06-DB01,nginx,16,Normal,Normal
N-06-00360,2026-01-05T07:55:08,Defence Networks,S06-CTRL01,svchost,2,Normal,Normal
N-06-00361,2026-01-18T20:30:31,Defence Networks,S06-GW01,powershell,14,Normal,Normal
N-06-00362,2026-01-12T08:49:03,Defence Networks,S06-CTRL01,nginx,12,Normal,Normal
N-06-00363,2026-01-08T16:51:30,Defence Networks,S06-CTRL01,powershell,3,Normal,Normal
N-06-00364,2026-01-13T17:52:15,Defence Networks,S06-AUTH01,powershell,2,Normal,Normal
N-06-00365,2026-01-11T11:43:13,Defence Networks,S06-MGMT01,java,16,Normal,Normal
N-06-00366,2026-01-12T07:29:37,Defence Networks,S06-GW01,powershell,10,Normal,Normal
N-06-00367,2026-01-12T13:08:08,Defence Networks,S06-DB01,svchost,7,Normal,Normal
N-06-00368,2026-01-01T08:56:06,Defence Networks,S06-CTRL01,nginx,19,Normal,Normal
N-06-00369,2026-01-06T18:36:07,Defence Networks,S06-APP01,java,14,Normal,Normal
N-06-00370,2026-01-02T16:25:14,Defence Networks,S06-WS01,powershell,0,Normal,Normal
N-06-00371,2026-01-05T13:35:18,Defence Networks,S06-DB01,powershell,11,Normal,Normal
N-06-00372,2026-01-17T14:39:21,Defence Networks,S06-GW01,powershell,13,Normal,Normal
N-06-00373,2026-01-17T18:05:49,Defence Networks,S06-APP01,svchost,5,Normal,Normal
N-06-00374,2026-01-08T23:50:34,Defence Networks,S06-MON01,powershell,20,Normal,Normal
N-06-00375,2026-01-01T16:32:25,Defence Networks,S06-CTRL01,nginx,3,Normal,Normal
N-06-00376,2026-01-18T15:26:57,Defence Networks,S06-APP01,svchost,16,Normal,Normal
N-06-00377,2026-01-15T14:43:12,Defence Networks,S06-CTRL01,svchost,18,Normal,Normal
N-06-00378,2026-01-20T09:00:35,Defence Networks,S06-CTRL01,python,2,Normal,Normal
N-06-00379,2026-01-01T17:53:37,Defence Networks,S06-CTRL01,python,19,Normal,Normal
N-06-00380,2026-01-21T02:38:39,Defence Networks,S06-WS01,nginx,19,Normal,Normal
N-06-00381,2026-01-10T15:53:40,Defence Networks,S06-CTRL01,nginx,5,Normal,Normal
N-06-00382,2026-01-16T22:36:19,Defence Networks,S06-DB01,svchost,16,Normal,Normal
N-06-00383,2026-01-16T10:51:09,Defence Networks,S06-WS01,svchost,8,Normal,Normal
N-06-00384,2026-01-20T21:06:42,Defence Networks,S06-APP01,svchost,15,Normal,Normal
N-06-00385,2026-01-09T21:51:32,Defence Networks,S06-MON01,nginx,14,Normal,Normal
N-06-00386,2026-01-08T15:46:18,Defence Networks,S06-WS01,python,13,Normal,Normal
N-06-00387,2026-01-13T10:18:40,Defence Networks,S06-BKP01,powershell,16,Normal,Normal
N-06-00388,2026-01-13T01:48:13,Defence Networks,S06-GW01,python,1,Normal,Normal
N-06-00389,2026-01-15T14:26:47,Defence Networks,S06-GW01,svchost,18,Normal,Normal
N-06-00390,2026-01-05T21:50:05,Defence Networks,S06-MGMT01,powershell,14,Normal,Normal
N-06-00391,2026-01-16T13:12:43,Defence Networks,S06-GW01,svchost,4,Normal,Normal
N-06-00392,2026-01-03T10:34:16,Defence Networks,S06-CTRL01,python,8,Normal,Normal
N-06-00393,2026-01-21T05:06:06,Defence Networks,S06-VPN01,powershell,11,Normal,Normal
N-06-00394,2026-01-15T19:16:05,Defence Networks,S06-MGMT01,nginx,20,Normal,Normal
N-06-00395,2026-01-10T05:43:15,Defence Networks,S06-MON01,java,12,Normal,Normal
N-06-00396,2026-01-15T15:23:55,Defence Networks,S06-WS01,java,6,Normal,Normal
N-06-00397,2026-01-03T04:42:56,Defence Networks,S06-AUTH01,powershell,15,Normal,Normal
N-06-00398,2026-01-15T20:40:29,Defence Networks,S06-MON01,java,4,Normal,Normal
N-06-00399,2026-01-10T02:19:41,Defence Networks,S06-AUTH01,java,20,Normal,Normal
N-06-00400,2026-01-11T23:08:10,Defence Networks,S06-BKP01,powershell,10,Normal,Normal
N-06-00401,2026-01-03T07:57:05,Defence Networks,S06-DB01,python,12,Normal,Normal
N-06-00402,2026-01-05T20:34:30,Defence Networks,S06-WS01,nginx,18,Normal,Normal
N-06-00403,2026-01-04T03:25:30,Defence Networks,S06-DB01,python,9,Normal,Normal
N-06-00404,2026-01-20T15:07:08,Defence Networks,S06-AUTH01,svchost,0,Normal,Normal
N-06-00405,2026-01-05T03:38:08,Defence Networks,S06-MON01,python,19,Normal,Normal
N-06-00406,2026-01-05T00:36:36,Defence Networks,S06-VPN01,java,2,Normal,Normal
N-06-00407,2026-01-11T11:36:43,Defence Networks,S06-CTRL01,python,4,Normal,Normal
N-06-00408,2026-01-03T05:57:23,Defence Networks,S06-APP01,svchost,11,Normal,Normal
N-06-00409,2026-01-19T09:40:27,Defence Networks,S06-GW01,java,13,Normal,Normal
N-06-00410,2026-01-12T07:03:04,Defence Networks,S06-MGMT01,svchost,1,Normal,Normal
N-06-00411,2026-01-06T22:32:56,Defence Networks,S06-APP01,nginx,3,Normal,Normal
N-06-00412,2026-01-09T11:17:16,Defence Networks,S06-CTRL01,powershell,19,Normal,Normal
N-06-00413,2026-01-12T02:16:28,Defence Networks,S06-DB01,nginx,2,Normal,Normal
N-06-00414,2026-01-17T13:02:56,Defence Networks,S06-CTRL01,python,18,Normal,Normal
N-06-00415,2026-01-19T07:51:00,Defence Networks,S06-AUTH01,java,2,Normal,Normal
N-06-00416,2026-01-17T06:42:45,Defence Networks,S06-BKP01,powershell,6,Normal,Normal
N-06-00417,2026-01-06T10:23:46,Defence Networks,S06-DB01,svchost,5,Normal,Normal
N-06-00418,2026-01-16T17:57:17,Defence Networks,S06-BKP01,java,4,Normal,Normal
N-06-00419,2026-01-20T17:23:00,Defence Networks,S06-APP01,svchost,14,Normal,Normal
N-06-00420,2026-01-19T03:43:20,Defence Networks,S06-MON01,java,11,Normal,Normal
N-06-00421,2026-01-16T19:07:59,Defence Networks,S06-BKP01,java,10,Normal,Normal
N-06-00422,2026-01-06T23:49:03,Defence Networks,S06-AUTH01,svchost,11,Normal,Normal
N-06-00423,2026-01-18T18:07:02,Defence Networks,S06-MGMT01,java,11,Normal,Normal
N-06-00424,2026-01-09T14:02:22,Defence Networks,S06-MGMT01,svchost,10,Normal,Normal
N-06-00425,2026-01-08T14:55:48,Defence Networks,S06-VPN01,nginx,5,Normal,Normal
N-06-00426,2026-01-12T16:14:04,Defence Networks,S06-CTRL01,nginx,20,Normal,Normal
N-06-00427,2026-01-11T14:37:42,Defence Networks,S06-VPN01,nginx,1,Normal,Normal
N-06-00428,2026-01-17T20:30:58,Defence Networks,S06-CTRL01,python,17,Normal,Normal
N-06-00429,2026-01-07T17:07:23,Defence Networks,S06-MGMT01,svchost,16,Normal,Normal
N-06-00430,2026-01-06T23:38:51,Defence Networks,S06-WS01,svchost,9,Normal,Normal
N-06-00431,2026-01-17T08:38:09,Defence Networks,S06-MON01,nginx,3,Normal,Normal
N-06-00432,2026-01-19T23:51:01,Defence Networks,S06-CTRL01,java,17,Normal,Normal
N-06-00433,2026-01-13T21:31:35,Defence Networks,S06-DB01,python,12,Normal,Normal
N-06-00434,2026-01-02T19:02:04,Defence Networks,S06-DB01,powershell,7,Normal,Normal
N-06-00435,2026-01-13T09:29:13,Defence Networks,S06-MON01,nginx,5,Normal,Normal
N-06-00436,2026-01-15T03:15:16,Defence Networks,S06-BKP01,svchost,8,Normal,Normal
N-06-00437,2026-01-15T22:09:02,Defence Networks,S06-VPN01,python,5,Normal,Normal
N-06-00438,2026-01-12T08:17:23,Defence Networks,S06-BKP01,svchost,8,Normal,Normal
N-06-00439,2026-01-02T04:35:03,Defence Networks,S06-MON01,python,13,Normal,Normal
N-06-00440,2026-01-09T20:04:50,Defence Networks,S06-GW01,python,11,Normal,Normal
N-06-00441,2026-01-09T07:57:55,Defence Networks,S06-GW01,python,12,Normal,Normal
N-06-00442,2026-01-14T13:39:53,Defence Networks,S06-WS01,python,6,Normal,Normal
N-06-00443,2026-01-03T18:21:28,Defence Networks,S06-DB01,python,10,Normal,Normal
N-06-00444,2026-01-05T12:12:45,Defence Networks,S06-VPN01,powershell,8,Normal,Normal
N-06-00445,2026-01-05T12:22:56,Defence Networks,S06-MGMT01,nginx,6,Normal,Normal
N-06-00446,2026-01-07T06:03:55,Defence Networks,S06-AUTH01,powershell,12,Normal,Normal
N-06-00447,2026-01-16T00:40:09,Defence Networks,S06-CTRL01,powershell,9,Normal,Normal
N-06-00448,2026-01-12T02:41:11,Defence Networks,S06-GW01,java,9,Normal,Normal
N-06-00449,2026-01-18T05:27:46,Defence Networks,S06-DB01,powershell,5,Normal,Normal
N-06-00450,2026-01-04T13:44:16,Defence Networks,S06-APP01,svchost,1,Normal,Normal
N-06-00451,2026-01-10T01:44:03,Defence Networks,S06-CTRL01,svchost,13,Normal,Normal
N-06-00452,2026-01-15T00:35:22,Defence Networks,S06-CTRL01,java,5,Normal,Normal
N-06-00453,2026-01-15T00:05:14,Defence Networks,S06-WS01,nginx,8,Normal,Normal
N-06-00454,2026-01-11T18:19:27,Defence Networks,S06-MON01,python,4,Normal,Normal
N-06-00455,2026-01-01T15:48:06,Defence Networks,S06-APP01,svchost,6,Normal,Normal
N-06-00456,2026-01-04T03:03:14,Defence Networks,S06-VPN01,python,2,Normal,Normal
N-06-00457,2026-01-13T14:49:28,Defence Networks,S06-APP01,java,13,Normal,Normal
N-06-00458,2026-01-08T12:40:37,Defence Networks,S06-APP01,nginx,10,Normal,Normal
N-06-00459,2026-01-20T16:09:56,Defence Networks,S06-GW01,nginx,1,Normal,Normal
N-06-00460,2026-01-14T22:07:50,Defence Networks,S06-BKP01,svchost,14,Normal,Normal
N-06-00461,2026-01-07T14:04:48,Defence Networks,S06-BKP01,java,0,Normal,Normal
N-06-00462,2026-01-01T15:09:54,Defence Networks,S06-BKP01,python,19,Normal,Normal
N-06-00463,2026-01-08T01:18:45,Defence Networks,S06-WS01,java,0,Normal,Normal
N-06-00464,2026-01-09T08:08:40,Defence Networks,S06-APP01,java,1,Normal,Normal
N-06-00465,2026-01-14T11:04:42,Defence Networks,S06-AUTH01,powershell,10,Normal,Normal
N-06-00466,2026-01-07T06:10:50,Defence Networks,S06-CTRL01,svchost,15,Normal,Normal
N-06-00467,2026-01-04T20:27:24,Defence Networks,S06-GW01,svchost,9,Normal,Normal
N-06-00468,2026-01-10T03:37:09,Defence Networks,S06-MGMT01,python,9,Normal,Normal
N-06-00469,2026-01-09T02:08:13,Defence Networks,S06-CTRL01,nginx,13,Normal,Normal
N-06-00470,2026-01-08T16:12:41,Defence Networks,S06-AUTH01,svchost,14,Normal,Normal
N-06-00471,2026-01-03T04:52:21,Defence Networks,S06-MON01,svchost,9,Normal,Normal
N-06-00472,2026-01-13T02:52:50,Defence Networks,S06-AUTH01,nginx,11,Normal,Normal
N-06-00473,2026-01-18T10:45:39,Defence Networks,S06-MON01,powershell,6,Normal,Normal
N-06-00474,2026-01-06T05:03:58,Defence Networks,S06-MON01,nginx,0,Normal,Normal
N-06-00475,2026-01-20T15:47:00,Defence Networks,S06-DB01,nginx,6,Normal,Normal
N-06-00476,2026-01-15T20:28:05,Defence Networks,S06-GW01,python,8,Normal,Normal
N-06-00477,2026-01-14T02:38:58,Defence Networks,S06-MGMT01,java,5,Normal,Normal
N-06-00478,2026-01-04T01:13:21,Defence Networks,S06-GW01,java,7,Normal,Normal
N-06-00479,2026-01-16T14:56:51,Defence Networks,S06-WS01,java,9,Normal,Normal
N-06-00480,2026-01-06T05:36:40,Defence Networks,S06-DB01,svchost,19,Normal,Normal
N-06-00481,2026-01-19T08:48:41,Defence Networks,S06-GW01,python,20,Normal,Normal
N-06-00482,2026-01-14T02:21:59,Defence Networks,S06-MON01,powershell,8,Normal,Normal
N-06-00483,2026-01-19T21:23:04,Defence Networks,S06-WS01,powershell,1,Normal,Normal
N-06-00484,2026-01-08T21:31:52,Defence Networks,S06-DB01,java,7,Normal,Normal
N-06-00485,2026-01-15T14:09:29,Defence Networks,S06-APP01,java,1,Normal,Normal
N-06-00486,2026-01-17T12:39:52,Defence Networks,S06-BKP01,svchost,1,Normal,Normal
N-06-00487,2026-01-19T01:52:45,Defence Networks,S06-DB01,nginx,18,Normal,Normal
N-06-00488,2026-01-17T12:33:04,Defence Networks,S06-DB01,powershell,8,Normal,Normal
N-06-00489,2026-01-14T09:45:40,Defence Networks,S06-GW01,java,5,Normal,Normal
N-06-00490,2026-01-15T17:42:11,Defence Networks,S06-WS01,nginx,17,Normal,Normal
N-06-00491,2026-01-01T14:12:10,Defence Networks,S06-BKP01,powershell,18,Normal,Normal
N-06-00492,2026-01-20T02:22:49,Defence Networks,S06-WS01,java,0,Normal,Normal
N-06-00493,2026-01-05T08:19:46,Defence Networks,S06-GW01,svchost,13,Normal,Normal
N-06-00494,2026-01-02T08:38:50,Defence Networks,S06-WS01,powershell,8,Normal,Normal
N-06-00495,2026-01-03T02:45:39,Defence Networks,S06-CTRL01,powershell,9,Normal,Normal
N-06-00496,2026-01-12T12:03:54,Defence Networks,S06-GW01,svchost,19,Normal,Normal
N-06-00497,2026-01-20T07:49:03,Defence Networks,S06-GW01,python,12,Normal,Normal
N-06-00498,2026-01-09T07:09:45,Defence Networks,S06-AUTH01,nginx,12,Normal,Normal
N-06-00499,2026-01-05T03:39:07,Defence Networks,S06-MGMT01,svchost,12,Normal,Normal
N-06-00500,2026-01-13T02:23:35,Defence Networks,S06-AUTH01,python,16,Normal,Normal
N-06-00501,2026-01-09T03:12:07,Defence Networks,S06-WS01,nginx,17,Normal,Normal
N-06-00502,2026-01-01T10:19:46,Defence Networks,S06-BKP01,java,5,Normal,Normal
N-06-00503,2026-01-07T23:39:09,Defence Networks,S06-GW01,svchost,8,Normal,Normal
N-06-00504,2026-01-06T11:56:34,Defence Networks,S06-GW01,java,13,Normal,Normal
N-06-00505,2026-01-08T16:58:24,Defence Networks,S06-APP01,python,12,Normal,Normal
N-06-00506,2026-01-05T22:32:20,Defence Networks,S06-APP01,powershell,8,Normal,Normal
N-06-00507,2026-01-09T10:53:13,Defence Networks,S06-MON01,powershell,16,Normal,Normal
N-06-00508,2026-01-04T02:24:57,Defence Networks,S06-AUTH01,python,4,Normal,Normal
N-06-00509,2026-01-09T22:05:24,Defence Networks,S06-WS01,python,3,Normal,Normal
N-06-00510,2026-01-21T05:40:49,Defence Networks,S06-GW01,python,7,Normal,Normal
N-06-00511,2026-01-01T19:29:09,Defence Networks,S06-APP01,powershell,9,Normal,Normal
N-06-00512,2026-01-15T20:10:37,Defence Networks,S06-AUTH01,java,20,Normal,Normal
N-06-00513,2026-01-12T12:31:34,Defence Networks,S06-APP01,svchost,18,Normal,Normal
N-06-00514,2026-01-01T15:05:47,Defence Networks,S06-AUTH01,nginx,2,Normal,Normal
N-06-00515,2026-01-06T23:47:20,Defence Networks,S06-DB01,svchost,0,Normal,Normal
N-06-00516,2026-01-14T07:09:59,Defence Networks,S06-VPN01,svchost,10,Normal,Normal
N-06-00517,2026-01-16T10:50:15,Defence Networks,S06-DB01,powershell,15,Normal,Normal
N-06-00518,2026-01-11T08:44:00,Defence Networks,S06-GW01,svchost,20,Normal,Normal
N-06-00519,2026-01-08T20:28:51,Defence Networks,S06-CTRL01,powershell,6,Normal,Normal
N-06-00520,2026-01-01T13:29:11,Defence Networks,S06-APP01,nginx,6,Normal,Normal
N-06-00521,2026-01-06T14:31:57,Defence Networks,S06-APP01,nginx,15,Normal,Normal
N-06-00522,2026-01-02T07:47:03,Defence Networks,S06-VPN01,nginx,12,Normal,Normal
N-06-00523,2026-01-08T00:44:22,Defence Networks,S06-GW01,powershell,1,Normal,Normal
N-06-00524,2026-01-11T19:35:12,Defence Networks,S06-GW01,java,1,Normal,Normal
N-06-00525,2026-01-10T01:56:26,Defence Networks,S06-BKP01,svchost,10,Normal,Normal
N-06-00526,2026-01-11T21:37:33,Defence Networks,S06-BKP01,svchost,10,Normal,Normal
N-06-00527,2026-01-04T17:09:11,Defence Networks,S06-MGMT01,java,5,Normal,Normal
N-06-00528,2026-01-17T21:09:14,Defence Networks,S06-GW01,nginx,13,Normal,Normal
N-06-00529,2026-01-20T19:40:26,Defence Networks,S06-MGMT01,python,2,Normal,Normal
N-06-00530,2026-01-20T03:20:32,Defence Networks,S06-MGMT01,powershell,4,Normal,Normal
N-06-00531,2026-01-09T10:28:29,Defence Networks,S06-GW01,python,6,Normal,Normal
N-06-00532,2026-01-07T20:43:19,Defence Networks,S06-CTRL01,python,16,Normal,Normal
N-06-00533,2026-01-10T18:12:42,Defence Networks,S06-MGMT01,svchost,17,Normal,Normal
N-06-00534,2026-01-07T02:59:11,Defence Networks,S06-AUTH01,svchost,9,Normal,Normal
N-06-00535,2026-01-09T19:31:05,Defence Networks,S06-VPN01,java,19,Normal,Normal
N-06-00536,2026-01-15T02:19:48,Defence Networks,S06-CTRL01,java,3,Normal,Normal
N-06-00537,2026-01-04T14:32:03,Defence Networks,S06-VPN01,svchost,10,Normal,Normal
N-06-00538,2026-01-19T04:19:55,Defence Networks,S06-GW01,svchost,3,Normal,Normal
N-06-00539,2026-01-11T18:45:10,Defence Networks,S06-WS01,svchost,9,Normal,Normal
N-06-00540,2026-01-17T17:43:35,Defence Networks,S06-APP01,svchost,10,Normal,Normal
N-06-00541,2026-01-01T23:13:39,Defence Networks,S06-DB01,python,1,Normal,Normal
N-06-00542,2026-01-02T09:53:52,Defence Networks,S06-AUTH01,nginx,6,Normal,Normal
N-06-00543,2026-01-04T12:42:52,Defence Networks,S06-DB01,svchost,0,Normal,Normal
N-06-00544,2026-01-03T09:44:43,Defence Networks,S06-VPN01,nginx,15,Normal,Normal
N-06-00545,2026-01-11T15:53:47,Defence Networks,S06-GW01,powershell,0,Normal,Normal
N-06-00546,2026-01-05T02:22:40,Defence Networks,S06-APP01,powershell,0,Normal,Normal
N-06-00547,2026-01-02T09:15:49,Defence Networks,S06-APP01,python,7,Normal,Normal
N-06-00548,2026-01-14T22:55:14,Defence Networks,S06-GW01,powershell,11,Normal,Normal
N-06-00549,2026-01-07T18:39:13,Defence Networks,S06-VPN01,powershell,13,Normal,Normal
N-06-00550,2026-01-19T14:11:21,Defence Networks,S06-CTRL01,java,9,Normal,Normal
N-06-00551,2026-01-06T18:02:21,Defence Networks,S06-VPN01,nginx,0,Normal,Normal
N-06-00552,2026-01-03T14:38:24,Defence Networks,S06-MON01,powershell,19,Normal,Normal
N-06-00553,2026-01-07T15:26:24,Defence Networks,S06-AUTH01,powershell,0,Normal,Normal
N-06-00554,2026-01-08T20:52:47,Defence Networks,S06-CTRL01,python,12,Normal,Normal
N-06-00555,2026-01-10T21:29:59,Defence Networks,S06-CTRL01,svchost,2,Normal,Normal
N-06-00556,2026-01-09T18:04:36,Defence Networks,S06-DB01,powershell,19,Normal,Normal
N-06-00557,2026-01-13T03:29:13,Defence Networks,S06-VPN01,python,5,Normal,Normal
N-06-00558,2026-01-06T07:29:56,Defence Networks,S06-WS01,powershell,13,Normal,Normal
N-06-00559,2026-01-16T02:59:59,Defence Networks,S06-CTRL01,python,5,Normal,Normal
N-06-00560,2026-01-02T04:07:48,Defence Networks,S06-WS01,svchost,2,Normal,Normal
N-06-00561,2026-01-17T22:45:46,Defence Networks,S06-DB01,svchost,17,Normal,Normal
N-06-00562,2026-01-16T15:02:42,Defence Networks,S06-BKP01,java,10,Normal,Normal
N-06-00563,2026-01-03T06:41:03,Defence Networks,S06-CTRL01,python,6,Normal,Normal
N-06-00564,2026-01-06T11:55:11,Defence Networks,S06-DB01,java,15,Normal,Normal
N-06-00565,2026-01-19T07:17:46,Defence Networks,S06-BKP01,svchost,19,Normal,Normal
N-06-00566,2026-01-05T19:34:08,Defence Networks,S06-GW01,svchost,14,Normal,Normal
N-06-00567,2026-01-08T11:25:34,Defence Networks,S06-APP01,svchost,16,Normal,Normal
N-06-00568,2026-01-18T16:05:43,Defence Networks,S06-WS01,svchost,2,Normal,Normal
N-06-00569,2026-01-01T11:29:21,Defence Networks,S06-VPN01,svchost,15,Normal,Normal
N-06-00570,2026-01-16T13:30:10,Defence Networks,S06-MGMT01,java,9,Normal,Normal
N-06-00571,2026-01-19T17:12:47,Defence Networks,S06-MON01,powershell,18,Normal,Normal
N-06-00572,2026-01-03T04:49:30,Defence Networks,S06-CTRL01,nginx,3,Normal,Normal
N-06-00573,2026-01-11T11:45:57,Defence Networks,S06-MON01,python,2,Normal,Normal
N-06-00574,2026-01-18T01:33:17,Defence Networks,S06-AUTH01,python,0,Normal,Normal
N-06-00575,2026-01-09T18:53:51,Defence Networks,S06-MON01,svchost,7,Normal,Normal
N-06-00576,2026-01-07T23:13:11,Defence Networks,S06-GW01,java,8,Normal,Normal
N-06-00577,2026-01-09T20:06:03,Defence Networks,S06-APP01,java,14,Normal,Normal
N-06-00578,2026-01-04T10:04:01,Defence Networks,S06-MON01,java,14,Normal,Normal
N-06-00579,2026-01-03T12:24:45,Defence Networks,S06-MGMT01,powershell,20,Normal,Normal
N-06-00580,2026-01-11T19:02:23,Defence Networks,S06-WS01,svchost,18,Normal,Normal
N-06-00581,2026-01-12T05:27:26,Defence Networks,S06-BKP01,python,6,Normal,Normal
N-06-00582,2026-01-17T09:20:09,Defence Networks,S06-VPN01,java,12,Normal,Normal
N-06-00583,2026-01-12T05:43:17,Defence Networks,S06-AUTH01,nginx,8,Normal,Normal
N-06-00584,2026-01-15T00:31:30,Defence Networks,S06-DB01,python,11,Normal,Normal
N-06-00585,2026-01-20T23:04:23,Defence Networks,S06-MGMT01,java,13,Normal,Normal
N-06-00586,2026-01-11T21:33:20,Defence Networks,S06-CTRL01,java,14,Normal,Normal
N-06-00587,2026-01-08T15:40:32,Defence Networks,S06-CTRL01,java,9,Normal,Normal
N-06-00588,2026-01-15T03:32:29,Defence Networks,S06-MGMT01,svchost,7,Normal,Normal
N-06-00589,2026-01-11T16:50:45,Defence Networks,S06-MON01,nginx,3,Normal,Normal
N-06-00590,2026-01-19T10:54:44,Defence Networks,S06-MON01,nginx,11,Normal,Normal
N-06-00591,2026-01-10T06:50:19,Defence Networks,S06-DB01,java,3,Normal,Normal
N-06-00592,2026-01-16T14:49:59,Defence Networks,S06-APP01,python,9,Normal,Normal
N-06-00593,2026-01-12T03:33:51,Defence Networks,S06-AUTH01,powershell,13,Normal,Normal
N-06-00594,2026-01-15T01:14:32,Defence Networks,S06-VPN01,python,6,Normal,Normal
N-06-00595,2026-01-13T13:28:43,Defence Networks,S06-MON01,powershell,19,Normal,Normal
N-06-00596,2026-01-14T02:25:05,Defence Networks,S06-WS01,svchost,8,Normal,Normal
N-06-00597,2026-01-13T12:29:06,Defence Networks,S06-WS01,java,9,Normal,Normal
N-06-00598,2026-01-03T10:00:50,Defence Networks,S06-GW01,svchost,9,Normal,Normal
N-06-00599,2026-01-06T20:23:07,Defence Networks,S06-AUTH01,nginx,3,Normal,Normal
A-06-SCN051-01-00,2026-01-14T09:02:00,Defence Networks,S06-AUTH01,curl,83,Reconnaissance,Attack
A-06-SCN051-01-01,2026-01-14T09:06:00,Defence Networks,S06-MON01,service-host,85,Initial Access,Attack
A-06-SCN051-01-02,2026-01-14T09:10:00,Defence Networks,S06-WS01,unknown,58,Credential Access,Attack
A-06-SCN051-01-03,2026-01-14T09:15:00,Defence Networks,S06-BKP01,powershell,23,Discovery,Attack
A-06-SCN051-01-04,2026-01-14T09:21:00,Defence Networks,S06-GW01,unknown,68,Lateral Movement,Attack
A-06-SCN051-01-05,2026-01-14T09:25:00,Defence Networks,S06-MGMT01,powershell,1099,Collection,Attack
A-06-SCN051-01-06,2026-01-14T09:33:00,Defence Networks,S06-AUTH01,cmd,1974,Collection,Attack
A-06-SCN051-01-07,2026-01-14T09:35:00,Defence Networks,S06-MON01,cmd,1998,Collection,Attack
A-06-SCN051-01-08,2026-01-14T09:43:00,Defence Networks,S06-WS01,cmd,338,Collection,Attack
A-06-SCN051-01-09,2026-01-14T09:47:00,Defence Networks,S06-BKP01,ssh,1929,Collection,Attack
A-06-SCN051-02-00,2026-01-14T10:02:00,Defence Networks,S06-VPN01,unknown,13,Reconnaissance,Attack
A-06-SCN051-02-01,2026-01-14T10:06:00,Defence Networks,S06-CTRL01,unknown,94,Initial Access,Attack
A-06-SCN051-02-02,2026-01-14T10:12:00,Defence Networks,S06-BKP01,ssh,16,Credential Access,Attack
A-06-SCN051-02-03,2026-01-14T10:16:00,Defence Networks,S06-WS01,powershell,99,Discovery,Attack
A-06-SCN051-02-04,2026-01-14T10:21:00,Defence Networks,S06-MGMT01,curl,49,Lateral Movement,Attack
A-06-SCN051-02-05,2026-01-14T10:28:00,Defence Networks,S06-AUTH01,ssh,86,Collection,Attack
A-06-SCN051-02-06,2026-01-14T10:33:00,Defence Networks,S06-VPN01,service-host,956,Collection,Attack
A-06-SCN051-02-07,2026-01-14T10:38:00,Defence Networks,S06-CTRL01,curl,1794,Collection,Attack
A-06-SCN051-02-08,2026-01-14T10:40:00,Defence Networks,S06-BKP01,curl,1100,Collection,Attack
A-06-SCN051-02-09,2026-01-14T10:47:00,Defence Networks,S06-WS01,ssh,1575,Collection,Attack
A-06-SCN051-03-00,2026-01-14T11:01:00,Defence Networks,S06-MGMT01,ssh,34,Reconnaissance,Attack
A-06-SCN051-03-01,2026-01-14T11:05:00,Defence Networks,S06-BKP01,powershell,55,Initial Access,Attack
A-06-SCN051-03-02,2026-01-14T11:10:00,Defence Networks,S06-VPN01,cmd,75,Credential Access,Attack
A-06-SCN051-03-03,2026-01-14T11:18:00,Defence Networks,S06-MON01,service-host,37,Discovery,Attack
A-06-SCN051-03-04,2026-01-14T11:20:00,Defence Networks,S06-GW01,python,75,Lateral Movement,Attack
A-06-SCN051-03-05,2026-01-14T11:28:00,Defence Networks,S06-AUTH01,wmic,73,Collection,Attack
A-06-SCN051-03-06,2026-01-14T11:31:00,Defence Networks,S06-MGMT01,cmd,418,Collection,Attack
A-06-SCN051-03-07,2026-01-14T11:35:00,Defence Networks,S06-BKP01,curl,1535,Collection,Attack
A-06-SCN051-03-08,2026-01-14T11:41:00,Defence Networks,S06-VPN01,ssh,442,Collection,Attack
A-06-SCN051-03-09,2026-01-14T11:46:00,Defence Networks,S06-MON01,unknown,1430,Collection,Attack
A-06-SCN051-04-00,2026-01-14T12:00:00,Defence Networks,S06-MGMT01,wmic,44,Reconnaissance,Attack
A-06-SCN051-04-01,2026-01-14T12:05:00,Defence Networks,S06-WS01,python,78,Initial Access,Attack
A-06-SCN051-04-02,2026-01-14T12:12:00,Defence Networks,S06-VPN01,powershell,12,Credential Access,Attack
A-06-SCN051-04-03,2026-01-14T12:18:00,Defence Networks,S06-GW01,wmic,85,Discovery,Attack
A-06-SCN051-04-04,2026-01-14T12:23:00,Defence Networks,S06-BKP01,curl,68,Lateral Movement,Attack
A-06-SCN051-04-05,2026-01-14T12:25:00,Defence Networks,S06-APP01,wmic,1149,Collection,Attack
A-06-SCN051-04-06,2026-01-14T12:30:00,Defence Networks,S06-MGMT01,powershell,112,Collection,Attack
A-06-SCN051-04-07,2026-01-14T12:37:00,Defence Networks,S06-WS01,powershell,432,Collection,Attack
A-06-SCN051-04-08,2026-01-14T12:43:00,Defence Networks,S06-VPN01,curl,417,Collection,Attack
A-06-SCN051-04-09,2026-01-14T12:47:00,Defence Networks,S06-GW01,python,1830,Collection,Attack
A-06-SCN052-01-00,2026-01-14T09:02:00,Defence Networks,S06-MGMT01,curl,44,Reconnaissance,Attack
A-06-SCN052-01-01,2026-01-14T09:07:00,Defence Networks,S06-GW01,cmd,59,Initial Access,Attack
A-06-SCN052-01-02,2026-01-14T09:12:00,Defence Networks,S06-DB01,curl,65,Credential Access,Attack
A-06-SCN052-01-03,2026-01-14T09:16:00,Defence Networks,S06-AUTH01,powershell,30,Discovery,Attack
A-06-SCN052-01-04,2026-01-14T09:23:00,Defence Networks,S06-WS01,unknown,22,Lateral Movement,Attack
A-06-SCN052-01-05,2026-01-14T09:27:00,Defence Networks,S06-VPN01,powershell,1634,Collection,Attack
A-06-SCN052-01-06,2026-01-14T09:33:00,Defence Networks,S06-MGMT01,cmd,81,Collection,Attack
A-06-SCN052-01-07,2026-01-14T09:38:00,Defence Networks,S06-GW01,powershell,1293,Collection,Attack
A-06-SCN052-01-08,2026-01-14T09:42:00,Defence Networks,S06-DB01,cmd,371,Collection,Attack
A-06-SCN052-01-09,2026-01-14T09:48:00,Defence Networks,S06-AUTH01,ssh,471,Collection,Attack
A-06-SCN052-02-00,2026-01-14T10:02:00,Defence Networks,S06-MON01,python,23,Reconnaissance,Attack
A-06-SCN052-02-01,2026-01-14T10:08:00,Defence Networks,S06-BKP01,python,30,Initial Access,Attack
A-06-SCN052-02-02,2026-01-14T10:10:00,Defence Networks,S06-AUTH01,ssh,0,Credential Access,Attack
A-06-SCN052-02-03,2026-01-14T10:17:00,Defence Networks,S06-WS01,powershell,59,Discovery,Attack
A-06-SCN052-02-04,2026-01-14T10:21:00,Defence Networks,S06-MGMT01,python,69,Lateral Movement,Attack
A-06-SCN052-02-05,2026-01-14T10:25:00,Defence Networks,S06-DB01,python,1756,Collection,Attack
A-06-SCN052-02-06,2026-01-14T10:30:00,Defence Networks,S06-MON01,cmd,1141,Collection,Attack
A-06-SCN052-02-07,2026-01-14T10:38:00,Defence Networks,S06-BKP01,powershell,1356,Collection,Attack
A-06-SCN052-02-08,2026-01-14T10:43:00,Defence Networks,S06-AUTH01,python,1421,Collection,Attack
A-06-SCN052-02-09,2026-01-14T10:46:00,Defence Networks,S06-WS01,curl,762,Collection,Attack
A-06-SCN052-03-00,2026-01-14T11:02:00,Defence Networks,S06-MGMT01,ssh,22,Reconnaissance,Attack
A-06-SCN052-03-01,2026-01-14T11:06:00,Defence Networks,S06-GW01,curl,43,Initial Access,Attack
A-06-SCN052-03-02,2026-01-14T11:11:00,Defence Networks,S06-WS01,cmd,10,Credential Access,Attack
A-06-SCN052-03-03,2026-01-14T11:16:00,Defence Networks,S06-AUTH01,curl,19,Discovery,Attack
A-06-SCN052-03-04,2026-01-14T11:22:00,Defence Networks,S06-VPN01,powershell,8,Lateral Movement,Attack
A-06-SCN052-03-05,2026-01-14T11:27:00,Defence Networks,S06-CTRL01,cmd,1349,Collection,Attack
A-06-SCN052-03-06,2026-01-14T11:30:00,Defence Networks,S06-MGMT01,python,838,Collection,Attack
A-06-SCN052-03-07,2026-01-14T11:36:00,Defence Networks,S06-GW01,python,730,Collection,Attack
A-06-SCN052-03-08,2026-01-14T11:40:00,Defence Networks,S06-WS01,ssh,1887,Collection,Attack
A-06-SCN052-03-09,2026-01-14T11:48:00,Defence Networks,S06-AUTH01,unknown,199,Collection,Attack
A-06-SCN052-04-00,2026-01-14T12:00:00,Defence Networks,S06-VPN01,service-host,55,Reconnaissance,Attack
A-06-SCN052-04-01,2026-01-14T12:08:00,Defence Networks,S06-MON01,unknown,68,Initial Access,Attack
A-06-SCN052-04-02,2026-01-14T12:11:00,Defence Networks,S06-MGMT01,powershell,96,Credential Access,Attack
A-06-SCN052-04-03,2026-01-14T12:17:00,Defence Networks,S06-APP01,curl,3,Discovery,Attack
A-06-SCN052-04-04,2026-01-14T12:22:00,Defence Networks,S06-AUTH01,cmd,23,Lateral Movement,Attack
A-06-SCN052-04-05,2026-01-14T12:26:00,Defence Networks,S06-DB01,wmic,247,Collection,Attack
A-06-SCN052-04-06,2026-01-14T12:33:00,Defence Networks,S06-VPN01,powershell,1949,Collection,Attack
A-06-SCN052-04-07,2026-01-14T12:35:00,Defence Networks,S06-MON01,service-host,971,Collection,Attack
A-06-SCN052-04-08,2026-01-14T12:40:00,Defence Networks,S06-MGMT01,python,1647,Collection,Attack
A-06-SCN052-04-09,2026-01-14T12:47:00,Defence Networks,S06-APP01,ssh,796,Collection,Attack
A-06-SCN053-01-00,2026-01-14T09:03:00,Defence Networks,S06-APP01,service-host,81,Reconnaissance,Attack
A-06-SCN053-01-01,2026-01-14T09:05:00,Defence Networks,S06-MGMT01,unknown,7,Initial Access,Attack
A-06-SCN053-01-02,2026-01-14T09:12:00,Defence Networks,S06-BKP01,cmd,92,Execution,Attack
A-06-SCN053-01-03,2026-01-14T09:18:00,Defence Networks,S06-GW01,wmic,12,Persistence,Attack
A-06-SCN053-01-04,2026-01-14T09:23:00,Defence Networks,S06-MON01,powershell,10,Privilege Escalation,Attack
A-06-SCN053-01-05,2026-01-14T09:28:00,Defence Networks,S06-DB01,cmd,8,Discovery,Attack
A-06-SCN053-01-06,2026-01-14T09:30:00,Defence Networks,S06-APP01,ssh,5,Lateral Movement,Attack
A-06-SCN053-01-07,2026-01-14T09:38:00,Defence Networks,S06-MGMT01,python,79,Command and Control,Attack
A-06-SCN053-01-08,2026-01-14T09:43:00,Defence Networks,S06-BKP01,service-host,94,Command and Control,Attack
A-06-SCN053-01-09,2026-01-14T09:47:00,Defence Networks,S06-GW01,powershell,48,Command and Control,Attack
A-06-SCN053-02-00,2026-01-14T10:00:00,Defence Networks,S06-CTRL01,powershell,17,Reconnaissance,Attack
A-06-SCN053-02-01,2026-01-14T10:07:00,Defence Networks,S06-BKP01,cmd,48,Initial Access,Attack
A-06-SCN053-02-02,2026-01-14T10:10:00,Defence Networks,S06-APP01,ssh,72,Execution,Attack
A-06-SCN053-02-03,2026-01-14T10:17:00,Defence Networks,S06-AUTH01,powershell,5,Persistence,Attack
A-06-SCN053-02-04,2026-01-14T10:23:00,Defence Networks,S06-MGMT01,curl,73,Privilege Escalation,Attack
A-06-SCN053-02-05,2026-01-14T10:25:00,Defence Networks,S06-WS01,service-host,91,Discovery,Attack
A-06-SCN053-02-06,2026-01-14T10:30:00,Defence Networks,S06-CTRL01,unknown,96,Lateral Movement,Attack
A-06-SCN053-02-07,2026-01-14T10:35:00,Defence Networks,S06-BKP01,ssh,96,Command and Control,Attack
A-06-SCN053-02-08,2026-01-14T10:42:00,Defence Networks,S06-APP01,cmd,80,Command and Control,Attack
A-06-SCN053-02-09,2026-01-14T10:48:00,Defence Networks,S06-AUTH01,curl,93,Command and Control,Attack
A-06-SCN053-03-00,2026-01-14T11:00:00,Defence Networks,S06-BKP01,curl,11,Reconnaissance,Attack
A-06-SCN053-03-01,2026-01-14T11:06:00,Defence Networks,S06-MGMT01,python,99,Initial Access,Attack
A-06-SCN053-03-02,2026-01-14T11:11:00,Defence Networks,S06-GW01,wmic,42,Execution,Attack
A-06-SCN053-03-03,2026-01-14T11:18:00,Defence Networks,S06-WS01,ssh,34,Persistence,Attack
A-06-SCN053-03-04,2026-01-14T11:23:00,Defence Networks,S06-VPN01,service-host,84,Privilege Escalation,Attack
A-06-SCN053-03-05,2026-01-14T11:27:00,Defence Networks,S06-AUTH01,cmd,45,Discovery,Attack
A-06-SCN053-03-06,2026-01-14T11:30:00,Defence Networks,S06-BKP01,ssh,88,Lateral Movement,Attack
A-06-SCN053-03-07,2026-01-14T11:35:00,Defence Networks,S06-MGMT01,curl,69,Command and Control,Attack
A-06-SCN053-03-08,2026-01-14T11:41:00,Defence Networks,S06-GW01,wmic,81,Command and Control,Attack
A-06-SCN053-03-09,2026-01-14T11:45:00,Defence Networks,S06-WS01,cmd,77,Command and Control,Attack
A-06-SCN053-04-00,2026-01-14T12:03:00,Defence Networks,S06-APP01,powershell,98,Reconnaissance,Attack
A-06-SCN053-04-01,2026-01-14T12:08:00,Defence Networks,S06-AUTH01,wmic,51,Initial Access,Attack
A-06-SCN053-04-02,2026-01-14T12:13:00,Defence Networks,S06-MGMT01,cmd,88,Execution,Attack
A-06-SCN053-04-03,2026-01-14T12:15:00,Defence Networks,S06-GW01,service-host,80,Persistence,Attack
A-06-SCN053-04-04,2026-01-14T12:22:00,Defence Networks,S06-VPN01,unknown,47,Privilege Escalation,Attack
A-06-SCN053-04-05,2026-01-14T12:28:00,Defence Networks,S06-BKP01,ssh,87,Discovery,Attack
A-06-SCN053-04-06,2026-01-14T12:33:00,Defence Networks,S06-APP01,service-host,25,Lateral Movement,Attack
A-06-SCN053-04-07,2026-01-14T12:37:00,Defence Networks,S06-AUTH01,powershell,100,Command and Control,Attack
A-06-SCN053-04-08,2026-01-14T12:41:00,Defence Networks,S06-MGMT01,cmd,0,Command and Control,Attack
A-06-SCN053-04-09,2026-01-14T12:48:00,Defence Networks,S06-GW01,wmic,45,Command and Control,Attack
A-06-SCN054-01-00,2026-01-14T09:03:00,Defence Networks,S06-MGMT01,wmic,21,Reconnaissance,Attack
A-06-SCN054-01-01,2026-01-14T09:08:00,Defence Networks,S06-BKP01,python,83,Initial Access,Attack
A-06-SCN054-01-02,2026-01-14T09:13:00,Defence Networks,S06-WS01,curl,48,Credential Access,Attack
A-06-SCN054-01-03,2026-01-14T09:17:00,Defence Networks,S06-CTRL01,service-host,98,Discovery,Attack
A-06-SCN054-01-04,2026-01-14T09:22:00,Defence Networks,S06-VPN01,python,1255,Collection,Attack
A-06-SCN054-01-05,2026-01-14T09:26:00,Defence Networks,S06-APP01,ssh,4,Exfiltration,Attack
A-06-SCN054-01-06,2026-01-14T09:31:00,Defence Networks,S06-MGMT01,service-host,50,Exfiltration,Attack
A-06-SCN054-01-07,2026-01-14T09:38:00,Defence Networks,S06-BKP01,powershell,5,Exfiltration,Attack
A-06-SCN054-01-08,2026-01-14T09:42:00,Defence Networks,S06-WS01,unknown,70,Exfiltration,Attack
A-06-SCN054-01-09,2026-01-14T09:46:00,Defence Networks,S06-CTRL01,powershell,13,Exfiltration,Attack
A-06-SCN054-02-00,2026-01-14T10:02:00,Defence Networks,S06-CTRL01,ssh,51,Reconnaissance,Attack
A-06-SCN054-02-01,2026-01-14T10:08:00,Defence Networks,S06-MGMT01,cmd,43,Initial Access,Attack
A-06-SCN054-02-02,2026-01-14T10:10:00,Defence Networks,S06-APP01,ssh,83,Credential Access,Attack
A-06-SCN054-02-03,2026-01-14T10:16:00,Defence Networks,S06-AUTH01,wmic,58,Discovery,Attack
A-06-SCN054-02-04,2026-01-14T10:22:00,Defence Networks,S06-GW01,ssh,1418,Collection,Attack
A-06-SCN054-02-05,2026-01-14T10:26:00,Defence Networks,S06-WS01,cmd,39,Exfiltration,Attack
A-06-SCN054-02-06,2026-01-14T10:33:00,Defence Networks,S06-CTRL01,cmd,41,Exfiltration,Attack
A-06-SCN054-02-07,2026-01-14T10:35:00,Defence Networks,S06-MGMT01,ssh,36,Exfiltration,Attack
A-06-SCN054-02-08,2026-01-14T10:40:00,Defence Networks,S06-APP01,powershell,16,Exfiltration,Attack
A-06-SCN054-02-09,2026-01-14T10:45:00,Defence Networks,S06-AUTH01,wmic,22,Exfiltration,Attack
A-06-SCN054-03-00,2026-01-14T11:02:00,Defence Networks,S06-DB01,cmd,89,Reconnaissance,Attack
A-06-SCN054-03-01,2026-01-14T11:05:00,Defence Networks,S06-MON01,curl,28,Initial Access,Attack
A-06-SCN054-03-02,2026-01-14T11:11:00,Defence Networks,S06-CTRL01,wmic,44,Credential Access,Attack
A-06-SCN054-03-03,2026-01-14T11:18:00,Defence Networks,S06-WS01,powershell,15,Discovery,Attack
A-06-SCN054-03-04,2026-01-14T11:23:00,Defence Networks,S06-AUTH01,ssh,664,Collection,Attack
A-06-SCN054-03-05,2026-01-14T11:27:00,Defence Networks,S06-APP01,unknown,16,Exfiltration,Attack
A-06-SCN054-03-06,2026-01-14T11:31:00,Defence Networks,S06-DB01,service-host,23,Exfiltration,Attack
A-06-SCN054-03-07,2026-01-14T11:38:00,Defence Networks,S06-MON01,unknown,42,Exfiltration,Attack
A-06-SCN054-03-08,2026-01-14T11:41:00,Defence Networks,S06-CTRL01,curl,91,Exfiltration,Attack
A-06-SCN054-03-09,2026-01-14T11:46:00,Defence Networks,S06-WS01,ssh,37,Exfiltration,Attack
A-06-SCN054-04-00,2026-01-14T12:02:00,Defence Networks,S06-APP01,wmic,100,Reconnaissance,Attack
A-06-SCN054-04-01,2026-01-14T12:06:00,Defence Networks,S06-BKP01,powershell,49,Initial Access,Attack
A-06-SCN054-04-02,2026-01-14T12:13:00,Defence Networks,S06-CTRL01,unknown,80,Credential Access,Attack
A-06-SCN054-04-03,2026-01-14T12:18:00,Defence Networks,S06-AUTH01,curl,26,Discovery,Attack
A-06-SCN054-04-04,2026-01-14T12:21:00,Defence Networks,S06-MGMT01,cmd,1125,Collection,Attack
A-06-SCN054-04-05,2026-01-14T12:25:00,Defence Networks,S06-GW01,wmic,28,Exfiltration,Attack
A-06-SCN054-04-06,2026-01-14T12:32:00,Defence Networks,S06-APP01,python,10,Exfiltration,Attack
A-06-SCN054-04-07,2026-01-14T12:36:00,Defence Networks,S06-BKP01,ssh,54,Exfiltration,Attack
A-06-SCN054-04-08,2026-01-14T12:42:00,Defence Networks,S06-CTRL01,curl,7,Exfiltration,Attack
A-06-SCN054-04-09,2026-01-14T12:47:00,Defence Networks,S06-AUTH01,ssh,88,Exfiltration,Attack
A-06-SCN055-01-00,2026-01-14T09:02:00,Defence Networks,S06-WS01,service-host,19,Reconnaissance,Attack
A-06-SCN055-01-01,2026-01-14T09:05:00,Defence Networks,S06-APP01,wmic,26,Initial Access,Attack
A-06-SCN055-01-02,2026-01-14T09:10:00,Defence Networks,S06-VPN01,wmic,64,Execution,Attack
A-06-SCN055-01-03,2026-01-14T09:17:00,Defence Networks,S06-DB01,powershell,52,Persistence,Attack
A-06-SCN055-01-04,2026-01-14T09:21:00,Defence Networks,S06-MGMT01,curl,18,Privilege Escalation,Attack
A-06-SCN055-01-05,2026-01-14T09:28:00,Defence Networks,S06-GW01,wmic,2,Discovery,Attack
A-06-SCN055-01-06,2026-01-14T09:32:00,Defence Networks,S06-WS01,unknown,18,Lateral Movement,Attack
A-06-SCN055-01-07,2026-01-14T09:38:00,Defence Networks,S06-APP01,service-host,34,Command and Control,Attack
A-06-SCN055-01-08,2026-01-14T09:41:00,Defence Networks,S06-VPN01,ssh,12,Command and Control,Attack
A-06-SCN055-01-09,2026-01-14T09:46:00,Defence Networks,S06-DB01,ssh,17,Command and Control,Attack
A-06-SCN055-02-00,2026-01-14T10:00:00,Defence Networks,S06-MGMT01,service-host,76,Reconnaissance,Attack
A-06-SCN055-02-01,2026-01-14T10:06:00,Defence Networks,S06-CTRL01,powershell,41,Initial Access,Attack
A-06-SCN055-02-02,2026-01-14T10:10:00,Defence Networks,S06-APP01,ssh,90,Execution,Attack
A-06-SCN055-02-03,2026-01-14T10:16:00,Defence Networks,S06-BKP01,ssh,82,Persistence,Attack
A-06-SCN055-02-04,2026-01-14T10:21:00,Defence Networks,S06-GW01,unknown,31,Privilege Escalation,Attack
A-06-SCN055-02-05,2026-01-14T10:25:00,Defence Networks,S06-DB01,curl,30,Discovery,Attack
A-06-SCN055-02-06,2026-01-14T10:30:00,Defence Networks,S06-MGMT01,service-host,60,Lateral Movement,Attack
A-06-SCN055-02-07,2026-01-14T10:37:00,Defence Networks,S06-CTRL01,service-host,75,Command and Control,Attack
A-06-SCN055-02-08,2026-01-14T10:43:00,Defence Networks,S06-APP01,curl,79,Command and Control,Attack
A-06-SCN055-02-09,2026-01-14T10:48:00,Defence Networks,S06-BKP01,wmic,69,Command and Control,Attack
A-06-SCN055-03-00,2026-01-14T11:00:00,Defence Networks,S06-MGMT01,cmd,40,Reconnaissance,Attack
A-06-SCN055-03-01,2026-01-14T11:06:00,Defence Networks,S06-BKP01,cmd,9,Initial Access,Attack
A-06-SCN055-03-02,2026-01-14T11:10:00,Defence Networks,S06-DB01,powershell,22,Execution,Attack
A-06-SCN055-03-03,2026-01-14T11:16:00,Defence Networks,S06-VPN01,service-host,68,Persistence,Attack
A-06-SCN055-03-04,2026-01-14T11:21:00,Defence Networks,S06-CTRL01,powershell,60,Privilege Escalation,Attack
A-06-SCN055-03-05,2026-01-14T11:25:00,Defence Networks,S06-WS01,cmd,96,Discovery,Attack
A-06-SCN055-03-06,2026-01-14T11:32:00,Defence Networks,S06-MGMT01,wmic,58,Lateral Movement,Attack
A-06-SCN055-03-07,2026-01-14T11:38:00,Defence Networks,S06-BKP01,curl,99,Command and Control,Attack
A-06-SCN055-03-08,2026-01-14T11:42:00,Defence Networks,S06-DB01,curl,33,Command and Control,Attack
A-06-SCN055-03-09,2026-01-14T11:47:00,Defence Networks,S06-VPN01,wmic,90,Command and Control,Attack
A-06-SCN055-04-00,2026-01-14T12:02:00,Defence Networks,S06-CTRL01,curl,5,Reconnaissance,Attack
A-06-SCN055-04-01,2026-01-14T12:08:00,Defence Networks,S06-WS01,unknown,15,Initial Access,Attack
A-06-SCN055-04-02,2026-01-14T12:11:00,Defence Networks,S06-AUTH01,python,28,Execution,Attack
A-06-SCN055-04-03,2026-01-14T12:17:00,Defence Networks,S06-BKP01,wmic,73,Persistence,Attack
A-06-SCN055-04-04,2026-01-14T12:22:00,Defence Networks,S06-GW01,curl,70,Privilege Escalation,Attack
A-06-SCN055-04-05,2026-01-14T12:27:00,Defence Networks,S06-DB01,ssh,91,Discovery,Attack
A-06-SCN055-04-06,2026-01-14T12:31:00,Defence Networks,S06-CTRL01,ssh,3,Lateral Movement,Attack
A-06-SCN055-04-07,2026-01-14T12:36:00,Defence Networks,S06-WS01,cmd,61,Command and Control,Attack
A-06-SCN055-04-08,2026-01-14T12:42:00,Defence Networks,S06-AUTH01,ssh,16,Command and Control,Attack
A-06-SCN055-04-09,2026-01-14T12:46:00,Defence Networks,S06-BKP01,unknown,13,Command and Control,Attack
A-06-SCN056-01-00,2026-01-14T09:03:00,Defence Networks,S06-DB01,powershell,23,Reconnaissance,Attack
A-06-SCN056-01-01,2026-01-14T09:08:00,Defence Networks,S06-MGMT01,cmd,81,Initial Access,Attack
A-06-SCN056-01-02,2026-01-14T09:13:00,Defence Networks,S06-MON01,ssh,47,Execution,Attack
A-06-SCN056-01-03,2026-01-14T09:15:00,Defence Networks,S06-BKP01,python,82,Persistence,Attack
A-06-SCN056-01-04,2026-01-14T09:23:00,Defence Networks,S06-VPN01,ssh,46,Privilege Escalation,Attack
A-06-SCN056-01-05,2026-01-14T09:27:00,Defence Networks,S06-WS01,wmic,49,Discovery,Attack
A-06-SCN056-01-06,2026-01-14T09:31:00,Defence Networks,S06-DB01,cmd,43,Lateral Movement,Attack
A-06-SCN056-01-07,2026-01-14T09:36:00,Defence Networks,S06-MGMT01,ssh,98,Command and Control,Attack
A-06-SCN056-01-08,2026-01-14T09:40:00,Defence Networks,S06-MON01,unknown,53,Command and Control,Attack
A-06-SCN056-01-09,2026-01-14T09:48:00,Defence Networks,S06-BKP01,wmic,24,Command and Control,Attack
A-06-SCN056-02-00,2026-01-14T10:01:00,Defence Networks,S06-VPN01,wmic,85,Reconnaissance,Attack
A-06-SCN056-02-01,2026-01-14T10:08:00,Defence Networks,S06-BKP01,cmd,21,Initial Access,Attack
A-06-SCN056-02-02,2026-01-14T10:11:00,Defence Networks,S06-DB01,wmic,83,Execution,Attack
A-06-SCN056-02-03,2026-01-14T10:18:00,Defence Networks,S06-CTRL01,cmd,62,Persistence,Attack
A-06-SCN056-02-04,2026-01-14T10:22:00,Defence Networks,S06-GW01,python,75,Privilege Escalation,Attack
A-06-SCN056-02-05,2026-01-14T10:26:00,Defence Networks,S06-MON01,python,29,Discovery,Attack
A-06-SCN056-02-06,2026-01-14T10:32:00,Defence Networks,S06-VPN01,curl,80,Lateral Movement,Attack
A-06-SCN056-02-07,2026-01-14T10:35:00,Defence Networks,S06-BKP01,wmic,81,Command and Control,Attack
A-06-SCN056-02-08,2026-01-14T10:40:00,Defence Networks,S06-DB01,ssh,37,Command and Control,Attack
A-06-SCN056-02-09,2026-01-14T10:46:00,Defence Networks,S06-CTRL01,unknown,74,Command and Control,Attack
A-06-SCN056-03-00,2026-01-14T11:02:00,Defence Networks,S06-CTRL01,wmic,27,Reconnaissance,Attack
A-06-SCN056-03-01,2026-01-14T11:08:00,Defence Networks,S06-DB01,cmd,41,Initial Access,Attack
A-06-SCN056-03-02,2026-01-14T11:10:00,Defence Networks,S06-MON01,cmd,90,Execution,Attack
A-06-SCN056-03-03,2026-01-14T11:17:00,Defence Networks,S06-AUTH01,curl,27,Persistence,Attack
A-06-SCN056-03-04,2026-01-14T11:23:00,Defence Networks,S06-MGMT01,service-host,90,Privilege Escalation,Attack
A-06-SCN056-03-05,2026-01-14T11:27:00,Defence Networks,S06-WS01,powershell,19,Discovery,Attack
A-06-SCN056-03-06,2026-01-14T11:31:00,Defence Networks,S06-CTRL01,powershell,16,Lateral Movement,Attack
A-06-SCN056-03-07,2026-01-14T11:36:00,Defence Networks,S06-DB01,ssh,88,Command and Control,Attack
A-06-SCN056-03-08,2026-01-14T11:42:00,Defence Networks,S06-MON01,ssh,30,Command and Control,Attack
A-06-SCN056-03-09,2026-01-14T11:45:00,Defence Networks,S06-AUTH01,wmic,37,Command and Control,Attack
A-06-SCN056-04-00,2026-01-14T12:01:00,Defence Networks,S06-MGMT01,unknown,64,Reconnaissance,Attack
A-06-SCN056-04-01,2026-01-14T12:06:00,Defence Networks,S06-WS01,python,61,Initial Access,Attack
A-06-SCN056-04-02,2026-01-14T12:10:00,Defence Networks,S06-APP01,python,48,Execution,Attack
A-06-SCN056-04-03,2026-01-14T12:17:00,Defence Networks,S06-MON01,cmd,88,Persistence,Attack
A-06-SCN056-04-04,2026-01-14T12:21:00,Defence Networks,S06-BKP01,wmic,60,Privilege Escalation,Attack
A-06-SCN056-04-05,2026-01-14T12:28:00,Defence Networks,S06-AUTH01,wmic,54,Discovery,Attack
A-06-SCN056-04-06,2026-01-14T12:30:00,Defence Networks,S06-MGMT01,wmic,40,Lateral Movement,Attack
A-06-SCN056-04-07,2026-01-14T12:36:00,Defence Networks,S06-WS01,wmic,52,Command and Control,Attack
A-06-SCN056-04-08,2026-01-14T12:43:00,Defence Networks,S06-APP01,curl,95,Command and Control,Attack
A-06-SCN056-04-09,2026-01-14T12:46:00,Defence Networks,S06-MON01,ssh,16,Command and Control,Attack
A-06-SCN057-01-00,2026-01-14T09:03:00,Defence Networks,S06-VPN01,python,22,Reconnaissance,Attack
A-06-SCN057-01-01,2026-01-14T09:06:00,Defence Networks,S06-CTRL01,ssh,80,Initial Access,Attack
A-06-SCN057-01-02,2026-01-14T09:12:00,Defence Networks,S06-APP01,curl,65,Execution,Attack
A-06-SCN057-01-03,2026-01-14T09:18:00,Defence Networks,S06-MGMT01,curl,74,Persistence,Attack
A-06-SCN057-01-04,2026-01-14T09:23:00,Defence Networks,S06-BKP01,powershell,96,Privilege Escalation,Attack
A-06-SCN057-01-05,2026-01-14T09:25:00,Defence Networks,S06-WS01,service-host,90,Discovery,Attack
A-06-SCN057-01-06,2026-01-14T09:31:00,Defence Networks,S06-VPN01,wmic,20,Lateral Movement,Attack
A-06-SCN057-01-07,2026-01-14T09:37:00,Defence Networks,S06-CTRL01,wmic,6,Command and Control,Attack
A-06-SCN057-01-08,2026-01-14T09:43:00,Defence Networks,S06-APP01,cmd,20,Command and Control,Attack
A-06-SCN057-01-09,2026-01-14T09:45:00,Defence Networks,S06-MGMT01,ssh,31,Command and Control,Attack
A-06-SCN057-02-00,2026-01-14T10:00:00,Defence Networks,S06-MGMT01,service-host,87,Reconnaissance,Attack
A-06-SCN057-02-01,2026-01-14T10:05:00,Defence Networks,S06-GW01,ssh,100,Initial Access,Attack
A-06-SCN057-02-02,2026-01-14T10:12:00,Defence Networks,S06-APP01,ssh,64,Execution,Attack
A-06-SCN057-02-03,2026-01-14T10:17:00,Defence Networks,S06-MON01,powershell,6,Persistence,Attack
A-06-SCN057-02-04,2026-01-14T10:23:00,Defence Networks,S06-DB01,python,81,Privilege Escalation,Attack
A-06-SCN057-02-05,2026-01-14T10:28:00,Defence Networks,S06-VPN01,cmd,45,Discovery,Attack
A-06-SCN057-02-06,2026-01-14T10:33:00,Defence Networks,S06-MGMT01,curl,65,Lateral Movement,Attack
A-06-SCN057-02-07,2026-01-14T10:35:00,Defence Networks,S06-GW01,python,64,Command and Control,Attack
A-06-SCN057-02-08,2026-01-14T10:41:00,Defence Networks,S06-APP01,unknown,6,Command and Control,Attack
A-06-SCN057-02-09,2026-01-14T10:47:00,Defence Networks,S06-MON01,powershell,22,Command and Control,Attack
A-06-SCN057-03-00,2026-01-14T11:03:00,Defence Networks,S06-MGMT01,python,13,Reconnaissance,Attack
A-06-SCN057-03-01,2026-01-14T11:07:00,Defence Networks,S06-CTRL01,powershell,92,Initial Access,Attack
A-06-SCN057-03-02,2026-01-14T11:11:00,Defence Networks,S06-APP01,ssh,6,Execution,Attack
A-06-SCN057-03-03,2026-01-14T11:18:00,Defence Networks,S06-AUTH01,powershell,61,Persistence,Attack
A-06-SCN057-03-04,2026-01-14T11:23:00,Defence Networks,S06-MON01,wmic,73,Privilege Escalation,Attack
A-06-SCN057-03-05,2026-01-14T11:26:00,Defence Networks,S06-WS01,unknown,83,Discovery,Attack
A-06-SCN057-03-06,2026-01-14T11:33:00,Defence Networks,S06-MGMT01,curl,6,Lateral Movement,Attack
A-06-SCN057-03-07,2026-01-14T11:37:00,Defence Networks,S06-CTRL01,python,82,Command and Control,Attack
A-06-SCN057-03-08,2026-01-14T11:41:00,Defence Networks,S06-APP01,powershell,51,Command and Control,Attack
A-06-SCN057-03-09,2026-01-14T11:47:00,Defence Networks,S06-AUTH01,curl,46,Command and Control,Attack
A-06-SCN057-04-00,2026-01-14T12:00:00,Defence Networks,S06-GW01,curl,58,Reconnaissance,Attack
A-06-SCN057-04-01,2026-01-14T12:05:00,Defence Networks,S06-MON01,powershell,21,Initial Access,Attack
A-06-SCN057-04-02,2026-01-14T12:13:00,Defence Networks,S06-AUTH01,cmd,52,Execution,Attack
A-06-SCN057-04-03,2026-01-14T12:16:00,Defence Networks,S06-MGMT01,ssh,99,Persistence,Attack
A-06-SCN057-04-04,2026-01-14T12:20:00,Defence Networks,S06-BKP01,powershell,90,Privilege Escalation,Attack
A-06-SCN057-04-05,2026-01-14T12:28:00,Defence Networks,S06-VPN01,service-host,61,Discovery,Attack
A-06-SCN057-04-06,2026-01-14T12:33:00,Defence Networks,S06-GW01,powershell,8,Lateral Movement,Attack
A-06-SCN057-04-07,2026-01-14T12:37:00,Defence Networks,S06-MON01,wmic,8,Command and Control,Attack
A-06-SCN057-04-08,2026-01-14T12:40:00,Defence Networks,S06-AUTH01,wmic,89,Command and Control,Attack
A-06-SCN057-04-09,2026-01-14T12:48:00,Defence Networks,S06-MGMT01,service-host,86,Command and Control,Attack
A-06-SCN058-01-00,2026-01-14T09:00:00,Defence Networks,S06-CTRL01,unknown,72,Reconnaissance,Attack
A-06-SCN058-01-01,2026-01-14T09:06:00,Defence Networks,S06-AUTH01,ssh,32,Discovery,Attack
A-06-SCN058-01-02,2026-01-14T09:11:00,Defence Networks,S06-MON01,unknown,73,Initial Access,Attack
A-06-SCN058-01-03,2026-01-14T09:18:00,Defence Networks,S06-APP01,cmd,67,Execution,Attack
A-06-SCN058-01-04,2026-01-14T09:22:00,Defence Networks,S06-BKP01,cmd,90,Execution,Attack
A-06-SCN058-01-05,2026-01-14T09:25:00,Defence Networks,S06-MGMT01,wmic,26,Execution,Attack
A-06-SCN058-01-06,2026-01-14T09:31:00,Defence Networks,S06-CTRL01,curl,73,Execution,Attack
A-06-SCN058-01-07,2026-01-14T09:37:00,Defence Networks,S06-AUTH01,ssh,7,Execution,Attack
A-06-SCN058-01-08,2026-01-14T09:41:00,Defence Networks,S06-MON01,python,63,Execution,Attack
A-06-SCN058-01-09,2026-01-14T09:45:00,Defence Networks,S06-APP01,service-host,51,Execution,Attack
A-06-SCN058-02-00,2026-01-14T10:00:00,Defence Networks,S06-WS01,powershell,10,Reconnaissance,Attack
A-06-SCN058-02-01,2026-01-14T10:06:00,Defence Networks,S06-MON01,unknown,7,Discovery,Attack
A-06-SCN058-02-02,2026-01-14T10:10:00,Defence Networks,S06-GW01,curl,34,Initial Access,Attack
A-06-SCN058-02-03,2026-01-14T10:17:00,Defence Networks,S06-DB01,curl,86,Execution,Attack
A-06-SCN058-02-04,2026-01-14T10:22:00,Defence Networks,S06-VPN01,ssh,7,Execution,Attack
A-06-SCN058-02-05,2026-01-14T10:26:00,Defence Networks,S06-BKP01,cmd,60,Execution,Attack
A-06-SCN058-02-06,2026-01-14T10:31:00,Defence Networks,S06-WS01,service-host,56,Execution,Attack
A-06-SCN058-02-07,2026-01-14T10:37:00,Defence Networks,S06-MON01,curl,99,Execution,Attack
A-06-SCN058-02-08,2026-01-14T10:40:00,Defence Networks,S06-GW01,ssh,86,Execution,Attack
A-06-SCN058-02-09,2026-01-14T10:47:00,Defence Networks,S06-DB01,wmic,18,Execution,Attack
A-06-SCN058-03-00,2026-01-14T11:00:00,Defence Networks,S06-APP01,service-host,32,Reconnaissance,Attack
A-06-SCN058-03-01,2026-01-14T11:07:00,Defence Networks,S06-CTRL01,wmic,99,Discovery,Attack
A-06-SCN058-03-02,2026-01-14T11:13:00,Defence Networks,S06-MON01,wmic,0,Initial Access,Attack
A-06-SCN058-03-03,2026-01-14T11:16:00,Defence Networks,S06-BKP01,cmd,33,Execution,Attack
A-06-SCN058-03-04,2026-01-14T11:22:00,Defence Networks,S06-VPN01,python,18,Execution,Attack
A-06-SCN058-03-05,2026-01-14T11:27:00,Defence Networks,S06-AUTH01,python,28,Execution,Attack
A-06-SCN058-03-06,2026-01-14T11:32:00,Defence Networks,S06-APP01,curl,86,Execution,Attack
A-06-SCN058-03-07,2026-01-14T11:35:00,Defence Networks,S06-CTRL01,cmd,69,Execution,Attack
A-06-SCN058-03-08,2026-01-14T11:42:00,Defence Networks,S06-MON01,unknown,36,Execution,Attack
A-06-SCN058-03-09,2026-01-14T11:47:00,Defence Networks,S06-BKP01,cmd,14,Execution,Attack
A-06-SCN058-04-00,2026-01-14T12:00:00,Defence Networks,S06-MGMT01,python,22,Reconnaissance,Attack
A-06-SCN058-04-01,2026-01-14T12:05:00,Defence Networks,S06-VPN01,ssh,59,Discovery,Attack
A-06-SCN058-04-02,2026-01-14T12:11:00,Defence Networks,S06-GW01,cmd,97,Initial Access,Attack
A-06-SCN058-04-03,2026-01-14T12:16:00,Defence Networks,S06-WS01,powershell,16,Execution,Attack
A-06-SCN058-04-04,2026-01-14T12:21:00,Defence Networks,S06-DB01,curl,56,Execution,Attack
A-06-SCN058-04-05,2026-01-14T12:28:00,Defence Networks,S06-AUTH01,powershell,98,Execution,Attack
A-06-SCN058-04-06,2026-01-14T12:31:00,Defence Networks,S06-MGMT01,ssh,7,Execution,Attack
A-06-SCN058-04-07,2026-01-14T12:36:00,Defence Networks,S06-VPN01,powershell,64,Execution,Attack
A-06-SCN058-04-08,2026-01-14T12:40:00,Defence Networks,S06-GW01,unknown,77,Execution,Attack
A-06-SCN058-04-09,2026-01-14T12:47:00,Defence Networks,S06-WS01,cmd,79,Execution,Attack
A-06-SCN059-01-00,2026-01-14T09:02:00,Defence Networks,S06-BKP01,python,51,Reconnaissance,Attack
A-06-SCN059-01-01,2026-01-14T09:07:00,Defence Networks,S06-CTRL01,ssh,31,Initial Access,Attack
A-06-SCN059-01-02,2026-01-14T09:13:00,Defence Networks,S06-APP01,cmd,25,Execution,Attack
A-06-SCN059-01-03,2026-01-14T09:15:00,Defence Networks,S06-DB01,cmd,89,Persistence,Attack
A-06-SCN059-01-04,2026-01-14T09:23:00,Defence Networks,S06-WS01,cmd,58,Privilege Escalation,Attack
A-06-SCN059-01-05,2026-01-14T09:25:00,Defence Networks,S06-GW01,curl,29,Discovery,Attack
A-06-SCN059-01-06,2026-01-14T09:31:00,Defence Networks,S06-BKP01,powershell,75,Lateral Movement,Attack
A-06-SCN059-01-07,2026-01-14T09:38:00,Defence Networks,S06-CTRL01,ssh,87,Command and Control,Attack
A-06-SCN059-01-08,2026-01-14T09:43:00,Defence Networks,S06-APP01,curl,63,Command and Control,Attack
A-06-SCN059-01-09,2026-01-14T09:47:00,Defence Networks,S06-DB01,cmd,100,Command and Control,Attack
A-06-SCN059-02-00,2026-01-14T10:02:00,Defence Networks,S06-VPN01,curl,33,Reconnaissance,Attack
A-06-SCN059-02-01,2026-01-14T10:05:00,Defence Networks,S06-MGMT01,service-host,69,Initial Access,Attack
A-06-SCN059-02-02,2026-01-14T10:12:00,Defence Networks,S06-DB01,curl,7,Execution,Attack
A-06-SCN059-02-03,2026-01-14T10:16:00,Defence Networks,S06-AUTH01,ssh,37,Persistence,Attack
A-06-SCN059-02-04,2026-01-14T10:23:00,Defence Networks,S06-CTRL01,wmic,67,Privilege Escalation,Attack
A-06-SCN059-02-05,2026-01-14T10:27:00,Defence Networks,S06-APP01,service-host,45,Discovery,Attack
A-06-SCN059-02-06,2026-01-14T10:33:00,Defence Networks,S06-VPN01,ssh,63,Lateral Movement,Attack
A-06-SCN059-02-07,2026-01-14T10:36:00,Defence Networks,S06-MGMT01,service-host,35,Command and Control,Attack
A-06-SCN059-02-08,2026-01-14T10:40:00,Defence Networks,S06-DB01,python,79,Command and Control,Attack
A-06-SCN059-02-09,2026-01-14T10:45:00,Defence Networks,S06-AUTH01,curl,8,Command and Control,Attack
A-06-SCN059-03-00,2026-01-14T11:02:00,Defence Networks,S06-VPN01,service-host,37,Reconnaissance,Attack
A-06-SCN059-03-01,2026-01-14T11:06:00,Defence Networks,S06-CTRL01,service-host,70,Initial Access,Attack
A-06-SCN059-03-02,2026-01-14T11:10:00,Defence Networks,S06-GW01,powershell,2,Execution,Attack
A-06-SCN059-03-03,2026-01-14T11:16:00,Defence Networks,S06-APP01,curl,22,Persistence,Attack
A-06-SCN059-03-04,2026-01-14T11:22:00,Defence Networks,S06-BKP01,unknown,19,Privilege Escalation,Attack
A-06-SCN059-03-05,2026-01-14T11:26:00,Defence Networks,S06-MGMT01,ssh,36,Discovery,Attack
A-06-SCN059-03-06,2026-01-14T11:30:00,Defence Networks,S06-VPN01,python,66,Lateral Movement,Attack
A-06-SCN059-03-07,2026-01-14T11:37:00,Defence Networks,S06-CTRL01,powershell,77,Command and Control,Attack
A-06-SCN059-03-08,2026-01-14T11:40:00,Defence Networks,S06-GW01,ssh,37,Command and Control,Attack
A-06-SCN059-03-09,2026-01-14T11:47:00,Defence Networks,S06-APP01,python,36,Command and Control,Attack
A-06-SCN059-04-00,2026-01-14T12:00:00,Defence Networks,S06-CTRL01,cmd,93,Reconnaissance,Attack
A-06-SCN059-04-01,2026-01-14T12:05:00,Defence Networks,S06-VPN01,ssh,27,Initial Access,Attack
A-06-SCN059-04-02,2026-01-14T12:12:00,Defence Networks,S06-MGMT01,wmic,66,Execution,Attack
A-06-SCN059-04-03,2026-01-14T12:15:00,Defence Networks,S06-BKP01,ssh,0,Persistence,Attack
A-06-SCN059-04-04,2026-01-14T12:22:00,Defence Networks,S06-GW01,cmd,41,Privilege Escalation,Attack
A-06-SCN059-04-05,2026-01-14T12:27:00,Defence Networks,S06-WS01,cmd,12,Discovery,Attack
A-06-SCN059-04-06,2026-01-14T12:33:00,Defence Networks,S06-CTRL01,wmic,48,Lateral Movement,Attack
A-06-SCN059-04-07,2026-01-14T12:37:00,Defence Networks,S06-VPN01,wmic,35,Command and Control,Attack
A-06-SCN059-04-08,2026-01-14T12:40:00,Defence Networks,S06-MGMT01,wmic,64,Command and Control,Attack
A-06-SCN059-04-09,2026-01-14T12:46:00,Defence Networks,S06-BKP01,wmic,75,Command and Control,Attack
A-06-SCN060-01-00,2026-01-14T09:00:00,Defence Networks,S06-BKP01,service-host,55,Reconnaissance,Attack
A-06-SCN060-01-01,2026-01-14T09:05:00,Defence Networks,S06-VPN01,unknown,35,Initial Access,Attack
A-06-SCN060-01-02,2026-01-14T09:12:00,Defence Networks,S06-MGMT01,unknown,48,Execution,Attack
A-06-SCN060-01-03,2026-01-14T09:18:00,Defence Networks,S06-AUTH01,service-host,39,Persistence,Attack
A-06-SCN060-01-04,2026-01-14T09:20:00,Defence Networks,S06-MON01,powershell,63,Privilege Escalation,Attack
A-06-SCN060-01-05,2026-01-14T09:27:00,Defence Networks,S06-DB01,service-host,46,Discovery,Attack
A-06-SCN060-01-06,2026-01-14T09:32:00,Defence Networks,S06-BKP01,powershell,22,Lateral Movement,Attack
A-06-SCN060-01-07,2026-01-14T09:36:00,Defence Networks,S06-VPN01,wmic,26,Command and Control,Attack
A-06-SCN060-01-08,2026-01-14T09:43:00,Defence Networks,S06-MGMT01,ssh,81,Command and Control,Attack
A-06-SCN060-01-09,2026-01-14T09:45:00,Defence Networks,S06-AUTH01,service-host,35,Command and Control,Attack
A-06-SCN060-02-00,2026-01-14T10:00:00,Defence Networks,S06-WS01,wmic,10,Reconnaissance,Attack
A-06-SCN060-02-01,2026-01-14T10:06:00,Defence Networks,S06-DB01,ssh,89,Initial Access,Attack
A-06-SCN060-02-02,2026-01-14T10:12:00,Defence Networks,S06-APP01,powershell,65,Execution,Attack
A-06-SCN060-02-03,2026-01-14T10:17:00,Defence Networks,S06-MON01,wmic,27,Persistence,Attack
A-06-SCN060-02-04,2026-01-14T10:20:00,Defence Networks,S06-CTRL01,python,87,Privilege Escalation,Attack
A-06-SCN060-02-05,2026-01-14T10:26:00,Defence Networks,S06-GW01,unknown,13,Discovery,Attack
A-06-SCN060-02-06,2026-01-14T10:32:00,Defence Networks,S06-WS01,service-host,99,Lateral Movement,Attack
A-06-SCN060-02-07,2026-01-14T10:35:00,Defence Networks,S06-DB01,python,85,Command and Control,Attack
A-06-SCN060-02-08,2026-01-14T10:40:00,Defence Networks,S06-APP01,python,92,Command and Control,Attack
A-06-SCN060-02-09,2026-01-14T10:45:00,Defence Networks,S06-MON01,wmic,48,Command and Control,Attack
A-06-SCN060-03-00,2026-01-14T11:03:00,Defence Networks,S06-AUTH01,wmic,47,Reconnaissance,Attack
A-06-SCN060-03-01,2026-01-14T11:06:00,Defence Networks,S06-WS01,wmic,11,Initial Access,Attack
A-06-SCN060-03-02,2026-01-14T11:11:00,Defence Networks,S06-MON01,wmic,33,Execution,Attack
A-06-SCN060-03-03,2026-01-14T11:17:00,Defence Networks,S06-GW01,unknown,93,Persistence,Attack
A-06-SCN060-03-04,2026-01-14T11:22:00,Defence Networks,S06-APP01,wmic,70,Privilege Escalation,Attack
A-06-SCN060-03-05,2026-01-14T11:28:00,Defence Networks,S06-DB01,unknown,30,Discovery,Attack
A-06-SCN060-03-06,2026-01-14T11:30:00,Defence Networks,S06-AUTH01,cmd,20,Lateral Movement,Attack
A-06-SCN060-03-07,2026-01-14T11:37:00,Defence Networks,S06-WS01,powershell,46,Command and Control,Attack
A-06-SCN060-03-08,2026-01-14T11:41:00,Defence Networks,S06-MON01,curl,94,Command and Control,Attack
A-06-SCN060-03-09,2026-01-14T11:47:00,Defence Networks,S06-GW01,powershell,66,Command and Control,Attack
A-06-SCN060-04-00,2026-01-14T12:02:00,Defence Networks,S06-AUTH01,curl,64,Reconnaissance,Attack
A-06-SCN060-04-01,2026-01-14T12:08:00,Defence Networks,S06-APP01,curl,42,Initial Access,Attack
A-06-SCN060-04-02,2026-01-14T12:13:00,Defence Networks,S06-MON01,curl,11,Execution,Attack
A-06-SCN060-04-03,2026-01-14T12:16:00,Defence Networks,S06-BKP01,wmic,76,Persistence,Attack
A-06-SCN060-04-04,2026-01-14T12:20:00,Defence Networks,S06-VPN01,curl,93,Privilege Escalation,Attack
A-06-SCN060-04-05,2026-01-14T12:28:00,Defence Networks,S06-GW01,service-host,28,Discovery,Attack
A-06-SCN060-04-06,2026-01-14T12:33:00,Defence Networks,S06-AUTH01,curl,26,Lateral Movement,Attack
A-06-SCN060-04-07,2026-01-14T12:37:00,Defence Networks,S06-APP01,service-host,50,Command and Control,Attack
A-06-SCN060-04-08,2026-01-14T12:40:00,Defence Networks,S06-MON01,curl,12,Command and Control,Attack
A-06-SCN060-04-09,2026-01-14T12:48:00,Defence Networks,S06-BKP01,unknown,47,Command and Control,Attack
N-07-00000,2026-01-21T00:55:09,Government Financial Systems,S07-MON01,nginx,19,Normal,Normal
N-07-00001,2026-01-01T23:43:18,Government Financial Systems,S07-DB01,nginx,10,Normal,Normal
N-07-00002,2026-01-15T14:08:13,Government Financial Systems,S07-APP01,powershell,16,Normal,Normal
N-07-00003,2026-01-08T05:43:00,Government Financial Systems,S07-MGMT01,java,14,Normal,Normal
N-07-00004,2026-01-04T15:22:13,Government Financial Systems,S07-MON01,java,0,Normal,Normal
N-07-00005,2026-01-02T08:55:59,Government Financial Systems,S07-WS01,powershell,5,Normal,Normal
N-07-00006,2026-01-12T00:31:23,Government Financial Systems,S07-MON01,svchost,11,Normal,Normal
N-07-00007,2026-01-14T11:33:28,Government Financial Systems,S07-DB01,python,3,Normal,Normal
N-07-00008,2026-01-21T00:47:05,Government Financial Systems,S07-WS01,powershell,5,Normal,Normal
N-07-00009,2026-01-04T21:59:43,Government Financial Systems,S07-GW01,python,15,Normal,Normal
N-07-00010,2026-01-17T07:15:59,Government Financial Systems,S07-GW01,powershell,5,Normal,Normal
N-07-00011,2026-01-14T15:38:23,Government Financial Systems,S07-CTRL01,svchost,19,Normal,Normal
N-07-00012,2026-01-07T02:50:56,Government Financial Systems,S07-VPN01,powershell,19,Normal,Normal
N-07-00013,2026-01-17T06:17:10,Government Financial Systems,S07-MON01,svchost,8,Normal,Normal
N-07-00014,2026-01-01T14:54:26,Government Financial Systems,S07-AUTH01,powershell,0,Normal,Normal
N-07-00015,2026-01-10T09:32:42,Government Financial Systems,S07-GW01,powershell,2,Normal,Normal
N-07-00016,2026-01-08T14:06:42,Government Financial Systems,S07-VPN01,python,12,Normal,Normal
N-07-00017,2026-01-02T16:42:14,Government Financial Systems,S07-DB01,python,2,Normal,Normal
N-07-00018,2026-01-02T13:26:37,Government Financial Systems,S07-BKP01,svchost,12,Normal,Normal
N-07-00019,2026-01-12T03:07:54,Government Financial Systems,S07-WS01,svchost,0,Normal,Normal
N-07-00020,2026-01-04T19:55:19,Government Financial Systems,S07-WS01,java,5,Normal,Normal
N-07-00021,2026-01-13T12:35:11,Government Financial Systems,S07-MON01,powershell,20,Normal,Normal
N-07-00022,2026-01-17T19:02:48,Government Financial Systems,S07-APP01,powershell,10,Normal,Normal
N-07-00023,2026-01-06T14:53:37,Government Financial Systems,S07-MGMT01,python,1,Normal,Normal
N-07-00024,2026-01-04T10:36:19,Government Financial Systems,S07-MON01,nginx,5,Normal,Normal
N-07-00025,2026-01-11T14:10:34,Government Financial Systems,S07-CTRL01,java,3,Normal,Normal
N-07-00026,2026-01-14T12:58:06,Government Financial Systems,S07-MON01,python,14,Normal,Normal
N-07-00027,2026-01-18T14:25:26,Government Financial Systems,S07-GW01,python,19,Normal,Normal
N-07-00028,2026-01-08T21:11:06,Government Financial Systems,S07-WS01,svchost,12,Normal,Normal
N-07-00029,2026-01-13T12:34:44,Government Financial Systems,S07-APP01,powershell,7,Normal,Normal
N-07-00030,2026-01-20T15:34:40,Government Financial Systems,S07-BKP01,powershell,13,Normal,Normal
N-07-00031,2026-01-01T12:57:16,Government Financial Systems,S07-BKP01,python,3,Normal,Normal
N-07-00032,2026-01-17T06:26:44,Government Financial Systems,S07-MGMT01,powershell,20,Normal,Normal
N-07-00033,2026-01-16T21:41:37,Government Financial Systems,S07-DB01,python,14,Normal,Normal
N-07-00034,2026-01-14T00:21:27,Government Financial Systems,S07-VPN01,svchost,18,Normal,Normal
N-07-00035,2026-01-16T03:15:48,Government Financial Systems,S07-CTRL01,java,1,Normal,Normal
N-07-00036,2026-01-18T04:05:29,Government Financial Systems,S07-AUTH01,svchost,0,Normal,Normal
N-07-00037,2026-01-16T15:01:52,Government Financial Systems,S07-GW01,svchost,16,Normal,Normal
N-07-00038,2026-01-01T17:05:14,Government Financial Systems,S07-WS01,java,14,Normal,Normal
N-07-00039,2026-01-02T04:31:07,Government Financial Systems,S07-MON01,nginx,19,Normal,Normal
N-07-00040,2026-01-14T12:00:26,Government Financial Systems,S07-GW01,python,2,Normal,Normal
N-07-00041,2026-01-10T14:28:31,Government Financial Systems,S07-MON01,svchost,4,Normal,Normal
N-07-00042,2026-01-17T14:22:54,Government Financial Systems,S07-MON01,java,16,Normal,Normal
N-07-00043,2026-01-17T22:22:21,Government Financial Systems,S07-WS01,java,3,Normal,Normal
N-07-00044,2026-01-11T04:57:02,Government Financial Systems,S07-WS01,python,15,Normal,Normal
N-07-00045,2026-01-04T02:23:13,Government Financial Systems,S07-DB01,java,19,Normal,Normal
N-07-00046,2026-01-01T19:40:43,Government Financial Systems,S07-BKP01,powershell,9,Normal,Normal
N-07-00047,2026-01-09T08:39:31,Government Financial Systems,S07-MGMT01,powershell,0,Normal,Normal
N-07-00048,2026-01-18T17:27:05,Government Financial Systems,S07-AUTH01,nginx,13,Normal,Normal
N-07-00049,2026-01-16T19:58:38,Government Financial Systems,S07-AUTH01,python,12,Normal,Normal
N-07-00050,2026-01-19T21:09:53,Government Financial Systems,S07-VPN01,java,4,Normal,Normal
N-07-00051,2026-01-05T02:20:54,Government Financial Systems,S07-WS01,java,1,Normal,Normal
N-07-00052,2026-01-21T00:48:40,Government Financial Systems,S07-CTRL01,java,19,Normal,Normal
N-07-00053,2026-01-13T03:38:15,Government Financial Systems,S07-MON01,nginx,8,Normal,Normal
N-07-00054,2026-01-02T03:27:33,Government Financial Systems,S07-MON01,nginx,14,Normal,Normal
N-07-00055,2026-01-14T09:27:43,Government Financial Systems,S07-MGMT01,svchost,3,Normal,Normal
N-07-00056,2026-01-03T09:48:07,Government Financial Systems,S07-VPN01,python,8,Normal,Normal
N-07-00057,2026-01-17T06:05:42,Government Financial Systems,S07-BKP01,java,7,Normal,Normal
N-07-00058,2026-01-15T21:36:53,Government Financial Systems,S07-AUTH01,nginx,15,Normal,Normal
N-07-00059,2026-01-02T14:39:53,Government Financial Systems,S07-VPN01,nginx,6,Normal,Normal
N-07-00060,2026-01-10T22:58:04,Government Financial Systems,S07-GW01,python,2,Normal,Normal
N-07-00061,2026-01-09T15:48:53,Government Financial Systems,S07-APP01,nginx,14,Normal,Normal
N-07-00062,2026-01-19T00:05:48,Government Financial Systems,S07-MGMT01,svchost,18,Normal,Normal
N-07-00063,2026-01-18T08:25:09,Government Financial Systems,S07-APP01,java,13,Normal,Normal
N-07-00064,2026-01-04T06:53:06,Government Financial Systems,S07-VPN01,powershell,14,Normal,Normal
N-07-00065,2026-01-17T14:58:04,Government Financial Systems,S07-MGMT01,python,9,Normal,Normal
N-07-00066,2026-01-07T11:46:24,Government Financial Systems,S07-BKP01,nginx,7,Normal,Normal
N-07-00067,2026-01-04T10:35:47,Government Financial Systems,S07-MON01,powershell,19,Normal,Normal
N-07-00068,2026-01-19T08:01:49,Government Financial Systems,S07-MON01,powershell,16,Normal,Normal
N-07-00069,2026-01-16T08:09:37,Government Financial Systems,S07-DB01,python,4,Normal,Normal
N-07-00070,2026-01-01T13:16:35,Government Financial Systems,S07-BKP01,powershell,15,Normal,Normal
N-07-00071,2026-01-06T00:58:55,Government Financial Systems,S07-APP01,python,3,Normal,Normal
N-07-00072,2026-01-17T19:01:30,Government Financial Systems,S07-CTRL01,java,18,Normal,Normal
N-07-00073,2026-01-19T10:40:31,Government Financial Systems,S07-WS01,powershell,6,Normal,Normal
N-07-00074,2026-01-01T15:41:42,Government Financial Systems,S07-APP01,python,9,Normal,Normal
N-07-00075,2026-01-21T00:58:07,Government Financial Systems,S07-CTRL01,svchost,1,Normal,Normal
N-07-00076,2026-01-01T15:20:16,Government Financial Systems,S07-GW01,nginx,9,Normal,Normal
N-07-00077,2026-01-01T08:05:02,Government Financial Systems,S07-VPN01,python,3,Normal,Normal
N-07-00078,2026-01-11T12:14:24,Government Financial Systems,S07-VPN01,powershell,12,Normal,Normal
N-07-00079,2026-01-06T11:53:35,Government Financial Systems,S07-MON01,powershell,19,Normal,Normal
N-07-00080,2026-01-06T23:42:21,Government Financial Systems,S07-AUTH01,python,0,Normal,Normal
N-07-00081,2026-01-01T23:55:09,Government Financial Systems,S07-DB01,svchost,9,Normal,Normal
N-07-00082,2026-01-12T01:19:13,Government Financial Systems,S07-BKP01,java,9,Normal,Normal
N-07-00083,2026-01-03T22:03:39,Government Financial Systems,S07-WS01,powershell,7,Normal,Normal
N-07-00084,2026-01-20T18:53:25,Government Financial Systems,S07-VPN01,java,15,Normal,Normal
N-07-00085,2026-01-21T03:44:06,Government Financial Systems,S07-MGMT01,nginx,17,Normal,Normal
N-07-00086,2026-01-07T22:46:31,Government Financial Systems,S07-BKP01,nginx,8,Normal,Normal
N-07-00087,2026-01-08T02:50:26,Government Financial Systems,S07-CTRL01,nginx,19,Normal,Normal
N-07-00088,2026-01-08T22:53:52,Government Financial Systems,S07-DB01,svchost,4,Normal,Normal
N-07-00089,2026-01-19T13:16:24,Government Financial Systems,S07-GW01,java,20,Normal,Normal
N-07-00090,2026-01-07T01:53:28,Government Financial Systems,S07-MON01,svchost,17,Normal,Normal
N-07-00091,2026-01-20T18:09:49,Government Financial Systems,S07-MON01,svchost,3,Normal,Normal
N-07-00092,2026-01-11T05:24:13,Government Financial Systems,S07-APP01,java,11,Normal,Normal
N-07-00093,2026-01-08T07:06:00,Government Financial Systems,S07-MON01,nginx,3,Normal,Normal
N-07-00094,2026-01-07T01:40:59,Government Financial Systems,S07-BKP01,powershell,15,Normal,Normal
N-07-00095,2026-01-07T14:00:22,Government Financial Systems,S07-BKP01,java,20,Normal,Normal
N-07-00096,2026-01-01T08:43:25,Government Financial Systems,S07-WS01,python,14,Normal,Normal
N-07-00097,2026-01-17T16:09:56,Government Financial Systems,S07-GW01,java,14,Normal,Normal
N-07-00098,2026-01-15T01:52:13,Government Financial Systems,S07-DB01,nginx,15,Normal,Normal
N-07-00099,2026-01-03T19:32:12,Government Financial Systems,S07-GW01,powershell,19,Normal,Normal
N-07-00100,2026-01-09T11:04:35,Government Financial Systems,S07-GW01,svchost,0,Normal,Normal
N-07-00101,2026-01-07T03:12:40,Government Financial Systems,S07-WS01,java,8,Normal,Normal
N-07-00102,2026-01-06T17:28:42,Government Financial Systems,S07-GW01,powershell,8,Normal,Normal
N-07-00103,2026-01-11T10:58:11,Government Financial Systems,S07-VPN01,powershell,6,Normal,Normal
N-07-00104,2026-01-09T14:12:16,Government Financial Systems,S07-GW01,powershell,8,Normal,Normal
N-07-00105,2026-01-11T06:32:03,Government Financial Systems,S07-GW01,nginx,13,Normal,Normal
N-07-00106,2026-01-05T00:06:28,Government Financial Systems,S07-GW01,nginx,4,Normal,Normal
N-07-00107,2026-01-12T21:17:32,Government Financial Systems,S07-MON01,java,11,Normal,Normal
N-07-00108,2026-01-01T12:38:00,Government Financial Systems,S07-MON01,java,15,Normal,Normal
N-07-00109,2026-01-08T06:34:36,Government Financial Systems,S07-CTRL01,nginx,8,Normal,Normal
N-07-00110,2026-01-02T16:08:34,Government Financial Systems,S07-AUTH01,java,5,Normal,Normal
N-07-00111,2026-01-19T06:41:58,Government Financial Systems,S07-WS01,svchost,20,Normal,Normal
N-07-00112,2026-01-07T22:06:07,Government Financial Systems,S07-DB01,python,19,Normal,Normal
N-07-00113,2026-01-13T12:52:13,Government Financial Systems,S07-WS01,powershell,18,Normal,Normal
N-07-00114,2026-01-20T15:58:56,Government Financial Systems,S07-GW01,nginx,1,Normal,Normal
N-07-00115,2026-01-02T04:06:37,Government Financial Systems,S07-GW01,java,15,Normal,Normal
N-07-00116,2026-01-05T04:33:30,Government Financial Systems,S07-MON01,powershell,4,Normal,Normal
N-07-00117,2026-01-03T15:20:19,Government Financial Systems,S07-AUTH01,powershell,14,Normal,Normal
N-07-00118,2026-01-05T07:03:29,Government Financial Systems,S07-BKP01,java,8,Normal,Normal
N-07-00119,2026-01-10T09:06:45,Government Financial Systems,S07-WS01,powershell,4,Normal,Normal
N-07-00120,2026-01-11T04:49:37,Government Financial Systems,S07-MON01,nginx,13,Normal,Normal
N-07-00121,2026-01-12T14:40:03,Government Financial Systems,S07-MGMT01,svchost,8,Normal,Normal
N-07-00122,2026-01-03T22:21:18,Government Financial Systems,S07-BKP01,svchost,1,Normal,Normal
N-07-00123,2026-01-12T14:31:42,Government Financial Systems,S07-AUTH01,nginx,17,Normal,Normal
N-07-00124,2026-01-10T22:31:53,Government Financial Systems,S07-GW01,svchost,9,Normal,Normal
N-07-00125,2026-01-13T14:43:49,Government Financial Systems,S07-MGMT01,python,8,Normal,Normal
N-07-00126,2026-01-16T18:39:38,Government Financial Systems,S07-CTRL01,nginx,16,Normal,Normal
N-07-00127,2026-01-07T07:41:17,Government Financial Systems,S07-APP01,python,8,Normal,Normal
N-07-00128,2026-01-11T05:46:05,Government Financial Systems,S07-VPN01,svchost,0,Normal,Normal
N-07-00129,2026-01-08T05:24:11,Government Financial Systems,S07-AUTH01,python,5,Normal,Normal
N-07-00130,2026-01-03T14:43:36,Government Financial Systems,S07-MGMT01,svchost,12,Normal,Normal
N-07-00131,2026-01-19T12:40:10,Government Financial Systems,S07-APP01,nginx,19,Normal,Normal
N-07-00132,2026-01-17T00:52:52,Government Financial Systems,S07-GW01,nginx,18,Normal,Normal
N-07-00133,2026-01-07T00:55:33,Government Financial Systems,S07-MGMT01,svchost,15,Normal,Normal
N-07-00134,2026-01-15T02:19:10,Government Financial Systems,S07-MON01,powershell,2,Normal,Normal
N-07-00135,2026-01-02T06:19:38,Government Financial Systems,S07-MON01,java,1,Normal,Normal
N-07-00136,2026-01-06T01:32:17,Government Financial Systems,S07-AUTH01,svchost,14,Normal,Normal
N-07-00137,2026-01-19T23:49:11,Government Financial Systems,S07-BKP01,java,16,Normal,Normal
N-07-00138,2026-01-12T09:25:35,Government Financial Systems,S07-GW01,nginx,20,Normal,Normal
N-07-00139,2026-01-11T01:36:27,Government Financial Systems,S07-AUTH01,powershell,5,Normal,Normal
N-07-00140,2026-01-13T18:13:02,Government Financial Systems,S07-WS01,svchost,14,Normal,Normal
N-07-00141,2026-01-16T08:27:25,Government Financial Systems,S07-APP01,java,16,Normal,Normal
N-07-00142,2026-01-04T17:44:18,Government Financial Systems,S07-DB01,svchost,16,Normal,Normal
N-07-00143,2026-01-02T00:17:36,Government Financial Systems,S07-MGMT01,python,6,Normal,Normal
N-07-00144,2026-01-07T23:06:45,Government Financial Systems,S07-CTRL01,java,10,Normal,Normal
N-07-00145,2026-01-11T19:33:05,Government Financial Systems,S07-WS01,powershell,12,Normal,Normal
N-07-00146,2026-01-05T03:04:41,Government Financial Systems,S07-CTRL01,python,2,Normal,Normal
N-07-00147,2026-01-05T22:16:50,Government Financial Systems,S07-APP01,nginx,13,Normal,Normal
N-07-00148,2026-01-10T07:21:41,Government Financial Systems,S07-AUTH01,nginx,16,Normal,Normal
N-07-00149,2026-01-16T20:46:50,Government Financial Systems,S07-AUTH01,nginx,16,Normal,Normal
N-07-00150,2026-01-08T02:40:03,Government Financial Systems,S07-GW01,nginx,8,Normal,Normal
N-07-00151,2026-01-09T02:52:34,Government Financial Systems,S07-WS01,java,3,Normal,Normal
N-07-00152,2026-01-02T10:49:14,Government Financial Systems,S07-DB01,java,13,Normal,Normal
N-07-00153,2026-01-03T11:07:22,Government Financial Systems,S07-VPN01,java,12,Normal,Normal
N-07-00154,2026-01-12T20:05:49,Government Financial Systems,S07-DB01,nginx,9,Normal,Normal
N-07-00155,2026-01-11T02:13:19,Government Financial Systems,S07-CTRL01,java,15,Normal,Normal
N-07-00156,2026-01-17T04:55:56,Government Financial Systems,S07-DB01,nginx,5,Normal,Normal
N-07-00157,2026-01-03T17:55:24,Government Financial Systems,S07-BKP01,svchost,4,Normal,Normal
N-07-00158,2026-01-10T23:40:47,Government Financial Systems,S07-DB01,python,6,Normal,Normal
N-07-00159,2026-01-03T15:07:48,Government Financial Systems,S07-VPN01,powershell,1,Normal,Normal
N-07-00160,2026-01-13T00:50:29,Government Financial Systems,S07-APP01,nginx,15,Normal,Normal
N-07-00161,2026-01-10T01:18:15,Government Financial Systems,S07-MON01,powershell,5,Normal,Normal
N-07-00162,2026-01-11T12:57:29,Government Financial Systems,S07-AUTH01,powershell,7,Normal,Normal
N-07-00163,2026-01-02T08:12:22,Government Financial Systems,S07-GW01,powershell,4,Normal,Normal
N-07-00164,2026-01-19T13:46:43,Government Financial Systems,S07-VPN01,svchost,4,Normal,Normal
N-07-00165,2026-01-18T19:41:10,Government Financial Systems,S07-GW01,nginx,1,Normal,Normal
N-07-00166,2026-01-05T19:20:55,Government Financial Systems,S07-MON01,python,7,Normal,Normal
N-07-00167,2026-01-15T09:55:01,Government Financial Systems,S07-MON01,python,9,Normal,Normal
N-07-00168,2026-01-20T10:43:04,Government Financial Systems,S07-VPN01,svchost,2,Normal,Normal
N-07-00169,2026-01-12T00:52:46,Government Financial Systems,S07-GW01,nginx,8,Normal,Normal
N-07-00170,2026-01-16T22:21:21,Government Financial Systems,S07-VPN01,python,13,Normal,Normal
N-07-00171,2026-01-18T04:34:11,Government Financial Systems,S07-CTRL01,svchost,0,Normal,Normal
N-07-00172,2026-01-15T22:37:35,Government Financial Systems,S07-WS01,nginx,13,Normal,Normal
N-07-00173,2026-01-16T07:34:24,Government Financial Systems,S07-APP01,powershell,15,Normal,Normal
N-07-00174,2026-01-02T14:36:27,Government Financial Systems,S07-MGMT01,java,5,Normal,Normal
N-07-00175,2026-01-09T23:11:19,Government Financial Systems,S07-BKP01,svchost,1,Normal,Normal
N-07-00176,2026-01-18T11:00:13,Government Financial Systems,S07-GW01,powershell,18,Normal,Normal
N-07-00177,2026-01-04T10:44:27,Government Financial Systems,S07-AUTH01,python,10,Normal,Normal
N-07-00178,2026-01-08T23:42:20,Government Financial Systems,S07-WS01,nginx,2,Normal,Normal
N-07-00179,2026-01-18T12:48:55,Government Financial Systems,S07-GW01,nginx,17,Normal,Normal
N-07-00180,2026-01-07T13:53:28,Government Financial Systems,S07-MON01,python,16,Normal,Normal
N-07-00181,2026-01-06T01:59:04,Government Financial Systems,S07-AUTH01,java,15,Normal,Normal
N-07-00182,2026-01-15T03:44:14,Government Financial Systems,S07-VPN01,svchost,11,Normal,Normal
N-07-00183,2026-01-16T14:06:11,Government Financial Systems,S07-MON01,powershell,19,Normal,Normal
N-07-00184,2026-01-08T17:05:28,Government Financial Systems,S07-CTRL01,nginx,15,Normal,Normal
N-07-00185,2026-01-15T04:58:15,Government Financial Systems,S07-DB01,java,18,Normal,Normal
N-07-00186,2026-01-13T11:12:06,Government Financial Systems,S07-MON01,python,3,Normal,Normal
N-07-00187,2026-01-14T17:57:59,Government Financial Systems,S07-VPN01,svchost,5,Normal,Normal
N-07-00188,2026-01-02T08:24:59,Government Financial Systems,S07-CTRL01,nginx,12,Normal,Normal
N-07-00189,2026-01-04T09:21:23,Government Financial Systems,S07-APP01,nginx,12,Normal,Normal
N-07-00190,2026-01-09T19:11:00,Government Financial Systems,S07-APP01,nginx,12,Normal,Normal
N-07-00191,2026-01-17T14:58:44,Government Financial Systems,S07-MGMT01,nginx,16,Normal,Normal
N-07-00192,2026-01-19T03:31:02,Government Financial Systems,S07-WS01,java,11,Normal,Normal
N-07-00193,2026-01-10T08:22:33,Government Financial Systems,S07-VPN01,nginx,18,Normal,Normal
N-07-00194,2026-01-15T06:32:26,Government Financial Systems,S07-BKP01,java,8,Normal,Normal
N-07-00195,2026-01-03T04:37:45,Government Financial Systems,S07-CTRL01,java,4,Normal,Normal
N-07-00196,2026-01-06T07:05:28,Government Financial Systems,S07-VPN01,python,19,Normal,Normal
N-07-00197,2026-01-08T04:04:31,Government Financial Systems,S07-WS01,nginx,19,Normal,Normal
N-07-00198,2026-01-13T20:20:24,Government Financial Systems,S07-DB01,svchost,20,Normal,Normal
N-07-00199,2026-01-09T08:59:34,Government Financial Systems,S07-APP01,powershell,6,Normal,Normal
N-07-00200,2026-01-20T20:12:21,Government Financial Systems,S07-DB01,nginx,14,Normal,Normal
N-07-00201,2026-01-04T10:17:22,Government Financial Systems,S07-MGMT01,python,17,Normal,Normal
N-07-00202,2026-01-16T10:51:19,Government Financial Systems,S07-CTRL01,python,13,Normal,Normal
N-07-00203,2026-01-02T12:10:50,Government Financial Systems,S07-APP01,svchost,19,Normal,Normal
N-07-00204,2026-01-18T14:57:55,Government Financial Systems,S07-MGMT01,powershell,16,Normal,Normal
N-07-00205,2026-01-20T22:48:56,Government Financial Systems,S07-CTRL01,nginx,12,Normal,Normal
N-07-00206,2026-01-08T13:16:50,Government Financial Systems,S07-DB01,svchost,16,Normal,Normal
N-07-00207,2026-01-12T07:28:18,Government Financial Systems,S07-MON01,powershell,9,Normal,Normal
N-07-00208,2026-01-15T03:29:10,Government Financial Systems,S07-GW01,java,11,Normal,Normal
N-07-00209,2026-01-07T11:57:05,Government Financial Systems,S07-APP01,svchost,6,Normal,Normal
N-07-00210,2026-01-03T10:50:15,Government Financial Systems,S07-BKP01,java,3,Normal,Normal
N-07-00211,2026-01-08T22:52:51,Government Financial Systems,S07-WS01,java,19,Normal,Normal
N-07-00212,2026-01-05T13:12:24,Government Financial Systems,S07-VPN01,python,10,Normal,Normal
N-07-00213,2026-01-02T17:18:41,Government Financial Systems,S07-CTRL01,nginx,13,Normal,Normal
N-07-00214,2026-01-01T10:38:38,Government Financial Systems,S07-GW01,python,1,Normal,Normal
N-07-00215,2026-01-04T03:09:48,Government Financial Systems,S07-GW01,svchost,19,Normal,Normal
N-07-00216,2026-01-01T19:36:33,Government Financial Systems,S07-APP01,powershell,16,Normal,Normal
N-07-00217,2026-01-05T05:14:22,Government Financial Systems,S07-MGMT01,svchost,2,Normal,Normal
N-07-00218,2026-01-04T08:12:06,Government Financial Systems,S07-AUTH01,java,9,Normal,Normal
N-07-00219,2026-01-03T13:39:52,Government Financial Systems,S07-WS01,nginx,15,Normal,Normal
N-07-00220,2026-01-02T02:33:28,Government Financial Systems,S07-WS01,java,11,Normal,Normal
N-07-00221,2026-01-08T22:49:09,Government Financial Systems,S07-AUTH01,svchost,7,Normal,Normal
N-07-00222,2026-01-07T15:51:24,Government Financial Systems,S07-DB01,python,20,Normal,Normal
N-07-00223,2026-01-07T23:41:36,Government Financial Systems,S07-APP01,java,19,Normal,Normal
N-07-00224,2026-01-16T20:24:13,Government Financial Systems,S07-MGMT01,svchost,10,Normal,Normal
N-07-00225,2026-01-16T14:51:45,Government Financial Systems,S07-AUTH01,nginx,2,Normal,Normal
N-07-00226,2026-01-18T14:16:33,Government Financial Systems,S07-VPN01,nginx,3,Normal,Normal
N-07-00227,2026-01-12T15:48:05,Government Financial Systems,S07-CTRL01,python,5,Normal,Normal
N-07-00228,2026-01-01T20:40:23,Government Financial Systems,S07-AUTH01,python,10,Normal,Normal
N-07-00229,2026-01-17T15:52:07,Government Financial Systems,S07-MGMT01,powershell,4,Normal,Normal
N-07-00230,2026-01-04T20:30:39,Government Financial Systems,S07-APP01,java,7,Normal,Normal
N-07-00231,2026-01-07T06:03:31,Government Financial Systems,S07-MON01,nginx,15,Normal,Normal
N-07-00232,2026-01-03T15:53:57,Government Financial Systems,S07-DB01,nginx,16,Normal,Normal
N-07-00233,2026-01-10T09:35:23,Government Financial Systems,S07-MON01,python,3,Normal,Normal
N-07-00234,2026-01-09T06:14:59,Government Financial Systems,S07-VPN01,nginx,15,Normal,Normal
N-07-00235,2026-01-17T17:18:20,Government Financial Systems,S07-MGMT01,nginx,20,Normal,Normal
N-07-00236,2026-01-01T15:43:28,Government Financial Systems,S07-GW01,svchost,18,Normal,Normal
N-07-00237,2026-01-13T05:36:22,Government Financial Systems,S07-APP01,svchost,6,Normal,Normal
N-07-00238,2026-01-17T12:20:13,Government Financial Systems,S07-BKP01,svchost,14,Normal,Normal
N-07-00239,2026-01-16T01:58:03,Government Financial Systems,S07-GW01,nginx,3,Normal,Normal
N-07-00240,2026-01-17T11:02:39,Government Financial Systems,S07-BKP01,python,12,Normal,Normal
N-07-00241,2026-01-14T13:15:22,Government Financial Systems,S07-GW01,svchost,2,Normal,Normal
N-07-00242,2026-01-10T15:05:09,Government Financial Systems,S07-MGMT01,nginx,2,Normal,Normal
N-07-00243,2026-01-12T02:43:30,Government Financial Systems,S07-CTRL01,java,14,Normal,Normal
N-07-00244,2026-01-07T12:24:54,Government Financial Systems,S07-BKP01,powershell,1,Normal,Normal
N-07-00245,2026-01-15T12:25:07,Government Financial Systems,S07-GW01,svchost,20,Normal,Normal
N-07-00246,2026-01-07T05:34:06,Government Financial Systems,S07-MON01,python,3,Normal,Normal
N-07-00247,2026-01-15T18:21:39,Government Financial Systems,S07-BKP01,powershell,10,Normal,Normal
N-07-00248,2026-01-05T16:06:47,Government Financial Systems,S07-MGMT01,powershell,0,Normal,Normal
N-07-00249,2026-01-18T00:13:20,Government Financial Systems,S07-DB01,java,12,Normal,Normal
N-07-00250,2026-01-05T14:28:08,Government Financial Systems,S07-BKP01,python,14,Normal,Normal
N-07-00251,2026-01-02T02:21:30,Government Financial Systems,S07-CTRL01,python,8,Normal,Normal
N-07-00252,2026-01-14T04:36:48,Government Financial Systems,S07-GW01,python,13,Normal,Normal
N-07-00253,2026-01-05T00:51:54,Government Financial Systems,S07-DB01,svchost,3,Normal,Normal
N-07-00254,2026-01-02T12:54:26,Government Financial Systems,S07-APP01,java,9,Normal,Normal
N-07-00255,2026-01-15T02:01:17,Government Financial Systems,S07-MGMT01,java,13,Normal,Normal
N-07-00256,2026-01-15T03:24:30,Government Financial Systems,S07-GW01,powershell,10,Normal,Normal
N-07-00257,2026-01-11T11:21:04,Government Financial Systems,S07-VPN01,nginx,0,Normal,Normal
N-07-00258,2026-01-04T09:17:11,Government Financial Systems,S07-DB01,nginx,14,Normal,Normal
N-07-00259,2026-01-07T01:25:24,Government Financial Systems,S07-MGMT01,powershell,8,Normal,Normal
N-07-00260,2026-01-02T11:14:07,Government Financial Systems,S07-WS01,java,19,Normal,Normal
N-07-00261,2026-01-16T17:55:01,Government Financial Systems,S07-AUTH01,powershell,20,Normal,Normal
N-07-00262,2026-01-03T12:00:54,Government Financial Systems,S07-VPN01,python,6,Normal,Normal
N-07-00263,2026-01-21T03:46:38,Government Financial Systems,S07-BKP01,python,11,Normal,Normal
N-07-00264,2026-01-01T09:38:06,Government Financial Systems,S07-VPN01,python,12,Normal,Normal
N-07-00265,2026-01-02T22:21:16,Government Financial Systems,S07-WS01,powershell,14,Normal,Normal
N-07-00266,2026-01-04T21:37:34,Government Financial Systems,S07-APP01,nginx,1,Normal,Normal
N-07-00267,2026-01-13T15:03:57,Government Financial Systems,S07-MON01,powershell,11,Normal,Normal
N-07-00268,2026-01-10T22:59:07,Government Financial Systems,S07-APP01,svchost,10,Normal,Normal
N-07-00269,2026-01-14T14:08:14,Government Financial Systems,S07-GW01,java,19,Normal,Normal
N-07-00270,2026-01-15T16:57:23,Government Financial Systems,S07-CTRL01,nginx,12,Normal,Normal
N-07-00271,2026-01-20T02:57:16,Government Financial Systems,S07-CTRL01,nginx,12,Normal,Normal
N-07-00272,2026-01-18T09:34:48,Government Financial Systems,S07-AUTH01,powershell,13,Normal,Normal
N-07-00273,2026-01-07T22:17:53,Government Financial Systems,S07-MON01,java,5,Normal,Normal
N-07-00274,2026-01-15T18:14:05,Government Financial Systems,S07-MON01,python,15,Normal,Normal
N-07-00275,2026-01-04T21:26:01,Government Financial Systems,S07-BKP01,nginx,3,Normal,Normal
N-07-00276,2026-01-04T03:54:23,Government Financial Systems,S07-MON01,svchost,13,Normal,Normal
N-07-00277,2026-01-03T16:28:10,Government Financial Systems,S07-BKP01,powershell,18,Normal,Normal
N-07-00278,2026-01-17T07:21:32,Government Financial Systems,S07-GW01,powershell,2,Normal,Normal
N-07-00279,2026-01-10T03:38:55,Government Financial Systems,S07-APP01,powershell,4,Normal,Normal
N-07-00280,2026-01-07T18:42:25,Government Financial Systems,S07-GW01,powershell,3,Normal,Normal
N-07-00281,2026-01-17T03:38:12,Government Financial Systems,S07-MON01,powershell,15,Normal,Normal
N-07-00282,2026-01-05T01:07:34,Government Financial Systems,S07-GW01,powershell,8,Normal,Normal
N-07-00283,2026-01-16T02:55:01,Government Financial Systems,S07-APP01,svchost,13,Normal,Normal
N-07-00284,2026-01-20T06:27:54,Government Financial Systems,S07-MON01,python,8,Normal,Normal
N-07-00285,2026-01-05T11:46:54,Government Financial Systems,S07-BKP01,powershell,5,Normal,Normal
N-07-00286,2026-01-12T23:38:39,Government Financial Systems,S07-WS01,java,17,Normal,Normal
N-07-00287,2026-01-19T11:43:39,Government Financial Systems,S07-MON01,svchost,11,Normal,Normal
N-07-00288,2026-01-01T10:33:44,Government Financial Systems,S07-DB01,svchost,17,Normal,Normal
N-07-00289,2026-01-13T11:37:31,Government Financial Systems,S07-AUTH01,svchost,16,Normal,Normal
N-07-00290,2026-01-05T18:10:34,Government Financial Systems,S07-MON01,python,19,Normal,Normal
N-07-00291,2026-01-06T23:55:33,Government Financial Systems,S07-DB01,svchost,14,Normal,Normal
N-07-00292,2026-01-04T02:55:27,Government Financial Systems,S07-MON01,java,3,Normal,Normal
N-07-00293,2026-01-04T17:59:14,Government Financial Systems,S07-MON01,powershell,15,Normal,Normal
N-07-00294,2026-01-18T16:36:19,Government Financial Systems,S07-VPN01,python,6,Normal,Normal
N-07-00295,2026-01-10T02:08:37,Government Financial Systems,S07-MGMT01,powershell,1,Normal,Normal
N-07-00296,2026-01-09T09:00:39,Government Financial Systems,S07-DB01,python,0,Normal,Normal
N-07-00297,2026-01-14T23:26:09,Government Financial Systems,S07-AUTH01,powershell,1,Normal,Normal
N-07-00298,2026-01-09T06:59:24,Government Financial Systems,S07-MON01,nginx,4,Normal,Normal
N-07-00299,2026-01-11T05:58:25,Government Financial Systems,S07-GW01,svchost,13,Normal,Normal
N-07-00300,2026-01-20T11:55:45,Government Financial Systems,S07-CTRL01,nginx,14,Normal,Normal
N-07-00301,2026-01-08T05:10:05,Government Financial Systems,S07-VPN01,svchost,17,Normal,Normal
N-07-00302,2026-01-13T02:17:13,Government Financial Systems,S07-MON01,nginx,1,Normal,Normal
N-07-00303,2026-01-19T11:40:48,Government Financial Systems,S07-APP01,java,13,Normal,Normal
N-07-00304,2026-01-10T02:07:58,Government Financial Systems,S07-MON01,nginx,8,Normal,Normal
N-07-00305,2026-01-15T00:52:01,Government Financial Systems,S07-MGMT01,nginx,16,Normal,Normal
N-07-00306,2026-01-17T13:42:03,Government Financial Systems,S07-MON01,python,8,Normal,Normal
N-07-00307,2026-01-18T20:42:35,Government Financial Systems,S07-CTRL01,java,1,Normal,Normal
N-07-00308,2026-01-10T18:54:58,Government Financial Systems,S07-MON01,java,6,Normal,Normal
N-07-00309,2026-01-20T18:22:15,Government Financial Systems,S07-VPN01,nginx,3,Normal,Normal
N-07-00310,2026-01-14T20:37:22,Government Financial Systems,S07-DB01,java,8,Normal,Normal
N-07-00311,2026-01-15T11:30:22,Government Financial Systems,S07-CTRL01,python,12,Normal,Normal
N-07-00312,2026-01-08T07:03:19,Government Financial Systems,S07-BKP01,nginx,16,Normal,Normal
N-07-00313,2026-01-04T13:07:52,Government Financial Systems,S07-MGMT01,powershell,4,Normal,Normal
N-07-00314,2026-01-03T23:37:40,Government Financial Systems,S07-CTRL01,svchost,10,Normal,Normal
N-07-00315,2026-01-21T00:34:32,Government Financial Systems,S07-MON01,python,1,Normal,Normal
N-07-00316,2026-01-16T15:31:19,Government Financial Systems,S07-GW01,java,15,Normal,Normal
N-07-00317,2026-01-18T12:15:45,Government Financial Systems,S07-GW01,powershell,0,Normal,Normal
N-07-00318,2026-01-07T16:12:26,Government Financial Systems,S07-MGMT01,java,17,Normal,Normal
N-07-00319,2026-01-06T04:38:00,Government Financial Systems,S07-VPN01,python,3,Normal,Normal
N-07-00320,2026-01-17T09:12:42,Government Financial Systems,S07-MGMT01,powershell,16,Normal,Normal
N-07-00321,2026-01-14T18:43:01,Government Financial Systems,S07-GW01,powershell,17,Normal,Normal
N-07-00322,2026-01-19T06:14:30,Government Financial Systems,S07-CTRL01,python,19,Normal,Normal
N-07-00323,2026-01-07T01:57:31,Government Financial Systems,S07-MGMT01,svchost,11,Normal,Normal
N-07-00324,2026-01-06T23:40:49,Government Financial Systems,S07-GW01,nginx,4,Normal,Normal
N-07-00325,2026-01-10T15:06:35,Government Financial Systems,S07-MON01,java,6,Normal,Normal
N-07-00326,2026-01-04T16:00:15,Government Financial Systems,S07-MON01,svchost,4,Normal,Normal
N-07-00327,2026-01-20T11:50:39,Government Financial Systems,S07-DB01,svchost,19,Normal,Normal
N-07-00328,2026-01-02T05:11:01,Government Financial Systems,S07-WS01,nginx,3,Normal,Normal
N-07-00329,2026-01-13T21:47:59,Government Financial Systems,S07-MON01,svchost,20,Normal,Normal
N-07-00330,2026-01-19T10:05:59,Government Financial Systems,S07-APP01,svchost,12,Normal,Normal
N-07-00331,2026-01-10T01:30:16,Government Financial Systems,S07-VPN01,java,18,Normal,Normal
N-07-00332,2026-01-04T15:11:44,Government Financial Systems,S07-APP01,python,13,Normal,Normal
N-07-00333,2026-01-12T05:45:02,Government Financial Systems,S07-MGMT01,powershell,1,Normal,Normal
N-07-00334,2026-01-08T07:49:34,Government Financial Systems,S07-WS01,nginx,9,Normal,Normal
N-07-00335,2026-01-02T19:47:24,Government Financial Systems,S07-CTRL01,nginx,8,Normal,Normal
N-07-00336,2026-01-13T19:45:44,Government Financial Systems,S07-AUTH01,nginx,13,Normal,Normal
N-07-00337,2026-01-08T23:22:25,Government Financial Systems,S07-BKP01,python,18,Normal,Normal
N-07-00338,2026-01-07T09:41:10,Government Financial Systems,S07-VPN01,svchost,20,Normal,Normal
N-07-00339,2026-01-20T02:12:39,Government Financial Systems,S07-DB01,nginx,8,Normal,Normal
N-07-00340,2026-01-16T18:48:59,Government Financial Systems,S07-GW01,svchost,3,Normal,Normal
N-07-00341,2026-01-08T07:04:11,Government Financial Systems,S07-MON01,nginx,6,Normal,Normal
N-07-00342,2026-01-13T07:03:52,Government Financial Systems,S07-AUTH01,svchost,8,Normal,Normal
N-07-00343,2026-01-04T05:45:47,Government Financial Systems,S07-MON01,svchost,7,Normal,Normal
N-07-00344,2026-01-09T16:59:34,Government Financial Systems,S07-WS01,powershell,11,Normal,Normal
N-07-00345,2026-01-11T10:00:04,Government Financial Systems,S07-GW01,python,12,Normal,Normal
N-07-00346,2026-01-04T07:54:38,Government Financial Systems,S07-VPN01,java,3,Normal,Normal
N-07-00347,2026-01-19T14:29:44,Government Financial Systems,S07-GW01,python,5,Normal,Normal
N-07-00348,2026-01-20T10:09:33,Government Financial Systems,S07-MON01,svchost,7,Normal,Normal
N-07-00349,2026-01-01T08:03:55,Government Financial Systems,S07-MON01,svchost,10,Normal,Normal
N-07-00350,2026-01-11T14:46:12,Government Financial Systems,S07-MGMT01,svchost,6,Normal,Normal
N-07-00351,2026-01-07T12:41:34,Government Financial Systems,S07-WS01,nginx,7,Normal,Normal
N-07-00352,2026-01-17T15:43:57,Government Financial Systems,S07-APP01,svchost,19,Normal,Normal
N-07-00353,2026-01-04T00:04:35,Government Financial Systems,S07-WS01,nginx,10,Normal,Normal
N-07-00354,2026-01-04T19:21:37,Government Financial Systems,S07-VPN01,powershell,7,Normal,Normal
N-07-00355,2026-01-12T13:15:13,Government Financial Systems,S07-WS01,powershell,8,Normal,Normal
N-07-00356,2026-01-14T16:50:07,Government Financial Systems,S07-MGMT01,svchost,4,Normal,Normal
N-07-00357,2026-01-12T14:43:35,Government Financial Systems,S07-AUTH01,svchost,20,Normal,Normal
N-07-00358,2026-01-04T12:38:03,Government Financial Systems,S07-DB01,powershell,11,Normal,Normal
N-07-00359,2026-01-10T20:19:02,Government Financial Systems,S07-CTRL01,nginx,9,Normal,Normal
N-07-00360,2026-01-02T15:30:34,Government Financial Systems,S07-CTRL01,python,18,Normal,Normal
N-07-00361,2026-01-12T13:19:20,Government Financial Systems,S07-APP01,python,18,Normal,Normal
N-07-00362,2026-01-20T20:43:17,Government Financial Systems,S07-WS01,svchost,16,Normal,Normal
N-07-00363,2026-01-04T00:33:03,Government Financial Systems,S07-MON01,svchost,20,Normal,Normal
N-07-00364,2026-01-14T02:48:04,Government Financial Systems,S07-APP01,powershell,9,Normal,Normal
N-07-00365,2026-01-04T13:31:41,Government Financial Systems,S07-AUTH01,nginx,9,Normal,Normal
N-07-00366,2026-01-11T06:30:31,Government Financial Systems,S07-MON01,nginx,14,Normal,Normal
N-07-00367,2026-01-15T08:09:24,Government Financial Systems,S07-APP01,svchost,10,Normal,Normal
N-07-00368,2026-01-13T07:17:17,Government Financial Systems,S07-WS01,powershell,15,Normal,Normal
N-07-00369,2026-01-01T22:07:17,Government Financial Systems,S07-CTRL01,java,10,Normal,Normal
N-07-00370,2026-01-20T06:29:48,Government Financial Systems,S07-AUTH01,svchost,10,Normal,Normal
N-07-00371,2026-01-06T08:51:46,Government Financial Systems,S07-VPN01,java,3,Normal,Normal
N-07-00372,2026-01-05T18:32:35,Government Financial Systems,S07-AUTH01,svchost,7,Normal,Normal
N-07-00373,2026-01-06T01:19:30,Government Financial Systems,S07-CTRL01,nginx,15,Normal,Normal
N-07-00374,2026-01-16T07:44:08,Government Financial Systems,S07-BKP01,svchost,2,Normal,Normal
N-07-00375,2026-01-08T08:39:59,Government Financial Systems,S07-MGMT01,nginx,12,Normal,Normal
N-07-00376,2026-01-05T22:09:30,Government Financial Systems,S07-AUTH01,svchost,10,Normal,Normal
N-07-00377,2026-01-11T00:27:02,Government Financial Systems,S07-WS01,java,7,Normal,Normal
N-07-00378,2026-01-05T01:58:24,Government Financial Systems,S07-APP01,python,2,Normal,Normal
N-07-00379,2026-01-13T15:37:42,Government Financial Systems,S07-MGMT01,python,20,Normal,Normal
N-07-00380,2026-01-02T10:20:18,Government Financial Systems,S07-MGMT01,java,19,Normal,Normal
N-07-00381,2026-01-04T02:57:45,Government Financial Systems,S07-MON01,java,11,Normal,Normal
N-07-00382,2026-01-07T10:38:17,Government Financial Systems,S07-AUTH01,svchost,6,Normal,Normal
N-07-00383,2026-01-19T15:06:03,Government Financial Systems,S07-VPN01,java,4,Normal,Normal
N-07-00384,2026-01-18T00:14:18,Government Financial Systems,S07-VPN01,powershell,14,Normal,Normal
N-07-00385,2026-01-06T07:03:32,Government Financial Systems,S07-VPN01,nginx,18,Normal,Normal
N-07-00386,2026-01-08T23:42:03,Government Financial Systems,S07-APP01,svchost,19,Normal,Normal
N-07-00387,2026-01-11T15:32:02,Government Financial Systems,S07-WS01,nginx,18,Normal,Normal
N-07-00388,2026-01-13T01:27:00,Government Financial Systems,S07-MGMT01,java,11,Normal,Normal
N-07-00389,2026-01-06T23:18:24,Government Financial Systems,S07-CTRL01,nginx,17,Normal,Normal
N-07-00390,2026-01-12T17:49:47,Government Financial Systems,S07-WS01,python,15,Normal,Normal
N-07-00391,2026-01-05T08:12:19,Government Financial Systems,S07-BKP01,nginx,11,Normal,Normal
N-07-00392,2026-01-19T17:47:34,Government Financial Systems,S07-MON01,svchost,4,Normal,Normal
N-07-00393,2026-01-02T12:56:05,Government Financial Systems,S07-DB01,powershell,12,Normal,Normal
N-07-00394,2026-01-01T12:35:31,Government Financial Systems,S07-APP01,powershell,18,Normal,Normal
N-07-00395,2026-01-14T11:28:44,Government Financial Systems,S07-GW01,svchost,11,Normal,Normal
N-07-00396,2026-01-11T15:01:16,Government Financial Systems,S07-GW01,svchost,4,Normal,Normal
N-07-00397,2026-01-10T01:09:08,Government Financial Systems,S07-MON01,powershell,14,Normal,Normal
N-07-00398,2026-01-18T22:32:53,Government Financial Systems,S07-WS01,nginx,6,Normal,Normal
N-07-00399,2026-01-07T00:32:35,Government Financial Systems,S07-DB01,nginx,12,Normal,Normal
N-07-00400,2026-01-04T12:18:45,Government Financial Systems,S07-BKP01,svchost,12,Normal,Normal
N-07-00401,2026-01-09T08:17:33,Government Financial Systems,S07-APP01,java,0,Normal,Normal
N-07-00402,2026-01-02T08:19:07,Government Financial Systems,S07-APP01,nginx,1,Normal,Normal
N-07-00403,2026-01-10T06:49:40,Government Financial Systems,S07-BKP01,java,13,Normal,Normal
N-07-00404,2026-01-06T12:38:38,Government Financial Systems,S07-APP01,svchost,18,Normal,Normal
N-07-00405,2026-01-09T09:45:37,Government Financial Systems,S07-WS01,python,2,Normal,Normal
N-07-00406,2026-01-08T16:50:39,Government Financial Systems,S07-DB01,svchost,13,Normal,Normal
N-07-00407,2026-01-20T05:17:11,Government Financial Systems,S07-MGMT01,nginx,10,Normal,Normal
N-07-00408,2026-01-09T11:51:38,Government Financial Systems,S07-GW01,python,6,Normal,Normal
N-07-00409,2026-01-01T19:57:11,Government Financial Systems,S07-WS01,powershell,15,Normal,Normal
N-07-00410,2026-01-08T10:50:32,Government Financial Systems,S07-GW01,powershell,15,Normal,Normal
N-07-00411,2026-01-11T02:43:46,Government Financial Systems,S07-MON01,nginx,19,Normal,Normal
N-07-00412,2026-01-09T07:35:06,Government Financial Systems,S07-APP01,svchost,13,Normal,Normal
N-07-00413,2026-01-16T07:12:00,Government Financial Systems,S07-APP01,java,20,Normal,Normal
N-07-00414,2026-01-19T01:19:11,Government Financial Systems,S07-APP01,java,15,Normal,Normal
N-07-00415,2026-01-16T02:06:17,Government Financial Systems,S07-BKP01,python,12,Normal,Normal
N-07-00416,2026-01-08T17:20:08,Government Financial Systems,S07-APP01,powershell,2,Normal,Normal
N-07-00417,2026-01-01T12:16:38,Government Financial Systems,S07-GW01,powershell,18,Normal,Normal
N-07-00418,2026-01-20T14:48:08,Government Financial Systems,S07-WS01,java,1,Normal,Normal
N-07-00419,2026-01-09T15:10:13,Government Financial Systems,S07-AUTH01,nginx,6,Normal,Normal
N-07-00420,2026-01-15T03:50:38,Government Financial Systems,S07-DB01,powershell,13,Normal,Normal
N-07-00421,2026-01-04T11:48:25,Government Financial Systems,S07-WS01,python,17,Normal,Normal
N-07-00422,2026-01-09T03:03:52,Government Financial Systems,S07-VPN01,python,12,Normal,Normal
N-07-00423,2026-01-14T23:28:08,Government Financial Systems,S07-DB01,svchost,19,Normal,Normal
N-07-00424,2026-01-11T12:17:15,Government Financial Systems,S07-GW01,python,14,Normal,Normal
N-07-00425,2026-01-13T11:21:43,Government Financial Systems,S07-DB01,python,15,Normal,Normal
N-07-00426,2026-01-19T07:26:15,Government Financial Systems,S07-VPN01,java,20,Normal,Normal
N-07-00427,2026-01-11T13:58:52,Government Financial Systems,S07-MGMT01,java,6,Normal,Normal
N-07-00428,2026-01-09T20:28:13,Government Financial Systems,S07-VPN01,nginx,2,Normal,Normal
N-07-00429,2026-01-11T06:21:38,Government Financial Systems,S07-AUTH01,python,14,Normal,Normal
N-07-00430,2026-01-05T04:57:35,Government Financial Systems,S07-VPN01,java,0,Normal,Normal
N-07-00431,2026-01-09T07:24:27,Government Financial Systems,S07-AUTH01,python,20,Normal,Normal
N-07-00432,2026-01-20T02:56:48,Government Financial Systems,S07-WS01,powershell,3,Normal,Normal
N-07-00433,2026-01-07T06:32:37,Government Financial Systems,S07-AUTH01,java,6,Normal,Normal
N-07-00434,2026-01-12T08:27:10,Government Financial Systems,S07-VPN01,nginx,18,Normal,Normal
N-07-00435,2026-01-13T21:29:56,Government Financial Systems,S07-APP01,svchost,3,Normal,Normal
N-07-00436,2026-01-11T03:42:07,Government Financial Systems,S07-VPN01,java,6,Normal,Normal
N-07-00437,2026-01-14T20:30:18,Government Financial Systems,S07-GW01,powershell,4,Normal,Normal
N-07-00438,2026-01-02T17:36:29,Government Financial Systems,S07-WS01,svchost,10,Normal,Normal
N-07-00439,2026-01-07T07:33:21,Government Financial Systems,S07-MGMT01,nginx,6,Normal,Normal
N-07-00440,2026-01-03T22:59:54,Government Financial Systems,S07-GW01,java,7,Normal,Normal
N-07-00441,2026-01-07T02:17:11,Government Financial Systems,S07-DB01,python,12,Normal,Normal
N-07-00442,2026-01-08T00:35:21,Government Financial Systems,S07-MGMT01,nginx,11,Normal,Normal
N-07-00443,2026-01-19T14:58:28,Government Financial Systems,S07-CTRL01,svchost,2,Normal,Normal
N-07-00444,2026-01-19T03:41:39,Government Financial Systems,S07-AUTH01,powershell,3,Normal,Normal
N-07-00445,2026-01-01T12:08:51,Government Financial Systems,S07-BKP01,svchost,12,Normal,Normal
N-07-00446,2026-01-11T14:51:05,Government Financial Systems,S07-AUTH01,powershell,15,Normal,Normal
N-07-00447,2026-01-19T17:42:37,Government Financial Systems,S07-AUTH01,svchost,14,Normal,Normal
N-07-00448,2026-01-14T18:58:10,Government Financial Systems,S07-DB01,powershell,4,Normal,Normal
N-07-00449,2026-01-01T20:38:02,Government Financial Systems,S07-DB01,java,17,Normal,Normal
N-07-00450,2026-01-11T19:53:35,Government Financial Systems,S07-CTRL01,svchost,12,Normal,Normal
N-07-00451,2026-01-09T02:39:39,Government Financial Systems,S07-BKP01,python,11,Normal,Normal
N-07-00452,2026-01-20T20:40:16,Government Financial Systems,S07-DB01,powershell,7,Normal,Normal
N-07-00453,2026-01-15T18:32:30,Government Financial Systems,S07-CTRL01,svchost,4,Normal,Normal
N-07-00454,2026-01-17T01:21:24,Government Financial Systems,S07-CTRL01,powershell,1,Normal,Normal
N-07-00455,2026-01-07T06:20:00,Government Financial Systems,S07-APP01,python,19,Normal,Normal
N-07-00456,2026-01-15T04:08:20,Government Financial Systems,S07-CTRL01,java,17,Normal,Normal
N-07-00457,2026-01-03T12:52:45,Government Financial Systems,S07-CTRL01,java,14,Normal,Normal
N-07-00458,2026-01-15T00:32:02,Government Financial Systems,S07-AUTH01,powershell,11,Normal,Normal
N-07-00459,2026-01-16T22:15:42,Government Financial Systems,S07-CTRL01,powershell,14,Normal,Normal
N-07-00460,2026-01-09T04:13:37,Government Financial Systems,S07-WS01,powershell,6,Normal,Normal
N-07-00461,2026-01-08T01:26:40,Government Financial Systems,S07-GW01,svchost,9,Normal,Normal
N-07-00462,2026-01-20T07:24:42,Government Financial Systems,S07-BKP01,python,20,Normal,Normal
N-07-00463,2026-01-04T03:56:12,Government Financial Systems,S07-WS01,powershell,9,Normal,Normal
N-07-00464,2026-01-07T16:43:05,Government Financial Systems,S07-MGMT01,powershell,6,Normal,Normal
N-07-00465,2026-01-01T13:57:23,Government Financial Systems,S07-BKP01,python,11,Normal,Normal
N-07-00466,2026-01-19T15:09:10,Government Financial Systems,S07-DB01,powershell,0,Normal,Normal
N-07-00467,2026-01-18T11:00:06,Government Financial Systems,S07-BKP01,java,4,Normal,Normal
N-07-00468,2026-01-07T05:41:31,Government Financial Systems,S07-DB01,java,6,Normal,Normal
N-07-00469,2026-01-03T02:32:38,Government Financial Systems,S07-VPN01,powershell,17,Normal,Normal
N-07-00470,2026-01-15T01:56:34,Government Financial Systems,S07-MGMT01,svchost,2,Normal,Normal
N-07-00471,2026-01-17T12:55:03,Government Financial Systems,S07-WS01,nginx,12,Normal,Normal
N-07-00472,2026-01-14T08:22:31,Government Financial Systems,S07-GW01,powershell,4,Normal,Normal
N-07-00473,2026-01-10T13:29:00,Government Financial Systems,S07-WS01,java,18,Normal,Normal
N-07-00474,2026-01-04T17:27:57,Government Financial Systems,S07-AUTH01,java,7,Normal,Normal
N-07-00475,2026-01-04T10:57:18,Government Financial Systems,S07-GW01,svchost,17,Normal,Normal
N-07-00476,2026-01-03T06:32:51,Government Financial Systems,S07-GW01,powershell,20,Normal,Normal
N-07-00477,2026-01-05T01:27:36,Government Financial Systems,S07-CTRL01,python,10,Normal,Normal
N-07-00478,2026-01-05T23:02:30,Government Financial Systems,S07-GW01,powershell,20,Normal,Normal
N-07-00479,2026-01-04T04:29:32,Government Financial Systems,S07-AUTH01,nginx,19,Normal,Normal
N-07-00480,2026-01-07T15:28:19,Government Financial Systems,S07-MGMT01,nginx,18,Normal,Normal
N-07-00481,2026-01-14T00:09:59,Government Financial Systems,S07-APP01,svchost,10,Normal,Normal
N-07-00482,2026-01-10T03:52:09,Government Financial Systems,S07-MON01,svchost,13,Normal,Normal
N-07-00483,2026-01-03T16:30:28,Government Financial Systems,S07-MON01,powershell,15,Normal,Normal
N-07-00484,2026-01-17T11:57:21,Government Financial Systems,S07-MGMT01,nginx,9,Normal,Normal
N-07-00485,2026-01-18T01:49:37,Government Financial Systems,S07-VPN01,python,20,Normal,Normal
N-07-00486,2026-01-14T22:45:44,Government Financial Systems,S07-GW01,svchost,20,Normal,Normal
N-07-00487,2026-01-07T16:19:30,Government Financial Systems,S07-DB01,svchost,8,Normal,Normal
N-07-00488,2026-01-20T02:40:16,Government Financial Systems,S07-MON01,svchost,9,Normal,Normal
N-07-00489,2026-01-02T15:01:54,Government Financial Systems,S07-WS01,java,18,Normal,Normal
N-07-00490,2026-01-12T20:00:17,Government Financial Systems,S07-BKP01,nginx,10,Normal,Normal
N-07-00491,2026-01-12T21:24:22,Government Financial Systems,S07-MON01,python,6,Normal,Normal
N-07-00492,2026-01-07T13:03:11,Government Financial Systems,S07-MON01,java,20,Normal,Normal
N-07-00493,2026-01-03T11:43:27,Government Financial Systems,S07-MON01,powershell,1,Normal,Normal
N-07-00494,2026-01-13T16:51:44,Government Financial Systems,S07-CTRL01,java,8,Normal,Normal
N-07-00495,2026-01-19T08:32:15,Government Financial Systems,S07-MGMT01,java,1,Normal,Normal
N-07-00496,2026-01-15T19:12:23,Government Financial Systems,S07-GW01,java,1,Normal,Normal
N-07-00497,2026-01-13T03:37:34,Government Financial Systems,S07-DB01,java,20,Normal,Normal
N-07-00498,2026-01-07T07:43:29,Government Financial Systems,S07-MGMT01,python,2,Normal,Normal
N-07-00499,2026-01-18T16:37:25,Government Financial Systems,S07-DB01,powershell,11,Normal,Normal
N-07-00500,2026-01-10T14:56:36,Government Financial Systems,S07-MON01,svchost,5,Normal,Normal
N-07-00501,2026-01-09T05:11:44,Government Financial Systems,S07-AUTH01,java,7,Normal,Normal
N-07-00502,2026-01-09T23:41:16,Government Financial Systems,S07-CTRL01,powershell,3,Normal,Normal
N-07-00503,2026-01-08T19:51:44,Government Financial Systems,S07-MGMT01,python,0,Normal,Normal
N-07-00504,2026-01-02T11:39:52,Government Financial Systems,S07-AUTH01,powershell,2,Normal,Normal
N-07-00505,2026-01-12T09:06:26,Government Financial Systems,S07-VPN01,python,13,Normal,Normal
N-07-00506,2026-01-08T05:21:27,Government Financial Systems,S07-WS01,python,0,Normal,Normal
N-07-00507,2026-01-15T12:04:36,Government Financial Systems,S07-BKP01,java,16,Normal,Normal
N-07-00508,2026-01-05T06:17:06,Government Financial Systems,S07-GW01,nginx,20,Normal,Normal
N-07-00509,2026-01-02T21:18:00,Government Financial Systems,S07-DB01,java,16,Normal,Normal
N-07-00510,2026-01-08T13:18:10,Government Financial Systems,S07-AUTH01,python,19,Normal,Normal
N-07-00511,2026-01-01T10:23:20,Government Financial Systems,S07-BKP01,svchost,17,Normal,Normal
N-07-00512,2026-01-04T16:50:49,Government Financial Systems,S07-AUTH01,svchost,17,Normal,Normal
N-07-00513,2026-01-09T17:09:28,Government Financial Systems,S07-WS01,svchost,12,Normal,Normal
N-07-00514,2026-01-12T18:08:15,Government Financial Systems,S07-GW01,java,10,Normal,Normal
N-07-00515,2026-01-13T00:32:08,Government Financial Systems,S07-DB01,powershell,6,Normal,Normal
N-07-00516,2026-01-13T01:15:29,Government Financial Systems,S07-CTRL01,java,11,Normal,Normal
N-07-00517,2026-01-17T00:16:54,Government Financial Systems,S07-DB01,python,4,Normal,Normal
N-07-00518,2026-01-05T05:11:22,Government Financial Systems,S07-WS01,java,13,Normal,Normal
N-07-00519,2026-01-14T09:59:57,Government Financial Systems,S07-APP01,python,8,Normal,Normal
N-07-00520,2026-01-13T15:50:26,Government Financial Systems,S07-CTRL01,svchost,2,Normal,Normal
N-07-00521,2026-01-16T00:37:35,Government Financial Systems,S07-MON01,svchost,16,Normal,Normal
N-07-00522,2026-01-06T01:54:57,Government Financial Systems,S07-AUTH01,powershell,5,Normal,Normal
N-07-00523,2026-01-08T06:39:38,Government Financial Systems,S07-CTRL01,svchost,11,Normal,Normal
N-07-00524,2026-01-17T16:43:54,Government Financial Systems,S07-BKP01,java,11,Normal,Normal
N-07-00525,2026-01-02T16:34:08,Government Financial Systems,S07-AUTH01,java,7,Normal,Normal
N-07-00526,2026-01-18T22:15:52,Government Financial Systems,S07-APP01,powershell,12,Normal,Normal
N-07-00527,2026-01-09T09:24:59,Government Financial Systems,S07-DB01,java,18,Normal,Normal
N-07-00528,2026-01-20T04:50:49,Government Financial Systems,S07-BKP01,nginx,8,Normal,Normal
N-07-00529,2026-01-02T08:44:41,Government Financial Systems,S07-CTRL01,python,7,Normal,Normal
N-07-00530,2026-01-20T16:17:24,Government Financial Systems,S07-AUTH01,nginx,17,Normal,Normal
N-07-00531,2026-01-18T15:24:53,Government Financial Systems,S07-WS01,svchost,9,Normal,Normal
N-07-00532,2026-01-18T22:02:21,Government Financial Systems,S07-CTRL01,powershell,1,Normal,Normal
N-07-00533,2026-01-07T20:07:17,Government Financial Systems,S07-GW01,powershell,17,Normal,Normal
N-07-00534,2026-01-04T03:23:36,Government Financial Systems,S07-BKP01,powershell,6,Normal,Normal
N-07-00535,2026-01-15T10:58:15,Government Financial Systems,S07-BKP01,python,8,Normal,Normal
N-07-00536,2026-01-08T06:10:58,Government Financial Systems,S07-VPN01,java,4,Normal,Normal
N-07-00537,2026-01-05T05:54:48,Government Financial Systems,S07-CTRL01,java,7,Normal,Normal
N-07-00538,2026-01-21T05:25:34,Government Financial Systems,S07-DB01,nginx,2,Normal,Normal
N-07-00539,2026-01-16T19:17:11,Government Financial Systems,S07-MON01,svchost,6,Normal,Normal
N-07-00540,2026-01-07T12:29:36,Government Financial Systems,S07-CTRL01,powershell,1,Normal,Normal
N-07-00541,2026-01-04T06:22:42,Government Financial Systems,S07-GW01,nginx,9,Normal,Normal
N-07-00542,2026-01-01T11:53:39,Government Financial Systems,S07-MON01,java,7,Normal,Normal
N-07-00543,2026-01-17T15:37:28,Government Financial Systems,S07-MGMT01,powershell,13,Normal,Normal
N-07-00544,2026-01-15T06:07:22,Government Financial Systems,S07-MON01,nginx,2,Normal,Normal
N-07-00545,2026-01-19T03:15:33,Government Financial Systems,S07-DB01,powershell,12,Normal,Normal
N-07-00546,2026-01-03T02:10:37,Government Financial Systems,S07-CTRL01,java,4,Normal,Normal
N-07-00547,2026-01-02T00:27:23,Government Financial Systems,S07-MGMT01,nginx,7,Normal,Normal
N-07-00548,2026-01-13T05:03:50,Government Financial Systems,S07-BKP01,svchost,16,Normal,Normal
N-07-00549,2026-01-08T22:33:36,Government Financial Systems,S07-AUTH01,java,14,Normal,Normal
N-07-00550,2026-01-02T04:43:48,Government Financial Systems,S07-AUTH01,python,2,Normal,Normal
N-07-00551,2026-01-16T20:40:33,Government Financial Systems,S07-DB01,svchost,7,Normal,Normal
N-07-00552,2026-01-04T00:31:01,Government Financial Systems,S07-DB01,svchost,6,Normal,Normal
N-07-00553,2026-01-04T11:49:10,Government Financial Systems,S07-WS01,python,20,Normal,Normal
N-07-00554,2026-01-17T18:39:24,Government Financial Systems,S07-WS01,python,5,Normal,Normal
N-07-00555,2026-01-03T07:34:44,Government Financial Systems,S07-GW01,svchost,13,Normal,Normal
N-07-00556,2026-01-01T14:12:44,Government Financial Systems,S07-DB01,svchost,9,Normal,Normal
N-07-00557,2026-01-13T04:14:06,Government Financial Systems,S07-DB01,svchost,13,Normal,Normal
N-07-00558,2026-01-19T00:05:56,Government Financial Systems,S07-APP01,powershell,19,Normal,Normal
N-07-00559,2026-01-17T20:42:17,Government Financial Systems,S07-APP01,python,1,Normal,Normal
N-07-00560,2026-01-06T23:28:02,Government Financial Systems,S07-MON01,python,2,Normal,Normal
N-07-00561,2026-01-08T18:09:46,Government Financial Systems,S07-BKP01,python,1,Normal,Normal
N-07-00562,2026-01-07T13:04:41,Government Financial Systems,S07-WS01,java,15,Normal,Normal
N-07-00563,2026-01-18T14:10:39,Government Financial Systems,S07-VPN01,python,6,Normal,Normal
N-07-00564,2026-01-09T02:42:22,Government Financial Systems,S07-APP01,java,16,Normal,Normal
N-07-00565,2026-01-09T23:16:33,Government Financial Systems,S07-VPN01,svchost,13,Normal,Normal
N-07-00566,2026-01-06T08:56:47,Government Financial Systems,S07-CTRL01,java,1,Normal,Normal
N-07-00567,2026-01-13T19:55:17,Government Financial Systems,S07-CTRL01,java,11,Normal,Normal
N-07-00568,2026-01-09T20:35:17,Government Financial Systems,S07-APP01,java,10,Normal,Normal
N-07-00569,2026-01-15T17:20:57,Government Financial Systems,S07-CTRL01,java,1,Normal,Normal
N-07-00570,2026-01-19T13:09:15,Government Financial Systems,S07-APP01,nginx,15,Normal,Normal
N-07-00571,2026-01-03T01:53:04,Government Financial Systems,S07-GW01,java,19,Normal,Normal
N-07-00572,2026-01-10T07:47:48,Government Financial Systems,S07-MON01,svchost,10,Normal,Normal
N-07-00573,2026-01-10T05:14:03,Government Financial Systems,S07-GW01,python,17,Normal,Normal
N-07-00574,2026-01-05T20:06:59,Government Financial Systems,S07-WS01,python,19,Normal,Normal
N-07-00575,2026-01-16T15:41:05,Government Financial Systems,S07-BKP01,python,6,Normal,Normal
N-07-00576,2026-01-02T22:18:10,Government Financial Systems,S07-VPN01,powershell,8,Normal,Normal
N-07-00577,2026-01-19T09:11:50,Government Financial Systems,S07-CTRL01,nginx,15,Normal,Normal
N-07-00578,2026-01-14T04:31:31,Government Financial Systems,S07-CTRL01,powershell,16,Normal,Normal
N-07-00579,2026-01-04T07:27:54,Government Financial Systems,S07-BKP01,svchost,20,Normal,Normal
N-07-00580,2026-01-06T04:16:03,Government Financial Systems,S07-VPN01,java,20,Normal,Normal
N-07-00581,2026-01-11T00:42:46,Government Financial Systems,S07-WS01,java,19,Normal,Normal
N-07-00582,2026-01-10T16:09:27,Government Financial Systems,S07-MGMT01,svchost,2,Normal,Normal
N-07-00583,2026-01-09T20:00:50,Government Financial Systems,S07-MGMT01,java,11,Normal,Normal
N-07-00584,2026-01-13T00:37:52,Government Financial Systems,S07-BKP01,svchost,4,Normal,Normal
N-07-00585,2026-01-10T11:58:44,Government Financial Systems,S07-AUTH01,svchost,1,Normal,Normal
N-07-00586,2026-01-09T21:31:11,Government Financial Systems,S07-MON01,nginx,20,Normal,Normal
N-07-00587,2026-01-14T12:04:32,Government Financial Systems,S07-BKP01,python,13,Normal,Normal
N-07-00588,2026-01-11T11:12:32,Government Financial Systems,S07-MGMT01,powershell,2,Normal,Normal
N-07-00589,2026-01-02T05:06:05,Government Financial Systems,S07-DB01,svchost,7,Normal,Normal
N-07-00590,2026-01-05T09:20:26,Government Financial Systems,S07-CTRL01,nginx,10,Normal,Normal
N-07-00591,2026-01-12T05:18:39,Government Financial Systems,S07-MGMT01,powershell,3,Normal,Normal
N-07-00592,2026-01-20T19:50:07,Government Financial Systems,S07-BKP01,java,1,Normal,Normal
N-07-00593,2026-01-04T14:37:48,Government Financial Systems,S07-DB01,svchost,16,Normal,Normal
N-07-00594,2026-01-04T10:02:40,Government Financial Systems,S07-VPN01,java,7,Normal,Normal
N-07-00595,2026-01-16T00:53:57,Government Financial Systems,S07-AUTH01,nginx,5,Normal,Normal
N-07-00596,2026-01-04T11:33:34,Government Financial Systems,S07-BKP01,nginx,15,Normal,Normal
N-07-00597,2026-01-03T03:51:39,Government Financial Systems,S07-DB01,nginx,6,Normal,Normal
N-07-00598,2026-01-17T10:03:15,Government Financial Systems,S07-APP01,python,6,Normal,Normal
N-07-00599,2026-01-02T12:23:03,Government Financial Systems,S07-WS01,python,20,Normal,Normal
A-07-SCN061-01-00,2026-01-14T09:03:00,Government Financial Systems,S07-WS01,ssh,57,Reconnaissance,Attack
A-07-SCN061-01-01,2026-01-14T09:05:00,Government Financial Systems,S07-MGMT01,cmd,86,Initial Access,Attack
A-07-SCN061-01-02,2026-01-14T09:13:00,Government Financial Systems,S07-GW01,powershell,3,Credential Access,Attack
A-07-SCN061-01-03,2026-01-14T09:18:00,Government Financial Systems,S07-DB01,ssh,59,Discovery,Attack
A-07-SCN061-01-04,2026-01-14T09:22:00,Government Financial Systems,S07-BKP01,unknown,85,Lateral Movement,Attack
A-07-SCN061-01-05,2026-01-14T09:26:00,Government Financial Systems,S07-CTRL01,ssh,359,Collection,Attack
A-07-SCN061-01-06,2026-01-14T09:30:00,Government Financial Systems,S07-WS01,service-host,1103,Collection,Attack
A-07-SCN061-01-07,2026-01-14T09:37:00,Government Financial Systems,S07-MGMT01,curl,1252,Collection,Attack
A-07-SCN061-01-08,2026-01-14T09:43:00,Government Financial Systems,S07-GW01,python,1483,Collection,Attack
A-07-SCN061-01-09,2026-01-14T09:47:00,Government Financial Systems,S07-DB01,ssh,759,Collection,Attack
A-07-SCN061-02-00,2026-01-14T10:00:00,Government Financial Systems,S07-GW01,curl,84,Reconnaissance,Attack
A-07-SCN061-02-01,2026-01-14T10:08:00,Government Financial Systems,S07-MGMT01,powershell,98,Initial Access,Attack
A-07-SCN061-02-02,2026-01-14T10:12:00,Government Financial Systems,S07-MON01,service-host,88,Credential Access,Attack
A-07-SCN061-02-03,2026-01-14T10:17:00,Government Financial Systems,S07-APP01,unknown,66,Discovery,Attack
A-07-SCN061-02-04,2026-01-14T10:21:00,Government Financial Systems,S07-BKP01,unknown,25,Lateral Movement,Attack
A-07-SCN061-02-05,2026-01-14T10:26:00,Government Financial Systems,S07-WS01,unknown,334,Collection,Attack
A-07-SCN061-02-06,2026-01-14T10:32:00,Government Financial Systems,S07-GW01,cmd,650,Collection,Attack
A-07-SCN061-02-07,2026-01-14T10:38:00,Government Financial Systems,S07-MGMT01,service-host,1894,Collection,Attack
A-07-SCN061-02-08,2026-01-14T10:42:00,Government Financial Systems,S07-MON01,ssh,706,Collection,Attack
A-07-SCN061-02-09,2026-01-14T10:47:00,Government Financial Systems,S07-APP01,ssh,449,Collection,Attack
A-07-SCN061-03-00,2026-01-14T11:03:00,Government Financial Systems,S07-WS01,wmic,47,Reconnaissance,Attack
A-07-SCN061-03-01,2026-01-14T11:08:00,Government Financial Systems,S07-AUTH01,ssh,96,Initial Access,Attack
A-07-SCN061-03-02,2026-01-14T11:11:00,Government Financial Systems,S07-MON01,powershell,94,Credential Access,Attack
A-07-SCN061-03-03,2026-01-14T11:15:00,Government Financial Systems,S07-GW01,unknown,33,Discovery,Attack
A-07-SCN061-03-04,2026-01-14T11:21:00,Government Financial Systems,S07-MGMT01,service-host,26,Lateral Movement,Attack
A-07-SCN061-03-05,2026-01-14T11:25:00,Government Financial Systems,S07-VPN01,python,1368,Collection,Attack
A-07-SCN061-03-06,2026-01-14T11:33:00,Government Financial Systems,S07-WS01,ssh,425,Collection,Attack
A-07-SCN061-03-07,2026-01-14T11:38:00,Government Financial Systems,S07-AUTH01,ssh,738,Collection,Attack
A-07-SCN061-03-08,2026-01-14T11:40:00,Government Financial Systems,S07-MON01,curl,139,Collection,Attack
A-07-SCN061-03-09,2026-01-14T11:47:00,Government Financial Systems,S07-GW01,wmic,438,Collection,Attack
A-07-SCN061-04-00,2026-01-14T12:03:00,Government Financial Systems,S07-DB01,curl,74,Reconnaissance,Attack
A-07-SCN061-04-01,2026-01-14T12:07:00,Government Financial Systems,S07-MON01,cmd,65,Initial Access,Attack
A-07-SCN061-04-02,2026-01-14T12:12:00,Government Financial Systems,S07-BKP01,curl,28,Credential Access,Attack
A-07-SCN061-04-03,2026-01-14T12:17:00,Government Financial Systems,S07-CTRL01,ssh,67,Discovery,Attack
A-07-SCN061-04-04,2026-01-14T12:22:00,Government Financial Systems,S07-MGMT01,python,84,Lateral Movement,Attack
A-07-SCN061-04-05,2026-01-14T12:25:00,Government Financial Systems,S07-APP01,service-host,994,Collection,Attack
A-07-SCN061-04-06,2026-01-14T12:30:00,Government Financial Systems,S07-DB01,ssh,331,Collection,Attack
A-07-SCN061-04-07,2026-01-14T12:36:00,Government Financial Systems,S07-MON01,curl,1080,Collection,Attack
A-07-SCN061-04-08,2026-01-14T12:40:00,Government Financial Systems,S07-BKP01,ssh,1265,Collection,Attack
A-07-SCN061-04-09,2026-01-14T12:48:00,Government Financial Systems,S07-CTRL01,ssh,924,Collection,Attack
A-07-SCN062-01-00,2026-01-14T09:03:00,Government Financial Systems,S07-MON01,ssh,65,Reconnaissance,Attack
A-07-SCN062-01-01,2026-01-14T09:08:00,Government Financial Systems,S07-MGMT01,powershell,16,Initial Access,Attack
A-07-SCN062-01-02,2026-01-14T09:11:00,Government Financial Systems,S07-GW01,wmic,48,Execution,Attack
A-07-SCN062-01-03,2026-01-14T09:18:00,Government Financial Systems,S07-BKP01,curl,87,Persistence,Attack
A-07-SCN062-01-04,2026-01-14T09:22:00,Government Financial Systems,S07-AUTH01,unknown,6,Privilege Escalation,Attack
A-07-SCN062-01-05,2026-01-14T09:27:00,Government Financial Systems,S07-DB01,service-host,69,Discovery,Attack
A-07-SCN062-01-06,2026-01-14T09:32:00,Government Financial Systems,S07-MON01,service-host,60,Lateral Movement,Attack
A-07-SCN062-01-07,2026-01-14T09:37:00,Government Financial Systems,S07-MGMT01,cmd,76,Command and Control,Attack
A-07-SCN062-01-08,2026-01-14T09:40:00,Government Financial Systems,S07-GW01,ssh,48,Command and Control,Attack
A-07-SCN062-01-09,2026-01-14T09:46:00,Government Financial Systems,S07-BKP01,cmd,72,Command and Control,Attack
A-07-SCN062-02-00,2026-01-14T10:01:00,Government Financial Systems,S07-BKP01,unknown,25,Reconnaissance,Attack
A-07-SCN062-02-01,2026-01-14T10:05:00,Government Financial Systems,S07-WS01,python,27,Initial Access,Attack
A-07-SCN062-02-02,2026-01-14T10:11:00,Government Financial Systems,S07-APP01,python,5,Execution,Attack
A-07-SCN062-02-03,2026-01-14T10:16:00,Government Financial Systems,S07-MGMT01,wmic,6,Persistence,Attack
A-07-SCN062-02-04,2026-01-14T10:23:00,Government Financial Systems,S07-DB01,ssh,65,Privilege Escalation,Attack
A-07-SCN062-02-05,2026-01-14T10:26:00,Government Financial Systems,S07-GW01,unknown,95,Discovery,Attack
A-07-SCN062-02-06,2026-01-14T10:32:00,Government Financial Systems,S07-BKP01,python,22,Lateral Movement,Attack
A-07-SCN062-02-07,2026-01-14T10:35:00,Government Financial Systems,S07-WS01,ssh,19,Command and Control,Attack
A-07-SCN062-02-08,2026-01-14T10:42:00,Government Financial Systems,S07-APP01,unknown,81,Command and Control,Attack
A-07-SCN062-02-09,2026-01-14T10:48:00,Government Financial Systems,S07-MGMT01,cmd,1,Command and Control,Attack
A-07-SCN062-03-00,2026-01-14T11:00:00,Government Financial Systems,S07-APP01,cmd,60,Reconnaissance,Attack
A-07-SCN062-03-01,2026-01-14T11:08:00,Government Financial Systems,S07-AUTH01,unknown,59,Initial Access,Attack
A-07-SCN062-03-02,2026-01-14T11:11:00,Government Financial Systems,S07-BKP01,service-host,90,Execution,Attack
A-07-SCN062-03-03,2026-01-14T11:18:00,Government Financial Systems,S07-DB01,curl,32,Persistence,Attack
A-07-SCN062-03-04,2026-01-14T11:22:00,Government Financial Systems,S07-MGMT01,ssh,85,Privilege Escalation,Attack
A-07-SCN062-03-05,2026-01-14T11:27:00,Government Financial Systems,S07-MON01,service-host,75,Discovery,Attack
A-07-SCN062-03-06,2026-01-14T11:30:00,Government Financial Systems,S07-APP01,powershell,79,Lateral Movement,Attack
A-07-SCN062-03-07,2026-01-14T11:36:00,Government Financial Systems,S07-AUTH01,python,83,Command and Control,Attack
A-07-SCN062-03-08,2026-01-14T11:43:00,Government Financial Systems,S07-BKP01,ssh,42,Command and Control,Attack
A-07-SCN062-03-09,2026-01-14T11:47:00,Government Financial Systems,S07-DB01,wmic,36,Command and Control,Attack
A-07-SCN062-04-00,2026-01-14T12:03:00,Government Financial Systems,S07-DB01,unknown,4,Reconnaissance,Attack
A-07-SCN062-04-01,2026-01-14T12:07:00,Government Financial Systems,S07-VPN01,curl,86,Initial Access,Attack
A-07-SCN062-04-02,2026-01-14T12:11:00,Government Financial Systems,S07-AUTH01,wmic,45,Execution,Attack
A-07-SCN062-04-03,2026-01-14T12:15:00,Government Financial Systems,S07-CTRL01,python,8,Persistence,Attack
A-07-SCN062-04-04,2026-01-14T12:22:00,Government Financial Systems,S07-MON01,ssh,20,Privilege Escalation,Attack
A-07-SCN062-04-05,2026-01-14T12:28:00,Government Financial Systems,S07-MGMT01,unknown,88,Discovery,Attack
A-07-SCN062-04-06,2026-01-14T12:32:00,Government Financial Systems,S07-DB01,ssh,4,Lateral Movement,Attack
A-07-SCN062-04-07,2026-01-14T12:36:00,Government Financial Systems,S07-VPN01,unknown,21,Command and Control,Attack
A-07-SCN062-04-08,2026-01-14T12:40:00,Government Financial Systems,S07-AUTH01,unknown,32,Command and Control,Attack
A-07-SCN062-04-09,2026-01-14T12:48:00,Government Financial Systems,S07-CTRL01,powershell,35,Command and Control,Attack
A-07-SCN063-01-00,2026-01-14T09:00:00,Government Financial Systems,S07-APP01,wmic,99,Reconnaissance,Attack
A-07-SCN063-01-01,2026-01-14T09:06:00,Government Financial Systems,S07-BKP01,python,15,Initial Access,Attack
A-07-SCN063-01-02,2026-01-14T09:13:00,Government Financial Systems,S07-MGMT01,ssh,85,Credential Access,Attack
A-07-SCN063-01-03,2026-01-14T09:15:00,Government Financial Systems,S07-DB01,service-host,78,Discovery,Attack
A-07-SCN063-01-04,2026-01-14T09:21:00,Government Financial Systems,S07-VPN01,powershell,339,Collection,Attack
A-07-SCN063-01-05,2026-01-14T09:27:00,Government Financial Systems,S07-GW01,service-host,7,Exfiltration,Attack
A-07-SCN063-01-06,2026-01-14T09:33:00,Government Financial Systems,S07-APP01,powershell,100,Exfiltration,Attack
A-07-SCN063-01-07,2026-01-14T09:37:00,Government Financial Systems,S07-BKP01,unknown,61,Exfiltration,Attack
A-07-SCN063-01-08,2026-01-14T09:43:00,Government Financial Systems,S07-MGMT01,ssh,92,Exfiltration,Attack
A-07-SCN063-01-09,2026-01-14T09:46:00,Government Financial Systems,S07-DB01,service-host,27,Exfiltration,Attack
A-07-SCN063-02-00,2026-01-14T10:02:00,Government Financial Systems,S07-APP01,wmic,80,Reconnaissance,Attack
A-07-SCN063-02-01,2026-01-14T10:05:00,Government Financial Systems,S07-CTRL01,cmd,75,Initial Access,Attack
A-07-SCN063-02-02,2026-01-14T10:10:00,Government Financial Systems,S07-VPN01,python,50,Credential Access,Attack
A-07-SCN063-02-03,2026-01-14T10:16:00,Government Financial Systems,S07-DB01,unknown,16,Discovery,Attack
A-07-SCN063-02-04,2026-01-14T10:20:00,Government Financial Systems,S07-AUTH01,unknown,1680,Collection,Attack
A-07-SCN063-02-05,2026-01-14T10:28:00,Government Financial Systems,S07-WS01,powershell,79,Exfiltration,Attack
A-07-SCN063-02-06,2026-01-14T10:32:00,Government Financial Systems,S07-APP01,wmic,24,Exfiltration,Attack
A-07-SCN063-02-07,2026-01-14T10:35:00,Government Financial Systems,S07-CTRL01,unknown,92,Exfiltration,Attack
A-07-SCN063-02-08,2026-01-14T10:42:00,Government Financial Systems,S07-VPN01,curl,3,Exfiltration,Attack
A-07-SCN063-02-09,2026-01-14T10:47:00,Government Financial Systems,S07-DB01,python,2,Exfiltration,Attack
A-07-SCN063-03-00,2026-01-14T11:03:00,Government Financial Systems,S07-VPN01,service-host,7,Reconnaissance,Attack
A-07-SCN063-03-01,2026-01-14T11:06:00,Government Financial Systems,S07-MON01,ssh,97,Initial Access,Attack
A-07-SCN063-03-02,2026-01-14T11:13:00,Government Financial Systems,S07-WS01,cmd,16,Credential Access,Attack
A-07-SCN063-03-03,2026-01-14T11:18:00,Government Financial Systems,S07-MGMT01,curl,15,Discovery,Attack
A-07-SCN063-03-04,2026-01-14T11:23:00,Government Financial Systems,S07-AUTH01,ssh,730,Collection,Attack
A-07-SCN063-03-05,2026-01-14T11:28:00,Government Financial Systems,S07-GW01,cmd,4,Exfiltration,Attack
A-07-SCN063-03-06,2026-01-14T11:32:00,Government Financial Systems,S07-VPN01,wmic,56,Exfiltration,Attack
A-07-SCN063-03-07,2026-01-14T11:35:00,Government Financial Systems,S07-MON01,powershell,62,Exfiltration,Attack
A-07-SCN063-03-08,2026-01-14T11:43:00,Government Financial Systems,S07-WS01,cmd,37,Exfiltration,Attack
A-07-SCN063-03-09,2026-01-14T11:45:00,Government Financial Systems,S07-MGMT01,unknown,45,Exfiltration,Attack
A-07-SCN063-04-00,2026-01-14T12:02:00,Government Financial Systems,S07-MGMT01,ssh,56,Reconnaissance,Attack
A-07-SCN063-04-01,2026-01-14T12:07:00,Government Financial Systems,S07-DB01,cmd,28,Initial Access,Attack
A-07-SCN063-04-02,2026-01-14T12:13:00,Government Financial Systems,S07-CTRL01,service-host,59,Credential Access,Attack
A-07-SCN063-04-03,2026-01-14T12:15:00,Government Financial Systems,S07-APP01,python,27,Discovery,Attack
A-07-SCN063-04-04,2026-01-14T12:20:00,Government Financial Systems,S07-BKP01,unknown,824,Collection,Attack
A-07-SCN063-04-05,2026-01-14T12:28:00,Government Financial Systems,S07-WS01,ssh,63,Exfiltration,Attack
A-07-SCN063-04-06,2026-01-14T12:30:00,Government Financial Systems,S07-MGMT01,curl,60,Exfiltration,Attack
A-07-SCN063-04-07,2026-01-14T12:38:00,Government Financial Systems,S07-DB01,powershell,11,Exfiltration,Attack
A-07-SCN063-04-08,2026-01-14T12:41:00,Government Financial Systems,S07-CTRL01,curl,17,Exfiltration,Attack
A-07-SCN063-04-09,2026-01-14T12:46:00,Government Financial Systems,S07-APP01,wmic,1,Exfiltration,Attack
A-07-SCN064-01-00,2026-01-14T09:01:00,Government Financial Systems,S07-DB01,ssh,46,Reconnaissance,Attack
A-07-SCN064-01-01,2026-01-14T09:08:00,Government Financial Systems,S07-AUTH01,ssh,3,Initial Access,Attack
A-07-SCN064-01-02,2026-01-14T09:10:00,Government Financial Systems,S07-MON01,wmic,5,Execution,Attack
A-07-SCN064-01-03,2026-01-14T09:15:00,Government Financial Systems,S07-BKP01,unknown,58,Discovery,Attack
A-07-SCN064-01-04,2026-01-14T09:20:00,Government Financial Systems,S07-WS01,powershell,22,Lateral Movement,Attack
A-07-SCN064-01-05,2026-01-14T09:26:00,Government Financial Systems,S07-CTRL01,wmic,1698,Impact,Attack
A-07-SCN064-01-06,2026-01-14T09:32:00,Government Financial Systems,S07-DB01,service-host,1338,Impact,Attack
A-07-SCN064-01-07,2026-01-14T09:37:00,Government Financial Systems,S07-AUTH01,cmd,1541,Impact,Attack
A-07-SCN064-01-08,2026-01-14T09:40:00,Government Financial Systems,S07-MON01,python,1202,Impact,Attack
A-07-SCN064-01-09,2026-01-14T09:47:00,Government Financial Systems,S07-BKP01,wmic,1769,Impact,Attack
A-07-SCN064-02-00,2026-01-14T10:03:00,Government Financial Systems,S07-VPN01,powershell,97,Reconnaissance,Attack
A-07-SCN064-02-01,2026-01-14T10:05:00,Government Financial Systems,S07-APP01,service-host,87,Initial Access,Attack
A-07-SCN064-02-02,2026-01-14T10:13:00,Government Financial Systems,S07-MGMT01,wmic,78,Execution,Attack
A-07-SCN064-02-03,2026-01-14T10:15:00,Government Financial Systems,S07-MON01,python,2,Discovery,Attack
A-07-SCN064-02-04,2026-01-14T10:22:00,Government Financial Systems,S07-CTRL01,ssh,90,Lateral Movement,Attack
A-07-SCN064-02-05,2026-01-14T10:25:00,Government Financial Systems,S07-GW01,wmic,1350,Impact,Attack
A-07-SCN064-02-06,2026-01-14T10:31:00,Government Financial Systems,S07-VPN01,powershell,1694,Impact,Attack
A-07-SCN064-02-07,2026-01-14T10:35:00,Government Financial Systems,S07-APP01,wmic,1713,Impact,Attack
A-07-SCN064-02-08,2026-01-14T10:42:00,Government Financial Systems,S07-MGMT01,unknown,1906,Impact,Attack
A-07-SCN064-02-09,2026-01-14T10:45:00,Government Financial Systems,S07-MON01,wmic,1185,Impact,Attack
A-07-SCN064-03-00,2026-01-14T11:01:00,Government Financial Systems,S07-APP01,unknown,83,Reconnaissance,Attack
A-07-SCN064-03-01,2026-01-14T11:06:00,Government Financial Systems,S07-DB01,ssh,37,Initial Access,Attack
A-07-SCN064-03-02,2026-01-14T11:11:00,Government Financial Systems,S07-GW01,curl,80,Execution,Attack
A-07-SCN064-03-03,2026-01-14T11:17:00,Government Financial Systems,S07-AUTH01,unknown,68,Discovery,Attack
A-07-SCN064-03-04,2026-01-14T11:20:00,Government Financial Systems,S07-VPN01,curl,90,Lateral Movement,Attack
A-07-SCN064-03-05,2026-01-14T11:26:00,Government Financial Systems,S07-BKP01,cmd,1371,Impact,Attack
A-07-SCN064-03-06,2026-01-14T11:30:00,Government Financial Systems,S07-APP01,cmd,1256,Impact,Attack
A-07-SCN064-03-07,2026-01-14T11:38:00,Government Financial Systems,S07-DB01,ssh,867,Impact,Attack
A-07-SCN064-03-08,2026-01-14T11:40:00,Government Financial Systems,S07-GW01,cmd,1725,Impact,Attack
A-07-SCN064-03-09,2026-01-14T11:45:00,Government Financial Systems,S07-AUTH01,ssh,496,Impact,Attack
A-07-SCN064-04-00,2026-01-14T12:00:00,Government Financial Systems,S07-GW01,cmd,69,Reconnaissance,Attack
A-07-SCN064-04-01,2026-01-14T12:08:00,Government Financial Systems,S07-DB01,service-host,87,Initial Access,Attack
A-07-SCN064-04-02,2026-01-14T12:12:00,Government Financial Systems,S07-APP01,unknown,89,Execution,Attack
A-07-SCN064-04-03,2026-01-14T12:17:00,Government Financial Systems,S07-MGMT01,wmic,97,Discovery,Attack
A-07-SCN064-04-04,2026-01-14T12:21:00,Government Financial Systems,S07-VPN01,curl,24,Lateral Movement,Attack
A-07-SCN064-04-05,2026-01-14T12:26:00,Government Financial Systems,S07-BKP01,wmic,1676,Impact,Attack
A-07-SCN064-04-06,2026-01-14T12:30:00,Government Financial Systems,S07-GW01,curl,53,Impact,Attack
A-07-SCN064-04-07,2026-01-14T12:36:00,Government Financial Systems,S07-DB01,python,742,Impact,Attack
A-07-SCN064-04-08,2026-01-14T12:41:00,Government Financial Systems,S07-APP01,curl,1894,Impact,Attack
A-07-SCN064-04-09,2026-01-14T12:45:00,Government Financial Systems,S07-MGMT01,ssh,1796,Impact,Attack
A-07-SCN065-01-00,2026-01-14T09:00:00,Government Financial Systems,S07-VPN01,wmic,99,Reconnaissance,Attack
A-07-SCN065-01-01,2026-01-14T09:07:00,Government Financial Systems,S07-MGMT01,ssh,26,Initial Access,Attack
A-07-SCN065-01-02,2026-01-14T09:12:00,Government Financial Systems,S07-CTRL01,service-host,84,Execution,Attack
A-07-SCN065-01-03,2026-01-14T09:17:00,Government Financial Systems,S07-BKP01,curl,21,Persistence,Attack
A-07-SCN065-01-04,2026-01-14T09:22:00,Government Financial Systems,S07-DB01,unknown,58,Privilege Escalation,Attack
A-07-SCN065-01-05,2026-01-14T09:28:00,Government Financial Systems,S07-GW01,service-host,74,Discovery,Attack
A-07-SCN065-01-06,2026-01-14T09:31:00,Government Financial Systems,S07-VPN01,python,21,Lateral Movement,Attack
A-07-SCN065-01-07,2026-01-14T09:36:00,Government Financial Systems,S07-MGMT01,python,17,Command and Control,Attack
A-07-SCN065-01-08,2026-01-14T09:42:00,Government Financial Systems,S07-CTRL01,wmic,83,Command and Control,Attack
A-07-SCN065-01-09,2026-01-14T09:45:00,Government Financial Systems,S07-BKP01,wmic,73,Command and Control,Attack
A-07-SCN065-02-00,2026-01-14T10:01:00,Government Financial Systems,S07-MON01,curl,13,Reconnaissance,Attack
A-07-SCN065-02-01,2026-01-14T10:07:00,Government Financial Systems,S07-VPN01,curl,16,Initial Access,Attack
A-07-SCN065-02-02,2026-01-14T10:11:00,Government Financial Systems,S07-GW01,service-host,44,Execution,Attack
A-07-SCN065-02-03,2026-01-14T10:16:00,Government Financial Systems,S07-MGMT01,powershell,77,Persistence,Attack
A-07-SCN065-02-04,2026-01-14T10:21:00,Government Financial Systems,S07-CTRL01,cmd,46,Privilege Escalation,Attack
A-07-SCN065-02-05,2026-01-14T10:28:00,Government Financial Systems,S07-AUTH01,wmic,84,Discovery,Attack
A-07-SCN065-02-06,2026-01-14T10:30:00,Government Financial Systems,S07-MON01,powershell,9,Lateral Movement,Attack
A-07-SCN065-02-07,2026-01-14T10:36:00,Government Financial Systems,S07-VPN01,ssh,91,Command and Control,Attack
A-07-SCN065-02-08,2026-01-14T10:43:00,Government Financial Systems,S07-GW01,unknown,18,Command and Control,Attack
A-07-SCN065-02-09,2026-01-14T10:48:00,Government Financial Systems,S07-MGMT01,service-host,18,Command and Control,Attack
A-07-SCN065-03-00,2026-01-14T11:01:00,Government Financial Systems,S07-CTRL01,wmic,14,Reconnaissance,Attack
A-07-SCN065-03-01,2026-01-14T11:06:00,Government Financial Systems,S07-VPN01,unknown,46,Initial Access,Attack
A-07-SCN065-03-02,2026-01-14T11:13:00,Government Financial Systems,S07-MON01,curl,57,Execution,Attack
A-07-SCN065-03-03,2026-01-14T11:18:00,Government Financial Systems,S07-DB01,curl,35,Persistence,Attack
A-07-SCN065-03-04,2026-01-14T11:22:00,Government Financial Systems,S07-WS01,service-host,88,Privilege Escalation,Attack
A-07-SCN065-03-05,2026-01-14T11:26:00,Government Financial Systems,S07-AUTH01,service-host,14,Discovery,Attack
A-07-SCN065-03-06,2026-01-14T11:30:00,Government Financial Systems,S07-CTRL01,powershell,91,Lateral Movement,Attack
A-07-SCN065-03-07,2026-01-14T11:38:00,Government Financial Systems,S07-VPN01,cmd,63,Command and Control,Attack
A-07-SCN065-03-08,2026-01-14T11:41:00,Government Financial Systems,S07-MON01,cmd,85,Command and Control,Attack
A-07-SCN065-03-09,2026-01-14T11:45:00,Government Financial Systems,S07-DB01,powershell,97,Command and Control,Attack
A-07-SCN065-04-00,2026-01-14T12:03:00,Government Financial Systems,S07-MGMT01,cmd,67,Reconnaissance,Attack
A-07-SCN065-04-01,2026-01-14T12:06:00,Government Financial Systems,S07-WS01,service-host,44,Initial Access,Attack
A-07-SCN065-04-02,2026-01-14T12:12:00,Government Financial Systems,S07-MON01,powershell,57,Execution,Attack
A-07-SCN065-04-03,2026-01-14T12:18:00,Government Financial Systems,S07-APP01,ssh,69,Persistence,Attack
A-07-SCN065-04-04,2026-01-14T12:21:00,Government Financial Systems,S07-DB01,curl,99,Privilege Escalation,Attack
A-07-SCN065-04-05,2026-01-14T12:25:00,Government Financial Systems,S07-BKP01,curl,85,Discovery,Attack
A-07-SCN065-04-06,2026-01-14T12:32:00,Government Financial Systems,S07-MGMT01,powershell,13,Lateral Movement,Attack
A-07-SCN065-04-07,2026-01-14T12:37:00,Government Financial Systems,S07-WS01,ssh,75,Command and Control,Attack
A-07-SCN065-04-08,2026-01-14T12:42:00,Government Financial Systems,S07-MON01,unknown,29,Command and Control,Attack
A-07-SCN065-04-09,2026-01-14T12:48:00,Government Financial Systems,S07-APP01,wmic,1,Command and Control,Attack
A-07-SCN066-01-00,2026-01-14T09:01:00,Government Financial Systems,S07-AUTH01,service-host,92,Reconnaissance,Attack
A-07-SCN066-01-01,2026-01-14T09:05:00,Government Financial Systems,S07-VPN01,unknown,25,Initial Access,Attack
A-07-SCN066-01-02,2026-01-14T09:10:00,Government Financial Systems,S07-BKP01,curl,2,Credential Access,Attack
A-07-SCN066-01-03,2026-01-14T09:16:00,Government Financial Systems,S07-GW01,python,29,Discovery,Attack
A-07-SCN066-01-04,2026-01-14T09:22:00,Government Financial Systems,S07-DB01,python,1455,Collection,Attack
A-07-SCN066-01-05,2026-01-14T09:28:00,Government Financial Systems,S07-WS01,curl,59,Exfiltration,Attack
A-07-SCN066-01-06,2026-01-14T09:33:00,Government Financial Systems,S07-AUTH01,python,58,Exfiltration,Attack
A-07-SCN066-01-07,2026-01-14T09:36:00,Government Financial Systems,S07-VPN01,service-host,52,Exfiltration,Attack
A-07-SCN066-01-08,2026-01-14T09:41:00,Government Financial Systems,S07-BKP01,service-host,47,Exfiltration,Attack
A-07-SCN066-01-09,2026-01-14T09:48:00,Government Financial Systems,S07-GW01,cmd,51,Exfiltration,Attack
A-07-SCN066-02-00,2026-01-14T10:00:00,Government Financial Systems,S07-VPN01,cmd,66,Reconnaissance,Attack
A-07-SCN066-02-01,2026-01-14T10:05:00,Government Financial Systems,S07-CTRL01,cmd,92,Initial Access,Attack
A-07-SCN066-02-02,2026-01-14T10:13:00,Government Financial Systems,S07-BKP01,python,57,Credential Access,Attack
A-07-SCN066-02-03,2026-01-14T10:16:00,Government Financial Systems,S07-DB01,cmd,79,Discovery,Attack
A-07-SCN066-02-04,2026-01-14T10:23:00,Government Financial Systems,S07-AUTH01,wmic,1522,Collection,Attack
A-07-SCN066-02-05,2026-01-14T10:28:00,Government Financial Systems,S07-MON01,powershell,100,Exfiltration,Attack
A-07-SCN066-02-06,2026-01-14T10:31:00,Government Financial Systems,S07-VPN01,service-host,43,Exfiltration,Attack
A-07-SCN066-02-07,2026-01-14T10:37:00,Government Financial Systems,S07-CTRL01,curl,20,Exfiltration,Attack
A-07-SCN066-02-08,2026-01-14T10:42:00,Government Financial Systems,S07-BKP01,unknown,24,Exfiltration,Attack
A-07-SCN066-02-09,2026-01-14T10:46:00,Government Financial Systems,S07-DB01,unknown,84,Exfiltration,Attack
A-07-SCN066-03-00,2026-01-14T11:00:00,Government Financial Systems,S07-MON01,wmic,56,Reconnaissance,Attack
A-07-SCN066-03-01,2026-01-14T11:06:00,Government Financial Systems,S07-DB01,curl,5,Initial Access,Attack
A-07-SCN066-03-02,2026-01-14T11:12:00,Government Financial Systems,S07-GW01,curl,23,Credential Access,Attack
A-07-SCN066-03-03,2026-01-14T11:16:00,Government Financial Systems,S07-MGMT01,curl,61,Discovery,Attack
A-07-SCN066-03-04,2026-01-14T11:20:00,Government Financial Systems,S07-VPN01,powershell,226,Collection,Attack
A-07-SCN066-03-05,2026-01-14T11:28:00,Government Financial Systems,S07-AUTH01,service-host,8,Exfiltration,Attack
A-07-SCN066-03-06,2026-01-14T11:30:00,Government Financial Systems,S07-MON01,cmd,98,Exfiltration,Attack
A-07-SCN066-03-07,2026-01-14T11:36:00,Government Financial Systems,S07-DB01,ssh,43,Exfiltration,Attack
A-07-SCN066-03-08,2026-01-14T11:41:00,Government Financial Systems,S07-GW01,cmd,48,Exfiltration,Attack
A-07-SCN066-03-09,2026-01-14T11:45:00,Government Financial Systems,S07-MGMT01,ssh,58,Exfiltration,Attack
A-07-SCN066-04-00,2026-01-14T12:02:00,Government Financial Systems,S07-GW01,curl,80,Reconnaissance,Attack
A-07-SCN066-04-01,2026-01-14T12:05:00,Government Financial Systems,S07-CTRL01,unknown,62,Initial Access,Attack
A-07-SCN066-04-02,2026-01-14T12:11:00,Government Financial Systems,S07-AUTH01,unknown,58,Credential Access,Attack
A-07-SCN066-04-03,2026-01-14T12:16:00,Government Financial Systems,S07-BKP01,ssh,89,Discovery,Attack
A-07-SCN066-04-04,2026-01-14T12:22:00,Government Financial Systems,S07-MGMT01,unknown,943,Collection,Attack
A-07-SCN066-04-05,2026-01-14T12:26:00,Government Financial Systems,S07-DB01,cmd,43,Exfiltration,Attack
A-07-SCN066-04-06,2026-01-14T12:30:00,Government Financial Systems,S07-GW01,service-host,66,Exfiltration,Attack
A-07-SCN066-04-07,2026-01-14T12:37:00,Government Financial Systems,S07-CTRL01,curl,82,Exfiltration,Attack
A-07-SCN066-04-08,2026-01-14T12:40:00,Government Financial Systems,S07-AUTH01,unknown,34,Exfiltration,Attack
A-07-SCN066-04-09,2026-01-14T12:47:00,Government Financial Systems,S07-BKP01,python,5,Exfiltration,Attack
A-07-SCN067-01-00,2026-01-14T09:02:00,Government Financial Systems,S07-DB01,curl,71,Reconnaissance,Attack
A-07-SCN067-01-01,2026-01-14T09:08:00,Government Financial Systems,S07-GW01,powershell,25,Initial Access,Attack
A-07-SCN067-01-02,2026-01-14T09:11:00,Government Financial Systems,S07-BKP01,wmic,83,Credential Access,Attack
A-07-SCN067-01-03,2026-01-14T09:16:00,Government Financial Systems,S07-MON01,cmd,87,Discovery,Attack
A-07-SCN067-01-04,2026-01-14T09:21:00,Government Financial Systems,S07-WS01,wmic,14,Lateral Movement,Attack
A-07-SCN067-01-05,2026-01-14T09:28:00,Government Financial Systems,S07-CTRL01,python,1064,Collection,Attack
A-07-SCN067-01-06,2026-01-14T09:32:00,Government Financial Systems,S07-DB01,cmd,482,Collection,Attack
A-07-SCN067-01-07,2026-01-14T09:38:00,Government Financial Systems,S07-GW01,wmic,266,Collection,Attack
A-07-SCN067-01-08,2026-01-14T09:42:00,Government Financial Systems,S07-BKP01,unknown,1662,Collection,Attack
A-07-SCN067-01-09,2026-01-14T09:48:00,Government Financial Systems,S07-MON01,unknown,781,Collection,Attack
A-07-SCN067-02-00,2026-01-14T10:02:00,Government Financial Systems,S07-MON01,cmd,76,Reconnaissance,Attack
A-07-SCN067-02-01,2026-01-14T10:05:00,Government Financial Systems,S07-APP01,powershell,89,Initial Access,Attack
A-07-SCN067-02-02,2026-01-14T10:13:00,Government Financial Systems,S07-VPN01,ssh,58,Credential Access,Attack
A-07-SCN067-02-03,2026-01-14T10:15:00,Government Financial Systems,S07-GW01,ssh,71,Discovery,Attack
A-07-SCN067-02-04,2026-01-14T10:20:00,Government Financial Systems,S07-AUTH01,service-host,70,Lateral Movement,Attack
A-07-SCN067-02-05,2026-01-14T10:25:00,Government Financial Systems,S07-MGMT01,unknown,1195,Collection,Attack
A-07-SCN067-02-06,2026-01-14T10:32:00,Government Financial Systems,S07-MON01,python,1381,Collection,Attack
A-07-SCN067-02-07,2026-01-14T10:38:00,Government Financial Systems,S07-APP01,cmd,816,Collection,Attack
A-07-SCN067-02-08,2026-01-14T10:41:00,Government Financial Systems,S07-VPN01,service-host,431,Collection,Attack
A-07-SCN067-02-09,2026-01-14T10:47:00,Government Financial Systems,S07-GW01,powershell,1099,Collection,Attack
A-07-SCN067-03-00,2026-01-14T11:00:00,Government Financial Systems,S07-CTRL01,python,87,Reconnaissance,Attack
A-07-SCN067-03-01,2026-01-14T11:05:00,Government Financial Systems,S07-WS01,ssh,76,Initial Access,Attack
A-07-SCN067-03-02,2026-01-14T11:13:00,Government Financial Systems,S07-DB01,service-host,59,Credential Access,Attack
A-07-SCN067-03-03,2026-01-14T11:18:00,Government Financial Systems,S07-MGMT01,wmic,65,Discovery,Attack
A-07-SCN067-03-04,2026-01-14T11:21:00,Government Financial Systems,S07-VPN01,powershell,94,Lateral Movement,Attack
A-07-SCN067-03-05,2026-01-14T11:28:00,Government Financial Systems,S07-BKP01,ssh,827,Collection,Attack
A-07-SCN067-03-06,2026-01-14T11:30:00,Government Financial Systems,S07-CTRL01,powershell,20,Collection,Attack
A-07-SCN067-03-07,2026-01-14T11:35:00,Government Financial Systems,S07-WS01,powershell,1036,Collection,Attack
A-07-SCN067-03-08,2026-01-14T11:40:00,Government Financial Systems,S07-DB01,cmd,740,Collection,Attack
A-07-SCN067-03-09,2026-01-14T11:48:00,Government Financial Systems,S07-MGMT01,ssh,1396,Collection,Attack
A-07-SCN067-04-00,2026-01-14T12:01:00,Government Financial Systems,S07-APP01,ssh,59,Reconnaissance,Attack
A-07-SCN067-04-01,2026-01-14T12:08:00,Government Financial Systems,S07-CTRL01,wmic,4,Initial Access,Attack
A-07-SCN067-04-02,2026-01-14T12:12:00,Government Financial Systems,S07-MON01,service-host,86,Credential Access,Attack
A-07-SCN067-04-03,2026-01-14T12:17:00,Government Financial Systems,S07-AUTH01,cmd,23,Discovery,Attack
A-07-SCN067-04-04,2026-01-14T12:22:00,Government Financial Systems,S07-WS01,cmd,64,Lateral Movement,Attack
A-07-SCN067-04-05,2026-01-14T12:25:00,Government Financial Systems,S07-MGMT01,powershell,1584,Collection,Attack
A-07-SCN067-04-06,2026-01-14T12:32:00,Government Financial Systems,S07-APP01,wmic,1816,Collection,Attack
A-07-SCN067-04-07,2026-01-14T12:35:00,Government Financial Systems,S07-CTRL01,wmic,1188,Collection,Attack
A-07-SCN067-04-08,2026-01-14T12:43:00,Government Financial Systems,S07-MON01,curl,253,Collection,Attack
A-07-SCN067-04-09,2026-01-14T12:46:00,Government Financial Systems,S07-AUTH01,cmd,1372,Collection,Attack
A-07-SCN068-01-00,2026-01-14T09:01:00,Government Financial Systems,S07-DB01,curl,24,Reconnaissance,Attack
A-07-SCN068-01-01,2026-01-14T09:06:00,Government Financial Systems,S07-GW01,cmd,44,Initial Access,Attack
A-07-SCN068-01-02,2026-01-14T09:10:00,Government Financial Systems,S07-AUTH01,python,6,Execution,Attack
A-07-SCN068-01-03,2026-01-14T09:18:00,Government Financial Systems,S07-MON01,service-host,99,Persistence,Attack
A-07-SCN068-01-04,2026-01-14T09:22:00,Government Financial Systems,S07-MGMT01,ssh,99,Privilege Escalation,Attack
A-07-SCN068-01-05,2026-01-14T09:26:00,Government Financial Systems,S07-CTRL01,cmd,2,Discovery,Attack
A-07-SCN068-01-06,2026-01-14T09:30:00,Government Financial Systems,S07-DB01,curl,6,Lateral Movement,Attack
A-07-SCN068-01-07,2026-01-14T09:35:00,Government Financial Systems,S07-GW01,unknown,61,Command and Control,Attack
A-07-SCN068-01-08,2026-01-14T09:43:00,Government Financial Systems,S07-AUTH01,unknown,79,Command and Control,Attack
A-07-SCN068-01-09,2026-01-14T09:45:00,Government Financial Systems,S07-MON01,powershell,99,Command and Control,Attack
A-07-SCN068-02-00,2026-01-14T10:03:00,Government Financial Systems,S07-DB01,ssh,45,Reconnaissance,Attack
A-07-SCN068-02-01,2026-01-14T10:07:00,Government Financial Systems,S07-AUTH01,powershell,78,Initial Access,Attack
A-07-SCN068-02-02,2026-01-14T10:11:00,Government Financial Systems,S07-APP01,curl,98,Execution,Attack
A-07-SCN068-02-03,2026-01-14T10:16:00,Government Financial Systems,S07-MGMT01,unknown,97,Persistence,Attack
A-07-SCN068-02-04,2026-01-14T10:22:00,Government Financial Systems,S07-VPN01,cmd,69,Privilege Escalation,Attack
A-07-SCN068-02-05,2026-01-14T10:28:00,Government Financial Systems,S07-GW01,cmd,41,Discovery,Attack
A-07-SCN068-02-06,2026-01-14T10:31:00,Government Financial Systems,S07-DB01,wmic,51,Lateral Movement,Attack
A-07-SCN068-02-07,2026-01-14T10:36:00,Government Financial Systems,S07-AUTH01,unknown,16,Command and Control,Attack
A-07-SCN068-02-08,2026-01-14T10:42:00,Government Financial Systems,S07-APP01,curl,97,Command and Control,Attack
A-07-SCN068-02-09,2026-01-14T10:48:00,Government Financial Systems,S07-MGMT01,service-host,84,Command and Control,Attack
A-07-SCN068-03-00,2026-01-14T11:03:00,Government Financial Systems,S07-GW01,unknown,94,Reconnaissance,Attack
A-07-SCN068-03-01,2026-01-14T11:06:00,Government Financial Systems,S07-DB01,cmd,67,Initial Access,Attack
A-07-SCN068-03-02,2026-01-14T11:12:00,Government Financial Systems,S07-BKP01,python,17,Execution,Attack
A-07-SCN068-03-03,2026-01-14T11:15:00,Government Financial Systems,S07-APP01,unknown,81,Persistence,Attack
A-07-SCN068-03-04,2026-01-14T11:23:00,Government Financial Systems,S07-AUTH01,cmd,4,Privilege Escalation,Attack
A-07-SCN068-03-05,2026-01-14T11:26:00,Government Financial Systems,S07-MGMT01,wmic,29,Discovery,Attack
A-07-SCN068-03-06,2026-01-14T11:32:00,Government Financial Systems,S07-GW01,python,88,Lateral Movement,Attack
A-07-SCN068-03-07,2026-01-14T11:38:00,Government Financial Systems,S07-DB01,python,35,Command and Control,Attack
A-07-SCN068-03-08,2026-01-14T11:40:00,Government Financial Systems,S07-BKP01,ssh,44,Command and Control,Attack
A-07-SCN068-03-09,2026-01-14T11:46:00,Government Financial Systems,S07-APP01,powershell,77,Command and Control,Attack
A-07-SCN068-04-00,2026-01-14T12:01:00,Government Financial Systems,S07-VPN01,ssh,85,Reconnaissance,Attack
A-07-SCN068-04-01,2026-01-14T12:05:00,Government Financial Systems,S07-BKP01,ssh,54,Initial Access,Attack
A-07-SCN068-04-02,2026-01-14T12:11:00,Government Financial Systems,S07-AUTH01,wmic,79,Execution,Attack
A-07-SCN068-04-03,2026-01-14T12:17:00,Government Financial Systems,S07-MGMT01,cmd,51,Persistence,Attack
A-07-SCN068-04-04,2026-01-14T12:21:00,Government Financial Systems,S07-GW01,curl,24,Privilege Escalation,Attack
A-07-SCN068-04-05,2026-01-14T12:27:00,Government Financial Systems,S07-MON01,python,10,Discovery,Attack
A-07-SCN068-04-06,2026-01-14T12:32:00,Government Financial Systems,S07-VPN01,python,5,Lateral Movement,Attack
A-07-SCN068-04-07,2026-01-14T12:36:00,Government Financial Systems,S07-BKP01,python,16,Command and Control,Attack
A-07-SCN068-04-08,2026-01-14T12:41:00,Government Financial Systems,S07-AUTH01,powershell,2,Command and Control,Attack
A-07-SCN068-04-09,2026-01-14T12:45:00,Government Financial Systems,S07-MGMT01,ssh,22,Command and Control,Attack
A-07-SCN069-01-00,2026-01-14T09:02:00,Government Financial Systems,S07-GW01,service-host,62,Reconnaissance,Attack
A-07-SCN069-01-01,2026-01-14T09:07:00,Government Financial Systems,S07-MON01,python,91,Initial Access,Attack
A-07-SCN069-01-02,2026-01-14T09:12:00,Government Financial Systems,S07-MGMT01,cmd,18,Execution,Attack
A-07-SCN069-01-03,2026-01-14T09:16:00,Government Financial Systems,S07-CTRL01,cmd,7,Persistence,Attack
A-07-SCN069-01-04,2026-01-14T09:23:00,Government Financial Systems,S07-DB01,powershell,78,Privilege Escalation,Attack
A-07-SCN069-01-05,2026-01-14T09:27:00,Government Financial Systems,S07-AUTH01,unknown,35,Discovery,Attack
A-07-SCN069-01-06,2026-01-14T09:33:00,Government Financial Systems,S07-GW01,powershell,29,Lateral Movement,Attack
A-07-SCN069-01-07,2026-01-14T09:35:00,Government Financial Systems,S07-MON01,curl,14,Command and Control,Attack
A-07-SCN069-01-08,2026-01-14T09:41:00,Government Financial Systems,S07-MGMT01,python,12,Command and Control,Attack
A-07-SCN069-01-09,2026-01-14T09:45:00,Government Financial Systems,S07-CTRL01,curl,13,Command and Control,Attack
A-07-SCN069-02-00,2026-01-14T10:02:00,Government Financial Systems,S07-BKP01,unknown,44,Reconnaissance,Attack
A-07-SCN069-02-01,2026-01-14T10:07:00,Government Financial Systems,S07-VPN01,curl,94,Initial Access,Attack
A-07-SCN069-02-02,2026-01-14T10:10:00,Government Financial Systems,S07-APP01,python,10,Execution,Attack
A-07-SCN069-02-03,2026-01-14T10:15:00,Government Financial Systems,S07-DB01,powershell,32,Persistence,Attack
A-07-SCN069-02-04,2026-01-14T10:22:00,Government Financial Systems,S07-WS01,unknown,91,Privilege Escalation,Attack
A-07-SCN069-02-05,2026-01-14T10:26:00,Government Financial Systems,S07-CTRL01,curl,4,Discovery,Attack
A-07-SCN069-02-06,2026-01-14T10:30:00,Government Financial Systems,S07-BKP01,unknown,37,Lateral Movement,Attack
A-07-SCN069-02-07,2026-01-14T10:38:00,Government Financial Systems,S07-VPN01,curl,6,Command and Control,Attack
A-07-SCN069-02-08,2026-01-14T10:42:00,Government Financial Systems,S07-APP01,wmic,21,Command and Control,Attack
A-07-SCN069-02-09,2026-01-14T10:46:00,Government Financial Systems,S07-DB01,powershell,4,Command and Control,Attack
A-07-SCN069-03-00,2026-01-14T11:00:00,Government Financial Systems,S07-WS01,service-host,100,Reconnaissance,Attack
A-07-SCN069-03-01,2026-01-14T11:07:00,Government Financial Systems,S07-APP01,python,84,Initial Access,Attack
A-07-SCN069-03-02,2026-01-14T11:13:00,Government Financial Systems,S07-MGMT01,ssh,44,Execution,Attack
A-07-SCN069-03-03,2026-01-14T11:18:00,Government Financial Systems,S07-GW01,powershell,74,Persistence,Attack
A-07-SCN069-03-04,2026-01-14T11:20:00,Government Financial Systems,S07-DB01,cmd,2,Privilege Escalation,Attack
A-07-SCN069-03-05,2026-01-14T11:28:00,Government Financial Systems,S07-CTRL01,service-host,18,Discovery,Attack
A-07-SCN069-03-06,2026-01-14T11:33:00,Government Financial Systems,S07-WS01,powershell,32,Lateral Movement,Attack
A-07-SCN069-03-07,2026-01-14T11:35:00,Government Financial Systems,S07-APP01,service-host,43,Command and Control,Attack
A-07-SCN069-03-08,2026-01-14T11:41:00,Government Financial Systems,S07-MGMT01,wmic,8,Command and Control,Attack
A-07-SCN069-03-09,2026-01-14T11:46:00,Government Financial Systems,S07-GW01,unknown,75,Command and Control,Attack
A-07-SCN069-04-00,2026-01-14T12:02:00,Government Financial Systems,S07-MGMT01,python,98,Reconnaissance,Attack
A-07-SCN069-04-01,2026-01-14T12:07:00,Government Financial Systems,S07-DB01,wmic,48,Initial Access,Attack
A-07-SCN069-04-02,2026-01-14T12:13:00,Government Financial Systems,S07-BKP01,curl,95,Execution,Attack
A-07-SCN069-04-03,2026-01-14T12:17:00,Government Financial Systems,S07-AUTH01,unknown,68,Persistence,Attack
A-07-SCN069-04-04,2026-01-14T12:20:00,Government Financial Systems,S07-GW01,powershell,93,Privilege Escalation,Attack
A-07-SCN069-04-05,2026-01-14T12:27:00,Government Financial Systems,S07-CTRL01,cmd,34,Discovery,Attack
A-07-SCN069-04-06,2026-01-14T12:33:00,Government Financial Systems,S07-MGMT01,ssh,86,Lateral Movement,Attack
A-07-SCN069-04-07,2026-01-14T12:36:00,Government Financial Systems,S07-DB01,ssh,15,Command and Control,Attack
A-07-SCN069-04-08,2026-01-14T12:41:00,Government Financial Systems,S07-BKP01,python,6,Command and Control,Attack
A-07-SCN069-04-09,2026-01-14T12:48:00,Government Financial Systems,S07-AUTH01,unknown,82,Command and Control,Attack
A-07-SCN070-01-00,2026-01-14T09:01:00,Government Financial Systems,S07-APP01,python,34,Reconnaissance,Attack
A-07-SCN070-01-01,2026-01-14T09:05:00,Government Financial Systems,S07-GW01,curl,3,Initial Access,Attack
A-07-SCN070-01-02,2026-01-14T09:11:00,Government Financial Systems,S07-CTRL01,service-host,82,Execution,Attack
A-07-SCN070-01-03,2026-01-14T09:16:00,Government Financial Systems,S07-MON01,wmic,74,Persistence,Attack
A-07-SCN070-01-04,2026-01-14T09:21:00,Government Financial Systems,S07-BKP01,ssh,71,Privilege Escalation,Attack
A-07-SCN070-01-05,2026-01-14T09:27:00,Government Financial Systems,S07-AUTH01,curl,39,Discovery,Attack
A-07-SCN070-01-06,2026-01-14T09:32:00,Government Financial Systems,S07-APP01,unknown,46,Lateral Movement,Attack
A-07-SCN070-01-07,2026-01-14T09:37:00,Government Financial Systems,S07-GW01,curl,35,Command and Control,Attack
A-07-SCN070-01-08,2026-01-14T09:43:00,Government Financial Systems,S07-CTRL01,cmd,39,Command and Control,Attack
A-07-SCN070-01-09,2026-01-14T09:46:00,Government Financial Systems,S07-MON01,powershell,53,Command and Control,Attack
A-07-SCN070-02-00,2026-01-14T10:00:00,Government Financial Systems,S07-APP01,python,91,Reconnaissance,Attack
A-07-SCN070-02-01,2026-01-14T10:08:00,Government Financial Systems,S07-WS01,curl,19,Initial Access,Attack
A-07-SCN070-02-02,2026-01-14T10:13:00,Government Financial Systems,S07-MGMT01,ssh,63,Execution,Attack
A-07-SCN070-02-03,2026-01-14T10:15:00,Government Financial Systems,S07-DB01,unknown,47,Persistence,Attack
A-07-SCN070-02-04,2026-01-14T10:22:00,Government Financial Systems,S07-VPN01,wmic,36,Privilege Escalation,Attack
A-07-SCN070-02-05,2026-01-14T10:25:00,Government Financial Systems,S07-AUTH01,service-host,20,Discovery,Attack
A-07-SCN070-02-06,2026-01-14T10:33:00,Government Financial Systems,S07-APP01,wmic,49,Lateral Movement,Attack
A-07-SCN070-02-07,2026-01-14T10:36:00,Government Financial Systems,S07-WS01,ssh,97,Command and Control,Attack
A-07-SCN070-02-08,2026-01-14T10:41:00,Government Financial Systems,S07-MGMT01,service-host,20,Command and Control,Attack
A-07-SCN070-02-09,2026-01-14T10:48:00,Government Financial Systems,S07-DB01,service-host,67,Command and Control,Attack
A-07-SCN070-03-00,2026-01-14T11:02:00,Government Financial Systems,S07-MGMT01,cmd,1,Reconnaissance,Attack
A-07-SCN070-03-01,2026-01-14T11:05:00,Government Financial Systems,S07-APP01,wmic,59,Initial Access,Attack
A-07-SCN070-03-02,2026-01-14T11:12:00,Government Financial Systems,S07-VPN01,wmic,60,Execution,Attack
A-07-SCN070-03-03,2026-01-14T11:17:00,Government Financial Systems,S07-BKP01,curl,0,Persistence,Attack
A-07-SCN070-03-04,2026-01-14T11:23:00,Government Financial Systems,S07-WS01,python,45,Privilege Escalation,Attack
A-07-SCN070-03-05,2026-01-14T11:25:00,Government Financial Systems,S07-AUTH01,wmic,58,Discovery,Attack
A-07-SCN070-03-06,2026-01-14T11:30:00,Government Financial Systems,S07-MGMT01,ssh,18,Lateral Movement,Attack
A-07-SCN070-03-07,2026-01-14T11:36:00,Government Financial Systems,S07-APP01,service-host,34,Command and Control,Attack
A-07-SCN070-03-08,2026-01-14T11:41:00,Government Financial Systems,S07-VPN01,ssh,66,Command and Control,Attack
A-07-SCN070-03-09,2026-01-14T11:48:00,Government Financial Systems,S07-BKP01,service-host,30,Command and Control,Attack
A-07-SCN070-04-00,2026-01-14T12:00:00,Government Financial Systems,S07-VPN01,curl,31,Reconnaissance,Attack
A-07-SCN070-04-01,2026-01-14T12:07:00,Government Financial Systems,S07-BKP01,unknown,9,Initial Access,Attack
A-07-SCN070-04-02,2026-01-14T12:12:00,Government Financial Systems,S07-APP01,wmic,83,Execution,Attack
A-07-SCN070-04-03,2026-01-14T12:18:00,Government Financial Systems,S07-GW01,service-host,50,Persistence,Attack
A-07-SCN070-04-04,2026-01-14T12:23:00,Government Financial Systems,S07-AUTH01,unknown,22,Privilege Escalation,Attack
A-07-SCN070-04-05,2026-01-14T12:28:00,Government Financial Systems,S07-MGMT01,python,33,Discovery,Attack
A-07-SCN070-04-06,2026-01-14T12:32:00,Government Financial Systems,S07-VPN01,unknown,27,Lateral Movement,Attack
A-07-SCN070-04-07,2026-01-14T12:37:00,Government Financial Systems,S07-BKP01,cmd,54,Command and Control,Attack
A-07-SCN070-04-08,2026-01-14T12:43:00,Government Financial Systems,S07-APP01,powershell,30,Command and Control,Attack
A-07-SCN070-04-09,2026-01-14T12:48:00,Government Financial Systems,S07-GW01,wmic,62,Command and Control,Attack
N-08-00000,2026-01-07T12:21:10,Government Healthcare,S08-VPN01,nginx,20,Normal,Normal
N-08-00001,2026-01-10T15:10:26,Government Healthcare,S08-APP01,nginx,15,Normal,Normal
N-08-00002,2026-01-17T12:42:21,Government Healthcare,S08-AUTH01,svchost,11,Normal,Normal
N-08-00003,2026-01-07T05:51:29,Government Healthcare,S08-WS01,python,19,Normal,Normal
N-08-00004,2026-01-11T16:52:41,Government Healthcare,S08-GW01,svchost,12,Normal,Normal
N-08-00005,2026-01-03T10:34:10,Government Healthcare,S08-MGMT01,nginx,2,Normal,Normal
N-08-00006,2026-01-04T20:15:33,Government Healthcare,S08-APP01,powershell,20,Normal,Normal
N-08-00007,2026-01-04T12:53:01,Government Healthcare,S08-WS01,nginx,4,Normal,Normal
N-08-00008,2026-01-17T10:40:04,Government Healthcare,S08-DB01,svchost,18,Normal,Normal
N-08-00009,2026-01-08T10:32:59,Government Healthcare,S08-BKP01,java,18,Normal,Normal
N-08-00010,2026-01-09T02:36:27,Government Healthcare,S08-CTRL01,nginx,16,Normal,Normal
N-08-00011,2026-01-16T07:58:50,Government Healthcare,S08-VPN01,powershell,2,Normal,Normal
N-08-00012,2026-01-09T21:53:08,Government Healthcare,S08-APP01,svchost,14,Normal,Normal
N-08-00013,2026-01-16T19:26:26,Government Healthcare,S08-APP01,powershell,4,Normal,Normal
N-08-00014,2026-01-19T18:38:50,Government Healthcare,S08-APP01,nginx,17,Normal,Normal
N-08-00015,2026-01-19T12:04:45,Government Healthcare,S08-AUTH01,powershell,14,Normal,Normal
N-08-00016,2026-01-09T00:21:57,Government Healthcare,S08-MON01,powershell,0,Normal,Normal
N-08-00017,2026-01-10T19:59:37,Government Healthcare,S08-WS01,java,3,Normal,Normal
N-08-00018,2026-01-02T11:04:02,Government Healthcare,S08-VPN01,python,4,Normal,Normal
N-08-00019,2026-01-20T15:58:07,Government Healthcare,S08-BKP01,powershell,0,Normal,Normal
N-08-00020,2026-01-07T22:50:24,Government Healthcare,S08-WS01,python,7,Normal,Normal
N-08-00021,2026-01-06T05:00:40,Government Healthcare,S08-MGMT01,nginx,5,Normal,Normal
N-08-00022,2026-01-03T20:06:27,Government Healthcare,S08-GW01,java,4,Normal,Normal
N-08-00023,2026-01-08T01:21:59,Government Healthcare,S08-BKP01,nginx,19,Normal,Normal
N-08-00024,2026-01-12T13:20:48,Government Healthcare,S08-WS01,svchost,4,Normal,Normal
N-08-00025,2026-01-20T00:25:06,Government Healthcare,S08-APP01,svchost,20,Normal,Normal
N-08-00026,2026-01-19T08:43:43,Government Healthcare,S08-MON01,nginx,0,Normal,Normal
N-08-00027,2026-01-06T02:57:44,Government Healthcare,S08-CTRL01,python,3,Normal,Normal
N-08-00028,2026-01-13T06:26:53,Government Healthcare,S08-MON01,svchost,19,Normal,Normal
N-08-00029,2026-01-12T03:34:23,Government Healthcare,S08-MON01,powershell,0,Normal,Normal
N-08-00030,2026-01-04T04:48:50,Government Healthcare,S08-AUTH01,svchost,18,Normal,Normal
N-08-00031,2026-01-09T04:42:29,Government Healthcare,S08-WS01,svchost,12,Normal,Normal
N-08-00032,2026-01-03T10:29:34,Government Healthcare,S08-MGMT01,nginx,19,Normal,Normal
N-08-00033,2026-01-07T15:38:19,Government Healthcare,S08-WS01,java,4,Normal,Normal
N-08-00034,2026-01-05T20:15:51,Government Healthcare,S08-MON01,nginx,7,Normal,Normal
N-08-00035,2026-01-19T23:55:58,Government Healthcare,S08-VPN01,python,14,Normal,Normal
N-08-00036,2026-01-04T16:43:48,Government Healthcare,S08-DB01,nginx,13,Normal,Normal
N-08-00037,2026-01-07T21:45:08,Government Healthcare,S08-WS01,java,14,Normal,Normal
N-08-00038,2026-01-09T08:54:15,Government Healthcare,S08-BKP01,java,17,Normal,Normal
N-08-00039,2026-01-01T11:31:14,Government Healthcare,S08-VPN01,powershell,4,Normal,Normal
N-08-00040,2026-01-11T17:16:35,Government Healthcare,S08-AUTH01,python,10,Normal,Normal
N-08-00041,2026-01-17T22:34:06,Government Healthcare,S08-MGMT01,java,18,Normal,Normal
N-08-00042,2026-01-18T00:27:28,Government Healthcare,S08-BKP01,nginx,2,Normal,Normal
N-08-00043,2026-01-12T06:40:35,Government Healthcare,S08-DB01,svchost,19,Normal,Normal
N-08-00044,2026-01-09T12:44:58,Government Healthcare,S08-AUTH01,svchost,3,Normal,Normal
N-08-00045,2026-01-15T02:28:14,Government Healthcare,S08-GW01,python,16,Normal,Normal
N-08-00046,2026-01-01T12:06:11,Government Healthcare,S08-GW01,java,12,Normal,Normal
N-08-00047,2026-01-08T10:42:50,Government Healthcare,S08-MGMT01,nginx,5,Normal,Normal
N-08-00048,2026-01-03T11:01:36,Government Healthcare,S08-MON01,java,3,Normal,Normal
N-08-00049,2026-01-07T07:02:10,Government Healthcare,S08-APP01,java,20,Normal,Normal
N-08-00050,2026-01-10T07:36:09,Government Healthcare,S08-WS01,java,6,Normal,Normal
N-08-00051,2026-01-14T14:18:03,Government Healthcare,S08-WS01,powershell,14,Normal,Normal
N-08-00052,2026-01-12T07:15:35,Government Healthcare,S08-AUTH01,python,8,Normal,Normal
N-08-00053,2026-01-02T09:17:10,Government Healthcare,S08-DB01,svchost,15,Normal,Normal
N-08-00054,2026-01-20T23:56:36,Government Healthcare,S08-GW01,svchost,6,Normal,Normal
N-08-00055,2026-01-16T08:14:03,Government Healthcare,S08-VPN01,java,19,Normal,Normal
N-08-00056,2026-01-05T23:58:09,Government Healthcare,S08-GW01,nginx,7,Normal,Normal
N-08-00057,2026-01-02T11:16:51,Government Healthcare,S08-MON01,java,7,Normal,Normal
N-08-00058,2026-01-02T04:28:53,Government Healthcare,S08-WS01,java,20,Normal,Normal
N-08-00059,2026-01-05T15:26:52,Government Healthcare,S08-VPN01,java,11,Normal,Normal
N-08-00060,2026-01-08T17:52:15,Government Healthcare,S08-MON01,java,6,Normal,Normal
N-08-00061,2026-01-03T17:08:19,Government Healthcare,S08-MON01,python,18,Normal,Normal
N-08-00062,2026-01-12T17:25:10,Government Healthcare,S08-MON01,nginx,3,Normal,Normal
N-08-00063,2026-01-17T17:20:15,Government Healthcare,S08-CTRL01,python,20,Normal,Normal
N-08-00064,2026-01-17T15:37:23,Government Healthcare,S08-VPN01,java,14,Normal,Normal
N-08-00065,2026-01-15T06:43:52,Government Healthcare,S08-WS01,powershell,16,Normal,Normal
N-08-00066,2026-01-08T07:51:20,Government Healthcare,S08-BKP01,powershell,0,Normal,Normal
N-08-00067,2026-01-14T19:07:20,Government Healthcare,S08-BKP01,java,0,Normal,Normal
N-08-00068,2026-01-10T00:08:33,Government Healthcare,S08-DB01,nginx,0,Normal,Normal
N-08-00069,2026-01-14T02:24:11,Government Healthcare,S08-APP01,java,4,Normal,Normal
N-08-00070,2026-01-15T12:37:53,Government Healthcare,S08-AUTH01,powershell,16,Normal,Normal
N-08-00071,2026-01-10T14:31:14,Government Healthcare,S08-AUTH01,powershell,2,Normal,Normal
N-08-00072,2026-01-03T23:39:39,Government Healthcare,S08-MGMT01,python,10,Normal,Normal
N-08-00073,2026-01-03T09:15:24,Government Healthcare,S08-MGMT01,python,0,Normal,Normal
N-08-00074,2026-01-05T04:58:48,Government Healthcare,S08-GW01,svchost,7,Normal,Normal
N-08-00075,2026-01-12T01:08:35,Government Healthcare,S08-GW01,svchost,2,Normal,Normal
N-08-00076,2026-01-15T17:24:18,Government Healthcare,S08-APP01,python,13,Normal,Normal
N-08-00077,2026-01-09T16:50:30,Government Healthcare,S08-BKP01,java,11,Normal,Normal
N-08-00078,2026-01-05T02:49:45,Government Healthcare,S08-CTRL01,nginx,12,Normal,Normal
N-08-00079,2026-01-16T16:23:39,Government Healthcare,S08-VPN01,nginx,0,Normal,Normal
N-08-00080,2026-01-15T00:32:27,Government Healthcare,S08-MGMT01,nginx,1,Normal,Normal
N-08-00081,2026-01-04T12:05:37,Government Healthcare,S08-BKP01,svchost,16,Normal,Normal
N-08-00082,2026-01-03T05:34:53,Government Healthcare,S08-WS01,java,14,Normal,Normal
N-08-00083,2026-01-19T11:53:07,Government Healthcare,S08-MGMT01,java,3,Normal,Normal
N-08-00084,2026-01-09T18:42:07,Government Healthcare,S08-AUTH01,python,12,Normal,Normal
N-08-00085,2026-01-06T08:59:41,Government Healthcare,S08-VPN01,nginx,15,Normal,Normal
N-08-00086,2026-01-03T19:25:11,Government Healthcare,S08-MGMT01,nginx,14,Normal,Normal
N-08-00087,2026-01-08T22:09:48,Government Healthcare,S08-AUTH01,python,10,Normal,Normal
N-08-00088,2026-01-16T19:30:32,Government Healthcare,S08-GW01,nginx,8,Normal,Normal
N-08-00089,2026-01-17T04:28:27,Government Healthcare,S08-MGMT01,java,13,Normal,Normal
N-08-00090,2026-01-14T20:49:20,Government Healthcare,S08-DB01,svchost,7,Normal,Normal
N-08-00091,2026-01-05T00:19:58,Government Healthcare,S08-CTRL01,svchost,6,Normal,Normal
N-08-00092,2026-01-20T11:25:53,Government Healthcare,S08-MON01,python,15,Normal,Normal
N-08-00093,2026-01-12T09:04:08,Government Healthcare,S08-CTRL01,powershell,16,Normal,Normal
N-08-00094,2026-01-18T14:10:43,Government Healthcare,S08-VPN01,powershell,7,Normal,Normal
N-08-00095,2026-01-20T16:15:13,Government Healthcare,S08-DB01,python,5,Normal,Normal
N-08-00096,2026-01-14T15:49:17,Government Healthcare,S08-DB01,python,4,Normal,Normal
N-08-00097,2026-01-06T14:33:54,Government Healthcare,S08-AUTH01,python,11,Normal,Normal
N-08-00098,2026-01-09T03:38:51,Government Healthcare,S08-MON01,powershell,4,Normal,Normal
N-08-00099,2026-01-05T01:18:36,Government Healthcare,S08-CTRL01,python,8,Normal,Normal
N-08-00100,2026-01-17T13:00:08,Government Healthcare,S08-WS01,python,5,Normal,Normal
N-08-00101,2026-01-17T08:55:27,Government Healthcare,S08-VPN01,svchost,11,Normal,Normal
N-08-00102,2026-01-05T01:05:04,Government Healthcare,S08-GW01,java,9,Normal,Normal
N-08-00103,2026-01-07T07:04:44,Government Healthcare,S08-AUTH01,svchost,17,Normal,Normal
N-08-00104,2026-01-18T07:08:27,Government Healthcare,S08-MON01,nginx,6,Normal,Normal
N-08-00105,2026-01-06T15:43:15,Government Healthcare,S08-CTRL01,python,11,Normal,Normal
N-08-00106,2026-01-01T19:50:16,Government Healthcare,S08-AUTH01,powershell,2,Normal,Normal
N-08-00107,2026-01-07T03:00:08,Government Healthcare,S08-BKP01,svchost,15,Normal,Normal
N-08-00108,2026-01-18T10:27:58,Government Healthcare,S08-BKP01,svchost,10,Normal,Normal
N-08-00109,2026-01-08T05:40:48,Government Healthcare,S08-CTRL01,powershell,4,Normal,Normal
N-08-00110,2026-01-06T18:35:04,Government Healthcare,S08-DB01,python,17,Normal,Normal
N-08-00111,2026-01-04T15:34:06,Government Healthcare,S08-APP01,powershell,18,Normal,Normal
N-08-00112,2026-01-10T12:27:50,Government Healthcare,S08-WS01,powershell,10,Normal,Normal
N-08-00113,2026-01-17T16:29:06,Government Healthcare,S08-WS01,svchost,8,Normal,Normal
N-08-00114,2026-01-05T15:12:52,Government Healthcare,S08-APP01,java,1,Normal,Normal
N-08-00115,2026-01-06T21:43:03,Government Healthcare,S08-WS01,java,14,Normal,Normal
N-08-00116,2026-01-01T17:46:33,Government Healthcare,S08-GW01,java,8,Normal,Normal
N-08-00117,2026-01-13T16:09:21,Government Healthcare,S08-APP01,python,10,Normal,Normal
N-08-00118,2026-01-13T23:58:39,Government Healthcare,S08-BKP01,svchost,18,Normal,Normal
N-08-00119,2026-01-07T19:20:10,Government Healthcare,S08-BKP01,java,11,Normal,Normal
N-08-00120,2026-01-10T13:47:05,Government Healthcare,S08-WS01,nginx,18,Normal,Normal
N-08-00121,2026-01-10T12:47:57,Government Healthcare,S08-APP01,powershell,7,Normal,Normal
N-08-00122,2026-01-01T18:46:19,Government Healthcare,S08-MON01,nginx,15,Normal,Normal
N-08-00123,2026-01-03T01:53:48,Government Healthcare,S08-BKP01,nginx,4,Normal,Normal
N-08-00124,2026-01-19T22:58:13,Government Healthcare,S08-CTRL01,nginx,6,Normal,Normal
N-08-00125,2026-01-07T17:44:22,Government Healthcare,S08-MGMT01,powershell,7,Normal,Normal
N-08-00126,2026-01-10T04:57:51,Government Healthcare,S08-BKP01,powershell,3,Normal,Normal
N-08-00127,2026-01-09T04:58:29,Government Healthcare,S08-VPN01,svchost,16,Normal,Normal
N-08-00128,2026-01-17T22:37:01,Government Healthcare,S08-DB01,powershell,17,Normal,Normal
N-08-00129,2026-01-18T09:53:13,Government Healthcare,S08-APP01,nginx,11,Normal,Normal
N-08-00130,2026-01-20T01:30:41,Government Healthcare,S08-CTRL01,python,17,Normal,Normal
N-08-00131,2026-01-16T23:09:19,Government Healthcare,S08-BKP01,nginx,7,Normal,Normal
N-08-00132,2026-01-16T07:48:20,Government Healthcare,S08-AUTH01,svchost,15,Normal,Normal
N-08-00133,2026-01-10T11:34:24,Government Healthcare,S08-APP01,nginx,4,Normal,Normal
N-08-00134,2026-01-21T05:49:36,Government Healthcare,S08-MGMT01,nginx,8,Normal,Normal
N-08-00135,2026-01-12T11:36:42,Government Healthcare,S08-BKP01,nginx,1,Normal,Normal
N-08-00136,2026-01-11T15:40:49,Government Healthcare,S08-MON01,powershell,3,Normal,Normal
N-08-00137,2026-01-05T23:10:01,Government Healthcare,S08-DB01,java,16,Normal,Normal
N-08-00138,2026-01-07T19:18:10,Government Healthcare,S08-DB01,nginx,1,Normal,Normal
N-08-00139,2026-01-12T13:28:56,Government Healthcare,S08-DB01,svchost,16,Normal,Normal
N-08-00140,2026-01-09T04:42:29,Government Healthcare,S08-CTRL01,python,14,Normal,Normal
N-08-00141,2026-01-13T01:44:39,Government Healthcare,S08-WS01,java,19,Normal,Normal
N-08-00142,2026-01-10T21:57:17,Government Healthcare,S08-VPN01,svchost,14,Normal,Normal
N-08-00143,2026-01-15T08:00:47,Government Healthcare,S08-VPN01,powershell,1,Normal,Normal
N-08-00144,2026-01-13T10:40:23,Government Healthcare,S08-DB01,svchost,8,Normal,Normal
N-08-00145,2026-01-14T19:57:17,Government Healthcare,S08-DB01,powershell,4,Normal,Normal
N-08-00146,2026-01-19T00:43:41,Government Healthcare,S08-WS01,powershell,20,Normal,Normal
N-08-00147,2026-01-10T03:46:56,Government Healthcare,S08-DB01,java,13,Normal,Normal
N-08-00148,2026-01-10T10:25:28,Government Healthcare,S08-GW01,java,16,Normal,Normal
N-08-00149,2026-01-13T10:49:03,Government Healthcare,S08-APP01,python,18,Normal,Normal
N-08-00150,2026-01-20T03:31:03,Government Healthcare,S08-APP01,powershell,17,Normal,Normal
N-08-00151,2026-01-14T04:36:37,Government Healthcare,S08-VPN01,python,11,Normal,Normal
N-08-00152,2026-01-19T04:25:06,Government Healthcare,S08-MGMT01,powershell,6,Normal,Normal
N-08-00153,2026-01-02T17:34:59,Government Healthcare,S08-DB01,java,9,Normal,Normal
N-08-00154,2026-01-12T03:02:59,Government Healthcare,S08-MGMT01,java,14,Normal,Normal
N-08-00155,2026-01-06T17:45:11,Government Healthcare,S08-DB01,nginx,15,Normal,Normal
N-08-00156,2026-01-07T06:37:47,Government Healthcare,S08-DB01,nginx,13,Normal,Normal
N-08-00157,2026-01-07T23:51:46,Government Healthcare,S08-AUTH01,powershell,20,Normal,Normal
N-08-00158,2026-01-16T02:31:40,Government Healthcare,S08-MON01,java,7,Normal,Normal
N-08-00159,2026-01-09T11:22:48,Government Healthcare,S08-MGMT01,nginx,2,Normal,Normal
N-08-00160,2026-01-06T08:46:26,Government Healthcare,S08-CTRL01,svchost,11,Normal,Normal
N-08-00161,2026-01-19T17:10:10,Government Healthcare,S08-APP01,java,8,Normal,Normal
N-08-00162,2026-01-03T04:08:47,Government Healthcare,S08-VPN01,svchost,14,Normal,Normal
N-08-00163,2026-01-20T20:15:28,Government Healthcare,S08-CTRL01,powershell,8,Normal,Normal
N-08-00164,2026-01-16T19:09:28,Government Healthcare,S08-APP01,svchost,4,Normal,Normal
N-08-00165,2026-01-05T14:10:04,Government Healthcare,S08-BKP01,svchost,14,Normal,Normal
N-08-00166,2026-01-20T15:55:48,Government Healthcare,S08-BKP01,svchost,10,Normal,Normal
N-08-00167,2026-01-03T22:18:46,Government Healthcare,S08-VPN01,powershell,13,Normal,Normal
N-08-00168,2026-01-03T15:36:05,Government Healthcare,S08-MON01,nginx,0,Normal,Normal
N-08-00169,2026-01-16T07:50:07,Government Healthcare,S08-MGMT01,powershell,9,Normal,Normal
N-08-00170,2026-01-12T10:21:03,Government Healthcare,S08-DB01,python,15,Normal,Normal
N-08-00171,2026-01-09T14:29:44,Government Healthcare,S08-MGMT01,nginx,10,Normal,Normal
N-08-00172,2026-01-09T19:39:00,Government Healthcare,S08-DB01,svchost,1,Normal,Normal
N-08-00173,2026-01-08T09:30:43,Government Healthcare,S08-BKP01,java,11,Normal,Normal
N-08-00174,2026-01-21T06:16:14,Government Healthcare,S08-BKP01,nginx,5,Normal,Normal
N-08-00175,2026-01-03T09:05:15,Government Healthcare,S08-MON01,svchost,14,Normal,Normal
N-08-00176,2026-01-18T05:56:24,Government Healthcare,S08-MON01,svchost,6,Normal,Normal
N-08-00177,2026-01-16T16:13:42,Government Healthcare,S08-VPN01,python,5,Normal,Normal
N-08-00178,2026-01-14T15:21:57,Government Healthcare,S08-WS01,nginx,7,Normal,Normal
N-08-00179,2026-01-19T23:52:24,Government Healthcare,S08-APP01,java,4,Normal,Normal
N-08-00180,2026-01-08T14:43:00,Government Healthcare,S08-WS01,python,16,Normal,Normal
N-08-00181,2026-01-05T21:43:55,Government Healthcare,S08-VPN01,svchost,3,Normal,Normal
N-08-00182,2026-01-21T06:28:34,Government Healthcare,S08-APP01,powershell,0,Normal,Normal
N-08-00183,2026-01-13T03:43:03,Government Healthcare,S08-APP01,nginx,19,Normal,Normal
N-08-00184,2026-01-05T20:59:33,Government Healthcare,S08-MGMT01,powershell,11,Normal,Normal
N-08-00185,2026-01-18T23:47:14,Government Healthcare,S08-MGMT01,svchost,1,Normal,Normal
N-08-00186,2026-01-19T00:15:16,Government Healthcare,S08-DB01,python,6,Normal,Normal
N-08-00187,2026-01-13T09:40:43,Government Healthcare,S08-DB01,python,3,Normal,Normal
N-08-00188,2026-01-13T13:37:52,Government Healthcare,S08-GW01,java,18,Normal,Normal
N-08-00189,2026-01-02T03:26:20,Government Healthcare,S08-VPN01,powershell,2,Normal,Normal
N-08-00190,2026-01-14T15:02:37,Government Healthcare,S08-BKP01,svchost,11,Normal,Normal
N-08-00191,2026-01-10T00:06:17,Government Healthcare,S08-MGMT01,powershell,1,Normal,Normal
N-08-00192,2026-01-02T03:37:19,Government Healthcare,S08-GW01,powershell,13,Normal,Normal
N-08-00193,2026-01-04T17:50:54,Government Healthcare,S08-MON01,svchost,6,Normal,Normal
N-08-00194,2026-01-11T07:02:32,Government Healthcare,S08-VPN01,java,14,Normal,Normal
N-08-00195,2026-01-08T18:10:48,Government Healthcare,S08-CTRL01,python,13,Normal,Normal
N-08-00196,2026-01-09T02:02:26,Government Healthcare,S08-MON01,svchost,14,Normal,Normal
N-08-00197,2026-01-01T16:23:25,Government Healthcare,S08-APP01,java,17,Normal,Normal
N-08-00198,2026-01-19T09:47:13,Government Healthcare,S08-AUTH01,svchost,2,Normal,Normal
N-08-00199,2026-01-09T08:17:09,Government Healthcare,S08-VPN01,powershell,1,Normal,Normal
N-08-00200,2026-01-04T14:55:47,Government Healthcare,S08-MGMT01,python,3,Normal,Normal
N-08-00201,2026-01-10T10:24:49,Government Healthcare,S08-DB01,nginx,11,Normal,Normal
N-08-00202,2026-01-06T23:51:35,Government Healthcare,S08-GW01,nginx,15,Normal,Normal
N-08-00203,2026-01-19T07:10:56,Government Healthcare,S08-WS01,powershell,19,Normal,Normal
N-08-00204,2026-01-18T06:21:23,Government Healthcare,S08-VPN01,java,7,Normal,Normal
N-08-00205,2026-01-21T01:23:31,Government Healthcare,S08-MON01,python,3,Normal,Normal
N-08-00206,2026-01-08T01:30:08,Government Healthcare,S08-GW01,java,20,Normal,Normal
N-08-00207,2026-01-08T20:03:30,Government Healthcare,S08-CTRL01,python,18,Normal,Normal
N-08-00208,2026-01-10T05:07:22,Government Healthcare,S08-MON01,java,0,Normal,Normal
N-08-00209,2026-01-13T08:56:14,Government Healthcare,S08-MGMT01,powershell,20,Normal,Normal
N-08-00210,2026-01-08T10:35:43,Government Healthcare,S08-VPN01,svchost,7,Normal,Normal
N-08-00211,2026-01-06T11:32:29,Government Healthcare,S08-WS01,svchost,8,Normal,Normal
N-08-00212,2026-01-02T10:56:37,Government Healthcare,S08-MGMT01,svchost,13,Normal,Normal
N-08-00213,2026-01-16T03:52:14,Government Healthcare,S08-CTRL01,powershell,18,Normal,Normal
N-08-00214,2026-01-20T02:17:23,Government Healthcare,S08-WS01,java,17,Normal,Normal
N-08-00215,2026-01-04T22:04:29,Government Healthcare,S08-APP01,java,3,Normal,Normal
N-08-00216,2026-01-16T18:49:12,Government Healthcare,S08-CTRL01,java,14,Normal,Normal
N-08-00217,2026-01-14T23:24:52,Government Healthcare,S08-WS01,svchost,4,Normal,Normal
N-08-00218,2026-01-03T22:13:22,Government Healthcare,S08-GW01,nginx,4,Normal,Normal
N-08-00219,2026-01-08T14:49:27,Government Healthcare,S08-VPN01,java,8,Normal,Normal
N-08-00220,2026-01-06T06:06:31,Government Healthcare,S08-GW01,nginx,13,Normal,Normal
N-08-00221,2026-01-16T07:22:22,Government Healthcare,S08-VPN01,nginx,18,Normal,Normal
N-08-00222,2026-01-12T03:28:18,Government Healthcare,S08-BKP01,svchost,11,Normal,Normal
N-08-00223,2026-01-15T14:26:31,Government Healthcare,S08-BKP01,java,19,Normal,Normal
N-08-00224,2026-01-05T04:55:13,Government Healthcare,S08-GW01,python,18,Normal,Normal
N-08-00225,2026-01-14T22:06:08,Government Healthcare,S08-GW01,svchost,4,Normal,Normal
N-08-00226,2026-01-10T20:01:01,Government Healthcare,S08-MON01,powershell,1,Normal,Normal
N-08-00227,2026-01-05T12:57:33,Government Healthcare,S08-MGMT01,java,16,Normal,Normal
N-08-00228,2026-01-17T08:58:48,Government Healthcare,S08-CTRL01,nginx,4,Normal,Normal
N-08-00229,2026-01-19T23:08:52,Government Healthcare,S08-BKP01,nginx,10,Normal,Normal
N-08-00230,2026-01-03T15:40:38,Government Healthcare,S08-BKP01,svchost,19,Normal,Normal
N-08-00231,2026-01-18T11:04:06,Government Healthcare,S08-VPN01,java,6,Normal,Normal
N-08-00232,2026-01-04T00:13:16,Government Healthcare,S08-GW01,svchost,19,Normal,Normal
N-08-00233,2026-01-08T09:09:29,Government Healthcare,S08-MGMT01,nginx,5,Normal,Normal
N-08-00234,2026-01-15T01:39:43,Government Healthcare,S08-MGMT01,java,7,Normal,Normal
N-08-00235,2026-01-20T21:39:20,Government Healthcare,S08-CTRL01,powershell,17,Normal,Normal
N-08-00236,2026-01-10T14:17:23,Government Healthcare,S08-GW01,python,14,Normal,Normal
N-08-00237,2026-01-19T10:29:22,Government Healthcare,S08-BKP01,java,20,Normal,Normal
N-08-00238,2026-01-09T01:31:01,Government Healthcare,S08-GW01,java,7,Normal,Normal
N-08-00239,2026-01-14T10:48:40,Government Healthcare,S08-WS01,python,0,Normal,Normal
N-08-00240,2026-01-17T01:14:26,Government Healthcare,S08-GW01,python,9,Normal,Normal
N-08-00241,2026-01-06T18:49:14,Government Healthcare,S08-WS01,powershell,17,Normal,Normal
N-08-00242,2026-01-13T07:53:30,Government Healthcare,S08-AUTH01,svchost,3,Normal,Normal
N-08-00243,2026-01-13T23:08:47,Government Healthcare,S08-AUTH01,python,4,Normal,Normal
N-08-00244,2026-01-16T06:25:10,Government Healthcare,S08-VPN01,powershell,0,Normal,Normal
N-08-00245,2026-01-11T04:38:36,Government Healthcare,S08-MON01,svchost,20,Normal,Normal
N-08-00246,2026-01-07T06:40:56,Government Healthcare,S08-APP01,java,18,Normal,Normal
N-08-00247,2026-01-07T12:01:50,Government Healthcare,S08-MON01,nginx,1,Normal,Normal
N-08-00248,2026-01-04T11:54:38,Government Healthcare,S08-VPN01,powershell,3,Normal,Normal
N-08-00249,2026-01-06T16:11:52,Government Healthcare,S08-APP01,java,3,Normal,Normal
N-08-00250,2026-01-17T08:17:53,Government Healthcare,S08-BKP01,java,14,Normal,Normal
N-08-00251,2026-01-15T22:50:56,Government Healthcare,S08-GW01,python,5,Normal,Normal
N-08-00252,2026-01-03T12:02:14,Government Healthcare,S08-AUTH01,nginx,11,Normal,Normal
N-08-00253,2026-01-04T10:01:47,Government Healthcare,S08-DB01,nginx,16,Normal,Normal
N-08-00254,2026-01-19T06:49:34,Government Healthcare,S08-BKP01,java,2,Normal,Normal
N-08-00255,2026-01-09T21:48:54,Government Healthcare,S08-WS01,svchost,13,Normal,Normal
N-08-00256,2026-01-19T00:56:39,Government Healthcare,S08-APP01,nginx,5,Normal,Normal
N-08-00257,2026-01-18T10:52:07,Government Healthcare,S08-APP01,python,0,Normal,Normal
N-08-00258,2026-01-03T22:14:42,Government Healthcare,S08-MON01,java,12,Normal,Normal
N-08-00259,2026-01-11T02:11:12,Government Healthcare,S08-MGMT01,svchost,1,Normal,Normal
N-08-00260,2026-01-17T00:44:45,Government Healthcare,S08-VPN01,nginx,17,Normal,Normal
N-08-00261,2026-01-12T06:24:49,Government Healthcare,S08-APP01,java,7,Normal,Normal
N-08-00262,2026-01-14T14:58:09,Government Healthcare,S08-BKP01,python,8,Normal,Normal
N-08-00263,2026-01-20T12:24:41,Government Healthcare,S08-DB01,nginx,7,Normal,Normal
N-08-00264,2026-01-07T14:39:54,Government Healthcare,S08-APP01,python,9,Normal,Normal
N-08-00265,2026-01-20T10:00:45,Government Healthcare,S08-APP01,nginx,14,Normal,Normal
N-08-00266,2026-01-17T08:40:04,Government Healthcare,S08-CTRL01,java,6,Normal,Normal
N-08-00267,2026-01-15T05:21:16,Government Healthcare,S08-WS01,nginx,18,Normal,Normal
N-08-00268,2026-01-08T19:30:31,Government Healthcare,S08-MGMT01,powershell,12,Normal,Normal
N-08-00269,2026-01-02T16:50:32,Government Healthcare,S08-BKP01,nginx,20,Normal,Normal
N-08-00270,2026-01-08T20:01:55,Government Healthcare,S08-AUTH01,nginx,19,Normal,Normal
N-08-00271,2026-01-17T05:34:18,Government Healthcare,S08-DB01,python,3,Normal,Normal
N-08-00272,2026-01-19T21:34:18,Government Healthcare,S08-WS01,nginx,15,Normal,Normal
N-08-00273,2026-01-07T21:53:23,Government Healthcare,S08-GW01,java,5,Normal,Normal
N-08-00274,2026-01-19T20:43:48,Government Healthcare,S08-MGMT01,nginx,11,Normal,Normal
N-08-00275,2026-01-01T16:22:12,Government Healthcare,S08-DB01,java,7,Normal,Normal
N-08-00276,2026-01-15T07:04:52,Government Healthcare,S08-CTRL01,powershell,3,Normal,Normal
N-08-00277,2026-01-14T01:19:33,Government Healthcare,S08-GW01,java,14,Normal,Normal
N-08-00278,2026-01-12T19:18:53,Government Healthcare,S08-APP01,powershell,9,Normal,Normal
N-08-00279,2026-01-19T10:49:43,Government Healthcare,S08-VPN01,powershell,2,Normal,Normal
N-08-00280,2026-01-08T00:12:51,Government Healthcare,S08-BKP01,python,4,Normal,Normal
N-08-00281,2026-01-16T04:52:27,Government Healthcare,S08-CTRL01,powershell,4,Normal,Normal
N-08-00282,2026-01-05T06:14:39,Government Healthcare,S08-AUTH01,python,4,Normal,Normal
N-08-00283,2026-01-10T00:09:36,Government Healthcare,S08-AUTH01,python,8,Normal,Normal
N-08-00284,2026-01-20T12:19:16,Government Healthcare,S08-AUTH01,nginx,4,Normal,Normal
N-08-00285,2026-01-04T00:58:52,Government Healthcare,S08-VPN01,svchost,2,Normal,Normal
N-08-00286,2026-01-10T17:01:21,Government Healthcare,S08-VPN01,powershell,2,Normal,Normal
N-08-00287,2026-01-13T00:58:42,Government Healthcare,S08-DB01,java,1,Normal,Normal
N-08-00288,2026-01-03T17:50:39,Government Healthcare,S08-APP01,nginx,0,Normal,Normal
N-08-00289,2026-01-18T06:47:08,Government Healthcare,S08-VPN01,powershell,18,Normal,Normal
N-08-00290,2026-01-13T15:10:39,Government Healthcare,S08-APP01,python,1,Normal,Normal
N-08-00291,2026-01-11T13:51:34,Government Healthcare,S08-AUTH01,nginx,1,Normal,Normal
N-08-00292,2026-01-10T19:56:20,Government Healthcare,S08-APP01,powershell,20,Normal,Normal
N-08-00293,2026-01-15T23:39:11,Government Healthcare,S08-APP01,java,2,Normal,Normal
N-08-00294,2026-01-03T14:53:11,Government Healthcare,S08-MGMT01,powershell,14,Normal,Normal
N-08-00295,2026-01-06T03:00:42,Government Healthcare,S08-CTRL01,nginx,11,Normal,Normal
N-08-00296,2026-01-03T18:43:45,Government Healthcare,S08-MON01,powershell,2,Normal,Normal
N-08-00297,2026-01-20T06:55:26,Government Healthcare,S08-VPN01,svchost,11,Normal,Normal
N-08-00298,2026-01-13T00:29:34,Government Healthcare,S08-MGMT01,python,13,Normal,Normal
N-08-00299,2026-01-02T23:45:44,Government Healthcare,S08-DB01,powershell,13,Normal,Normal
N-08-00300,2026-01-13T16:19:10,Government Healthcare,S08-GW01,powershell,7,Normal,Normal
N-08-00301,2026-01-08T21:56:19,Government Healthcare,S08-APP01,powershell,11,Normal,Normal
N-08-00302,2026-01-13T19:56:00,Government Healthcare,S08-BKP01,nginx,3,Normal,Normal
N-08-00303,2026-01-04T13:37:29,Government Healthcare,S08-MGMT01,svchost,3,Normal,Normal
N-08-00304,2026-01-20T19:16:53,Government Healthcare,S08-GW01,nginx,6,Normal,Normal
N-08-00305,2026-01-09T20:18:20,Government Healthcare,S08-GW01,java,19,Normal,Normal
N-08-00306,2026-01-19T23:03:35,Government Healthcare,S08-GW01,nginx,6,Normal,Normal
N-08-00307,2026-01-04T20:35:53,Government Healthcare,S08-GW01,svchost,0,Normal,Normal
N-08-00308,2026-01-19T20:52:00,Government Healthcare,S08-GW01,java,13,Normal,Normal
N-08-00309,2026-01-17T22:01:44,Government Healthcare,S08-AUTH01,powershell,8,Normal,Normal
N-08-00310,2026-01-08T20:33:54,Government Healthcare,S08-MON01,python,4,Normal,Normal
N-08-00311,2026-01-09T19:45:01,Government Healthcare,S08-MON01,nginx,16,Normal,Normal
N-08-00312,2026-01-13T04:44:14,Government Healthcare,S08-BKP01,python,3,Normal,Normal
N-08-00313,2026-01-11T01:04:28,Government Healthcare,S08-MGMT01,nginx,10,Normal,Normal
N-08-00314,2026-01-20T08:50:48,Government Healthcare,S08-VPN01,powershell,16,Normal,Normal
N-08-00315,2026-01-04T16:59:52,Government Healthcare,S08-MGMT01,java,9,Normal,Normal
N-08-00316,2026-01-10T17:29:28,Government Healthcare,S08-MGMT01,nginx,12,Normal,Normal
N-08-00317,2026-01-05T01:04:59,Government Healthcare,S08-MON01,powershell,1,Normal,Normal
N-08-00318,2026-01-16T00:06:37,Government Healthcare,S08-WS01,nginx,8,Normal,Normal
N-08-00319,2026-01-04T03:13:48,Government Healthcare,S08-MGMT01,svchost,12,Normal,Normal
N-08-00320,2026-01-10T10:59:40,Government Healthcare,S08-VPN01,powershell,1,Normal,Normal
N-08-00321,2026-01-03T18:20:21,Government Healthcare,S08-GW01,nginx,7,Normal,Normal
N-08-00322,2026-01-18T15:31:56,Government Healthcare,S08-WS01,java,4,Normal,Normal
N-08-00323,2026-01-07T23:33:35,Government Healthcare,S08-GW01,python,3,Normal,Normal
N-08-00324,2026-01-10T07:43:28,Government Healthcare,S08-DB01,python,7,Normal,Normal
N-08-00325,2026-01-18T21:43:10,Government Healthcare,S08-MGMT01,nginx,8,Normal,Normal
N-08-00326,2026-01-05T12:39:41,Government Healthcare,S08-GW01,powershell,15,Normal,Normal
N-08-00327,2026-01-14T18:33:26,Government Healthcare,S08-BKP01,nginx,18,Normal,Normal
N-08-00328,2026-01-06T11:44:02,Government Healthcare,S08-DB01,svchost,15,Normal,Normal
N-08-00329,2026-01-12T17:57:01,Government Healthcare,S08-MGMT01,svchost,15,Normal,Normal
N-08-00330,2026-01-12T23:05:22,Government Healthcare,S08-WS01,nginx,12,Normal,Normal
N-08-00331,2026-01-01T17:59:49,Government Healthcare,S08-BKP01,powershell,10,Normal,Normal
N-08-00332,2026-01-11T06:54:13,Government Healthcare,S08-VPN01,java,2,Normal,Normal
N-08-00333,2026-01-06T21:12:50,Government Healthcare,S08-AUTH01,nginx,3,Normal,Normal
N-08-00334,2026-01-07T05:33:37,Government Healthcare,S08-MON01,java,16,Normal,Normal
N-08-00335,2026-01-04T04:54:13,Government Healthcare,S08-AUTH01,java,11,Normal,Normal
N-08-00336,2026-01-05T07:44:50,Government Healthcare,S08-MON01,powershell,8,Normal,Normal
N-08-00337,2026-01-03T22:29:01,Government Healthcare,S08-GW01,java,20,Normal,Normal
N-08-00338,2026-01-20T18:01:03,Government Healthcare,S08-GW01,svchost,3,Normal,Normal
N-08-00339,2026-01-11T17:09:19,Government Healthcare,S08-BKP01,python,13,Normal,Normal
N-08-00340,2026-01-10T21:53:27,Government Healthcare,S08-WS01,nginx,15,Normal,Normal
N-08-00341,2026-01-14T13:00:29,Government Healthcare,S08-AUTH01,python,17,Normal,Normal
N-08-00342,2026-01-07T21:48:24,Government Healthcare,S08-MGMT01,python,7,Normal,Normal
N-08-00343,2026-01-05T22:44:42,Government Healthcare,S08-CTRL01,nginx,16,Normal,Normal
N-08-00344,2026-01-09T01:57:01,Government Healthcare,S08-CTRL01,java,9,Normal,Normal
N-08-00345,2026-01-21T05:12:20,Government Healthcare,S08-AUTH01,svchost,20,Normal,Normal
N-08-00346,2026-01-06T22:33:03,Government Healthcare,S08-VPN01,nginx,20,Normal,Normal
N-08-00347,2026-01-17T15:28:44,Government Healthcare,S08-BKP01,powershell,4,Normal,Normal
N-08-00348,2026-01-15T17:33:34,Government Healthcare,S08-WS01,svchost,9,Normal,Normal
N-08-00349,2026-01-18T04:51:26,Government Healthcare,S08-MON01,java,4,Normal,Normal
N-08-00350,2026-01-13T15:23:03,Government Healthcare,S08-MGMT01,svchost,15,Normal,Normal
N-08-00351,2026-01-12T17:42:14,Government Healthcare,S08-BKP01,powershell,7,Normal,Normal
N-08-00352,2026-01-17T19:58:54,Government Healthcare,S08-VPN01,java,19,Normal,Normal
N-08-00353,2026-01-03T14:28:30,Government Healthcare,S08-MON01,nginx,9,Normal,Normal
N-08-00354,2026-01-04T02:30:33,Government Healthcare,S08-VPN01,svchost,3,Normal,Normal
N-08-00355,2026-01-16T00:45:52,Government Healthcare,S08-APP01,powershell,4,Normal,Normal
N-08-00356,2026-01-12T12:24:17,Government Healthcare,S08-WS01,java,12,Normal,Normal
N-08-00357,2026-01-17T07:39:34,Government Healthcare,S08-MGMT01,svchost,2,Normal,Normal
N-08-00358,2026-01-12T05:42:54,Government Healthcare,S08-CTRL01,java,19,Normal,Normal
N-08-00359,2026-01-08T15:03:40,Government Healthcare,S08-GW01,python,14,Normal,Normal
N-08-00360,2026-01-01T09:56:17,Government Healthcare,S08-BKP01,nginx,20,Normal,Normal
N-08-00361,2026-01-14T15:24:30,Government Healthcare,S08-AUTH01,svchost,17,Normal,Normal
N-08-00362,2026-01-12T02:38:27,Government Healthcare,S08-DB01,python,17,Normal,Normal
N-08-00363,2026-01-12T01:59:06,Government Healthcare,S08-DB01,java,7,Normal,Normal
N-08-00364,2026-01-11T14:26:09,Government Healthcare,S08-VPN01,nginx,2,Normal,Normal
N-08-00365,2026-01-15T05:41:18,Government Healthcare,S08-DB01,nginx,3,Normal,Normal
N-08-00366,2026-01-19T05:43:53,Government Healthcare,S08-MON01,powershell,20,Normal,Normal
N-08-00367,2026-01-11T06:47:35,Government Healthcare,S08-VPN01,python,12,Normal,Normal
N-08-00368,2026-01-12T05:58:44,Government Healthcare,S08-MGMT01,svchost,20,Normal,Normal
N-08-00369,2026-01-12T18:39:10,Government Healthcare,S08-BKP01,powershell,1,Normal,Normal
N-08-00370,2026-01-10T07:17:35,Government Healthcare,S08-CTRL01,powershell,7,Normal,Normal
N-08-00371,2026-01-14T23:35:33,Government Healthcare,S08-WS01,python,7,Normal,Normal
N-08-00372,2026-01-02T20:46:35,Government Healthcare,S08-APP01,powershell,10,Normal,Normal
N-08-00373,2026-01-08T21:46:10,Government Healthcare,S08-GW01,svchost,9,Normal,Normal
N-08-00374,2026-01-03T13:56:06,Government Healthcare,S08-MGMT01,svchost,1,Normal,Normal
N-08-00375,2026-01-18T08:31:52,Government Healthcare,S08-APP01,svchost,1,Normal,Normal
N-08-00376,2026-01-08T15:33:20,Government Healthcare,S08-APP01,powershell,4,Normal,Normal
N-08-00377,2026-01-14T14:18:56,Government Healthcare,S08-DB01,svchost,18,Normal,Normal
N-08-00378,2026-01-16T10:56:01,Government Healthcare,S08-GW01,svchost,3,Normal,Normal
N-08-00379,2026-01-13T06:53:10,Government Healthcare,S08-WS01,python,1,Normal,Normal
N-08-00380,2026-01-18T19:57:44,Government Healthcare,S08-AUTH01,powershell,15,Normal,Normal
N-08-00381,2026-01-15T19:36:51,Government Healthcare,S08-GW01,powershell,18,Normal,Normal
N-08-00382,2026-01-11T02:30:14,Government Healthcare,S08-GW01,nginx,14,Normal,Normal
N-08-00383,2026-01-10T12:01:27,Government Healthcare,S08-BKP01,nginx,10,Normal,Normal
N-08-00384,2026-01-06T22:38:19,Government Healthcare,S08-DB01,svchost,14,Normal,Normal
N-08-00385,2026-01-03T22:11:20,Government Healthcare,S08-BKP01,powershell,14,Normal,Normal
N-08-00386,2026-01-20T04:15:17,Government Healthcare,S08-MON01,nginx,13,Normal,Normal
N-08-00387,2026-01-13T07:49:51,Government Healthcare,S08-AUTH01,svchost,20,Normal,Normal
N-08-00388,2026-01-04T18:57:10,Government Healthcare,S08-CTRL01,nginx,2,Normal,Normal
N-08-00389,2026-01-05T18:47:06,Government Healthcare,S08-WS01,java,5,Normal,Normal
N-08-00390,2026-01-04T12:10:20,Government Healthcare,S08-AUTH01,java,20,Normal,Normal
N-08-00391,2026-01-08T04:59:29,Government Healthcare,S08-MON01,svchost,6,Normal,Normal
N-08-00392,2026-01-09T10:39:54,Government Healthcare,S08-BKP01,python,2,Normal,Normal
N-08-00393,2026-01-21T01:06:54,Government Healthcare,S08-WS01,nginx,15,Normal,Normal
N-08-00394,2026-01-16T02:33:24,Government Healthcare,S08-CTRL01,svchost,11,Normal,Normal
N-08-00395,2026-01-17T01:57:35,Government Healthcare,S08-CTRL01,python,0,Normal,Normal
N-08-00396,2026-01-07T03:58:41,Government Healthcare,S08-BKP01,nginx,8,Normal,Normal
N-08-00397,2026-01-04T21:56:51,Government Healthcare,S08-BKP01,powershell,15,Normal,Normal
N-08-00398,2026-01-03T12:07:25,Government Healthcare,S08-BKP01,python,16,Normal,Normal
N-08-00399,2026-01-16T21:34:04,Government Healthcare,S08-MON01,java,20,Normal,Normal
N-08-00400,2026-01-06T12:00:02,Government Healthcare,S08-CTRL01,powershell,19,Normal,Normal
N-08-00401,2026-01-08T12:22:20,Government Healthcare,S08-BKP01,python,18,Normal,Normal
N-08-00402,2026-01-09T09:47:10,Government Healthcare,S08-MGMT01,java,15,Normal,Normal
N-08-00403,2026-01-19T07:22:57,Government Healthcare,S08-WS01,java,8,Normal,Normal
N-08-00404,2026-01-12T00:50:14,Government Healthcare,S08-BKP01,java,14,Normal,Normal
N-08-00405,2026-01-20T07:54:00,Government Healthcare,S08-WS01,powershell,20,Normal,Normal
N-08-00406,2026-01-05T04:18:14,Government Healthcare,S08-APP01,nginx,19,Normal,Normal
N-08-00407,2026-01-07T11:00:51,Government Healthcare,S08-VPN01,java,1,Normal,Normal
N-08-00408,2026-01-17T13:24:52,Government Healthcare,S08-CTRL01,python,11,Normal,Normal
N-08-00409,2026-01-12T20:27:21,Government Healthcare,S08-VPN01,nginx,4,Normal,Normal
N-08-00410,2026-01-19T20:41:22,Government Healthcare,S08-BKP01,powershell,1,Normal,Normal
N-08-00411,2026-01-17T17:12:43,Government Healthcare,S08-APP01,python,4,Normal,Normal
N-08-00412,2026-01-09T20:41:46,Government Healthcare,S08-DB01,java,4,Normal,Normal
N-08-00413,2026-01-13T17:09:58,Government Healthcare,S08-GW01,svchost,2,Normal,Normal
N-08-00414,2026-01-02T03:44:31,Government Healthcare,S08-APP01,nginx,10,Normal,Normal
N-08-00415,2026-01-14T02:51:01,Government Healthcare,S08-CTRL01,powershell,19,Normal,Normal
N-08-00416,2026-01-15T11:47:36,Government Healthcare,S08-BKP01,python,5,Normal,Normal
N-08-00417,2026-01-03T00:29:47,Government Healthcare,S08-AUTH01,python,15,Normal,Normal
N-08-00418,2026-01-16T21:22:51,Government Healthcare,S08-WS01,java,16,Normal,Normal
N-08-00419,2026-01-20T09:07:56,Government Healthcare,S08-CTRL01,nginx,13,Normal,Normal
N-08-00420,2026-01-19T19:10:33,Government Healthcare,S08-CTRL01,svchost,3,Normal,Normal
N-08-00421,2026-01-12T23:32:03,Government Healthcare,S08-GW01,java,19,Normal,Normal
N-08-00422,2026-01-10T15:58:21,Government Healthcare,S08-VPN01,java,15,Normal,Normal
N-08-00423,2026-01-13T04:34:31,Government Healthcare,S08-MON01,nginx,18,Normal,Normal
N-08-00424,2026-01-05T14:23:34,Government Healthcare,S08-APP01,svchost,15,Normal,Normal
N-08-00425,2026-01-01T12:31:24,Government Healthcare,S08-DB01,powershell,7,Normal,Normal
N-08-00426,2026-01-04T13:28:30,Government Healthcare,S08-AUTH01,powershell,12,Normal,Normal
N-08-00427,2026-01-16T06:48:46,Government Healthcare,S08-APP01,java,19,Normal,Normal
N-08-00428,2026-01-08T23:14:31,Government Healthcare,S08-BKP01,nginx,16,Normal,Normal
N-08-00429,2026-01-21T06:43:53,Government Healthcare,S08-GW01,python,2,Normal,Normal
N-08-00430,2026-01-01T11:37:19,Government Healthcare,S08-GW01,powershell,20,Normal,Normal
N-08-00431,2026-01-16T13:36:42,Government Healthcare,S08-MGMT01,nginx,6,Normal,Normal
N-08-00432,2026-01-10T09:46:50,Government Healthcare,S08-MON01,java,6,Normal,Normal
N-08-00433,2026-01-01T21:31:38,Government Healthcare,S08-WS01,java,11,Normal,Normal
N-08-00434,2026-01-19T08:02:36,Government Healthcare,S08-BKP01,nginx,2,Normal,Normal
N-08-00435,2026-01-12T11:27:55,Government Healthcare,S08-BKP01,powershell,2,Normal,Normal
N-08-00436,2026-01-15T13:43:06,Government Healthcare,S08-GW01,python,1,Normal,Normal
N-08-00437,2026-01-20T21:34:21,Government Healthcare,S08-DB01,python,0,Normal,Normal
N-08-00438,2026-01-15T08:38:58,Government Healthcare,S08-MGMT01,powershell,6,Normal,Normal
N-08-00439,2026-01-20T15:40:13,Government Healthcare,S08-BKP01,python,8,Normal,Normal
N-08-00440,2026-01-11T04:38:18,Government Healthcare,S08-WS01,python,0,Normal,Normal
N-08-00441,2026-01-12T11:40:20,Government Healthcare,S08-VPN01,svchost,17,Normal,Normal
N-08-00442,2026-01-09T19:17:16,Government Healthcare,S08-CTRL01,svchost,1,Normal,Normal
N-08-00443,2026-01-19T17:39:49,Government Healthcare,S08-CTRL01,nginx,10,Normal,Normal
N-08-00444,2026-01-02T11:28:25,Government Healthcare,S08-APP01,powershell,20,Normal,Normal
N-08-00445,2026-01-06T17:55:15,Government Healthcare,S08-MGMT01,nginx,17,Normal,Normal
N-08-00446,2026-01-14T23:09:31,Government Healthcare,S08-GW01,svchost,9,Normal,Normal
N-08-00447,2026-01-09T00:12:56,Government Healthcare,S08-AUTH01,powershell,3,Normal,Normal
N-08-00448,2026-01-10T13:53:04,Government Healthcare,S08-VPN01,nginx,12,Normal,Normal
N-08-00449,2026-01-16T13:27:10,Government Healthcare,S08-WS01,java,12,Normal,Normal
N-08-00450,2026-01-04T20:44:14,Government Healthcare,S08-APP01,python,11,Normal,Normal
N-08-00451,2026-01-02T12:44:42,Government Healthcare,S08-CTRL01,powershell,12,Normal,Normal
N-08-00452,2026-01-08T08:06:48,Government Healthcare,S08-MON01,java,19,Normal,Normal
N-08-00453,2026-01-19T23:42:45,Government Healthcare,S08-GW01,nginx,14,Normal,Normal
N-08-00454,2026-01-12T17:22:32,Government Healthcare,S08-DB01,svchost,4,Normal,Normal
N-08-00455,2026-01-06T21:22:21,Government Healthcare,S08-APP01,nginx,4,Normal,Normal
N-08-00456,2026-01-20T09:35:14,Government Healthcare,S08-MON01,nginx,1,Normal,Normal
N-08-00457,2026-01-21T00:23:03,Government Healthcare,S08-VPN01,powershell,20,Normal,Normal
N-08-00458,2026-01-17T08:44:45,Government Healthcare,S08-CTRL01,java,12,Normal,Normal
N-08-00459,2026-01-05T04:54:07,Government Healthcare,S08-APP01,java,17,Normal,Normal
N-08-00460,2026-01-07T03:32:33,Government Healthcare,S08-AUTH01,nginx,7,Normal,Normal
N-08-00461,2026-01-07T02:06:05,Government Healthcare,S08-VPN01,svchost,13,Normal,Normal
N-08-00462,2026-01-03T08:06:28,Government Healthcare,S08-WS01,nginx,20,Normal,Normal
N-08-00463,2026-01-12T06:47:35,Government Healthcare,S08-GW01,svchost,8,Normal,Normal
N-08-00464,2026-01-19T20:21:17,Government Healthcare,S08-WS01,powershell,2,Normal,Normal
N-08-00465,2026-01-20T06:03:53,Government Healthcare,S08-WS01,svchost,4,Normal,Normal
N-08-00466,2026-01-15T03:10:17,Government Healthcare,S08-CTRL01,powershell,9,Normal,Normal
N-08-00467,2026-01-09T13:24:05,Government Healthcare,S08-BKP01,python,2,Normal,Normal
N-08-00468,2026-01-12T11:36:21,Government Healthcare,S08-AUTH01,svchost,5,Normal,Normal
N-08-00469,2026-01-03T11:00:43,Government Healthcare,S08-APP01,java,17,Normal,Normal
N-08-00470,2026-01-02T05:33:44,Government Healthcare,S08-CTRL01,python,8,Normal,Normal
N-08-00471,2026-01-13T06:44:13,Government Healthcare,S08-MGMT01,java,6,Normal,Normal
N-08-00472,2026-01-18T18:02:07,Government Healthcare,S08-DB01,python,4,Normal,Normal
N-08-00473,2026-01-14T04:11:45,Government Healthcare,S08-GW01,java,16,Normal,Normal
N-08-00474,2026-01-10T16:34:42,Government Healthcare,S08-DB01,python,13,Normal,Normal
N-08-00475,2026-01-04T01:05:45,Government Healthcare,S08-MON01,python,5,Normal,Normal
N-08-00476,2026-01-12T14:17:41,Government Healthcare,S08-BKP01,powershell,14,Normal,Normal
N-08-00477,2026-01-09T01:15:32,Government Healthcare,S08-CTRL01,nginx,1,Normal,Normal
N-08-00478,2026-01-05T10:40:35,Government Healthcare,S08-BKP01,nginx,1,Normal,Normal
N-08-00479,2026-01-05T15:06:49,Government Healthcare,S08-APP01,svchost,20,Normal,Normal
N-08-00480,2026-01-05T15:47:10,Government Healthcare,S08-VPN01,powershell,20,Normal,Normal
N-08-00481,2026-01-03T05:27:59,Government Healthcare,S08-DB01,nginx,5,Normal,Normal
N-08-00482,2026-01-13T15:54:05,Government Healthcare,S08-BKP01,svchost,9,Normal,Normal
N-08-00483,2026-01-10T11:52:39,Government Healthcare,S08-VPN01,java,6,Normal,Normal
N-08-00484,2026-01-12T22:13:16,Government Healthcare,S08-WS01,python,4,Normal,Normal
N-08-00485,2026-01-06T20:37:38,Government Healthcare,S08-APP01,java,20,Normal,Normal
N-08-00486,2026-01-13T11:34:36,Government Healthcare,S08-AUTH01,java,16,Normal,Normal
N-08-00487,2026-01-19T20:46:38,Government Healthcare,S08-MON01,powershell,12,Normal,Normal
N-08-00488,2026-01-10T13:42:39,Government Healthcare,S08-CTRL01,powershell,2,Normal,Normal
N-08-00489,2026-01-06T12:47:18,Government Healthcare,S08-WS01,python,11,Normal,Normal
N-08-00490,2026-01-05T03:23:26,Government Healthcare,S08-WS01,python,5,Normal,Normal
N-08-00491,2026-01-04T17:35:54,Government Healthcare,S08-MGMT01,python,14,Normal,Normal
N-08-00492,2026-01-05T22:08:01,Government Healthcare,S08-APP01,svchost,12,Normal,Normal
N-08-00493,2026-01-10T16:04:01,Government Healthcare,S08-CTRL01,python,11,Normal,Normal
N-08-00494,2026-01-15T22:38:01,Government Healthcare,S08-VPN01,svchost,1,Normal,Normal
N-08-00495,2026-01-08T21:06:48,Government Healthcare,S08-CTRL01,python,18,Normal,Normal
N-08-00496,2026-01-05T06:57:57,Government Healthcare,S08-AUTH01,python,8,Normal,Normal
N-08-00497,2026-01-05T23:51:02,Government Healthcare,S08-BKP01,nginx,16,Normal,Normal
N-08-00498,2026-01-10T23:01:13,Government Healthcare,S08-VPN01,powershell,16,Normal,Normal
N-08-00499,2026-01-07T07:51:48,Government Healthcare,S08-WS01,nginx,4,Normal,Normal
N-08-00500,2026-01-11T23:12:34,Government Healthcare,S08-MON01,java,18,Normal,Normal
N-08-00501,2026-01-14T16:14:38,Government Healthcare,S08-MON01,svchost,9,Normal,Normal
N-08-00502,2026-01-16T21:21:40,Government Healthcare,S08-BKP01,svchost,8,Normal,Normal
N-08-00503,2026-01-01T21:59:08,Government Healthcare,S08-AUTH01,python,14,Normal,Normal
N-08-00504,2026-01-15T19:04:29,Government Healthcare,S08-VPN01,python,14,Normal,Normal
N-08-00505,2026-01-18T04:06:27,Government Healthcare,S08-DB01,nginx,4,Normal,Normal
N-08-00506,2026-01-20T19:55:57,Government Healthcare,S08-MON01,svchost,18,Normal,Normal
N-08-00507,2026-01-15T23:50:08,Government Healthcare,S08-VPN01,java,12,Normal,Normal
N-08-00508,2026-01-04T06:51:02,Government Healthcare,S08-GW01,nginx,3,Normal,Normal
N-08-00509,2026-01-08T04:39:26,Government Healthcare,S08-AUTH01,python,0,Normal,Normal
N-08-00510,2026-01-19T04:34:54,Government Healthcare,S08-MON01,svchost,12,Normal,Normal
N-08-00511,2026-01-17T08:39:18,Government Healthcare,S08-CTRL01,powershell,3,Normal,Normal
N-08-00512,2026-01-15T17:01:47,Government Healthcare,S08-VPN01,svchost,4,Normal,Normal
N-08-00513,2026-01-10T05:49:57,Government Healthcare,S08-APP01,nginx,18,Normal,Normal
N-08-00514,2026-01-08T15:52:35,Government Healthcare,S08-CTRL01,python,7,Normal,Normal
N-08-00515,2026-01-21T02:08:45,Government Healthcare,S08-APP01,svchost,4,Normal,Normal
N-08-00516,2026-01-09T10:58:25,Government Healthcare,S08-WS01,nginx,10,Normal,Normal
N-08-00517,2026-01-05T12:21:21,Government Healthcare,S08-MGMT01,python,14,Normal,Normal
N-08-00518,2026-01-08T10:14:37,Government Healthcare,S08-DB01,nginx,3,Normal,Normal
N-08-00519,2026-01-02T19:23:37,Government Healthcare,S08-VPN01,java,19,Normal,Normal
N-08-00520,2026-01-18T06:17:20,Government Healthcare,S08-MON01,python,9,Normal,Normal
N-08-00521,2026-01-04T03:17:31,Government Healthcare,S08-WS01,python,17,Normal,Normal
N-08-00522,2026-01-07T10:36:30,Government Healthcare,S08-GW01,python,16,Normal,Normal
N-08-00523,2026-01-10T10:20:46,Government Healthcare,S08-APP01,powershell,4,Normal,Normal
N-08-00524,2026-01-01T22:05:56,Government Healthcare,S08-MON01,java,16,Normal,Normal
N-08-00525,2026-01-03T03:26:02,Government Healthcare,S08-APP01,nginx,1,Normal,Normal
N-08-00526,2026-01-16T06:13:13,Government Healthcare,S08-APP01,powershell,19,Normal,Normal
N-08-00527,2026-01-20T15:57:38,Government Healthcare,S08-VPN01,svchost,4,Normal,Normal
N-08-00528,2026-01-03T07:56:09,Government Healthcare,S08-GW01,nginx,2,Normal,Normal
N-08-00529,2026-01-07T10:46:03,Government Healthcare,S08-BKP01,java,0,Normal,Normal
N-08-00530,2026-01-17T12:50:57,Government Healthcare,S08-VPN01,powershell,8,Normal,Normal
N-08-00531,2026-01-10T18:46:49,Government Healthcare,S08-APP01,nginx,3,Normal,Normal
N-08-00532,2026-01-12T06:54:05,Government Healthcare,S08-MON01,java,7,Normal,Normal
N-08-00533,2026-01-05T22:55:26,Government Healthcare,S08-APP01,svchost,4,Normal,Normal
N-08-00534,2026-01-08T06:35:54,Government Healthcare,S08-AUTH01,svchost,7,Normal,Normal
N-08-00535,2026-01-03T12:24:05,Government Healthcare,S08-CTRL01,powershell,17,Normal,Normal
N-08-00536,2026-01-20T02:11:41,Government Healthcare,S08-APP01,svchost,3,Normal,Normal
N-08-00537,2026-01-02T02:57:04,Government Healthcare,S08-AUTH01,nginx,5,Normal,Normal
N-08-00538,2026-01-07T13:39:48,Government Healthcare,S08-MON01,nginx,2,Normal,Normal
N-08-00539,2026-01-16T00:11:54,Government Healthcare,S08-VPN01,python,8,Normal,Normal
N-08-00540,2026-01-06T11:07:40,Government Healthcare,S08-DB01,java,6,Normal,Normal
N-08-00541,2026-01-08T11:25:03,Government Healthcare,S08-DB01,nginx,3,Normal,Normal
N-08-00542,2026-01-20T02:42:32,Government Healthcare,S08-BKP01,java,0,Normal,Normal
N-08-00543,2026-01-05T19:43:15,Government Healthcare,S08-CTRL01,java,14,Normal,Normal
N-08-00544,2026-01-19T00:50:24,Government Healthcare,S08-APP01,powershell,18,Normal,Normal
N-08-00545,2026-01-16T14:16:13,Government Healthcare,S08-MGMT01,nginx,15,Normal,Normal
N-08-00546,2026-01-16T23:42:55,Government Healthcare,S08-BKP01,nginx,12,Normal,Normal
N-08-00547,2026-01-03T13:36:52,Government Healthcare,S08-AUTH01,java,16,Normal,Normal
N-08-00548,2026-01-07T21:26:08,Government Healthcare,S08-MON01,svchost,18,Normal,Normal
N-08-00549,2026-01-11T19:06:33,Government Healthcare,S08-MGMT01,nginx,12,Normal,Normal
N-08-00550,2026-01-02T14:46:35,Government Healthcare,S08-BKP01,python,3,Normal,Normal
N-08-00551,2026-01-08T21:17:01,Government Healthcare,S08-CTRL01,nginx,19,Normal,Normal
N-08-00552,2026-01-03T23:12:28,Government Healthcare,S08-MON01,python,3,Normal,Normal
N-08-00553,2026-01-06T13:40:25,Government Healthcare,S08-APP01,nginx,8,Normal,Normal
N-08-00554,2026-01-20T02:05:47,Government Healthcare,S08-AUTH01,svchost,8,Normal,Normal
N-08-00555,2026-01-15T20:19:27,Government Healthcare,S08-CTRL01,nginx,15,Normal,Normal
N-08-00556,2026-01-05T22:49:43,Government Healthcare,S08-CTRL01,powershell,5,Normal,Normal
N-08-00557,2026-01-16T08:32:53,Government Healthcare,S08-MON01,java,18,Normal,Normal
N-08-00558,2026-01-16T22:15:06,Government Healthcare,S08-VPN01,powershell,1,Normal,Normal
N-08-00559,2026-01-08T06:20:38,Government Healthcare,S08-VPN01,java,17,Normal,Normal
N-08-00560,2026-01-14T23:02:02,Government Healthcare,S08-MGMT01,svchost,10,Normal,Normal
N-08-00561,2026-01-13T08:21:34,Government Healthcare,S08-CTRL01,powershell,15,Normal,Normal
N-08-00562,2026-01-13T22:09:01,Government Healthcare,S08-BKP01,python,16,Normal,Normal
N-08-00563,2026-01-01T20:08:22,Government Healthcare,S08-MGMT01,powershell,11,Normal,Normal
N-08-00564,2026-01-21T02:57:05,Government Healthcare,S08-GW01,nginx,19,Normal,Normal
N-08-00565,2026-01-15T21:49:36,Government Healthcare,S08-MGMT01,python,16,Normal,Normal
N-08-00566,2026-01-08T22:40:31,Government Healthcare,S08-WS01,powershell,8,Normal,Normal
N-08-00567,2026-01-10T09:51:29,Government Healthcare,S08-VPN01,java,17,Normal,Normal
N-08-00568,2026-01-01T11:08:09,Government Healthcare,S08-MON01,nginx,20,Normal,Normal
N-08-00569,2026-01-04T03:49:53,Government Healthcare,S08-DB01,nginx,19,Normal,Normal
N-08-00570,2026-01-20T20:02:19,Government Healthcare,S08-VPN01,svchost,18,Normal,Normal
N-08-00571,2026-01-11T15:48:59,Government Healthcare,S08-AUTH01,java,13,Normal,Normal
N-08-00572,2026-01-21T07:50:52,Government Healthcare,S08-CTRL01,java,14,Normal,Normal
N-08-00573,2026-01-17T14:17:21,Government Healthcare,S08-MGMT01,powershell,13,Normal,Normal
N-08-00574,2026-01-08T12:59:34,Government Healthcare,S08-GW01,svchost,20,Normal,Normal
N-08-00575,2026-01-18T20:00:12,Government Healthcare,S08-MGMT01,powershell,20,Normal,Normal
N-08-00576,2026-01-18T01:46:15,Government Healthcare,S08-AUTH01,svchost,10,Normal,Normal
N-08-00577,2026-01-18T13:59:58,Government Healthcare,S08-CTRL01,java,4,Normal,Normal
N-08-00578,2026-01-17T17:12:00,Government Healthcare,S08-AUTH01,svchost,11,Normal,Normal
N-08-00579,2026-01-02T22:16:07,Government Healthcare,S08-WS01,powershell,5,Normal,Normal
N-08-00580,2026-01-10T16:57:02,Government Healthcare,S08-AUTH01,powershell,17,Normal,Normal
N-08-00581,2026-01-12T18:52:45,Government Healthcare,S08-DB01,python,6,Normal,Normal
N-08-00582,2026-01-21T02:44:58,Government Healthcare,S08-AUTH01,svchost,14,Normal,Normal
N-08-00583,2026-01-08T03:52:23,Government Healthcare,S08-DB01,svchost,9,Normal,Normal
N-08-00584,2026-01-20T20:19:44,Government Healthcare,S08-MON01,nginx,12,Normal,Normal
N-08-00585,2026-01-01T13:35:39,Government Healthcare,S08-WS01,python,0,Normal,Normal
N-08-00586,2026-01-17T06:14:40,Government Healthcare,S08-BKP01,svchost,20,Normal,Normal
N-08-00587,2026-01-07T21:50:08,Government Healthcare,S08-VPN01,nginx,10,Normal,Normal
N-08-00588,2026-01-16T07:08:37,Government Healthcare,S08-WS01,java,3,Normal,Normal
N-08-00589,2026-01-17T21:48:02,Government Healthcare,S08-AUTH01,nginx,8,Normal,Normal
N-08-00590,2026-01-20T05:47:29,Government Healthcare,S08-VPN01,powershell,18,Normal,Normal
N-08-00591,2026-01-12T18:22:29,Government Healthcare,S08-CTRL01,nginx,1,Normal,Normal
N-08-00592,2026-01-04T12:04:59,Government Healthcare,S08-GW01,svchost,6,Normal,Normal
N-08-00593,2026-01-01T15:39:14,Government Healthcare,S08-MGMT01,svchost,3,Normal,Normal
N-08-00594,2026-01-12T07:48:03,Government Healthcare,S08-WS01,java,10,Normal,Normal
N-08-00595,2026-01-07T18:03:51,Government Healthcare,S08-MON01,svchost,14,Normal,Normal
N-08-00596,2026-01-15T05:05:50,Government Healthcare,S08-VPN01,java,8,Normal,Normal
N-08-00597,2026-01-14T05:02:32,Government Healthcare,S08-GW01,nginx,6,Normal,Normal
N-08-00598,2026-01-14T00:21:10,Government Healthcare,S08-MON01,python,18,Normal,Normal
N-08-00599,2026-01-03T22:56:36,Government Healthcare,S08-AUTH01,java,15,Normal,Normal
A-08-SCN071-01-00,2026-01-14T09:03:00,Government Healthcare,S08-APP01,cmd,89,Reconnaissance,Attack
A-08-SCN071-01-01,2026-01-14T09:08:00,Government Healthcare,S08-WS01,cmd,36,Initial Access,Attack
A-08-SCN071-01-02,2026-01-14T09:10:00,Government Healthcare,S08-BKP01,python,11,Execution,Attack
A-08-SCN071-01-03,2026-01-14T09:15:00,Government Healthcare,S08-MGMT01,ssh,90,Discovery,Attack
A-08-SCN071-01-04,2026-01-14T09:22:00,Government Healthcare,S08-VPN01,python,0,Lateral Movement,Attack
A-08-SCN071-01-05,2026-01-14T09:28:00,Government Healthcare,S08-DB01,cmd,1646,Impact,Attack
A-08-SCN071-01-06,2026-01-14T09:30:00,Government Healthcare,S08-APP01,service-host,726,Impact,Attack
A-08-SCN071-01-07,2026-01-14T09:36:00,Government Healthcare,S08-WS01,powershell,436,Impact,Attack
A-08-SCN071-01-08,2026-01-14T09:41:00,Government Healthcare,S08-BKP01,powershell,167,Impact,Attack
A-08-SCN071-01-09,2026-01-14T09:47:00,Government Healthcare,S08-MGMT01,unknown,1224,Impact,Attack
A-08-SCN071-02-00,2026-01-14T10:02:00,Government Healthcare,S08-WS01,wmic,73,Reconnaissance,Attack
A-08-SCN071-02-01,2026-01-14T10:06:00,Government Healthcare,S08-CTRL01,python,89,Initial Access,Attack
A-08-SCN071-02-02,2026-01-14T10:12:00,Government Healthcare,S08-APP01,curl,3,Execution,Attack
A-08-SCN071-02-03,2026-01-14T10:17:00,Government Healthcare,S08-GW01,ssh,84,Discovery,Attack
A-08-SCN071-02-04,2026-01-14T10:22:00,Government Healthcare,S08-MGMT01,wmic,49,Lateral Movement,Attack
A-08-SCN071-02-05,2026-01-14T10:27:00,Government Healthcare,S08-AUTH01,wmic,635,Impact,Attack
A-08-SCN071-02-06,2026-01-14T10:31:00,Government Healthcare,S08-WS01,curl,1062,Impact,Attack
A-08-SCN071-02-07,2026-01-14T10:36:00,Government Healthcare,S08-CTRL01,python,596,Impact,Attack
A-08-SCN071-02-08,2026-01-14T10:43:00,Government Healthcare,S08-APP01,curl,1446,Impact,Attack
A-08-SCN071-02-09,2026-01-14T10:47:00,Government Healthcare,S08-GW01,ssh,419,Impact,Attack
A-08-SCN071-03-00,2026-01-14T11:02:00,Government Healthcare,S08-APP01,ssh,90,Reconnaissance,Attack
A-08-SCN071-03-01,2026-01-14T11:06:00,Government Healthcare,S08-GW01,curl,21,Initial Access,Attack
A-08-SCN071-03-02,2026-01-14T11:10:00,Government Healthcare,S08-MON01,ssh,63,Execution,Attack
A-08-SCN071-03-03,2026-01-14T11:18:00,Government Healthcare,S08-AUTH01,service-host,16,Discovery,Attack
A-08-SCN071-03-04,2026-01-14T11:20:00,Government Healthcare,S08-VPN01,powershell,81,Lateral Movement,Attack
A-08-SCN071-03-05,2026-01-14T11:27:00,Government Healthcare,S08-DB01,cmd,1457,Impact,Attack
A-08-SCN071-03-06,2026-01-14T11:30:00,Government Healthcare,S08-APP01,wmic,204,Impact,Attack
A-08-SCN071-03-07,2026-01-14T11:36:00,Government Healthcare,S08-GW01,unknown,457,Impact,Attack
A-08-SCN071-03-08,2026-01-14T11:43:00,Government Healthcare,S08-MON01,unknown,1708,Impact,Attack
A-08-SCN071-03-09,2026-01-14T11:45:00,Government Healthcare,S08-AUTH01,service-host,1172,Impact,Attack
A-08-SCN071-04-00,2026-01-14T12:00:00,Government Healthcare,S08-WS01,cmd,4,Reconnaissance,Attack
A-08-SCN071-04-01,2026-01-14T12:05:00,Government Healthcare,S08-GW01,cmd,56,Initial Access,Attack
A-08-SCN071-04-02,2026-01-14T12:11:00,Government Healthcare,S08-DB01,wmic,22,Execution,Attack
A-08-SCN071-04-03,2026-01-14T12:17:00,Government Healthcare,S08-CTRL01,unknown,93,Discovery,Attack
A-08-SCN071-04-04,2026-01-14T12:21:00,Government Healthcare,S08-APP01,powershell,20,Lateral Movement,Attack
A-08-SCN071-04-05,2026-01-14T12:26:00,Government Healthcare,S08-MGMT01,wmic,852,Impact,Attack
A-08-SCN071-04-06,2026-01-14T12:33:00,Government Healthcare,S08-WS01,curl,1316,Impact,Attack
A-08-SCN071-04-07,2026-01-14T12:35:00,Government Healthcare,S08-GW01,wmic,584,Impact,Attack
A-08-SCN071-04-08,2026-01-14T12:41:00,Government Healthcare,S08-DB01,wmic,1412,Impact,Attack
A-08-SCN071-04-09,2026-01-14T12:45:00,Government Healthcare,S08-CTRL01,python,1313,Impact,Attack
A-08-SCN072-01-00,2026-01-14T09:02:00,Government Healthcare,S08-WS01,wmic,32,Reconnaissance,Attack
A-08-SCN072-01-01,2026-01-14T09:08:00,Government Healthcare,S08-MGMT01,wmic,68,Initial Access,Attack
A-08-SCN072-01-02,2026-01-14T09:12:00,Government Healthcare,S08-VPN01,cmd,39,Credential Access,Attack
A-08-SCN072-01-03,2026-01-14T09:15:00,Government Healthcare,S08-AUTH01,unknown,65,Discovery,Attack
A-08-SCN072-01-04,2026-01-14T09:23:00,Government Healthcare,S08-CTRL01,python,854,Collection,Attack
A-08-SCN072-01-05,2026-01-14T09:26:00,Government Healthcare,S08-BKP01,python,90,Exfiltration,Attack
A-08-SCN072-01-06,2026-01-14T09:30:00,Government Healthcare,S08-WS01,ssh,3,Exfiltration,Attack
A-08-SCN072-01-07,2026-01-14T09:36:00,Government Healthcare,S08-MGMT01,curl,61,Exfiltration,Attack
A-08-SCN072-01-08,2026-01-14T09:41:00,Government Healthcare,S08-VPN01,wmic,94,Exfiltration,Attack
A-08-SCN072-01-09,2026-01-14T09:48:00,Government Healthcare,S08-AUTH01,python,17,Exfiltration,Attack
A-08-SCN072-02-00,2026-01-14T10:03:00,Government Healthcare,S08-DB01,ssh,58,Reconnaissance,Attack
A-08-SCN072-02-01,2026-01-14T10:08:00,Government Healthcare,S08-AUTH01,curl,43,Initial Access,Attack
A-08-SCN072-02-02,2026-01-14T10:13:00,Government Healthcare,S08-MGMT01,cmd,3,Credential Access,Attack
A-08-SCN072-02-03,2026-01-14T10:15:00,Government Healthcare,S08-MON01,powershell,15,Discovery,Attack
A-08-SCN072-02-04,2026-01-14T10:23:00,Government Healthcare,S08-BKP01,python,214,Collection,Attack
A-08-SCN072-02-05,2026-01-14T10:25:00,Government Healthcare,S08-CTRL01,ssh,29,Exfiltration,Attack
A-08-SCN072-02-06,2026-01-14T10:33:00,Government Healthcare,S08-DB01,service-host,75,Exfiltration,Attack
A-08-SCN072-02-07,2026-01-14T10:35:00,Government Healthcare,S08-AUTH01,powershell,1,Exfiltration,Attack
A-08-SCN072-02-08,2026-01-14T10:40:00,Government Healthcare,S08-MGMT01,unknown,16,Exfiltration,Attack
A-08-SCN072-02-09,2026-01-14T10:45:00,Government Healthcare,S08-MON01,powershell,10,Exfiltration,Attack
A-08-SCN072-03-00,2026-01-14T11:03:00,Government Healthcare,S08-CTRL01,powershell,76,Reconnaissance,Attack
A-08-SCN072-03-01,2026-01-14T11:05:00,Government Healthcare,S08-VPN01,curl,13,Initial Access,Attack
A-08-SCN072-03-02,2026-01-14T11:12:00,Government Healthcare,S08-MON01,service-host,33,Credential Access,Attack
A-08-SCN072-03-03,2026-01-14T11:18:00,Government Healthcare,S08-GW01,python,96,Discovery,Attack
A-08-SCN072-03-04,2026-01-14T11:23:00,Government Healthcare,S08-APP01,ssh,1460,Collection,Attack
A-08-SCN072-03-05,2026-01-14T11:26:00,Government Healthcare,S08-AUTH01,service-host,53,Exfiltration,Attack
A-08-SCN072-03-06,2026-01-14T11:30:00,Government Healthcare,S08-CTRL01,powershell,24,Exfiltration,Attack
A-08-SCN072-03-07,2026-01-14T11:38:00,Government Healthcare,S08-VPN01,ssh,67,Exfiltration,Attack
A-08-SCN072-03-08,2026-01-14T11:42:00,Government Healthcare,S08-MON01,ssh,33,Exfiltration,Attack
A-08-SCN072-03-09,2026-01-14T11:48:00,Government Healthcare,S08-GW01,python,76,Exfiltration,Attack
A-08-SCN072-04-00,2026-01-14T12:00:00,Government Healthcare,S08-APP01,wmic,25,Reconnaissance,Attack
A-08-SCN072-04-01,2026-01-14T12:06:00,Government Healthcare,S08-VPN01,service-host,64,Initial Access,Attack
A-08-SCN072-04-02,2026-01-14T12:11:00,Government Healthcare,S08-WS01,wmic,45,Credential Access,Attack
A-08-SCN072-04-03,2026-01-14T12:15:00,Government Healthcare,S08-MON01,cmd,13,Discovery,Attack
A-08-SCN072-04-04,2026-01-14T12:21:00,Government Healthcare,S08-BKP01,powershell,739,Collection,Attack
A-08-SCN072-04-05,2026-01-14T12:28:00,Government Healthcare,S08-GW01,service-host,22,Exfiltration,Attack
A-08-SCN072-04-06,2026-01-14T12:33:00,Government Healthcare,S08-APP01,unknown,3,Exfiltration,Attack
A-08-SCN072-04-07,2026-01-14T12:37:00,Government Healthcare,S08-VPN01,wmic,93,Exfiltration,Attack
A-08-SCN072-04-08,2026-01-14T12:42:00,Government Healthcare,S08-WS01,cmd,62,Exfiltration,Attack
A-08-SCN072-04-09,2026-01-14T12:46:00,Government Healthcare,S08-MON01,cmd,1,Exfiltration,Attack
A-08-SCN073-01-00,2026-01-14T09:00:00,Government Healthcare,S08-CTRL01,python,54,Reconnaissance,Attack
A-08-SCN073-01-01,2026-01-14T09:06:00,Government Healthcare,S08-WS01,powershell,17,Initial Access,Attack
A-08-SCN073-01-02,2026-01-14T09:11:00,Government Healthcare,S08-AUTH01,curl,69,Execution,Attack
A-08-SCN073-01-03,2026-01-14T09:16:00,Government Healthcare,S08-MGMT01,unknown,44,Persistence,Attack
A-08-SCN073-01-04,2026-01-14T09:20:00,Government Healthcare,S08-GW01,powershell,72,Privilege Escalation,Attack
A-08-SCN073-01-05,2026-01-14T09:26:00,Government Healthcare,S08-MON01,powershell,88,Discovery,Attack
A-08-SCN073-01-06,2026-01-14T09:30:00,Government Healthcare,S08-CTRL01,service-host,81,Lateral Movement,Attack
A-08-SCN073-01-07,2026-01-14T09:38:00,Government Healthcare,S08-WS01,ssh,77,Command and Control,Attack
A-08-SCN073-01-08,2026-01-14T09:43:00,Government Healthcare,S08-AUTH01,wmic,19,Command and Control,Attack
A-08-SCN073-01-09,2026-01-14T09:47:00,Government Healthcare,S08-MGMT01,curl,34,Command and Control,Attack
A-08-SCN073-02-00,2026-01-14T10:01:00,Government Healthcare,S08-BKP01,wmic,31,Reconnaissance,Attack
A-08-SCN073-02-01,2026-01-14T10:07:00,Government Healthcare,S08-VPN01,wmic,85,Initial Access,Attack
A-08-SCN073-02-02,2026-01-14T10:11:00,Government Healthcare,S08-CTRL01,unknown,91,Execution,Attack
A-08-SCN073-02-03,2026-01-14T10:18:00,Government Healthcare,S08-WS01,unknown,39,Persistence,Attack
A-08-SCN073-02-04,2026-01-14T10:22:00,Government Healthcare,S08-GW01,unknown,87,Privilege Escalation,Attack
A-08-SCN073-02-05,2026-01-14T10:25:00,Government Healthcare,S08-MGMT01,curl,52,Discovery,Attack
A-08-SCN073-02-06,2026-01-14T10:30:00,Government Healthcare,S08-BKP01,unknown,98,Lateral Movement,Attack
A-08-SCN073-02-07,2026-01-14T10:37:00,Government Healthcare,S08-VPN01,curl,11,Command and Control,Attack
A-08-SCN073-02-08,2026-01-14T10:42:00,Government Healthcare,S08-CTRL01,python,5,Command and Control,Attack
A-08-SCN073-02-09,2026-01-14T10:45:00,Government Healthcare,S08-WS01,wmic,34,Command and Control,Attack
A-08-SCN073-03-00,2026-01-14T11:03:00,Government Healthcare,S08-GW01,service-host,52,Reconnaissance,Attack
A-08-SCN073-03-01,2026-01-14T11:07:00,Government Healthcare,S08-BKP01,ssh,87,Initial Access,Attack
A-08-SCN073-03-02,2026-01-14T11:11:00,Government Healthcare,S08-APP01,curl,34,Execution,Attack
A-08-SCN073-03-03,2026-01-14T11:15:00,Government Healthcare,S08-CTRL01,curl,44,Persistence,Attack
A-08-SCN073-03-04,2026-01-14T11:21:00,Government Healthcare,S08-MON01,cmd,18,Privilege Escalation,Attack
A-08-SCN073-03-05,2026-01-14T11:27:00,Government Healthcare,S08-AUTH01,wmic,64,Discovery,Attack
A-08-SCN073-03-06,2026-01-14T11:30:00,Government Healthcare,S08-GW01,service-host,2,Lateral Movement,Attack
A-08-SCN073-03-07,2026-01-14T11:38:00,Government Healthcare,S08-BKP01,powershell,49,Command and Control,Attack
A-08-SCN073-03-08,2026-01-14T11:43:00,Government Healthcare,S08-APP01,wmic,41,Command and Control,Attack
A-08-SCN073-03-09,2026-01-14T11:45:00,Government Healthcare,S08-CTRL01,service-host,3,Command and Control,Attack
A-08-SCN073-04-00,2026-01-14T12:02:00,Government Healthcare,S08-VPN01,service-host,68,Reconnaissance,Attack
A-08-SCN073-04-01,2026-01-14T12:08:00,Government Healthcare,S08-AUTH01,service-host,72,Initial Access,Attack
A-08-SCN073-04-02,2026-01-14T12:12:00,Government Healthcare,S08-CTRL01,python,30,Execution,Attack
A-08-SCN073-04-03,2026-01-14T12:15:00,Government Healthcare,S08-GW01,cmd,37,Persistence,Attack
A-08-SCN073-04-04,2026-01-14T12:20:00,Government Healthcare,S08-MON01,wmic,100,Privilege Escalation,Attack
A-08-SCN073-04-05,2026-01-14T12:25:00,Government Healthcare,S08-MGMT01,service-host,50,Discovery,Attack
A-08-SCN073-04-06,2026-01-14T12:32:00,Government Healthcare,S08-VPN01,curl,41,Lateral Movement,Attack
A-08-SCN073-04-07,2026-01-14T12:37:00,Government Healthcare,S08-AUTH01,ssh,26,Command and Control,Attack
A-08-SCN073-04-08,2026-01-14T12:41:00,Government Healthcare,S08-CTRL01,wmic,61,Command and Control,Attack
A-08-SCN073-04-09,2026-01-14T12:47:00,Government Healthcare,S08-GW01,unknown,31,Command and Control,Attack
A-08-SCN074-01-00,2026-01-14T09:02:00,Government Healthcare,S08-MGMT01,service-host,35,Reconnaissance,Attack
A-08-SCN074-01-01,2026-01-14T09:05:00,Government Healthcare,S08-WS01,unknown,67,Initial Access,Attack
A-08-SCN074-01-02,2026-01-14T09:10:00,Government Healthcare,S08-GW01,service-host,50,Credential Access,Attack
A-08-SCN074-01-03,2026-01-14T09:18:00,Government Healthcare,S08-CTRL01,curl,90,Discovery,Attack
A-08-SCN074-01-04,2026-01-14T09:20:00,Government Healthcare,S08-APP01,service-host,62,Lateral Movement,Attack
A-08-SCN074-01-05,2026-01-14T09:26:00,Government Healthcare,S08-MON01,powershell,1395,Collection,Attack
A-08-SCN074-01-06,2026-01-14T09:33:00,Government Healthcare,S08-MGMT01,ssh,836,Collection,Attack
A-08-SCN074-01-07,2026-01-14T09:38:00,Government Healthcare,S08-WS01,powershell,1658,Collection,Attack
A-08-SCN074-01-08,2026-01-14T09:42:00,Government Healthcare,S08-GW01,curl,908,Collection,Attack
A-08-SCN074-01-09,2026-01-14T09:46:00,Government Healthcare,S08-CTRL01,curl,1885,Collection,Attack
A-08-SCN074-02-00,2026-01-14T10:00:00,Government Healthcare,S08-DB01,curl,28,Reconnaissance,Attack
A-08-SCN074-02-01,2026-01-14T10:07:00,Government Healthcare,S08-WS01,cmd,74,Initial Access,Attack
A-08-SCN074-02-02,2026-01-14T10:13:00,Government Healthcare,S08-AUTH01,service-host,45,Credential Access,Attack
A-08-SCN074-02-03,2026-01-14T10:18:00,Government Healthcare,S08-BKP01,wmic,98,Discovery,Attack
A-08-SCN074-02-04,2026-01-14T10:23:00,Government Healthcare,S08-MON01,ssh,52,Lateral Movement,Attack
A-08-SCN074-02-05,2026-01-14T10:26:00,Government Healthcare,S08-GW01,powershell,190,Collection,Attack
A-08-SCN074-02-06,2026-01-14T10:31:00,Government Healthcare,S08-DB01,cmd,1768,Collection,Attack
A-08-SCN074-02-07,2026-01-14T10:36:00,Government Healthcare,S08-WS01,cmd,365,Collection,Attack
A-08-SCN074-02-08,2026-01-14T10:43:00,Government Healthcare,S08-AUTH01,powershell,1181,Collection,Attack
A-08-SCN074-02-09,2026-01-14T10:46:00,Government Healthcare,S08-BKP01,python,1412,Collection,Attack
A-08-SCN074-03-00,2026-01-14T11:01:00,Government Healthcare,S08-APP01,ssh,79,Reconnaissance,Attack
A-08-SCN074-03-01,2026-01-14T11:07:00,Government Healthcare,S08-MGMT01,powershell,1,Initial Access,Attack
A-08-SCN074-03-02,2026-01-14T11:13:00,Government Healthcare,S08-MON01,curl,40,Credential Access,Attack
A-08-SCN074-03-03,2026-01-14T11:16:00,Government Healthcare,S08-CTRL01,powershell,95,Discovery,Attack
A-08-SCN074-03-04,2026-01-14T11:20:00,Government Healthcare,S08-DB01,curl,50,Lateral Movement,Attack
A-08-SCN074-03-05,2026-01-14T11:26:00,Government Healthcare,S08-BKP01,powershell,99,Collection,Attack
A-08-SCN074-03-06,2026-01-14T11:32:00,Government Healthcare,S08-APP01,cmd,377,Collection,Attack
A-08-SCN074-03-07,2026-01-14T11:36:00,Government Healthcare,S08-MGMT01,unknown,1600,Collection,Attack
A-08-SCN074-03-08,2026-01-14T11:43:00,Government Healthcare,S08-MON01,unknown,1246,Collection,Attack
A-08-SCN074-03-09,2026-01-14T11:48:00,Government Healthcare,S08-CTRL01,python,1471,Collection,Attack
A-08-SCN074-04-00,2026-01-14T12:00:00,Government Healthcare,S08-WS01,service-host,44,Reconnaissance,Attack
A-08-SCN074-04-01,2026-01-14T12:06:00,Government Healthcare,S08-DB01,powershell,28,Initial Access,Attack
A-08-SCN074-04-02,2026-01-14T12:12:00,Government Healthcare,S08-APP01,unknown,82,Credential Access,Attack
A-08-SCN074-04-03,2026-01-14T12:16:00,Government Healthcare,S08-GW01,ssh,40,Discovery,Attack
A-08-SCN074-04-04,2026-01-14T12:23:00,Government Healthcare,S08-AUTH01,curl,16,Lateral Movement,Attack
A-08-SCN074-04-05,2026-01-14T12:26:00,Government Healthcare,S08-CTRL01,unknown,1141,Collection,Attack
A-08-SCN074-04-06,2026-01-14T12:33:00,Government Healthcare,S08-WS01,curl,62,Collection,Attack
A-08-SCN074-04-07,2026-01-14T12:38:00,Government Healthcare,S08-DB01,wmic,1269,Collection,Attack
A-08-SCN074-04-08,2026-01-14T12:40:00,Government Healthcare,S08-APP01,wmic,234,Collection,Attack
A-08-SCN074-04-09,2026-01-14T12:47:00,Government Healthcare,S08-GW01,powershell,1812,Collection,Attack
A-08-SCN075-01-00,2026-01-14T09:02:00,Government Healthcare,S08-DB01,powershell,78,Reconnaissance,Attack
A-08-SCN075-01-01,2026-01-14T09:06:00,Government Healthcare,S08-BKP01,powershell,69,Initial Access,Attack
A-08-SCN075-01-02,2026-01-14T09:10:00,Government Healthcare,S08-GW01,ssh,34,Execution,Attack
A-08-SCN075-01-03,2026-01-14T09:15:00,Government Healthcare,S08-AUTH01,curl,39,Discovery,Attack
A-08-SCN075-01-04,2026-01-14T09:21:00,Government Healthcare,S08-MON01,powershell,33,Lateral Movement,Attack
A-08-SCN075-01-05,2026-01-14T09:25:00,Government Healthcare,S08-MGMT01,python,1794,Impact,Attack
A-08-SCN075-01-06,2026-01-14T09:32:00,Government Healthcare,S08-DB01,python,559,Impact,Attack
A-08-SCN075-01-07,2026-01-14T09:37:00,Government Healthcare,S08-BKP01,powershell,422,Impact,Attack
A-08-SCN075-01-08,2026-01-14T09:42:00,Government Healthcare,S08-GW01,curl,500,Impact,Attack
A-08-SCN075-01-09,2026-01-14T09:45:00,Government Healthcare,S08-AUTH01,service-host,712,Impact,Attack
A-08-SCN075-02-00,2026-01-14T10:02:00,Government Healthcare,S08-CTRL01,cmd,32,Reconnaissance,Attack
A-08-SCN075-02-01,2026-01-14T10:05:00,Government Healthcare,S08-AUTH01,powershell,5,Initial Access,Attack
A-08-SCN075-02-02,2026-01-14T10:12:00,Government Healthcare,S08-BKP01,powershell,78,Execution,Attack
A-08-SCN075-02-03,2026-01-14T10:15:00,Government Healthcare,S08-VPN01,curl,100,Discovery,Attack
A-08-SCN075-02-04,2026-01-14T10:23:00,Government Healthcare,S08-APP01,unknown,16,Lateral Movement,Attack
A-08-SCN075-02-05,2026-01-14T10:27:00,Government Healthcare,S08-GW01,service-host,567,Impact,Attack
A-08-SCN075-02-06,2026-01-14T10:31:00,Government Healthcare,S08-CTRL01,unknown,1136,Impact,Attack
A-08-SCN075-02-07,2026-01-14T10:36:00,Government Healthcare,S08-AUTH01,curl,512,Impact,Attack
A-08-SCN075-02-08,2026-01-14T10:42:00,Government Healthcare,S08-BKP01,ssh,1870,Impact,Attack
A-08-SCN075-02-09,2026-01-14T10:48:00,Government Healthcare,S08-VPN01,python,1356,Impact,Attack
A-08-SCN075-03-00,2026-01-14T11:01:00,Government Healthcare,S08-GW01,python,8,Reconnaissance,Attack
A-08-SCN075-03-01,2026-01-14T11:05:00,Government Healthcare,S08-MON01,unknown,47,Initial Access,Attack
A-08-SCN075-03-02,2026-01-14T11:12:00,Government Healthcare,S08-APP01,service-host,3,Execution,Attack
A-08-SCN075-03-03,2026-01-14T11:15:00,Government Healthcare,S08-CTRL01,service-host,67,Discovery,Attack
A-08-SCN075-03-04,2026-01-14T11:21:00,Government Healthcare,S08-VPN01,python,18,Lateral Movement,Attack
A-08-SCN075-03-05,2026-01-14T11:27:00,Government Healthcare,S08-WS01,unknown,918,Impact,Attack
A-08-SCN075-03-06,2026-01-14T11:33:00,Government Healthcare,S08-GW01,ssh,641,Impact,Attack
A-08-SCN075-03-07,2026-01-14T11:36:00,Government Healthcare,S08-MON01,powershell,399,Impact,Attack
A-08-SCN075-03-08,2026-01-14T11:43:00,Government Healthcare,S08-APP01,ssh,1696,Impact,Attack
A-08-SCN075-03-09,2026-01-14T11:47:00,Government Healthcare,S08-CTRL01,unknown,1600,Impact,Attack
A-08-SCN075-04-00,2026-01-14T12:03:00,Government Healthcare,S08-AUTH01,unknown,42,Reconnaissance,Attack
A-08-SCN075-04-01,2026-01-14T12:07:00,Government Healthcare,S08-APP01,cmd,68,Initial Access,Attack
A-08-SCN075-04-02,2026-01-14T12:10:00,Government Healthcare,S08-GW01,powershell,40,Execution,Attack
A-08-SCN075-04-03,2026-01-14T12:16:00,Government Healthcare,S08-CTRL01,unknown,29,Discovery,Attack
A-08-SCN075-04-04,2026-01-14T12:23:00,Government Healthcare,S08-DB01,service-host,50,Lateral Movement,Attack
A-08-SCN075-04-05,2026-01-14T12:25:00,Government Healthcare,S08-BKP01,curl,897,Impact,Attack
A-08-SCN075-04-06,2026-01-14T12:33:00,Government Healthcare,S08-AUTH01,cmd,1797,Impact,Attack
A-08-SCN075-04-07,2026-01-14T12:35:00,Government Healthcare,S08-APP01,curl,1919,Impact,Attack
A-08-SCN075-04-08,2026-01-14T12:41:00,Government Healthcare,S08-GW01,ssh,1500,Impact,Attack
A-08-SCN075-04-09,2026-01-14T12:47:00,Government Healthcare,S08-CTRL01,wmic,1495,Impact,Attack
A-08-SCN076-01-00,2026-01-14T09:01:00,Government Healthcare,S08-CTRL01,service-host,9,Reconnaissance,Attack
A-08-SCN076-01-01,2026-01-14T09:06:00,Government Healthcare,S08-VPN01,unknown,59,Initial Access,Attack
A-08-SCN076-01-02,2026-01-14T09:10:00,Government Healthcare,S08-MON01,curl,18,Execution,Attack
A-08-SCN076-01-03,2026-01-14T09:18:00,Government Healthcare,S08-MGMT01,curl,11,Persistence,Attack
A-08-SCN076-01-04,2026-01-14T09:21:00,Government Healthcare,S08-WS01,unknown,22,Privilege Escalation,Attack
A-08-SCN076-01-05,2026-01-14T09:25:00,Government Healthcare,S08-AUTH01,python,55,Discovery,Attack
A-08-SCN076-01-06,2026-01-14T09:32:00,Government Healthcare,S08-CTRL01,service-host,16,Lateral Movement,Attack
A-08-SCN076-01-07,2026-01-14T09:35:00,Government Healthcare,S08-VPN01,python,80,Command and Control,Attack
A-08-SCN076-01-08,2026-01-14T09:41:00,Government Healthcare,S08-MON01,cmd,83,Command and Control,Attack
A-08-SCN076-01-09,2026-01-14T09:48:00,Government Healthcare,S08-MGMT01,ssh,90,Command and Control,Attack
A-08-SCN076-02-00,2026-01-14T10:02:00,Government Healthcare,S08-BKP01,cmd,0,Reconnaissance,Attack
A-08-SCN076-02-01,2026-01-14T10:05:00,Government Healthcare,S08-CTRL01,wmic,47,Initial Access,Attack
A-08-SCN076-02-02,2026-01-14T10:11:00,Government Healthcare,S08-MON01,curl,37,Execution,Attack
A-08-SCN076-02-03,2026-01-14T10:16:00,Government Healthcare,S08-AUTH01,python,97,Persistence,Attack
A-08-SCN076-02-04,2026-01-14T10:22:00,Government Healthcare,S08-WS01,unknown,48,Privilege Escalation,Attack
A-08-SCN076-02-05,2026-01-14T10:26:00,Government Healthcare,S08-DB01,python,3,Discovery,Attack
A-08-SCN076-02-06,2026-01-14T10:30:00,Government Healthcare,S08-BKP01,service-host,26,Lateral Movement,Attack
A-08-SCN076-02-07,2026-01-14T10:35:00,Government Healthcare,S08-CTRL01,curl,56,Command and Control,Attack
A-08-SCN076-02-08,2026-01-14T10:41:00,Government Healthcare,S08-MON01,service-host,98,Command and Control,Attack
A-08-SCN076-02-09,2026-01-14T10:47:00,Government Healthcare,S08-AUTH01,unknown,42,Command and Control,Attack
A-08-SCN076-03-00,2026-01-14T11:03:00,Government Healthcare,S08-MGMT01,powershell,7,Reconnaissance,Attack
A-08-SCN076-03-01,2026-01-14T11:07:00,Government Healthcare,S08-GW01,service-host,2,Initial Access,Attack
A-08-SCN076-03-02,2026-01-14T11:11:00,Government Healthcare,S08-APP01,python,63,Execution,Attack
A-08-SCN076-03-03,2026-01-14T11:17:00,Government Healthcare,S08-MON01,cmd,41,Persistence,Attack
A-08-SCN076-03-04,2026-01-14T11:22:00,Government Healthcare,S08-WS01,curl,57,Privilege Escalation,Attack
A-08-SCN076-03-05,2026-01-14T11:27:00,Government Healthcare,S08-DB01,cmd,99,Discovery,Attack
A-08-SCN076-03-06,2026-01-14T11:33:00,Government Healthcare,S08-MGMT01,unknown,0,Lateral Movement,Attack
A-08-SCN076-03-07,2026-01-14T11:37:00,Government Healthcare,S08-GW01,cmd,5,Command and Control,Attack
A-08-SCN076-03-08,2026-01-14T11:43:00,Government Healthcare,S08-APP01,wmic,57,Command and Control,Attack
A-08-SCN076-03-09,2026-01-14T11:45:00,Government Healthcare,S08-MON01,python,79,Command and Control,Attack
A-08-SCN076-04-00,2026-01-14T12:01:00,Government Healthcare,S08-DB01,python,50,Reconnaissance,Attack
A-08-SCN076-04-01,2026-01-14T12:06:00,Government Healthcare,S08-VPN01,python,63,Initial Access,Attack
A-08-SCN076-04-02,2026-01-14T12:10:00,Government Healthcare,S08-WS01,ssh,79,Execution,Attack
A-08-SCN076-04-03,2026-01-14T12:15:00,Government Healthcare,S08-AUTH01,ssh,63,Persistence,Attack
A-08-SCN076-04-04,2026-01-14T12:20:00,Government Healthcare,S08-MON01,service-host,5,Privilege Escalation,Attack
A-08-SCN076-04-05,2026-01-14T12:25:00,Government Healthcare,S08-BKP01,python,5,Discovery,Attack
A-08-SCN076-04-06,2026-01-14T12:33:00,Government Healthcare,S08-DB01,python,55,Lateral Movement,Attack
A-08-SCN076-04-07,2026-01-14T12:37:00,Government Healthcare,S08-VPN01,wmic,32,Command and Control,Attack
A-08-SCN076-04-08,2026-01-14T12:40:00,Government Healthcare,S08-WS01,cmd,64,Command and Control,Attack
A-08-SCN076-04-09,2026-01-14T12:46:00,Government Healthcare,S08-AUTH01,curl,75,Command and Control,Attack
A-08-SCN077-01-00,2026-01-14T09:02:00,Government Healthcare,S08-MGMT01,powershell,45,Reconnaissance,Attack
A-08-SCN077-01-01,2026-01-14T09:07:00,Government Healthcare,S08-APP01,cmd,52,Initial Access,Attack
A-08-SCN077-01-02,2026-01-14T09:12:00,Government Healthcare,S08-DB01,python,86,Execution,Attack
A-08-SCN077-01-03,2026-01-14T09:18:00,Government Healthcare,S08-CTRL01,unknown,31,Persistence,Attack
A-08-SCN077-01-04,2026-01-14T09:21:00,Government Healthcare,S08-BKP01,wmic,71,Privilege Escalation,Attack
A-08-SCN077-01-05,2026-01-14T09:27:00,Government Healthcare,S08-GW01,powershell,45,Discovery,Attack
A-08-SCN077-01-06,2026-01-14T09:30:00,Government Healthcare,S08-MGMT01,unknown,58,Lateral Movement,Attack
A-08-SCN077-01-07,2026-01-14T09:37:00,Government Healthcare,S08-APP01,python,71,Command and Control,Attack
A-08-SCN077-01-08,2026-01-14T09:43:00,Government Healthcare,S08-DB01,ssh,0,Command and Control,Attack
A-08-SCN077-01-09,2026-01-14T09:45:00,Government Healthcare,S08-CTRL01,service-host,89,Command and Control,Attack
A-08-SCN077-02-00,2026-01-14T10:00:00,Government Healthcare,S08-GW01,wmic,46,Reconnaissance,Attack
A-08-SCN077-02-01,2026-01-14T10:07:00,Government Healthcare,S08-WS01,wmic,94,Initial Access,Attack
A-08-SCN077-02-02,2026-01-14T10:11:00,Government Healthcare,S08-AUTH01,python,90,Execution,Attack
A-08-SCN077-02-03,2026-01-14T10:15:00,Government Healthcare,S08-CTRL01,unknown,0,Persistence,Attack
A-08-SCN077-02-04,2026-01-14T10:20:00,Government Healthcare,S08-MGMT01,curl,46,Privilege Escalation,Attack
A-08-SCN077-02-05,2026-01-14T10:27:00,Government Healthcare,S08-MON01,service-host,76,Discovery,Attack
A-08-SCN077-02-06,2026-01-14T10:33:00,Government Healthcare,S08-GW01,powershell,61,Lateral Movement,Attack
A-08-SCN077-02-07,2026-01-14T10:37:00,Government Healthcare,S08-WS01,python,90,Command and Control,Attack
A-08-SCN077-02-08,2026-01-14T10:42:00,Government Healthcare,S08-AUTH01,ssh,20,Command and Control,Attack
A-08-SCN077-02-09,2026-01-14T10:47:00,Government Healthcare,S08-CTRL01,ssh,3,Command and Control,Attack
A-08-SCN077-03-00,2026-01-14T11:00:00,Government Healthcare,S08-WS01,powershell,68,Reconnaissance,Attack
A-08-SCN077-03-01,2026-01-14T11:05:00,Government Healthcare,S08-CTRL01,cmd,93,Initial Access,Attack
A-08-SCN077-03-02,2026-01-14T11:13:00,Government Healthcare,S08-DB01,ssh,77,Execution,Attack
A-08-SCN077-03-03,2026-01-14T11:15:00,Government Healthcare,S08-BKP01,cmd,37,Persistence,Attack
A-08-SCN077-03-04,2026-01-14T11:22:00,Government Healthcare,S08-GW01,unknown,24,Privilege Escalation,Attack
A-08-SCN077-03-05,2026-01-14T11:25:00,Government Healthcare,S08-MGMT01,cmd,14,Discovery,Attack
A-08-SCN077-03-06,2026-01-14T11:30:00,Government Healthcare,S08-WS01,wmic,53,Lateral Movement,Attack
A-08-SCN077-03-07,2026-01-14T11:36:00,Government Healthcare,S08-CTRL01,powershell,34,Command and Control,Attack
A-08-SCN077-03-08,2026-01-14T11:41:00,Government Healthcare,S08-DB01,python,98,Command and Control,Attack
A-08-SCN077-03-09,2026-01-14T11:47:00,Government Healthcare,S08-BKP01,curl,74,Command and Control,Attack
A-08-SCN077-04-00,2026-01-14T12:03:00,Government Healthcare,S08-WS01,python,82,Reconnaissance,Attack
A-08-SCN077-04-01,2026-01-14T12:06:00,Government Healthcare,S08-DB01,cmd,72,Initial Access,Attack
A-08-SCN077-04-02,2026-01-14T12:13:00,Government Healthcare,S08-BKP01,python,52,Execution,Attack
A-08-SCN077-04-03,2026-01-14T12:18:00,Government Healthcare,S08-MGMT01,python,71,Persistence,Attack
A-08-SCN077-04-04,2026-01-14T12:20:00,Government Healthcare,S08-VPN01,python,66,Privilege Escalation,Attack
A-08-SCN077-04-05,2026-01-14T12:25:00,Government Healthcare,S08-MON01,cmd,71,Discovery,Attack
A-08-SCN077-04-06,2026-01-14T12:31:00,Government Healthcare,S08-WS01,curl,92,Lateral Movement,Attack
A-08-SCN077-04-07,2026-01-14T12:38:00,Government Healthcare,S08-DB01,powershell,24,Command and Control,Attack
A-08-SCN077-04-08,2026-01-14T12:40:00,Government Healthcare,S08-BKP01,cmd,1,Command and Control,Attack
A-08-SCN077-04-09,2026-01-14T12:48:00,Government Healthcare,S08-MGMT01,ssh,42,Command and Control,Attack
A-08-SCN078-01-00,2026-01-14T09:00:00,Government Healthcare,S08-WS01,cmd,28,Reconnaissance,Attack
A-08-SCN078-01-01,2026-01-14T09:08:00,Government Healthcare,S08-VPN01,python,90,Initial Access,Attack
A-08-SCN078-01-02,2026-01-14T09:10:00,Government Healthcare,S08-DB01,curl,8,Credential Access,Attack
A-08-SCN078-01-03,2026-01-14T09:15:00,Government Healthcare,S08-MGMT01,curl,66,Discovery,Attack
A-08-SCN078-01-04,2026-01-14T09:20:00,Government Healthcare,S08-APP01,curl,133,Collection,Attack
A-08-SCN078-01-05,2026-01-14T09:28:00,Government Healthcare,S08-AUTH01,ssh,57,Exfiltration,Attack
A-08-SCN078-01-06,2026-01-14T09:30:00,Government Healthcare,S08-WS01,service-host,40,Exfiltration,Attack
A-08-SCN078-01-07,2026-01-14T09:38:00,Government Healthcare,S08-VPN01,curl,45,Exfiltration,Attack
A-08-SCN078-01-08,2026-01-14T09:42:00,Government Healthcare,S08-DB01,service-host,10,Exfiltration,Attack
A-08-SCN078-01-09,2026-01-14T09:46:00,Government Healthcare,S08-MGMT01,powershell,52,Exfiltration,Attack
A-08-SCN078-02-00,2026-01-14T10:01:00,Government Healthcare,S08-APP01,unknown,89,Reconnaissance,Attack
A-08-SCN078-02-01,2026-01-14T10:05:00,Government Healthcare,S08-BKP01,wmic,24,Initial Access,Attack
A-08-SCN078-02-02,2026-01-14T10:12:00,Government Healthcare,S08-CTRL01,powershell,37,Credential Access,Attack
A-08-SCN078-02-03,2026-01-14T10:15:00,Government Healthcare,S08-AUTH01,wmic,91,Discovery,Attack
A-08-SCN078-02-04,2026-01-14T10:21:00,Government Healthcare,S08-VPN01,unknown,1140,Collection,Attack
A-08-SCN078-02-05,2026-01-14T10:27:00,Government Healthcare,S08-DB01,cmd,83,Exfiltration,Attack
A-08-SCN078-02-06,2026-01-14T10:30:00,Government Healthcare,S08-APP01,python,58,Exfiltration,Attack
A-08-SCN078-02-07,2026-01-14T10:38:00,Government Healthcare,S08-BKP01,service-host,70,Exfiltration,Attack
A-08-SCN078-02-08,2026-01-14T10:41:00,Government Healthcare,S08-CTRL01,powershell,74,Exfiltration,Attack
A-08-SCN078-02-09,2026-01-14T10:45:00,Government Healthcare,S08-AUTH01,powershell,74,Exfiltration,Attack
A-08-SCN078-03-00,2026-01-14T11:01:00,Government Healthcare,S08-BKP01,cmd,55,Reconnaissance,Attack
A-08-SCN078-03-01,2026-01-14T11:08:00,Government Healthcare,S08-CTRL01,wmic,28,Initial Access,Attack
A-08-SCN078-03-02,2026-01-14T11:11:00,Government Healthcare,S08-APP01,python,40,Credential Access,Attack
A-08-SCN078-03-03,2026-01-14T11:18:00,Government Healthcare,S08-AUTH01,wmic,46,Discovery,Attack
A-08-SCN078-03-04,2026-01-14T11:22:00,Government Healthcare,S08-MON01,cmd,445,Collection,Attack
A-08-SCN078-03-05,2026-01-14T11:26:00,Government Healthcare,S08-WS01,cmd,77,Exfiltration,Attack
A-08-SCN078-03-06,2026-01-14T11:33:00,Government Healthcare,S08-BKP01,service-host,15,Exfiltration,Attack
A-08-SCN078-03-07,2026-01-14T11:35:00,Government Healthcare,S08-CTRL01,powershell,31,Exfiltration,Attack
A-08-SCN078-03-08,2026-01-14T11:40:00,Government Healthcare,S08-APP01,python,60,Exfiltration,Attack
A-08-SCN078-03-09,2026-01-14T11:46:00,Government Healthcare,S08-AUTH01,powershell,88,Exfiltration,Attack
A-08-SCN078-04-00,2026-01-14T12:02:00,Government Healthcare,S08-BKP01,curl,37,Reconnaissance,Attack
A-08-SCN078-04-01,2026-01-14T12:07:00,Government Healthcare,S08-APP01,wmic,85,Initial Access,Attack
A-08-SCN078-04-02,2026-01-14T12:12:00,Government Healthcare,S08-WS01,wmic,70,Credential Access,Attack
A-08-SCN078-04-03,2026-01-14T12:15:00,Government Healthcare,S08-GW01,powershell,58,Discovery,Attack
A-08-SCN078-04-04,2026-01-14T12:20:00,Government Healthcare,S08-VPN01,powershell,848,Collection,Attack
A-08-SCN078-04-05,2026-01-14T12:25:00,Government Healthcare,S08-MON01,unknown,82,Exfiltration,Attack
A-08-SCN078-04-06,2026-01-14T12:32:00,Government Healthcare,S08-BKP01,ssh,49,Exfiltration,Attack
A-08-SCN078-04-07,2026-01-14T12:36:00,Government Healthcare,S08-APP01,service-host,81,Exfiltration,Attack
A-08-SCN078-04-08,2026-01-14T12:40:00,Government Healthcare,S08-WS01,unknown,77,Exfiltration,Attack
A-08-SCN078-04-09,2026-01-14T12:47:00,Government Healthcare,S08-GW01,curl,25,Exfiltration,Attack
A-08-SCN079-01-00,2026-01-14T09:01:00,Government Healthcare,S08-AUTH01,ssh,27,Reconnaissance,Attack
A-08-SCN079-01-01,2026-01-14T09:06:00,Government Healthcare,S08-MGMT01,curl,63,Initial Access,Attack
A-08-SCN079-01-02,2026-01-14T09:10:00,Government Healthcare,S08-CTRL01,cmd,47,Execution,Attack
A-08-SCN079-01-03,2026-01-14T09:18:00,Government Healthcare,S08-APP01,service-host,19,Persistence,Attack
A-08-SCN079-01-04,2026-01-14T09:23:00,Government Healthcare,S08-VPN01,wmic,23,Privilege Escalation,Attack
A-08-SCN079-01-05,2026-01-14T09:25:00,Government Healthcare,S08-MON01,curl,56,Discovery,Attack
A-08-SCN079-01-06,2026-01-14T09:32:00,Government Healthcare,S08-AUTH01,curl,11,Lateral Movement,Attack
A-08-SCN079-01-07,2026-01-14T09:38:00,Government Healthcare,S08-MGMT01,curl,53,Command and Control,Attack
A-08-SCN079-01-08,2026-01-14T09:41:00,Government Healthcare,S08-CTRL01,curl,92,Command and Control,Attack
A-08-SCN079-01-09,2026-01-14T09:45:00,Government Healthcare,S08-APP01,ssh,77,Command and Control,Attack
A-08-SCN079-02-00,2026-01-14T10:03:00,Government Healthcare,S08-GW01,wmic,22,Reconnaissance,Attack
A-08-SCN079-02-01,2026-01-14T10:05:00,Government Healthcare,S08-BKP01,service-host,13,Initial Access,Attack
A-08-SCN079-02-02,2026-01-14T10:11:00,Government Healthcare,S08-AUTH01,unknown,53,Execution,Attack
A-08-SCN079-02-03,2026-01-14T10:16:00,Government Healthcare,S08-CTRL01,ssh,90,Persistence,Attack
A-08-SCN079-02-04,2026-01-14T10:21:00,Government Healthcare,S08-MGMT01,powershell,54,Privilege Escalation,Attack
A-08-SCN079-02-05,2026-01-14T10:28:00,Government Healthcare,S08-VPN01,ssh,54,Discovery,Attack
A-08-SCN079-02-06,2026-01-14T10:32:00,Government Healthcare,S08-GW01,service-host,11,Lateral Movement,Attack
A-08-SCN079-02-07,2026-01-14T10:38:00,Government Healthcare,S08-BKP01,ssh,70,Command and Control,Attack
A-08-SCN079-02-08,2026-01-14T10:43:00,Government Healthcare,S08-AUTH01,powershell,74,Command and Control,Attack
A-08-SCN079-02-09,2026-01-14T10:45:00,Government Healthcare,S08-CTRL01,cmd,10,Command and Control,Attack
A-08-SCN079-03-00,2026-01-14T11:01:00,Government Healthcare,S08-VPN01,ssh,76,Reconnaissance,Attack
A-08-SCN079-03-01,2026-01-14T11:07:00,Government Healthcare,S08-WS01,service-host,45,Initial Access,Attack
A-08-SCN079-03-02,2026-01-14T11:12:00,Government Healthcare,S08-MGMT01,curl,43,Execution,Attack
A-08-SCN079-03-03,2026-01-14T11:15:00,Government Healthcare,S08-BKP01,powershell,78,Persistence,Attack
A-08-SCN079-03-04,2026-01-14T11:20:00,Government Healthcare,S08-MON01,curl,26,Privilege Escalation,Attack
A-08-SCN079-03-05,2026-01-14T11:26:00,Government Healthcare,S08-CTRL01,service-host,26,Discovery,Attack
A-08-SCN079-03-06,2026-01-14T11:31:00,Government Healthcare,S08-VPN01,python,55,Lateral Movement,Attack
A-08-SCN079-03-07,2026-01-14T11:38:00,Government Healthcare,S08-WS01,powershell,77,Command and Control,Attack
A-08-SCN079-03-08,2026-01-14T11:40:00,Government Healthcare,S08-MGMT01,ssh,5,Command and Control,Attack
A-08-SCN079-03-09,2026-01-14T11:48:00,Government Healthcare,S08-BKP01,service-host,50,Command and Control,Attack
A-08-SCN079-04-00,2026-01-14T12:03:00,Government Healthcare,S08-MGMT01,powershell,1,Reconnaissance,Attack
A-08-SCN079-04-01,2026-01-14T12:08:00,Government Healthcare,S08-WS01,wmic,35,Initial Access,Attack
A-08-SCN079-04-02,2026-01-14T12:13:00,Government Healthcare,S08-CTRL01,ssh,23,Execution,Attack
A-08-SCN079-04-03,2026-01-14T12:17:00,Government Healthcare,S08-APP01,wmic,75,Persistence,Attack
A-08-SCN079-04-04,2026-01-14T12:20:00,Government Healthcare,S08-DB01,wmic,28,Privilege Escalation,Attack
A-08-SCN079-04-05,2026-01-14T12:27:00,Government Healthcare,S08-GW01,powershell,40,Discovery,Attack
A-08-SCN079-04-06,2026-01-14T12:33:00,Government Healthcare,S08-MGMT01,wmic,100,Lateral Movement,Attack
A-08-SCN079-04-07,2026-01-14T12:35:00,Government Healthcare,S08-WS01,powershell,56,Command and Control,Attack
A-08-SCN079-04-08,2026-01-14T12:42:00,Government Healthcare,S08-CTRL01,cmd,96,Command and Control,Attack
A-08-SCN079-04-09,2026-01-14T12:46:00,Government Healthcare,S08-APP01,ssh,86,Command and Control,Attack
A-08-SCN080-01-00,2026-01-14T09:02:00,Government Healthcare,S08-VPN01,service-host,30,Reconnaissance,Attack
A-08-SCN080-01-01,2026-01-14T09:06:00,Government Healthcare,S08-APP01,powershell,99,Initial Access,Attack
A-08-SCN080-01-02,2026-01-14T09:10:00,Government Healthcare,S08-BKP01,cmd,38,Execution,Attack
A-08-SCN080-01-03,2026-01-14T09:17:00,Government Healthcare,S08-DB01,python,78,Persistence,Attack
A-08-SCN080-01-04,2026-01-14T09:23:00,Government Healthcare,S08-WS01,ssh,72,Privilege Escalation,Attack
A-08-SCN080-01-05,2026-01-14T09:28:00,Government Healthcare,S08-MGMT01,wmic,76,Discovery,Attack
A-08-SCN080-01-06,2026-01-14T09:32:00,Government Healthcare,S08-VPN01,powershell,7,Lateral Movement,Attack
A-08-SCN080-01-07,2026-01-14T09:37:00,Government Healthcare,S08-APP01,powershell,95,Command and Control,Attack
A-08-SCN080-01-08,2026-01-14T09:42:00,Government Healthcare,S08-BKP01,curl,52,Command and Control,Attack
A-08-SCN080-01-09,2026-01-14T09:48:00,Government Healthcare,S08-DB01,curl,91,Command and Control,Attack
A-08-SCN080-02-00,2026-01-14T10:00:00,Government Healthcare,S08-VPN01,cmd,6,Reconnaissance,Attack
A-08-SCN080-02-01,2026-01-14T10:05:00,Government Healthcare,S08-MGMT01,curl,23,Initial Access,Attack
A-08-SCN080-02-02,2026-01-14T10:13:00,Government Healthcare,S08-DB01,ssh,78,Execution,Attack
A-08-SCN080-02-03,2026-01-14T10:16:00,Government Healthcare,S08-WS01,unknown,91,Persistence,Attack
A-08-SCN080-02-04,2026-01-14T10:22:00,Government Healthcare,S08-APP01,curl,11,Privilege Escalation,Attack
A-08-SCN080-02-05,2026-01-14T10:25:00,Government Healthcare,S08-BKP01,wmic,17,Discovery,Attack
A-08-SCN080-02-06,2026-01-14T10:30:00,Government Healthcare,S08-VPN01,powershell,68,Lateral Movement,Attack
A-08-SCN080-02-07,2026-01-14T10:37:00,Government Healthcare,S08-MGMT01,powershell,9,Command and Control,Attack
A-08-SCN080-02-08,2026-01-14T10:40:00,Government Healthcare,S08-DB01,cmd,71,Command and Control,Attack
A-08-SCN080-02-09,2026-01-14T10:47:00,Government Healthcare,S08-WS01,curl,56,Command and Control,Attack
A-08-SCN080-03-00,2026-01-14T11:01:00,Government Healthcare,S08-APP01,curl,37,Reconnaissance,Attack
A-08-SCN080-03-01,2026-01-14T11:05:00,Government Healthcare,S08-AUTH01,curl,30,Initial Access,Attack
A-08-SCN080-03-02,2026-01-14T11:12:00,Government Healthcare,S08-GW01,python,40,Execution,Attack
A-08-SCN080-03-03,2026-01-14T11:18:00,Government Healthcare,S08-BKP01,service-host,21,Persistence,Attack
A-08-SCN080-03-04,2026-01-14T11:21:00,Government Healthcare,S08-DB01,service-host,97,Privilege Escalation,Attack
A-08-SCN080-03-05,2026-01-14T11:28:00,Government Healthcare,S08-VPN01,curl,82,Discovery,Attack
A-08-SCN080-03-06,2026-01-14T11:31:00,Government Healthcare,S08-APP01,unknown,15,Lateral Movement,Attack
A-08-SCN080-03-07,2026-01-14T11:38:00,Government Healthcare,S08-AUTH01,curl,7,Command and Control,Attack
A-08-SCN080-03-08,2026-01-14T11:40:00,Government Healthcare,S08-GW01,ssh,66,Command and Control,Attack
A-08-SCN080-03-09,2026-01-14T11:46:00,Government Healthcare,S08-BKP01,curl,33,Command and Control,Attack
A-08-SCN080-04-00,2026-01-14T12:01:00,Government Healthcare,S08-MON01,cmd,75,Reconnaissance,Attack
A-08-SCN080-04-01,2026-01-14T12:08:00,Government Healthcare,S08-VPN01,service-host,75,Initial Access,Attack
A-08-SCN080-04-02,2026-01-14T12:13:00,Government Healthcare,S08-BKP01,wmic,16,Execution,Attack
A-08-SCN080-04-03,2026-01-14T12:17:00,Government Healthcare,S08-WS01,python,91,Persistence,Attack
A-08-SCN080-04-04,2026-01-14T12:22:00,Government Healthcare,S08-CTRL01,cmd,17,Privilege Escalation,Attack
A-08-SCN080-04-05,2026-01-14T12:27:00,Government Healthcare,S08-GW01,powershell,80,Discovery,Attack
A-08-SCN080-04-06,2026-01-14T12:31:00,Government Healthcare,S08-MON01,unknown,40,Lateral Movement,Attack
A-08-SCN080-04-07,2026-01-14T12:37:00,Government Healthcare,S08-VPN01,unknown,65,Command and Control,Attack
A-08-SCN080-04-08,2026-01-14T12:43:00,Government Healthcare,S08-BKP01,wmic,54,Command and Control,Attack
A-08-SCN080-04-09,2026-01-14T12:46:00,Government Healthcare,S08-WS01,powershell,35,Command and Control,Attack
N-09-00000,2026-01-20T05:09:25,Space Infrastructure,S09-WS01,python,18,Normal,Normal
N-09-00001,2026-01-11T02:45:35,Space Infrastructure,S09-WS01,nginx,4,Normal,Normal
N-09-00002,2026-01-06T21:54:32,Space Infrastructure,S09-MON01,nginx,8,Normal,Normal
N-09-00003,2026-01-11T15:45:11,Space Infrastructure,S09-APP01,nginx,8,Normal,Normal
N-09-00004,2026-01-06T02:22:58,Space Infrastructure,S09-MON01,svchost,13,Normal,Normal
N-09-00005,2026-01-09T00:31:21,Space Infrastructure,S09-MON01,powershell,3,Normal,Normal
N-09-00006,2026-01-10T10:56:07,Space Infrastructure,S09-WS01,java,8,Normal,Normal
N-09-00007,2026-01-12T09:01:00,Space Infrastructure,S09-APP01,svchost,10,Normal,Normal
N-09-00008,2026-01-18T18:17:16,Space Infrastructure,S09-GW01,svchost,12,Normal,Normal
N-09-00009,2026-01-04T00:03:29,Space Infrastructure,S09-MGMT01,java,10,Normal,Normal
N-09-00010,2026-01-19T16:43:11,Space Infrastructure,S09-DB01,python,12,Normal,Normal
N-09-00011,2026-01-18T03:08:43,Space Infrastructure,S09-MON01,java,16,Normal,Normal
N-09-00012,2026-01-17T15:47:31,Space Infrastructure,S09-GW01,java,4,Normal,Normal
N-09-00013,2026-01-20T01:15:15,Space Infrastructure,S09-AUTH01,nginx,4,Normal,Normal
N-09-00014,2026-01-17T09:16:21,Space Infrastructure,S09-AUTH01,svchost,2,Normal,Normal
N-09-00015,2026-01-04T08:10:15,Space Infrastructure,S09-VPN01,svchost,17,Normal,Normal
N-09-00016,2026-01-12T06:02:12,Space Infrastructure,S09-BKP01,nginx,15,Normal,Normal
N-09-00017,2026-01-07T05:27:23,Space Infrastructure,S09-BKP01,powershell,9,Normal,Normal
N-09-00018,2026-01-10T12:48:16,Space Infrastructure,S09-DB01,svchost,11,Normal,Normal
N-09-00019,2026-01-12T05:41:01,Space Infrastructure,S09-MGMT01,python,14,Normal,Normal
N-09-00020,2026-01-20T15:53:56,Space Infrastructure,S09-APP01,nginx,16,Normal,Normal
N-09-00021,2026-01-04T05:46:29,Space Infrastructure,S09-WS01,powershell,3,Normal,Normal
N-09-00022,2026-01-06T05:10:04,Space Infrastructure,S09-GW01,nginx,19,Normal,Normal
N-09-00023,2026-01-15T07:31:28,Space Infrastructure,S09-VPN01,nginx,3,Normal,Normal
N-09-00024,2026-01-13T21:21:38,Space Infrastructure,S09-WS01,nginx,13,Normal,Normal
N-09-00025,2026-01-20T09:22:51,Space Infrastructure,S09-APP01,java,13,Normal,Normal
N-09-00026,2026-01-18T17:25:50,Space Infrastructure,S09-GW01,java,20,Normal,Normal
N-09-00027,2026-01-12T04:47:00,Space Infrastructure,S09-WS01,powershell,8,Normal,Normal
N-09-00028,2026-01-15T15:28:33,Space Infrastructure,S09-APP01,svchost,6,Normal,Normal
N-09-00029,2026-01-12T13:55:15,Space Infrastructure,S09-VPN01,powershell,17,Normal,Normal
N-09-00030,2026-01-20T04:39:10,Space Infrastructure,S09-DB01,java,11,Normal,Normal
N-09-00031,2026-01-17T10:05:29,Space Infrastructure,S09-WS01,java,2,Normal,Normal
N-09-00032,2026-01-06T10:53:04,Space Infrastructure,S09-WS01,python,3,Normal,Normal
N-09-00033,2026-01-06T20:02:16,Space Infrastructure,S09-DB01,svchost,20,Normal,Normal
N-09-00034,2026-01-13T11:07:32,Space Infrastructure,S09-VPN01,java,7,Normal,Normal
N-09-00035,2026-01-13T03:35:33,Space Infrastructure,S09-APP01,svchost,9,Normal,Normal
N-09-00036,2026-01-18T19:20:02,Space Infrastructure,S09-AUTH01,powershell,11,Normal,Normal
N-09-00037,2026-01-21T02:09:23,Space Infrastructure,S09-APP01,java,18,Normal,Normal
N-09-00038,2026-01-06T05:24:56,Space Infrastructure,S09-CTRL01,python,5,Normal,Normal
N-09-00039,2026-01-07T23:18:02,Space Infrastructure,S09-VPN01,python,12,Normal,Normal
N-09-00040,2026-01-18T16:40:59,Space Infrastructure,S09-BKP01,python,4,Normal,Normal
N-09-00041,2026-01-07T16:17:45,Space Infrastructure,S09-APP01,powershell,8,Normal,Normal
N-09-00042,2026-01-12T19:19:23,Space Infrastructure,S09-AUTH01,nginx,2,Normal,Normal
N-09-00043,2026-01-10T13:26:01,Space Infrastructure,S09-MON01,nginx,0,Normal,Normal
N-09-00044,2026-01-08T03:51:53,Space Infrastructure,S09-GW01,java,9,Normal,Normal
N-09-00045,2026-01-19T07:36:55,Space Infrastructure,S09-AUTH01,svchost,7,Normal,Normal
N-09-00046,2026-01-05T08:09:48,Space Infrastructure,S09-APP01,nginx,8,Normal,Normal
N-09-00047,2026-01-02T02:55:58,Space Infrastructure,S09-APP01,svchost,17,Normal,Normal
N-09-00048,2026-01-12T07:50:05,Space Infrastructure,S09-WS01,python,14,Normal,Normal
N-09-00049,2026-01-05T17:52:55,Space Infrastructure,S09-CTRL01,svchost,19,Normal,Normal
N-09-00050,2026-01-18T09:06:31,Space Infrastructure,S09-VPN01,svchost,1,Normal,Normal
N-09-00051,2026-01-09T17:38:41,Space Infrastructure,S09-DB01,java,4,Normal,Normal
N-09-00052,2026-01-06T05:15:37,Space Infrastructure,S09-CTRL01,java,0,Normal,Normal
N-09-00053,2026-01-02T14:29:34,Space Infrastructure,S09-DB01,nginx,7,Normal,Normal
N-09-00054,2026-01-04T01:43:51,Space Infrastructure,S09-APP01,nginx,0,Normal,Normal
N-09-00055,2026-01-02T13:50:27,Space Infrastructure,S09-MGMT01,svchost,20,Normal,Normal
N-09-00056,2026-01-12T14:28:40,Space Infrastructure,S09-GW01,svchost,20,Normal,Normal
N-09-00057,2026-01-15T06:30:08,Space Infrastructure,S09-APP01,python,6,Normal,Normal
N-09-00058,2026-01-19T16:57:28,Space Infrastructure,S09-WS01,python,15,Normal,Normal
N-09-00059,2026-01-07T20:12:11,Space Infrastructure,S09-WS01,java,13,Normal,Normal
N-09-00060,2026-01-06T13:36:59,Space Infrastructure,S09-GW01,powershell,12,Normal,Normal
N-09-00061,2026-01-20T10:16:55,Space Infrastructure,S09-MON01,svchost,7,Normal,Normal
N-09-00062,2026-01-01T18:15:25,Space Infrastructure,S09-GW01,java,16,Normal,Normal
N-09-00063,2026-01-04T03:02:37,Space Infrastructure,S09-DB01,java,6,Normal,Normal
N-09-00064,2026-01-03T10:04:54,Space Infrastructure,S09-GW01,python,4,Normal,Normal
N-09-00065,2026-01-21T03:31:37,Space Infrastructure,S09-WS01,nginx,0,Normal,Normal
N-09-00066,2026-01-03T12:44:40,Space Infrastructure,S09-DB01,powershell,12,Normal,Normal
N-09-00067,2026-01-04T16:42:31,Space Infrastructure,S09-DB01,java,9,Normal,Normal
N-09-00068,2026-01-17T14:53:52,Space Infrastructure,S09-APP01,svchost,19,Normal,Normal
N-09-00069,2026-01-11T21:19:13,Space Infrastructure,S09-APP01,svchost,20,Normal,Normal
N-09-00070,2026-01-13T17:12:29,Space Infrastructure,S09-AUTH01,powershell,0,Normal,Normal
N-09-00071,2026-01-05T10:56:33,Space Infrastructure,S09-MON01,powershell,16,Normal,Normal
N-09-00072,2026-01-06T06:19:02,Space Infrastructure,S09-WS01,powershell,4,Normal,Normal
N-09-00073,2026-01-19T01:47:27,Space Infrastructure,S09-MON01,java,18,Normal,Normal
N-09-00074,2026-01-06T15:45:21,Space Infrastructure,S09-MON01,svchost,5,Normal,Normal
N-09-00075,2026-01-13T00:18:45,Space Infrastructure,S09-APP01,svchost,19,Normal,Normal
N-09-00076,2026-01-12T06:04:17,Space Infrastructure,S09-GW01,nginx,7,Normal,Normal
N-09-00077,2026-01-20T11:43:13,Space Infrastructure,S09-DB01,powershell,6,Normal,Normal
N-09-00078,2026-01-02T23:03:20,Space Infrastructure,S09-APP01,java,17,Normal,Normal
N-09-00079,2026-01-09T21:59:22,Space Infrastructure,S09-DB01,powershell,12,Normal,Normal
N-09-00080,2026-01-20T16:36:52,Space Infrastructure,S09-VPN01,nginx,19,Normal,Normal
N-09-00081,2026-01-01T21:04:10,Space Infrastructure,S09-MGMT01,svchost,10,Normal,Normal
N-09-00082,2026-01-15T11:57:21,Space Infrastructure,S09-WS01,powershell,3,Normal,Normal
N-09-00083,2026-01-18T13:00:50,Space Infrastructure,S09-APP01,java,5,Normal,Normal
N-09-00084,2026-01-16T05:25:59,Space Infrastructure,S09-VPN01,nginx,16,Normal,Normal
N-09-00085,2026-01-19T11:20:35,Space Infrastructure,S09-MON01,svchost,18,Normal,Normal
N-09-00086,2026-01-16T22:00:02,Space Infrastructure,S09-BKP01,nginx,5,Normal,Normal
N-09-00087,2026-01-20T23:10:34,Space Infrastructure,S09-APP01,powershell,3,Normal,Normal
N-09-00088,2026-01-20T07:31:57,Space Infrastructure,S09-WS01,svchost,13,Normal,Normal
N-09-00089,2026-01-11T00:28:09,Space Infrastructure,S09-CTRL01,svchost,5,Normal,Normal
N-09-00090,2026-01-01T09:45:01,Space Infrastructure,S09-WS01,svchost,0,Normal,Normal
N-09-00091,2026-01-16T03:50:02,Space Infrastructure,S09-VPN01,nginx,6,Normal,Normal
N-09-00092,2026-01-10T21:16:20,Space Infrastructure,S09-VPN01,java,0,Normal,Normal
N-09-00093,2026-01-16T01:38:00,Space Infrastructure,S09-BKP01,python,15,Normal,Normal
N-09-00094,2026-01-02T15:19:36,Space Infrastructure,S09-GW01,nginx,9,Normal,Normal
N-09-00095,2026-01-01T09:05:33,Space Infrastructure,S09-AUTH01,nginx,15,Normal,Normal
N-09-00096,2026-01-04T11:47:42,Space Infrastructure,S09-CTRL01,powershell,13,Normal,Normal
N-09-00097,2026-01-02T13:50:06,Space Infrastructure,S09-BKP01,nginx,16,Normal,Normal
N-09-00098,2026-01-13T21:07:36,Space Infrastructure,S09-VPN01,powershell,1,Normal,Normal
N-09-00099,2026-01-03T02:27:47,Space Infrastructure,S09-APP01,nginx,18,Normal,Normal
N-09-00100,2026-01-05T13:02:44,Space Infrastructure,S09-DB01,python,16,Normal,Normal
N-09-00101,2026-01-19T16:41:40,Space Infrastructure,S09-BKP01,powershell,12,Normal,Normal
N-09-00102,2026-01-07T18:10:32,Space Infrastructure,S09-BKP01,python,8,Normal,Normal
N-09-00103,2026-01-14T22:02:15,Space Infrastructure,S09-GW01,nginx,12,Normal,Normal
N-09-00104,2026-01-18T10:27:57,Space Infrastructure,S09-DB01,python,15,Normal,Normal
N-09-00105,2026-01-04T13:39:48,Space Infrastructure,S09-CTRL01,nginx,17,Normal,Normal
N-09-00106,2026-01-11T17:48:40,Space Infrastructure,S09-MON01,python,19,Normal,Normal
N-09-00107,2026-01-15T07:29:28,Space Infrastructure,S09-MON01,powershell,0,Normal,Normal
N-09-00108,2026-01-03T06:19:17,Space Infrastructure,S09-MGMT01,python,15,Normal,Normal
N-09-00109,2026-01-13T05:53:43,Space Infrastructure,S09-CTRL01,java,6,Normal,Normal
N-09-00110,2026-01-03T09:10:47,Space Infrastructure,S09-DB01,python,13,Normal,Normal
N-09-00111,2026-01-03T05:39:36,Space Infrastructure,S09-WS01,java,7,Normal,Normal
N-09-00112,2026-01-18T15:17:09,Space Infrastructure,S09-CTRL01,python,4,Normal,Normal
N-09-00113,2026-01-19T05:18:42,Space Infrastructure,S09-APP01,svchost,8,Normal,Normal
N-09-00114,2026-01-17T21:38:33,Space Infrastructure,S09-AUTH01,powershell,14,Normal,Normal
N-09-00115,2026-01-12T16:33:27,Space Infrastructure,S09-MON01,java,5,Normal,Normal
N-09-00116,2026-01-14T17:54:17,Space Infrastructure,S09-GW01,nginx,11,Normal,Normal
N-09-00117,2026-01-17T17:23:04,Space Infrastructure,S09-APP01,nginx,15,Normal,Normal
N-09-00118,2026-01-03T00:00:06,Space Infrastructure,S09-APP01,java,9,Normal,Normal
N-09-00119,2026-01-10T12:11:47,Space Infrastructure,S09-GW01,java,13,Normal,Normal
N-09-00120,2026-01-17T10:22:35,Space Infrastructure,S09-CTRL01,nginx,20,Normal,Normal
N-09-00121,2026-01-19T20:55:00,Space Infrastructure,S09-CTRL01,java,11,Normal,Normal
N-09-00122,2026-01-12T00:27:15,Space Infrastructure,S09-VPN01,python,11,Normal,Normal
N-09-00123,2026-01-10T10:02:16,Space Infrastructure,S09-DB01,python,15,Normal,Normal
N-09-00124,2026-01-07T23:30:40,Space Infrastructure,S09-CTRL01,svchost,8,Normal,Normal
N-09-00125,2026-01-08T04:07:40,Space Infrastructure,S09-VPN01,powershell,5,Normal,Normal
N-09-00126,2026-01-06T11:01:20,Space Infrastructure,S09-GW01,java,11,Normal,Normal
N-09-00127,2026-01-13T22:56:59,Space Infrastructure,S09-GW01,svchost,12,Normal,Normal
N-09-00128,2026-01-04T01:55:11,Space Infrastructure,S09-APP01,svchost,15,Normal,Normal
N-09-00129,2026-01-08T18:18:08,Space Infrastructure,S09-VPN01,python,18,Normal,Normal
N-09-00130,2026-01-02T10:10:09,Space Infrastructure,S09-MON01,java,19,Normal,Normal
N-09-00131,2026-01-02T02:11:38,Space Infrastructure,S09-BKP01,nginx,5,Normal,Normal
N-09-00132,2026-01-17T05:25:01,Space Infrastructure,S09-APP01,powershell,15,Normal,Normal
N-09-00133,2026-01-14T10:53:07,Space Infrastructure,S09-MON01,java,18,Normal,Normal
N-09-00134,2026-01-16T01:00:44,Space Infrastructure,S09-VPN01,nginx,3,Normal,Normal
N-09-00135,2026-01-15T16:42:39,Space Infrastructure,S09-APP01,nginx,14,Normal,Normal
N-09-00136,2026-01-02T19:20:51,Space Infrastructure,S09-DB01,nginx,9,Normal,Normal
N-09-00137,2026-01-20T04:07:40,Space Infrastructure,S09-MON01,python,15,Normal,Normal
N-09-00138,2026-01-16T08:26:53,Space Infrastructure,S09-MON01,svchost,16,Normal,Normal
N-09-00139,2026-01-17T17:55:21,Space Infrastructure,S09-APP01,nginx,8,Normal,Normal
N-09-00140,2026-01-19T20:04:52,Space Infrastructure,S09-DB01,powershell,9,Normal,Normal
N-09-00141,2026-01-05T19:26:12,Space Infrastructure,S09-MON01,nginx,17,Normal,Normal
N-09-00142,2026-01-12T11:21:00,Space Infrastructure,S09-DB01,powershell,16,Normal,Normal
N-09-00143,2026-01-17T19:31:27,Space Infrastructure,S09-AUTH01,svchost,3,Normal,Normal
N-09-00144,2026-01-15T21:47:58,Space Infrastructure,S09-BKP01,powershell,13,Normal,Normal
N-09-00145,2026-01-13T01:34:42,Space Infrastructure,S09-APP01,java,6,Normal,Normal
N-09-00146,2026-01-11T18:58:04,Space Infrastructure,S09-AUTH01,svchost,12,Normal,Normal
N-09-00147,2026-01-11T20:53:09,Space Infrastructure,S09-BKP01,nginx,16,Normal,Normal
N-09-00148,2026-01-01T19:47:06,Space Infrastructure,S09-DB01,powershell,14,Normal,Normal
N-09-00149,2026-01-13T19:43:59,Space Infrastructure,S09-MGMT01,powershell,2,Normal,Normal
N-09-00150,2026-01-02T08:56:23,Space Infrastructure,S09-BKP01,powershell,12,Normal,Normal
N-09-00151,2026-01-16T20:25:51,Space Infrastructure,S09-WS01,java,14,Normal,Normal
N-09-00152,2026-01-19T05:22:12,Space Infrastructure,S09-GW01,nginx,20,Normal,Normal
N-09-00153,2026-01-20T16:43:57,Space Infrastructure,S09-DB01,svchost,0,Normal,Normal
N-09-00154,2026-01-05T14:46:04,Space Infrastructure,S09-AUTH01,nginx,3,Normal,Normal
N-09-00155,2026-01-05T17:58:14,Space Infrastructure,S09-CTRL01,nginx,5,Normal,Normal
N-09-00156,2026-01-17T17:46:47,Space Infrastructure,S09-WS01,powershell,16,Normal,Normal
N-09-00157,2026-01-18T05:57:07,Space Infrastructure,S09-DB01,java,8,Normal,Normal
N-09-00158,2026-01-04T23:16:35,Space Infrastructure,S09-WS01,svchost,16,Normal,Normal
N-09-00159,2026-01-10T11:26:49,Space Infrastructure,S09-MGMT01,python,17,Normal,Normal
N-09-00160,2026-01-09T05:29:40,Space Infrastructure,S09-DB01,python,20,Normal,Normal
N-09-00161,2026-01-01T08:15:56,Space Infrastructure,S09-BKP01,powershell,14,Normal,Normal
N-09-00162,2026-01-20T10:11:38,Space Infrastructure,S09-VPN01,python,12,Normal,Normal
N-09-00163,2026-01-17T06:46:37,Space Infrastructure,S09-APP01,nginx,19,Normal,Normal
N-09-00164,2026-01-14T14:21:57,Space Infrastructure,S09-WS01,svchost,10,Normal,Normal
N-09-00165,2026-01-19T03:30:44,Space Infrastructure,S09-WS01,nginx,8,Normal,Normal
N-09-00166,2026-01-19T22:14:06,Space Infrastructure,S09-BKP01,python,20,Normal,Normal
N-09-00167,2026-01-20T03:44:18,Space Infrastructure,S09-AUTH01,svchost,15,Normal,Normal
N-09-00168,2026-01-03T00:18:14,Space Infrastructure,S09-APP01,svchost,20,Normal,Normal
N-09-00169,2026-01-18T13:15:33,Space Infrastructure,S09-MGMT01,svchost,4,Normal,Normal
N-09-00170,2026-01-03T18:10:31,Space Infrastructure,S09-MGMT01,powershell,10,Normal,Normal
N-09-00171,2026-01-14T18:13:05,Space Infrastructure,S09-BKP01,python,19,Normal,Normal
N-09-00172,2026-01-18T01:12:38,Space Infrastructure,S09-MON01,java,16,Normal,Normal
N-09-00173,2026-01-11T18:30:43,Space Infrastructure,S09-BKP01,java,6,Normal,Normal
N-09-00174,2026-01-16T16:20:47,Space Infrastructure,S09-MON01,nginx,20,Normal,Normal
N-09-00175,2026-01-05T04:25:40,Space Infrastructure,S09-GW01,powershell,11,Normal,Normal
N-09-00176,2026-01-02T07:16:57,Space Infrastructure,S09-AUTH01,java,15,Normal,Normal
N-09-00177,2026-01-18T20:21:51,Space Infrastructure,S09-MGMT01,java,2,Normal,Normal
N-09-00178,2026-01-05T09:45:20,Space Infrastructure,S09-GW01,java,8,Normal,Normal
N-09-00179,2026-01-12T17:28:42,Space Infrastructure,S09-WS01,java,3,Normal,Normal
N-09-00180,2026-01-19T06:16:03,Space Infrastructure,S09-BKP01,svchost,19,Normal,Normal
N-09-00181,2026-01-04T17:01:20,Space Infrastructure,S09-VPN01,nginx,14,Normal,Normal
N-09-00182,2026-01-16T00:55:49,Space Infrastructure,S09-AUTH01,svchost,14,Normal,Normal
N-09-00183,2026-01-05T03:26:00,Space Infrastructure,S09-DB01,java,3,Normal,Normal
N-09-00184,2026-01-06T10:24:17,Space Infrastructure,S09-DB01,java,13,Normal,Normal
N-09-00185,2026-01-12T09:10:15,Space Infrastructure,S09-MGMT01,python,0,Normal,Normal
N-09-00186,2026-01-01T12:08:07,Space Infrastructure,S09-MGMT01,powershell,5,Normal,Normal
N-09-00187,2026-01-01T13:49:34,Space Infrastructure,S09-DB01,powershell,13,Normal,Normal
N-09-00188,2026-01-14T10:57:38,Space Infrastructure,S09-GW01,nginx,10,Normal,Normal
N-09-00189,2026-01-16T03:25:28,Space Infrastructure,S09-WS01,powershell,5,Normal,Normal
N-09-00190,2026-01-09T21:57:46,Space Infrastructure,S09-MON01,svchost,15,Normal,Normal
N-09-00191,2026-01-08T13:56:07,Space Infrastructure,S09-APP01,svchost,20,Normal,Normal
N-09-00192,2026-01-18T19:36:27,Space Infrastructure,S09-WS01,python,11,Normal,Normal
N-09-00193,2026-01-03T01:33:36,Space Infrastructure,S09-APP01,powershell,3,Normal,Normal
N-09-00194,2026-01-08T23:05:11,Space Infrastructure,S09-MGMT01,java,17,Normal,Normal
N-09-00195,2026-01-17T04:59:05,Space Infrastructure,S09-VPN01,nginx,9,Normal,Normal
N-09-00196,2026-01-08T21:22:24,Space Infrastructure,S09-GW01,nginx,19,Normal,Normal
N-09-00197,2026-01-09T16:13:02,Space Infrastructure,S09-APP01,svchost,7,Normal,Normal
N-09-00198,2026-01-13T04:33:22,Space Infrastructure,S09-DB01,svchost,13,Normal,Normal
N-09-00199,2026-01-07T17:56:27,Space Infrastructure,S09-AUTH01,nginx,13,Normal,Normal
N-09-00200,2026-01-20T23:56:16,Space Infrastructure,S09-WS01,python,18,Normal,Normal
N-09-00201,2026-01-09T17:33:08,Space Infrastructure,S09-BKP01,java,6,Normal,Normal
N-09-00202,2026-01-09T10:53:28,Space Infrastructure,S09-AUTH01,nginx,7,Normal,Normal
N-09-00203,2026-01-17T22:58:03,Space Infrastructure,S09-VPN01,svchost,15,Normal,Normal
N-09-00204,2026-01-14T16:46:49,Space Infrastructure,S09-AUTH01,svchost,20,Normal,Normal
N-09-00205,2026-01-08T14:06:17,Space Infrastructure,S09-AUTH01,java,9,Normal,Normal
N-09-00206,2026-01-06T12:52:44,Space Infrastructure,S09-MGMT01,powershell,3,Normal,Normal
N-09-00207,2026-01-12T07:58:21,Space Infrastructure,S09-AUTH01,svchost,14,Normal,Normal
N-09-00208,2026-01-14T18:09:39,Space Infrastructure,S09-GW01,powershell,5,Normal,Normal
N-09-00209,2026-01-19T04:03:48,Space Infrastructure,S09-GW01,java,7,Normal,Normal
N-09-00210,2026-01-09T16:28:06,Space Infrastructure,S09-AUTH01,powershell,16,Normal,Normal
N-09-00211,2026-01-07T20:52:11,Space Infrastructure,S09-WS01,nginx,18,Normal,Normal
N-09-00212,2026-01-15T06:12:18,Space Infrastructure,S09-CTRL01,svchost,11,Normal,Normal
N-09-00213,2026-01-18T16:54:25,Space Infrastructure,S09-GW01,nginx,19,Normal,Normal
N-09-00214,2026-01-07T10:27:19,Space Infrastructure,S09-APP01,svchost,19,Normal,Normal
N-09-00215,2026-01-16T21:11:33,Space Infrastructure,S09-BKP01,svchost,3,Normal,Normal
N-09-00216,2026-01-03T12:35:24,Space Infrastructure,S09-MGMT01,svchost,17,Normal,Normal
N-09-00217,2026-01-04T09:02:32,Space Infrastructure,S09-APP01,svchost,7,Normal,Normal
N-09-00218,2026-01-06T21:11:55,Space Infrastructure,S09-WS01,nginx,0,Normal,Normal
N-09-00219,2026-01-19T04:54:04,Space Infrastructure,S09-VPN01,python,11,Normal,Normal
N-09-00220,2026-01-03T04:58:18,Space Infrastructure,S09-AUTH01,python,3,Normal,Normal
N-09-00221,2026-01-16T10:10:50,Space Infrastructure,S09-MGMT01,java,12,Normal,Normal
N-09-00222,2026-01-21T00:38:43,Space Infrastructure,S09-CTRL01,nginx,4,Normal,Normal
N-09-00223,2026-01-19T06:46:43,Space Infrastructure,S09-MGMT01,java,2,Normal,Normal
N-09-00224,2026-01-02T19:01:29,Space Infrastructure,S09-BKP01,svchost,13,Normal,Normal
N-09-00225,2026-01-11T21:52:42,Space Infrastructure,S09-AUTH01,nginx,3,Normal,Normal
N-09-00226,2026-01-16T15:06:33,Space Infrastructure,S09-APP01,svchost,7,Normal,Normal
N-09-00227,2026-01-15T01:32:01,Space Infrastructure,S09-WS01,java,3,Normal,Normal
N-09-00228,2026-01-03T04:31:50,Space Infrastructure,S09-VPN01,nginx,2,Normal,Normal
N-09-00229,2026-01-10T19:36:18,Space Infrastructure,S09-AUTH01,python,11,Normal,Normal
N-09-00230,2026-01-02T01:41:39,Space Infrastructure,S09-APP01,java,8,Normal,Normal
N-09-00231,2026-01-11T02:23:41,Space Infrastructure,S09-APP01,python,2,Normal,Normal
N-09-00232,2026-01-06T02:23:16,Space Infrastructure,S09-AUTH01,svchost,11,Normal,Normal
N-09-00233,2026-01-15T09:19:44,Space Infrastructure,S09-VPN01,nginx,13,Normal,Normal
N-09-00234,2026-01-06T01:08:18,Space Infrastructure,S09-CTRL01,java,17,Normal,Normal
N-09-00235,2026-01-20T04:20:13,Space Infrastructure,S09-APP01,powershell,20,Normal,Normal
N-09-00236,2026-01-20T22:27:49,Space Infrastructure,S09-AUTH01,nginx,6,Normal,Normal
N-09-00237,2026-01-07T14:28:01,Space Infrastructure,S09-APP01,svchost,13,Normal,Normal
N-09-00238,2026-01-09T20:48:24,Space Infrastructure,S09-WS01,nginx,12,Normal,Normal
N-09-00239,2026-01-07T15:10:02,Space Infrastructure,S09-AUTH01,java,3,Normal,Normal
N-09-00240,2026-01-02T21:16:47,Space Infrastructure,S09-BKP01,python,12,Normal,Normal
N-09-00241,2026-01-11T10:26:06,Space Infrastructure,S09-MGMT01,powershell,16,Normal,Normal
N-09-00242,2026-01-17T17:51:33,Space Infrastructure,S09-APP01,python,16,Normal,Normal
N-09-00243,2026-01-01T14:52:13,Space Infrastructure,S09-CTRL01,python,3,Normal,Normal
N-09-00244,2026-01-03T13:58:35,Space Infrastructure,S09-MON01,nginx,9,Normal,Normal
N-09-00245,2026-01-07T17:57:13,Space Infrastructure,S09-GW01,nginx,19,Normal,Normal
N-09-00246,2026-01-04T15:14:13,Space Infrastructure,S09-AUTH01,java,14,Normal,Normal
N-09-00247,2026-01-10T09:17:13,Space Infrastructure,S09-MGMT01,powershell,10,Normal,Normal
N-09-00248,2026-01-06T21:31:41,Space Infrastructure,S09-CTRL01,powershell,15,Normal,Normal
N-09-00249,2026-01-04T01:18:10,Space Infrastructure,S09-APP01,svchost,9,Normal,Normal
N-09-00250,2026-01-08T15:55:59,Space Infrastructure,S09-MON01,powershell,9,Normal,Normal
N-09-00251,2026-01-16T11:41:39,Space Infrastructure,S09-APP01,svchost,19,Normal,Normal
N-09-00252,2026-01-04T13:01:12,Space Infrastructure,S09-VPN01,powershell,14,Normal,Normal
N-09-00253,2026-01-02T15:44:30,Space Infrastructure,S09-AUTH01,powershell,16,Normal,Normal
N-09-00254,2026-01-06T01:41:59,Space Infrastructure,S09-BKP01,java,6,Normal,Normal
N-09-00255,2026-01-07T20:28:40,Space Infrastructure,S09-GW01,java,16,Normal,Normal
N-09-00256,2026-01-14T17:13:47,Space Infrastructure,S09-VPN01,nginx,12,Normal,Normal
N-09-00257,2026-01-04T21:53:10,Space Infrastructure,S09-CTRL01,java,10,Normal,Normal
N-09-00258,2026-01-15T03:36:00,Space Infrastructure,S09-GW01,svchost,18,Normal,Normal
N-09-00259,2026-01-04T11:18:37,Space Infrastructure,S09-WS01,svchost,17,Normal,Normal
N-09-00260,2026-01-03T21:55:20,Space Infrastructure,S09-CTRL01,powershell,3,Normal,Normal
N-09-00261,2026-01-07T00:31:29,Space Infrastructure,S09-APP01,java,14,Normal,Normal
N-09-00262,2026-01-11T11:17:34,Space Infrastructure,S09-APP01,svchost,1,Normal,Normal
N-09-00263,2026-01-05T12:02:38,Space Infrastructure,S09-MGMT01,python,16,Normal,Normal
N-09-00264,2026-01-08T05:58:21,Space Infrastructure,S09-MON01,powershell,9,Normal,Normal
N-09-00265,2026-01-05T18:44:10,Space Infrastructure,S09-CTRL01,powershell,6,Normal,Normal
N-09-00266,2026-01-08T05:32:17,Space Infrastructure,S09-APP01,nginx,13,Normal,Normal
N-09-00267,2026-01-11T21:43:26,Space Infrastructure,S09-DB01,svchost,9,Normal,Normal
N-09-00268,2026-01-13T12:42:17,Space Infrastructure,S09-CTRL01,python,9,Normal,Normal
N-09-00269,2026-01-17T06:31:31,Space Infrastructure,S09-VPN01,python,18,Normal,Normal
N-09-00270,2026-01-08T09:34:40,Space Infrastructure,S09-BKP01,python,8,Normal,Normal
N-09-00271,2026-01-14T09:54:30,Space Infrastructure,S09-DB01,powershell,3,Normal,Normal
N-09-00272,2026-01-18T15:41:48,Space Infrastructure,S09-BKP01,svchost,17,Normal,Normal
N-09-00273,2026-01-14T23:21:05,Space Infrastructure,S09-APP01,nginx,7,Normal,Normal
N-09-00274,2026-01-04T16:59:10,Space Infrastructure,S09-VPN01,python,10,Normal,Normal
N-09-00275,2026-01-15T00:54:59,Space Infrastructure,S09-BKP01,java,4,Normal,Normal
N-09-00276,2026-01-01T23:12:11,Space Infrastructure,S09-CTRL01,svchost,7,Normal,Normal
N-09-00277,2026-01-01T21:48:56,Space Infrastructure,S09-APP01,svchost,14,Normal,Normal
N-09-00278,2026-01-18T20:16:30,Space Infrastructure,S09-MON01,java,11,Normal,Normal
N-09-00279,2026-01-16T19:59:29,Space Infrastructure,S09-GW01,powershell,0,Normal,Normal
N-09-00280,2026-01-08T20:26:24,Space Infrastructure,S09-AUTH01,nginx,5,Normal,Normal
N-09-00281,2026-01-02T03:58:43,Space Infrastructure,S09-MGMT01,svchost,4,Normal,Normal
N-09-00282,2026-01-01T15:21:56,Space Infrastructure,S09-APP01,nginx,8,Normal,Normal
N-09-00283,2026-01-07T10:09:14,Space Infrastructure,S09-WS01,svchost,11,Normal,Normal
N-09-00284,2026-01-07T22:50:07,Space Infrastructure,S09-APP01,powershell,13,Normal,Normal
N-09-00285,2026-01-15T14:53:15,Space Infrastructure,S09-APP01,python,10,Normal,Normal
N-09-00286,2026-01-11T11:24:04,Space Infrastructure,S09-MGMT01,svchost,20,Normal,Normal
N-09-00287,2026-01-13T04:45:50,Space Infrastructure,S09-APP01,svchost,11,Normal,Normal
N-09-00288,2026-01-20T20:23:55,Space Infrastructure,S09-DB01,java,9,Normal,Normal
N-09-00289,2026-01-05T11:34:16,Space Infrastructure,S09-BKP01,powershell,0,Normal,Normal
N-09-00290,2026-01-17T09:50:11,Space Infrastructure,S09-MON01,powershell,5,Normal,Normal
N-09-00291,2026-01-15T16:04:30,Space Infrastructure,S09-BKP01,python,13,Normal,Normal
N-09-00292,2026-01-04T11:02:38,Space Infrastructure,S09-GW01,java,11,Normal,Normal
N-09-00293,2026-01-17T17:22:06,Space Infrastructure,S09-DB01,powershell,17,Normal,Normal
N-09-00294,2026-01-18T04:00:39,Space Infrastructure,S09-GW01,java,13,Normal,Normal
N-09-00295,2026-01-13T13:05:57,Space Infrastructure,S09-VPN01,python,9,Normal,Normal
N-09-00296,2026-01-18T02:24:55,Space Infrastructure,S09-MON01,python,14,Normal,Normal
N-09-00297,2026-01-11T06:33:58,Space Infrastructure,S09-BKP01,java,13,Normal,Normal
N-09-00298,2026-01-10T01:22:08,Space Infrastructure,S09-MGMT01,python,14,Normal,Normal
N-09-00299,2026-01-13T21:57:38,Space Infrastructure,S09-BKP01,powershell,15,Normal,Normal
N-09-00300,2026-01-06T11:13:07,Space Infrastructure,S09-GW01,nginx,1,Normal,Normal
N-09-00301,2026-01-15T01:52:03,Space Infrastructure,S09-AUTH01,nginx,4,Normal,Normal
N-09-00302,2026-01-09T02:15:53,Space Infrastructure,S09-AUTH01,svchost,19,Normal,Normal
N-09-00303,2026-01-14T05:55:42,Space Infrastructure,S09-CTRL01,svchost,19,Normal,Normal
N-09-00304,2026-01-04T20:23:16,Space Infrastructure,S09-DB01,svchost,6,Normal,Normal
N-09-00305,2026-01-16T00:02:45,Space Infrastructure,S09-CTRL01,python,7,Normal,Normal
N-09-00306,2026-01-17T06:20:20,Space Infrastructure,S09-MON01,nginx,8,Normal,Normal
N-09-00307,2026-01-17T09:03:18,Space Infrastructure,S09-MGMT01,java,11,Normal,Normal
N-09-00308,2026-01-11T13:32:24,Space Infrastructure,S09-WS01,python,4,Normal,Normal
N-09-00309,2026-01-18T19:04:42,Space Infrastructure,S09-DB01,powershell,12,Normal,Normal
N-09-00310,2026-01-20T09:35:09,Space Infrastructure,S09-AUTH01,powershell,14,Normal,Normal
N-09-00311,2026-01-03T09:46:14,Space Infrastructure,S09-MON01,svchost,14,Normal,Normal
N-09-00312,2026-01-14T13:06:56,Space Infrastructure,S09-BKP01,powershell,10,Normal,Normal
N-09-00313,2026-01-03T17:47:08,Space Infrastructure,S09-AUTH01,java,20,Normal,Normal
N-09-00314,2026-01-06T07:16:33,Space Infrastructure,S09-MON01,svchost,5,Normal,Normal
N-09-00315,2026-01-10T18:10:35,Space Infrastructure,S09-GW01,powershell,12,Normal,Normal
N-09-00316,2026-01-16T05:07:49,Space Infrastructure,S09-DB01,powershell,5,Normal,Normal
N-09-00317,2026-01-07T13:25:06,Space Infrastructure,S09-CTRL01,powershell,3,Normal,Normal
N-09-00318,2026-01-15T15:17:32,Space Infrastructure,S09-CTRL01,powershell,12,Normal,Normal
N-09-00319,2026-01-04T03:21:32,Space Infrastructure,S09-GW01,nginx,8,Normal,Normal
N-09-00320,2026-01-21T06:29:36,Space Infrastructure,S09-MGMT01,python,14,Normal,Normal
N-09-00321,2026-01-11T05:39:25,Space Infrastructure,S09-AUTH01,nginx,17,Normal,Normal
N-09-00322,2026-01-13T16:35:00,Space Infrastructure,S09-BKP01,powershell,6,Normal,Normal
N-09-00323,2026-01-05T05:31:03,Space Infrastructure,S09-CTRL01,svchost,11,Normal,Normal
N-09-00324,2026-01-17T12:20:18,Space Infrastructure,S09-MON01,java,16,Normal,Normal
N-09-00325,2026-01-04T12:40:50,Space Infrastructure,S09-GW01,python,11,Normal,Normal
N-09-00326,2026-01-09T05:41:36,Space Infrastructure,S09-BKP01,nginx,0,Normal,Normal
N-09-00327,2026-01-03T12:49:38,Space Infrastructure,S09-VPN01,nginx,15,Normal,Normal
N-09-00328,2026-01-01T17:45:48,Space Infrastructure,S09-VPN01,powershell,10,Normal,Normal
N-09-00329,2026-01-04T21:05:09,Space Infrastructure,S09-APP01,powershell,4,Normal,Normal
N-09-00330,2026-01-10T19:06:22,Space Infrastructure,S09-APP01,java,9,Normal,Normal
N-09-00331,2026-01-04T21:01:59,Space Infrastructure,S09-WS01,svchost,17,Normal,Normal
N-09-00332,2026-01-05T00:24:35,Space Infrastructure,S09-BKP01,java,18,Normal,Normal
N-09-00333,2026-01-19T05:05:00,Space Infrastructure,S09-WS01,nginx,6,Normal,Normal
N-09-00334,2026-01-19T21:20:31,Space Infrastructure,S09-MGMT01,java,6,Normal,Normal
N-09-00335,2026-01-06T16:21:22,Space Infrastructure,S09-GW01,python,10,Normal,Normal
N-09-00336,2026-01-12T22:57:48,Space Infrastructure,S09-MON01,python,5,Normal,Normal
N-09-00337,2026-01-12T20:04:45,Space Infrastructure,S09-BKP01,nginx,18,Normal,Normal
N-09-00338,2026-01-19T16:58:15,Space Infrastructure,S09-GW01,svchost,16,Normal,Normal
N-09-00339,2026-01-05T23:32:15,Space Infrastructure,S09-GW01,powershell,6,Normal,Normal
N-09-00340,2026-01-10T09:22:09,Space Infrastructure,S09-WS01,java,2,Normal,Normal
N-09-00341,2026-01-10T05:34:37,Space Infrastructure,S09-APP01,powershell,6,Normal,Normal
N-09-00342,2026-01-15T08:39:32,Space Infrastructure,S09-VPN01,nginx,12,Normal,Normal
N-09-00343,2026-01-08T10:52:08,Space Infrastructure,S09-CTRL01,svchost,16,Normal,Normal
N-09-00344,2026-01-06T04:18:13,Space Infrastructure,S09-WS01,python,6,Normal,Normal
N-09-00345,2026-01-10T11:12:20,Space Infrastructure,S09-MON01,python,13,Normal,Normal
N-09-00346,2026-01-04T05:38:18,Space Infrastructure,S09-GW01,powershell,13,Normal,Normal
N-09-00347,2026-01-02T21:39:57,Space Infrastructure,S09-MGMT01,svchost,14,Normal,Normal
N-09-00348,2026-01-10T19:42:19,Space Infrastructure,S09-AUTH01,svchost,9,Normal,Normal
N-09-00349,2026-01-15T18:33:52,Space Infrastructure,S09-MON01,nginx,15,Normal,Normal
N-09-00350,2026-01-19T20:21:31,Space Infrastructure,S09-WS01,python,16,Normal,Normal
N-09-00351,2026-01-09T13:11:53,Space Infrastructure,S09-BKP01,svchost,13,Normal,Normal
N-09-00352,2026-01-07T11:54:11,Space Infrastructure,S09-WS01,java,16,Normal,Normal
N-09-00353,2026-01-16T11:20:20,Space Infrastructure,S09-APP01,java,13,Normal,Normal
N-09-00354,2026-01-04T19:41:15,Space Infrastructure,S09-MGMT01,svchost,12,Normal,Normal
N-09-00355,2026-01-06T23:12:59,Space Infrastructure,S09-VPN01,python,8,Normal,Normal
N-09-00356,2026-01-13T22:27:33,Space Infrastructure,S09-AUTH01,svchost,19,Normal,Normal
N-09-00357,2026-01-17T08:59:23,Space Infrastructure,S09-BKP01,python,5,Normal,Normal
N-09-00358,2026-01-02T17:59:48,Space Infrastructure,S09-MGMT01,svchost,9,Normal,Normal
N-09-00359,2026-01-16T03:33:23,Space Infrastructure,S09-BKP01,nginx,18,Normal,Normal
N-09-00360,2026-01-13T03:11:49,Space Infrastructure,S09-AUTH01,nginx,3,Normal,Normal
N-09-00361,2026-01-08T02:43:10,Space Infrastructure,S09-DB01,java,2,Normal,Normal
N-09-00362,2026-01-06T18:09:29,Space Infrastructure,S09-APP01,svchost,20,Normal,Normal
N-09-00363,2026-01-20T22:42:17,Space Infrastructure,S09-VPN01,svchost,5,Normal,Normal
N-09-00364,2026-01-12T14:00:10,Space Infrastructure,S09-APP01,nginx,18,Normal,Normal
N-09-00365,2026-01-18T03:32:29,Space Infrastructure,S09-AUTH01,python,14,Normal,Normal
N-09-00366,2026-01-15T07:40:35,Space Infrastructure,S09-GW01,svchost,5,Normal,Normal
N-09-00367,2026-01-06T19:15:11,Space Infrastructure,S09-MON01,nginx,6,Normal,Normal
N-09-00368,2026-01-15T03:09:32,Space Infrastructure,S09-MGMT01,powershell,18,Normal,Normal
N-09-00369,2026-01-08T18:34:08,Space Infrastructure,S09-APP01,powershell,6,Normal,Normal
N-09-00370,2026-01-19T15:39:31,Space Infrastructure,S09-WS01,python,20,Normal,Normal
N-09-00371,2026-01-12T00:18:43,Space Infrastructure,S09-DB01,powershell,16,Normal,Normal
N-09-00372,2026-01-15T03:40:34,Space Infrastructure,S09-DB01,svchost,14,Normal,Normal
N-09-00373,2026-01-08T04:25:21,Space Infrastructure,S09-DB01,powershell,18,Normal,Normal
N-09-00374,2026-01-03T15:09:00,Space Infrastructure,S09-DB01,java,20,Normal,Normal
N-09-00375,2026-01-03T11:24:37,Space Infrastructure,S09-MGMT01,java,12,Normal,Normal
N-09-00376,2026-01-19T05:42:53,Space Infrastructure,S09-MGMT01,java,10,Normal,Normal
N-09-00377,2026-01-11T12:06:44,Space Infrastructure,S09-VPN01,powershell,18,Normal,Normal
N-09-00378,2026-01-16T23:41:15,Space Infrastructure,S09-MGMT01,svchost,3,Normal,Normal
N-09-00379,2026-01-19T17:57:24,Space Infrastructure,S09-AUTH01,python,2,Normal,Normal
N-09-00380,2026-01-20T19:08:07,Space Infrastructure,S09-BKP01,powershell,2,Normal,Normal
N-09-00381,2026-01-13T22:26:04,Space Infrastructure,S09-AUTH01,powershell,19,Normal,Normal
N-09-00382,2026-01-06T16:26:53,Space Infrastructure,S09-APP01,svchost,10,Normal,Normal
N-09-00383,2026-01-20T08:09:38,Space Infrastructure,S09-MON01,python,9,Normal,Normal
N-09-00384,2026-01-06T20:50:03,Space Infrastructure,S09-VPN01,svchost,20,Normal,Normal
N-09-00385,2026-01-09T01:37:26,Space Infrastructure,S09-MGMT01,svchost,19,Normal,Normal
N-09-00386,2026-01-09T09:18:39,Space Infrastructure,S09-WS01,python,8,Normal,Normal
N-09-00387,2026-01-08T20:23:55,Space Infrastructure,S09-APP01,nginx,8,Normal,Normal
N-09-00388,2026-01-09T11:55:51,Space Infrastructure,S09-AUTH01,powershell,18,Normal,Normal
N-09-00389,2026-01-05T19:37:14,Space Infrastructure,S09-MGMT01,python,1,Normal,Normal
N-09-00390,2026-01-14T01:44:22,Space Infrastructure,S09-MGMT01,svchost,4,Normal,Normal
N-09-00391,2026-01-18T09:20:04,Space Infrastructure,S09-GW01,java,19,Normal,Normal
N-09-00392,2026-01-16T08:20:48,Space Infrastructure,S09-WS01,python,18,Normal,Normal
N-09-00393,2026-01-14T19:14:46,Space Infrastructure,S09-AUTH01,powershell,11,Normal,Normal
N-09-00394,2026-01-11T03:00:28,Space Infrastructure,S09-APP01,nginx,5,Normal,Normal
N-09-00395,2026-01-03T19:03:56,Space Infrastructure,S09-APP01,nginx,3,Normal,Normal
N-09-00396,2026-01-04T06:58:48,Space Infrastructure,S09-WS01,java,20,Normal,Normal
N-09-00397,2026-01-01T23:04:39,Space Infrastructure,S09-WS01,svchost,16,Normal,Normal
N-09-00398,2026-01-07T16:57:26,Space Infrastructure,S09-MON01,powershell,2,Normal,Normal
N-09-00399,2026-01-11T11:07:49,Space Infrastructure,S09-MGMT01,python,3,Normal,Normal
N-09-00400,2026-01-13T18:30:18,Space Infrastructure,S09-GW01,powershell,12,Normal,Normal
N-09-00401,2026-01-19T06:13:59,Space Infrastructure,S09-APP01,powershell,9,Normal,Normal
N-09-00402,2026-01-16T21:13:36,Space Infrastructure,S09-MON01,svchost,11,Normal,Normal
N-09-00403,2026-01-14T16:13:05,Space Infrastructure,S09-DB01,python,0,Normal,Normal
N-09-00404,2026-01-15T16:49:05,Space Infrastructure,S09-MGMT01,svchost,2,Normal,Normal
N-09-00405,2026-01-01T23:23:59,Space Infrastructure,S09-WS01,powershell,13,Normal,Normal
N-09-00406,2026-01-07T18:51:44,Space Infrastructure,S09-GW01,nginx,16,Normal,Normal
N-09-00407,2026-01-02T17:39:28,Space Infrastructure,S09-CTRL01,svchost,18,Normal,Normal
N-09-00408,2026-01-19T15:34:40,Space Infrastructure,S09-GW01,python,5,Normal,Normal
N-09-00409,2026-01-13T00:55:11,Space Infrastructure,S09-AUTH01,nginx,11,Normal,Normal
N-09-00410,2026-01-08T23:37:55,Space Infrastructure,S09-GW01,svchost,19,Normal,Normal
N-09-00411,2026-01-16T15:00:42,Space Infrastructure,S09-VPN01,svchost,1,Normal,Normal
N-09-00412,2026-01-05T17:16:20,Space Infrastructure,S09-WS01,java,17,Normal,Normal
N-09-00413,2026-01-10T12:16:35,Space Infrastructure,S09-APP01,java,14,Normal,Normal
N-09-00414,2026-01-16T22:49:35,Space Infrastructure,S09-GW01,powershell,7,Normal,Normal
N-09-00415,2026-01-03T11:51:49,Space Infrastructure,S09-VPN01,svchost,9,Normal,Normal
N-09-00416,2026-01-11T19:36:16,Space Infrastructure,S09-APP01,nginx,6,Normal,Normal
N-09-00417,2026-01-02T02:14:30,Space Infrastructure,S09-CTRL01,python,8,Normal,Normal
N-09-00418,2026-01-10T01:42:17,Space Infrastructure,S09-VPN01,powershell,11,Normal,Normal
N-09-00419,2026-01-09T05:58:40,Space Infrastructure,S09-AUTH01,powershell,8,Normal,Normal
N-09-00420,2026-01-08T09:40:40,Space Infrastructure,S09-CTRL01,java,9,Normal,Normal
N-09-00421,2026-01-19T19:22:02,Space Infrastructure,S09-WS01,nginx,8,Normal,Normal
N-09-00422,2026-01-17T10:23:57,Space Infrastructure,S09-GW01,java,19,Normal,Normal
N-09-00423,2026-01-14T10:45:56,Space Infrastructure,S09-WS01,powershell,6,Normal,Normal
N-09-00424,2026-01-15T14:26:31,Space Infrastructure,S09-MON01,nginx,15,Normal,Normal
N-09-00425,2026-01-11T19:24:20,Space Infrastructure,S09-WS01,nginx,14,Normal,Normal
N-09-00426,2026-01-18T14:14:36,Space Infrastructure,S09-AUTH01,svchost,6,Normal,Normal
N-09-00427,2026-01-20T20:03:24,Space Infrastructure,S09-APP01,java,4,Normal,Normal
N-09-00428,2026-01-09T16:46:40,Space Infrastructure,S09-VPN01,nginx,17,Normal,Normal
N-09-00429,2026-01-08T16:28:25,Space Infrastructure,S09-APP01,java,18,Normal,Normal
N-09-00430,2026-01-19T11:56:56,Space Infrastructure,S09-GW01,python,15,Normal,Normal
N-09-00431,2026-01-02T15:41:21,Space Infrastructure,S09-BKP01,svchost,8,Normal,Normal
N-09-00432,2026-01-15T03:25:22,Space Infrastructure,S09-WS01,python,2,Normal,Normal
N-09-00433,2026-01-15T06:00:44,Space Infrastructure,S09-AUTH01,python,3,Normal,Normal
N-09-00434,2026-01-14T15:06:38,Space Infrastructure,S09-GW01,java,19,Normal,Normal
N-09-00435,2026-01-07T15:46:04,Space Infrastructure,S09-MON01,svchost,12,Normal,Normal
N-09-00436,2026-01-10T17:28:45,Space Infrastructure,S09-VPN01,nginx,15,Normal,Normal
N-09-00437,2026-01-13T17:07:32,Space Infrastructure,S09-AUTH01,nginx,7,Normal,Normal
N-09-00438,2026-01-04T08:07:42,Space Infrastructure,S09-AUTH01,powershell,2,Normal,Normal
N-09-00439,2026-01-09T15:18:25,Space Infrastructure,S09-MON01,powershell,2,Normal,Normal
N-09-00440,2026-01-02T04:10:28,Space Infrastructure,S09-APP01,svchost,16,Normal,Normal
N-09-00441,2026-01-03T13:05:44,Space Infrastructure,S09-AUTH01,svchost,16,Normal,Normal
N-09-00442,2026-01-08T11:32:20,Space Infrastructure,S09-WS01,svchost,11,Normal,Normal
N-09-00443,2026-01-07T04:48:38,Space Infrastructure,S09-AUTH01,java,2,Normal,Normal
N-09-00444,2026-01-07T09:58:38,Space Infrastructure,S09-BKP01,java,10,Normal,Normal
N-09-00445,2026-01-02T15:49:16,Space Infrastructure,S09-MON01,powershell,15,Normal,Normal
N-09-00446,2026-01-04T19:01:56,Space Infrastructure,S09-AUTH01,python,19,Normal,Normal
N-09-00447,2026-01-20T23:49:51,Space Infrastructure,S09-BKP01,nginx,16,Normal,Normal
N-09-00448,2026-01-02T07:21:13,Space Infrastructure,S09-MON01,java,1,Normal,Normal
N-09-00449,2026-01-13T02:13:32,Space Infrastructure,S09-MON01,python,1,Normal,Normal
N-09-00450,2026-01-07T15:25:01,Space Infrastructure,S09-WS01,java,12,Normal,Normal
N-09-00451,2026-01-20T09:54:10,Space Infrastructure,S09-GW01,powershell,2,Normal,Normal
N-09-00452,2026-01-18T15:42:00,Space Infrastructure,S09-BKP01,svchost,13,Normal,Normal
N-09-00453,2026-01-03T18:56:11,Space Infrastructure,S09-DB01,nginx,2,Normal,Normal
N-09-00454,2026-01-12T05:49:19,Space Infrastructure,S09-GW01,nginx,18,Normal,Normal
N-09-00455,2026-01-15T09:27:58,Space Infrastructure,S09-MON01,python,20,Normal,Normal
N-09-00456,2026-01-10T02:15:15,Space Infrastructure,S09-VPN01,python,1,Normal,Normal
N-09-00457,2026-01-13T07:10:54,Space Infrastructure,S09-AUTH01,java,0,Normal,Normal
N-09-00458,2026-01-20T12:40:38,Space Infrastructure,S09-DB01,powershell,7,Normal,Normal
N-09-00459,2026-01-20T09:50:30,Space Infrastructure,S09-GW01,python,15,Normal,Normal
N-09-00460,2026-01-20T11:15:19,Space Infrastructure,S09-APP01,nginx,5,Normal,Normal
N-09-00461,2026-01-14T23:07:15,Space Infrastructure,S09-VPN01,nginx,8,Normal,Normal
N-09-00462,2026-01-19T23:13:48,Space Infrastructure,S09-WS01,java,7,Normal,Normal
N-09-00463,2026-01-11T23:10:56,Space Infrastructure,S09-VPN01,python,11,Normal,Normal
N-09-00464,2026-01-01T20:27:56,Space Infrastructure,S09-GW01,nginx,1,Normal,Normal
N-09-00465,2026-01-08T06:20:19,Space Infrastructure,S09-BKP01,powershell,0,Normal,Normal
N-09-00466,2026-01-01T08:08:32,Space Infrastructure,S09-DB01,python,1,Normal,Normal
N-09-00467,2026-01-10T23:50:44,Space Infrastructure,S09-WS01,svchost,16,Normal,Normal
N-09-00468,2026-01-17T07:10:57,Space Infrastructure,S09-WS01,nginx,19,Normal,Normal
N-09-00469,2026-01-09T05:14:03,Space Infrastructure,S09-DB01,nginx,9,Normal,Normal
N-09-00470,2026-01-08T00:13:52,Space Infrastructure,S09-APP01,python,7,Normal,Normal
N-09-00471,2026-01-02T05:18:03,Space Infrastructure,S09-AUTH01,powershell,15,Normal,Normal
N-09-00472,2026-01-04T08:19:36,Space Infrastructure,S09-VPN01,powershell,2,Normal,Normal
N-09-00473,2026-01-15T08:50:19,Space Infrastructure,S09-MON01,powershell,5,Normal,Normal
N-09-00474,2026-01-10T13:42:07,Space Infrastructure,S09-APP01,nginx,18,Normal,Normal
N-09-00475,2026-01-20T22:39:12,Space Infrastructure,S09-APP01,powershell,14,Normal,Normal
N-09-00476,2026-01-11T07:57:37,Space Infrastructure,S09-APP01,python,3,Normal,Normal
N-09-00477,2026-01-04T20:35:45,Space Infrastructure,S09-MGMT01,nginx,13,Normal,Normal
N-09-00478,2026-01-15T20:10:32,Space Infrastructure,S09-MGMT01,python,11,Normal,Normal
N-09-00479,2026-01-03T00:15:47,Space Infrastructure,S09-CTRL01,svchost,3,Normal,Normal
N-09-00480,2026-01-12T05:42:05,Space Infrastructure,S09-APP01,nginx,13,Normal,Normal
N-09-00481,2026-01-15T18:19:43,Space Infrastructure,S09-DB01,svchost,3,Normal,Normal
N-09-00482,2026-01-04T11:24:59,Space Infrastructure,S09-BKP01,nginx,16,Normal,Normal
N-09-00483,2026-01-15T12:55:15,Space Infrastructure,S09-APP01,powershell,17,Normal,Normal
N-09-00484,2026-01-03T05:48:21,Space Infrastructure,S09-APP01,nginx,0,Normal,Normal
N-09-00485,2026-01-20T03:31:51,Space Infrastructure,S09-MGMT01,nginx,2,Normal,Normal
N-09-00486,2026-01-13T10:30:10,Space Infrastructure,S09-BKP01,python,7,Normal,Normal
N-09-00487,2026-01-15T13:07:28,Space Infrastructure,S09-CTRL01,java,5,Normal,Normal
N-09-00488,2026-01-03T02:05:46,Space Infrastructure,S09-VPN01,nginx,11,Normal,Normal
N-09-00489,2026-01-05T04:26:22,Space Infrastructure,S09-MON01,java,0,Normal,Normal
N-09-00490,2026-01-15T16:05:34,Space Infrastructure,S09-DB01,nginx,13,Normal,Normal
N-09-00491,2026-01-12T20:03:19,Space Infrastructure,S09-AUTH01,nginx,0,Normal,Normal
N-09-00492,2026-01-09T09:24:26,Space Infrastructure,S09-DB01,nginx,17,Normal,Normal
N-09-00493,2026-01-14T19:02:55,Space Infrastructure,S09-MGMT01,nginx,16,Normal,Normal
N-09-00494,2026-01-18T17:33:06,Space Infrastructure,S09-MON01,nginx,14,Normal,Normal
N-09-00495,2026-01-08T23:44:37,Space Infrastructure,S09-MGMT01,python,0,Normal,Normal
N-09-00496,2026-01-06T00:16:10,Space Infrastructure,S09-MGMT01,svchost,16,Normal,Normal
N-09-00497,2026-01-09T02:30:58,Space Infrastructure,S09-GW01,powershell,12,Normal,Normal
N-09-00498,2026-01-19T14:32:17,Space Infrastructure,S09-WS01,svchost,14,Normal,Normal
N-09-00499,2026-01-15T16:30:45,Space Infrastructure,S09-AUTH01,powershell,4,Normal,Normal
N-09-00500,2026-01-16T01:21:43,Space Infrastructure,S09-MGMT01,python,16,Normal,Normal
N-09-00501,2026-01-05T15:18:02,Space Infrastructure,S09-BKP01,powershell,14,Normal,Normal
N-09-00502,2026-01-05T21:22:49,Space Infrastructure,S09-WS01,python,8,Normal,Normal
N-09-00503,2026-01-05T15:41:21,Space Infrastructure,S09-APP01,python,2,Normal,Normal
N-09-00504,2026-01-08T14:04:12,Space Infrastructure,S09-APP01,java,13,Normal,Normal
N-09-00505,2026-01-09T13:24:18,Space Infrastructure,S09-MGMT01,powershell,3,Normal,Normal
N-09-00506,2026-01-02T23:55:14,Space Infrastructure,S09-DB01,powershell,20,Normal,Normal
N-09-00507,2026-01-20T11:07:01,Space Infrastructure,S09-DB01,python,9,Normal,Normal
N-09-00508,2026-01-13T17:59:59,Space Infrastructure,S09-CTRL01,svchost,11,Normal,Normal
N-09-00509,2026-01-11T14:04:10,Space Infrastructure,S09-CTRL01,powershell,16,Normal,Normal
N-09-00510,2026-01-16T14:45:07,Space Infrastructure,S09-MON01,svchost,6,Normal,Normal
N-09-00511,2026-01-19T00:47:44,Space Infrastructure,S09-WS01,python,13,Normal,Normal
N-09-00512,2026-01-20T10:09:05,Space Infrastructure,S09-BKP01,java,4,Normal,Normal
N-09-00513,2026-01-18T23:22:57,Space Infrastructure,S09-VPN01,java,8,Normal,Normal
N-09-00514,2026-01-08T07:32:53,Space Infrastructure,S09-DB01,svchost,0,Normal,Normal
N-09-00515,2026-01-16T07:44:59,Space Infrastructure,S09-MON01,powershell,19,Normal,Normal
N-09-00516,2026-01-14T11:08:46,Space Infrastructure,S09-MGMT01,python,14,Normal,Normal
N-09-00517,2026-01-07T05:48:24,Space Infrastructure,S09-WS01,svchost,17,Normal,Normal
N-09-00518,2026-01-01T16:42:05,Space Infrastructure,S09-DB01,java,12,Normal,Normal
N-09-00519,2026-01-11T04:36:33,Space Infrastructure,S09-MGMT01,svchost,2,Normal,Normal
N-09-00520,2026-01-18T07:51:56,Space Infrastructure,S09-MGMT01,python,0,Normal,Normal
N-09-00521,2026-01-07T02:33:06,Space Infrastructure,S09-MON01,powershell,18,Normal,Normal
N-09-00522,2026-01-13T23:30:00,Space Infrastructure,S09-APP01,svchost,19,Normal,Normal
N-09-00523,2026-01-12T10:30:57,Space Infrastructure,S09-WS01,powershell,11,Normal,Normal
N-09-00524,2026-01-04T12:19:26,Space Infrastructure,S09-AUTH01,java,0,Normal,Normal
N-09-00525,2026-01-13T09:29:44,Space Infrastructure,S09-WS01,svchost,9,Normal,Normal
N-09-00526,2026-01-07T00:01:36,Space Infrastructure,S09-AUTH01,java,7,Normal,Normal
N-09-00527,2026-01-20T21:28:29,Space Infrastructure,S09-GW01,powershell,6,Normal,Normal
N-09-00528,2026-01-12T19:18:29,Space Infrastructure,S09-MGMT01,java,5,Normal,Normal
N-09-00529,2026-01-12T17:25:19,Space Infrastructure,S09-CTRL01,svchost,1,Normal,Normal
N-09-00530,2026-01-10T04:59:19,Space Infrastructure,S09-GW01,nginx,8,Normal,Normal
N-09-00531,2026-01-08T19:31:00,Space Infrastructure,S09-BKP01,python,0,Normal,Normal
N-09-00532,2026-01-10T02:54:31,Space Infrastructure,S09-BKP01,powershell,15,Normal,Normal
N-09-00533,2026-01-18T04:25:07,Space Infrastructure,S09-CTRL01,powershell,16,Normal,Normal
N-09-00534,2026-01-05T00:23:25,Space Infrastructure,S09-VPN01,java,8,Normal,Normal
N-09-00535,2026-01-02T06:56:24,Space Infrastructure,S09-BKP01,java,17,Normal,Normal
N-09-00536,2026-01-06T00:54:03,Space Infrastructure,S09-GW01,powershell,13,Normal,Normal
N-09-00537,2026-01-20T06:46:42,Space Infrastructure,S09-WS01,python,0,Normal,Normal
N-09-00538,2026-01-01T21:02:10,Space Infrastructure,S09-MON01,nginx,18,Normal,Normal
N-09-00539,2026-01-14T15:11:08,Space Infrastructure,S09-GW01,python,15,Normal,Normal
N-09-00540,2026-01-07T00:41:13,Space Infrastructure,S09-DB01,nginx,20,Normal,Normal
N-09-00541,2026-01-15T18:06:47,Space Infrastructure,S09-APP01,powershell,10,Normal,Normal
N-09-00542,2026-01-21T07:10:02,Space Infrastructure,S09-WS01,java,7,Normal,Normal
N-09-00543,2026-01-12T13:00:38,Space Infrastructure,S09-VPN01,svchost,6,Normal,Normal
N-09-00544,2026-01-10T03:04:09,Space Infrastructure,S09-GW01,nginx,7,Normal,Normal
N-09-00545,2026-01-04T09:59:44,Space Infrastructure,S09-VPN01,svchost,5,Normal,Normal
N-09-00546,2026-01-12T18:57:40,Space Infrastructure,S09-MGMT01,python,6,Normal,Normal
N-09-00547,2026-01-17T20:33:51,Space Infrastructure,S09-DB01,powershell,12,Normal,Normal
N-09-00548,2026-01-14T02:36:10,Space Infrastructure,S09-MGMT01,python,18,Normal,Normal
N-09-00549,2026-01-05T14:45:31,Space Infrastructure,S09-MGMT01,python,1,Normal,Normal
N-09-00550,2026-01-18T02:02:04,Space Infrastructure,S09-BKP01,nginx,6,Normal,Normal
N-09-00551,2026-01-04T23:59:33,Space Infrastructure,S09-APP01,powershell,16,Normal,Normal
N-09-00552,2026-01-09T12:34:37,Space Infrastructure,S09-BKP01,svchost,7,Normal,Normal
N-09-00553,2026-01-15T08:43:15,Space Infrastructure,S09-WS01,powershell,0,Normal,Normal
N-09-00554,2026-01-09T04:04:21,Space Infrastructure,S09-VPN01,powershell,13,Normal,Normal
N-09-00555,2026-01-16T17:02:47,Space Infrastructure,S09-BKP01,nginx,3,Normal,Normal
N-09-00556,2026-01-10T15:20:22,Space Infrastructure,S09-BKP01,powershell,18,Normal,Normal
N-09-00557,2026-01-14T07:17:56,Space Infrastructure,S09-DB01,powershell,14,Normal,Normal
N-09-00558,2026-01-11T02:16:29,Space Infrastructure,S09-GW01,nginx,10,Normal,Normal
N-09-00559,2026-01-18T22:37:48,Space Infrastructure,S09-AUTH01,nginx,10,Normal,Normal
N-09-00560,2026-01-06T01:55:24,Space Infrastructure,S09-MON01,python,20,Normal,Normal
N-09-00561,2026-01-13T06:08:01,Space Infrastructure,S09-BKP01,svchost,7,Normal,Normal
N-09-00562,2026-01-19T05:29:34,Space Infrastructure,S09-DB01,java,19,Normal,Normal
N-09-00563,2026-01-10T09:12:28,Space Infrastructure,S09-GW01,java,1,Normal,Normal
N-09-00564,2026-01-14T16:19:39,Space Infrastructure,S09-BKP01,powershell,19,Normal,Normal
N-09-00565,2026-01-07T00:58:19,Space Infrastructure,S09-MGMT01,svchost,10,Normal,Normal
N-09-00566,2026-01-16T20:35:46,Space Infrastructure,S09-GW01,powershell,4,Normal,Normal
N-09-00567,2026-01-15T23:29:52,Space Infrastructure,S09-MGMT01,svchost,12,Normal,Normal
N-09-00568,2026-01-06T19:31:24,Space Infrastructure,S09-MGMT01,svchost,19,Normal,Normal
N-09-00569,2026-01-05T02:06:24,Space Infrastructure,S09-MON01,python,11,Normal,Normal
N-09-00570,2026-01-09T04:16:27,Space Infrastructure,S09-MGMT01,powershell,16,Normal,Normal
N-09-00571,2026-01-13T23:36:21,Space Infrastructure,S09-WS01,python,8,Normal,Normal
N-09-00572,2026-01-14T06:25:16,Space Infrastructure,S09-BKP01,python,8,Normal,Normal
N-09-00573,2026-01-11T15:13:48,Space Infrastructure,S09-AUTH01,python,7,Normal,Normal
N-09-00574,2026-01-05T23:45:43,Space Infrastructure,S09-GW01,python,11,Normal,Normal
N-09-00575,2026-01-17T23:37:22,Space Infrastructure,S09-MON01,powershell,10,Normal,Normal
N-09-00576,2026-01-20T04:30:04,Space Infrastructure,S09-CTRL01,powershell,4,Normal,Normal
N-09-00577,2026-01-15T04:27:35,Space Infrastructure,S09-AUTH01,python,19,Normal,Normal
N-09-00578,2026-01-05T11:54:39,Space Infrastructure,S09-CTRL01,powershell,12,Normal,Normal
N-09-00579,2026-01-13T23:59:52,Space Infrastructure,S09-CTRL01,java,20,Normal,Normal
N-09-00580,2026-01-14T13:20:37,Space Infrastructure,S09-MON01,svchost,3,Normal,Normal
N-09-00581,2026-01-09T06:16:38,Space Infrastructure,S09-VPN01,python,2,Normal,Normal
N-09-00582,2026-01-03T17:20:49,Space Infrastructure,S09-APP01,powershell,8,Normal,Normal
N-09-00583,2026-01-16T00:41:31,Space Infrastructure,S09-MGMT01,svchost,15,Normal,Normal
N-09-00584,2026-01-19T10:06:25,Space Infrastructure,S09-MON01,svchost,15,Normal,Normal
N-09-00585,2026-01-16T00:24:56,Space Infrastructure,S09-AUTH01,python,11,Normal,Normal
N-09-00586,2026-01-14T22:25:16,Space Infrastructure,S09-GW01,powershell,0,Normal,Normal
N-09-00587,2026-01-08T23:55:32,Space Infrastructure,S09-WS01,powershell,13,Normal,Normal
N-09-00588,2026-01-11T10:49:16,Space Infrastructure,S09-MGMT01,python,2,Normal,Normal
N-09-00589,2026-01-13T20:42:56,Space Infrastructure,S09-AUTH01,powershell,12,Normal,Normal
N-09-00590,2026-01-14T06:46:00,Space Infrastructure,S09-AUTH01,svchost,20,Normal,Normal
N-09-00591,2026-01-19T22:06:50,Space Infrastructure,S09-CTRL01,java,19,Normal,Normal
N-09-00592,2026-01-06T13:19:45,Space Infrastructure,S09-DB01,nginx,14,Normal,Normal
N-09-00593,2026-01-16T15:59:40,Space Infrastructure,S09-MGMT01,python,17,Normal,Normal
N-09-00594,2026-01-07T07:19:25,Space Infrastructure,S09-APP01,python,8,Normal,Normal
N-09-00595,2026-01-17T11:52:25,Space Infrastructure,S09-CTRL01,java,4,Normal,Normal
N-09-00596,2026-01-05T08:33:50,Space Infrastructure,S09-WS01,powershell,4,Normal,Normal
N-09-00597,2026-01-13T12:11:58,Space Infrastructure,S09-CTRL01,java,6,Normal,Normal
N-09-00598,2026-01-07T12:05:45,Space Infrastructure,S09-CTRL01,powershell,9,Normal,Normal
N-09-00599,2026-01-11T21:10:09,Space Infrastructure,S09-MGMT01,python,1,Normal,Normal
A-09-SCN081-01-00,2026-01-14T09:00:00,Space Infrastructure,S09-MON01,ssh,88,Reconnaissance,Attack
A-09-SCN081-01-01,2026-01-14T09:05:00,Space Infrastructure,S09-APP01,ssh,73,Initial Access,Attack
A-09-SCN081-01-02,2026-01-14T09:10:00,Space Infrastructure,S09-WS01,python,20,Execution,Attack
A-09-SCN081-01-03,2026-01-14T09:15:00,Space Infrastructure,S09-DB01,curl,61,Persistence,Attack
A-09-SCN081-01-04,2026-01-14T09:23:00,Space Infrastructure,S09-MGMT01,cmd,31,Privilege Escalation,Attack
A-09-SCN081-01-05,2026-01-14T09:28:00,Space Infrastructure,S09-CTRL01,cmd,3,Discovery,Attack
A-09-SCN081-01-06,2026-01-14T09:32:00,Space Infrastructure,S09-MON01,service-host,42,Lateral Movement,Attack
A-09-SCN081-01-07,2026-01-14T09:35:00,Space Infrastructure,S09-APP01,cmd,42,Command and Control,Attack
A-09-SCN081-01-08,2026-01-14T09:41:00,Space Infrastructure,S09-WS01,wmic,51,Command and Control,Attack
A-09-SCN081-01-09,2026-01-14T09:45:00,Space Infrastructure,S09-DB01,powershell,41,Command and Control,Attack
A-09-SCN081-02-00,2026-01-14T10:03:00,Space Infrastructure,S09-APP01,curl,72,Reconnaissance,Attack
A-09-SCN081-02-01,2026-01-14T10:06:00,Space Infrastructure,S09-MGMT01,curl,83,Initial Access,Attack
A-09-SCN081-02-02,2026-01-14T10:11:00,Space Infrastructure,S09-CTRL01,wmic,35,Execution,Attack
A-09-SCN081-02-03,2026-01-14T10:16:00,Space Infrastructure,S09-DB01,curl,15,Persistence,Attack
A-09-SCN081-02-04,2026-01-14T10:23:00,Space Infrastructure,S09-AUTH01,ssh,19,Privilege Escalation,Attack
A-09-SCN081-02-05,2026-01-14T10:25:00,Space Infrastructure,S09-MON01,ssh,3,Discovery,Attack
A-09-SCN081-02-06,2026-01-14T10:33:00,Space Infrastructure,S09-APP01,powershell,11,Lateral Movement,Attack
A-09-SCN081-02-07,2026-01-14T10:37:00,Space Infrastructure,S09-MGMT01,powershell,17,Command and Control,Attack
A-09-SCN081-02-08,2026-01-14T10:42:00,Space Infrastructure,S09-CTRL01,service-host,61,Command and Control,Attack
A-09-SCN081-02-09,2026-01-14T10:47:00,Space Infrastructure,S09-DB01,cmd,19,Command and Control,Attack
A-09-SCN081-03-00,2026-01-14T11:01:00,Space Infrastructure,S09-GW01,cmd,4,Reconnaissance,Attack
A-09-SCN081-03-01,2026-01-14T11:07:00,Space Infrastructure,S09-CTRL01,wmic,54,Initial Access,Attack
A-09-SCN081-03-02,2026-01-14T11:13:00,Space Infrastructure,S09-MON01,ssh,91,Execution,Attack
A-09-SCN081-03-03,2026-01-14T11:17:00,Space Infrastructure,S09-MGMT01,ssh,98,Persistence,Attack
A-09-SCN081-03-04,2026-01-14T11:21:00,Space Infrastructure,S09-BKP01,unknown,57,Privilege Escalation,Attack
A-09-SCN081-03-05,2026-01-14T11:28:00,Space Infrastructure,S09-VPN01,python,84,Discovery,Attack
A-09-SCN081-03-06,2026-01-14T11:31:00,Space Infrastructure,S09-GW01,powershell,99,Lateral Movement,Attack
A-09-SCN081-03-07,2026-01-14T11:37:00,Space Infrastructure,S09-CTRL01,wmic,69,Command and Control,Attack
A-09-SCN081-03-08,2026-01-14T11:41:00,Space Infrastructure,S09-MON01,python,79,Command and Control,Attack
A-09-SCN081-03-09,2026-01-14T11:47:00,Space Infrastructure,S09-MGMT01,curl,93,Command and Control,Attack
A-09-SCN081-04-00,2026-01-14T12:03:00,Space Infrastructure,S09-AUTH01,python,36,Reconnaissance,Attack
A-09-SCN081-04-01,2026-01-14T12:05:00,Space Infrastructure,S09-DB01,cmd,57,Initial Access,Attack
A-09-SCN081-04-02,2026-01-14T12:12:00,Space Infrastructure,S09-APP01,python,68,Execution,Attack
A-09-SCN081-04-03,2026-01-14T12:15:00,Space Infrastructure,S09-BKP01,python,11,Persistence,Attack
A-09-SCN081-04-04,2026-01-14T12:23:00,Space Infrastructure,S09-MGMT01,ssh,14,Privilege Escalation,Attack
A-09-SCN081-04-05,2026-01-14T12:25:00,Space Infrastructure,S09-GW01,powershell,61,Discovery,Attack
A-09-SCN081-04-06,2026-01-14T12:31:00,Space Infrastructure,S09-AUTH01,python,40,Lateral Movement,Attack
A-09-SCN081-04-07,2026-01-14T12:37:00,Space Infrastructure,S09-DB01,cmd,57,Command and Control,Attack
A-09-SCN081-04-08,2026-01-14T12:42:00,Space Infrastructure,S09-APP01,cmd,78,Command and Control,Attack
A-09-SCN081-04-09,2026-01-14T12:46:00,Space Infrastructure,S09-BKP01,wmic,26,Command and Control,Attack
A-09-SCN082-01-00,2026-01-14T09:00:00,Space Infrastructure,S09-DB01,ssh,56,Reconnaissance,Attack
A-09-SCN082-01-01,2026-01-14T09:07:00,Space Infrastructure,S09-APP01,unknown,69,Initial Access,Attack
A-09-SCN082-01-02,2026-01-14T09:13:00,Space Infrastructure,S09-BKP01,powershell,91,Credential Access,Attack
A-09-SCN082-01-03,2026-01-14T09:17:00,Space Infrastructure,S09-AUTH01,cmd,94,Discovery,Attack
A-09-SCN082-01-04,2026-01-14T09:22:00,Space Infrastructure,S09-CTRL01,service-host,21,Lateral Movement,Attack
A-09-SCN082-01-05,2026-01-14T09:25:00,Space Infrastructure,S09-GW01,ssh,623,Collection,Attack
A-09-SCN082-01-06,2026-01-14T09:30:00,Space Infrastructure,S09-DB01,python,512,Collection,Attack
A-09-SCN082-01-07,2026-01-14T09:38:00,Space Infrastructure,S09-APP01,curl,816,Collection,Attack
A-09-SCN082-01-08,2026-01-14T09:41:00,Space Infrastructure,S09-BKP01,ssh,1983,Collection,Attack
A-09-SCN082-01-09,2026-01-14T09:45:00,Space Infrastructure,S09-AUTH01,curl,1575,Collection,Attack
A-09-SCN082-02-00,2026-01-14T10:03:00,Space Infrastructure,S09-APP01,curl,14,Reconnaissance,Attack
A-09-SCN082-02-01,2026-01-14T10:07:00,Space Infrastructure,S09-BKP01,unknown,42,Initial Access,Attack
A-09-SCN082-02-02,2026-01-14T10:13:00,Space Infrastructure,S09-VPN01,python,29,Credential Access,Attack
A-09-SCN082-02-03,2026-01-14T10:15:00,Space Infrastructure,S09-MON01,powershell,97,Discovery,Attack
A-09-SCN082-02-04,2026-01-14T10:23:00,Space Infrastructure,S09-WS01,cmd,64,Lateral Movement,Attack
A-09-SCN082-02-05,2026-01-14T10:28:00,Space Infrastructure,S09-GW01,cmd,669,Collection,Attack
A-09-SCN082-02-06,2026-01-14T10:32:00,Space Infrastructure,S09-APP01,python,1562,Collection,Attack
A-09-SCN082-02-07,2026-01-14T10:37:00,Space Infrastructure,S09-BKP01,cmd,198,Collection,Attack
A-09-SCN082-02-08,2026-01-14T10:40:00,Space Infrastructure,S09-VPN01,unknown,110,Collection,Attack
A-09-SCN082-02-09,2026-01-14T10:47:00,Space Infrastructure,S09-MON01,unknown,1476,Collection,Attack
A-09-SCN082-03-00,2026-01-14T11:01:00,Space Infrastructure,S09-MGMT01,curl,5,Reconnaissance,Attack
A-09-SCN082-03-01,2026-01-14T11:08:00,Space Infrastructure,S09-APP01,powershell,86,Initial Access,Attack
A-09-SCN082-03-02,2026-01-14T11:13:00,Space Infrastructure,S09-AUTH01,powershell,36,Credential Access,Attack
A-09-SCN082-03-03,2026-01-14T11:15:00,Space Infrastructure,S09-WS01,cmd,52,Discovery,Attack
A-09-SCN082-03-04,2026-01-14T11:21:00,Space Infrastructure,S09-CTRL01,unknown,79,Lateral Movement,Attack
A-09-SCN082-03-05,2026-01-14T11:28:00,Space Infrastructure,S09-BKP01,curl,1385,Collection,Attack
A-09-SCN082-03-06,2026-01-14T11:33:00,Space Infrastructure,S09-MGMT01,cmd,446,Collection,Attack
A-09-SCN082-03-07,2026-01-14T11:38:00,Space Infrastructure,S09-APP01,service-host,158,Collection,Attack
A-09-SCN082-03-08,2026-01-14T11:43:00,Space Infrastructure,S09-AUTH01,curl,1646,Collection,Attack
A-09-SCN082-03-09,2026-01-14T11:46:00,Space Infrastructure,S09-WS01,ssh,1182,Collection,Attack
A-09-SCN082-04-00,2026-01-14T12:02:00,Space Infrastructure,S09-GW01,wmic,23,Reconnaissance,Attack
A-09-SCN082-04-01,2026-01-14T12:07:00,Space Infrastructure,S09-VPN01,cmd,24,Initial Access,Attack
A-09-SCN082-04-02,2026-01-14T12:13:00,Space Infrastructure,S09-BKP01,unknown,88,Credential Access,Attack
A-09-SCN082-04-03,2026-01-14T12:16:00,Space Infrastructure,S09-CTRL01,wmic,37,Discovery,Attack
A-09-SCN082-04-04,2026-01-14T12:20:00,Space Infrastructure,S09-MON01,ssh,16,Lateral Movement,Attack
A-09-SCN082-04-05,2026-01-14T12:26:00,Space Infrastructure,S09-DB01,powershell,1051,Collection,Attack
A-09-SCN082-04-06,2026-01-14T12:32:00,Space Infrastructure,S09-GW01,powershell,423,Collection,Attack
A-09-SCN082-04-07,2026-01-14T12:38:00,Space Infrastructure,S09-VPN01,powershell,998,Collection,Attack
A-09-SCN082-04-08,2026-01-14T12:43:00,Space Infrastructure,S09-BKP01,unknown,1275,Collection,Attack
A-09-SCN082-04-09,2026-01-14T12:47:00,Space Infrastructure,S09-CTRL01,cmd,1594,Collection,Attack
A-09-SCN083-01-00,2026-01-14T09:00:00,Space Infrastructure,S09-MGMT01,wmic,29,Reconnaissance,Attack
A-09-SCN083-01-01,2026-01-14T09:07:00,Space Infrastructure,S09-GW01,ssh,37,Initial Access,Attack
A-09-SCN083-01-02,2026-01-14T09:12:00,Space Infrastructure,S09-DB01,ssh,60,Execution,Attack
A-09-SCN083-01-03,2026-01-14T09:15:00,Space Infrastructure,S09-CTRL01,service-host,40,Persistence,Attack
A-09-SCN083-01-04,2026-01-14T09:23:00,Space Infrastructure,S09-BKP01,powershell,94,Privilege Escalation,Attack
A-09-SCN083-01-05,2026-01-14T09:26:00,Space Infrastructure,S09-WS01,ssh,57,Discovery,Attack
A-09-SCN083-01-06,2026-01-14T09:30:00,Space Infrastructure,S09-MGMT01,ssh,94,Lateral Movement,Attack
A-09-SCN083-01-07,2026-01-14T09:38:00,Space Infrastructure,S09-GW01,wmic,25,Command and Control,Attack
A-09-SCN083-01-08,2026-01-14T09:40:00,Space Infrastructure,S09-DB01,service-host,21,Command and Control,Attack
A-09-SCN083-01-09,2026-01-14T09:46:00,Space Infrastructure,S09-CTRL01,powershell,46,Command and Control,Attack
A-09-SCN083-02-00,2026-01-14T10:03:00,Space Infrastructure,S09-MON01,ssh,3,Reconnaissance,Attack
A-09-SCN083-02-01,2026-01-14T10:06:00,Space Infrastructure,S09-APP01,curl,95,Initial Access,Attack
A-09-SCN083-02-02,2026-01-14T10:10:00,Space Infrastructure,S09-MGMT01,python,74,Execution,Attack
A-09-SCN083-02-03,2026-01-14T10:15:00,Space Infrastructure,S09-CTRL01,powershell,59,Persistence,Attack
A-09-SCN083-02-04,2026-01-14T10:23:00,Space Infrastructure,S09-GW01,service-host,96,Privilege Escalation,Attack
A-09-SCN083-02-05,2026-01-14T10:25:00,Space Infrastructure,S09-AUTH01,cmd,84,Discovery,Attack
A-09-SCN083-02-06,2026-01-14T10:31:00,Space Infrastructure,S09-MON01,ssh,82,Lateral Movement,Attack
A-09-SCN083-02-07,2026-01-14T10:35:00,Space Infrastructure,S09-APP01,wmic,33,Command and Control,Attack
A-09-SCN083-02-08,2026-01-14T10:40:00,Space Infrastructure,S09-MGMT01,ssh,28,Command and Control,Attack
A-09-SCN083-02-09,2026-01-14T10:48:00,Space Infrastructure,S09-CTRL01,ssh,43,Command and Control,Attack
A-09-SCN083-03-00,2026-01-14T11:02:00,Space Infrastructure,S09-WS01,service-host,26,Reconnaissance,Attack
A-09-SCN083-03-01,2026-01-14T11:05:00,Space Infrastructure,S09-VPN01,python,89,Initial Access,Attack
A-09-SCN083-03-02,2026-01-14T11:11:00,Space Infrastructure,S09-BKP01,ssh,66,Execution,Attack
A-09-SCN083-03-03,2026-01-14T11:16:00,Space Infrastructure,S09-AUTH01,service-host,27,Persistence,Attack
A-09-SCN083-03-04,2026-01-14T11:20:00,Space Infrastructure,S09-CTRL01,wmic,98,Privilege Escalation,Attack
A-09-SCN083-03-05,2026-01-14T11:25:00,Space Infrastructure,S09-MGMT01,unknown,4,Discovery,Attack
A-09-SCN083-03-06,2026-01-14T11:32:00,Space Infrastructure,S09-WS01,unknown,60,Lateral Movement,Attack
A-09-SCN083-03-07,2026-01-14T11:35:00,Space Infrastructure,S09-VPN01,cmd,47,Command and Control,Attack
A-09-SCN083-03-08,2026-01-14T11:41:00,Space Infrastructure,S09-BKP01,unknown,68,Command and Control,Attack
A-09-SCN083-03-09,2026-01-14T11:48:00,Space Infrastructure,S09-AUTH01,cmd,54,Command and Control,Attack
A-09-SCN083-04-00,2026-01-14T12:00:00,Space Infrastructure,S09-MON01,curl,83,Reconnaissance,Attack
A-09-SCN083-04-01,2026-01-14T12:05:00,Space Infrastructure,S09-MGMT01,unknown,27,Initial Access,Attack
A-09-SCN083-04-02,2026-01-14T12:11:00,Space Infrastructure,S09-VPN01,ssh,7,Execution,Attack
A-09-SCN083-04-03,2026-01-14T12:18:00,Space Infrastructure,S09-GW01,ssh,42,Persistence,Attack
A-09-SCN083-04-04,2026-01-14T12:22:00,Space Infrastructure,S09-APP01,cmd,19,Privilege Escalation,Attack
A-09-SCN083-04-05,2026-01-14T12:25:00,Space Infrastructure,S09-WS01,service-host,88,Discovery,Attack
A-09-SCN083-04-06,2026-01-14T12:32:00,Space Infrastructure,S09-MON01,powershell,78,Lateral Movement,Attack
A-09-SCN083-04-07,2026-01-14T12:36:00,Space Infrastructure,S09-MGMT01,ssh,22,Command and Control,Attack
A-09-SCN083-04-08,2026-01-14T12:43:00,Space Infrastructure,S09-VPN01,ssh,42,Command and Control,Attack
A-09-SCN083-04-09,2026-01-14T12:45:00,Space Infrastructure,S09-GW01,cmd,24,Command and Control,Attack
A-09-SCN084-01-00,2026-01-14T09:03:00,Space Infrastructure,S09-AUTH01,wmic,21,Reconnaissance,Attack
A-09-SCN084-01-01,2026-01-14T09:07:00,Space Infrastructure,S09-WS01,cmd,59,Initial Access,Attack
A-09-SCN084-01-02,2026-01-14T09:11:00,Space Infrastructure,S09-VPN01,unknown,75,Credential Access,Attack
A-09-SCN084-01-03,2026-01-14T09:16:00,Space Infrastructure,S09-MGMT01,ssh,70,Discovery,Attack
A-09-SCN084-01-04,2026-01-14T09:22:00,Space Infrastructure,S09-APP01,cmd,618,Collection,Attack
A-09-SCN084-01-05,2026-01-14T09:28:00,Space Infrastructure,S09-GW01,service-host,22,Exfiltration,Attack
A-09-SCN084-01-06,2026-01-14T09:31:00,Space Infrastructure,S09-AUTH01,cmd,72,Exfiltration,Attack
A-09-SCN084-01-07,2026-01-14T09:37:00,Space Infrastructure,S09-WS01,unknown,21,Exfiltration,Attack
A-09-SCN084-01-08,2026-01-14T09:43:00,Space Infrastructure,S09-VPN01,service-host,24,Exfiltration,Attack
A-09-SCN084-01-09,2026-01-14T09:47:00,Space Infrastructure,S09-MGMT01,python,60,Exfiltration,Attack
A-09-SCN084-02-00,2026-01-14T10:02:00,Space Infrastructure,S09-APP01,powershell,39,Reconnaissance,Attack
A-09-SCN084-02-01,2026-01-14T10:06:00,Space Infrastructure,S09-WS01,wmic,16,Initial Access,Attack
A-09-SCN084-02-02,2026-01-14T10:12:00,Space Infrastructure,S09-MON01,wmic,72,Credential Access,Attack
A-09-SCN084-02-03,2026-01-14T10:17:00,Space Infrastructure,S09-BKP01,curl,97,Discovery,Attack
A-09-SCN084-02-04,2026-01-14T10:22:00,Space Infrastructure,S09-VPN01,unknown,1560,Collection,Attack
A-09-SCN084-02-05,2026-01-14T10:25:00,Space Infrastructure,S09-AUTH01,curl,1,Exfiltration,Attack
A-09-SCN084-02-06,2026-01-14T10:33:00,Space Infrastructure,S09-APP01,wmic,46,Exfiltration,Attack
A-09-SCN084-02-07,2026-01-14T10:36:00,Space Infrastructure,S09-WS01,curl,16,Exfiltration,Attack
A-09-SCN084-02-08,2026-01-14T10:40:00,Space Infrastructure,S09-MON01,curl,51,Exfiltration,Attack
A-09-SCN084-02-09,2026-01-14T10:47:00,Space Infrastructure,S09-BKP01,service-host,95,Exfiltration,Attack
A-09-SCN084-03-00,2026-01-14T11:03:00,Space Infrastructure,S09-MGMT01,python,97,Reconnaissance,Attack
A-09-SCN084-03-01,2026-01-14T11:05:00,Space Infrastructure,S09-VPN01,powershell,60,Initial Access,Attack
A-09-SCN084-03-02,2026-01-14T11:13:00,Space Infrastructure,S09-WS01,unknown,88,Credential Access,Attack
A-09-SCN084-03-03,2026-01-14T11:18:00,Space Infrastructure,S09-DB01,service-host,53,Discovery,Attack
A-09-SCN084-03-04,2026-01-14T11:21:00,Space Infrastructure,S09-BKP01,cmd,512,Collection,Attack
A-09-SCN084-03-05,2026-01-14T11:28:00,Space Infrastructure,S09-MON01,wmic,14,Exfiltration,Attack
A-09-SCN084-03-06,2026-01-14T11:31:00,Space Infrastructure,S09-MGMT01,powershell,92,Exfiltration,Attack
A-09-SCN084-03-07,2026-01-14T11:36:00,Space Infrastructure,S09-VPN01,python,57,Exfiltration,Attack
A-09-SCN084-03-08,2026-01-14T11:41:00,Space Infrastructure,S09-WS01,service-host,80,Exfiltration,Attack
A-09-SCN084-03-09,2026-01-14T11:47:00,Space Infrastructure,S09-DB01,cmd,58,Exfiltration,Attack
A-09-SCN084-04-00,2026-01-14T12:02:00,Space Infrastructure,S09-MGMT01,service-host,26,Reconnaissance,Attack
A-09-SCN084-04-01,2026-01-14T12:07:00,Space Infrastructure,S09-VPN01,wmic,20,Initial Access,Attack
A-09-SCN084-04-02,2026-01-14T12:13:00,Space Infrastructure,S09-CTRL01,unknown,46,Credential Access,Attack
A-09-SCN084-04-03,2026-01-14T12:15:00,Space Infrastructure,S09-BKP01,unknown,37,Discovery,Attack
A-09-SCN084-04-04,2026-01-14T12:21:00,Space Infrastructure,S09-MON01,curl,1843,Collection,Attack
A-09-SCN084-04-05,2026-01-14T12:26:00,Space Infrastructure,S09-DB01,unknown,84,Exfiltration,Attack
A-09-SCN084-04-06,2026-01-14T12:32:00,Space Infrastructure,S09-MGMT01,service-host,9,Exfiltration,Attack
A-09-SCN084-04-07,2026-01-14T12:36:00,Space Infrastructure,S09-VPN01,service-host,53,Exfiltration,Attack
A-09-SCN084-04-08,2026-01-14T12:43:00,Space Infrastructure,S09-CTRL01,ssh,95,Exfiltration,Attack
A-09-SCN084-04-09,2026-01-14T12:45:00,Space Infrastructure,S09-BKP01,python,60,Exfiltration,Attack
A-09-SCN085-01-00,2026-01-14T09:00:00,Space Infrastructure,S09-AUTH01,unknown,92,Reconnaissance,Attack
A-09-SCN085-01-01,2026-01-14T09:05:00,Space Infrastructure,S09-MGMT01,curl,96,Initial Access,Attack
A-09-SCN085-01-02,2026-01-14T09:13:00,Space Infrastructure,S09-CTRL01,cmd,13,Execution,Attack
A-09-SCN085-01-03,2026-01-14T09:18:00,Space Infrastructure,S09-WS01,powershell,4,Persistence,Attack
A-09-SCN085-01-04,2026-01-14T09:20:00,Space Infrastructure,S09-VPN01,ssh,54,Privilege Escalation,Attack
A-09-SCN085-01-05,2026-01-14T09:25:00,Space Infrastructure,S09-BKP01,unknown,95,Discovery,Attack
A-09-SCN085-01-06,2026-01-14T09:33:00,Space Infrastructure,S09-AUTH01,wmic,4,Lateral Movement,Attack
A-09-SCN085-01-07,2026-01-14T09:36:00,Space Infrastructure,S09-MGMT01,service-host,51,Command and Control,Attack
A-09-SCN085-01-08,2026-01-14T09:43:00,Space Infrastructure,S09-CTRL01,python,58,Command and Control,Attack
A-09-SCN085-01-09,2026-01-14T09:47:00,Space Infrastructure,S09-WS01,ssh,96,Command and Control,Attack
A-09-SCN085-02-00,2026-01-14T10:01:00,Space Infrastructure,S09-AUTH01,wmic,31,Reconnaissance,Attack
A-09-SCN085-02-01,2026-01-14T10:06:00,Space Infrastructure,S09-MGMT01,powershell,95,Initial Access,Attack
A-09-SCN085-02-02,2026-01-14T10:11:00,Space Infrastructure,S09-MON01,service-host,28,Execution,Attack
A-09-SCN085-02-03,2026-01-14T10:17:00,Space Infrastructure,S09-WS01,unknown,61,Persistence,Attack
A-09-SCN085-02-04,2026-01-14T10:23:00,Space Infrastructure,S09-BKP01,service-host,15,Privilege Escalation,Attack
A-09-SCN085-02-05,2026-01-14T10:25:00,Space Infrastructure,S09-VPN01,curl,91,Discovery,Attack
A-09-SCN085-02-06,2026-01-14T10:32:00,Space Infrastructure,S09-AUTH01,unknown,6,Lateral Movement,Attack
A-09-SCN085-02-07,2026-01-14T10:36:00,Space Infrastructure,S09-MGMT01,cmd,8,Command and Control,Attack
A-09-SCN085-02-08,2026-01-14T10:41:00,Space Infrastructure,S09-MON01,wmic,33,Command and Control,Attack
A-09-SCN085-02-09,2026-01-14T10:48:00,Space Infrastructure,S09-WS01,unknown,6,Command and Control,Attack
A-09-SCN085-03-00,2026-01-14T11:02:00,Space Infrastructure,S09-MON01,unknown,8,Reconnaissance,Attack
A-09-SCN085-03-01,2026-01-14T11:07:00,Space Infrastructure,S09-VPN01,powershell,2,Initial Access,Attack
A-09-SCN085-03-02,2026-01-14T11:11:00,Space Infrastructure,S09-CTRL01,cmd,20,Execution,Attack
A-09-SCN085-03-03,2026-01-14T11:17:00,Space Infrastructure,S09-MGMT01,cmd,11,Persistence,Attack
A-09-SCN085-03-04,2026-01-14T11:20:00,Space Infrastructure,S09-APP01,cmd,90,Privilege Escalation,Attack
A-09-SCN085-03-05,2026-01-14T11:28:00,Space Infrastructure,S09-DB01,powershell,87,Discovery,Attack
A-09-SCN085-03-06,2026-01-14T11:31:00,Space Infrastructure,S09-MON01,curl,13,Lateral Movement,Attack
A-09-SCN085-03-07,2026-01-14T11:38:00,Space Infrastructure,S09-VPN01,curl,86,Command and Control,Attack
A-09-SCN085-03-08,2026-01-14T11:40:00,Space Infrastructure,S09-CTRL01,cmd,100,Command and Control,Attack
A-09-SCN085-03-09,2026-01-14T11:47:00,Space Infrastructure,S09-MGMT01,cmd,87,Command and Control,Attack
A-09-SCN085-04-00,2026-01-14T12:02:00,Space Infrastructure,S09-WS01,service-host,78,Reconnaissance,Attack
A-09-SCN085-04-01,2026-01-14T12:05:00,Space Infrastructure,S09-CTRL01,service-host,96,Initial Access,Attack
A-09-SCN085-04-02,2026-01-14T12:13:00,Space Infrastructure,S09-MGMT01,python,51,Execution,Attack
A-09-SCN085-04-03,2026-01-14T12:15:00,Space Infrastructure,S09-AUTH01,python,80,Persistence,Attack
A-09-SCN085-04-04,2026-01-14T12:23:00,Space Infrastructure,S09-DB01,cmd,1,Privilege Escalation,Attack
A-09-SCN085-04-05,2026-01-14T12:26:00,Space Infrastructure,S09-APP01,powershell,87,Discovery,Attack
A-09-SCN085-04-06,2026-01-14T12:31:00,Space Infrastructure,S09-WS01,powershell,9,Lateral Movement,Attack
A-09-SCN085-04-07,2026-01-14T12:37:00,Space Infrastructure,S09-CTRL01,python,90,Command and Control,Attack
A-09-SCN085-04-08,2026-01-14T12:42:00,Space Infrastructure,S09-MGMT01,cmd,20,Command and Control,Attack
A-09-SCN085-04-09,2026-01-14T12:48:00,Space Infrastructure,S09-AUTH01,powershell,94,Command and Control,Attack
A-09-SCN086-01-00,2026-01-14T09:02:00,Space Infrastructure,S09-APP01,unknown,87,Reconnaissance,Attack
A-09-SCN086-01-01,2026-01-14T09:08:00,Space Infrastructure,S09-WS01,powershell,55,Initial Access,Attack
A-09-SCN086-01-02,2026-01-14T09:13:00,Space Infrastructure,S09-MGMT01,python,36,Execution,Attack
A-09-SCN086-01-03,2026-01-14T09:17:00,Space Infrastructure,S09-AUTH01,service-host,0,Persistence,Attack
A-09-SCN086-01-04,2026-01-14T09:20:00,Space Infrastructure,S09-VPN01,curl,54,Privilege Escalation,Attack
A-09-SCN086-01-05,2026-01-14T09:27:00,Space Infrastructure,S09-GW01,python,50,Discovery,Attack
A-09-SCN086-01-06,2026-01-14T09:30:00,Space Infrastructure,S09-APP01,unknown,75,Lateral Movement,Attack
A-09-SCN086-01-07,2026-01-14T09:37:00,Space Infrastructure,S09-WS01,curl,82,Command and Control,Attack
A-09-SCN086-01-08,2026-01-14T09:43:00,Space Infrastructure,S09-MGMT01,unknown,96,Command and Control,Attack
A-09-SCN086-01-09,2026-01-14T09:47:00,Space Infrastructure,S09-AUTH01,wmic,76,Command and Control,Attack
A-09-SCN086-02-00,2026-01-14T10:03:00,Space Infrastructure,S09-MGMT01,cmd,26,Reconnaissance,Attack
A-09-SCN086-02-01,2026-01-14T10:05:00,Space Infrastructure,S09-APP01,unknown,81,Initial Access,Attack
A-09-SCN086-02-02,2026-01-14T10:13:00,Space Infrastructure,S09-CTRL01,wmic,77,Execution,Attack
A-09-SCN086-02-03,2026-01-14T10:16:00,Space Infrastructure,S09-AUTH01,ssh,40,Persistence,Attack
A-09-SCN086-02-04,2026-01-14T10:23:00,Space Infrastructure,S09-GW01,ssh,42,Privilege Escalation,Attack
A-09-SCN086-02-05,2026-01-14T10:27:00,Space Infrastructure,S09-VPN01,powershell,24,Discovery,Attack
A-09-SCN086-02-06,2026-01-14T10:30:00,Space Infrastructure,S09-MGMT01,cmd,7,Lateral Movement,Attack
A-09-SCN086-02-07,2026-01-14T10:37:00,Space Infrastructure,S09-APP01,ssh,20,Command and Control,Attack
A-09-SCN086-02-08,2026-01-14T10:42:00,Space Infrastructure,S09-CTRL01,python,1,Command and Control,Attack
A-09-SCN086-02-09,2026-01-14T10:47:00,Space Infrastructure,S09-AUTH01,ssh,94,Command and Control,Attack
A-09-SCN086-03-00,2026-01-14T11:03:00,Space Infrastructure,S09-AUTH01,service-host,63,Reconnaissance,Attack
A-09-SCN086-03-01,2026-01-14T11:05:00,Space Infrastructure,S09-MON01,service-host,52,Initial Access,Attack
A-09-SCN086-03-02,2026-01-14T11:12:00,Space Infrastructure,S09-CTRL01,powershell,27,Execution,Attack
A-09-SCN086-03-03,2026-01-14T11:18:00,Space Infrastructure,S09-WS01,powershell,24,Persistence,Attack
A-09-SCN086-03-04,2026-01-14T11:22:00,Space Infrastructure,S09-GW01,ssh,42,Privilege Escalation,Attack
A-09-SCN086-03-05,2026-01-14T11:26:00,Space Infrastructure,S09-APP01,service-host,46,Discovery,Attack
A-09-SCN086-03-06,2026-01-14T11:31:00,Space Infrastructure,S09-AUTH01,curl,22,Lateral Movement,Attack
A-09-SCN086-03-07,2026-01-14T11:37:00,Space Infrastructure,S09-MON01,cmd,49,Command and Control,Attack
A-09-SCN086-03-08,2026-01-14T11:42:00,Space Infrastructure,S09-CTRL01,python,24,Command and Control,Attack
A-09-SCN086-03-09,2026-01-14T11:48:00,Space Infrastructure,S09-WS01,ssh,1,Command and Control,Attack
A-09-SCN086-04-00,2026-01-14T12:02:00,Space Infrastructure,S09-APP01,python,63,Reconnaissance,Attack
A-09-SCN086-04-01,2026-01-14T12:05:00,Space Infrastructure,S09-DB01,powershell,76,Initial Access,Attack
A-09-SCN086-04-02,2026-01-14T12:11:00,Space Infrastructure,S09-WS01,cmd,52,Execution,Attack
A-09-SCN086-04-03,2026-01-14T12:15:00,Space Infrastructure,S09-BKP01,unknown,10,Persistence,Attack
A-09-SCN086-04-04,2026-01-14T12:23:00,Space Infrastructure,S09-AUTH01,powershell,0,Privilege Escalation,Attack
A-09-SCN086-04-05,2026-01-14T12:25:00,Space Infrastructure,S09-MGMT01,unknown,8,Discovery,Attack
A-09-SCN086-04-06,2026-01-14T12:32:00,Space Infrastructure,S09-APP01,python,38,Lateral Movement,Attack
A-09-SCN086-04-07,2026-01-14T12:35:00,Space Infrastructure,S09-DB01,unknown,70,Command and Control,Attack
A-09-SCN086-04-08,2026-01-14T12:43:00,Space Infrastructure,S09-WS01,ssh,51,Command and Control,Attack
A-09-SCN086-04-09,2026-01-14T12:47:00,Space Infrastructure,S09-BKP01,service-host,1,Command and Control,Attack
A-09-SCN087-01-00,2026-01-14T09:02:00,Space Infrastructure,S09-BKP01,unknown,93,Reconnaissance,Attack
A-09-SCN087-01-01,2026-01-14T09:07:00,Space Infrastructure,S09-MGMT01,wmic,66,Discovery,Attack
A-09-SCN087-01-02,2026-01-14T09:13:00,Space Infrastructure,S09-CTRL01,powershell,4,Initial Access,Attack
A-09-SCN087-01-03,2026-01-14T09:15:00,Space Infrastructure,S09-AUTH01,powershell,22,Execution,Attack
A-09-SCN087-01-04,2026-01-14T09:21:00,Space Infrastructure,S09-GW01,cmd,58,Execution,Attack
A-09-SCN087-01-05,2026-01-14T09:28:00,Space Infrastructure,S09-DB01,powershell,30,Execution,Attack
A-09-SCN087-01-06,2026-01-14T09:30:00,Space Infrastructure,S09-BKP01,python,1,Execution,Attack
A-09-SCN087-01-07,2026-01-14T09:35:00,Space Infrastructure,S09-MGMT01,unknown,84,Execution,Attack
A-09-SCN087-01-08,2026-01-14T09:43:00,Space Infrastructure,S09-CTRL01,wmic,80,Execution,Attack
A-09-SCN087-01-09,2026-01-14T09:48:00,Space Infrastructure,S09-AUTH01,powershell,67,Execution,Attack
A-09-SCN087-02-00,2026-01-14T10:00:00,Space Infrastructure,S09-GW01,wmic,38,Reconnaissance,Attack
A-09-SCN087-02-01,2026-01-14T10:06:00,Space Infrastructure,S09-WS01,ssh,4,Discovery,Attack
A-09-SCN087-02-02,2026-01-14T10:11:00,Space Infrastructure,S09-MON01,service-host,13,Initial Access,Attack
A-09-SCN087-02-03,2026-01-14T10:18:00,Space Infrastructure,S09-CTRL01,service-host,94,Execution,Attack
A-09-SCN087-02-04,2026-01-14T10:20:00,Space Infrastructure,S09-MGMT01,unknown,46,Execution,Attack
A-09-SCN087-02-05,2026-01-14T10:28:00,Space Infrastructure,S09-DB01,unknown,50,Execution,Attack
A-09-SCN087-02-06,2026-01-14T10:32:00,Space Infrastructure,S09-GW01,cmd,47,Execution,Attack
A-09-SCN087-02-07,2026-01-14T10:35:00,Space Infrastructure,S09-WS01,ssh,52,Execution,Attack
A-09-SCN087-02-08,2026-01-14T10:40:00,Space Infrastructure,S09-MON01,service-host,9,Execution,Attack
A-09-SCN087-02-09,2026-01-14T10:48:00,Space Infrastructure,S09-CTRL01,cmd,41,Execution,Attack
A-09-SCN087-03-00,2026-01-14T11:02:00,Space Infrastructure,S09-DB01,wmic,24,Reconnaissance,Attack
A-09-SCN087-03-01,2026-01-14T11:07:00,Space Infrastructure,S09-CTRL01,ssh,73,Discovery,Attack
A-09-SCN087-03-02,2026-01-14T11:11:00,Space Infrastructure,S09-WS01,powershell,51,Initial Access,Attack
A-09-SCN087-03-03,2026-01-14T11:16:00,Space Infrastructure,S09-APP01,unknown,45,Execution,Attack
A-09-SCN087-03-04,2026-01-14T11:23:00,Space Infrastructure,S09-MGMT01,powershell,31,Execution,Attack
A-09-SCN087-03-05,2026-01-14T11:28:00,Space Infrastructure,S09-MON01,unknown,70,Execution,Attack
A-09-SCN087-03-06,2026-01-14T11:33:00,Space Infrastructure,S09-DB01,python,48,Execution,Attack
A-09-SCN087-03-07,2026-01-14T11:37:00,Space Infrastructure,S09-CTRL01,ssh,50,Execution,Attack
A-09-SCN087-03-08,2026-01-14T11:43:00,Space Infrastructure,S09-WS01,wmic,70,Execution,Attack
A-09-SCN087-03-09,2026-01-14T11:47:00,Space Infrastructure,S09-APP01,wmic,30,Execution,Attack
A-09-SCN087-04-00,2026-01-14T12:03:00,Space Infrastructure,S09-CTRL01,ssh,71,Reconnaissance,Attack
A-09-SCN087-04-01,2026-01-14T12:06:00,Space Infrastructure,S09-MGMT01,cmd,73,Discovery,Attack
A-09-SCN087-04-02,2026-01-14T12:13:00,Space Infrastructure,S09-DB01,python,68,Initial Access,Attack
A-09-SCN087-04-03,2026-01-14T12:17:00,Space Infrastructure,S09-VPN01,curl,71,Execution,Attack
A-09-SCN087-04-04,2026-01-14T12:20:00,Space Infrastructure,S09-MON01,service-host,55,Execution,Attack
A-09-SCN087-04-05,2026-01-14T12:28:00,Space Infrastructure,S09-BKP01,unknown,34,Execution,Attack
A-09-SCN087-04-06,2026-01-14T12:33:00,Space Infrastructure,S09-CTRL01,wmic,2,Execution,Attack
A-09-SCN087-04-07,2026-01-14T12:38:00,Space Infrastructure,S09-MGMT01,curl,13,Execution,Attack
A-09-SCN087-04-08,2026-01-14T12:42:00,Space Infrastructure,S09-DB01,curl,84,Execution,Attack
A-09-SCN087-04-09,2026-01-14T12:48:00,Space Infrastructure,S09-VPN01,ssh,81,Execution,Attack
A-09-SCN088-01-00,2026-01-14T09:00:00,Space Infrastructure,S09-MON01,cmd,40,Reconnaissance,Attack
A-09-SCN088-01-01,2026-01-14T09:08:00,Space Infrastructure,S09-CTRL01,curl,93,Initial Access,Attack
A-09-SCN088-01-02,2026-01-14T09:10:00,Space Infrastructure,S09-WS01,ssh,3,Execution,Attack
A-09-SCN088-01-03,2026-01-14T09:18:00,Space Infrastructure,S09-DB01,service-host,61,Persistence,Attack
A-09-SCN088-01-04,2026-01-14T09:21:00,Space Infrastructure,S09-VPN01,ssh,100,Privilege Escalation,Attack
A-09-SCN088-01-05,2026-01-14T09:26:00,Space Infrastructure,S09-APP01,wmic,7,Discovery,Attack
A-09-SCN088-01-06,2026-01-14T09:32:00,Space Infrastructure,S09-MON01,python,5,Lateral Movement,Attack
A-09-SCN088-01-07,2026-01-14T09:36:00,Space Infrastructure,S09-CTRL01,python,15,Command and Control,Attack
A-09-SCN088-01-08,2026-01-14T09:40:00,Space Infrastructure,S09-WS01,curl,100,Command and Control,Attack
A-09-SCN088-01-09,2026-01-14T09:47:00,Space Infrastructure,S09-DB01,curl,54,Command and Control,Attack
A-09-SCN088-02-00,2026-01-14T10:00:00,Space Infrastructure,S09-GW01,service-host,18,Reconnaissance,Attack
A-09-SCN088-02-01,2026-01-14T10:06:00,Space Infrastructure,S09-APP01,service-host,57,Initial Access,Attack
A-09-SCN088-02-02,2026-01-14T10:11:00,Space Infrastructure,S09-BKP01,powershell,82,Execution,Attack
A-09-SCN088-02-03,2026-01-14T10:16:00,Space Infrastructure,S09-VPN01,wmic,71,Persistence,Attack
A-09-SCN088-02-04,2026-01-14T10:22:00,Space Infrastructure,S09-MON01,unknown,28,Privilege Escalation,Attack
A-09-SCN088-02-05,2026-01-14T10:28:00,Space Infrastructure,S09-AUTH01,python,42,Discovery,Attack
A-09-SCN088-02-06,2026-01-14T10:32:00,Space Infrastructure,S09-GW01,ssh,25,Lateral Movement,Attack
A-09-SCN088-02-07,2026-01-14T10:36:00,Space Infrastructure,S09-APP01,ssh,43,Command and Control,Attack
A-09-SCN088-02-08,2026-01-14T10:42:00,Space Infrastructure,S09-BKP01,ssh,73,Command and Control,Attack
A-09-SCN088-02-09,2026-01-14T10:48:00,Space Infrastructure,S09-VPN01,python,95,Command and Control,Attack
A-09-SCN088-03-00,2026-01-14T11:01:00,Space Infrastructure,S09-AUTH01,ssh,37,Reconnaissance,Attack
A-09-SCN088-03-01,2026-01-14T11:05:00,Space Infrastructure,S09-WS01,unknown,11,Initial Access,Attack
A-09-SCN088-03-02,2026-01-14T11:10:00,Space Infrastructure,S09-DB01,python,20,Execution,Attack
A-09-SCN088-03-03,2026-01-14T11:18:00,Space Infrastructure,S09-MGMT01,unknown,13,Persistence,Attack
A-09-SCN088-03-04,2026-01-14T11:23:00,Space Infrastructure,S09-GW01,curl,69,Privilege Escalation,Attack
A-09-SCN088-03-05,2026-01-14T11:28:00,Space Infrastructure,S09-CTRL01,wmic,64,Discovery,Attack
A-09-SCN088-03-06,2026-01-14T11:31:00,Space Infrastructure,S09-AUTH01,python,9,Lateral Movement,Attack
A-09-SCN088-03-07,2026-01-14T11:36:00,Space Infrastructure,S09-WS01,wmic,38,Command and Control,Attack
A-09-SCN088-03-08,2026-01-14T11:40:00,Space Infrastructure,S09-DB01,cmd,43,Command and Control,Attack
A-09-SCN088-03-09,2026-01-14T11:45:00,Space Infrastructure,S09-MGMT01,powershell,18,Command and Control,Attack
A-09-SCN088-04-00,2026-01-14T12:02:00,Space Infrastructure,S09-DB01,curl,41,Reconnaissance,Attack
A-09-SCN088-04-01,2026-01-14T12:06:00,Space Infrastructure,S09-GW01,powershell,32,Initial Access,Attack
A-09-SCN088-04-02,2026-01-14T12:11:00,Space Infrastructure,S09-APP01,cmd,77,Execution,Attack
A-09-SCN088-04-03,2026-01-14T12:16:00,Space Infrastructure,S09-MGMT01,powershell,67,Persistence,Attack
A-09-SCN088-04-04,2026-01-14T12:23:00,Space Infrastructure,S09-MON01,wmic,35,Privilege Escalation,Attack
A-09-SCN088-04-05,2026-01-14T12:27:00,Space Infrastructure,S09-BKP01,powershell,22,Discovery,Attack
A-09-SCN088-04-06,2026-01-14T12:31:00,Space Infrastructure,S09-DB01,ssh,57,Lateral Movement,Attack
A-09-SCN088-04-07,2026-01-14T12:35:00,Space Infrastructure,S09-GW01,python,86,Command and Control,Attack
A-09-SCN088-04-08,2026-01-14T12:40:00,Space Infrastructure,S09-APP01,python,24,Command and Control,Attack
A-09-SCN088-04-09,2026-01-14T12:45:00,Space Infrastructure,S09-MGMT01,cmd,37,Command and Control,Attack
A-09-SCN089-01-00,2026-01-14T09:00:00,Space Infrastructure,S09-APP01,wmic,20,Reconnaissance,Attack
A-09-SCN089-01-01,2026-01-14T09:06:00,Space Infrastructure,S09-AUTH01,service-host,83,Initial Access,Attack
A-09-SCN089-01-02,2026-01-14T09:10:00,Space Infrastructure,S09-DB01,python,59,Execution,Attack
A-09-SCN089-01-03,2026-01-14T09:17:00,Space Infrastructure,S09-GW01,wmic,62,Persistence,Attack
A-09-SCN089-01-04,2026-01-14T09:22:00,Space Infrastructure,S09-CTRL01,powershell,18,Privilege Escalation,Attack
A-09-SCN089-01-05,2026-01-14T09:27:00,Space Infrastructure,S09-VPN01,python,97,Discovery,Attack
A-09-SCN089-01-06,2026-01-14T09:30:00,Space Infrastructure,S09-APP01,cmd,82,Lateral Movement,Attack
A-09-SCN089-01-07,2026-01-14T09:37:00,Space Infrastructure,S09-AUTH01,wmic,76,Command and Control,Attack
A-09-SCN089-01-08,2026-01-14T09:43:00,Space Infrastructure,S09-DB01,curl,22,Command and Control,Attack
A-09-SCN089-01-09,2026-01-14T09:46:00,Space Infrastructure,S09-GW01,wmic,13,Command and Control,Attack
A-09-SCN089-02-00,2026-01-14T10:01:00,Space Infrastructure,S09-MGMT01,curl,62,Reconnaissance,Attack
A-09-SCN089-02-01,2026-01-14T10:07:00,Space Infrastructure,S09-AUTH01,unknown,57,Initial Access,Attack
A-09-SCN089-02-02,2026-01-14T10:13:00,Space Infrastructure,S09-DB01,cmd,64,Execution,Attack
A-09-SCN089-02-03,2026-01-14T10:15:00,Space Infrastructure,S09-MON01,wmic,97,Persistence,Attack
A-09-SCN089-02-04,2026-01-14T10:22:00,Space Infrastructure,S09-VPN01,service-host,5,Privilege Escalation,Attack
A-09-SCN089-02-05,2026-01-14T10:26:00,Space Infrastructure,S09-APP01,powershell,74,Discovery,Attack
A-09-SCN089-02-06,2026-01-14T10:33:00,Space Infrastructure,S09-MGMT01,python,86,Lateral Movement,Attack
A-09-SCN089-02-07,2026-01-14T10:36:00,Space Infrastructure,S09-AUTH01,cmd,76,Command and Control,Attack
A-09-SCN089-02-08,2026-01-14T10:42:00,Space Infrastructure,S09-DB01,service-host,31,Command and Control,Attack
A-09-SCN089-02-09,2026-01-14T10:46:00,Space Infrastructure,S09-MON01,python,34,Command and Control,Attack
A-09-SCN089-03-00,2026-01-14T11:03:00,Space Infrastructure,S09-WS01,wmic,17,Reconnaissance,Attack
A-09-SCN089-03-01,2026-01-14T11:06:00,Space Infrastructure,S09-APP01,cmd,49,Initial Access,Attack
A-09-SCN089-03-02,2026-01-14T11:10:00,Space Infrastructure,S09-MON01,python,80,Execution,Attack
A-09-SCN089-03-03,2026-01-14T11:18:00,Space Infrastructure,S09-GW01,curl,40,Persistence,Attack
A-09-SCN089-03-04,2026-01-14T11:23:00,Space Infrastructure,S09-DB01,curl,33,Privilege Escalation,Attack
A-09-SCN089-03-05,2026-01-14T11:25:00,Space Infrastructure,S09-AUTH01,wmic,69,Discovery,Attack
A-09-SCN089-03-06,2026-01-14T11:30:00,Space Infrastructure,S09-WS01,service-host,4,Lateral Movement,Attack
A-09-SCN089-03-07,2026-01-14T11:35:00,Space Infrastructure,S09-APP01,cmd,25,Command and Control,Attack
A-09-SCN089-03-08,2026-01-14T11:42:00,Space Infrastructure,S09-MON01,service-host,28,Command and Control,Attack
A-09-SCN089-03-09,2026-01-14T11:47:00,Space Infrastructure,S09-GW01,powershell,45,Command and Control,Attack
A-09-SCN089-04-00,2026-01-14T12:01:00,Space Infrastructure,S09-DB01,service-host,79,Reconnaissance,Attack
A-09-SCN089-04-01,2026-01-14T12:05:00,Space Infrastructure,S09-MON01,unknown,59,Initial Access,Attack
A-09-SCN089-04-02,2026-01-14T12:12:00,Space Infrastructure,S09-BKP01,python,42,Execution,Attack
A-09-SCN089-04-03,2026-01-14T12:16:00,Space Infrastructure,S09-GW01,python,62,Persistence,Attack
A-09-SCN089-04-04,2026-01-14T12:20:00,Space Infrastructure,S09-CTRL01,powershell,52,Privilege Escalation,Attack
A-09-SCN089-04-05,2026-01-14T12:26:00,Space Infrastructure,S09-VPN01,python,88,Discovery,Attack
A-09-SCN089-04-06,2026-01-14T12:32:00,Space Infrastructure,S09-DB01,cmd,78,Lateral Movement,Attack
A-09-SCN089-04-07,2026-01-14T12:37:00,Space Infrastructure,S09-MON01,python,57,Command and Control,Attack
A-09-SCN089-04-08,2026-01-14T12:42:00,Space Infrastructure,S09-BKP01,service-host,23,Command and Control,Attack
A-09-SCN089-04-09,2026-01-14T12:47:00,Space Infrastructure,S09-GW01,unknown,35,Command and Control,Attack
A-09-SCN090-01-00,2026-01-14T09:02:00,Space Infrastructure,S09-WS01,powershell,34,Reconnaissance,Attack
A-09-SCN090-01-01,2026-01-14T09:08:00,Space Infrastructure,S09-APP01,cmd,12,Initial Access,Attack
A-09-SCN090-01-02,2026-01-14T09:12:00,Space Infrastructure,S09-BKP01,wmic,32,Execution,Attack
A-09-SCN090-01-03,2026-01-14T09:17:00,Space Infrastructure,S09-DB01,powershell,90,Persistence,Attack
A-09-SCN090-01-04,2026-01-14T09:21:00,Space Infrastructure,S09-GW01,service-host,37,Privilege Escalation,Attack
A-09-SCN090-01-05,2026-01-14T09:28:00,Space Infrastructure,S09-CTRL01,curl,50,Discovery,Attack
A-09-SCN090-01-06,2026-01-14T09:31:00,Space Infrastructure,S09-WS01,ssh,94,Lateral Movement,Attack
A-09-SCN090-01-07,2026-01-14T09:36:00,Space Infrastructure,S09-APP01,cmd,37,Command and Control,Attack
A-09-SCN090-01-08,2026-01-14T09:43:00,Space Infrastructure,S09-BKP01,python,49,Command and Control,Attack
A-09-SCN090-01-09,2026-01-14T09:47:00,Space Infrastructure,S09-DB01,unknown,97,Command and Control,Attack
A-09-SCN090-02-00,2026-01-14T10:01:00,Space Infrastructure,S09-MON01,curl,99,Reconnaissance,Attack
A-09-SCN090-02-01,2026-01-14T10:05:00,Space Infrastructure,S09-BKP01,ssh,24,Initial Access,Attack
A-09-SCN090-02-02,2026-01-14T10:11:00,Space Infrastructure,S09-WS01,cmd,48,Execution,Attack
A-09-SCN090-02-03,2026-01-14T10:15:00,Space Infrastructure,S09-AUTH01,curl,91,Persistence,Attack
A-09-SCN090-02-04,2026-01-14T10:20:00,Space Infrastructure,S09-CTRL01,curl,91,Privilege Escalation,Attack
A-09-SCN090-02-05,2026-01-14T10:28:00,Space Infrastructure,S09-DB01,python,88,Discovery,Attack
A-09-SCN090-02-06,2026-01-14T10:32:00,Space Infrastructure,S09-MON01,python,22,Lateral Movement,Attack
A-09-SCN090-02-07,2026-01-14T10:37:00,Space Infrastructure,S09-BKP01,wmic,54,Command and Control,Attack
A-09-SCN090-02-08,2026-01-14T10:42:00,Space Infrastructure,S09-WS01,powershell,9,Command and Control,Attack
A-09-SCN090-02-09,2026-01-14T10:47:00,Space Infrastructure,S09-AUTH01,ssh,94,Command and Control,Attack
A-09-SCN090-03-00,2026-01-14T11:00:00,Space Infrastructure,S09-WS01,ssh,33,Reconnaissance,Attack
A-09-SCN090-03-01,2026-01-14T11:07:00,Space Infrastructure,S09-AUTH01,service-host,67,Initial Access,Attack
A-09-SCN090-03-02,2026-01-14T11:13:00,Space Infrastructure,S09-APP01,ssh,76,Execution,Attack
A-09-SCN090-03-03,2026-01-14T11:17:00,Space Infrastructure,S09-GW01,cmd,68,Persistence,Attack
A-09-SCN090-03-04,2026-01-14T11:21:00,Space Infrastructure,S09-MON01,ssh,64,Privilege Escalation,Attack
A-09-SCN090-03-05,2026-01-14T11:27:00,Space Infrastructure,S09-CTRL01,wmic,15,Discovery,Attack
A-09-SCN090-03-06,2026-01-14T11:30:00,Space Infrastructure,S09-WS01,ssh,75,Lateral Movement,Attack
A-09-SCN090-03-07,2026-01-14T11:37:00,Space Infrastructure,S09-AUTH01,powershell,56,Command and Control,Attack
A-09-SCN090-03-08,2026-01-14T11:40:00,Space Infrastructure,S09-APP01,powershell,67,Command and Control,Attack
A-09-SCN090-03-09,2026-01-14T11:45:00,Space Infrastructure,S09-GW01,ssh,99,Command and Control,Attack
A-09-SCN090-04-00,2026-01-14T12:03:00,Space Infrastructure,S09-CTRL01,curl,21,Reconnaissance,Attack
A-09-SCN090-04-01,2026-01-14T12:06:00,Space Infrastructure,S09-APP01,python,3,Initial Access,Attack
A-09-SCN090-04-02,2026-01-14T12:11:00,Space Infrastructure,S09-VPN01,ssh,50,Execution,Attack
A-09-SCN090-04-03,2026-01-14T12:18:00,Space Infrastructure,S09-MGMT01,curl,88,Persistence,Attack
A-09-SCN090-04-04,2026-01-14T12:23:00,Space Infrastructure,S09-GW01,unknown,83,Privilege Escalation,Attack
A-09-SCN090-04-05,2026-01-14T12:28:00,Space Infrastructure,S09-MON01,python,53,Discovery,Attack
A-09-SCN090-04-06,2026-01-14T12:32:00,Space Infrastructure,S09-CTRL01,ssh,70,Lateral Movement,Attack
A-09-SCN090-04-07,2026-01-14T12:38:00,Space Infrastructure,S09-APP01,ssh,50,Command and Control,Attack
A-09-SCN090-04-08,2026-01-14T12:43:00,Space Infrastructure,S09-VPN01,unknown,65,Command and Control,Attack
A-09-SCN090-04-09,2026-01-14T12:48:00,Space Infrastructure,S09-MGMT01,wmic,72,Command and Control,Attack
N-10-00000,2026-01-02T13:38:49,State Government Networks,S10-VPN01,nginx,4,Normal,Normal
N-10-00001,2026-01-01T22:52:29,State Government Networks,S10-GW01,python,17,Normal,Normal
N-10-00002,2026-01-11T16:37:35,State Government Networks,S10-WS01,svchost,8,Normal,Normal
N-10-00003,2026-01-18T06:45:45,State Government Networks,S10-CTRL01,java,9,Normal,Normal
N-10-00004,2026-01-12T10:11:07,State Government Networks,S10-APP01,python,4,Normal,Normal
N-10-00005,2026-01-16T15:25:50,State Government Networks,S10-CTRL01,nginx,0,Normal,Normal
N-10-00006,2026-01-13T12:40:53,State Government Networks,S10-MGMT01,java,20,Normal,Normal
N-10-00007,2026-01-18T08:15:05,State Government Networks,S10-GW01,powershell,8,Normal,Normal
N-10-00008,2026-01-02T23:04:49,State Government Networks,S10-DB01,nginx,0,Normal,Normal
N-10-00009,2026-01-02T23:39:23,State Government Networks,S10-AUTH01,nginx,9,Normal,Normal
N-10-00010,2026-01-11T05:03:04,State Government Networks,S10-MON01,java,6,Normal,Normal
N-10-00011,2026-01-05T09:06:53,State Government Networks,S10-GW01,powershell,14,Normal,Normal
N-10-00012,2026-01-13T13:08:22,State Government Networks,S10-DB01,python,13,Normal,Normal
N-10-00013,2026-01-14T17:12:30,State Government Networks,S10-GW01,java,2,Normal,Normal
N-10-00014,2026-01-16T19:36:33,State Government Networks,S10-AUTH01,java,14,Normal,Normal
N-10-00015,2026-01-06T01:25:17,State Government Networks,S10-DB01,java,2,Normal,Normal
N-10-00016,2026-01-13T13:51:51,State Government Networks,S10-GW01,powershell,4,Normal,Normal
N-10-00017,2026-01-03T14:07:54,State Government Networks,S10-DB01,java,16,Normal,Normal
N-10-00018,2026-01-10T18:28:25,State Government Networks,S10-DB01,nginx,16,Normal,Normal
N-10-00019,2026-01-06T12:39:27,State Government Networks,S10-AUTH01,java,12,Normal,Normal
N-10-00020,2026-01-12T18:16:02,State Government Networks,S10-MON01,nginx,3,Normal,Normal
N-10-00021,2026-01-13T10:02:21,State Government Networks,S10-BKP01,powershell,3,Normal,Normal
N-10-00022,2026-01-08T15:33:31,State Government Networks,S10-APP01,java,1,Normal,Normal
N-10-00023,2026-01-07T18:14:30,State Government Networks,S10-MON01,nginx,13,Normal,Normal
N-10-00024,2026-01-01T14:36:19,State Government Networks,S10-BKP01,python,5,Normal,Normal
N-10-00025,2026-01-12T04:45:36,State Government Networks,S10-BKP01,svchost,2,Normal,Normal
N-10-00026,2026-01-18T21:59:05,State Government Networks,S10-MON01,nginx,16,Normal,Normal
N-10-00027,2026-01-08T21:00:33,State Government Networks,S10-GW01,python,16,Normal,Normal
N-10-00028,2026-01-12T01:58:12,State Government Networks,S10-WS01,nginx,10,Normal,Normal
N-10-00029,2026-01-17T01:31:30,State Government Networks,S10-AUTH01,java,12,Normal,Normal
N-10-00030,2026-01-13T13:06:38,State Government Networks,S10-MON01,svchost,3,Normal,Normal
N-10-00031,2026-01-11T00:42:44,State Government Networks,S10-AUTH01,python,8,Normal,Normal
N-10-00032,2026-01-20T23:48:29,State Government Networks,S10-APP01,svchost,18,Normal,Normal
N-10-00033,2026-01-03T02:20:35,State Government Networks,S10-MGMT01,svchost,1,Normal,Normal
N-10-00034,2026-01-11T05:30:15,State Government Networks,S10-MON01,svchost,5,Normal,Normal
N-10-00035,2026-01-03T03:39:43,State Government Networks,S10-MON01,nginx,19,Normal,Normal
N-10-00036,2026-01-03T17:36:46,State Government Networks,S10-AUTH01,svchost,19,Normal,Normal
N-10-00037,2026-01-03T17:32:50,State Government Networks,S10-GW01,python,16,Normal,Normal
N-10-00038,2026-01-08T12:06:44,State Government Networks,S10-APP01,python,1,Normal,Normal
N-10-00039,2026-01-14T23:35:41,State Government Networks,S10-WS01,powershell,17,Normal,Normal
N-10-00040,2026-01-17T14:44:40,State Government Networks,S10-AUTH01,java,20,Normal,Normal
N-10-00041,2026-01-04T23:23:02,State Government Networks,S10-BKP01,python,1,Normal,Normal
N-10-00042,2026-01-13T21:55:54,State Government Networks,S10-WS01,powershell,16,Normal,Normal
N-10-00043,2026-01-12T03:48:12,State Government Networks,S10-MGMT01,nginx,2,Normal,Normal
N-10-00044,2026-01-11T10:03:54,State Government Networks,S10-MON01,svchost,10,Normal,Normal
N-10-00045,2026-01-03T15:14:53,State Government Networks,S10-AUTH01,powershell,1,Normal,Normal
N-10-00046,2026-01-16T19:36:07,State Government Networks,S10-CTRL01,java,10,Normal,Normal
N-10-00047,2026-01-18T22:56:04,State Government Networks,S10-APP01,powershell,17,Normal,Normal
N-10-00048,2026-01-13T16:21:31,State Government Networks,S10-AUTH01,nginx,11,Normal,Normal
N-10-00049,2026-01-04T00:45:27,State Government Networks,S10-BKP01,python,9,Normal,Normal
N-10-00050,2026-01-12T00:02:46,State Government Networks,S10-BKP01,svchost,2,Normal,Normal
N-10-00051,2026-01-09T09:28:51,State Government Networks,S10-WS01,java,14,Normal,Normal
N-10-00052,2026-01-05T20:53:40,State Government Networks,S10-GW01,nginx,16,Normal,Normal
N-10-00053,2026-01-11T15:35:59,State Government Networks,S10-AUTH01,svchost,11,Normal,Normal
N-10-00054,2026-01-05T00:00:08,State Government Networks,S10-AUTH01,nginx,13,Normal,Normal
N-10-00055,2026-01-08T21:42:53,State Government Networks,S10-CTRL01,java,4,Normal,Normal
N-10-00056,2026-01-18T06:50:35,State Government Networks,S10-BKP01,powershell,16,Normal,Normal
N-10-00057,2026-01-19T22:14:42,State Government Networks,S10-GW01,python,11,Normal,Normal
N-10-00058,2026-01-15T07:58:04,State Government Networks,S10-APP01,nginx,12,Normal,Normal
N-10-00059,2026-01-06T02:58:57,State Government Networks,S10-GW01,python,5,Normal,Normal
N-10-00060,2026-01-13T02:34:35,State Government Networks,S10-BKP01,svchost,16,Normal,Normal
N-10-00061,2026-01-14T10:50:44,State Government Networks,S10-WS01,svchost,12,Normal,Normal
N-10-00062,2026-01-11T22:36:29,State Government Networks,S10-WS01,powershell,10,Normal,Normal
N-10-00063,2026-01-10T01:35:30,State Government Networks,S10-GW01,nginx,19,Normal,Normal
N-10-00064,2026-01-01T20:55:50,State Government Networks,S10-APP01,svchost,14,Normal,Normal
N-10-00065,2026-01-08T09:42:50,State Government Networks,S10-MON01,svchost,14,Normal,Normal
N-10-00066,2026-01-01T14:01:48,State Government Networks,S10-DB01,nginx,9,Normal,Normal
N-10-00067,2026-01-08T03:26:43,State Government Networks,S10-DB01,python,15,Normal,Normal
N-10-00068,2026-01-13T08:19:18,State Government Networks,S10-BKP01,java,10,Normal,Normal
N-10-00069,2026-01-12T03:41:25,State Government Networks,S10-VPN01,powershell,8,Normal,Normal
N-10-00070,2026-01-04T13:30:39,State Government Networks,S10-CTRL01,java,15,Normal,Normal
N-10-00071,2026-01-02T11:10:33,State Government Networks,S10-APP01,powershell,9,Normal,Normal
N-10-00072,2026-01-07T14:26:24,State Government Networks,S10-APP01,java,19,Normal,Normal
N-10-00073,2026-01-19T05:21:10,State Government Networks,S10-CTRL01,java,11,Normal,Normal
N-10-00074,2026-01-20T12:31:32,State Government Networks,S10-GW01,python,11,Normal,Normal
N-10-00075,2026-01-02T01:09:00,State Government Networks,S10-GW01,nginx,6,Normal,Normal
N-10-00076,2026-01-18T16:37:18,State Government Networks,S10-GW01,powershell,2,Normal,Normal
N-10-00077,2026-01-15T05:34:00,State Government Networks,S10-DB01,python,14,Normal,Normal
N-10-00078,2026-01-03T15:53:41,State Government Networks,S10-CTRL01,powershell,4,Normal,Normal
N-10-00079,2026-01-05T03:42:13,State Government Networks,S10-GW01,python,15,Normal,Normal
N-10-00080,2026-01-11T07:09:28,State Government Networks,S10-CTRL01,java,7,Normal,Normal
N-10-00081,2026-01-20T03:15:58,State Government Networks,S10-GW01,java,4,Normal,Normal
N-10-00082,2026-01-14T14:12:42,State Government Networks,S10-MGMT01,nginx,10,Normal,Normal
N-10-00083,2026-01-20T15:47:24,State Government Networks,S10-CTRL01,nginx,16,Normal,Normal
N-10-00084,2026-01-16T02:19:11,State Government Networks,S10-MGMT01,powershell,3,Normal,Normal
N-10-00085,2026-01-20T07:35:57,State Government Networks,S10-AUTH01,svchost,11,Normal,Normal
N-10-00086,2026-01-17T20:06:46,State Government Networks,S10-CTRL01,nginx,16,Normal,Normal
N-10-00087,2026-01-15T01:23:08,State Government Networks,S10-WS01,powershell,19,Normal,Normal
N-10-00088,2026-01-04T01:28:26,State Government Networks,S10-VPN01,nginx,4,Normal,Normal
N-10-00089,2026-01-11T17:59:21,State Government Networks,S10-BKP01,nginx,11,Normal,Normal
N-10-00090,2026-01-06T04:45:18,State Government Networks,S10-GW01,java,3,Normal,Normal
N-10-00091,2026-01-06T02:24:26,State Government Networks,S10-DB01,python,17,Normal,Normal
N-10-00092,2026-01-14T07:10:18,State Government Networks,S10-MON01,svchost,5,Normal,Normal
N-10-00093,2026-01-19T04:05:15,State Government Networks,S10-CTRL01,powershell,20,Normal,Normal
N-10-00094,2026-01-17T13:20:41,State Government Networks,S10-AUTH01,python,13,Normal,Normal
N-10-00095,2026-01-02T00:10:11,State Government Networks,S10-MON01,powershell,4,Normal,Normal
N-10-00096,2026-01-09T15:22:37,State Government Networks,S10-VPN01,java,9,Normal,Normal
N-10-00097,2026-01-11T05:41:17,State Government Networks,S10-BKP01,powershell,9,Normal,Normal
N-10-00098,2026-01-11T17:07:33,State Government Networks,S10-DB01,python,1,Normal,Normal
N-10-00099,2026-01-02T16:03:38,State Government Networks,S10-DB01,nginx,8,Normal,Normal
N-10-00100,2026-01-14T14:32:35,State Government Networks,S10-CTRL01,python,12,Normal,Normal
N-10-00101,2026-01-04T13:05:44,State Government Networks,S10-DB01,svchost,12,Normal,Normal
N-10-00102,2026-01-04T00:49:51,State Government Networks,S10-MON01,python,1,Normal,Normal
N-10-00103,2026-01-07T22:04:28,State Government Networks,S10-DB01,svchost,1,Normal,Normal
N-10-00104,2026-01-11T05:57:23,State Government Networks,S10-APP01,svchost,18,Normal,Normal
N-10-00105,2026-01-06T08:28:31,State Government Networks,S10-APP01,nginx,2,Normal,Normal
N-10-00106,2026-01-05T02:33:26,State Government Networks,S10-GW01,java,15,Normal,Normal
N-10-00107,2026-01-12T15:40:15,State Government Networks,S10-AUTH01,python,19,Normal,Normal
N-10-00108,2026-01-05T00:35:04,State Government Networks,S10-MGMT01,java,4,Normal,Normal
N-10-00109,2026-01-17T17:43:52,State Government Networks,S10-AUTH01,python,1,Normal,Normal
N-10-00110,2026-01-07T19:55:35,State Government Networks,S10-AUTH01,java,19,Normal,Normal
N-10-00111,2026-01-01T14:22:58,State Government Networks,S10-GW01,powershell,10,Normal,Normal
N-10-00112,2026-01-01T21:32:26,State Government Networks,S10-BKP01,python,14,Normal,Normal
N-10-00113,2026-01-03T07:07:09,State Government Networks,S10-GW01,nginx,20,Normal,Normal
N-10-00114,2026-01-13T17:21:43,State Government Networks,S10-DB01,powershell,16,Normal,Normal
N-10-00115,2026-01-07T22:10:48,State Government Networks,S10-APP01,powershell,10,Normal,Normal
N-10-00116,2026-01-17T20:38:56,State Government Networks,S10-DB01,svchost,12,Normal,Normal
N-10-00117,2026-01-05T21:18:47,State Government Networks,S10-CTRL01,python,19,Normal,Normal
N-10-00118,2026-01-18T00:22:18,State Government Networks,S10-MGMT01,python,7,Normal,Normal
N-10-00119,2026-01-11T23:12:24,State Government Networks,S10-VPN01,python,20,Normal,Normal
N-10-00120,2026-01-08T05:21:42,State Government Networks,S10-MGMT01,python,12,Normal,Normal
N-10-00121,2026-01-04T10:42:18,State Government Networks,S10-CTRL01,nginx,18,Normal,Normal
N-10-00122,2026-01-11T16:43:54,State Government Networks,S10-WS01,svchost,6,Normal,Normal
N-10-00123,2026-01-21T01:15:50,State Government Networks,S10-MON01,nginx,15,Normal,Normal
N-10-00124,2026-01-07T18:34:39,State Government Networks,S10-APP01,python,8,Normal,Normal
N-10-00125,2026-01-01T11:49:54,State Government Networks,S10-APP01,python,4,Normal,Normal
N-10-00126,2026-01-05T16:03:56,State Government Networks,S10-VPN01,powershell,4,Normal,Normal
N-10-00127,2026-01-04T16:24:32,State Government Networks,S10-GW01,nginx,12,Normal,Normal
N-10-00128,2026-01-02T09:56:34,State Government Networks,S10-APP01,java,12,Normal,Normal
N-10-00129,2026-01-13T22:32:32,State Government Networks,S10-CTRL01,nginx,3,Normal,Normal
N-10-00130,2026-01-13T22:41:54,State Government Networks,S10-WS01,svchost,12,Normal,Normal
N-10-00131,2026-01-05T05:47:31,State Government Networks,S10-CTRL01,java,18,Normal,Normal
N-10-00132,2026-01-20T20:15:22,State Government Networks,S10-WS01,java,1,Normal,Normal
N-10-00133,2026-01-18T10:26:00,State Government Networks,S10-MGMT01,python,13,Normal,Normal
N-10-00134,2026-01-03T07:28:49,State Government Networks,S10-VPN01,python,1,Normal,Normal
N-10-00135,2026-01-20T20:49:42,State Government Networks,S10-AUTH01,python,16,Normal,Normal
N-10-00136,2026-01-03T06:54:48,State Government Networks,S10-VPN01,java,10,Normal,Normal
N-10-00137,2026-01-02T05:44:59,State Government Networks,S10-GW01,svchost,19,Normal,Normal
N-10-00138,2026-01-05T09:12:51,State Government Networks,S10-VPN01,nginx,19,Normal,Normal
N-10-00139,2026-01-07T22:05:01,State Government Networks,S10-MGMT01,python,17,Normal,Normal
N-10-00140,2026-01-19T00:17:24,State Government Networks,S10-CTRL01,python,16,Normal,Normal
N-10-00141,2026-01-20T01:12:30,State Government Networks,S10-VPN01,python,9,Normal,Normal
N-10-00142,2026-01-10T21:47:37,State Government Networks,S10-APP01,powershell,8,Normal,Normal
N-10-00143,2026-01-02T20:12:54,State Government Networks,S10-WS01,nginx,12,Normal,Normal
N-10-00144,2026-01-19T15:45:11,State Government Networks,S10-BKP01,python,0,Normal,Normal
N-10-00145,2026-01-14T07:13:07,State Government Networks,S10-BKP01,powershell,14,Normal,Normal
N-10-00146,2026-01-13T14:37:25,State Government Networks,S10-MON01,svchost,2,Normal,Normal
N-10-00147,2026-01-11T21:20:09,State Government Networks,S10-MON01,nginx,14,Normal,Normal
N-10-00148,2026-01-04T04:19:50,State Government Networks,S10-DB01,java,0,Normal,Normal
N-10-00149,2026-01-03T05:02:40,State Government Networks,S10-DB01,svchost,9,Normal,Normal
N-10-00150,2026-01-18T22:48:57,State Government Networks,S10-GW01,powershell,0,Normal,Normal
N-10-00151,2026-01-01T13:03:34,State Government Networks,S10-WS01,powershell,9,Normal,Normal
N-10-00152,2026-01-19T21:58:28,State Government Networks,S10-GW01,nginx,14,Normal,Normal
N-10-00153,2026-01-10T00:53:45,State Government Networks,S10-MGMT01,svchost,0,Normal,Normal
N-10-00154,2026-01-20T18:11:17,State Government Networks,S10-CTRL01,powershell,9,Normal,Normal
N-10-00155,2026-01-12T06:59:34,State Government Networks,S10-WS01,python,13,Normal,Normal
N-10-00156,2026-01-03T08:03:04,State Government Networks,S10-GW01,powershell,9,Normal,Normal
N-10-00157,2026-01-07T16:42:23,State Government Networks,S10-CTRL01,nginx,16,Normal,Normal
N-10-00158,2026-01-03T03:56:52,State Government Networks,S10-MON01,python,13,Normal,Normal
N-10-00159,2026-01-09T10:02:11,State Government Networks,S10-DB01,powershell,7,Normal,Normal
N-10-00160,2026-01-09T00:57:21,State Government Networks,S10-APP01,svchost,19,Normal,Normal
N-10-00161,2026-01-04T18:06:41,State Government Networks,S10-VPN01,powershell,0,Normal,Normal
N-10-00162,2026-01-15T05:27:58,State Government Networks,S10-CTRL01,java,10,Normal,Normal
N-10-00163,2026-01-20T11:22:03,State Government Networks,S10-APP01,powershell,15,Normal,Normal
N-10-00164,2026-01-14T21:57:43,State Government Networks,S10-BKP01,python,17,Normal,Normal
N-10-00165,2026-01-10T16:30:58,State Government Networks,S10-CTRL01,powershell,17,Normal,Normal
N-10-00166,2026-01-07T15:01:32,State Government Networks,S10-GW01,svchost,0,Normal,Normal
N-10-00167,2026-01-01T16:15:18,State Government Networks,S10-WS01,nginx,8,Normal,Normal
N-10-00168,2026-01-14T01:59:35,State Government Networks,S10-WS01,svchost,20,Normal,Normal
N-10-00169,2026-01-09T22:07:03,State Government Networks,S10-MON01,python,20,Normal,Normal
N-10-00170,2026-01-13T09:31:02,State Government Networks,S10-CTRL01,python,9,Normal,Normal
N-10-00171,2026-01-19T02:33:54,State Government Networks,S10-VPN01,nginx,6,Normal,Normal
N-10-00172,2026-01-11T14:55:39,State Government Networks,S10-GW01,java,9,Normal,Normal
N-10-00173,2026-01-08T21:23:43,State Government Networks,S10-VPN01,python,20,Normal,Normal
N-10-00174,2026-01-09T22:04:42,State Government Networks,S10-GW01,nginx,1,Normal,Normal
N-10-00175,2026-01-16T03:56:28,State Government Networks,S10-GW01,svchost,7,Normal,Normal
N-10-00176,2026-01-04T20:43:50,State Government Networks,S10-CTRL01,python,10,Normal,Normal
N-10-00177,2026-01-18T13:44:41,State Government Networks,S10-APP01,java,9,Normal,Normal
N-10-00178,2026-01-20T18:19:27,State Government Networks,S10-AUTH01,svchost,19,Normal,Normal
N-10-00179,2026-01-02T23:01:10,State Government Networks,S10-GW01,python,15,Normal,Normal
N-10-00180,2026-01-16T22:27:43,State Government Networks,S10-AUTH01,svchost,8,Normal,Normal
N-10-00181,2026-01-16T13:05:52,State Government Networks,S10-GW01,nginx,9,Normal,Normal
N-10-00182,2026-01-04T21:44:41,State Government Networks,S10-CTRL01,svchost,6,Normal,Normal
N-10-00183,2026-01-20T21:16:05,State Government Networks,S10-CTRL01,svchost,6,Normal,Normal
N-10-00184,2026-01-06T19:51:53,State Government Networks,S10-APP01,powershell,7,Normal,Normal
N-10-00185,2026-01-10T12:54:00,State Government Networks,S10-DB01,svchost,2,Normal,Normal
N-10-00186,2026-01-19T01:47:37,State Government Networks,S10-DB01,powershell,15,Normal,Normal
N-10-00187,2026-01-14T12:49:40,State Government Networks,S10-GW01,python,6,Normal,Normal
N-10-00188,2026-01-20T05:29:31,State Government Networks,S10-VPN01,nginx,17,Normal,Normal
N-10-00189,2026-01-16T17:55:10,State Government Networks,S10-BKP01,nginx,9,Normal,Normal
N-10-00190,2026-01-02T04:04:04,State Government Networks,S10-BKP01,python,15,Normal,Normal
N-10-00191,2026-01-18T05:16:32,State Government Networks,S10-GW01,powershell,5,Normal,Normal
N-10-00192,2026-01-11T22:10:45,State Government Networks,S10-GW01,powershell,6,Normal,Normal
N-10-00193,2026-01-10T20:46:20,State Government Networks,S10-GW01,python,19,Normal,Normal
N-10-00194,2026-01-08T10:36:53,State Government Networks,S10-CTRL01,svchost,18,Normal,Normal
N-10-00195,2026-01-05T13:50:09,State Government Networks,S10-BKP01,nginx,11,Normal,Normal
N-10-00196,2026-01-17T02:15:54,State Government Networks,S10-AUTH01,nginx,16,Normal,Normal
N-10-00197,2026-01-16T18:46:58,State Government Networks,S10-CTRL01,powershell,15,Normal,Normal
N-10-00198,2026-01-16T04:02:44,State Government Networks,S10-VPN01,python,17,Normal,Normal
N-10-00199,2026-01-02T09:06:56,State Government Networks,S10-MON01,nginx,1,Normal,Normal
N-10-00200,2026-01-20T04:11:33,State Government Networks,S10-VPN01,nginx,7,Normal,Normal
N-10-00201,2026-01-04T00:40:49,State Government Networks,S10-VPN01,powershell,14,Normal,Normal
N-10-00202,2026-01-20T05:32:01,State Government Networks,S10-AUTH01,svchost,10,Normal,Normal
N-10-00203,2026-01-17T19:28:54,State Government Networks,S10-WS01,java,5,Normal,Normal
N-10-00204,2026-01-18T07:23:43,State Government Networks,S10-AUTH01,java,20,Normal,Normal
N-10-00205,2026-01-17T16:49:13,State Government Networks,S10-AUTH01,powershell,18,Normal,Normal
N-10-00206,2026-01-17T04:08:01,State Government Networks,S10-VPN01,powershell,18,Normal,Normal
N-10-00207,2026-01-08T02:26:47,State Government Networks,S10-VPN01,powershell,6,Normal,Normal
N-10-00208,2026-01-08T05:09:55,State Government Networks,S10-CTRL01,svchost,1,Normal,Normal
N-10-00209,2026-01-05T14:02:49,State Government Networks,S10-WS01,nginx,2,Normal,Normal
N-10-00210,2026-01-16T06:26:29,State Government Networks,S10-DB01,java,4,Normal,Normal
N-10-00211,2026-01-12T21:08:27,State Government Networks,S10-APP01,java,8,Normal,Normal
N-10-00212,2026-01-18T11:11:21,State Government Networks,S10-WS01,powershell,0,Normal,Normal
N-10-00213,2026-01-20T11:51:58,State Government Networks,S10-BKP01,powershell,0,Normal,Normal
N-10-00214,2026-01-16T22:03:33,State Government Networks,S10-AUTH01,nginx,11,Normal,Normal
N-10-00215,2026-01-05T05:28:26,State Government Networks,S10-VPN01,svchost,16,Normal,Normal
N-10-00216,2026-01-05T18:57:34,State Government Networks,S10-CTRL01,svchost,7,Normal,Normal
N-10-00217,2026-01-09T19:57:57,State Government Networks,S10-VPN01,python,19,Normal,Normal
N-10-00218,2026-01-04T18:30:47,State Government Networks,S10-AUTH01,powershell,6,Normal,Normal
N-10-00219,2026-01-12T18:34:19,State Government Networks,S10-DB01,java,12,Normal,Normal
N-10-00220,2026-01-11T07:13:32,State Government Networks,S10-MGMT01,java,17,Normal,Normal
N-10-00221,2026-01-06T06:50:14,State Government Networks,S10-AUTH01,nginx,18,Normal,Normal
N-10-00222,2026-01-14T20:53:03,State Government Networks,S10-APP01,powershell,9,Normal,Normal
N-10-00223,2026-01-10T06:48:21,State Government Networks,S10-GW01,python,20,Normal,Normal
N-10-00224,2026-01-05T23:17:08,State Government Networks,S10-VPN01,nginx,10,Normal,Normal
N-10-00225,2026-01-05T14:25:27,State Government Networks,S10-AUTH01,svchost,12,Normal,Normal
N-10-00226,2026-01-08T08:05:55,State Government Networks,S10-APP01,java,0,Normal,Normal
N-10-00227,2026-01-17T00:46:23,State Government Networks,S10-BKP01,powershell,8,Normal,Normal
N-10-00228,2026-01-19T01:08:43,State Government Networks,S10-DB01,svchost,12,Normal,Normal
N-10-00229,2026-01-12T17:59:59,State Government Networks,S10-CTRL01,nginx,8,Normal,Normal
N-10-00230,2026-01-13T16:22:25,State Government Networks,S10-MON01,java,15,Normal,Normal
N-10-00231,2026-01-10T14:08:45,State Government Networks,S10-APP01,powershell,20,Normal,Normal
N-10-00232,2026-01-08T16:13:58,State Government Networks,S10-VPN01,python,8,Normal,Normal
N-10-00233,2026-01-06T04:05:09,State Government Networks,S10-WS01,python,0,Normal,Normal
N-10-00234,2026-01-06T17:54:17,State Government Networks,S10-WS01,nginx,19,Normal,Normal
N-10-00235,2026-01-11T10:39:16,State Government Networks,S10-VPN01,svchost,12,Normal,Normal
N-10-00236,2026-01-08T15:24:06,State Government Networks,S10-DB01,python,9,Normal,Normal
N-10-00237,2026-01-06T17:06:16,State Government Networks,S10-DB01,powershell,11,Normal,Normal
N-10-00238,2026-01-07T11:48:43,State Government Networks,S10-VPN01,nginx,9,Normal,Normal
N-10-00239,2026-01-20T18:58:34,State Government Networks,S10-WS01,powershell,14,Normal,Normal
N-10-00240,2026-01-08T21:01:24,State Government Networks,S10-APP01,powershell,7,Normal,Normal
N-10-00241,2026-01-20T19:19:09,State Government Networks,S10-VPN01,java,15,Normal,Normal
N-10-00242,2026-01-07T15:10:07,State Government Networks,S10-VPN01,powershell,0,Normal,Normal
N-10-00243,2026-01-13T06:25:48,State Government Networks,S10-WS01,svchost,12,Normal,Normal
N-10-00244,2026-01-08T11:56:03,State Government Networks,S10-VPN01,python,9,Normal,Normal
N-10-00245,2026-01-18T06:12:05,State Government Networks,S10-BKP01,python,8,Normal,Normal
N-10-00246,2026-01-10T11:52:20,State Government Networks,S10-WS01,powershell,15,Normal,Normal
N-10-00247,2026-01-20T05:28:25,State Government Networks,S10-MGMT01,java,15,Normal,Normal
N-10-00248,2026-01-05T15:28:07,State Government Networks,S10-GW01,nginx,18,Normal,Normal
N-10-00249,2026-01-11T07:52:24,State Government Networks,S10-APP01,nginx,18,Normal,Normal
N-10-00250,2026-01-09T19:42:57,State Government Networks,S10-AUTH01,powershell,5,Normal,Normal
N-10-00251,2026-01-03T07:05:07,State Government Networks,S10-CTRL01,java,11,Normal,Normal
N-10-00252,2026-01-19T11:51:03,State Government Networks,S10-VPN01,powershell,1,Normal,Normal
N-10-00253,2026-01-16T22:27:17,State Government Networks,S10-WS01,python,0,Normal,Normal
N-10-00254,2026-01-02T04:54:50,State Government Networks,S10-CTRL01,java,12,Normal,Normal
N-10-00255,2026-01-03T13:06:58,State Government Networks,S10-GW01,nginx,19,Normal,Normal
N-10-00256,2026-01-13T12:08:26,State Government Networks,S10-GW01,svchost,15,Normal,Normal
N-10-00257,2026-01-07T20:55:00,State Government Networks,S10-MGMT01,svchost,11,Normal,Normal
N-10-00258,2026-01-07T20:18:54,State Government Networks,S10-MON01,powershell,9,Normal,Normal
N-10-00259,2026-01-02T00:45:25,State Government Networks,S10-CTRL01,svchost,16,Normal,Normal
N-10-00260,2026-01-11T00:41:50,State Government Networks,S10-DB01,powershell,16,Normal,Normal
N-10-00261,2026-01-04T11:02:36,State Government Networks,S10-WS01,python,8,Normal,Normal
N-10-00262,2026-01-08T20:41:38,State Government Networks,S10-AUTH01,python,19,Normal,Normal
N-10-00263,2026-01-08T12:31:38,State Government Networks,S10-MGMT01,nginx,18,Normal,Normal
N-10-00264,2026-01-14T01:40:26,State Government Networks,S10-VPN01,powershell,2,Normal,Normal
N-10-00265,2026-01-04T11:39:20,State Government Networks,S10-WS01,python,8,Normal,Normal
N-10-00266,2026-01-15T14:01:54,State Government Networks,S10-BKP01,java,7,Normal,Normal
N-10-00267,2026-01-08T18:16:33,State Government Networks,S10-DB01,java,7,Normal,Normal
N-10-00268,2026-01-03T08:40:05,State Government Networks,S10-BKP01,nginx,7,Normal,Normal
N-10-00269,2026-01-05T01:58:49,State Government Networks,S10-DB01,svchost,2,Normal,Normal
N-10-00270,2026-01-16T02:14:21,State Government Networks,S10-AUTH01,java,0,Normal,Normal
N-10-00271,2026-01-19T23:14:04,State Government Networks,S10-CTRL01,powershell,20,Normal,Normal
N-10-00272,2026-01-05T01:25:45,State Government Networks,S10-VPN01,nginx,20,Normal,Normal
N-10-00273,2026-01-16T03:28:09,State Government Networks,S10-WS01,svchost,4,Normal,Normal
N-10-00274,2026-01-04T07:12:17,State Government Networks,S10-MON01,java,6,Normal,Normal
N-10-00275,2026-01-15T14:00:47,State Government Networks,S10-CTRL01,python,7,Normal,Normal
N-10-00276,2026-01-12T00:53:02,State Government Networks,S10-CTRL01,svchost,20,Normal,Normal
N-10-00277,2026-01-13T15:31:17,State Government Networks,S10-WS01,python,15,Normal,Normal
N-10-00278,2026-01-13T18:39:21,State Government Networks,S10-GW01,python,7,Normal,Normal
N-10-00279,2026-01-02T20:52:59,State Government Networks,S10-CTRL01,nginx,16,Normal,Normal
N-10-00280,2026-01-03T08:11:35,State Government Networks,S10-AUTH01,java,18,Normal,Normal
N-10-00281,2026-01-07T13:35:33,State Government Networks,S10-BKP01,nginx,5,Normal,Normal
N-10-00282,2026-01-15T09:07:51,State Government Networks,S10-MON01,java,1,Normal,Normal
N-10-00283,2026-01-20T11:16:11,State Government Networks,S10-APP01,powershell,8,Normal,Normal
N-10-00284,2026-01-03T04:00:43,State Government Networks,S10-APP01,java,12,Normal,Normal
N-10-00285,2026-01-17T07:38:46,State Government Networks,S10-MON01,nginx,2,Normal,Normal
N-10-00286,2026-01-06T06:53:37,State Government Networks,S10-DB01,java,12,Normal,Normal
N-10-00287,2026-01-10T13:40:05,State Government Networks,S10-WS01,java,11,Normal,Normal
N-10-00288,2026-01-12T22:32:00,State Government Networks,S10-BKP01,svchost,9,Normal,Normal
N-10-00289,2026-01-04T15:03:10,State Government Networks,S10-GW01,powershell,2,Normal,Normal
N-10-00290,2026-01-12T05:52:54,State Government Networks,S10-BKP01,java,17,Normal,Normal
N-10-00291,2026-01-06T03:34:08,State Government Networks,S10-CTRL01,powershell,18,Normal,Normal
N-10-00292,2026-01-14T21:05:28,State Government Networks,S10-CTRL01,nginx,5,Normal,Normal
N-10-00293,2026-01-12T13:54:27,State Government Networks,S10-CTRL01,svchost,8,Normal,Normal
N-10-00294,2026-01-06T12:23:18,State Government Networks,S10-BKP01,svchost,20,Normal,Normal
N-10-00295,2026-01-07T18:53:57,State Government Networks,S10-WS01,python,10,Normal,Normal
N-10-00296,2026-01-14T10:48:10,State Government Networks,S10-GW01,java,20,Normal,Normal
N-10-00297,2026-01-01T18:17:48,State Government Networks,S10-VPN01,python,4,Normal,Normal
N-10-00298,2026-01-07T05:20:36,State Government Networks,S10-APP01,svchost,13,Normal,Normal
N-10-00299,2026-01-05T08:55:25,State Government Networks,S10-BKP01,svchost,16,Normal,Normal
N-10-00300,2026-01-08T10:13:22,State Government Networks,S10-GW01,svchost,4,Normal,Normal
N-10-00301,2026-01-03T08:35:22,State Government Networks,S10-MGMT01,powershell,5,Normal,Normal
N-10-00302,2026-01-08T11:19:25,State Government Networks,S10-WS01,nginx,3,Normal,Normal
N-10-00303,2026-01-19T05:03:39,State Government Networks,S10-MON01,powershell,12,Normal,Normal
N-10-00304,2026-01-18T16:34:46,State Government Networks,S10-MGMT01,svchost,19,Normal,Normal
N-10-00305,2026-01-03T02:02:35,State Government Networks,S10-AUTH01,python,20,Normal,Normal
N-10-00306,2026-01-14T05:06:09,State Government Networks,S10-WS01,powershell,1,Normal,Normal
N-10-00307,2026-01-06T09:35:11,State Government Networks,S10-MGMT01,python,11,Normal,Normal
N-10-00308,2026-01-06T00:38:22,State Government Networks,S10-MON01,python,9,Normal,Normal
N-10-00309,2026-01-11T01:55:49,State Government Networks,S10-CTRL01,nginx,12,Normal,Normal
N-10-00310,2026-01-09T18:31:53,State Government Networks,S10-MGMT01,powershell,1,Normal,Normal
N-10-00311,2026-01-06T06:28:44,State Government Networks,S10-WS01,svchost,9,Normal,Normal
N-10-00312,2026-01-19T15:14:23,State Government Networks,S10-WS01,python,14,Normal,Normal
N-10-00313,2026-01-01T18:14:57,State Government Networks,S10-MGMT01,svchost,0,Normal,Normal
N-10-00314,2026-01-13T17:48:01,State Government Networks,S10-MGMT01,svchost,14,Normal,Normal
N-10-00315,2026-01-20T09:29:35,State Government Networks,S10-DB01,java,5,Normal,Normal
N-10-00316,2026-01-17T01:41:06,State Government Networks,S10-APP01,python,16,Normal,Normal
N-10-00317,2026-01-04T16:54:45,State Government Networks,S10-VPN01,java,5,Normal,Normal
N-10-00318,2026-01-13T05:25:02,State Government Networks,S10-GW01,nginx,13,Normal,Normal
N-10-00319,2026-01-01T12:40:20,State Government Networks,S10-WS01,python,2,Normal,Normal
N-10-00320,2026-01-01T23:20:56,State Government Networks,S10-GW01,nginx,14,Normal,Normal
N-10-00321,2026-01-01T10:26:31,State Government Networks,S10-WS01,python,9,Normal,Normal
N-10-00322,2026-01-08T21:29:39,State Government Networks,S10-AUTH01,nginx,15,Normal,Normal
N-10-00323,2026-01-15T11:14:02,State Government Networks,S10-MON01,nginx,2,Normal,Normal
N-10-00324,2026-01-05T03:49:40,State Government Networks,S10-MON01,svchost,1,Normal,Normal
N-10-00325,2026-01-10T00:34:00,State Government Networks,S10-VPN01,svchost,10,Normal,Normal
N-10-00326,2026-01-11T02:44:20,State Government Networks,S10-GW01,python,7,Normal,Normal
N-10-00327,2026-01-17T10:12:57,State Government Networks,S10-GW01,python,17,Normal,Normal
N-10-00328,2026-01-11T05:56:03,State Government Networks,S10-MGMT01,java,0,Normal,Normal
N-10-00329,2026-01-15T00:08:39,State Government Networks,S10-MON01,python,12,Normal,Normal
N-10-00330,2026-01-08T08:20:01,State Government Networks,S10-DB01,svchost,7,Normal,Normal
N-10-00331,2026-01-07T13:11:56,State Government Networks,S10-VPN01,java,13,Normal,Normal
N-10-00332,2026-01-08T00:00:39,State Government Networks,S10-MGMT01,svchost,12,Normal,Normal
N-10-00333,2026-01-12T10:21:06,State Government Networks,S10-DB01,python,19,Normal,Normal
N-10-00334,2026-01-02T19:12:51,State Government Networks,S10-MON01,nginx,14,Normal,Normal
N-10-00335,2026-01-08T20:15:55,State Government Networks,S10-WS01,java,0,Normal,Normal
N-10-00336,2026-01-14T10:01:03,State Government Networks,S10-VPN01,python,2,Normal,Normal
N-10-00337,2026-01-09T09:26:24,State Government Networks,S10-AUTH01,nginx,14,Normal,Normal
N-10-00338,2026-01-16T20:05:47,State Government Networks,S10-MGMT01,nginx,11,Normal,Normal
N-10-00339,2026-01-17T02:36:22,State Government Networks,S10-MGMT01,svchost,18,Normal,Normal
N-10-00340,2026-01-04T13:03:57,State Government Networks,S10-VPN01,java,20,Normal,Normal
N-10-00341,2026-01-16T02:41:28,State Government Networks,S10-BKP01,python,19,Normal,Normal
N-10-00342,2026-01-08T20:45:31,State Government Networks,S10-MON01,nginx,16,Normal,Normal
N-10-00343,2026-01-06T16:55:59,State Government Networks,S10-BKP01,svchost,10,Normal,Normal
N-10-00344,2026-01-08T10:57:37,State Government Networks,S10-WS01,python,2,Normal,Normal
N-10-00345,2026-01-14T12:50:55,State Government Networks,S10-MGMT01,python,9,Normal,Normal
N-10-00346,2026-01-15T01:25:59,State Government Networks,S10-GW01,nginx,13,Normal,Normal
N-10-00347,2026-01-16T11:02:33,State Government Networks,S10-AUTH01,svchost,10,Normal,Normal
N-10-00348,2026-01-01T10:28:21,State Government Networks,S10-MGMT01,python,18,Normal,Normal
N-10-00349,2026-01-04T01:00:30,State Government Networks,S10-CTRL01,nginx,11,Normal,Normal
N-10-00350,2026-01-15T18:05:53,State Government Networks,S10-GW01,powershell,9,Normal,Normal
N-10-00351,2026-01-15T21:35:26,State Government Networks,S10-APP01,svchost,15,Normal,Normal
N-10-00352,2026-01-02T02:00:18,State Government Networks,S10-GW01,python,11,Normal,Normal
N-10-00353,2026-01-19T02:52:12,State Government Networks,S10-MON01,powershell,6,Normal,Normal
N-10-00354,2026-01-03T10:17:47,State Government Networks,S10-WS01,svchost,3,Normal,Normal
N-10-00355,2026-01-17T23:11:29,State Government Networks,S10-CTRL01,powershell,12,Normal,Normal
N-10-00356,2026-01-09T03:36:13,State Government Networks,S10-MON01,powershell,20,Normal,Normal
N-10-00357,2026-01-08T23:02:27,State Government Networks,S10-CTRL01,svchost,0,Normal,Normal
N-10-00358,2026-01-13T11:42:31,State Government Networks,S10-VPN01,java,10,Normal,Normal
N-10-00359,2026-01-11T20:22:09,State Government Networks,S10-CTRL01,svchost,10,Normal,Normal
N-10-00360,2026-01-20T09:32:49,State Government Networks,S10-MON01,svchost,13,Normal,Normal
N-10-00361,2026-01-12T05:04:55,State Government Networks,S10-APP01,nginx,0,Normal,Normal
N-10-00362,2026-01-17T10:19:09,State Government Networks,S10-APP01,python,10,Normal,Normal
N-10-00363,2026-01-09T06:28:11,State Government Networks,S10-AUTH01,powershell,1,Normal,Normal
N-10-00364,2026-01-06T13:49:08,State Government Networks,S10-APP01,python,8,Normal,Normal
N-10-00365,2026-01-16T11:23:41,State Government Networks,S10-WS01,python,17,Normal,Normal
N-10-00366,2026-01-17T05:54:37,State Government Networks,S10-MGMT01,python,11,Normal,Normal
N-10-00367,2026-01-13T04:29:14,State Government Networks,S10-MON01,python,1,Normal,Normal
N-10-00368,2026-01-02T06:30:13,State Government Networks,S10-MGMT01,java,18,Normal,Normal
N-10-00369,2026-01-16T15:39:47,State Government Networks,S10-GW01,svchost,7,Normal,Normal
N-10-00370,2026-01-08T22:56:19,State Government Networks,S10-VPN01,svchost,11,Normal,Normal
N-10-00371,2026-01-06T16:34:44,State Government Networks,S10-GW01,java,18,Normal,Normal
N-10-00372,2026-01-02T13:41:44,State Government Networks,S10-GW01,powershell,6,Normal,Normal
N-10-00373,2026-01-02T15:14:05,State Government Networks,S10-VPN01,svchost,14,Normal,Normal
N-10-00374,2026-01-07T04:03:24,State Government Networks,S10-VPN01,python,3,Normal,Normal
N-10-00375,2026-01-20T14:16:10,State Government Networks,S10-VPN01,java,17,Normal,Normal
N-10-00376,2026-01-13T08:22:14,State Government Networks,S10-MGMT01,powershell,14,Normal,Normal
N-10-00377,2026-01-07T13:28:55,State Government Networks,S10-APP01,svchost,15,Normal,Normal
N-10-00378,2026-01-18T10:45:51,State Government Networks,S10-WS01,java,13,Normal,Normal
N-10-00379,2026-01-13T01:47:56,State Government Networks,S10-MON01,nginx,3,Normal,Normal
N-10-00380,2026-01-06T14:11:33,State Government Networks,S10-DB01,svchost,12,Normal,Normal
N-10-00381,2026-01-12T15:35:59,State Government Networks,S10-DB01,python,1,Normal,Normal
N-10-00382,2026-01-18T12:02:22,State Government Networks,S10-MGMT01,powershell,19,Normal,Normal
N-10-00383,2026-01-08T12:12:33,State Government Networks,S10-VPN01,java,11,Normal,Normal
N-10-00384,2026-01-17T20:10:00,State Government Networks,S10-GW01,nginx,11,Normal,Normal
N-10-00385,2026-01-04T09:32:19,State Government Networks,S10-AUTH01,svchost,6,Normal,Normal
N-10-00386,2026-01-10T15:07:05,State Government Networks,S10-MON01,powershell,4,Normal,Normal
N-10-00387,2026-01-18T18:08:04,State Government Networks,S10-WS01,svchost,20,Normal,Normal
N-10-00388,2026-01-01T14:02:15,State Government Networks,S10-WS01,svchost,1,Normal,Normal
N-10-00389,2026-01-15T11:44:42,State Government Networks,S10-GW01,svchost,15,Normal,Normal
N-10-00390,2026-01-16T21:56:14,State Government Networks,S10-BKP01,nginx,15,Normal,Normal
N-10-00391,2026-01-14T10:56:40,State Government Networks,S10-BKP01,powershell,14,Normal,Normal
N-10-00392,2026-01-16T00:01:27,State Government Networks,S10-MON01,java,20,Normal,Normal
N-10-00393,2026-01-15T20:29:33,State Government Networks,S10-CTRL01,python,18,Normal,Normal
N-10-00394,2026-01-13T10:30:32,State Government Networks,S10-MGMT01,powershell,16,Normal,Normal
N-10-00395,2026-01-03T07:47:02,State Government Networks,S10-CTRL01,python,0,Normal,Normal
N-10-00396,2026-01-11T23:12:16,State Government Networks,S10-WS01,nginx,3,Normal,Normal
N-10-00397,2026-01-07T08:15:58,State Government Networks,S10-VPN01,nginx,5,Normal,Normal
N-10-00398,2026-01-03T11:33:16,State Government Networks,S10-BKP01,python,7,Normal,Normal
N-10-00399,2026-01-06T16:30:10,State Government Networks,S10-MON01,svchost,11,Normal,Normal
N-10-00400,2026-01-07T14:14:22,State Government Networks,S10-AUTH01,powershell,10,Normal,Normal
N-10-00401,2026-01-05T14:17:35,State Government Networks,S10-APP01,python,8,Normal,Normal
N-10-00402,2026-01-16T19:43:11,State Government Networks,S10-MGMT01,powershell,20,Normal,Normal
N-10-00403,2026-01-06T11:43:01,State Government Networks,S10-APP01,python,6,Normal,Normal
N-10-00404,2026-01-12T08:34:31,State Government Networks,S10-APP01,java,5,Normal,Normal
N-10-00405,2026-01-04T21:31:11,State Government Networks,S10-BKP01,nginx,8,Normal,Normal
N-10-00406,2026-01-21T07:18:32,State Government Networks,S10-GW01,svchost,18,Normal,Normal
N-10-00407,2026-01-06T07:09:27,State Government Networks,S10-MGMT01,python,14,Normal,Normal
N-10-00408,2026-01-05T16:20:36,State Government Networks,S10-GW01,nginx,7,Normal,Normal
N-10-00409,2026-01-17T11:59:55,State Government Networks,S10-AUTH01,powershell,3,Normal,Normal
N-10-00410,2026-01-20T04:41:22,State Government Networks,S10-WS01,nginx,4,Normal,Normal
N-10-00411,2026-01-10T01:40:31,State Government Networks,S10-MON01,svchost,15,Normal,Normal
N-10-00412,2026-01-03T13:59:55,State Government Networks,S10-DB01,powershell,12,Normal,Normal
N-10-00413,2026-01-07T09:03:31,State Government Networks,S10-DB01,svchost,3,Normal,Normal
N-10-00414,2026-01-14T04:15:02,State Government Networks,S10-GW01,java,4,Normal,Normal
N-10-00415,2026-01-05T12:45:11,State Government Networks,S10-DB01,svchost,6,Normal,Normal
N-10-00416,2026-01-19T17:13:57,State Government Networks,S10-APP01,java,19,Normal,Normal
N-10-00417,2026-01-16T21:56:22,State Government Networks,S10-MON01,powershell,8,Normal,Normal
N-10-00418,2026-01-13T21:02:34,State Government Networks,S10-GW01,nginx,7,Normal,Normal
N-10-00419,2026-01-10T15:21:52,State Government Networks,S10-AUTH01,python,4,Normal,Normal
N-10-00420,2026-01-20T09:33:49,State Government Networks,S10-BKP01,python,17,Normal,Normal
N-10-00421,2026-01-09T01:26:19,State Government Networks,S10-AUTH01,nginx,11,Normal,Normal
N-10-00422,2026-01-10T21:15:14,State Government Networks,S10-MON01,nginx,18,Normal,Normal
N-10-00423,2026-01-14T16:29:10,State Government Networks,S10-MGMT01,python,14,Normal,Normal
N-10-00424,2026-01-02T12:16:58,State Government Networks,S10-CTRL01,powershell,8,Normal,Normal
N-10-00425,2026-01-15T21:23:12,State Government Networks,S10-VPN01,python,13,Normal,Normal
N-10-00426,2026-01-04T07:48:44,State Government Networks,S10-WS01,powershell,19,Normal,Normal
N-10-00427,2026-01-04T03:04:48,State Government Networks,S10-CTRL01,nginx,3,Normal,Normal
N-10-00428,2026-01-17T23:45:57,State Government Networks,S10-CTRL01,powershell,14,Normal,Normal
N-10-00429,2026-01-01T23:13:50,State Government Networks,S10-AUTH01,svchost,12,Normal,Normal
N-10-00430,2026-01-15T08:18:55,State Government Networks,S10-WS01,svchost,2,Normal,Normal
N-10-00431,2026-01-20T00:09:16,State Government Networks,S10-BKP01,python,1,Normal,Normal
N-10-00432,2026-01-17T15:57:44,State Government Networks,S10-GW01,java,1,Normal,Normal
N-10-00433,2026-01-11T15:16:15,State Government Networks,S10-DB01,nginx,15,Normal,Normal
N-10-00434,2026-01-18T00:02:34,State Government Networks,S10-CTRL01,python,19,Normal,Normal
N-10-00435,2026-01-14T08:40:53,State Government Networks,S10-DB01,python,3,Normal,Normal
N-10-00436,2026-01-02T02:50:25,State Government Networks,S10-MGMT01,java,6,Normal,Normal
N-10-00437,2026-01-09T02:17:56,State Government Networks,S10-BKP01,java,12,Normal,Normal
N-10-00438,2026-01-12T16:05:36,State Government Networks,S10-MON01,nginx,15,Normal,Normal
N-10-00439,2026-01-13T22:38:41,State Government Networks,S10-VPN01,nginx,5,Normal,Normal
N-10-00440,2026-01-05T17:28:39,State Government Networks,S10-MON01,svchost,2,Normal,Normal
N-10-00441,2026-01-21T04:45:20,State Government Networks,S10-CTRL01,java,11,Normal,Normal
N-10-00442,2026-01-20T04:00:03,State Government Networks,S10-DB01,python,10,Normal,Normal
N-10-00443,2026-01-04T05:15:45,State Government Networks,S10-DB01,java,11,Normal,Normal
N-10-00444,2026-01-13T02:59:17,State Government Networks,S10-BKP01,java,19,Normal,Normal
N-10-00445,2026-01-04T23:37:39,State Government Networks,S10-MGMT01,python,3,Normal,Normal
N-10-00446,2026-01-05T11:53:28,State Government Networks,S10-DB01,java,5,Normal,Normal
N-10-00447,2026-01-17T15:51:33,State Government Networks,S10-VPN01,powershell,8,Normal,Normal
N-10-00448,2026-01-01T17:57:13,State Government Networks,S10-WS01,powershell,16,Normal,Normal
N-10-00449,2026-01-18T11:26:42,State Government Networks,S10-MON01,python,13,Normal,Normal
N-10-00450,2026-01-10T21:04:25,State Government Networks,S10-APP01,nginx,11,Normal,Normal
N-10-00451,2026-01-18T01:37:54,State Government Networks,S10-GW01,svchost,3,Normal,Normal
N-10-00452,2026-01-16T08:45:28,State Government Networks,S10-APP01,powershell,2,Normal,Normal
N-10-00453,2026-01-05T09:32:31,State Government Networks,S10-AUTH01,java,0,Normal,Normal
N-10-00454,2026-01-03T01:21:18,State Government Networks,S10-AUTH01,powershell,17,Normal,Normal
N-10-00455,2026-01-20T06:50:12,State Government Networks,S10-WS01,nginx,14,Normal,Normal
N-10-00456,2026-01-05T03:24:38,State Government Networks,S10-BKP01,svchost,14,Normal,Normal
N-10-00457,2026-01-20T03:14:16,State Government Networks,S10-DB01,python,2,Normal,Normal
N-10-00458,2026-01-14T00:04:01,State Government Networks,S10-APP01,java,14,Normal,Normal
N-10-00459,2026-01-18T00:56:55,State Government Networks,S10-GW01,java,5,Normal,Normal
N-10-00460,2026-01-13T08:39:44,State Government Networks,S10-MON01,svchost,0,Normal,Normal
N-10-00461,2026-01-12T10:37:21,State Government Networks,S10-GW01,svchost,17,Normal,Normal
N-10-00462,2026-01-12T21:06:13,State Government Networks,S10-AUTH01,python,14,Normal,Normal
N-10-00463,2026-01-11T08:04:30,State Government Networks,S10-BKP01,powershell,2,Normal,Normal
N-10-00464,2026-01-16T23:04:57,State Government Networks,S10-CTRL01,powershell,1,Normal,Normal
N-10-00465,2026-01-15T19:53:32,State Government Networks,S10-WS01,powershell,5,Normal,Normal
N-10-00466,2026-01-20T08:29:02,State Government Networks,S10-GW01,python,4,Normal,Normal
N-10-00467,2026-01-14T05:03:26,State Government Networks,S10-VPN01,nginx,0,Normal,Normal
N-10-00468,2026-01-18T15:17:57,State Government Networks,S10-MGMT01,nginx,4,Normal,Normal
N-10-00469,2026-01-09T17:44:42,State Government Networks,S10-AUTH01,python,16,Normal,Normal
N-10-00470,2026-01-19T04:32:54,State Government Networks,S10-MGMT01,java,16,Normal,Normal
N-10-00471,2026-01-05T06:33:09,State Government Networks,S10-MGMT01,nginx,12,Normal,Normal
N-10-00472,2026-01-06T07:08:11,State Government Networks,S10-GW01,java,8,Normal,Normal
N-10-00473,2026-01-19T15:47:34,State Government Networks,S10-AUTH01,nginx,3,Normal,Normal
N-10-00474,2026-01-04T09:49:02,State Government Networks,S10-APP01,java,16,Normal,Normal
N-10-00475,2026-01-10T23:33:03,State Government Networks,S10-BKP01,java,15,Normal,Normal
N-10-00476,2026-01-16T01:24:15,State Government Networks,S10-BKP01,python,19,Normal,Normal
N-10-00477,2026-01-05T06:24:07,State Government Networks,S10-DB01,svchost,13,Normal,Normal
N-10-00478,2026-01-10T03:40:24,State Government Networks,S10-VPN01,java,5,Normal,Normal
N-10-00479,2026-01-09T18:38:01,State Government Networks,S10-BKP01,java,5,Normal,Normal
N-10-00480,2026-01-05T07:12:54,State Government Networks,S10-CTRL01,nginx,4,Normal,Normal
N-10-00481,2026-01-10T01:03:53,State Government Networks,S10-CTRL01,java,10,Normal,Normal
N-10-00482,2026-01-19T07:51:47,State Government Networks,S10-AUTH01,python,5,Normal,Normal
N-10-00483,2026-01-20T15:16:48,State Government Networks,S10-GW01,python,15,Normal,Normal
N-10-00484,2026-01-04T14:37:58,State Government Networks,S10-MGMT01,svchost,17,Normal,Normal
N-10-00485,2026-01-08T00:58:42,State Government Networks,S10-MGMT01,java,7,Normal,Normal
N-10-00486,2026-01-07T08:43:35,State Government Networks,S10-APP01,python,13,Normal,Normal
N-10-00487,2026-01-03T06:52:47,State Government Networks,S10-VPN01,nginx,8,Normal,Normal
N-10-00488,2026-01-16T04:20:51,State Government Networks,S10-CTRL01,python,8,Normal,Normal
N-10-00489,2026-01-06T16:08:59,State Government Networks,S10-CTRL01,java,8,Normal,Normal
N-10-00490,2026-01-14T21:01:50,State Government Networks,S10-DB01,powershell,9,Normal,Normal
N-10-00491,2026-01-21T04:19:24,State Government Networks,S10-VPN01,svchost,6,Normal,Normal
N-10-00492,2026-01-12T11:18:38,State Government Networks,S10-DB01,powershell,12,Normal,Normal
N-10-00493,2026-01-08T13:03:26,State Government Networks,S10-WS01,python,13,Normal,Normal
N-10-00494,2026-01-02T10:57:20,State Government Networks,S10-BKP01,python,0,Normal,Normal
N-10-00495,2026-01-15T18:47:07,State Government Networks,S10-DB01,python,20,Normal,Normal
N-10-00496,2026-01-15T00:36:36,State Government Networks,S10-CTRL01,svchost,17,Normal,Normal
N-10-00497,2026-01-11T11:40:20,State Government Networks,S10-VPN01,python,16,Normal,Normal
N-10-00498,2026-01-09T10:20:09,State Government Networks,S10-BKP01,java,7,Normal,Normal
N-10-00499,2026-01-06T14:01:44,State Government Networks,S10-APP01,svchost,12,Normal,Normal
N-10-00500,2026-01-11T21:51:29,State Government Networks,S10-GW01,python,19,Normal,Normal
N-10-00501,2026-01-07T23:53:57,State Government Networks,S10-GW01,svchost,11,Normal,Normal
N-10-00502,2026-01-06T08:11:35,State Government Networks,S10-DB01,svchost,11,Normal,Normal
N-10-00503,2026-01-08T07:07:10,State Government Networks,S10-CTRL01,nginx,3,Normal,Normal
N-10-00504,2026-01-20T18:12:18,State Government Networks,S10-WS01,java,5,Normal,Normal
N-10-00505,2026-01-02T17:26:16,State Government Networks,S10-GW01,powershell,18,Normal,Normal
N-10-00506,2026-01-14T04:25:03,State Government Networks,S10-DB01,java,4,Normal,Normal
N-10-00507,2026-01-14T21:27:30,State Government Networks,S10-AUTH01,powershell,0,Normal,Normal
N-10-00508,2026-01-14T14:24:28,State Government Networks,S10-MGMT01,svchost,1,Normal,Normal
N-10-00509,2026-01-05T03:10:22,State Government Networks,S10-CTRL01,python,9,Normal,Normal
N-10-00510,2026-01-13T20:54:56,State Government Networks,S10-APP01,python,19,Normal,Normal
N-10-00511,2026-01-15T12:04:52,State Government Networks,S10-CTRL01,python,9,Normal,Normal
N-10-00512,2026-01-13T07:10:18,State Government Networks,S10-MGMT01,powershell,16,Normal,Normal
N-10-00513,2026-01-17T21:55:02,State Government Networks,S10-BKP01,powershell,14,Normal,Normal
N-10-00514,2026-01-19T03:27:07,State Government Networks,S10-AUTH01,powershell,19,Normal,Normal
N-10-00515,2026-01-16T17:06:16,State Government Networks,S10-WS01,powershell,13,Normal,Normal
N-10-00516,2026-01-12T15:11:26,State Government Networks,S10-CTRL01,nginx,13,Normal,Normal
N-10-00517,2026-01-12T12:36:26,State Government Networks,S10-AUTH01,java,15,Normal,Normal
N-10-00518,2026-01-09T23:42:51,State Government Networks,S10-MON01,python,13,Normal,Normal
N-10-00519,2026-01-02T21:55:55,State Government Networks,S10-GW01,powershell,0,Normal,Normal
N-10-00520,2026-01-04T12:26:15,State Government Networks,S10-VPN01,python,17,Normal,Normal
N-10-00521,2026-01-04T08:15:43,State Government Networks,S10-MON01,nginx,2,Normal,Normal
N-10-00522,2026-01-17T19:40:42,State Government Networks,S10-MON01,nginx,0,Normal,Normal
N-10-00523,2026-01-15T23:58:30,State Government Networks,S10-AUTH01,python,9,Normal,Normal
N-10-00524,2026-01-09T20:32:16,State Government Networks,S10-VPN01,nginx,20,Normal,Normal
N-10-00525,2026-01-09T14:28:02,State Government Networks,S10-CTRL01,python,16,Normal,Normal
N-10-00526,2026-01-09T03:08:55,State Government Networks,S10-VPN01,svchost,12,Normal,Normal
N-10-00527,2026-01-17T05:12:49,State Government Networks,S10-BKP01,svchost,4,Normal,Normal
N-10-00528,2026-01-03T14:01:28,State Government Networks,S10-MGMT01,svchost,4,Normal,Normal
N-10-00529,2026-01-01T22:05:02,State Government Networks,S10-MON01,svchost,15,Normal,Normal
N-10-00530,2026-01-04T05:58:17,State Government Networks,S10-DB01,python,7,Normal,Normal
N-10-00531,2026-01-06T09:16:31,State Government Networks,S10-AUTH01,powershell,8,Normal,Normal
N-10-00532,2026-01-10T00:32:00,State Government Networks,S10-DB01,nginx,6,Normal,Normal
N-10-00533,2026-01-13T17:44:11,State Government Networks,S10-APP01,powershell,11,Normal,Normal
N-10-00534,2026-01-12T10:17:58,State Government Networks,S10-GW01,powershell,13,Normal,Normal
N-10-00535,2026-01-02T14:42:21,State Government Networks,S10-VPN01,nginx,5,Normal,Normal
N-10-00536,2026-01-19T14:39:55,State Government Networks,S10-GW01,python,11,Normal,Normal
N-10-00537,2026-01-08T08:19:07,State Government Networks,S10-GW01,java,20,Normal,Normal
N-10-00538,2026-01-18T22:39:30,State Government Networks,S10-VPN01,java,6,Normal,Normal
N-10-00539,2026-01-04T07:32:06,State Government Networks,S10-MGMT01,python,13,Normal,Normal
N-10-00540,2026-01-06T07:53:43,State Government Networks,S10-GW01,java,19,Normal,Normal
N-10-00541,2026-01-05T02:31:42,State Government Networks,S10-DB01,nginx,8,Normal,Normal
N-10-00542,2026-01-09T22:14:01,State Government Networks,S10-BKP01,nginx,15,Normal,Normal
N-10-00543,2026-01-15T14:52:33,State Government Networks,S10-VPN01,python,4,Normal,Normal
N-10-00544,2026-01-06T04:28:30,State Government Networks,S10-BKP01,python,14,Normal,Normal
N-10-00545,2026-01-14T09:48:19,State Government Networks,S10-AUTH01,powershell,9,Normal,Normal
N-10-00546,2026-01-19T10:19:08,State Government Networks,S10-VPN01,powershell,3,Normal,Normal
N-10-00547,2026-01-20T17:59:33,State Government Networks,S10-DB01,svchost,15,Normal,Normal
N-10-00548,2026-01-16T20:39:59,State Government Networks,S10-WS01,python,7,Normal,Normal
N-10-00549,2026-01-15T06:01:33,State Government Networks,S10-CTRL01,nginx,5,Normal,Normal
N-10-00550,2026-01-11T04:37:09,State Government Networks,S10-MGMT01,svchost,5,Normal,Normal
N-10-00551,2026-01-05T03:23:10,State Government Networks,S10-CTRL01,java,19,Normal,Normal
N-10-00552,2026-01-03T10:43:51,State Government Networks,S10-BKP01,nginx,19,Normal,Normal
N-10-00553,2026-01-14T21:11:32,State Government Networks,S10-VPN01,powershell,4,Normal,Normal
N-10-00554,2026-01-17T06:50:12,State Government Networks,S10-AUTH01,svchost,14,Normal,Normal
N-10-00555,2026-01-05T17:08:36,State Government Networks,S10-AUTH01,svchost,14,Normal,Normal
N-10-00556,2026-01-16T05:29:17,State Government Networks,S10-BKP01,svchost,8,Normal,Normal
N-10-00557,2026-01-18T15:44:56,State Government Networks,S10-MGMT01,python,0,Normal,Normal
N-10-00558,2026-01-18T02:35:06,State Government Networks,S10-MGMT01,java,13,Normal,Normal
N-10-00559,2026-01-08T17:15:41,State Government Networks,S10-WS01,powershell,9,Normal,Normal
N-10-00560,2026-01-03T05:01:14,State Government Networks,S10-DB01,nginx,13,Normal,Normal
N-10-00561,2026-01-04T10:26:48,State Government Networks,S10-CTRL01,python,12,Normal,Normal
N-10-00562,2026-01-07T09:00:32,State Government Networks,S10-CTRL01,java,17,Normal,Normal
N-10-00563,2026-01-09T23:27:06,State Government Networks,S10-AUTH01,powershell,8,Normal,Normal
N-10-00564,2026-01-20T00:24:02,State Government Networks,S10-APP01,svchost,17,Normal,Normal
N-10-00565,2026-01-16T01:21:26,State Government Networks,S10-DB01,nginx,5,Normal,Normal
N-10-00566,2026-01-04T02:22:50,State Government Networks,S10-DB01,java,17,Normal,Normal
N-10-00567,2026-01-08T06:52:33,State Government Networks,S10-WS01,java,18,Normal,Normal
N-10-00568,2026-01-06T00:27:56,State Government Networks,S10-APP01,python,12,Normal,Normal
N-10-00569,2026-01-18T13:56:54,State Government Networks,S10-GW01,java,10,Normal,Normal
N-10-00570,2026-01-05T02:08:27,State Government Networks,S10-BKP01,python,9,Normal,Normal
N-10-00571,2026-01-01T14:53:44,State Government Networks,S10-DB01,powershell,19,Normal,Normal
N-10-00572,2026-01-05T15:59:10,State Government Networks,S10-MGMT01,svchost,19,Normal,Normal
N-10-00573,2026-01-09T10:50:47,State Government Networks,S10-CTRL01,java,15,Normal,Normal
N-10-00574,2026-01-12T19:03:30,State Government Networks,S10-CTRL01,svchost,15,Normal,Normal
N-10-00575,2026-01-02T11:55:39,State Government Networks,S10-MGMT01,java,15,Normal,Normal
N-10-00576,2026-01-07T16:16:49,State Government Networks,S10-GW01,powershell,6,Normal,Normal
N-10-00577,2026-01-12T03:23:30,State Government Networks,S10-MON01,powershell,0,Normal,Normal
N-10-00578,2026-01-21T00:38:36,State Government Networks,S10-MGMT01,python,10,Normal,Normal
N-10-00579,2026-01-06T21:54:01,State Government Networks,S10-GW01,java,3,Normal,Normal
N-10-00580,2026-01-13T10:07:27,State Government Networks,S10-VPN01,nginx,4,Normal,Normal
N-10-00581,2026-01-08T22:46:30,State Government Networks,S10-CTRL01,svchost,1,Normal,Normal
N-10-00582,2026-01-13T20:12:18,State Government Networks,S10-MGMT01,java,20,Normal,Normal
N-10-00583,2026-01-06T18:21:04,State Government Networks,S10-MGMT01,java,5,Normal,Normal
N-10-00584,2026-01-01T09:01:10,State Government Networks,S10-MGMT01,svchost,1,Normal,Normal
N-10-00585,2026-01-13T01:33:34,State Government Networks,S10-APP01,powershell,1,Normal,Normal
N-10-00586,2026-01-12T23:27:53,State Government Networks,S10-GW01,java,17,Normal,Normal
N-10-00587,2026-01-16T02:32:27,State Government Networks,S10-BKP01,java,12,Normal,Normal
N-10-00588,2026-01-09T16:41:31,State Government Networks,S10-BKP01,nginx,13,Normal,Normal
N-10-00589,2026-01-05T19:00:37,State Government Networks,S10-GW01,powershell,8,Normal,Normal
N-10-00590,2026-01-07T01:51:20,State Government Networks,S10-MGMT01,svchost,12,Normal,Normal
N-10-00591,2026-01-17T04:57:19,State Government Networks,S10-APP01,python,4,Normal,Normal
N-10-00592,2026-01-12T17:24:27,State Government Networks,S10-AUTH01,powershell,17,Normal,Normal
N-10-00593,2026-01-15T20:09:36,State Government Networks,S10-CTRL01,nginx,10,Normal,Normal
N-10-00594,2026-01-07T04:45:50,State Government Networks,S10-GW01,python,16,Normal,Normal
N-10-00595,2026-01-09T17:58:46,State Government Networks,S10-BKP01,svchost,15,Normal,Normal
N-10-00596,2026-01-19T17:50:13,State Government Networks,S10-CTRL01,powershell,14,Normal,Normal
N-10-00597,2026-01-11T17:48:00,State Government Networks,S10-APP01,powershell,7,Normal,Normal
N-10-00598,2026-01-11T23:14:23,State Government Networks,S10-MON01,svchost,10,Normal,Normal
N-10-00599,2026-01-05T20:39:16,State Government Networks,S10-MON01,svchost,18,Normal,Normal
A-10-SCN091-01-00,2026-01-14T09:03:00,State Government Networks,S10-WS01,service-host,1,Reconnaissance,Attack
A-10-SCN091-01-01,2026-01-14T09:08:00,State Government Networks,S10-VPN01,curl,80,Initial Access,Attack
A-10-SCN091-01-02,2026-01-14T09:12:00,State Government Networks,S10-AUTH01,curl,23,Execution,Attack
A-10-SCN091-01-03,2026-01-14T09:18:00,State Government Networks,S10-MON01,unknown,57,Persistence,Attack
A-10-SCN091-01-04,2026-01-14T09:22:00,State Government Networks,S10-GW01,cmd,57,Privilege Escalation,Attack
A-10-SCN091-01-05,2026-01-14T09:26:00,State Government Networks,S10-MGMT01,wmic,43,Discovery,Attack
A-10-SCN091-01-06,2026-01-14T09:33:00,State Government Networks,S10-WS01,cmd,40,Lateral Movement,Attack
A-10-SCN091-01-07,2026-01-14T09:37:00,State Government Networks,S10-VPN01,powershell,41,Command and Control,Attack
A-10-SCN091-01-08,2026-01-14T09:42:00,State Government Networks,S10-AUTH01,unknown,85,Command and Control,Attack
A-10-SCN091-01-09,2026-01-14T09:46:00,State Government Networks,S10-MON01,cmd,70,Command and Control,Attack
A-10-SCN091-02-00,2026-01-14T10:03:00,State Government Networks,S10-APP01,cmd,91,Reconnaissance,Attack
A-10-SCN091-02-01,2026-01-14T10:08:00,State Government Networks,S10-CTRL01,cmd,24,Initial Access,Attack
A-10-SCN091-02-02,2026-01-14T10:11:00,State Government Networks,S10-BKP01,curl,24,Execution,Attack
A-10-SCN091-02-03,2026-01-14T10:17:00,State Government Networks,S10-MON01,python,49,Persistence,Attack
A-10-SCN091-02-04,2026-01-14T10:22:00,State Government Networks,S10-GW01,ssh,85,Privilege Escalation,Attack
A-10-SCN091-02-05,2026-01-14T10:25:00,State Government Networks,S10-MGMT01,service-host,80,Discovery,Attack
A-10-SCN091-02-06,2026-01-14T10:33:00,State Government Networks,S10-APP01,powershell,100,Lateral Movement,Attack
A-10-SCN091-02-07,2026-01-14T10:36:00,State Government Networks,S10-CTRL01,cmd,11,Command and Control,Attack
A-10-SCN091-02-08,2026-01-14T10:43:00,State Government Networks,S10-BKP01,curl,65,Command and Control,Attack
A-10-SCN091-02-09,2026-01-14T10:45:00,State Government Networks,S10-MON01,python,7,Command and Control,Attack
A-10-SCN091-03-00,2026-01-14T11:00:00,State Government Networks,S10-WS01,curl,13,Reconnaissance,Attack
A-10-SCN091-03-01,2026-01-14T11:07:00,State Government Networks,S10-BKP01,service-host,38,Initial Access,Attack
A-10-SCN091-03-02,2026-01-14T11:10:00,State Government Networks,S10-MGMT01,ssh,69,Execution,Attack
A-10-SCN091-03-03,2026-01-14T11:15:00,State Government Networks,S10-APP01,python,93,Persistence,Attack
A-10-SCN091-03-04,2026-01-14T11:22:00,State Government Networks,S10-VPN01,powershell,65,Privilege Escalation,Attack
A-10-SCN091-03-05,2026-01-14T11:28:00,State Government Networks,S10-AUTH01,python,8,Discovery,Attack
A-10-SCN091-03-06,2026-01-14T11:33:00,State Government Networks,S10-WS01,curl,95,Lateral Movement,Attack
A-10-SCN091-03-07,2026-01-14T11:35:00,State Government Networks,S10-BKP01,cmd,11,Command and Control,Attack
A-10-SCN091-03-08,2026-01-14T11:41:00,State Government Networks,S10-MGMT01,cmd,80,Command and Control,Attack
A-10-SCN091-03-09,2026-01-14T11:46:00,State Government Networks,S10-APP01,cmd,21,Command and Control,Attack
A-10-SCN091-04-00,2026-01-14T12:03:00,State Government Networks,S10-CTRL01,powershell,2,Reconnaissance,Attack
A-10-SCN091-04-01,2026-01-14T12:07:00,State Government Networks,S10-GW01,ssh,91,Initial Access,Attack
A-10-SCN091-04-02,2026-01-14T12:11:00,State Government Networks,S10-BKP01,wmic,33,Execution,Attack
A-10-SCN091-04-03,2026-01-14T12:18:00,State Government Networks,S10-APP01,ssh,33,Persistence,Attack
A-10-SCN091-04-04,2026-01-14T12:22:00,State Government Networks,S10-WS01,ssh,79,Privilege Escalation,Attack
A-10-SCN091-04-05,2026-01-14T12:28:00,State Government Networks,S10-AUTH01,unknown,33,Discovery,Attack
A-10-SCN091-04-06,2026-01-14T12:31:00,State Government Networks,S10-CTRL01,python,53,Lateral Movement,Attack
A-10-SCN091-04-07,2026-01-14T12:36:00,State Government Networks,S10-GW01,ssh,63,Command and Control,Attack
A-10-SCN091-04-08,2026-01-14T12:43:00,State Government Networks,S10-BKP01,python,88,Command and Control,Attack
A-10-SCN091-04-09,2026-01-14T12:48:00,State Government Networks,S10-APP01,cmd,91,Command and Control,Attack
A-10-SCN092-01-00,2026-01-14T09:03:00,State Government Networks,S10-BKP01,curl,56,Reconnaissance,Attack
A-10-SCN092-01-01,2026-01-14T09:05:00,State Government Networks,S10-MON01,curl,71,Initial Access,Attack
A-10-SCN092-01-02,2026-01-14T09:12:00,State Government Networks,S10-APP01,curl,45,Execution,Attack
A-10-SCN092-01-03,2026-01-14T09:15:00,State Government Networks,S10-DB01,wmic,4,Discovery,Attack
A-10-SCN092-01-04,2026-01-14T09:22:00,State Government Networks,S10-WS01,wmic,86,Lateral Movement,Attack
A-10-SCN092-01-05,2026-01-14T09:26:00,State Government Networks,S10-GW01,unknown,1949,Impact,Attack
A-10-SCN092-01-06,2026-01-14T09:31:00,State Government Networks,S10-BKP01,ssh,1197,Impact,Attack
A-10-SCN092-01-07,2026-01-14T09:37:00,State Government Networks,S10-MON01,unknown,564,Impact,Attack
A-10-SCN092-01-08,2026-01-14T09:43:00,State Government Networks,S10-APP01,wmic,484,Impact,Attack
A-10-SCN092-01-09,2026-01-14T09:47:00,State Government Networks,S10-DB01,service-host,1653,Impact,Attack
A-10-SCN092-02-00,2026-01-14T10:03:00,State Government Networks,S10-MGMT01,cmd,56,Reconnaissance,Attack
A-10-SCN092-02-01,2026-01-14T10:05:00,State Government Networks,S10-VPN01,powershell,58,Initial Access,Attack
A-10-SCN092-02-02,2026-01-14T10:11:00,State Government Networks,S10-MON01,powershell,100,Execution,Attack
A-10-SCN092-02-03,2026-01-14T10:16:00,State Government Networks,S10-BKP01,unknown,44,Discovery,Attack
A-10-SCN092-02-04,2026-01-14T10:20:00,State Government Networks,S10-GW01,unknown,81,Lateral Movement,Attack
A-10-SCN092-02-05,2026-01-14T10:25:00,State Government Networks,S10-AUTH01,wmic,377,Impact,Attack
A-10-SCN092-02-06,2026-01-14T10:30:00,State Government Networks,S10-MGMT01,service-host,1114,Impact,Attack
A-10-SCN092-02-07,2026-01-14T10:38:00,State Government Networks,S10-VPN01,service-host,1093,Impact,Attack
A-10-SCN092-02-08,2026-01-14T10:42:00,State Government Networks,S10-MON01,powershell,365,Impact,Attack
A-10-SCN092-02-09,2026-01-14T10:45:00,State Government Networks,S10-BKP01,service-host,385,Impact,Attack
A-10-SCN092-03-00,2026-01-14T11:02:00,State Government Networks,S10-MGMT01,ssh,61,Reconnaissance,Attack
A-10-SCN092-03-01,2026-01-14T11:05:00,State Government Networks,S10-GW01,unknown,13,Initial Access,Attack
A-10-SCN092-03-02,2026-01-14T11:13:00,State Government Networks,S10-CTRL01,service-host,3,Execution,Attack
A-10-SCN092-03-03,2026-01-14T11:16:00,State Government Networks,S10-VPN01,service-host,73,Discovery,Attack
A-10-SCN092-03-04,2026-01-14T11:22:00,State Government Networks,S10-MON01,python,1,Lateral Movement,Attack
A-10-SCN092-03-05,2026-01-14T11:25:00,State Government Networks,S10-WS01,unknown,1370,Impact,Attack
A-10-SCN092-03-06,2026-01-14T11:32:00,State Government Networks,S10-MGMT01,python,1206,Impact,Attack
A-10-SCN092-03-07,2026-01-14T11:38:00,State Government Networks,S10-GW01,ssh,315,Impact,Attack
A-10-SCN092-03-08,2026-01-14T11:42:00,State Government Networks,S10-CTRL01,service-host,416,Impact,Attack
A-10-SCN092-03-09,2026-01-14T11:48:00,State Government Networks,S10-VPN01,wmic,419,Impact,Attack
A-10-SCN092-04-00,2026-01-14T12:02:00,State Government Networks,S10-BKP01,service-host,86,Reconnaissance,Attack
A-10-SCN092-04-01,2026-01-14T12:07:00,State Government Networks,S10-GW01,ssh,3,Initial Access,Attack
A-10-SCN092-04-02,2026-01-14T12:13:00,State Government Networks,S10-MGMT01,wmic,72,Execution,Attack
A-10-SCN092-04-03,2026-01-14T12:17:00,State Government Networks,S10-MON01,python,7,Discovery,Attack
A-10-SCN092-04-04,2026-01-14T12:22:00,State Government Networks,S10-APP01,unknown,73,Lateral Movement,Attack
A-10-SCN092-04-05,2026-01-14T12:25:00,State Government Networks,S10-AUTH01,service-host,1708,Impact,Attack
A-10-SCN092-04-06,2026-01-14T12:32:00,State Government Networks,S10-BKP01,cmd,623,Impact,Attack
A-10-SCN092-04-07,2026-01-14T12:35:00,State Government Networks,S10-GW01,python,515,Impact,Attack
A-10-SCN092-04-08,2026-01-14T12:40:00,State Government Networks,S10-MGMT01,service-host,1768,Impact,Attack
A-10-SCN092-04-09,2026-01-14T12:48:00,State Government Networks,S10-MON01,wmic,1084,Impact,Attack
A-10-SCN093-01-00,2026-01-14T09:01:00,State Government Networks,S10-MON01,ssh,55,Reconnaissance,Attack
A-10-SCN093-01-01,2026-01-14T09:06:00,State Government Networks,S10-AUTH01,wmic,91,Initial Access,Attack
A-10-SCN093-01-02,2026-01-14T09:13:00,State Government Networks,S10-GW01,ssh,45,Execution,Attack
A-10-SCN093-01-03,2026-01-14T09:16:00,State Government Networks,S10-MGMT01,python,75,Discovery,Attack
A-10-SCN093-01-04,2026-01-14T09:21:00,State Government Networks,S10-CTRL01,ssh,64,Lateral Movement,Attack
A-10-SCN093-01-05,2026-01-14T09:26:00,State Government Networks,S10-WS01,unknown,17,Impact,Attack
A-10-SCN093-01-06,2026-01-14T09:33:00,State Government Networks,S10-MON01,wmic,1397,Impact,Attack
A-10-SCN093-01-07,2026-01-14T09:36:00,State Government Networks,S10-AUTH01,unknown,638,Impact,Attack
A-10-SCN093-01-08,2026-01-14T09:40:00,State Government Networks,S10-GW01,ssh,708,Impact,Attack
A-10-SCN093-01-09,2026-01-14T09:48:00,State Government Networks,S10-MGMT01,wmic,1147,Impact,Attack
A-10-SCN093-02-00,2026-01-14T10:00:00,State Government Networks,S10-MGMT01,wmic,4,Reconnaissance,Attack
A-10-SCN093-02-01,2026-01-14T10:05:00,State Government Networks,S10-MON01,powershell,21,Initial Access,Attack
A-10-SCN093-02-02,2026-01-14T10:13:00,State Government Networks,S10-GW01,powershell,2,Execution,Attack
A-10-SCN093-02-03,2026-01-14T10:16:00,State Government Networks,S10-VPN01,cmd,26,Discovery,Attack
A-10-SCN093-02-04,2026-01-14T10:23:00,State Government Networks,S10-BKP01,service-host,64,Lateral Movement,Attack
A-10-SCN093-02-05,2026-01-14T10:28:00,State Government Networks,S10-DB01,unknown,1665,Impact,Attack
A-10-SCN093-02-06,2026-01-14T10:30:00,State Government Networks,S10-MGMT01,cmd,1204,Impact,Attack
A-10-SCN093-02-07,2026-01-14T10:35:00,State Government Networks,S10-MON01,wmic,1699,Impact,Attack
A-10-SCN093-02-08,2026-01-14T10:41:00,State Government Networks,S10-GW01,wmic,1181,Impact,Attack
A-10-SCN093-02-09,2026-01-14T10:46:00,State Government Networks,S10-VPN01,cmd,1442,Impact,Attack
A-10-SCN093-03-00,2026-01-14T11:00:00,State Government Networks,S10-BKP01,service-host,75,Reconnaissance,Attack
A-10-SCN093-03-01,2026-01-14T11:08:00,State Government Networks,S10-VPN01,python,91,Initial Access,Attack
A-10-SCN093-03-02,2026-01-14T11:12:00,State Government Networks,S10-MGMT01,cmd,45,Execution,Attack
A-10-SCN093-03-03,2026-01-14T11:18:00,State Government Networks,S10-MON01,cmd,24,Discovery,Attack
A-10-SCN093-03-04,2026-01-14T11:23:00,State Government Networks,S10-DB01,wmic,75,Lateral Movement,Attack
A-10-SCN093-03-05,2026-01-14T11:26:00,State Government Networks,S10-AUTH01,cmd,1337,Impact,Attack
A-10-SCN093-03-06,2026-01-14T11:33:00,State Government Networks,S10-BKP01,curl,1872,Impact,Attack
A-10-SCN093-03-07,2026-01-14T11:35:00,State Government Networks,S10-VPN01,ssh,846,Impact,Attack
A-10-SCN093-03-08,2026-01-14T11:42:00,State Government Networks,S10-MGMT01,unknown,1635,Impact,Attack
A-10-SCN093-03-09,2026-01-14T11:45:00,State Government Networks,S10-MON01,cmd,373,Impact,Attack
A-10-SCN093-04-00,2026-01-14T12:00:00,State Government Networks,S10-BKP01,unknown,28,Reconnaissance,Attack
A-10-SCN093-04-01,2026-01-14T12:05:00,State Government Networks,S10-VPN01,ssh,79,Initial Access,Attack
A-10-SCN093-04-02,2026-01-14T12:10:00,State Government Networks,S10-GW01,service-host,91,Execution,Attack
A-10-SCN093-04-03,2026-01-14T12:16:00,State Government Networks,S10-MON01,wmic,39,Discovery,Attack
A-10-SCN093-04-04,2026-01-14T12:20:00,State Government Networks,S10-WS01,wmic,68,Lateral Movement,Attack
A-10-SCN093-04-05,2026-01-14T12:26:00,State Government Networks,S10-CTRL01,curl,1772,Impact,Attack
A-10-SCN093-04-06,2026-01-14T12:32:00,State Government Networks,S10-BKP01,ssh,70,Impact,Attack
A-10-SCN093-04-07,2026-01-14T12:38:00,State Government Networks,S10-VPN01,python,647,Impact,Attack
A-10-SCN093-04-08,2026-01-14T12:42:00,State Government Networks,S10-GW01,ssh,1003,Impact,Attack
A-10-SCN093-04-09,2026-01-14T12:46:00,State Government Networks,S10-MON01,python,999,Impact,Attack
A-10-SCN094-01-00,2026-01-14T09:00:00,State Government Networks,S10-GW01,unknown,12,Reconnaissance,Attack
A-10-SCN094-01-01,2026-01-14T09:05:00,State Government Networks,S10-VPN01,wmic,12,Initial Access,Attack
A-10-SCN094-01-02,2026-01-14T09:10:00,State Government Networks,S10-WS01,curl,95,Credential Access,Attack
A-10-SCN094-01-03,2026-01-14T09:17:00,State Government Networks,S10-MGMT01,cmd,69,Discovery,Attack
A-10-SCN094-01-04,2026-01-14T09:22:00,State Government Networks,S10-AUTH01,unknown,97,Lateral Movement,Attack
A-10-SCN094-01-05,2026-01-14T09:27:00,State Government Networks,S10-DB01,wmic,1416,Collection,Attack
A-10-SCN094-01-06,2026-01-14T09:30:00,State Government Networks,S10-GW01,cmd,1259,Collection,Attack
A-10-SCN094-01-07,2026-01-14T09:35:00,State Government Networks,S10-VPN01,cmd,1771,Collection,Attack
A-10-SCN094-01-08,2026-01-14T09:42:00,State Government Networks,S10-WS01,unknown,424,Collection,Attack
A-10-SCN094-01-09,2026-01-14T09:46:00,State Government Networks,S10-MGMT01,unknown,524,Collection,Attack
A-10-SCN094-02-00,2026-01-14T10:00:00,State Government Networks,S10-MON01,python,88,Reconnaissance,Attack
A-10-SCN094-02-01,2026-01-14T10:08:00,State Government Networks,S10-BKP01,wmic,14,Initial Access,Attack
A-10-SCN094-02-02,2026-01-14T10:13:00,State Government Networks,S10-VPN01,cmd,78,Credential Access,Attack
A-10-SCN094-02-03,2026-01-14T10:15:00,State Government Networks,S10-DB01,ssh,84,Discovery,Attack
A-10-SCN094-02-04,2026-01-14T10:22:00,State Government Networks,S10-GW01,service-host,100,Lateral Movement,Attack
A-10-SCN094-02-05,2026-01-14T10:26:00,State Government Networks,S10-CTRL01,cmd,1794,Collection,Attack
A-10-SCN094-02-06,2026-01-14T10:32:00,State Government Networks,S10-MON01,service-host,119,Collection,Attack
A-10-SCN094-02-07,2026-01-14T10:36:00,State Government Networks,S10-BKP01,powershell,523,Collection,Attack
A-10-SCN094-02-08,2026-01-14T10:40:00,State Government Networks,S10-VPN01,wmic,986,Collection,Attack
A-10-SCN094-02-09,2026-01-14T10:48:00,State Government Networks,S10-DB01,curl,883,Collection,Attack
A-10-SCN094-03-00,2026-01-14T11:01:00,State Government Networks,S10-AUTH01,service-host,75,Reconnaissance,Attack
A-10-SCN094-03-01,2026-01-14T11:05:00,State Government Networks,S10-GW01,service-host,93,Initial Access,Attack
A-10-SCN094-03-02,2026-01-14T11:13:00,State Government Networks,S10-MON01,unknown,54,Credential Access,Attack
A-10-SCN094-03-03,2026-01-14T11:15:00,State Government Networks,S10-CTRL01,service-host,57,Discovery,Attack
A-10-SCN094-03-04,2026-01-14T11:23:00,State Government Networks,S10-MGMT01,cmd,3,Lateral Movement,Attack
A-10-SCN094-03-05,2026-01-14T11:27:00,State Government Networks,S10-DB01,ssh,388,Collection,Attack
A-10-SCN094-03-06,2026-01-14T11:30:00,State Government Networks,S10-AUTH01,cmd,957,Collection,Attack
A-10-SCN094-03-07,2026-01-14T11:35:00,State Government Networks,S10-GW01,ssh,460,Collection,Attack
A-10-SCN094-03-08,2026-01-14T11:42:00,State Government Networks,S10-MON01,python,1864,Collection,Attack
A-10-SCN094-03-09,2026-01-14T11:47:00,State Government Networks,S10-CTRL01,ssh,1311,Collection,Attack
A-10-SCN094-04-00,2026-01-14T12:02:00,State Government Networks,S10-BKP01,ssh,19,Reconnaissance,Attack
A-10-SCN094-04-01,2026-01-14T12:08:00,State Government Networks,S10-WS01,wmic,0,Initial Access,Attack
A-10-SCN094-04-02,2026-01-14T12:13:00,State Government Networks,S10-APP01,wmic,78,Credential Access,Attack
A-10-SCN094-04-03,2026-01-14T12:18:00,State Government Networks,S10-MGMT01,ssh,81,Discovery,Attack
A-10-SCN094-04-04,2026-01-14T12:22:00,State Government Networks,S10-VPN01,wmic,43,Lateral Movement,Attack
A-10-SCN094-04-05,2026-01-14T12:28:00,State Government Networks,S10-CTRL01,powershell,113,Collection,Attack
A-10-SCN094-04-06,2026-01-14T12:33:00,State Government Networks,S10-BKP01,python,1544,Collection,Attack
A-10-SCN094-04-07,2026-01-14T12:35:00,State Government Networks,S10-WS01,powershell,413,Collection,Attack
A-10-SCN094-04-08,2026-01-14T12:40:00,State Government Networks,S10-APP01,unknown,850,Collection,Attack
A-10-SCN094-04-09,2026-01-14T12:48:00,State Government Networks,S10-MGMT01,cmd,62,Collection,Attack
A-10-SCN095-01-00,2026-01-14T09:02:00,State Government Networks,S10-APP01,service-host,64,Reconnaissance,Attack
A-10-SCN095-01-01,2026-01-14T09:05:00,State Government Networks,S10-DB01,wmic,34,Initial Access,Attack
A-10-SCN095-01-02,2026-01-14T09:10:00,State Government Networks,S10-WS01,curl,65,Execution,Attack
A-10-SCN095-01-03,2026-01-14T09:16:00,State Government Networks,S10-MGMT01,curl,18,Persistence,Attack
A-10-SCN095-01-04,2026-01-14T09:21:00,State Government Networks,S10-AUTH01,powershell,30,Privilege Escalation,Attack
A-10-SCN095-01-05,2026-01-14T09:25:00,State Government Networks,S10-MON01,wmic,60,Discovery,Attack
A-10-SCN095-01-06,2026-01-14T09:32:00,State Government Networks,S10-APP01,unknown,18,Lateral Movement,Attack
A-10-SCN095-01-07,2026-01-14T09:37:00,State Government Networks,S10-DB01,wmic,75,Command and Control,Attack
A-10-SCN095-01-08,2026-01-14T09:41:00,State Government Networks,S10-WS01,ssh,72,Command and Control,Attack
A-10-SCN095-01-09,2026-01-14T09:47:00,State Government Networks,S10-MGMT01,wmic,30,Command and Control,Attack
A-10-SCN095-02-00,2026-01-14T10:00:00,State Government Networks,S10-APP01,unknown,65,Reconnaissance,Attack
A-10-SCN095-02-01,2026-01-14T10:05:00,State Government Networks,S10-BKP01,curl,11,Initial Access,Attack
A-10-SCN095-02-02,2026-01-14T10:11:00,State Government Networks,S10-MON01,cmd,42,Execution,Attack
A-10-SCN095-02-03,2026-01-14T10:18:00,State Government Networks,S10-GW01,python,10,Persistence,Attack
A-10-SCN095-02-04,2026-01-14T10:22:00,State Government Networks,S10-MGMT01,powershell,10,Privilege Escalation,Attack
A-10-SCN095-02-05,2026-01-14T10:25:00,State Government Networks,S10-AUTH01,python,72,Discovery,Attack
A-10-SCN095-02-06,2026-01-14T10:32:00,State Government Networks,S10-APP01,curl,75,Lateral Movement,Attack
A-10-SCN095-02-07,2026-01-14T10:37:00,State Government Networks,S10-BKP01,curl,34,Command and Control,Attack
A-10-SCN095-02-08,2026-01-14T10:40:00,State Government Networks,S10-MON01,curl,52,Command and Control,Attack
A-10-SCN095-02-09,2026-01-14T10:47:00,State Government Networks,S10-GW01,powershell,36,Command and Control,Attack
A-10-SCN095-03-00,2026-01-14T11:03:00,State Government Networks,S10-BKP01,ssh,78,Reconnaissance,Attack
A-10-SCN095-03-01,2026-01-14T11:08:00,State Government Networks,S10-MON01,powershell,9,Initial Access,Attack
A-10-SCN095-03-02,2026-01-14T11:11:00,State Government Networks,S10-CTRL01,service-host,99,Execution,Attack
A-10-SCN095-03-03,2026-01-14T11:15:00,State Government Networks,S10-AUTH01,service-host,65,Persistence,Attack
A-10-SCN095-03-04,2026-01-14T11:23:00,State Government Networks,S10-APP01,service-host,67,Privilege Escalation,Attack
A-10-SCN095-03-05,2026-01-14T11:28:00,State Government Networks,S10-GW01,ssh,37,Discovery,Attack
A-10-SCN095-03-06,2026-01-14T11:32:00,State Government Networks,S10-BKP01,service-host,78,Lateral Movement,Attack
A-10-SCN095-03-07,2026-01-14T11:35:00,State Government Networks,S10-MON01,python,68,Command and Control,Attack
A-10-SCN095-03-08,2026-01-14T11:40:00,State Government Networks,S10-CTRL01,wmic,27,Command and Control,Attack
A-10-SCN095-03-09,2026-01-14T11:45:00,State Government Networks,S10-AUTH01,powershell,33,Command and Control,Attack
A-10-SCN095-04-00,2026-01-14T12:02:00,State Government Networks,S10-MGMT01,wmic,25,Reconnaissance,Attack
A-10-SCN095-04-01,2026-01-14T12:08:00,State Government Networks,S10-APP01,python,15,Initial Access,Attack
A-10-SCN095-04-02,2026-01-14T12:13:00,State Government Networks,S10-WS01,service-host,37,Execution,Attack
A-10-SCN095-04-03,2026-01-14T12:17:00,State Government Networks,S10-AUTH01,wmic,43,Persistence,Attack
A-10-SCN095-04-04,2026-01-14T12:21:00,State Government Networks,S10-DB01,unknown,83,Privilege Escalation,Attack
A-10-SCN095-04-05,2026-01-14T12:28:00,State Government Networks,S10-CTRL01,service-host,54,Discovery,Attack
A-10-SCN095-04-06,2026-01-14T12:31:00,State Government Networks,S10-MGMT01,python,70,Lateral Movement,Attack
A-10-SCN095-04-07,2026-01-14T12:37:00,State Government Networks,S10-APP01,cmd,72,Command and Control,Attack
A-10-SCN095-04-08,2026-01-14T12:42:00,State Government Networks,S10-WS01,service-host,22,Command and Control,Attack
A-10-SCN095-04-09,2026-01-14T12:45:00,State Government Networks,S10-AUTH01,ssh,25,Command and Control,Attack
A-10-SCN096-01-00,2026-01-14T09:00:00,State Government Networks,S10-MON01,ssh,76,Reconnaissance,Attack
A-10-SCN096-01-01,2026-01-14T09:06:00,State Government Networks,S10-AUTH01,curl,13,Initial Access,Attack
A-10-SCN096-01-02,2026-01-14T09:11:00,State Government Networks,S10-APP01,service-host,95,Credential Access,Attack
A-10-SCN096-01-03,2026-01-14T09:16:00,State Government Networks,S10-WS01,unknown,32,Discovery,Attack
A-10-SCN096-01-04,2026-01-14T09:21:00,State Government Networks,S10-CTRL01,powershell,1874,Collection,Attack
A-10-SCN096-01-05,2026-01-14T09:26:00,State Government Networks,S10-DB01,service-host,20,Exfiltration,Attack
A-10-SCN096-01-06,2026-01-14T09:32:00,State Government Networks,S10-MON01,python,33,Exfiltration,Attack
A-10-SCN096-01-07,2026-01-14T09:38:00,State Government Networks,S10-AUTH01,curl,28,Exfiltration,Attack
A-10-SCN096-01-08,2026-01-14T09:43:00,State Government Networks,S10-APP01,ssh,94,Exfiltration,Attack
A-10-SCN096-01-09,2026-01-14T09:48:00,State Government Networks,S10-WS01,curl,54,Exfiltration,Attack
A-10-SCN096-02-00,2026-01-14T10:03:00,State Government Networks,S10-MON01,python,64,Reconnaissance,Attack
A-10-SCN096-02-01,2026-01-14T10:06:00,State Government Networks,S10-BKP01,wmic,63,Initial Access,Attack
A-10-SCN096-02-02,2026-01-14T10:11:00,State Government Networks,S10-AUTH01,wmic,86,Credential Access,Attack
A-10-SCN096-02-03,2026-01-14T10:16:00,State Government Networks,S10-MGMT01,python,6,Discovery,Attack
A-10-SCN096-02-04,2026-01-14T10:20:00,State Government Networks,S10-DB01,powershell,185,Collection,Attack
A-10-SCN096-02-05,2026-01-14T10:26:00,State Government Networks,S10-CTRL01,wmic,45,Exfiltration,Attack
A-10-SCN096-02-06,2026-01-14T10:30:00,State Government Networks,S10-MON01,unknown,4,Exfiltration,Attack
A-10-SCN096-02-07,2026-01-14T10:35:00,State Government Networks,S10-BKP01,wmic,42,Exfiltration,Attack
A-10-SCN096-02-08,2026-01-14T10:41:00,State Government Networks,S10-AUTH01,unknown,90,Exfiltration,Attack
A-10-SCN096-02-09,2026-01-14T10:46:00,State Government Networks,S10-MGMT01,ssh,98,Exfiltration,Attack
A-10-SCN096-03-00,2026-01-14T11:01:00,State Government Networks,S10-DB01,service-host,10,Reconnaissance,Attack
A-10-SCN096-03-01,2026-01-14T11:05:00,State Government Networks,S10-APP01,service-host,43,Initial Access,Attack
A-10-SCN096-03-02,2026-01-14T11:11:00,State Government Networks,S10-AUTH01,service-host,75,Credential Access,Attack
A-10-SCN096-03-03,2026-01-14T11:17:00,State Government Networks,S10-MON01,cmd,33,Discovery,Attack
A-10-SCN096-03-04,2026-01-14T11:21:00,State Government Networks,S10-GW01,cmd,1731,Collection,Attack
A-10-SCN096-03-05,2026-01-14T11:27:00,State Government Networks,S10-MGMT01,wmic,79,Exfiltration,Attack
A-10-SCN096-03-06,2026-01-14T11:33:00,State Government Networks,S10-DB01,ssh,66,Exfiltration,Attack
A-10-SCN096-03-07,2026-01-14T11:36:00,State Government Networks,S10-APP01,wmic,89,Exfiltration,Attack
A-10-SCN096-03-08,2026-01-14T11:42:00,State Government Networks,S10-AUTH01,powershell,55,Exfiltration,Attack
A-10-SCN096-03-09,2026-01-14T11:46:00,State Government Networks,S10-MON01,service-host,47,Exfiltration,Attack
A-10-SCN096-04-00,2026-01-14T12:00:00,State Government Networks,S10-WS01,python,89,Reconnaissance,Attack
A-10-SCN096-04-01,2026-01-14T12:05:00,State Government Networks,S10-MGMT01,curl,85,Initial Access,Attack
A-10-SCN096-04-02,2026-01-14T12:11:00,State Government Networks,S10-AUTH01,wmic,98,Credential Access,Attack
A-10-SCN096-04-03,2026-01-14T12:15:00,State Government Networks,S10-BKP01,wmic,41,Discovery,Attack
A-10-SCN096-04-04,2026-01-14T12:23:00,State Government Networks,S10-VPN01,ssh,90,Collection,Attack
A-10-SCN096-04-05,2026-01-14T12:28:00,State Government Networks,S10-DB01,unknown,58,Exfiltration,Attack
A-10-SCN096-04-06,2026-01-14T12:32:00,State Government Networks,S10-WS01,service-host,97,Exfiltration,Attack
A-10-SCN096-04-07,2026-01-14T12:36:00,State Government Networks,S10-MGMT01,curl,19,Exfiltration,Attack
A-10-SCN096-04-08,2026-01-14T12:41:00,State Government Networks,S10-AUTH01,ssh,45,Exfiltration,Attack
A-10-SCN096-04-09,2026-01-14T12:47:00,State Government Networks,S10-BKP01,python,0,Exfiltration,Attack
A-10-SCN097-01-00,2026-01-14T09:01:00,State Government Networks,S10-WS01,cmd,31,Reconnaissance,Attack
A-10-SCN097-01-01,2026-01-14T09:06:00,State Government Networks,S10-VPN01,cmd,89,Initial Access,Attack
A-10-SCN097-01-02,2026-01-14T09:12:00,State Government Networks,S10-MGMT01,curl,70,Execution,Attack
A-10-SCN097-01-03,2026-01-14T09:18:00,State Government Networks,S10-BKP01,unknown,26,Persistence,Attack
A-10-SCN097-01-04,2026-01-14T09:22:00,State Government Networks,S10-MON01,wmic,86,Privilege Escalation,Attack
A-10-SCN097-01-05,2026-01-14T09:26:00,State Government Networks,S10-GW01,service-host,97,Discovery,Attack
A-10-SCN097-01-06,2026-01-14T09:30:00,State Government Networks,S10-WS01,curl,96,Lateral Movement,Attack
A-10-SCN097-01-07,2026-01-14T09:35:00,State Government Networks,S10-VPN01,unknown,37,Command and Control,Attack
A-10-SCN097-01-08,2026-01-14T09:42:00,State Government Networks,S10-MGMT01,cmd,75,Command and Control,Attack
A-10-SCN097-01-09,2026-01-14T09:46:00,State Government Networks,S10-BKP01,powershell,56,Command and Control,Attack
A-10-SCN097-02-00,2026-01-14T10:01:00,State Government Networks,S10-CTRL01,python,5,Reconnaissance,Attack
A-10-SCN097-02-01,2026-01-14T10:08:00,State Government Networks,S10-AUTH01,unknown,7,Initial Access,Attack
A-10-SCN097-02-02,2026-01-14T10:13:00,State Government Networks,S10-GW01,service-host,43,Execution,Attack
A-10-SCN097-02-03,2026-01-14T10:16:00,State Government Networks,S10-DB01,unknown,33,Persistence,Attack
A-10-SCN097-02-04,2026-01-14T10:20:00,State Government Networks,S10-MGMT01,service-host,1,Privilege Escalation,Attack
A-10-SCN097-02-05,2026-01-14T10:28:00,State Government Networks,S10-BKP01,cmd,100,Discovery,Attack
A-10-SCN097-02-06,2026-01-14T10:30:00,State Government Networks,S10-CTRL01,ssh,85,Lateral Movement,Attack
A-10-SCN097-02-07,2026-01-14T10:37:00,State Government Networks,S10-AUTH01,powershell,8,Command and Control,Attack
A-10-SCN097-02-08,2026-01-14T10:42:00,State Government Networks,S10-GW01,cmd,32,Command and Control,Attack
A-10-SCN097-02-09,2026-01-14T10:48:00,State Government Networks,S10-DB01,wmic,86,Command and Control,Attack
A-10-SCN097-03-00,2026-01-14T11:03:00,State Government Networks,S10-APP01,powershell,28,Reconnaissance,Attack
A-10-SCN097-03-01,2026-01-14T11:07:00,State Government Networks,S10-DB01,service-host,38,Initial Access,Attack
A-10-SCN097-03-02,2026-01-14T11:13:00,State Government Networks,S10-WS01,cmd,80,Execution,Attack
A-10-SCN097-03-03,2026-01-14T11:17:00,State Government Networks,S10-MGMT01,unknown,51,Persistence,Attack
A-10-SCN097-03-04,2026-01-14T11:21:00,State Government Networks,S10-AUTH01,powershell,37,Privilege Escalation,Attack
A-10-SCN097-03-05,2026-01-14T11:28:00,State Government Networks,S10-GW01,unknown,9,Discovery,Attack
A-10-SCN097-03-06,2026-01-14T11:33:00,State Government Networks,S10-APP01,curl,28,Lateral Movement,Attack
A-10-SCN097-03-07,2026-01-14T11:37:00,State Government Networks,S10-DB01,powershell,69,Command and Control,Attack
A-10-SCN097-03-08,2026-01-14T11:41:00,State Government Networks,S10-WS01,wmic,100,Command and Control,Attack
A-10-SCN097-03-09,2026-01-14T11:46:00,State Government Networks,S10-MGMT01,cmd,88,Command and Control,Attack
A-10-SCN097-04-00,2026-01-14T12:02:00,State Government Networks,S10-APP01,python,32,Reconnaissance,Attack
A-10-SCN097-04-01,2026-01-14T12:05:00,State Government Networks,S10-AUTH01,wmic,89,Initial Access,Attack
A-10-SCN097-04-02,2026-01-14T12:11:00,State Government Networks,S10-CTRL01,unknown,100,Execution,Attack
A-10-SCN097-04-03,2026-01-14T12:15:00,State Government Networks,S10-BKP01,cmd,73,Persistence,Attack
A-10-SCN097-04-04,2026-01-14T12:21:00,State Government Networks,S10-MON01,powershell,46,Privilege Escalation,Attack
A-10-SCN097-04-05,2026-01-14T12:27:00,State Government Networks,S10-VPN01,ssh,3,Discovery,Attack
A-10-SCN097-04-06,2026-01-14T12:30:00,State Government Networks,S10-APP01,wmic,60,Lateral Movement,Attack
A-10-SCN097-04-07,2026-01-14T12:37:00,State Government Networks,S10-AUTH01,wmic,27,Command and Control,Attack
A-10-SCN097-04-08,2026-01-14T12:41:00,State Government Networks,S10-CTRL01,wmic,74,Command and Control,Attack
A-10-SCN097-04-09,2026-01-14T12:46:00,State Government Networks,S10-BKP01,wmic,70,Command and Control,Attack
A-10-SCN098-01-00,2026-01-14T09:02:00,State Government Networks,S10-VPN01,wmic,27,Reconnaissance,Attack
A-10-SCN098-01-01,2026-01-14T09:07:00,State Government Networks,S10-MGMT01,service-host,35,Initial Access,Attack
A-10-SCN098-01-02,2026-01-14T09:11:00,State Government Networks,S10-CTRL01,wmic,39,Execution,Attack
A-10-SCN098-01-03,2026-01-14T09:15:00,State Government Networks,S10-DB01,curl,8,Persistence,Attack
A-10-SCN098-01-04,2026-01-14T09:23:00,State Government Networks,S10-AUTH01,cmd,24,Privilege Escalation,Attack
A-10-SCN098-01-05,2026-01-14T09:26:00,State Government Networks,S10-GW01,cmd,34,Discovery,Attack
A-10-SCN098-01-06,2026-01-14T09:33:00,State Government Networks,S10-VPN01,python,43,Lateral Movement,Attack
A-10-SCN098-01-07,2026-01-14T09:38:00,State Government Networks,S10-MGMT01,powershell,55,Command and Control,Attack
A-10-SCN098-01-08,2026-01-14T09:41:00,State Government Networks,S10-CTRL01,unknown,68,Command and Control,Attack
A-10-SCN098-01-09,2026-01-14T09:46:00,State Government Networks,S10-DB01,unknown,50,Command and Control,Attack
A-10-SCN098-02-00,2026-01-14T10:02:00,State Government Networks,S10-MON01,wmic,98,Reconnaissance,Attack
A-10-SCN098-02-01,2026-01-14T10:05:00,State Government Networks,S10-VPN01,python,19,Initial Access,Attack
A-10-SCN098-02-02,2026-01-14T10:11:00,State Government Networks,S10-AUTH01,unknown,59,Execution,Attack
A-10-SCN098-02-03,2026-01-14T10:15:00,State Government Networks,S10-MGMT01,wmic,33,Persistence,Attack
A-10-SCN098-02-04,2026-01-14T10:22:00,State Government Networks,S10-CTRL01,python,3,Privilege Escalation,Attack
A-10-SCN098-02-05,2026-01-14T10:26:00,State Government Networks,S10-APP01,ssh,64,Discovery,Attack
A-10-SCN098-02-06,2026-01-14T10:33:00,State Government Networks,S10-MON01,ssh,2,Lateral Movement,Attack
A-10-SCN098-02-07,2026-01-14T10:37:00,State Government Networks,S10-VPN01,service-host,41,Command and Control,Attack
A-10-SCN098-02-08,2026-01-14T10:40:00,State Government Networks,S10-AUTH01,curl,73,Command and Control,Attack
A-10-SCN098-02-09,2026-01-14T10:47:00,State Government Networks,S10-MGMT01,powershell,9,Command and Control,Attack
A-10-SCN098-03-00,2026-01-14T11:03:00,State Government Networks,S10-AUTH01,cmd,44,Reconnaissance,Attack
A-10-SCN098-03-01,2026-01-14T11:07:00,State Government Networks,S10-VPN01,ssh,65,Initial Access,Attack
A-10-SCN098-03-02,2026-01-14T11:13:00,State Government Networks,S10-CTRL01,cmd,27,Execution,Attack
A-10-SCN098-03-03,2026-01-14T11:15:00,State Government Networks,S10-MGMT01,curl,6,Persistence,Attack
A-10-SCN098-03-04,2026-01-14T11:23:00,State Government Networks,S10-APP01,wmic,8,Privilege Escalation,Attack
A-10-SCN098-03-05,2026-01-14T11:28:00,State Government Networks,S10-MON01,curl,7,Discovery,Attack
A-10-SCN098-03-06,2026-01-14T11:32:00,State Government Networks,S10-AUTH01,python,48,Lateral Movement,Attack
A-10-SCN098-03-07,2026-01-14T11:38:00,State Government Networks,S10-VPN01,ssh,38,Command and Control,Attack
A-10-SCN098-03-08,2026-01-14T11:40:00,State Government Networks,S10-CTRL01,powershell,59,Command and Control,Attack
A-10-SCN098-03-09,2026-01-14T11:46:00,State Government Networks,S10-MGMT01,cmd,18,Command and Control,Attack
A-10-SCN098-04-00,2026-01-14T12:00:00,State Government Networks,S10-AUTH01,cmd,43,Reconnaissance,Attack
A-10-SCN098-04-01,2026-01-14T12:05:00,State Government Networks,S10-VPN01,powershell,81,Initial Access,Attack
A-10-SCN098-04-02,2026-01-14T12:11:00,State Government Networks,S10-BKP01,curl,1,Execution,Attack
A-10-SCN098-04-03,2026-01-14T12:16:00,State Government Networks,S10-MGMT01,unknown,61,Persistence,Attack
A-10-SCN098-04-04,2026-01-14T12:21:00,State Government Networks,S10-GW01,service-host,81,Privilege Escalation,Attack
A-10-SCN098-04-05,2026-01-14T12:25:00,State Government Networks,S10-DB01,unknown,11,Discovery,Attack
A-10-SCN098-04-06,2026-01-14T12:31:00,State Government Networks,S10-AUTH01,cmd,73,Lateral Movement,Attack
A-10-SCN098-04-07,2026-01-14T12:37:00,State Government Networks,S10-VPN01,python,93,Command and Control,Attack
A-10-SCN098-04-08,2026-01-14T12:42:00,State Government Networks,S10-BKP01,python,13,Command and Control,Attack
A-10-SCN098-04-09,2026-01-14T12:46:00,State Government Networks,S10-MGMT01,curl,52,Command and Control,Attack
A-10-SCN099-01-00,2026-01-14T09:01:00,State Government Networks,S10-WS01,ssh,24,Reconnaissance,Attack
A-10-SCN099-01-01,2026-01-14T09:06:00,State Government Networks,S10-DB01,curl,58,Initial Access,Attack
A-10-SCN099-01-02,2026-01-14T09:10:00,State Government Networks,S10-MON01,curl,98,Execution,Attack
A-10-SCN099-01-03,2026-01-14T09:15:00,State Government Networks,S10-CTRL01,cmd,1,Persistence,Attack
A-10-SCN099-01-04,2026-01-14T09:22:00,State Government Networks,S10-APP01,ssh,30,Privilege Escalation,Attack
A-10-SCN099-01-05,2026-01-14T09:25:00,State Government Networks,S10-GW01,wmic,19,Discovery,Attack
A-10-SCN099-01-06,2026-01-14T09:30:00,State Government Networks,S10-WS01,wmic,18,Lateral Movement,Attack
A-10-SCN099-01-07,2026-01-14T09:36:00,State Government Networks,S10-DB01,python,61,Command and Control,Attack
A-10-SCN099-01-08,2026-01-14T09:40:00,State Government Networks,S10-MON01,cmd,95,Command and Control,Attack
A-10-SCN099-01-09,2026-01-14T09:48:00,State Government Networks,S10-CTRL01,service-host,95,Command and Control,Attack
A-10-SCN099-02-00,2026-01-14T10:03:00,State Government Networks,S10-WS01,wmic,93,Reconnaissance,Attack
A-10-SCN099-02-01,2026-01-14T10:06:00,State Government Networks,S10-BKP01,wmic,97,Initial Access,Attack
A-10-SCN099-02-02,2026-01-14T10:12:00,State Government Networks,S10-GW01,powershell,20,Execution,Attack
A-10-SCN099-02-03,2026-01-14T10:17:00,State Government Networks,S10-VPN01,unknown,99,Persistence,Attack
A-10-SCN099-02-04,2026-01-14T10:22:00,State Government Networks,S10-MGMT01,cmd,9,Privilege Escalation,Attack
A-10-SCN099-02-05,2026-01-14T10:26:00,State Government Networks,S10-CTRL01,service-host,51,Discovery,Attack
A-10-SCN099-02-06,2026-01-14T10:32:00,State Government Networks,S10-WS01,service-host,12,Lateral Movement,Attack
A-10-SCN099-02-07,2026-01-14T10:35:00,State Government Networks,S10-BKP01,curl,15,Command and Control,Attack
A-10-SCN099-02-08,2026-01-14T10:43:00,State Government Networks,S10-GW01,service-host,71,Command and Control,Attack
A-10-SCN099-02-09,2026-01-14T10:48:00,State Government Networks,S10-VPN01,wmic,12,Command and Control,Attack
A-10-SCN099-03-00,2026-01-14T11:03:00,State Government Networks,S10-AUTH01,curl,4,Reconnaissance,Attack
A-10-SCN099-03-01,2026-01-14T11:07:00,State Government Networks,S10-WS01,python,77,Initial Access,Attack
A-10-SCN099-03-02,2026-01-14T11:10:00,State Government Networks,S10-MON01,curl,68,Execution,Attack
A-10-SCN099-03-03,2026-01-14T11:18:00,State Government Networks,S10-MGMT01,cmd,60,Persistence,Attack
A-10-SCN099-03-04,2026-01-14T11:23:00,State Government Networks,S10-APP01,ssh,48,Privilege Escalation,Attack
A-10-SCN099-03-05,2026-01-14T11:25:00,State Government Networks,S10-BKP01,powershell,70,Discovery,Attack
A-10-SCN099-03-06,2026-01-14T11:31:00,State Government Networks,S10-AUTH01,service-host,71,Lateral Movement,Attack
A-10-SCN099-03-07,2026-01-14T11:37:00,State Government Networks,S10-WS01,curl,42,Command and Control,Attack
A-10-SCN099-03-08,2026-01-14T11:43:00,State Government Networks,S10-MON01,python,94,Command and Control,Attack
A-10-SCN099-03-09,2026-01-14T11:46:00,State Government Networks,S10-MGMT01,powershell,78,Command and Control,Attack
A-10-SCN099-04-00,2026-01-14T12:02:00,State Government Networks,S10-BKP01,cmd,40,Reconnaissance,Attack
A-10-SCN099-04-01,2026-01-14T12:05:00,State Government Networks,S10-MON01,ssh,24,Initial Access,Attack
A-10-SCN099-04-02,2026-01-14T12:13:00,State Government Networks,S10-VPN01,curl,94,Execution,Attack
A-10-SCN099-04-03,2026-01-14T12:16:00,State Government Networks,S10-WS01,ssh,82,Persistence,Attack
A-10-SCN099-04-04,2026-01-14T12:23:00,State Government Networks,S10-MGMT01,cmd,32,Privilege Escalation,Attack
A-10-SCN099-04-05,2026-01-14T12:26:00,State Government Networks,S10-GW01,cmd,55,Discovery,Attack
A-10-SCN099-04-06,2026-01-14T12:31:00,State Government Networks,S10-BKP01,cmd,86,Lateral Movement,Attack
A-10-SCN099-04-07,2026-01-14T12:38:00,State Government Networks,S10-MON01,python,9,Command and Control,Attack
A-10-SCN099-04-08,2026-01-14T12:41:00,State Government Networks,S10-VPN01,service-host,60,Command and Control,Attack
A-10-SCN099-04-09,2026-01-14T12:46:00,State Government Networks,S10-WS01,cmd,64,Command and Control,Attack
A-10-SCN100-01-00,2026-01-14T09:02:00,State Government Networks,S10-APP01,ssh,59,Reconnaissance,Attack
A-10-SCN100-01-01,2026-01-14T09:06:00,State Government Networks,S10-DB01,cmd,7,Initial Access,Attack
A-10-SCN100-01-02,2026-01-14T09:10:00,State Government Networks,S10-GW01,cmd,65,Execution,Attack
A-10-SCN100-01-03,2026-01-14T09:18:00,State Government Networks,S10-VPN01,python,0,Persistence,Attack
A-10-SCN100-01-04,2026-01-14T09:21:00,State Government Networks,S10-BKP01,wmic,56,Privilege Escalation,Attack
A-10-SCN100-01-05,2026-01-14T09:27:00,State Government Networks,S10-AUTH01,unknown,32,Discovery,Attack
A-10-SCN100-01-06,2026-01-14T09:33:00,State Government Networks,S10-APP01,curl,50,Lateral Movement,Attack
A-10-SCN100-01-07,2026-01-14T09:37:00,State Government Networks,S10-DB01,curl,86,Command and Control,Attack
A-10-SCN100-01-08,2026-01-14T09:43:00,State Government Networks,S10-GW01,python,71,Command and Control,Attack
A-10-SCN100-01-09,2026-01-14T09:47:00,State Government Networks,S10-VPN01,wmic,3,Command and Control,Attack
A-10-SCN100-02-00,2026-01-14T10:00:00,State Government Networks,S10-WS01,python,54,Reconnaissance,Attack
A-10-SCN100-02-01,2026-01-14T10:07:00,State Government Networks,S10-DB01,wmic,66,Initial Access,Attack
A-10-SCN100-02-02,2026-01-14T10:12:00,State Government Networks,S10-GW01,wmic,10,Execution,Attack
A-10-SCN100-02-03,2026-01-14T10:18:00,State Government Networks,S10-AUTH01,service-host,14,Persistence,Attack
A-10-SCN100-02-04,2026-01-14T10:23:00,State Government Networks,S10-MON01,curl,44,Privilege Escalation,Attack
A-10-SCN100-02-05,2026-01-14T10:27:00,State Government Networks,S10-CTRL01,unknown,64,Discovery,Attack
A-10-SCN100-02-06,2026-01-14T10:32:00,State Government Networks,S10-WS01,powershell,93,Lateral Movement,Attack
A-10-SCN100-02-07,2026-01-14T10:36:00,State Government Networks,S10-DB01,ssh,50,Command and Control,Attack
A-10-SCN100-02-08,2026-01-14T10:43:00,State Government Networks,S10-GW01,wmic,90,Command and Control,Attack
A-10-SCN100-02-09,2026-01-14T10:45:00,State Government Networks,S10-AUTH01,powershell,57,Command and Control,Attack
A-10-SCN100-03-00,2026-01-14T11:00:00,State Government Networks,S10-GW01,ssh,21,Reconnaissance,Attack
A-10-SCN100-03-01,2026-01-14T11:05:00,State Government Networks,S10-AUTH01,service-host,97,Initial Access,Attack
A-10-SCN100-03-02,2026-01-14T11:11:00,State Government Networks,S10-VPN01,wmic,61,Execution,Attack
A-10-SCN100-03-03,2026-01-14T11:18:00,State Government Networks,S10-BKP01,service-host,84,Persistence,Attack
A-10-SCN100-03-04,2026-01-14T11:22:00,State Government Networks,S10-MGMT01,python,26,Privilege Escalation,Attack
A-10-SCN100-03-05,2026-01-14T11:25:00,State Government Networks,S10-APP01,powershell,29,Discovery,Attack
A-10-SCN100-03-06,2026-01-14T11:30:00,State Government Networks,S10-GW01,cmd,59,Lateral Movement,Attack
A-10-SCN100-03-07,2026-01-14T11:35:00,State Government Networks,S10-AUTH01,unknown,74,Command and Control,Attack
A-10-SCN100-03-08,2026-01-14T11:40:00,State Government Networks,S10-VPN01,curl,18,Command and Control,Attack
A-10-SCN100-03-09,2026-01-14T11:45:00,State Government Networks,S10-BKP01,cmd,76,Command and Control,Attack
A-10-SCN100-04-00,2026-01-14T12:00:00,State Government Networks,S10-GW01,curl,19,Reconnaissance,Attack
A-10-SCN100-04-01,2026-01-14T12:08:00,State Government Networks,S10-BKP01,powershell,34,Initial Access,Attack
A-10-SCN100-04-02,2026-01-14T12:13:00,State Government Networks,S10-DB01,unknown,31,Execution,Attack
A-10-SCN100-04-03,2026-01-14T12:17:00,State Government Networks,S10-VPN01,wmic,1,Persistence,Attack
A-10-SCN100-04-04,2026-01-14T12:22:00,State Government Networks,S10-AUTH01,cmd,63,Privilege Escalation,Attack
A-10-SCN100-04-05,2026-01-14T12:25:00,State Government Networks,S10-MGMT01,cmd,69,Discovery,Attack
A-10-SCN100-04-06,2026-01-14T12:31:00,State Government Networks,S10-GW01,ssh,99,Lateral Movement,Attack
A-10-SCN100-04-07,2026-01-14T12:35:00,State Government Networks,S10-BKP01,python,70,Command and Control,Attack
A-10-SCN100-04-08,2026-01-14T12:41:00,State Government Networks,S10-DB01,powershell,22,Command and Control,Attack
A-10-SCN100-04-09,2026-01-14T12:45:00,State Government Networks,S10-VPN01,curl,49,Command and Control,Attack
