EVENT_ID,SECTOR,ATTACK_TYPE,CURRENT_ATTACK_STAGE,MITRE_TECHNIQUE,LABEL
N-01-00000,Government Data Centres,Normal,Normal,None,Normal
N-01-00001,Government Data Centres,Normal,Normal,None,Normal
N-01-00002,Government Data Centres,Normal,Normal,None,Normal
N-01-00003,Government Data Centres,Normal,Normal,None,Normal
N-01-00004,Government Data Centres,Normal,Normal,None,Normal
N-01-00005,Government Data Centres,Normal,Normal,None,Normal
N-01-00006,Government Data Centres,Normal,Normal,None,Normal
N-01-00007,Government Data Centres,Normal,Normal,None,Normal
N-01-00008,Government Data Centres,Normal,Normal,None,Normal
N-01-00009,Government Data Centres,Normal,Normal,None,Normal
N-01-00010,Government Data Centres,Normal,Normal,None,Normal
N-01-00011,Government Data Centres,Normal,Normal,None,Normal
N-01-00012,Government Data Centres,Normal,Normal,None,Normal
N-01-00013,Government Data Centres,Normal,Normal,None,Normal
N-01-00014,Government Data Centres,Normal,Normal,None,Normal
N-01-00015,Government Data Centres,Normal,Normal,None,Normal
N-01-00016,Government Data Centres,Normal,Normal,None,Normal
N-01-00017,Government Data Centres,Normal,Normal,None,Normal
N-01-00018,Government Data Centres,Normal,Normal,None,Normal
N-01-00019,Government Data Centres,Normal,Normal,None,Normal
N-01-00020,Government Data Centres,Normal,Normal,None,Normal
N-01-00021,Government Data Centres,Normal,Normal,None,Normal
N-01-00022,Government Data Centres,Normal,Normal,None,Normal
N-01-00023,Government Data Centres,Normal,Normal,None,Normal
N-01-00024,Government Data Centres,Normal,Normal,None,Normal
N-01-00025,Government Data Centres,Normal,Normal,None,Normal
N-01-00026,Government Data Centres,Normal,Normal,None,Normal
N-01-00027,Government Data Centres,Normal,Normal,None,Normal
N-01-00028,Government Data Centres,Normal,Normal,None,Normal
N-01-00029,Government Data Centres,Normal,Normal,None,Normal
N-01-00030,Government Data Centres,Normal,Normal,None,Normal
N-01-00031,Government Data Centres,Normal,Normal,None,Normal
N-01-00032,Government Data Centres,Normal,Normal,None,Normal
N-01-00033,Government Data Centres,Normal,Normal,None,Normal
N-01-00034,Government Data Centres,Normal,Normal,None,Normal
N-01-00035,Government Data Centres,Normal,Normal,None,Normal
N-01-00036,Government Data Centres,Normal,Normal,None,Normal
N-01-00037,Government Data Centres,Normal,Normal,None,Normal
N-01-00038,Government Data Centres,Normal,Normal,None,Normal
N-01-00039,Government Data Centres,Normal,Normal,None,Normal
N-01-00040,Government Data Centres,Normal,Normal,None,Normal
N-01-00041,Government Data Centres,Normal,Normal,None,Normal
N-01-00042,Government Data Centres,Normal,Normal,None,Normal
N-01-00043,Government Data Centres,Normal,Normal,None,Normal
N-01-00044,Government Data Centres,Normal,Normal,None,Normal
N-01-00045,Government Data Centres,Normal,Normal,None,Normal
N-01-00046,Government Data Centres,Normal,Normal,None,Normal
N-01-00047,Government Data Centres,Normal,Normal,None,Normal
N-01-00048,Government Data Centres,Normal,Normal,None,Normal
N-01-00049,Government Data Centres,Normal,Normal,None,Normal
N-01-00050,Government Data Centres,Normal,Normal,None,Normal
N-01-00051,Government Data Centres,Normal,Normal,None,Normal
N-01-00052,Government Data Centres,Normal,Normal,None,Normal
N-01-00053,Government Data Centres,Normal,Normal,None,Normal
N-01-00054,Government Data Centres,Normal,Normal,None,Normal
N-01-00055,Government Data Centres,Normal,Normal,None,Normal
N-01-00056,Government Data Centres,Normal,Normal,None,Normal
N-01-00057,Government Data Centres,Normal,Normal,None,Normal
N-01-00058,Government Data Centres,Normal,Normal,None,Normal
N-01-00059,Government Data Centres,Normal,Normal,None,Normal
N-01-00060,Government Data Centres,Normal,Normal,None,Normal
N-01-00061,Government Data Centres,Normal,Normal,None,Normal
N-01-00062,Government Data Centres,Normal,Normal,None,Normal
N-01-00063,Government Data Centres,Normal,Normal,None,Normal
N-01-00064,Government Data Centres,Normal,Normal,None,Normal
N-01-00065,Government Data Centres,Normal,Normal,None,Normal
N-01-00066,Government Data Centres,Normal,Normal,None,Normal
N-01-00067,Government Data Centres,Normal,Normal,None,Normal
N-01-00068,Government Data Centres,Normal,Normal,None,Normal
N-01-00069,Government Data Centres,Normal,Normal,None,Normal
N-01-00070,Government Data Centres,Normal,Normal,None,Normal
N-01-00071,Government Data Centres,Normal,Normal,None,Normal
N-01-00072,Government Data Centres,Normal,Normal,None,Normal
N-01-00073,Government Data Centres,Normal,Normal,None,Normal
N-01-00074,Government Data Centres,Normal,Normal,None,Normal
N-01-00075,Government Data Centres,Normal,Normal,None,Normal
N-01-00076,Government Data Centres,Normal,Normal,None,Normal
N-01-00077,Government Data Centres,Normal,Normal,None,Normal
N-01-00078,Government Data Centres,Normal,Normal,None,Normal
N-01-00079,Government Data Centres,Normal,Normal,None,Normal
N-01-00080,Government Data Centres,Normal,Normal,None,Normal
N-01-00081,Government Data Centres,Normal,Normal,None,Normal
N-01-00082,Government Data Centres,Normal,Normal,None,Normal
N-01-00083,Government Data Centres,Normal,Normal,None,Normal
N-01-00084,Government Data Centres,Normal,Normal,None,Normal
N-01-00085,Government Data Centres,Normal,Normal,None,Normal
N-01-00086,Government Data Centres,Normal,Normal,None,Normal
N-01-00087,Government Data Centres,Normal,Normal,None,Normal
N-01-00088,Government Data Centres,Normal,Normal,None,Normal
N-01-00089,Government Data Centres,Normal,Normal,None,Normal
N-01-00090,Government Data Centres,Normal,Normal,None,Normal
N-01-00091,Government Data Centres,Normal,Normal,None,Normal
N-01-00092,Government Data Centres,Normal,Normal,None,Normal
N-01-00093,Government Data Centres,Normal,Normal,None,Normal
N-01-00094,Government Data Centres,Normal,Normal,None,Normal
N-01-00095,Government Data Centres,Normal,Normal,None,Normal
N-01-00096,Government Data Centres,Normal,Normal,None,Normal
N-01-00097,Government Data Centres,Normal,Normal,None,Normal
N-01-00098,Government Data Centres,Normal,Normal,None,Normal
N-01-00099,Government Data Centres,Normal,Normal,None,Normal
N-01-00100,Government Data Centres,Normal,Normal,None,Normal
N-01-00101,Government Data Centres,Normal,Normal,None,Normal
N-01-00102,Government Data Centres,Normal,Normal,None,Normal
N-01-00103,Government Data Centres,Normal,Normal,None,Normal
N-01-00104,Government Data Centres,Normal,Normal,None,Normal
N-01-00105,Government Data Centres,Normal,Normal,None,Normal
N-01-00106,Government Data Centres,Normal,Normal,None,Normal
N-01-00107,Government Data Centres,Normal,Normal,None,Normal
N-01-00108,Government Data Centres,Normal,Normal,None,Normal
N-01-00109,Government Data Centres,Normal,Normal,None,Normal
N-01-00110,Government Data Centres,Normal,Normal,None,Normal
N-01-00111,Government Data Centres,Normal,Normal,None,Normal
N-01-00112,Government Data Centres,Normal,Normal,None,Normal
N-01-00113,Government Data Centres,Normal,Normal,None,Normal
N-01-00114,Government Data Centres,Normal,Normal,None,Normal
N-01-00115,Government Data Centres,Normal,Normal,None,Normal
N-01-00116,Government Data Centres,Normal,Normal,None,Normal
N-01-00117,Government Data Centres,Normal,Normal,None,Normal
N-01-00118,Government Data Centres,Normal,Normal,None,Normal
N-01-00119,Government Data Centres,Normal,Normal,None,Normal
N-01-00120,Government Data Centres,Normal,Normal,None,Normal
N-01-00121,Government Data Centres,Normal,Normal,None,Normal
N-01-00122,Government Data Centres,Normal,Normal,None,Normal
N-01-00123,Government Data Centres,Normal,Normal,None,Normal
N-01-00124,Government Data Centres,Normal,Normal,None,Normal
N-01-00125,Government Data Centres,Normal,Normal,None,Normal
N-01-00126,Government Data Centres,Normal,Normal,None,Normal
N-01-00127,Government Data Centres,Normal,Normal,None,Normal
N-01-00128,Government Data Centres,Normal,Normal,None,Normal
N-01-00129,Government Data Centres,Normal,Normal,None,Normal
N-01-00130,Government Data Centres,Normal,Normal,None,Normal
N-01-00131,Government Data Centres,Normal,Normal,None,Normal
N-01-00132,Government Data Centres,Normal,Normal,None,Normal
N-01-00133,Government Data Centres,Normal,Normal,None,Normal
N-01-00134,Government Data Centres,Normal,Normal,None,Normal
N-01-00135,Government Data Centres,Normal,Normal,None,Normal
N-01-00136,Government Data Centres,Normal,Normal,None,Normal
N-01-00137,Government Data Centres,Normal,Normal,None,Normal
N-01-00138,Government Data Centres,Normal,Normal,None,Normal
N-01-00139,Government Data Centres,Normal,Normal,None,Normal
N-01-00140,Government Data Centres,Normal,Normal,None,Normal
N-01-00141,Government Data Centres,Normal,Normal,None,Normal
N-01-00142,Government Data Centres,Normal,Normal,None,Normal
N-01-00143,Government Data Centres,Normal,Normal,None,Normal
N-01-00144,Government Data Centres,Normal,Normal,None,Normal
N-01-00145,Government Data Centres,Normal,Normal,None,Normal
N-01-00146,Government Data Centres,Normal,Normal,None,Normal
N-01-00147,Government Data Centres,Normal,Normal,None,Normal
N-01-00148,Government Data Centres,Normal,Normal,None,Normal
N-01-00149,Government Data Centres,Normal,Normal,None,Normal
N-01-00150,Government Data Centres,Normal,Normal,None,Normal
N-01-00151,Government Data Centres,Normal,Normal,None,Normal
N-01-00152,Government Data Centres,Normal,Normal,None,Normal
N-01-00153,Government Data Centres,Normal,Normal,None,Normal
N-01-00154,Government Data Centres,Normal,Normal,None,Normal
N-01-00155,Government Data Centres,Normal,Normal,None,Normal
N-01-00156,Government Data Centres,Normal,Normal,None,Normal
N-01-00157,Government Data Centres,Normal,Normal,None,Normal
N-01-00158,Government Data Centres,Normal,Normal,None,Normal
N-01-00159,Government Data Centres,Normal,Normal,None,Normal
N-01-00160,Government Data Centres,Normal,Normal,None,Normal
N-01-00161,Government Data Centres,Normal,Normal,None,Normal
N-01-00162,Government Data Centres,Normal,Normal,None,Normal
N-01-00163,Government Data Centres,Normal,Normal,None,Normal
N-01-00164,Government Data Centres,Normal,Normal,None,Normal
N-01-00165,Government Data Centres,Normal,Normal,None,Normal
N-01-00166,Government Data Centres,Normal,Normal,None,Normal
N-01-00167,Government Data Centres,Normal,Normal,None,Normal
N-01-00168,Government Data Centres,Normal,Normal,None,Normal
N-01-00169,Government Data Centres,Normal,Normal,None,Normal
N-01-00170,Government Data Centres,Normal,Normal,None,Normal
N-01-00171,Government Data Centres,Normal,Normal,None,Normal
N-01-00172,Government Data Centres,Normal,Normal,None,Normal
N-01-00173,Government Data Centres,Normal,Normal,None,Normal
N-01-00174,Government Data Centres,Normal,Normal,None,Normal
N-01-00175,Government Data Centres,Normal,Normal,None,Normal
N-01-00176,Government Data Centres,Normal,Normal,None,Normal
N-01-00177,Government Data Centres,Normal,Normal,None,Normal
N-01-00178,Government Data Centres,Normal,Normal,None,Normal
N-01-00179,Government Data Centres,Normal,Normal,None,Normal
N-01-00180,Government Data Centres,Normal,Normal,None,Normal
N-01-00181,Government Data Centres,Normal,Normal,None,Normal
N-01-00182,Government Data Centres,Normal,Normal,None,Normal
N-01-00183,Government Data Centres,Normal,Normal,None,Normal
N-01-00184,Government Data Centres,Normal,Normal,None,Normal
N-01-00185,Government Data Centres,Normal,Normal,None,Normal
N-01-00186,Government Data Centres,Normal,Normal,None,Normal
N-01-00187,Government Data Centres,Normal,Normal,None,Normal
N-01-00188,Government Data Centres,Normal,Normal,None,Normal
N-01-00189,Government Data Centres,Normal,Normal,None,Normal
N-01-00190,Government Data Centres,Normal,Normal,None,Normal
N-01-00191,Government Data Centres,Normal,Normal,None,Normal
N-01-00192,Government Data Centres,Normal,Normal,None,Normal
N-01-00193,Government Data Centres,Normal,Normal,None,Normal
N-01-00194,Government Data Centres,Normal,Normal,None,Normal
N-01-00195,Government Data Centres,Normal,Normal,None,Normal
N-01-00196,Government Data Centres,Normal,Normal,None,Normal
N-01-00197,Government Data Centres,Normal,Normal,None,Normal
N-01-00198,Government Data Centres,Normal,Normal,None,Normal
N-01-00199,Government Data Centres,Normal,Normal,None,Normal
N-01-00200,Government Data Centres,Normal,Normal,None,Normal
N-01-00201,Government Data Centres,Normal,Normal,None,Normal
N-01-00202,Government Data Centres,Normal,Normal,None,Normal
N-01-00203,Government Data Centres,Normal,Normal,None,Normal
N-01-00204,Government Data Centres,Normal,Normal,None,Normal
N-01-00205,Government Data Centres,Normal,Normal,None,Normal
N-01-00206,Government Data Centres,Normal,Normal,None,Normal
N-01-00207,Government Data Centres,Normal,Normal,None,Normal
N-01-00208,Government Data Centres,Normal,Normal,None,Normal
N-01-00209,Government Data Centres,Normal,Normal,None,Normal
N-01-00210,Government Data Centres,Normal,Normal,None,Normal
N-01-00211,Government Data Centres,Normal,Normal,None,Normal
N-01-00212,Government Data Centres,Normal,Normal,None,Normal
N-01-00213,Government Data Centres,Normal,Normal,None,Normal
N-01-00214,Government Data Centres,Normal,Normal,None,Normal
N-01-00215,Government Data Centres,Normal,Normal,None,Normal
N-01-00216,Government Data Centres,Normal,Normal,None,Normal
N-01-00217,Government Data Centres,Normal,Normal,None,Normal
N-01-00218,Government Data Centres,Normal,Normal,None,Normal
N-01-00219,Government Data Centres,Normal,Normal,None,Normal
N-01-00220,Government Data Centres,Normal,Normal,None,Normal
N-01-00221,Government Data Centres,Normal,Normal,None,Normal
N-01-00222,Government Data Centres,Normal,Normal,None,Normal
N-01-00223,Government Data Centres,Normal,Normal,None,Normal
N-01-00224,Government Data Centres,Normal,Normal,None,Normal
N-01-00225,Government Data Centres,Normal,Normal,None,Normal
N-01-00226,Government Data Centres,Normal,Normal,None,Normal
N-01-00227,Government Data Centres,Normal,Normal,None,Normal
N-01-00228,Government Data Centres,Normal,Normal,None,Normal
N-01-00229,Government Data Centres,Normal,Normal,None,Normal
N-01-00230,Government Data Centres,Normal,Normal,None,Normal
N-01-00231,Government Data Centres,Normal,Normal,None,Normal
N-01-00232,Government Data Centres,Normal,Normal,None,Normal
N-01-00233,Government Data Centres,Normal,Normal,None,Normal
N-01-00234,Government Data Centres,Normal,Normal,None,Normal
N-01-00235,Government Data Centres,Normal,Normal,None,Normal
N-01-00236,Government Data Centres,Normal,Normal,None,Normal
N-01-00237,Government Data Centres,Normal,Normal,None,Normal
N-01-00238,Government Data Centres,Normal,Normal,None,Normal
N-01-00239,Government Data Centres,Normal,Normal,None,Normal
N-01-00240,Government Data Centres,Normal,Normal,None,Normal
N-01-00241,Government Data Centres,Normal,Normal,None,Normal
N-01-00242,Government Data Centres,Normal,Normal,None,Normal
N-01-00243,Government Data Centres,Normal,Normal,None,Normal
N-01-00244,Government Data Centres,Normal,Normal,None,Normal
N-01-00245,Government Data Centres,Normal,Normal,None,Normal
N-01-00246,Government Data Centres,Normal,Normal,None,Normal
N-01-00247,Government Data Centres,Normal,Normal,None,Normal
N-01-00248,Government Data Centres,Normal,Normal,None,Normal
N-01-00249,Government Data Centres,Normal,Normal,None,Normal
N-01-00250,Government Data Centres,Normal,Normal,None,Normal
N-01-00251,Government Data Centres,Normal,Normal,None,Normal
N-01-00252,Government Data Centres,Normal,Normal,None,Normal
N-01-00253,Government Data Centres,Normal,Normal,None,Normal
N-01-00254,Government Data Centres,Normal,Normal,None,Normal
N-01-00255,Government Data Centres,Normal,Normal,None,Normal
N-01-00256,Government Data Centres,Normal,Normal,None,Normal
N-01-00257,Government Data Centres,Normal,Normal,None,Normal
N-01-00258,Government Data Centres,Normal,Normal,None,Normal
N-01-00259,Government Data Centres,Normal,Normal,None,Normal
N-01-00260,Government Data Centres,Normal,Normal,None,Normal
N-01-00261,Government Data Centres,Normal,Normal,None,Normal
N-01-00262,Government Data Centres,Normal,Normal,None,Normal
N-01-00263,Government Data Centres,Normal,Normal,None,Normal
N-01-00264,Government Data Centres,Normal,Normal,None,Normal
N-01-00265,Government Data Centres,Normal,Normal,None,Normal
N-01-00266,Government Data Centres,Normal,Normal,None,Normal
N-01-00267,Government Data Centres,Normal,Normal,None,Normal
N-01-00268,Government Data Centres,Normal,Normal,None,Normal
N-01-00269,Government Data Centres,Normal,Normal,None,Normal
N-01-00270,Government Data Centres,Normal,Normal,None,Normal
N-01-00271,Government Data Centres,Normal,Normal,None,Normal
N-01-00272,Government Data Centres,Normal,Normal,None,Normal
N-01-00273,Government Data Centres,Normal,Normal,None,Normal
N-01-00274,Government Data Centres,Normal,Normal,None,Normal
N-01-00275,Government Data Centres,Normal,Normal,None,Normal
N-01-00276,Government Data Centres,Normal,Normal,None,Normal
N-01-00277,Government Data Centres,Normal,Normal,None,Normal
N-01-00278,Government Data Centres,Normal,Normal,None,Normal
N-01-00279,Government Data Centres,Normal,Normal,None,Normal
N-01-00280,Government Data Centres,Normal,Normal,None,Normal
N-01-00281,Government Data Centres,Normal,Normal,None,Normal
N-01-00282,Government Data Centres,Normal,Normal,None,Normal
N-01-00283,Government Data Centres,Normal,Normal,None,Normal
N-01-00284,Government Data Centres,Normal,Normal,None,Normal
N-01-00285,Government Data Centres,Normal,Normal,None,Normal
N-01-00286,Government Data Centres,Normal,Normal,None,Normal
N-01-00287,Government Data Centres,Normal,Normal,None,Normal
N-01-00288,Government Data Centres,Normal,Normal,None,Normal
N-01-00289,Government Data Centres,Normal,Normal,None,Normal
N-01-00290,Government Data Centres,Normal,Normal,None,Normal
N-01-00291,Government Data Centres,Normal,Normal,None,Normal
N-01-00292,Government Data Centres,Normal,Normal,None,Normal
N-01-00293,Government Data Centres,Normal,Normal,None,Normal
N-01-00294,Government Data Centres,Normal,Normal,None,Normal
N-01-00295,Government Data Centres,Normal,Normal,None,Normal
N-01-00296,Government Data Centres,Normal,Normal,None,Normal
N-01-00297,Government Data Centres,Normal,Normal,None,Normal
N-01-00298,Government Data Centres,Normal,Normal,None,Normal
N-01-00299,Government Data Centres,Normal,Normal,None,Normal
N-01-00300,Government Data Centres,Normal,Normal,None,Normal
N-01-00301,Government Data Centres,Normal,Normal,None,Normal
N-01-00302,Government Data Centres,Normal,Normal,None,Normal
N-01-00303,Government Data Centres,Normal,Normal,None,Normal
N-01-00304,Government Data Centres,Normal,Normal,None,Normal
N-01-00305,Government Data Centres,Normal,Normal,None,Normal
N-01-00306,Government Data Centres,Normal,Normal,None,Normal
N-01-00307,Government Data Centres,Normal,Normal,None,Normal
N-01-00308,Government Data Centres,Normal,Normal,None,Normal
N-01-00309,Government Data Centres,Normal,Normal,None,Normal
N-01-00310,Government Data Centres,Normal,Normal,None,Normal
N-01-00311,Government Data Centres,Normal,Normal,None,Normal
N-01-00312,Government Data Centres,Normal,Normal,None,Normal
N-01-00313,Government Data Centres,Normal,Normal,None,Normal
N-01-00314,Government Data Centres,Normal,Normal,None,Normal
N-01-00315,Government Data Centres,Normal,Normal,None,Normal
N-01-00316,Government Data Centres,Normal,Normal,None,Normal
N-01-00317,Government Data Centres,Normal,Normal,None,Normal
N-01-00318,Government Data Centres,Normal,Normal,None,Normal
N-01-00319,Government Data Centres,Normal,Normal,None,Normal
N-01-00320,Government Data Centres,Normal,Normal,None,Normal
N-01-00321,Government Data Centres,Normal,Normal,None,Normal
N-01-00322,Government Data Centres,Normal,Normal,None,Normal
N-01-00323,Government Data Centres,Normal,Normal,None,Normal
N-01-00324,Government Data Centres,Normal,Normal,None,Normal
N-01-00325,Government Data Centres,Normal,Normal,None,Normal
N-01-00326,Government Data Centres,Normal,Normal,None,Normal
N-01-00327,Government Data Centres,Normal,Normal,None,Normal
N-01-00328,Government Data Centres,Normal,Normal,None,Normal
N-01-00329,Government Data Centres,Normal,Normal,None,Normal
N-01-00330,Government Data Centres,Normal,Normal,None,Normal
N-01-00331,Government Data Centres,Normal,Normal,None,Normal
N-01-00332,Government Data Centres,Normal,Normal,None,Normal
N-01-00333,Government Data Centres,Normal,Normal,None,Normal
N-01-00334,Government Data Centres,Normal,Normal,None,Normal
N-01-00335,Government Data Centres,Normal,Normal,None,Normal
N-01-00336,Government Data Centres,Normal,Normal,None,Normal
N-01-00337,Government Data Centres,Normal,Normal,None,Normal
N-01-00338,Government Data Centres,Normal,Normal,None,Normal
N-01-00339,Government Data Centres,Normal,Normal,None,Normal
N-01-00340,Government Data Centres,Normal,Normal,None,Normal
N-01-00341,Government Data Centres,Normal,Normal,None,Normal
N-01-00342,Government Data Centres,Normal,Normal,None,Normal
N-01-00343,Government Data Centres,Normal,Normal,None,Normal
N-01-00344,Government Data Centres,Normal,Normal,None,Normal
N-01-00345,Government Data Centres,Normal,Normal,None,Normal
N-01-00346,Government Data Centres,Normal,Normal,None,Normal
N-01-00347,Government Data Centres,Normal,Normal,None,Normal
N-01-00348,Government Data Centres,Normal,Normal,None,Normal
N-01-00349,Government Data Centres,Normal,Normal,None,Normal
N-01-00350,Government Data Centres,Normal,Normal,None,Normal
N-01-00351,Government Data Centres,Normal,Normal,None,Normal
N-01-00352,Government Data Centres,Normal,Normal,None,Normal
N-01-00353,Government Data Centres,Normal,Normal,None,Normal
N-01-00354,Government Data Centres,Normal,Normal,None,Normal
N-01-00355,Government Data Centres,Normal,Normal,None,Normal
N-01-00356,Government Data Centres,Normal,Normal,None,Normal
N-01-00357,Government Data Centres,Normal,Normal,None,Normal
N-01-00358,Government Data Centres,Normal,Normal,None,Normal
N-01-00359,Government Data Centres,Normal,Normal,None,Normal
N-01-00360,Government Data Centres,Normal,Normal,None,Normal
N-01-00361,Government Data Centres,Normal,Normal,None,Normal
N-01-00362,Government Data Centres,Normal,Normal,None,Normal
N-01-00363,Government Data Centres,Normal,Normal,None,Normal
N-01-00364,Government Data Centres,Normal,Normal,None,Normal
N-01-00365,Government Data Centres,Normal,Normal,None,Normal
N-01-00366,Government Data Centres,Normal,Normal,None,Normal
N-01-00367,Government Data Centres,Normal,Normal,None,Normal
N-01-00368,Government Data Centres,Normal,Normal,None,Normal
N-01-00369,Government Data Centres,Normal,Normal,None,Normal
N-01-00370,Government Data Centres,Normal,Normal,None,Normal
N-01-00371,Government Data Centres,Normal,Normal,None,Normal
N-01-00372,Government Data Centres,Normal,Normal,None,Normal
N-01-00373,Government Data Centres,Normal,Normal,None,Normal
N-01-00374,Government Data Centres,Normal,Normal,None,Normal
N-01-00375,Government Data Centres,Normal,Normal,None,Normal
N-01-00376,Government Data Centres,Normal,Normal,None,Normal
N-01-00377,Government Data Centres,Normal,Normal,None,Normal
N-01-00378,Government Data Centres,Normal,Normal,None,Normal
N-01-00379,Government Data Centres,Normal,Normal,None,Normal
N-01-00380,Government Data Centres,Normal,Normal,None,Normal
N-01-00381,Government Data Centres,Normal,Normal,None,Normal
N-01-00382,Government Data Centres,Normal,Normal,None,Normal
N-01-00383,Government Data Centres,Normal,Normal,None,Normal
N-01-00384,Government Data Centres,Normal,Normal,None,Normal
N-01-00385,Government Data Centres,Normal,Normal,None,Normal
N-01-00386,Government Data Centres,Normal,Normal,None,Normal
N-01-00387,Government Data Centres,Normal,Normal,None,Normal
N-01-00388,Government Data Centres,Normal,Normal,None,Normal
N-01-00389,Government Data Centres,Normal,Normal,None,Normal
N-01-00390,Government Data Centres,Normal,Normal,None,Normal
N-01-00391,Government Data Centres,Normal,Normal,None,Normal
N-01-00392,Government Data Centres,Normal,Normal,None,Normal
N-01-00393,Government Data Centres,Normal,Normal,None,Normal
N-01-00394,Government Data Centres,Normal,Normal,None,Normal
N-01-00395,Government Data Centres,Normal,Normal,None,Normal
N-01-00396,Government Data Centres,Normal,Normal,None,Normal
N-01-00397,Government Data Centres,Normal,Normal,None,Normal
N-01-00398,Government Data Centres,Normal,Normal,None,Normal
N-01-00399,Government Data Centres,Normal,Normal,None,Normal
N-01-00400,Government Data Centres,Normal,Normal,None,Normal
N-01-00401,Government Data Centres,Normal,Normal,None,Normal
N-01-00402,Government Data Centres,Normal,Normal,None,Normal
N-01-00403,Government Data Centres,Normal,Normal,None,Normal
N-01-00404,Government Data Centres,Normal,Normal,None,Normal
N-01-00405,Government Data Centres,Normal,Normal,None,Normal
N-01-00406,Government Data Centres,Normal,Normal,None,Normal
N-01-00407,Government Data Centres,Normal,Normal,None,Normal
N-01-00408,Government Data Centres,Normal,Normal,None,Normal
N-01-00409,Government Data Centres,Normal,Normal,None,Normal
N-01-00410,Government Data Centres,Normal,Normal,None,Normal
N-01-00411,Government Data Centres,Normal,Normal,None,Normal
N-01-00412,Government Data Centres,Normal,Normal,None,Normal
N-01-00413,Government Data Centres,Normal,Normal,None,Normal
N-01-00414,Government Data Centres,Normal,Normal,None,Normal
N-01-00415,Government Data Centres,Normal,Normal,None,Normal
N-01-00416,Government Data Centres,Normal,Normal,None,Normal
N-01-00417,Government Data Centres,Normal,Normal,None,Normal
N-01-00418,Government Data Centres,Normal,Normal,None,Normal
N-01-00419,Government Data Centres,Normal,Normal,None,Normal
N-01-00420,Government Data Centres,Normal,Normal,None,Normal
N-01-00421,Government Data Centres,Normal,Normal,None,Normal
N-01-00422,Government Data Centres,Normal,Normal,None,Normal
N-01-00423,Government Data Centres,Normal,Normal,None,Normal
N-01-00424,Government Data Centres,Normal,Normal,None,Normal
N-01-00425,Government Data Centres,Normal,Normal,None,Normal
N-01-00426,Government Data Centres,Normal,Normal,None,Normal
N-01-00427,Government Data Centres,Normal,Normal,None,Normal
N-01-00428,Government Data Centres,Normal,Normal,None,Normal
N-01-00429,Government Data Centres,Normal,Normal,None,Normal
N-01-00430,Government Data Centres,Normal,Normal,None,Normal
N-01-00431,Government Data Centres,Normal,Normal,None,Normal
N-01-00432,Government Data Centres,Normal,Normal,None,Normal
N-01-00433,Government Data Centres,Normal,Normal,None,Normal
N-01-00434,Government Data Centres,Normal,Normal,None,Normal
N-01-00435,Government Data Centres,Normal,Normal,None,Normal
N-01-00436,Government Data Centres,Normal,Normal,None,Normal
N-01-00437,Government Data Centres,Normal,Normal,None,Normal
N-01-00438,Government Data Centres,Normal,Normal,None,Normal
N-01-00439,Government Data Centres,Normal,Normal,None,Normal
N-01-00440,Government Data Centres,Normal,Normal,None,Normal
N-01-00441,Government Data Centres,Normal,Normal,None,Normal
N-01-00442,Government Data Centres,Normal,Normal,None,Normal
N-01-00443,Government Data Centres,Normal,Normal,None,Normal
N-01-00444,Government Data Centres,Normal,Normal,None,Normal
N-01-00445,Government Data Centres,Normal,Normal,None,Normal
N-01-00446,Government Data Centres,Normal,Normal,None,Normal
N-01-00447,Government Data Centres,Normal,Normal,None,Normal
N-01-00448,Government Data Centres,Normal,Normal,None,Normal
N-01-00449,Government Data Centres,Normal,Normal,None,Normal
N-01-00450,Government Data Centres,Normal,Normal,None,Normal
N-01-00451,Government Data Centres,Normal,Normal,None,Normal
N-01-00452,Government Data Centres,Normal,Normal,None,Normal
N-01-00453,Government Data Centres,Normal,Normal,None,Normal
N-01-00454,Government Data Centres,Normal,Normal,None,Normal
N-01-00455,Government Data Centres,Normal,Normal,None,Normal
N-01-00456,Government Data Centres,Normal,Normal,None,Normal
N-01-00457,Government Data Centres,Normal,Normal,None,Normal
N-01-00458,Government Data Centres,Normal,Normal,None,Normal
N-01-00459,Government Data Centres,Normal,Normal,None,Normal
N-01-00460,Government Data Centres,Normal,Normal,None,Normal
N-01-00461,Government Data Centres,Normal,Normal,None,Normal
N-01-00462,Government Data Centres,Normal,Normal,None,Normal
N-01-00463,Government Data Centres,Normal,Normal,None,Normal
N-01-00464,Government Data Centres,Normal,Normal,None,Normal
N-01-00465,Government Data Centres,Normal,Normal,None,Normal
N-01-00466,Government Data Centres,Normal,Normal,None,Normal
N-01-00467,Government Data Centres,Normal,Normal,None,Normal
N-01-00468,Government Data Centres,Normal,Normal,None,Normal
N-01-00469,Government Data Centres,Normal,Normal,None,Normal
N-01-00470,Government Data Centres,Normal,Normal,None,Normal
N-01-00471,Government Data Centres,Normal,Normal,None,Normal
N-01-00472,Government Data Centres,Normal,Normal,None,Normal
N-01-00473,Government Data Centres,Normal,Normal,None,Normal
N-01-00474,Government Data Centres,Normal,Normal,None,Normal
N-01-00475,Government Data Centres,Normal,Normal,None,Normal
N-01-00476,Government Data Centres,Normal,Normal,None,Normal
N-01-00477,Government Data Centres,Normal,Normal,None,Normal
N-01-00478,Government Data Centres,Normal,Normal,None,Normal
N-01-00479,Government Data Centres,Normal,Normal,None,Normal
N-01-00480,Government Data Centres,Normal,Normal,None,Normal
N-01-00481,Government Data Centres,Normal,Normal,None,Normal
N-01-00482,Government Data Centres,Normal,Normal,None,Normal
N-01-00483,Government Data Centres,Normal,Normal,None,Normal
N-01-00484,Government Data Centres,Normal,Normal,None,Normal
N-01-00485,Government Data Centres,Normal,Normal,None,Normal
N-01-00486,Government Data Centres,Normal,Normal,None,Normal
N-01-00487,Government Data Centres,Normal,Normal,None,Normal
N-01-00488,Government Data Centres,Normal,Normal,None,Normal
N-01-00489,Government Data Centres,Normal,Normal,None,Normal
N-01-00490,Government Data Centres,Normal,Normal,None,Normal
N-01-00491,Government Data Centres,Normal,Normal,None,Normal
N-01-00492,Government Data Centres,Normal,Normal,None,Normal
N-01-00493,Government Data Centres,Normal,Normal,None,Normal
N-01-00494,Government Data Centres,Normal,Normal,None,Normal
N-01-00495,Government Data Centres,Normal,Normal,None,Normal
N-01-00496,Government Data Centres,Normal,Normal,None,Normal
N-01-00497,Government Data Centres,Normal,Normal,None,Normal
N-01-00498,Government Data Centres,Normal,Normal,None,Normal
N-01-00499,Government Data Centres,Normal,Normal,None,Normal
N-01-00500,Government Data Centres,Normal,Normal,None,Normal
N-01-00501,Government Data Centres,Normal,Normal,None,Normal
N-01-00502,Government Data Centres,Normal,Normal,None,Normal
N-01-00503,Government Data Centres,Normal,Normal,None,Normal
N-01-00504,Government Data Centres,Normal,Normal,None,Normal
N-01-00505,Government Data Centres,Normal,Normal,None,Normal
N-01-00506,Government Data Centres,Normal,Normal,None,Normal
N-01-00507,Government Data Centres,Normal,Normal,None,Normal
N-01-00508,Government Data Centres,Normal,Normal,None,Normal
N-01-00509,Government Data Centres,Normal,Normal,None,Normal
N-01-00510,Government Data Centres,Normal,Normal,None,Normal
N-01-00511,Government Data Centres,Normal,Normal,None,Normal
N-01-00512,Government Data Centres,Normal,Normal,None,Normal
N-01-00513,Government Data Centres,Normal,Normal,None,Normal
N-01-00514,Government Data Centres,Normal,Normal,None,Normal
N-01-00515,Government Data Centres,Normal,Normal,None,Normal
N-01-00516,Government Data Centres,Normal,Normal,None,Normal
N-01-00517,Government Data Centres,Normal,Normal,None,Normal
N-01-00518,Government Data Centres,Normal,Normal,None,Normal
N-01-00519,Government Data Centres,Normal,Normal,None,Normal
N-01-00520,Government Data Centres,Normal,Normal,None,Normal
N-01-00521,Government Data Centres,Normal,Normal,None,Normal
N-01-00522,Government Data Centres,Normal,Normal,None,Normal
N-01-00523,Government Data Centres,Normal,Normal,None,Normal
N-01-00524,Government Data Centres,Normal,Normal,None,Normal
N-01-00525,Government Data Centres,Normal,Normal,None,Normal
N-01-00526,Government Data Centres,Normal,Normal,None,Normal
N-01-00527,Government Data Centres,Normal,Normal,None,Normal
N-01-00528,Government Data Centres,Normal,Normal,None,Normal
N-01-00529,Government Data Centres,Normal,Normal,None,Normal
N-01-00530,Government Data Centres,Normal,Normal,None,Normal
N-01-00531,Government Data Centres,Normal,Normal,None,Normal
N-01-00532,Government Data Centres,Normal,Normal,None,Normal
N-01-00533,Government Data Centres,Normal,Normal,None,Normal
N-01-00534,Government Data Centres,Normal,Normal,None,Normal
N-01-00535,Government Data Centres,Normal,Normal,None,Normal
N-01-00536,Government Data Centres,Normal,Normal,None,Normal
N-01-00537,Government Data Centres,Normal,Normal,None,Normal
N-01-00538,Government Data Centres,Normal,Normal,None,Normal
N-01-00539,Government Data Centres,Normal,Normal,None,Normal
N-01-00540,Government Data Centres,Normal,Normal,None,Normal
N-01-00541,Government Data Centres,Normal,Normal,None,Normal
N-01-00542,Government Data Centres,Normal,Normal,None,Normal
N-01-00543,Government Data Centres,Normal,Normal,None,Normal
N-01-00544,Government Data Centres,Normal,Normal,None,Normal
N-01-00545,Government Data Centres,Normal,Normal,None,Normal
N-01-00546,Government Data Centres,Normal,Normal,None,Normal
N-01-00547,Government Data Centres,Normal,Normal,None,Normal
N-01-00548,Government Data Centres,Normal,Normal,None,Normal
N-01-00549,Government Data Centres,Normal,Normal,None,Normal
N-01-00550,Government Data Centres,Normal,Normal,None,Normal
N-01-00551,Government Data Centres,Normal,Normal,None,Normal
N-01-00552,Government Data Centres,Normal,Normal,None,Normal
N-01-00553,Government Data Centres,Normal,Normal,None,Normal
N-01-00554,Government Data Centres,Normal,Normal,None,Normal
N-01-00555,Government Data Centres,Normal,Normal,None,Normal
N-01-00556,Government Data Centres,Normal,Normal,None,Normal
N-01-00557,Government Data Centres,Normal,Normal,None,Normal
N-01-00558,Government Data Centres,Normal,Normal,None,Normal
N-01-00559,Government Data Centres,Normal,Normal,None,Normal
N-01-00560,Government Data Centres,Normal,Normal,None,Normal
N-01-00561,Government Data Centres,Normal,Normal,None,Normal
N-01-00562,Government Data Centres,Normal,Normal,None,Normal
N-01-00563,Government Data Centres,Normal,Normal,None,Normal
N-01-00564,Government Data Centres,Normal,Normal,None,Normal
N-01-00565,Government Data Centres,Normal,Normal,None,Normal
N-01-00566,Government Data Centres,Normal,Normal,None,Normal
N-01-00567,Government Data Centres,Normal,Normal,None,Normal
N-01-00568,Government Data Centres,Normal,Normal,None,Normal
N-01-00569,Government Data Centres,Normal,Normal,None,Normal
N-01-00570,Government Data Centres,Normal,Normal,None,Normal
N-01-00571,Government Data Centres,Normal,Normal,None,Normal
N-01-00572,Government Data Centres,Normal,Normal,None,Normal
N-01-00573,Government Data Centres,Normal,Normal,None,Normal
N-01-00574,Government Data Centres,Normal,Normal,None,Normal
N-01-00575,Government Data Centres,Normal,Normal,None,Normal
N-01-00576,Government Data Centres,Normal,Normal,None,Normal
N-01-00577,Government Data Centres,Normal,Normal,None,Normal
N-01-00578,Government Data Centres,Normal,Normal,None,Normal
N-01-00579,Government Data Centres,Normal,Normal,None,Normal
N-01-00580,Government Data Centres,Normal,Normal,None,Normal
N-01-00581,Government Data Centres,Normal,Normal,None,Normal
N-01-00582,Government Data Centres,Normal,Normal,None,Normal
N-01-00583,Government Data Centres,Normal,Normal,None,Normal
N-01-00584,Government Data Centres,Normal,Normal,None,Normal
N-01-00585,Government Data Centres,Normal,Normal,None,Normal
N-01-00586,Government Data Centres,Normal,Normal,None,Normal
N-01-00587,Government Data Centres,Normal,Normal,None,Normal
N-01-00588,Government Data Centres,Normal,Normal,None,Normal
N-01-00589,Government Data Centres,Normal,Normal,None,Normal
N-01-00590,Government Data Centres,Normal,Normal,None,Normal
N-01-00591,Government Data Centres,Normal,Normal,None,Normal
N-01-00592,Government Data Centres,Normal,Normal,None,Normal
N-01-00593,Government Data Centres,Normal,Normal,None,Normal
N-01-00594,Government Data Centres,Normal,Normal,None,Normal
N-01-00595,Government Data Centres,Normal,Normal,None,Normal
N-01-00596,Government Data Centres,Normal,Normal,None,Normal
N-01-00597,Government Data Centres,Normal,Normal,None,Normal
N-01-00598,Government Data Centres,Normal,Normal,None,Normal
N-01-00599,Government Data Centres,Normal,Normal,None,Normal
A-01-SCN001-01-00,Government Data Centres,Network Reconnaissance,Reconnaissance,T1041,Attack
A-01-SCN001-01-01,Government Data Centres,Network Reconnaissance,Discovery,T1087,Attack
A-01-SCN001-01-02,Government Data Centres,Network Reconnaissance,Initial Access,T1078,Attack
A-01-SCN001-01-03,Government Data Centres,Network Reconnaissance,Execution,T1059,Attack
A-01-SCN001-01-04,Government Data Centres,Network Reconnaissance,Execution,T1059,Attack
A-01-SCN001-01-05,Government Data Centres,Network Reconnaissance,Execution,T1059,Attack
A-01-SCN001-01-06,Government Data Centres,Network Reconnaissance,Execution,T1059,Attack
A-01-SCN001-01-07,Government Data Centres,Network Reconnaissance,Execution,T1059,Attack
A-01-SCN001-01-08,Government Data Centres,Network Reconnaissance,Execution,T1059,Attack
A-01-SCN001-01-09,Government Data Centres,Network Reconnaissance,Execution,T1059,Attack
A-01-SCN001-02-00,Government Data Centres,Network Reconnaissance,Reconnaissance,T1053,Attack
A-01-SCN001-02-01,Government Data Centres,Network Reconnaissance,Discovery,T1087,Attack
A-01-SCN001-02-02,Government Data Centres,Network Reconnaissance,Initial Access,T1078,Attack
A-01-SCN001-02-03,Government Data Centres,Network Reconnaissance,Execution,T1059,Attack
A-01-SCN001-02-04,Government Data Centres,Network Reconnaissance,Execution,T1059,Attack
A-01-SCN001-02-05,Government Data Centres,Network Reconnaissance,Execution,T1059,Attack
A-01-SCN001-02-06,Government Data Centres,Network Reconnaissance,Execution,T1059,Attack
A-01-SCN001-02-07,Government Data Centres,Network Reconnaissance,Execution,T1059,Attack
A-01-SCN001-02-08,Government Data Centres,Network Reconnaissance,Execution,T1059,Attack
A-01-SCN001-02-09,Government Data Centres,Network Reconnaissance,Execution,T1059,Attack
A-01-SCN001-03-00,Government Data Centres,Network Reconnaissance,Reconnaissance,T1486,Attack
A-01-SCN001-03-01,Government Data Centres,Network Reconnaissance,Discovery,T1046,Attack
A-01-SCN001-03-02,Government Data Centres,Network Reconnaissance,Initial Access,T1190,Attack
A-01-SCN001-03-03,Government Data Centres,Network Reconnaissance,Execution,T1059,Attack
A-01-SCN001-03-04,Government Data Centres,Network Reconnaissance,Execution,T1059,Attack
A-01-SCN001-03-05,Government Data Centres,Network Reconnaissance,Execution,T1059,Attack
A-01-SCN001-03-06,Government Data Centres,Network Reconnaissance,Execution,T1059,Attack
A-01-SCN001-03-07,Government Data Centres,Network Reconnaissance,Execution,T1059,Attack
A-01-SCN001-03-08,Government Data Centres,Network Reconnaissance,Execution,T1059,Attack
A-01-SCN001-03-09,Government Data Centres,Network Reconnaissance,Execution,T1059,Attack
A-01-SCN001-04-00,Government Data Centres,Network Reconnaissance,Reconnaissance,T1078,Attack
A-01-SCN001-04-01,Government Data Centres,Network Reconnaissance,Discovery,T1087,Attack
A-01-SCN001-04-02,Government Data Centres,Network Reconnaissance,Initial Access,T1078,Attack
A-01-SCN001-04-03,Government Data Centres,Network Reconnaissance,Execution,T1059,Attack
A-01-SCN001-04-04,Government Data Centres,Network Reconnaissance,Execution,T1059,Attack
A-01-SCN001-04-05,Government Data Centres,Network Reconnaissance,Execution,T1059,Attack
A-01-SCN001-04-06,Government Data Centres,Network Reconnaissance,Execution,T1059,Attack
A-01-SCN001-04-07,Government Data Centres,Network Reconnaissance,Execution,T1059,Attack
A-01-SCN001-04-08,Government Data Centres,Network Reconnaissance,Execution,T1059,Attack
A-01-SCN001-04-09,Government Data Centres,Network Reconnaissance,Execution,T1059,Attack
A-01-SCN002-01-00,Government Data Centres,Brute Force,Reconnaissance,T1053,Attack
A-01-SCN002-01-01,Government Data Centres,Brute Force,Initial Access,T1078,Attack
A-01-SCN002-01-02,Government Data Centres,Brute Force,Credential Access,T1110,Attack
A-01-SCN002-01-03,Government Data Centres,Brute Force,Discovery,T1087,Attack
A-01-SCN002-01-04,Government Data Centres,Brute Force,Lateral Movement,T1021,Attack
A-01-SCN002-01-05,Government Data Centres,Brute Force,Collection,T1005,Attack
A-01-SCN002-01-06,Government Data Centres,Brute Force,Collection,T1005,Attack
A-01-SCN002-01-07,Government Data Centres,Brute Force,Collection,T1005,Attack
A-01-SCN002-01-08,Government Data Centres,Brute Force,Collection,T1005,Attack
A-01-SCN002-01-09,Government Data Centres,Brute Force,Collection,T1005,Attack
A-01-SCN002-02-00,Government Data Centres,Brute Force,Reconnaissance,T1087,Attack
A-01-SCN002-02-01,Government Data Centres,Brute Force,Initial Access,T1078,Attack
A-01-SCN002-02-02,Government Data Centres,Brute Force,Credential Access,T1110,Attack
A-01-SCN002-02-03,Government Data Centres,Brute Force,Discovery,T1046,Attack
A-01-SCN002-02-04,Government Data Centres,Brute Force,Lateral Movement,T1021,Attack
A-01-SCN002-02-05,Government Data Centres,Brute Force,Collection,T1005,Attack
A-01-SCN002-02-06,Government Data Centres,Brute Force,Collection,T1005,Attack
A-01-SCN002-02-07,Government Data Centres,Brute Force,Collection,T1005,Attack
A-01-SCN002-02-08,Government Data Centres,Brute Force,Collection,T1005,Attack
A-01-SCN002-02-09,Government Data Centres,Brute Force,Collection,T1005,Attack
A-01-SCN002-03-00,Government Data Centres,Brute Force,Reconnaissance,T1190,Attack
A-01-SCN002-03-01,Government Data Centres,Brute Force,Initial Access,T1078,Attack
A-01-SCN002-03-02,Government Data Centres,Brute Force,Credential Access,T1110,Attack
A-01-SCN002-03-03,Government Data Centres,Brute Force,Discovery,T1046,Attack
A-01-SCN002-03-04,Government Data Centres,Brute Force,Lateral Movement,T1021,Attack
A-01-SCN002-03-05,Government Data Centres,Brute Force,Collection,T1005,Attack
A-01-SCN002-03-06,Government Data Centres,Brute Force,Collection,T1005,Attack
A-01-SCN002-03-07,Government Data Centres,Brute Force,Collection,T1005,Attack
A-01-SCN002-03-08,Government Data Centres,Brute Force,Collection,T1005,Attack
A-01-SCN002-03-09,Government Data Centres,Brute Force,Collection,T1005,Attack
A-01-SCN002-04-00,Government Data Centres,Brute Force,Reconnaissance,T1110,Attack
A-01-SCN002-04-01,Government Data Centres,Brute Force,Initial Access,T1190,Attack
A-01-SCN002-04-02,Government Data Centres,Brute Force,Credential Access,T1110,Attack
A-01-SCN002-04-03,Government Data Centres,Brute Force,Discovery,T1046,Attack
A-01-SCN002-04-04,Government Data Centres,Brute Force,Lateral Movement,T1021,Attack
A-01-SCN002-04-05,Government Data Centres,Brute Force,Collection,T1005,Attack
A-01-SCN002-04-06,Government Data Centres,Brute Force,Collection,T1005,Attack
A-01-SCN002-04-07,Government Data Centres,Brute Force,Collection,T1005,Attack
A-01-SCN002-04-08,Government Data Centres,Brute Force,Collection,T1005,Attack
A-01-SCN002-04-09,Government Data Centres,Brute Force,Collection,T1005,Attack
A-01-SCN003-01-00,Government Data Centres,Credential Compromise,Reconnaissance,T1087,Attack
A-01-SCN003-01-01,Government Data Centres,Credential Compromise,Initial Access,T1190,Attack
A-01-SCN003-01-02,Government Data Centres,Credential Compromise,Credential Access,T1110,Attack
A-01-SCN003-01-03,Government Data Centres,Credential Compromise,Discovery,T1087,Attack
A-01-SCN003-01-04,Government Data Centres,Credential Compromise,Lateral Movement,T1021,Attack
A-01-SCN003-01-05,Government Data Centres,Credential Compromise,Collection,T1005,Attack
A-01-SCN003-01-06,Government Data Centres,Credential Compromise,Collection,T1005,Attack
A-01-SCN003-01-07,Government Data Centres,Credential Compromise,Collection,T1005,Attack
A-01-SCN003-01-08,Government Data Centres,Credential Compromise,Collection,T1005,Attack
A-01-SCN003-01-09,Government Data Centres,Credential Compromise,Collection,T1005,Attack
A-01-SCN003-02-00,Government Data Centres,Credential Compromise,Reconnaissance,T1486,Attack
A-01-SCN003-02-01,Government Data Centres,Credential Compromise,Initial Access,T1078,Attack
A-01-SCN003-02-02,Government Data Centres,Credential Compromise,Credential Access,T1110,Attack
A-01-SCN003-02-03,Government Data Centres,Credential Compromise,Discovery,T1046,Attack
A-01-SCN003-02-04,Government Data Centres,Credential Compromise,Lateral Movement,T1021,Attack
A-01-SCN003-02-05,Government Data Centres,Credential Compromise,Collection,T1005,Attack
A-01-SCN003-02-06,Government Data Centres,Credential Compromise,Collection,T1005,Attack
A-01-SCN003-02-07,Government Data Centres,Credential Compromise,Collection,T1005,Attack
A-01-SCN003-02-08,Government Data Centres,Credential Compromise,Collection,T1005,Attack
A-01-SCN003-02-09,Government Data Centres,Credential Compromise,Collection,T1005,Attack
A-01-SCN003-03-00,Government Data Centres,Credential Compromise,Reconnaissance,T1068,Attack
A-01-SCN003-03-01,Government Data Centres,Credential Compromise,Initial Access,T1190,Attack
A-01-SCN003-03-02,Government Data Centres,Credential Compromise,Credential Access,T1110,Attack
A-01-SCN003-03-03,Government Data Centres,Credential Compromise,Discovery,T1087,Attack
A-01-SCN003-03-04,Government Data Centres,Credential Compromise,Lateral Movement,T1021,Attack
A-01-SCN003-03-05,Government Data Centres,Credential Compromise,Collection,T1005,Attack
A-01-SCN003-03-06,Government Data Centres,Credential Compromise,Collection,T1005,Attack
A-01-SCN003-03-07,Government Data Centres,Credential Compromise,Collection,T1005,Attack
A-01-SCN003-03-08,Government Data Centres,Credential Compromise,Collection,T1005,Attack
A-01-SCN003-03-09,Government Data Centres,Credential Compromise,Collection,T1005,Attack
A-01-SCN003-04-00,Government Data Centres,Credential Compromise,Reconnaissance,T1021,Attack
A-01-SCN003-04-01,Government Data Centres,Credential Compromise,Initial Access,T1078,Attack
A-01-SCN003-04-02,Government Data Centres,Credential Compromise,Credential Access,T1110,Attack
A-01-SCN003-04-03,Government Data Centres,Credential Compromise,Discovery,T1087,Attack
A-01-SCN003-04-04,Government Data Centres,Credential Compromise,Lateral Movement,T1021,Attack
A-01-SCN003-04-05,Government Data Centres,Credential Compromise,Collection,T1005,Attack
A-01-SCN003-04-06,Government Data Centres,Credential Compromise,Collection,T1005,Attack
A-01-SCN003-04-07,Government Data Centres,Credential Compromise,Collection,T1005,Attack
A-01-SCN003-04-08,Government Data Centres,Credential Compromise,Collection,T1005,Attack
A-01-SCN003-04-09,Government Data Centres,Credential Compromise,Collection,T1005,Attack
A-01-SCN004-01-00,Government Data Centres,Lateral Movement,Reconnaissance,T1110,Attack
A-01-SCN004-01-01,Government Data Centres,Lateral Movement,Initial Access,T1190,Attack
A-01-SCN004-01-02,Government Data Centres,Lateral Movement,Execution,T1059,Attack
A-01-SCN004-01-03,Government Data Centres,Lateral Movement,Persistence,T1053,Attack
A-01-SCN004-01-04,Government Data Centres,Lateral Movement,Privilege Escalation,T1068,Attack
A-01-SCN004-01-05,Government Data Centres,Lateral Movement,Discovery,T1087,Attack
A-01-SCN004-01-06,Government Data Centres,Lateral Movement,Lateral Movement,T1021,Attack
A-01-SCN004-01-07,Government Data Centres,Lateral Movement,Command and Control,T1071,Attack
A-01-SCN004-01-08,Government Data Centres,Lateral Movement,Command and Control,T1071,Attack
A-01-SCN004-01-09,Government Data Centres,Lateral Movement,Command and Control,T1071,Attack
A-01-SCN004-02-00,Government Data Centres,Lateral Movement,Reconnaissance,T1498,Attack
A-01-SCN004-02-01,Government Data Centres,Lateral Movement,Initial Access,T1078,Attack
A-01-SCN004-02-02,Government Data Centres,Lateral Movement,Execution,T1059,Attack
A-01-SCN004-02-03,Government Data Centres,Lateral Movement,Persistence,T1053,Attack
A-01-SCN004-02-04,Government Data Centres,Lateral Movement,Privilege Escalation,T1068,Attack
A-01-SCN004-02-05,Government Data Centres,Lateral Movement,Discovery,T1046,Attack
A-01-SCN004-02-06,Government Data Centres,Lateral Movement,Lateral Movement,T1021,Attack
A-01-SCN004-02-07,Government Data Centres,Lateral Movement,Command and Control,T1071,Attack
A-01-SCN004-02-08,Government Data Centres,Lateral Movement,Command and Control,T1071,Attack
A-01-SCN004-02-09,Government Data Centres,Lateral Movement,Command and Control,T1071,Attack
A-01-SCN004-03-00,Government Data Centres,Lateral Movement,Reconnaissance,T1046,Attack
A-01-SCN004-03-01,Government Data Centres,Lateral Movement,Initial Access,T1078,Attack
A-01-SCN004-03-02,Government Data Centres,Lateral Movement,Execution,T1059,Attack
A-01-SCN004-03-03,Government Data Centres,Lateral Movement,Persistence,T1053,Attack
A-01-SCN004-03-04,Government Data Centres,Lateral Movement,Privilege Escalation,T1068,Attack
A-01-SCN004-03-05,Government Data Centres,Lateral Movement,Discovery,T1087,Attack
A-01-SCN004-03-06,Government Data Centres,Lateral Movement,Lateral Movement,T1021,Attack
A-01-SCN004-03-07,Government Data Centres,Lateral Movement,Command and Control,T1071,Attack
A-01-SCN004-03-08,Government Data Centres,Lateral Movement,Command and Control,T1071,Attack
A-01-SCN004-03-09,Government Data Centres,Lateral Movement,Command and Control,T1071,Attack
A-01-SCN004-04-00,Government Data Centres,Lateral Movement,Reconnaissance,T1087,Attack
A-01-SCN004-04-01,Government Data Centres,Lateral Movement,Initial Access,T1190,Attack
A-01-SCN004-04-02,Government Data Centres,Lateral Movement,Execution,T1059,Attack
A-01-SCN004-04-03,Government Data Centres,Lateral Movement,Persistence,T1053,Attack
A-01-SCN004-04-04,Government Data Centres,Lateral Movement,Privilege Escalation,T1068,Attack
A-01-SCN004-04-05,Government Data Centres,Lateral Movement,Discovery,T1087,Attack
A-01-SCN004-04-06,Government Data Centres,Lateral Movement,Lateral Movement,T1021,Attack
A-01-SCN004-04-07,Government Data Centres,Lateral Movement,Command and Control,T1071,Attack
A-01-SCN004-04-08,Government Data Centres,Lateral Movement,Command and Control,T1071,Attack
A-01-SCN004-04-09,Government Data Centres,Lateral Movement,Command and Control,T1071,Attack
A-01-SCN005-01-00,Government Data Centres,Ransomware,Reconnaissance,T1078,Attack
A-01-SCN005-01-01,Government Data Centres,Ransomware,Initial Access,T1078,Attack
A-01-SCN005-01-02,Government Data Centres,Ransomware,Execution,T1059,Attack
A-01-SCN005-01-03,Government Data Centres,Ransomware,Discovery,T1087,Attack
A-01-SCN005-01-04,Government Data Centres,Ransomware,Lateral Movement,T1021,Attack
A-01-SCN005-01-05,Government Data Centres,Ransomware,Impact,T1486,Attack
A-01-SCN005-01-06,Government Data Centres,Ransomware,Impact,T1486,Attack
A-01-SCN005-01-07,Government Data Centres,Ransomware,Impact,T1498,Attack
A-01-SCN005-01-08,Government Data Centres,Ransomware,Impact,T1486,Attack
A-01-SCN005-01-09,Government Data Centres,Ransomware,Impact,T1498,Attack
A-01-SCN005-02-00,Government Data Centres,Ransomware,Reconnaissance,T1078,Attack
A-01-SCN005-02-01,Government Data Centres,Ransomware,Initial Access,T1190,Attack
A-01-SCN005-02-02,Government Data Centres,Ransomware,Execution,T1059,Attack
A-01-SCN005-02-03,Government Data Centres,Ransomware,Discovery,T1046,Attack
A-01-SCN005-02-04,Government Data Centres,Ransomware,Lateral Movement,T1021,Attack
A-01-SCN005-02-05,Government Data Centres,Ransomware,Impact,T1486,Attack
A-01-SCN005-02-06,Government Data Centres,Ransomware,Impact,T1486,Attack
A-01-SCN005-02-07,Government Data Centres,Ransomware,Impact,T1486,Attack
A-01-SCN005-02-08,Government Data Centres,Ransomware,Impact,T1486,Attack
A-01-SCN005-02-09,Government Data Centres,Ransomware,Impact,T1498,Attack
A-01-SCN005-03-00,Government Data Centres,Ransomware,Reconnaissance,T1053,Attack
A-01-SCN005-03-01,Government Data Centres,Ransomware,Initial Access,T1078,Attack
A-01-SCN005-03-02,Government Data Centres,Ransomware,Execution,T1059,Attack
A-01-SCN005-03-03,Government Data Centres,Ransomware,Discovery,T1087,Attack
A-01-SCN005-03-04,Government Data Centres,Ransomware,Lateral Movement,T1021,Attack
A-01-SCN005-03-05,Government Data Centres,Ransomware,Impact,T1486,Attack
A-01-SCN005-03-06,Government Data Centres,Ransomware,Impact,T1498,Attack
A-01-SCN005-03-07,Government Data Centres,Ransomware,Impact,T1498,Attack
A-01-SCN005-03-08,Government Data Centres,Ransomware,Impact,T1498,Attack
A-01-SCN005-03-09,Government Data Centres,Ransomware,Impact,T1498,Attack
A-01-SCN005-04-00,Government Data Centres,Ransomware,Reconnaissance,T1071,Attack
A-01-SCN005-04-01,Government Data Centres,Ransomware,Initial Access,T1190,Attack
A-01-SCN005-04-02,Government Data Centres,Ransomware,Execution,T1059,Attack
A-01-SCN005-04-03,Government Data Centres,Ransomware,Discovery,T1046,Attack
A-01-SCN005-04-04,Government Data Centres,Ransomware,Lateral Movement,T1021,Attack
A-01-SCN005-04-05,Government Data Centres,Ransomware,Impact,T1486,Attack
A-01-SCN005-04-06,Government Data Centres,Ransomware,Impact,T1486,Attack
A-01-SCN005-04-07,Government Data Centres,Ransomware,Impact,T1486,Attack
A-01-SCN005-04-08,Government Data Centres,Ransomware,Impact,T1486,Attack
A-01-SCN005-04-09,Government Data Centres,Ransomware,Impact,T1486,Attack
A-01-SCN006-01-00,Government Data Centres,Database Exfiltration,Reconnaissance,T1486,Attack
A-01-SCN006-01-01,Government Data Centres,Database Exfiltration,Initial Access,T1190,Attack
A-01-SCN006-01-02,Government Data Centres,Database Exfiltration,Credential Access,T1110,Attack
A-01-SCN006-01-03,Government Data Centres,Database Exfiltration,Discovery,T1046,Attack
A-01-SCN006-01-04,Government Data Centres,Database Exfiltration,Collection,T1005,Attack
A-01-SCN006-01-05,Government Data Centres,Database Exfiltration,Exfiltration,T1041,Attack
A-01-SCN006-01-06,Government Data Centres,Database Exfiltration,Exfiltration,T1041,Attack
A-01-SCN006-01-07,Government Data Centres,Database Exfiltration,Exfiltration,T1041,Attack
A-01-SCN006-01-08,Government Data Centres,Database Exfiltration,Exfiltration,T1041,Attack
A-01-SCN006-01-09,Government Data Centres,Database Exfiltration,Exfiltration,T1041,Attack
A-01-SCN006-02-00,Government Data Centres,Database Exfiltration,Reconnaissance,T1059,Attack
A-01-SCN006-02-01,Government Data Centres,Database Exfiltration,Initial Access,T1078,Attack
A-01-SCN006-02-02,Government Data Centres,Database Exfiltration,Credential Access,T1110,Attack
A-01-SCN006-02-03,Government Data Centres,Database Exfiltration,Discovery,T1087,Attack
A-01-SCN006-02-04,Government Data Centres,Database Exfiltration,Collection,T1005,Attack
A-01-SCN006-02-05,Government Data Centres,Database Exfiltration,Exfiltration,T1041,Attack
A-01-SCN006-02-06,Government Data Centres,Database Exfiltration,Exfiltration,T1041,Attack
A-01-SCN006-02-07,Government Data Centres,Database Exfiltration,Exfiltration,T1041,Attack
A-01-SCN006-02-08,Government Data Centres,Database Exfiltration,Exfiltration,T1041,Attack
A-01-SCN006-02-09,Government Data Centres,Database Exfiltration,Exfiltration,T1041,Attack
A-01-SCN006-03-00,Government Data Centres,Database Exfiltration,Reconnaissance,T1087,Attack
A-01-SCN006-03-01,Government Data Centres,Database Exfiltration,Initial Access,T1078,Attack
A-01-SCN006-03-02,Government Data Centres,Database Exfiltration,Credential Access,T1110,Attack
A-01-SCN006-03-03,Government Data Centres,Database Exfiltration,Discovery,T1087,Attack
A-01-SCN006-03-04,Government Data Centres,Database Exfiltration,Collection,T1005,Attack
A-01-SCN006-03-05,Government Data Centres,Database Exfiltration,Exfiltration,T1041,Attack
A-01-SCN006-03-06,Government Data Centres,Database Exfiltration,Exfiltration,T1041,Attack
A-01-SCN006-03-07,Government Data Centres,Database Exfiltration,Exfiltration,T1041,Attack
A-01-SCN006-03-08,Government Data Centres,Database Exfiltration,Exfiltration,T1041,Attack
A-01-SCN006-03-09,Government Data Centres,Database Exfiltration,Exfiltration,T1041,Attack
A-01-SCN006-04-00,Government Data Centres,Database Exfiltration,Reconnaissance,T1486,Attack
A-01-SCN006-04-01,Government Data Centres,Database Exfiltration,Initial Access,T1078,Attack
A-01-SCN006-04-02,Government Data Centres,Database Exfiltration,Credential Access,T1110,Attack
A-01-SCN006-04-03,Government Data Centres,Database Exfiltration,Discovery,T1046,Attack
A-01-SCN006-04-04,Government Data Centres,Database Exfiltration,Collection,T1005,Attack
A-01-SCN006-04-05,Government Data Centres,Database Exfiltration,Exfiltration,T1041,Attack
A-01-SCN006-04-06,Government Data Centres,Database Exfiltration,Exfiltration,T1041,Attack
A-01-SCN006-04-07,Government Data Centres,Database Exfiltration,Exfiltration,T1041,Attack
A-01-SCN006-04-08,Government Data Centres,Database Exfiltration,Exfiltration,T1041,Attack
A-01-SCN006-04-09,Government Data Centres,Database Exfiltration,Exfiltration,T1041,Attack
A-01-SCN007-01-00,Government Data Centres,DDoS,Reconnaissance,T1078,Attack
A-01-SCN007-01-01,Government Data Centres,DDoS,Initial Access,T1190,Attack
A-01-SCN007-01-02,Government Data Centres,DDoS,Execution,T1059,Attack
A-01-SCN007-01-03,Government Data Centres,DDoS,Discovery,T1046,Attack
A-01-SCN007-01-04,Government Data Centres,DDoS,Lateral Movement,T1021,Attack
A-01-SCN007-01-05,Government Data Centres,DDoS,Impact,T1486,Attack
A-01-SCN007-01-06,Government Data Centres,DDoS,Impact,T1486,Attack
A-01-SCN007-01-07,Government Data Centres,DDoS,Impact,T1486,Attack
A-01-SCN007-01-08,Government Data Centres,DDoS,Impact,T1498,Attack
A-01-SCN007-01-09,Government Data Centres,DDoS,Impact,T1486,Attack
A-01-SCN007-02-00,Government Data Centres,DDoS,Reconnaissance,T1498,Attack
A-01-SCN007-02-01,Government Data Centres,DDoS,Initial Access,T1078,Attack
A-01-SCN007-02-02,Government Data Centres,DDoS,Execution,T1059,Attack
A-01-SCN007-02-03,Government Data Centres,DDoS,Discovery,T1046,Attack
A-01-SCN007-02-04,Government Data Centres,DDoS,Lateral Movement,T1021,Attack
A-01-SCN007-02-05,Government Data Centres,DDoS,Impact,T1486,Attack
A-01-SCN007-02-06,Government Data Centres,DDoS,Impact,T1498,Attack
A-01-SCN007-02-07,Government Data Centres,DDoS,Impact,T1498,Attack
A-01-SCN007-02-08,Government Data Centres,DDoS,Impact,T1486,Attack
A-01-SCN007-02-09,Government Data Centres,DDoS,Impact,T1486,Attack
A-01-SCN007-03-00,Government Data Centres,DDoS,Reconnaissance,T1053,Attack
A-01-SCN007-03-01,Government Data Centres,DDoS,Initial Access,T1078,Attack
A-01-SCN007-03-02,Government Data Centres,DDoS,Execution,T1059,Attack
A-01-SCN007-03-03,Government Data Centres,DDoS,Discovery,T1087,Attack
A-01-SCN007-03-04,Government Data Centres,DDoS,Lateral Movement,T1021,Attack
A-01-SCN007-03-05,Government Data Centres,DDoS,Impact,T1486,Attack
A-01-SCN007-03-06,Government Data Centres,DDoS,Impact,T1486,Attack
A-01-SCN007-03-07,Government Data Centres,DDoS,Impact,T1486,Attack
A-01-SCN007-03-08,Government Data Centres,DDoS,Impact,T1498,Attack
A-01-SCN007-03-09,Government Data Centres,DDoS,Impact,T1486,Attack
A-01-SCN007-04-00,Government Data Centres,DDoS,Reconnaissance,T1005,Attack
A-01-SCN007-04-01,Government Data Centres,DDoS,Initial Access,T1190,Attack
A-01-SCN007-04-02,Government Data Centres,DDoS,Execution,T1059,Attack
A-01-SCN007-04-03,Government Data Centres,DDoS,Discovery,T1087,Attack
A-01-SCN007-04-04,Government Data Centres,DDoS,Lateral Movement,T1021,Attack
A-01-SCN007-04-05,Government Data Centres,DDoS,Impact,T1486,Attack
A-01-SCN007-04-06,Government Data Centres,DDoS,Impact,T1486,Attack
A-01-SCN007-04-07,Government Data Centres,DDoS,Impact,T1486,Attack
A-01-SCN007-04-08,Government Data Centres,DDoS,Impact,T1486,Attack
A-01-SCN007-04-09,Government Data Centres,DDoS,Impact,T1486,Attack
A-01-SCN008-01-00,Government Data Centres,Web Application Compromise,Reconnaissance,T1005,Attack
A-01-SCN008-01-01,Government Data Centres,Web Application Compromise,Initial Access,T1078,Attack
A-01-SCN008-01-02,Government Data Centres,Web Application Compromise,Execution,T1059,Attack
A-01-SCN008-01-03,Government Data Centres,Web Application Compromise,Persistence,T1053,Attack
A-01-SCN008-01-04,Government Data Centres,Web Application Compromise,Privilege Escalation,T1068,Attack
A-01-SCN008-01-05,Government Data Centres,Web Application Compromise,Discovery,T1087,Attack
A-01-SCN008-01-06,Government Data Centres,Web Application Compromise,Lateral Movement,T1021,Attack
A-01-SCN008-01-07,Government Data Centres,Web Application Compromise,Command and Control,T1071,Attack
A-01-SCN008-01-08,Government Data Centres,Web Application Compromise,Command and Control,T1071,Attack
A-01-SCN008-01-09,Government Data Centres,Web Application Compromise,Command and Control,T1071,Attack
A-01-SCN008-02-00,Government Data Centres,Web Application Compromise,Reconnaissance,T1041,Attack
A-01-SCN008-02-01,Government Data Centres,Web Application Compromise,Initial Access,T1078,Attack
A-01-SCN008-02-02,Government Data Centres,Web Application Compromise,Execution,T1059,Attack
A-01-SCN008-02-03,Government Data Centres,Web Application Compromise,Persistence,T1053,Attack
A-01-SCN008-02-04,Government Data Centres,Web Application Compromise,Privilege Escalation,T1068,Attack
A-01-SCN008-02-05,Government Data Centres,Web Application Compromise,Discovery,T1046,Attack
A-01-SCN008-02-06,Government Data Centres,Web Application Compromise,Lateral Movement,T1021,Attack
A-01-SCN008-02-07,Government Data Centres,Web Application Compromise,Command and Control,T1071,Attack
A-01-SCN008-02-08,Government Data Centres,Web Application Compromise,Command and Control,T1071,Attack
A-01-SCN008-02-09,Government Data Centres,Web Application Compromise,Command and Control,T1071,Attack
A-01-SCN008-03-00,Government Data Centres,Web Application Compromise,Reconnaissance,T1046,Attack
A-01-SCN008-03-01,Government Data Centres,Web Application Compromise,Initial Access,T1190,Attack
A-01-SCN008-03-02,Government Data Centres,Web Application Compromise,Execution,T1059,Attack
A-01-SCN008-03-03,Government Data Centres,Web Application Compromise,Persistence,T1053,Attack
A-01-SCN008-03-04,Government Data Centres,Web Application Compromise,Privilege Escalation,T1068,Attack
A-01-SCN008-03-05,Government Data Centres,Web Application Compromise,Discovery,T1046,Attack
A-01-SCN008-03-06,Government Data Centres,Web Application Compromise,Lateral Movement,T1021,Attack
A-01-SCN008-03-07,Government Data Centres,Web Application Compromise,Command and Control,T1071,Attack
A-01-SCN008-03-08,Government Data Centres,Web Application Compromise,Command and Control,T1071,Attack
A-01-SCN008-03-09,Government Data Centres,Web Application Compromise,Command and Control,T1071,Attack
A-01-SCN008-04-00,Government Data Centres,Web Application Compromise,Reconnaissance,T1046,Attack
A-01-SCN008-04-01,Government Data Centres,Web Application Compromise,Initial Access,T1190,Attack
A-01-SCN008-04-02,Government Data Centres,Web Application Compromise,Execution,T1059,Attack
A-01-SCN008-04-03,Government Data Centres,Web Application Compromise,Persistence,T1053,Attack
A-01-SCN008-04-04,Government Data Centres,Web Application Compromise,Privilege Escalation,T1068,Attack
A-01-SCN008-04-05,Government Data Centres,Web Application Compromise,Discovery,T1087,Attack
A-01-SCN008-04-06,Government Data Centres,Web Application Compromise,Lateral Movement,T1021,Attack
A-01-SCN008-04-07,Government Data Centres,Web Application Compromise,Command and Control,T1071,Attack
A-01-SCN008-04-08,Government Data Centres,Web Application Compromise,Command and Control,T1071,Attack
A-01-SCN008-04-09,Government Data Centres,Web Application Compromise,Command and Control,T1071,Attack
A-01-SCN009-01-00,Government Data Centres,Privilege Escalation,Reconnaissance,T1059,Attack
A-01-SCN009-01-01,Government Data Centres,Privilege Escalation,Initial Access,T1078,Attack
A-01-SCN009-01-02,Government Data Centres,Privilege Escalation,Execution,T1059,Attack
A-01-SCN009-01-03,Government Data Centres,Privilege Escalation,Persistence,T1053,Attack
A-01-SCN009-01-04,Government Data Centres,Privilege Escalation,Privilege Escalation,T1068,Attack
A-01-SCN009-01-05,Government Data Centres,Privilege Escalation,Discovery,T1087,Attack
A-01-SCN009-01-06,Government Data Centres,Privilege Escalation,Lateral Movement,T1021,Attack
A-01-SCN009-01-07,Government Data Centres,Privilege Escalation,Command and Control,T1071,Attack
A-01-SCN009-01-08,Government Data Centres,Privilege Escalation,Command and Control,T1071,Attack
A-01-SCN009-01-09,Government Data Centres,Privilege Escalation,Command and Control,T1071,Attack
A-01-SCN009-02-00,Government Data Centres,Privilege Escalation,Reconnaissance,T1068,Attack
A-01-SCN009-02-01,Government Data Centres,Privilege Escalation,Initial Access,T1078,Attack
A-01-SCN009-02-02,Government Data Centres,Privilege Escalation,Execution,T1059,Attack
A-01-SCN009-02-03,Government Data Centres,Privilege Escalation,Persistence,T1053,Attack
A-01-SCN009-02-04,Government Data Centres,Privilege Escalation,Privilege Escalation,T1068,Attack
A-01-SCN009-02-05,Government Data Centres,Privilege Escalation,Discovery,T1087,Attack
A-01-SCN009-02-06,Government Data Centres,Privilege Escalation,Lateral Movement,T1021,Attack
A-01-SCN009-02-07,Government Data Centres,Privilege Escalation,Command and Control,T1071,Attack
A-01-SCN009-02-08,Government Data Centres,Privilege Escalation,Command and Control,T1071,Attack
A-01-SCN009-02-09,Government Data Centres,Privilege Escalation,Command and Control,T1071,Attack
A-01-SCN009-03-00,Government Data Centres,Privilege Escalation,Reconnaissance,T1078,Attack
A-01-SCN009-03-01,Government Data Centres,Privilege Escalation,Initial Access,T1078,Attack
A-01-SCN009-03-02,Government Data Centres,Privilege Escalation,Execution,T1059,Attack
A-01-SCN009-03-03,Government Data Centres,Privilege Escalation,Persistence,T1053,Attack
A-01-SCN009-03-04,Government Data Centres,Privilege Escalation,Privilege Escalation,T1068,Attack
A-01-SCN009-03-05,Government Data Centres,Privilege Escalation,Discovery,T1046,Attack
A-01-SCN009-03-06,Government Data Centres,Privilege Escalation,Lateral Movement,T1021,Attack
A-01-SCN009-03-07,Government Data Centres,Privilege Escalation,Command and Control,T1071,Attack
A-01-SCN009-03-08,Government Data Centres,Privilege Escalation,Command and Control,T1071,Attack
A-01-SCN009-03-09,Government Data Centres,Privilege Escalation,Command and Control,T1071,Attack
A-01-SCN009-04-00,Government Data Centres,Privilege Escalation,Reconnaissance,T1059,Attack
A-01-SCN009-04-01,Government Data Centres,Privilege Escalation,Initial Access,T1190,Attack
A-01-SCN009-04-02,Government Data Centres,Privilege Escalation,Execution,T1059,Attack
A-01-SCN009-04-03,Government Data Centres,Privilege Escalation,Persistence,T1053,Attack
A-01-SCN009-04-04,Government Data Centres,Privilege Escalation,Privilege Escalation,T1068,Attack
A-01-SCN009-04-05,Government Data Centres,Privilege Escalation,Discovery,T1087,Attack
A-01-SCN009-04-06,Government Data Centres,Privilege Escalation,Lateral Movement,T1021,Attack
A-01-SCN009-04-07,Government Data Centres,Privilege Escalation,Command and Control,T1071,Attack
A-01-SCN009-04-08,Government Data Centres,Privilege Escalation,Command and Control,T1071,Attack
A-01-SCN009-04-09,Government Data Centres,Privilege Escalation,Command and Control,T1071,Attack
A-01-SCN010-01-00,Government Data Centres,Command and Control,Reconnaissance,T1190,Attack
A-01-SCN010-01-01,Government Data Centres,Command and Control,Initial Access,T1190,Attack
A-01-SCN010-01-02,Government Data Centres,Command and Control,Execution,T1059,Attack
A-01-SCN010-01-03,Government Data Centres,Command and Control,Persistence,T1053,Attack
A-01-SCN010-01-04,Government Data Centres,Command and Control,Privilege Escalation,T1068,Attack
A-01-SCN010-01-05,Government Data Centres,Command and Control,Discovery,T1087,Attack
A-01-SCN010-01-06,Government Data Centres,Command and Control,Lateral Movement,T1021,Attack
A-01-SCN010-01-07,Government Data Centres,Command and Control,Command and Control,T1071,Attack
A-01-SCN010-01-08,Government Data Centres,Command and Control,Command and Control,T1071,Attack
A-01-SCN010-01-09,Government Data Centres,Command and Control,Command and Control,T1071,Attack
A-01-SCN010-02-00,Government Data Centres,Command and Control,Reconnaissance,T1110,Attack
A-01-SCN010-02-01,Government Data Centres,Command and Control,Initial Access,T1190,Attack
A-01-SCN010-02-02,Government Data Centres,Command and Control,Execution,T1059,Attack
A-01-SCN010-02-03,Government Data Centres,Command and Control,Persistence,T1053,Attack
A-01-SCN010-02-04,Government Data Centres,Command and Control,Privilege Escalation,T1068,Attack
A-01-SCN010-02-05,Government Data Centres,Command and Control,Discovery,T1087,Attack
A-01-SCN010-02-06,Government Data Centres,Command and Control,Lateral Movement,T1021,Attack
A-01-SCN010-02-07,Government Data Centres,Command and Control,Command and Control,T1071,Attack
A-01-SCN010-02-08,Government Data Centres,Command and Control,Command and Control,T1071,Attack
A-01-SCN010-02-09,Government Data Centres,Command and Control,Command and Control,T1071,Attack
A-01-SCN010-03-00,Government Data Centres,Command and Control,Reconnaissance,T1078,Attack
A-01-SCN010-03-01,Government Data Centres,Command and Control,Initial Access,T1078,Attack
A-01-SCN010-03-02,Government Data Centres,Command and Control,Execution,T1059,Attack
A-01-SCN010-03-03,Government Data Centres,Command and Control,Persistence,T1053,Attack
A-01-SCN010-03-04,Government Data Centres,Command and Control,Privilege Escalation,T1068,Attack
A-01-SCN010-03-05,Government Data Centres,Command and Control,Discovery,T1087,Attack
A-01-SCN010-03-06,Government Data Centres,Command and Control,Lateral Movement,T1021,Attack
A-01-SCN010-03-07,Government Data Centres,Command and Control,Command and Control,T1071,Attack
A-01-SCN010-03-08,Government Data Centres,Command and Control,Command and Control,T1071,Attack
A-01-SCN010-03-09,Government Data Centres,Command and Control,Command and Control,T1071,Attack
A-01-SCN010-04-00,Government Data Centres,Command and Control,Reconnaissance,T1190,Attack
A-01-SCN010-04-01,Government Data Centres,Command and Control,Initial Access,T1190,Attack
A-01-SCN010-04-02,Government Data Centres,Command and Control,Execution,T1059,Attack
A-01-SCN010-04-03,Government Data Centres,Command and Control,Persistence,T1053,Attack
A-01-SCN010-04-04,Government Data Centres,Command and Control,Privilege Escalation,T1068,Attack
A-01-SCN010-04-05,Government Data Centres,Command and Control,Discovery,T1046,Attack
A-01-SCN010-04-06,Government Data Centres,Command and Control,Lateral Movement,T1021,Attack
A-01-SCN010-04-07,Government Data Centres,Command and Control,Command and Control,T1071,Attack
A-01-SCN010-04-08,Government Data Centres,Command and Control,Command and Control,T1071,Attack
A-01-SCN010-04-09,Government Data Centres,Command and Control,Command and Control,T1071,Attack
N-02-00000,Power Infrastructure,Normal,Normal,None,Normal
N-02-00001,Power Infrastructure,Normal,Normal,None,Normal
N-02-00002,Power Infrastructure,Normal,Normal,None,Normal
N-02-00003,Power Infrastructure,Normal,Normal,None,Normal
N-02-00004,Power Infrastructure,Normal,Normal,None,Normal
N-02-00005,Power Infrastructure,Normal,Normal,None,Normal
N-02-00006,Power Infrastructure,Normal,Normal,None,Normal
N-02-00007,Power Infrastructure,Normal,Normal,None,Normal
N-02-00008,Power Infrastructure,Normal,Normal,None,Normal
N-02-00009,Power Infrastructure,Normal,Normal,None,Normal
N-02-00010,Power Infrastructure,Normal,Normal,None,Normal
N-02-00011,Power Infrastructure,Normal,Normal,None,Normal
N-02-00012,Power Infrastructure,Normal,Normal,None,Normal
N-02-00013,Power Infrastructure,Normal,Normal,None,Normal
N-02-00014,Power Infrastructure,Normal,Normal,None,Normal
N-02-00015,Power Infrastructure,Normal,Normal,None,Normal
N-02-00016,Power Infrastructure,Normal,Normal,None,Normal
N-02-00017,Power Infrastructure,Normal,Normal,None,Normal
N-02-00018,Power Infrastructure,Normal,Normal,None,Normal
N-02-00019,Power Infrastructure,Normal,Normal,None,Normal
N-02-00020,Power Infrastructure,Normal,Normal,None,Normal
N-02-00021,Power Infrastructure,Normal,Normal,None,Normal
N-02-00022,Power Infrastructure,Normal,Normal,None,Normal
N-02-00023,Power Infrastructure,Normal,Normal,None,Normal
N-02-00024,Power Infrastructure,Normal,Normal,None,Normal
N-02-00025,Power Infrastructure,Normal,Normal,None,Normal
N-02-00026,Power Infrastructure,Normal,Normal,None,Normal
N-02-00027,Power Infrastructure,Normal,Normal,None,Normal
N-02-00028,Power Infrastructure,Normal,Normal,None,Normal
N-02-00029,Power Infrastructure,Normal,Normal,None,Normal
N-02-00030,Power Infrastructure,Normal,Normal,None,Normal
N-02-00031,Power Infrastructure,Normal,Normal,None,Normal
N-02-00032,Power Infrastructure,Normal,Normal,None,Normal
N-02-00033,Power Infrastructure,Normal,Normal,None,Normal
N-02-00034,Power Infrastructure,Normal,Normal,None,Normal
N-02-00035,Power Infrastructure,Normal,Normal,None,Normal
N-02-00036,Power Infrastructure,Normal,Normal,None,Normal
N-02-00037,Power Infrastructure,Normal,Normal,None,Normal
N-02-00038,Power Infrastructure,Normal,Normal,None,Normal
N-02-00039,Power Infrastructure,Normal,Normal,None,Normal
N-02-00040,Power Infrastructure,Normal,Normal,None,Normal
N-02-00041,Power Infrastructure,Normal,Normal,None,Normal
N-02-00042,Power Infrastructure,Normal,Normal,None,Normal
N-02-00043,Power Infrastructure,Normal,Normal,None,Normal
N-02-00044,Power Infrastructure,Normal,Normal,None,Normal
N-02-00045,Power Infrastructure,Normal,Normal,None,Normal
N-02-00046,Power Infrastructure,Normal,Normal,None,Normal
N-02-00047,Power Infrastructure,Normal,Normal,None,Normal
N-02-00048,Power Infrastructure,Normal,Normal,None,Normal
N-02-00049,Power Infrastructure,Normal,Normal,None,Normal
N-02-00050,Power Infrastructure,Normal,Normal,None,Normal
N-02-00051,Power Infrastructure,Normal,Normal,None,Normal
N-02-00052,Power Infrastructure,Normal,Normal,None,Normal
N-02-00053,Power Infrastructure,Normal,Normal,None,Normal
N-02-00054,Power Infrastructure,Normal,Normal,None,Normal
N-02-00055,Power Infrastructure,Normal,Normal,None,Normal
N-02-00056,Power Infrastructure,Normal,Normal,None,Normal
N-02-00057,Power Infrastructure,Normal,Normal,None,Normal
N-02-00058,Power Infrastructure,Normal,Normal,None,Normal
N-02-00059,Power Infrastructure,Normal,Normal,None,Normal
N-02-00060,Power Infrastructure,Normal,Normal,None,Normal
N-02-00061,Power Infrastructure,Normal,Normal,None,Normal
N-02-00062,Power Infrastructure,Normal,Normal,None,Normal
N-02-00063,Power Infrastructure,Normal,Normal,None,Normal
N-02-00064,Power Infrastructure,Normal,Normal,None,Normal
N-02-00065,Power Infrastructure,Normal,Normal,None,Normal
N-02-00066,Power Infrastructure,Normal,Normal,None,Normal
N-02-00067,Power Infrastructure,Normal,Normal,None,Normal
N-02-00068,Power Infrastructure,Normal,Normal,None,Normal
N-02-00069,Power Infrastructure,Normal,Normal,None,Normal
N-02-00070,Power Infrastructure,Normal,Normal,None,Normal
N-02-00071,Power Infrastructure,Normal,Normal,None,Normal
N-02-00072,Power Infrastructure,Normal,Normal,None,Normal
N-02-00073,Power Infrastructure,Normal,Normal,None,Normal
N-02-00074,Power Infrastructure,Normal,Normal,None,Normal
N-02-00075,Power Infrastructure,Normal,Normal,None,Normal
N-02-00076,Power Infrastructure,Normal,Normal,None,Normal
N-02-00077,Power Infrastructure,Normal,Normal,None,Normal
N-02-00078,Power Infrastructure,Normal,Normal,None,Normal
N-02-00079,Power Infrastructure,Normal,Normal,None,Normal
N-02-00080,Power Infrastructure,Normal,Normal,None,Normal
N-02-00081,Power Infrastructure,Normal,Normal,None,Normal
N-02-00082,Power Infrastructure,Normal,Normal,None,Normal
N-02-00083,Power Infrastructure,Normal,Normal,None,Normal
N-02-00084,Power Infrastructure,Normal,Normal,None,Normal
N-02-00085,Power Infrastructure,Normal,Normal,None,Normal
N-02-00086,Power Infrastructure,Normal,Normal,None,Normal
N-02-00087,Power Infrastructure,Normal,Normal,None,Normal
N-02-00088,Power Infrastructure,Normal,Normal,None,Normal
N-02-00089,Power Infrastructure,Normal,Normal,None,Normal
N-02-00090,Power Infrastructure,Normal,Normal,None,Normal
N-02-00091,Power Infrastructure,Normal,Normal,None,Normal
N-02-00092,Power Infrastructure,Normal,Normal,None,Normal
N-02-00093,Power Infrastructure,Normal,Normal,None,Normal
N-02-00094,Power Infrastructure,Normal,Normal,None,Normal
N-02-00095,Power Infrastructure,Normal,Normal,None,Normal
N-02-00096,Power Infrastructure,Normal,Normal,None,Normal
N-02-00097,Power Infrastructure,Normal,Normal,None,Normal
N-02-00098,Power Infrastructure,Normal,Normal,None,Normal
N-02-00099,Power Infrastructure,Normal,Normal,None,Normal
N-02-00100,Power Infrastructure,Normal,Normal,None,Normal
N-02-00101,Power Infrastructure,Normal,Normal,None,Normal
N-02-00102,Power Infrastructure,Normal,Normal,None,Normal
N-02-00103,Power Infrastructure,Normal,Normal,None,Normal
N-02-00104,Power Infrastructure,Normal,Normal,None,Normal
N-02-00105,Power Infrastructure,Normal,Normal,None,Normal
N-02-00106,Power Infrastructure,Normal,Normal,None,Normal
N-02-00107,Power Infrastructure,Normal,Normal,None,Normal
N-02-00108,Power Infrastructure,Normal,Normal,None,Normal
N-02-00109,Power Infrastructure,Normal,Normal,None,Normal
N-02-00110,Power Infrastructure,Normal,Normal,None,Normal
N-02-00111,Power Infrastructure,Normal,Normal,None,Normal
N-02-00112,Power Infrastructure,Normal,Normal,None,Normal
N-02-00113,Power Infrastructure,Normal,Normal,None,Normal
N-02-00114,Power Infrastructure,Normal,Normal,None,Normal
N-02-00115,Power Infrastructure,Normal,Normal,None,Normal
N-02-00116,Power Infrastructure,Normal,Normal,None,Normal
N-02-00117,Power Infrastructure,Normal,Normal,None,Normal
N-02-00118,Power Infrastructure,Normal,Normal,None,Normal
N-02-00119,Power Infrastructure,Normal,Normal,None,Normal
N-02-00120,Power Infrastructure,Normal,Normal,None,Normal
N-02-00121,Power Infrastructure,Normal,Normal,None,Normal
N-02-00122,Power Infrastructure,Normal,Normal,None,Normal
N-02-00123,Power Infrastructure,Normal,Normal,None,Normal
N-02-00124,Power Infrastructure,Normal,Normal,None,Normal
N-02-00125,Power Infrastructure,Normal,Normal,None,Normal
N-02-00126,Power Infrastructure,Normal,Normal,None,Normal
N-02-00127,Power Infrastructure,Normal,Normal,None,Normal
N-02-00128,Power Infrastructure,Normal,Normal,None,Normal
N-02-00129,Power Infrastructure,Normal,Normal,None,Normal
N-02-00130,Power Infrastructure,Normal,Normal,None,Normal
N-02-00131,Power Infrastructure,Normal,Normal,None,Normal
N-02-00132,Power Infrastructure,Normal,Normal,None,Normal
N-02-00133,Power Infrastructure,Normal,Normal,None,Normal
N-02-00134,Power Infrastructure,Normal,Normal,None,Normal
N-02-00135,Power Infrastructure,Normal,Normal,None,Normal
N-02-00136,Power Infrastructure,Normal,Normal,None,Normal
N-02-00137,Power Infrastructure,Normal,Normal,None,Normal
N-02-00138,Power Infrastructure,Normal,Normal,None,Normal
N-02-00139,Power Infrastructure,Normal,Normal,None,Normal
N-02-00140,Power Infrastructure,Normal,Normal,None,Normal
N-02-00141,Power Infrastructure,Normal,Normal,None,Normal
N-02-00142,Power Infrastructure,Normal,Normal,None,Normal
N-02-00143,Power Infrastructure,Normal,Normal,None,Normal
N-02-00144,Power Infrastructure,Normal,Normal,None,Normal
N-02-00145,Power Infrastructure,Normal,Normal,None,Normal
N-02-00146,Power Infrastructure,Normal,Normal,None,Normal
N-02-00147,Power Infrastructure,Normal,Normal,None,Normal
N-02-00148,Power Infrastructure,Normal,Normal,None,Normal
N-02-00149,Power Infrastructure,Normal,Normal,None,Normal
N-02-00150,Power Infrastructure,Normal,Normal,None,Normal
N-02-00151,Power Infrastructure,Normal,Normal,None,Normal
N-02-00152,Power Infrastructure,Normal,Normal,None,Normal
N-02-00153,Power Infrastructure,Normal,Normal,None,Normal
N-02-00154,Power Infrastructure,Normal,Normal,None,Normal
N-02-00155,Power Infrastructure,Normal,Normal,None,Normal
N-02-00156,Power Infrastructure,Normal,Normal,None,Normal
N-02-00157,Power Infrastructure,Normal,Normal,None,Normal
N-02-00158,Power Infrastructure,Normal,Normal,None,Normal
N-02-00159,Power Infrastructure,Normal,Normal,None,Normal
N-02-00160,Power Infrastructure,Normal,Normal,None,Normal
N-02-00161,Power Infrastructure,Normal,Normal,None,Normal
N-02-00162,Power Infrastructure,Normal,Normal,None,Normal
N-02-00163,Power Infrastructure,Normal,Normal,None,Normal
N-02-00164,Power Infrastructure,Normal,Normal,None,Normal
N-02-00165,Power Infrastructure,Normal,Normal,None,Normal
N-02-00166,Power Infrastructure,Normal,Normal,None,Normal
N-02-00167,Power Infrastructure,Normal,Normal,None,Normal
N-02-00168,Power Infrastructure,Normal,Normal,None,Normal
N-02-00169,Power Infrastructure,Normal,Normal,None,Normal
N-02-00170,Power Infrastructure,Normal,Normal,None,Normal
N-02-00171,Power Infrastructure,Normal,Normal,None,Normal
N-02-00172,Power Infrastructure,Normal,Normal,None,Normal
N-02-00173,Power Infrastructure,Normal,Normal,None,Normal
N-02-00174,Power Infrastructure,Normal,Normal,None,Normal
N-02-00175,Power Infrastructure,Normal,Normal,None,Normal
N-02-00176,Power Infrastructure,Normal,Normal,None,Normal
N-02-00177,Power Infrastructure,Normal,Normal,None,Normal
N-02-00178,Power Infrastructure,Normal,Normal,None,Normal
N-02-00179,Power Infrastructure,Normal,Normal,None,Normal
N-02-00180,Power Infrastructure,Normal,Normal,None,Normal
N-02-00181,Power Infrastructure,Normal,Normal,None,Normal
N-02-00182,Power Infrastructure,Normal,Normal,None,Normal
N-02-00183,Power Infrastructure,Normal,Normal,None,Normal
N-02-00184,Power Infrastructure,Normal,Normal,None,Normal
N-02-00185,Power Infrastructure,Normal,Normal,None,Normal
N-02-00186,Power Infrastructure,Normal,Normal,None,Normal
N-02-00187,Power Infrastructure,Normal,Normal,None,Normal
N-02-00188,Power Infrastructure,Normal,Normal,None,Normal
N-02-00189,Power Infrastructure,Normal,Normal,None,Normal
N-02-00190,Power Infrastructure,Normal,Normal,None,Normal
N-02-00191,Power Infrastructure,Normal,Normal,None,Normal
N-02-00192,Power Infrastructure,Normal,Normal,None,Normal
N-02-00193,Power Infrastructure,Normal,Normal,None,Normal
N-02-00194,Power Infrastructure,Normal,Normal,None,Normal
N-02-00195,Power Infrastructure,Normal,Normal,None,Normal
N-02-00196,Power Infrastructure,Normal,Normal,None,Normal
N-02-00197,Power Infrastructure,Normal,Normal,None,Normal
N-02-00198,Power Infrastructure,Normal,Normal,None,Normal
N-02-00199,Power Infrastructure,Normal,Normal,None,Normal
N-02-00200,Power Infrastructure,Normal,Normal,None,Normal
N-02-00201,Power Infrastructure,Normal,Normal,None,Normal
N-02-00202,Power Infrastructure,Normal,Normal,None,Normal
N-02-00203,Power Infrastructure,Normal,Normal,None,Normal
N-02-00204,Power Infrastructure,Normal,Normal,None,Normal
N-02-00205,Power Infrastructure,Normal,Normal,None,Normal
N-02-00206,Power Infrastructure,Normal,Normal,None,Normal
N-02-00207,Power Infrastructure,Normal,Normal,None,Normal
N-02-00208,Power Infrastructure,Normal,Normal,None,Normal
N-02-00209,Power Infrastructure,Normal,Normal,None,Normal
N-02-00210,Power Infrastructure,Normal,Normal,None,Normal
N-02-00211,Power Infrastructure,Normal,Normal,None,Normal
N-02-00212,Power Infrastructure,Normal,Normal,None,Normal
N-02-00213,Power Infrastructure,Normal,Normal,None,Normal
N-02-00214,Power Infrastructure,Normal,Normal,None,Normal
N-02-00215,Power Infrastructure,Normal,Normal,None,Normal
N-02-00216,Power Infrastructure,Normal,Normal,None,Normal
N-02-00217,Power Infrastructure,Normal,Normal,None,Normal
N-02-00218,Power Infrastructure,Normal,Normal,None,Normal
N-02-00219,Power Infrastructure,Normal,Normal,None,Normal
N-02-00220,Power Infrastructure,Normal,Normal,None,Normal
N-02-00221,Power Infrastructure,Normal,Normal,None,Normal
N-02-00222,Power Infrastructure,Normal,Normal,None,Normal
N-02-00223,Power Infrastructure,Normal,Normal,None,Normal
N-02-00224,Power Infrastructure,Normal,Normal,None,Normal
N-02-00225,Power Infrastructure,Normal,Normal,None,Normal
N-02-00226,Power Infrastructure,Normal,Normal,None,Normal
N-02-00227,Power Infrastructure,Normal,Normal,None,Normal
N-02-00228,Power Infrastructure,Normal,Normal,None,Normal
N-02-00229,Power Infrastructure,Normal,Normal,None,Normal
N-02-00230,Power Infrastructure,Normal,Normal,None,Normal
N-02-00231,Power Infrastructure,Normal,Normal,None,Normal
N-02-00232,Power Infrastructure,Normal,Normal,None,Normal
N-02-00233,Power Infrastructure,Normal,Normal,None,Normal
N-02-00234,Power Infrastructure,Normal,Normal,None,Normal
N-02-00235,Power Infrastructure,Normal,Normal,None,Normal
N-02-00236,Power Infrastructure,Normal,Normal,None,Normal
N-02-00237,Power Infrastructure,Normal,Normal,None,Normal
N-02-00238,Power Infrastructure,Normal,Normal,None,Normal
N-02-00239,Power Infrastructure,Normal,Normal,None,Normal
N-02-00240,Power Infrastructure,Normal,Normal,None,Normal
N-02-00241,Power Infrastructure,Normal,Normal,None,Normal
N-02-00242,Power Infrastructure,Normal,Normal,None,Normal
N-02-00243,Power Infrastructure,Normal,Normal,None,Normal
N-02-00244,Power Infrastructure,Normal,Normal,None,Normal
N-02-00245,Power Infrastructure,Normal,Normal,None,Normal
N-02-00246,Power Infrastructure,Normal,Normal,None,Normal
N-02-00247,Power Infrastructure,Normal,Normal,None,Normal
N-02-00248,Power Infrastructure,Normal,Normal,None,Normal
N-02-00249,Power Infrastructure,Normal,Normal,None,Normal
N-02-00250,Power Infrastructure,Normal,Normal,None,Normal
N-02-00251,Power Infrastructure,Normal,Normal,None,Normal
N-02-00252,Power Infrastructure,Normal,Normal,None,Normal
N-02-00253,Power Infrastructure,Normal,Normal,None,Normal
N-02-00254,Power Infrastructure,Normal,Normal,None,Normal
N-02-00255,Power Infrastructure,Normal,Normal,None,Normal
N-02-00256,Power Infrastructure,Normal,Normal,None,Normal
N-02-00257,Power Infrastructure,Normal,Normal,None,Normal
N-02-00258,Power Infrastructure,Normal,Normal,None,Normal
N-02-00259,Power Infrastructure,Normal,Normal,None,Normal
N-02-00260,Power Infrastructure,Normal,Normal,None,Normal
N-02-00261,Power Infrastructure,Normal,Normal,None,Normal
N-02-00262,Power Infrastructure,Normal,Normal,None,Normal
N-02-00263,Power Infrastructure,Normal,Normal,None,Normal
N-02-00264,Power Infrastructure,Normal,Normal,None,Normal
N-02-00265,Power Infrastructure,Normal,Normal,None,Normal
N-02-00266,Power Infrastructure,Normal,Normal,None,Normal
N-02-00267,Power Infrastructure,Normal,Normal,None,Normal
N-02-00268,Power Infrastructure,Normal,Normal,None,Normal
N-02-00269,Power Infrastructure,Normal,Normal,None,Normal
N-02-00270,Power Infrastructure,Normal,Normal,None,Normal
N-02-00271,Power Infrastructure,Normal,Normal,None,Normal
N-02-00272,Power Infrastructure,Normal,Normal,None,Normal
N-02-00273,Power Infrastructure,Normal,Normal,None,Normal
N-02-00274,Power Infrastructure,Normal,Normal,None,Normal
N-02-00275,Power Infrastructure,Normal,Normal,None,Normal
N-02-00276,Power Infrastructure,Normal,Normal,None,Normal
N-02-00277,Power Infrastructure,Normal,Normal,None,Normal
N-02-00278,Power Infrastructure,Normal,Normal,None,Normal
N-02-00279,Power Infrastructure,Normal,Normal,None,Normal
N-02-00280,Power Infrastructure,Normal,Normal,None,Normal
N-02-00281,Power Infrastructure,Normal,Normal,None,Normal
N-02-00282,Power Infrastructure,Normal,Normal,None,Normal
N-02-00283,Power Infrastructure,Normal,Normal,None,Normal
N-02-00284,Power Infrastructure,Normal,Normal,None,Normal
N-02-00285,Power Infrastructure,Normal,Normal,None,Normal
N-02-00286,Power Infrastructure,Normal,Normal,None,Normal
N-02-00287,Power Infrastructure,Normal,Normal,None,Normal
N-02-00288,Power Infrastructure,Normal,Normal,None,Normal
N-02-00289,Power Infrastructure,Normal,Normal,None,Normal
N-02-00290,Power Infrastructure,Normal,Normal,None,Normal
N-02-00291,Power Infrastructure,Normal,Normal,None,Normal
N-02-00292,Power Infrastructure,Normal,Normal,None,Normal
N-02-00293,Power Infrastructure,Normal,Normal,None,Normal
N-02-00294,Power Infrastructure,Normal,Normal,None,Normal
N-02-00295,Power Infrastructure,Normal,Normal,None,Normal
N-02-00296,Power Infrastructure,Normal,Normal,None,Normal
N-02-00297,Power Infrastructure,Normal,Normal,None,Normal
N-02-00298,Power Infrastructure,Normal,Normal,None,Normal
N-02-00299,Power Infrastructure,Normal,Normal,None,Normal
N-02-00300,Power Infrastructure,Normal,Normal,None,Normal
N-02-00301,Power Infrastructure,Normal,Normal,None,Normal
N-02-00302,Power Infrastructure,Normal,Normal,None,Normal
N-02-00303,Power Infrastructure,Normal,Normal,None,Normal
N-02-00304,Power Infrastructure,Normal,Normal,None,Normal
N-02-00305,Power Infrastructure,Normal,Normal,None,Normal
N-02-00306,Power Infrastructure,Normal,Normal,None,Normal
N-02-00307,Power Infrastructure,Normal,Normal,None,Normal
N-02-00308,Power Infrastructure,Normal,Normal,None,Normal
N-02-00309,Power Infrastructure,Normal,Normal,None,Normal
N-02-00310,Power Infrastructure,Normal,Normal,None,Normal
N-02-00311,Power Infrastructure,Normal,Normal,None,Normal
N-02-00312,Power Infrastructure,Normal,Normal,None,Normal
N-02-00313,Power Infrastructure,Normal,Normal,None,Normal
N-02-00314,Power Infrastructure,Normal,Normal,None,Normal
N-02-00315,Power Infrastructure,Normal,Normal,None,Normal
N-02-00316,Power Infrastructure,Normal,Normal,None,Normal
N-02-00317,Power Infrastructure,Normal,Normal,None,Normal
N-02-00318,Power Infrastructure,Normal,Normal,None,Normal
N-02-00319,Power Infrastructure,Normal,Normal,None,Normal
N-02-00320,Power Infrastructure,Normal,Normal,None,Normal
N-02-00321,Power Infrastructure,Normal,Normal,None,Normal
N-02-00322,Power Infrastructure,Normal,Normal,None,Normal
N-02-00323,Power Infrastructure,Normal,Normal,None,Normal
N-02-00324,Power Infrastructure,Normal,Normal,None,Normal
N-02-00325,Power Infrastructure,Normal,Normal,None,Normal
N-02-00326,Power Infrastructure,Normal,Normal,None,Normal
N-02-00327,Power Infrastructure,Normal,Normal,None,Normal
N-02-00328,Power Infrastructure,Normal,Normal,None,Normal
N-02-00329,Power Infrastructure,Normal,Normal,None,Normal
N-02-00330,Power Infrastructure,Normal,Normal,None,Normal
N-02-00331,Power Infrastructure,Normal,Normal,None,Normal
N-02-00332,Power Infrastructure,Normal,Normal,None,Normal
N-02-00333,Power Infrastructure,Normal,Normal,None,Normal
N-02-00334,Power Infrastructure,Normal,Normal,None,Normal
N-02-00335,Power Infrastructure,Normal,Normal,None,Normal
N-02-00336,Power Infrastructure,Normal,Normal,None,Normal
N-02-00337,Power Infrastructure,Normal,Normal,None,Normal
N-02-00338,Power Infrastructure,Normal,Normal,None,Normal
N-02-00339,Power Infrastructure,Normal,Normal,None,Normal
N-02-00340,Power Infrastructure,Normal,Normal,None,Normal
N-02-00341,Power Infrastructure,Normal,Normal,None,Normal
N-02-00342,Power Infrastructure,Normal,Normal,None,Normal
N-02-00343,Power Infrastructure,Normal,Normal,None,Normal
N-02-00344,Power Infrastructure,Normal,Normal,None,Normal
N-02-00345,Power Infrastructure,Normal,Normal,None,Normal
N-02-00346,Power Infrastructure,Normal,Normal,None,Normal
N-02-00347,Power Infrastructure,Normal,Normal,None,Normal
N-02-00348,Power Infrastructure,Normal,Normal,None,Normal
N-02-00349,Power Infrastructure,Normal,Normal,None,Normal
N-02-00350,Power Infrastructure,Normal,Normal,None,Normal
N-02-00351,Power Infrastructure,Normal,Normal,None,Normal
N-02-00352,Power Infrastructure,Normal,Normal,None,Normal
N-02-00353,Power Infrastructure,Normal,Normal,None,Normal
N-02-00354,Power Infrastructure,Normal,Normal,None,Normal
N-02-00355,Power Infrastructure,Normal,Normal,None,Normal
N-02-00356,Power Infrastructure,Normal,Normal,None,Normal
N-02-00357,Power Infrastructure,Normal,Normal,None,Normal
N-02-00358,Power Infrastructure,Normal,Normal,None,Normal
N-02-00359,Power Infrastructure,Normal,Normal,None,Normal
N-02-00360,Power Infrastructure,Normal,Normal,None,Normal
N-02-00361,Power Infrastructure,Normal,Normal,None,Normal
N-02-00362,Power Infrastructure,Normal,Normal,None,Normal
N-02-00363,Power Infrastructure,Normal,Normal,None,Normal
N-02-00364,Power Infrastructure,Normal,Normal,None,Normal
N-02-00365,Power Infrastructure,Normal,Normal,None,Normal
N-02-00366,Power Infrastructure,Normal,Normal,None,Normal
N-02-00367,Power Infrastructure,Normal,Normal,None,Normal
N-02-00368,Power Infrastructure,Normal,Normal,None,Normal
N-02-00369,Power Infrastructure,Normal,Normal,None,Normal
N-02-00370,Power Infrastructure,Normal,Normal,None,Normal
N-02-00371,Power Infrastructure,Normal,Normal,None,Normal
N-02-00372,Power Infrastructure,Normal,Normal,None,Normal
N-02-00373,Power Infrastructure,Normal,Normal,None,Normal
N-02-00374,Power Infrastructure,Normal,Normal,None,Normal
N-02-00375,Power Infrastructure,Normal,Normal,None,Normal
N-02-00376,Power Infrastructure,Normal,Normal,None,Normal
N-02-00377,Power Infrastructure,Normal,Normal,None,Normal
N-02-00378,Power Infrastructure,Normal,Normal,None,Normal
N-02-00379,Power Infrastructure,Normal,Normal,None,Normal
N-02-00380,Power Infrastructure,Normal,Normal,None,Normal
N-02-00381,Power Infrastructure,Normal,Normal,None,Normal
N-02-00382,Power Infrastructure,Normal,Normal,None,Normal
N-02-00383,Power Infrastructure,Normal,Normal,None,Normal
N-02-00384,Power Infrastructure,Normal,Normal,None,Normal
N-02-00385,Power Infrastructure,Normal,Normal,None,Normal
N-02-00386,Power Infrastructure,Normal,Normal,None,Normal
N-02-00387,Power Infrastructure,Normal,Normal,None,Normal
N-02-00388,Power Infrastructure,Normal,Normal,None,Normal
N-02-00389,Power Infrastructure,Normal,Normal,None,Normal
N-02-00390,Power Infrastructure,Normal,Normal,None,Normal
N-02-00391,Power Infrastructure,Normal,Normal,None,Normal
N-02-00392,Power Infrastructure,Normal,Normal,None,Normal
N-02-00393,Power Infrastructure,Normal,Normal,None,Normal
N-02-00394,Power Infrastructure,Normal,Normal,None,Normal
N-02-00395,Power Infrastructure,Normal,Normal,None,Normal
N-02-00396,Power Infrastructure,Normal,Normal,None,Normal
N-02-00397,Power Infrastructure,Normal,Normal,None,Normal
N-02-00398,Power Infrastructure,Normal,Normal,None,Normal
N-02-00399,Power Infrastructure,Normal,Normal,None,Normal
N-02-00400,Power Infrastructure,Normal,Normal,None,Normal
N-02-00401,Power Infrastructure,Normal,Normal,None,Normal
N-02-00402,Power Infrastructure,Normal,Normal,None,Normal
N-02-00403,Power Infrastructure,Normal,Normal,None,Normal
N-02-00404,Power Infrastructure,Normal,Normal,None,Normal
N-02-00405,Power Infrastructure,Normal,Normal,None,Normal
N-02-00406,Power Infrastructure,Normal,Normal,None,Normal
N-02-00407,Power Infrastructure,Normal,Normal,None,Normal
N-02-00408,Power Infrastructure,Normal,Normal,None,Normal
N-02-00409,Power Infrastructure,Normal,Normal,None,Normal
N-02-00410,Power Infrastructure,Normal,Normal,None,Normal
N-02-00411,Power Infrastructure,Normal,Normal,None,Normal
N-02-00412,Power Infrastructure,Normal,Normal,None,Normal
N-02-00413,Power Infrastructure,Normal,Normal,None,Normal
N-02-00414,Power Infrastructure,Normal,Normal,None,Normal
N-02-00415,Power Infrastructure,Normal,Normal,None,Normal
N-02-00416,Power Infrastructure,Normal,Normal,None,Normal
N-02-00417,Power Infrastructure,Normal,Normal,None,Normal
N-02-00418,Power Infrastructure,Normal,Normal,None,Normal
N-02-00419,Power Infrastructure,Normal,Normal,None,Normal
N-02-00420,Power Infrastructure,Normal,Normal,None,Normal
N-02-00421,Power Infrastructure,Normal,Normal,None,Normal
N-02-00422,Power Infrastructure,Normal,Normal,None,Normal
N-02-00423,Power Infrastructure,Normal,Normal,None,Normal
N-02-00424,Power Infrastructure,Normal,Normal,None,Normal
N-02-00425,Power Infrastructure,Normal,Normal,None,Normal
N-02-00426,Power Infrastructure,Normal,Normal,None,Normal
N-02-00427,Power Infrastructure,Normal,Normal,None,Normal
N-02-00428,Power Infrastructure,Normal,Normal,None,Normal
N-02-00429,Power Infrastructure,Normal,Normal,None,Normal
N-02-00430,Power Infrastructure,Normal,Normal,None,Normal
N-02-00431,Power Infrastructure,Normal,Normal,None,Normal
N-02-00432,Power Infrastructure,Normal,Normal,None,Normal
N-02-00433,Power Infrastructure,Normal,Normal,None,Normal
N-02-00434,Power Infrastructure,Normal,Normal,None,Normal
N-02-00435,Power Infrastructure,Normal,Normal,None,Normal
N-02-00436,Power Infrastructure,Normal,Normal,None,Normal
N-02-00437,Power Infrastructure,Normal,Normal,None,Normal
N-02-00438,Power Infrastructure,Normal,Normal,None,Normal
N-02-00439,Power Infrastructure,Normal,Normal,None,Normal
N-02-00440,Power Infrastructure,Normal,Normal,None,Normal
N-02-00441,Power Infrastructure,Normal,Normal,None,Normal
N-02-00442,Power Infrastructure,Normal,Normal,None,Normal
N-02-00443,Power Infrastructure,Normal,Normal,None,Normal
N-02-00444,Power Infrastructure,Normal,Normal,None,Normal
N-02-00445,Power Infrastructure,Normal,Normal,None,Normal
N-02-00446,Power Infrastructure,Normal,Normal,None,Normal
N-02-00447,Power Infrastructure,Normal,Normal,None,Normal
N-02-00448,Power Infrastructure,Normal,Normal,None,Normal
N-02-00449,Power Infrastructure,Normal,Normal,None,Normal
N-02-00450,Power Infrastructure,Normal,Normal,None,Normal
N-02-00451,Power Infrastructure,Normal,Normal,None,Normal
N-02-00452,Power Infrastructure,Normal,Normal,None,Normal
N-02-00453,Power Infrastructure,Normal,Normal,None,Normal
N-02-00454,Power Infrastructure,Normal,Normal,None,Normal
N-02-00455,Power Infrastructure,Normal,Normal,None,Normal
N-02-00456,Power Infrastructure,Normal,Normal,None,Normal
N-02-00457,Power Infrastructure,Normal,Normal,None,Normal
N-02-00458,Power Infrastructure,Normal,Normal,None,Normal
N-02-00459,Power Infrastructure,Normal,Normal,None,Normal
N-02-00460,Power Infrastructure,Normal,Normal,None,Normal
N-02-00461,Power Infrastructure,Normal,Normal,None,Normal
N-02-00462,Power Infrastructure,Normal,Normal,None,Normal
N-02-00463,Power Infrastructure,Normal,Normal,None,Normal
N-02-00464,Power Infrastructure,Normal,Normal,None,Normal
N-02-00465,Power Infrastructure,Normal,Normal,None,Normal
N-02-00466,Power Infrastructure,Normal,Normal,None,Normal
N-02-00467,Power Infrastructure,Normal,Normal,None,Normal
N-02-00468,Power Infrastructure,Normal,Normal,None,Normal
N-02-00469,Power Infrastructure,Normal,Normal,None,Normal
N-02-00470,Power Infrastructure,Normal,Normal,None,Normal
N-02-00471,Power Infrastructure,Normal,Normal,None,Normal
N-02-00472,Power Infrastructure,Normal,Normal,None,Normal
N-02-00473,Power Infrastructure,Normal,Normal,None,Normal
N-02-00474,Power Infrastructure,Normal,Normal,None,Normal
N-02-00475,Power Infrastructure,Normal,Normal,None,Normal
N-02-00476,Power Infrastructure,Normal,Normal,None,Normal
N-02-00477,Power Infrastructure,Normal,Normal,None,Normal
N-02-00478,Power Infrastructure,Normal,Normal,None,Normal
N-02-00479,Power Infrastructure,Normal,Normal,None,Normal
N-02-00480,Power Infrastructure,Normal,Normal,None,Normal
N-02-00481,Power Infrastructure,Normal,Normal,None,Normal
N-02-00482,Power Infrastructure,Normal,Normal,None,Normal
N-02-00483,Power Infrastructure,Normal,Normal,None,Normal
N-02-00484,Power Infrastructure,Normal,Normal,None,Normal
N-02-00485,Power Infrastructure,Normal,Normal,None,Normal
N-02-00486,Power Infrastructure,Normal,Normal,None,Normal
N-02-00487,Power Infrastructure,Normal,Normal,None,Normal
N-02-00488,Power Infrastructure,Normal,Normal,None,Normal
N-02-00489,Power Infrastructure,Normal,Normal,None,Normal
N-02-00490,Power Infrastructure,Normal,Normal,None,Normal
N-02-00491,Power Infrastructure,Normal,Normal,None,Normal
N-02-00492,Power Infrastructure,Normal,Normal,None,Normal
N-02-00493,Power Infrastructure,Normal,Normal,None,Normal
N-02-00494,Power Infrastructure,Normal,Normal,None,Normal
N-02-00495,Power Infrastructure,Normal,Normal,None,Normal
N-02-00496,Power Infrastructure,Normal,Normal,None,Normal
N-02-00497,Power Infrastructure,Normal,Normal,None,Normal
N-02-00498,Power Infrastructure,Normal,Normal,None,Normal
N-02-00499,Power Infrastructure,Normal,Normal,None,Normal
N-02-00500,Power Infrastructure,Normal,Normal,None,Normal
N-02-00501,Power Infrastructure,Normal,Normal,None,Normal
N-02-00502,Power Infrastructure,Normal,Normal,None,Normal
N-02-00503,Power Infrastructure,Normal,Normal,None,Normal
N-02-00504,Power Infrastructure,Normal,Normal,None,Normal
N-02-00505,Power Infrastructure,Normal,Normal,None,Normal
N-02-00506,Power Infrastructure,Normal,Normal,None,Normal
N-02-00507,Power Infrastructure,Normal,Normal,None,Normal
N-02-00508,Power Infrastructure,Normal,Normal,None,Normal
N-02-00509,Power Infrastructure,Normal,Normal,None,Normal
N-02-00510,Power Infrastructure,Normal,Normal,None,Normal
N-02-00511,Power Infrastructure,Normal,Normal,None,Normal
N-02-00512,Power Infrastructure,Normal,Normal,None,Normal
N-02-00513,Power Infrastructure,Normal,Normal,None,Normal
N-02-00514,Power Infrastructure,Normal,Normal,None,Normal
N-02-00515,Power Infrastructure,Normal,Normal,None,Normal
N-02-00516,Power Infrastructure,Normal,Normal,None,Normal
N-02-00517,Power Infrastructure,Normal,Normal,None,Normal
N-02-00518,Power Infrastructure,Normal,Normal,None,Normal
N-02-00519,Power Infrastructure,Normal,Normal,None,Normal
N-02-00520,Power Infrastructure,Normal,Normal,None,Normal
N-02-00521,Power Infrastructure,Normal,Normal,None,Normal
N-02-00522,Power Infrastructure,Normal,Normal,None,Normal
N-02-00523,Power Infrastructure,Normal,Normal,None,Normal
N-02-00524,Power Infrastructure,Normal,Normal,None,Normal
N-02-00525,Power Infrastructure,Normal,Normal,None,Normal
N-02-00526,Power Infrastructure,Normal,Normal,None,Normal
N-02-00527,Power Infrastructure,Normal,Normal,None,Normal
N-02-00528,Power Infrastructure,Normal,Normal,None,Normal
N-02-00529,Power Infrastructure,Normal,Normal,None,Normal
N-02-00530,Power Infrastructure,Normal,Normal,None,Normal
N-02-00531,Power Infrastructure,Normal,Normal,None,Normal
N-02-00532,Power Infrastructure,Normal,Normal,None,Normal
N-02-00533,Power Infrastructure,Normal,Normal,None,Normal
N-02-00534,Power Infrastructure,Normal,Normal,None,Normal
N-02-00535,Power Infrastructure,Normal,Normal,None,Normal
N-02-00536,Power Infrastructure,Normal,Normal,None,Normal
N-02-00537,Power Infrastructure,Normal,Normal,None,Normal
N-02-00538,Power Infrastructure,Normal,Normal,None,Normal
N-02-00539,Power Infrastructure,Normal,Normal,None,Normal
N-02-00540,Power Infrastructure,Normal,Normal,None,Normal
N-02-00541,Power Infrastructure,Normal,Normal,None,Normal
N-02-00542,Power Infrastructure,Normal,Normal,None,Normal
N-02-00543,Power Infrastructure,Normal,Normal,None,Normal
N-02-00544,Power Infrastructure,Normal,Normal,None,Normal
N-02-00545,Power Infrastructure,Normal,Normal,None,Normal
N-02-00546,Power Infrastructure,Normal,Normal,None,Normal
N-02-00547,Power Infrastructure,Normal,Normal,None,Normal
N-02-00548,Power Infrastructure,Normal,Normal,None,Normal
N-02-00549,Power Infrastructure,Normal,Normal,None,Normal
N-02-00550,Power Infrastructure,Normal,Normal,None,Normal
N-02-00551,Power Infrastructure,Normal,Normal,None,Normal
N-02-00552,Power Infrastructure,Normal,Normal,None,Normal
N-02-00553,Power Infrastructure,Normal,Normal,None,Normal
N-02-00554,Power Infrastructure,Normal,Normal,None,Normal
N-02-00555,Power Infrastructure,Normal,Normal,None,Normal
N-02-00556,Power Infrastructure,Normal,Normal,None,Normal
N-02-00557,Power Infrastructure,Normal,Normal,None,Normal
N-02-00558,Power Infrastructure,Normal,Normal,None,Normal
N-02-00559,Power Infrastructure,Normal,Normal,None,Normal
N-02-00560,Power Infrastructure,Normal,Normal,None,Normal
N-02-00561,Power Infrastructure,Normal,Normal,None,Normal
N-02-00562,Power Infrastructure,Normal,Normal,None,Normal
N-02-00563,Power Infrastructure,Normal,Normal,None,Normal
N-02-00564,Power Infrastructure,Normal,Normal,None,Normal
N-02-00565,Power Infrastructure,Normal,Normal,None,Normal
N-02-00566,Power Infrastructure,Normal,Normal,None,Normal
N-02-00567,Power Infrastructure,Normal,Normal,None,Normal
N-02-00568,Power Infrastructure,Normal,Normal,None,Normal
N-02-00569,Power Infrastructure,Normal,Normal,None,Normal
N-02-00570,Power Infrastructure,Normal,Normal,None,Normal
N-02-00571,Power Infrastructure,Normal,Normal,None,Normal
N-02-00572,Power Infrastructure,Normal,Normal,None,Normal
N-02-00573,Power Infrastructure,Normal,Normal,None,Normal
N-02-00574,Power Infrastructure,Normal,Normal,None,Normal
N-02-00575,Power Infrastructure,Normal,Normal,None,Normal
N-02-00576,Power Infrastructure,Normal,Normal,None,Normal
N-02-00577,Power Infrastructure,Normal,Normal,None,Normal
N-02-00578,Power Infrastructure,Normal,Normal,None,Normal
N-02-00579,Power Infrastructure,Normal,Normal,None,Normal
N-02-00580,Power Infrastructure,Normal,Normal,None,Normal
N-02-00581,Power Infrastructure,Normal,Normal,None,Normal
N-02-00582,Power Infrastructure,Normal,Normal,None,Normal
N-02-00583,Power Infrastructure,Normal,Normal,None,Normal
N-02-00584,Power Infrastructure,Normal,Normal,None,Normal
N-02-00585,Power Infrastructure,Normal,Normal,None,Normal
N-02-00586,Power Infrastructure,Normal,Normal,None,Normal
N-02-00587,Power Infrastructure,Normal,Normal,None,Normal
N-02-00588,Power Infrastructure,Normal,Normal,None,Normal
N-02-00589,Power Infrastructure,Normal,Normal,None,Normal
N-02-00590,Power Infrastructure,Normal,Normal,None,Normal
N-02-00591,Power Infrastructure,Normal,Normal,None,Normal
N-02-00592,Power Infrastructure,Normal,Normal,None,Normal
N-02-00593,Power Infrastructure,Normal,Normal,None,Normal
N-02-00594,Power Infrastructure,Normal,Normal,None,Normal
N-02-00595,Power Infrastructure,Normal,Normal,None,Normal
N-02-00596,Power Infrastructure,Normal,Normal,None,Normal
N-02-00597,Power Infrastructure,Normal,Normal,None,Normal
N-02-00598,Power Infrastructure,Normal,Normal,None,Normal
N-02-00599,Power Infrastructure,Normal,Normal,None,Normal
A-02-SCN011-01-00,Power Infrastructure,IT-to-OT Lateral Movement,Reconnaissance,T1046,Attack
A-02-SCN011-01-01,Power Infrastructure,IT-to-OT Lateral Movement,Initial Access,T1190,Attack
A-02-SCN011-01-02,Power Infrastructure,IT-to-OT Lateral Movement,Execution,T1059,Attack
A-02-SCN011-01-03,Power Infrastructure,IT-to-OT Lateral Movement,Persistence,T1053,Attack
A-02-SCN011-01-04,Power Infrastructure,IT-to-OT Lateral Movement,Privilege Escalation,T1068,Attack
A-02-SCN011-01-05,Power Infrastructure,IT-to-OT Lateral Movement,Discovery,T1046,Attack
A-02-SCN011-01-06,Power Infrastructure,IT-to-OT Lateral Movement,Lateral Movement,T1021,Attack
A-02-SCN011-01-07,Power Infrastructure,IT-to-OT Lateral Movement,Command and Control,T1071,Attack
A-02-SCN011-01-08,Power Infrastructure,IT-to-OT Lateral Movement,Command and Control,T1071,Attack
A-02-SCN011-01-09,Power Infrastructure,IT-to-OT Lateral Movement,Command and Control,T1071,Attack
A-02-SCN011-02-00,Power Infrastructure,IT-to-OT Lateral Movement,Reconnaissance,T1078,Attack
A-02-SCN011-02-01,Power Infrastructure,IT-to-OT Lateral Movement,Initial Access,T1190,Attack
A-02-SCN011-02-02,Power Infrastructure,IT-to-OT Lateral Movement,Execution,T1059,Attack
A-02-SCN011-02-03,Power Infrastructure,IT-to-OT Lateral Movement,Persistence,T1053,Attack
A-02-SCN011-02-04,Power Infrastructure,IT-to-OT Lateral Movement,Privilege Escalation,T1068,Attack
A-02-SCN011-02-05,Power Infrastructure,IT-to-OT Lateral Movement,Discovery,T1046,Attack
A-02-SCN011-02-06,Power Infrastructure,IT-to-OT Lateral Movement,Lateral Movement,T1021,Attack
A-02-SCN011-02-07,Power Infrastructure,IT-to-OT Lateral Movement,Command and Control,T1071,Attack
A-02-SCN011-02-08,Power Infrastructure,IT-to-OT Lateral Movement,Command and Control,T1071,Attack
A-02-SCN011-02-09,Power Infrastructure,IT-to-OT Lateral Movement,Command and Control,T1071,Attack
A-02-SCN011-03-00,Power Infrastructure,IT-to-OT Lateral Movement,Reconnaissance,T1486,Attack
A-02-SCN011-03-01,Power Infrastructure,IT-to-OT Lateral Movement,Initial Access,T1078,Attack
A-02-SCN011-03-02,Power Infrastructure,IT-to-OT Lateral Movement,Execution,T1059,Attack
A-02-SCN011-03-03,Power Infrastructure,IT-to-OT Lateral Movement,Persistence,T1053,Attack
A-02-SCN011-03-04,Power Infrastructure,IT-to-OT Lateral Movement,Privilege Escalation,T1068,Attack
A-02-SCN011-03-05,Power Infrastructure,IT-to-OT Lateral Movement,Discovery,T1087,Attack
A-02-SCN011-03-06,Power Infrastructure,IT-to-OT Lateral Movement,Lateral Movement,T1021,Attack
A-02-SCN011-03-07,Power Infrastructure,IT-to-OT Lateral Movement,Command and Control,T1071,Attack
A-02-SCN011-03-08,Power Infrastructure,IT-to-OT Lateral Movement,Command and Control,T1071,Attack
A-02-SCN011-03-09,Power Infrastructure,IT-to-OT Lateral Movement,Command and Control,T1071,Attack
A-02-SCN011-04-00,Power Infrastructure,IT-to-OT Lateral Movement,Reconnaissance,T1005,Attack
A-02-SCN011-04-01,Power Infrastructure,IT-to-OT Lateral Movement,Initial Access,T1190,Attack
A-02-SCN011-04-02,Power Infrastructure,IT-to-OT Lateral Movement,Execution,T1059,Attack
A-02-SCN011-04-03,Power Infrastructure,IT-to-OT Lateral Movement,Persistence,T1053,Attack
A-02-SCN011-04-04,Power Infrastructure,IT-to-OT Lateral Movement,Privilege Escalation,T1068,Attack
A-02-SCN011-04-05,Power Infrastructure,IT-to-OT Lateral Movement,Discovery,T1087,Attack
A-02-SCN011-04-06,Power Infrastructure,IT-to-OT Lateral Movement,Lateral Movement,T1021,Attack
A-02-SCN011-04-07,Power Infrastructure,IT-to-OT Lateral Movement,Command and Control,T1071,Attack
A-02-SCN011-04-08,Power Infrastructure,IT-to-OT Lateral Movement,Command and Control,T1071,Attack
A-02-SCN011-04-09,Power Infrastructure,IT-to-OT Lateral Movement,Command and Control,T1071,Attack
A-02-SCN012-01-00,Power Infrastructure,SCADA Compromise,Reconnaissance,T1087,Attack
A-02-SCN012-01-01,Power Infrastructure,SCADA Compromise,Initial Access,T1190,Attack
A-02-SCN012-01-02,Power Infrastructure,SCADA Compromise,Execution,T1059,Attack
A-02-SCN012-01-03,Power Infrastructure,SCADA Compromise,Persistence,T1053,Attack
A-02-SCN012-01-04,Power Infrastructure,SCADA Compromise,Privilege Escalation,T1068,Attack
A-02-SCN012-01-05,Power Infrastructure,SCADA Compromise,Discovery,T1087,Attack
A-02-SCN012-01-06,Power Infrastructure,SCADA Compromise,Lateral Movement,T1021,Attack
A-02-SCN012-01-07,Power Infrastructure,SCADA Compromise,Command and Control,T1071,Attack
A-02-SCN012-01-08,Power Infrastructure,SCADA Compromise,Command and Control,T1071,Attack
A-02-SCN012-01-09,Power Infrastructure,SCADA Compromise,Command and Control,T1071,Attack
A-02-SCN012-02-00,Power Infrastructure,SCADA Compromise,Reconnaissance,T1110,Attack
A-02-SCN012-02-01,Power Infrastructure,SCADA Compromise,Initial Access,T1078,Attack
A-02-SCN012-02-02,Power Infrastructure,SCADA Compromise,Execution,T1059,Attack
A-02-SCN012-02-03,Power Infrastructure,SCADA Compromise,Persistence,T1053,Attack
A-02-SCN012-02-04,Power Infrastructure,SCADA Compromise,Privilege Escalation,T1068,Attack
A-02-SCN012-02-05,Power Infrastructure,SCADA Compromise,Discovery,T1087,Attack
A-02-SCN012-02-06,Power Infrastructure,SCADA Compromise,Lateral Movement,T1021,Attack
A-02-SCN012-02-07,Power Infrastructure,SCADA Compromise,Command and Control,T1071,Attack
A-02-SCN012-02-08,Power Infrastructure,SCADA Compromise,Command and Control,T1071,Attack
A-02-SCN012-02-09,Power Infrastructure,SCADA Compromise,Command and Control,T1071,Attack
A-02-SCN012-03-00,Power Infrastructure,SCADA Compromise,Reconnaissance,T1498,Attack
A-02-SCN012-03-01,Power Infrastructure,SCADA Compromise,Initial Access,T1190,Attack
A-02-SCN012-03-02,Power Infrastructure,SCADA Compromise,Execution,T1059,Attack
A-02-SCN012-03-03,Power Infrastructure,SCADA Compromise,Persistence,T1053,Attack
A-02-SCN012-03-04,Power Infrastructure,SCADA Compromise,Privilege Escalation,T1068,Attack
A-02-SCN012-03-05,Power Infrastructure,SCADA Compromise,Discovery,T1087,Attack
A-02-SCN012-03-06,Power Infrastructure,SCADA Compromise,Lateral Movement,T1021,Attack
A-02-SCN012-03-07,Power Infrastructure,SCADA Compromise,Command and Control,T1071,Attack
A-02-SCN012-03-08,Power Infrastructure,SCADA Compromise,Command and Control,T1071,Attack
A-02-SCN012-03-09,Power Infrastructure,SCADA Compromise,Command and Control,T1071,Attack
A-02-SCN012-04-00,Power Infrastructure,SCADA Compromise,Reconnaissance,T1071,Attack
A-02-SCN012-04-01,Power Infrastructure,SCADA Compromise,Initial Access,T1190,Attack
A-02-SCN012-04-02,Power Infrastructure,SCADA Compromise,Execution,T1059,Attack
A-02-SCN012-04-03,Power Infrastructure,SCADA Compromise,Persistence,T1053,Attack
A-02-SCN012-04-04,Power Infrastructure,SCADA Compromise,Privilege Escalation,T1068,Attack
A-02-SCN012-04-05,Power Infrastructure,SCADA Compromise,Discovery,T1046,Attack
A-02-SCN012-04-06,Power Infrastructure,SCADA Compromise,Lateral Movement,T1021,Attack
A-02-SCN012-04-07,Power Infrastructure,SCADA Compromise,Command and Control,T1071,Attack
A-02-SCN012-04-08,Power Infrastructure,SCADA Compromise,Command and Control,T1071,Attack
A-02-SCN012-04-09,Power Infrastructure,SCADA Compromise,Command and Control,T1071,Attack
A-02-SCN013-01-00,Power Infrastructure,OT Credential Compromise,Reconnaissance,T1071,Attack
A-02-SCN013-01-01,Power Infrastructure,OT Credential Compromise,Initial Access,T1078,Attack
A-02-SCN013-01-02,Power Infrastructure,OT Credential Compromise,Credential Access,T1110,Attack
A-02-SCN013-01-03,Power Infrastructure,OT Credential Compromise,Discovery,T1046,Attack
A-02-SCN013-01-04,Power Infrastructure,OT Credential Compromise,Lateral Movement,T1021,Attack
A-02-SCN013-01-05,Power Infrastructure,OT Credential Compromise,Collection,T1005,Attack
A-02-SCN013-01-06,Power Infrastructure,OT Credential Compromise,Collection,T1005,Attack
A-02-SCN013-01-07,Power Infrastructure,OT Credential Compromise,Collection,T1005,Attack
A-02-SCN013-01-08,Power Infrastructure,OT Credential Compromise,Collection,T1005,Attack
A-02-SCN013-01-09,Power Infrastructure,OT Credential Compromise,Collection,T1005,Attack
A-02-SCN013-02-00,Power Infrastructure,OT Credential Compromise,Reconnaissance,T1005,Attack
A-02-SCN013-02-01,Power Infrastructure,OT Credential Compromise,Initial Access,T1190,Attack
A-02-SCN013-02-02,Power Infrastructure,OT Credential Compromise,Credential Access,T1110,Attack
A-02-SCN013-02-03,Power Infrastructure,OT Credential Compromise,Discovery,T1087,Attack
A-02-SCN013-02-04,Power Infrastructure,OT Credential Compromise,Lateral Movement,T1021,Attack
A-02-SCN013-02-05,Power Infrastructure,OT Credential Compromise,Collection,T1005,Attack
A-02-SCN013-02-06,Power Infrastructure,OT Credential Compromise,Collection,T1005,Attack
A-02-SCN013-02-07,Power Infrastructure,OT Credential Compromise,Collection,T1005,Attack
A-02-SCN013-02-08,Power Infrastructure,OT Credential Compromise,Collection,T1005,Attack
A-02-SCN013-02-09,Power Infrastructure,OT Credential Compromise,Collection,T1005,Attack
A-02-SCN013-03-00,Power Infrastructure,OT Credential Compromise,Reconnaissance,T1046,Attack
A-02-SCN013-03-01,Power Infrastructure,OT Credential Compromise,Initial Access,T1078,Attack
A-02-SCN013-03-02,Power Infrastructure,OT Credential Compromise,Credential Access,T1110,Attack
A-02-SCN013-03-03,Power Infrastructure,OT Credential Compromise,Discovery,T1087,Attack
A-02-SCN013-03-04,Power Infrastructure,OT Credential Compromise,Lateral Movement,T1021,Attack
A-02-SCN013-03-05,Power Infrastructure,OT Credential Compromise,Collection,T1005,Attack
A-02-SCN013-03-06,Power Infrastructure,OT Credential Compromise,Collection,T1005,Attack
A-02-SCN013-03-07,Power Infrastructure,OT Credential Compromise,Collection,T1005,Attack
A-02-SCN013-03-08,Power Infrastructure,OT Credential Compromise,Collection,T1005,Attack
A-02-SCN013-03-09,Power Infrastructure,OT Credential Compromise,Collection,T1005,Attack
A-02-SCN013-04-00,Power Infrastructure,OT Credential Compromise,Reconnaissance,T1046,Attack
A-02-SCN013-04-01,Power Infrastructure,OT Credential Compromise,Initial Access,T1078,Attack
A-02-SCN013-04-02,Power Infrastructure,OT Credential Compromise,Credential Access,T1110,Attack
A-02-SCN013-04-03,Power Infrastructure,OT Credential Compromise,Discovery,T1087,Attack
A-02-SCN013-04-04,Power Infrastructure,OT Credential Compromise,Lateral Movement,T1021,Attack
A-02-SCN013-04-05,Power Infrastructure,OT Credential Compromise,Collection,T1005,Attack
A-02-SCN013-04-06,Power Infrastructure,OT Credential Compromise,Collection,T1005,Attack
A-02-SCN013-04-07,Power Infrastructure,OT Credential Compromise,Collection,T1005,Attack
A-02-SCN013-04-08,Power Infrastructure,OT Credential Compromise,Collection,T1005,Attack
A-02-SCN013-04-09,Power Infrastructure,OT Credential Compromise,Collection,T1005,Attack
A-02-SCN014-01-00,Power Infrastructure,Sensor Manipulation,Reconnaissance,T1190,Attack
A-02-SCN014-01-01,Power Infrastructure,Sensor Manipulation,Initial Access,T1190,Attack
A-02-SCN014-01-02,Power Infrastructure,Sensor Manipulation,Execution,T1059,Attack
A-02-SCN014-01-03,Power Infrastructure,Sensor Manipulation,Persistence,T1053,Attack
A-02-SCN014-01-04,Power Infrastructure,Sensor Manipulation,Privilege Escalation,T1068,Attack
A-02-SCN014-01-05,Power Infrastructure,Sensor Manipulation,Discovery,T1087,Attack
A-02-SCN014-01-06,Power Infrastructure,Sensor Manipulation,Lateral Movement,T1021,Attack
A-02-SCN014-01-07,Power Infrastructure,Sensor Manipulation,Command and Control,T1071,Attack
A-02-SCN014-01-08,Power Infrastructure,Sensor Manipulation,Command and Control,T1071,Attack
A-02-SCN014-01-09,Power Infrastructure,Sensor Manipulation,Command and Control,T1071,Attack
A-02-SCN014-02-00,Power Infrastructure,Sensor Manipulation,Reconnaissance,T1071,Attack
A-02-SCN014-02-01,Power Infrastructure,Sensor Manipulation,Initial Access,T1190,Attack
A-02-SCN014-02-02,Power Infrastructure,Sensor Manipulation,Execution,T1059,Attack
A-02-SCN014-02-03,Power Infrastructure,Sensor Manipulation,Persistence,T1053,Attack
A-02-SCN014-02-04,Power Infrastructure,Sensor Manipulation,Privilege Escalation,T1068,Attack
A-02-SCN014-02-05,Power Infrastructure,Sensor Manipulation,Discovery,T1087,Attack
A-02-SCN014-02-06,Power Infrastructure,Sensor Manipulation,Lateral Movement,T1021,Attack
A-02-SCN014-02-07,Power Infrastructure,Sensor Manipulation,Command and Control,T1071,Attack
A-02-SCN014-02-08,Power Infrastructure,Sensor Manipulation,Command and Control,T1071,Attack
A-02-SCN014-02-09,Power Infrastructure,Sensor Manipulation,Command and Control,T1071,Attack
A-02-SCN014-03-00,Power Infrastructure,Sensor Manipulation,Reconnaissance,T1041,Attack
A-02-SCN014-03-01,Power Infrastructure,Sensor Manipulation,Initial Access,T1190,Attack
A-02-SCN014-03-02,Power Infrastructure,Sensor Manipulation,Execution,T1059,Attack
A-02-SCN014-03-03,Power Infrastructure,Sensor Manipulation,Persistence,T1053,Attack
A-02-SCN014-03-04,Power Infrastructure,Sensor Manipulation,Privilege Escalation,T1068,Attack
A-02-SCN014-03-05,Power Infrastructure,Sensor Manipulation,Discovery,T1087,Attack
A-02-SCN014-03-06,Power Infrastructure,Sensor Manipulation,Lateral Movement,T1021,Attack
A-02-SCN014-03-07,Power Infrastructure,Sensor Manipulation,Command and Control,T1071,Attack
A-02-SCN014-03-08,Power Infrastructure,Sensor Manipulation,Command and Control,T1071,Attack
A-02-SCN014-03-09,Power Infrastructure,Sensor Manipulation,Command and Control,T1071,Attack
A-02-SCN014-04-00,Power Infrastructure,Sensor Manipulation,Reconnaissance,T1046,Attack
A-02-SCN014-04-01,Power Infrastructure,Sensor Manipulation,Initial Access,T1078,Attack
A-02-SCN014-04-02,Power Infrastructure,Sensor Manipulation,Execution,T1059,Attack
A-02-SCN014-04-03,Power Infrastructure,Sensor Manipulation,Persistence,T1053,Attack
A-02-SCN014-04-04,Power Infrastructure,Sensor Manipulation,Privilege Escalation,T1068,Attack
A-02-SCN014-04-05,Power Infrastructure,Sensor Manipulation,Discovery,T1046,Attack
A-02-SCN014-04-06,Power Infrastructure,Sensor Manipulation,Lateral Movement,T1021,Attack
A-02-SCN014-04-07,Power Infrastructure,Sensor Manipulation,Command and Control,T1071,Attack
A-02-SCN014-04-08,Power Infrastructure,Sensor Manipulation,Command and Control,T1071,Attack
A-02-SCN014-04-09,Power Infrastructure,Sensor Manipulation,Command and Control,T1071,Attack
A-02-SCN015-01-00,Power Infrastructure,OT Denial of Service,Reconnaissance,T1071,Attack
A-02-SCN015-01-01,Power Infrastructure,OT Denial of Service,Initial Access,T1078,Attack
A-02-SCN015-01-02,Power Infrastructure,OT Denial of Service,Execution,T1059,Attack
A-02-SCN015-01-03,Power Infrastructure,OT Denial of Service,Discovery,T1046,Attack
A-02-SCN015-01-04,Power Infrastructure,OT Denial of Service,Lateral Movement,T1021,Attack
A-02-SCN015-01-05,Power Infrastructure,OT Denial of Service,Impact,T1486,Attack
A-02-SCN015-01-06,Power Infrastructure,OT Denial of Service,Impact,T1486,Attack
A-02-SCN015-01-07,Power Infrastructure,OT Denial of Service,Impact,T1498,Attack
A-02-SCN015-01-08,Power Infrastructure,OT Denial of Service,Impact,T1486,Attack
A-02-SCN015-01-09,Power Infrastructure,OT Denial of Service,Impact,T1498,Attack
A-02-SCN015-02-00,Power Infrastructure,OT Denial of Service,Reconnaissance,T1068,Attack
A-02-SCN015-02-01,Power Infrastructure,OT Denial of Service,Initial Access,T1190,Attack
A-02-SCN015-02-02,Power Infrastructure,OT Denial of Service,Execution,T1059,Attack
A-02-SCN015-02-03,Power Infrastructure,OT Denial of Service,Discovery,T1087,Attack
A-02-SCN015-02-04,Power Infrastructure,OT Denial of Service,Lateral Movement,T1021,Attack
A-02-SCN015-02-05,Power Infrastructure,OT Denial of Service,Impact,T1486,Attack
A-02-SCN015-02-06,Power Infrastructure,OT Denial of Service,Impact,T1486,Attack
A-02-SCN015-02-07,Power Infrastructure,OT Denial of Service,Impact,T1498,Attack
A-02-SCN015-02-08,Power Infrastructure,OT Denial of Service,Impact,T1498,Attack
A-02-SCN015-02-09,Power Infrastructure,OT Denial of Service,Impact,T1498,Attack
A-02-SCN015-03-00,Power Infrastructure,OT Denial of Service,Reconnaissance,T1486,Attack
A-02-SCN015-03-01,Power Infrastructure,OT Denial of Service,Initial Access,T1078,Attack
A-02-SCN015-03-02,Power Infrastructure,OT Denial of Service,Execution,T1059,Attack
A-02-SCN015-03-03,Power Infrastructure,OT Denial of Service,Discovery,T1087,Attack
A-02-SCN015-03-04,Power Infrastructure,OT Denial of Service,Lateral Movement,T1021,Attack
A-02-SCN015-03-05,Power Infrastructure,OT Denial of Service,Impact,T1498,Attack
A-02-SCN015-03-06,Power Infrastructure,OT Denial of Service,Impact,T1498,Attack
A-02-SCN015-03-07,Power Infrastructure,OT Denial of Service,Impact,T1498,Attack
A-02-SCN015-03-08,Power Infrastructure,OT Denial of Service,Impact,T1486,Attack
A-02-SCN015-03-09,Power Infrastructure,OT Denial of Service,Impact,T1486,Attack
A-02-SCN015-04-00,Power Infrastructure,OT Denial of Service,Reconnaissance,T1041,Attack
A-02-SCN015-04-01,Power Infrastructure,OT Denial of Service,Initial Access,T1190,Attack
A-02-SCN015-04-02,Power Infrastructure,OT Denial of Service,Execution,T1059,Attack
A-02-SCN015-04-03,Power Infrastructure,OT Denial of Service,Discovery,T1046,Attack
A-02-SCN015-04-04,Power Infrastructure,OT Denial of Service,Lateral Movement,T1021,Attack
A-02-SCN015-04-05,Power Infrastructure,OT Denial of Service,Impact,T1498,Attack
A-02-SCN015-04-06,Power Infrastructure,OT Denial of Service,Impact,T1498,Attack
A-02-SCN015-04-07,Power Infrastructure,OT Denial of Service,Impact,T1498,Attack
A-02-SCN015-04-08,Power Infrastructure,OT Denial of Service,Impact,T1486,Attack
A-02-SCN015-04-09,Power Infrastructure,OT Denial of Service,Impact,T1486,Attack
A-02-SCN016-01-00,Power Infrastructure,Ransomware,Reconnaissance,T1498,Attack
A-02-SCN016-01-01,Power Infrastructure,Ransomware,Initial Access,T1078,Attack
A-02-SCN016-01-02,Power Infrastructure,Ransomware,Execution,T1059,Attack
A-02-SCN016-01-03,Power Infrastructure,Ransomware,Discovery,T1046,Attack
A-02-SCN016-01-04,Power Infrastructure,Ransomware,Lateral Movement,T1021,Attack
A-02-SCN016-01-05,Power Infrastructure,Ransomware,Impact,T1498,Attack
A-02-SCN016-01-06,Power Infrastructure,Ransomware,Impact,T1498,Attack
A-02-SCN016-01-07,Power Infrastructure,Ransomware,Impact,T1498,Attack
A-02-SCN016-01-08,Power Infrastructure,Ransomware,Impact,T1486,Attack
A-02-SCN016-01-09,Power Infrastructure,Ransomware,Impact,T1498,Attack
A-02-SCN016-02-00,Power Infrastructure,Ransomware,Reconnaissance,T1078,Attack
A-02-SCN016-02-01,Power Infrastructure,Ransomware,Initial Access,T1190,Attack
A-02-SCN016-02-02,Power Infrastructure,Ransomware,Execution,T1059,Attack
A-02-SCN016-02-03,Power Infrastructure,Ransomware,Discovery,T1087,Attack
A-02-SCN016-02-04,Power Infrastructure,Ransomware,Lateral Movement,T1021,Attack
A-02-SCN016-02-05,Power Infrastructure,Ransomware,Impact,T1498,Attack
A-02-SCN016-02-06,Power Infrastructure,Ransomware,Impact,T1498,Attack
A-02-SCN016-02-07,Power Infrastructure,Ransomware,Impact,T1498,Attack
A-02-SCN016-02-08,Power Infrastructure,Ransomware,Impact,T1498,Attack
A-02-SCN016-02-09,Power Infrastructure,Ransomware,Impact,T1498,Attack
A-02-SCN016-03-00,Power Infrastructure,Ransomware,Reconnaissance,T1087,Attack
A-02-SCN016-03-01,Power Infrastructure,Ransomware,Initial Access,T1190,Attack
A-02-SCN016-03-02,Power Infrastructure,Ransomware,Execution,T1059,Attack
A-02-SCN016-03-03,Power Infrastructure,Ransomware,Discovery,T1087,Attack
A-02-SCN016-03-04,Power Infrastructure,Ransomware,Lateral Movement,T1021,Attack
A-02-SCN016-03-05,Power Infrastructure,Ransomware,Impact,T1498,Attack
A-02-SCN016-03-06,Power Infrastructure,Ransomware,Impact,T1486,Attack
A-02-SCN016-03-07,Power Infrastructure,Ransomware,Impact,T1498,Attack
A-02-SCN016-03-08,Power Infrastructure,Ransomware,Impact,T1486,Attack
A-02-SCN016-03-09,Power Infrastructure,Ransomware,Impact,T1486,Attack
A-02-SCN016-04-00,Power Infrastructure,Ransomware,Reconnaissance,T1021,Attack
A-02-SCN016-04-01,Power Infrastructure,Ransomware,Initial Access,T1190,Attack
A-02-SCN016-04-02,Power Infrastructure,Ransomware,Execution,T1059,Attack
A-02-SCN016-04-03,Power Infrastructure,Ransomware,Discovery,T1087,Attack
A-02-SCN016-04-04,Power Infrastructure,Ransomware,Lateral Movement,T1021,Attack
A-02-SCN016-04-05,Power Infrastructure,Ransomware,Impact,T1486,Attack
A-02-SCN016-04-06,Power Infrastructure,Ransomware,Impact,T1498,Attack
A-02-SCN016-04-07,Power Infrastructure,Ransomware,Impact,T1486,Attack
A-02-SCN016-04-08,Power Infrastructure,Ransomware,Impact,T1486,Attack
A-02-SCN016-04-09,Power Infrastructure,Ransomware,Impact,T1486,Attack
A-02-SCN017-01-00,Power Infrastructure,Engineering Workstation Compromise,Reconnaissance,T1087,Attack
A-02-SCN017-01-01,Power Infrastructure,Engineering Workstation Compromise,Initial Access,T1078,Attack
A-02-SCN017-01-02,Power Infrastructure,Engineering Workstation Compromise,Execution,T1059,Attack
A-02-SCN017-01-03,Power Infrastructure,Engineering Workstation Compromise,Persistence,T1053,Attack
A-02-SCN017-01-04,Power Infrastructure,Engineering Workstation Compromise,Privilege Escalation,T1068,Attack
A-02-SCN017-01-05,Power Infrastructure,Engineering Workstation Compromise,Discovery,T1046,Attack
A-02-SCN017-01-06,Power Infrastructure,Engineering Workstation Compromise,Lateral Movement,T1021,Attack
A-02-SCN017-01-07,Power Infrastructure,Engineering Workstation Compromise,Command and Control,T1071,Attack
A-02-SCN017-01-08,Power Infrastructure,Engineering Workstation Compromise,Command and Control,T1071,Attack
A-02-SCN017-01-09,Power Infrastructure,Engineering Workstation Compromise,Command and Control,T1071,Attack
A-02-SCN017-02-00,Power Infrastructure,Engineering Workstation Compromise,Reconnaissance,T1046,Attack
A-02-SCN017-02-01,Power Infrastructure,Engineering Workstation Compromise,Initial Access,T1078,Attack
A-02-SCN017-02-02,Power Infrastructure,Engineering Workstation Compromise,Execution,T1059,Attack
A-02-SCN017-02-03,Power Infrastructure,Engineering Workstation Compromise,Persistence,T1053,Attack
A-02-SCN017-02-04,Power Infrastructure,Engineering Workstation Compromise,Privilege Escalation,T1068,Attack
A-02-SCN017-02-05,Power Infrastructure,Engineering Workstation Compromise,Discovery,T1087,Attack
A-02-SCN017-02-06,Power Infrastructure,Engineering Workstation Compromise,Lateral Movement,T1021,Attack
A-02-SCN017-02-07,Power Infrastructure,Engineering Workstation Compromise,Command and Control,T1071,Attack
A-02-SCN017-02-08,Power Infrastructure,Engineering Workstation Compromise,Command and Control,T1071,Attack
A-02-SCN017-02-09,Power Infrastructure,Engineering Workstation Compromise,Command and Control,T1071,Attack
A-02-SCN017-03-00,Power Infrastructure,Engineering Workstation Compromise,Reconnaissance,T1087,Attack
A-02-SCN017-03-01,Power Infrastructure,Engineering Workstation Compromise,Initial Access,T1190,Attack
A-02-SCN017-03-02,Power Infrastructure,Engineering Workstation Compromise,Execution,T1059,Attack
A-02-SCN017-03-03,Power Infrastructure,Engineering Workstation Compromise,Persistence,T1053,Attack
A-02-SCN017-03-04,Power Infrastructure,Engineering Workstation Compromise,Privilege Escalation,T1068,Attack
A-02-SCN017-03-05,Power Infrastructure,Engineering Workstation Compromise,Discovery,T1046,Attack
A-02-SCN017-03-06,Power Infrastructure,Engineering Workstation Compromise,Lateral Movement,T1021,Attack
A-02-SCN017-03-07,Power Infrastructure,Engineering Workstation Compromise,Command and Control,T1071,Attack
A-02-SCN017-03-08,Power Infrastructure,Engineering Workstation Compromise,Command and Control,T1071,Attack
A-02-SCN017-03-09,Power Infrastructure,Engineering Workstation Compromise,Command and Control,T1071,Attack
A-02-SCN017-04-00,Power Infrastructure,Engineering Workstation Compromise,Reconnaissance,T1071,Attack
A-02-SCN017-04-01,Power Infrastructure,Engineering Workstation Compromise,Initial Access,T1190,Attack
A-02-SCN017-04-02,Power Infrastructure,Engineering Workstation Compromise,Execution,T1059,Attack
A-02-SCN017-04-03,Power Infrastructure,Engineering Workstation Compromise,Persistence,T1053,Attack
A-02-SCN017-04-04,Power Infrastructure,Engineering Workstation Compromise,Privilege Escalation,T1068,Attack
A-02-SCN017-04-05,Power Infrastructure,Engineering Workstation Compromise,Discovery,T1087,Attack
A-02-SCN017-04-06,Power Infrastructure,Engineering Workstation Compromise,Lateral Movement,T1021,Attack
A-02-SCN017-04-07,Power Infrastructure,Engineering Workstation Compromise,Command and Control,T1071,Attack
A-02-SCN017-04-08,Power Infrastructure,Engineering Workstation Compromise,Command and Control,T1071,Attack
A-02-SCN017-04-09,Power Infrastructure,Engineering Workstation Compromise,Command and Control,T1071,Attack
A-02-SCN018-01-00,Power Infrastructure,PLC Command Abuse,Reconnaissance,T1071,Attack
A-02-SCN018-01-01,Power Infrastructure,PLC Command Abuse,Initial Access,T1190,Attack
A-02-SCN018-01-02,Power Infrastructure,PLC Command Abuse,Execution,T1059,Attack
A-02-SCN018-01-03,Power Infrastructure,PLC Command Abuse,Persistence,T1053,Attack
A-02-SCN018-01-04,Power Infrastructure,PLC Command Abuse,Privilege Escalation,T1068,Attack
A-02-SCN018-01-05,Power Infrastructure,PLC Command Abuse,Discovery,T1046,Attack
A-02-SCN018-01-06,Power Infrastructure,PLC Command Abuse,Lateral Movement,T1021,Attack
A-02-SCN018-01-07,Power Infrastructure,PLC Command Abuse,Command and Control,T1071,Attack
A-02-SCN018-01-08,Power Infrastructure,PLC Command Abuse,Command and Control,T1071,Attack
A-02-SCN018-01-09,Power Infrastructure,PLC Command Abuse,Command and Control,T1071,Attack
A-02-SCN018-02-00,Power Infrastructure,PLC Command Abuse,Reconnaissance,T1059,Attack
A-02-SCN018-02-01,Power Infrastructure,PLC Command Abuse,Initial Access,T1190,Attack
A-02-SCN018-02-02,Power Infrastructure,PLC Command Abuse,Execution,T1059,Attack
A-02-SCN018-02-03,Power Infrastructure,PLC Command Abuse,Persistence,T1053,Attack
A-02-SCN018-02-04,Power Infrastructure,PLC Command Abuse,Privilege Escalation,T1068,Attack
A-02-SCN018-02-05,Power Infrastructure,PLC Command Abuse,Discovery,T1046,Attack
A-02-SCN018-02-06,Power Infrastructure,PLC Command Abuse,Lateral Movement,T1021,Attack
A-02-SCN018-02-07,Power Infrastructure,PLC Command Abuse,Command and Control,T1071,Attack
A-02-SCN018-02-08,Power Infrastructure,PLC Command Abuse,Command and Control,T1071,Attack
A-02-SCN018-02-09,Power Infrastructure,PLC Command Abuse,Command and Control,T1071,Attack
A-02-SCN018-03-00,Power Infrastructure,PLC Command Abuse,Reconnaissance,T1087,Attack
A-02-SCN018-03-01,Power Infrastructure,PLC Command Abuse,Initial Access,T1190,Attack
A-02-SCN018-03-02,Power Infrastructure,PLC Command Abuse,Execution,T1059,Attack
A-02-SCN018-03-03,Power Infrastructure,PLC Command Abuse,Persistence,T1053,Attack
A-02-SCN018-03-04,Power Infrastructure,PLC Command Abuse,Privilege Escalation,T1068,Attack
A-02-SCN018-03-05,Power Infrastructure,PLC Command Abuse,Discovery,T1087,Attack
A-02-SCN018-03-06,Power Infrastructure,PLC Command Abuse,Lateral Movement,T1021,Attack
A-02-SCN018-03-07,Power Infrastructure,PLC Command Abuse,Command and Control,T1071,Attack
A-02-SCN018-03-08,Power Infrastructure,PLC Command Abuse,Command and Control,T1071,Attack
A-02-SCN018-03-09,Power Infrastructure,PLC Command Abuse,Command and Control,T1071,Attack
A-02-SCN018-04-00,Power Infrastructure,PLC Command Abuse,Reconnaissance,T1068,Attack
A-02-SCN018-04-01,Power Infrastructure,PLC Command Abuse,Initial Access,T1078,Attack
A-02-SCN018-04-02,Power Infrastructure,PLC Command Abuse,Execution,T1059,Attack
A-02-SCN018-04-03,Power Infrastructure,PLC Command Abuse,Persistence,T1053,Attack
A-02-SCN018-04-04,Power Infrastructure,PLC Command Abuse,Privilege Escalation,T1068,Attack
A-02-SCN018-04-05,Power Infrastructure,PLC Command Abuse,Discovery,T1046,Attack
A-02-SCN018-04-06,Power Infrastructure,PLC Command Abuse,Lateral Movement,T1021,Attack
A-02-SCN018-04-07,Power Infrastructure,PLC Command Abuse,Command and Control,T1071,Attack
A-02-SCN018-04-08,Power Infrastructure,PLC Command Abuse,Command and Control,T1071,Attack
A-02-SCN018-04-09,Power Infrastructure,PLC Command Abuse,Command and Control,T1071,Attack
A-02-SCN019-01-00,Power Infrastructure,Remote Access Abuse,Reconnaissance,T1498,Attack
A-02-SCN019-01-01,Power Infrastructure,Remote Access Abuse,Initial Access,T1078,Attack
A-02-SCN019-01-02,Power Infrastructure,Remote Access Abuse,Execution,T1059,Attack
A-02-SCN019-01-03,Power Infrastructure,Remote Access Abuse,Persistence,T1053,Attack
A-02-SCN019-01-04,Power Infrastructure,Remote Access Abuse,Privilege Escalation,T1068,Attack
A-02-SCN019-01-05,Power Infrastructure,Remote Access Abuse,Discovery,T1087,Attack
A-02-SCN019-01-06,Power Infrastructure,Remote Access Abuse,Lateral Movement,T1021,Attack
A-02-SCN019-01-07,Power Infrastructure,Remote Access Abuse,Command and Control,T1071,Attack
A-02-SCN019-01-08,Power Infrastructure,Remote Access Abuse,Command and Control,T1071,Attack
A-02-SCN019-01-09,Power Infrastructure,Remote Access Abuse,Command and Control,T1071,Attack
A-02-SCN019-02-00,Power Infrastructure,Remote Access Abuse,Reconnaissance,T1059,Attack
A-02-SCN019-02-01,Power Infrastructure,Remote Access Abuse,Initial Access,T1190,Attack
A-02-SCN019-02-02,Power Infrastructure,Remote Access Abuse,Execution,T1059,Attack
A-02-SCN019-02-03,Power Infrastructure,Remote Access Abuse,Persistence,T1053,Attack
A-02-SCN019-02-04,Power Infrastructure,Remote Access Abuse,Privilege Escalation,T1068,Attack
A-02-SCN019-02-05,Power Infrastructure,Remote Access Abuse,Discovery,T1046,Attack
A-02-SCN019-02-06,Power Infrastructure,Remote Access Abuse,Lateral Movement,T1021,Attack
A-02-SCN019-02-07,Power Infrastructure,Remote Access Abuse,Command and Control,T1071,Attack
A-02-SCN019-02-08,Power Infrastructure,Remote Access Abuse,Command and Control,T1071,Attack
A-02-SCN019-02-09,Power Infrastructure,Remote Access Abuse,Command and Control,T1071,Attack
A-02-SCN019-03-00,Power Infrastructure,Remote Access Abuse,Reconnaissance,T1087,Attack
A-02-SCN019-03-01,Power Infrastructure,Remote Access Abuse,Initial Access,T1078,Attack
A-02-SCN019-03-02,Power Infrastructure,Remote Access Abuse,Execution,T1059,Attack
A-02-SCN019-03-03,Power Infrastructure,Remote Access Abuse,Persistence,T1053,Attack
A-02-SCN019-03-04,Power Infrastructure,Remote Access Abuse,Privilege Escalation,T1068,Attack
A-02-SCN019-03-05,Power Infrastructure,Remote Access Abuse,Discovery,T1046,Attack
A-02-SCN019-03-06,Power Infrastructure,Remote Access Abuse,Lateral Movement,T1021,Attack
A-02-SCN019-03-07,Power Infrastructure,Remote Access Abuse,Command and Control,T1071,Attack
A-02-SCN019-03-08,Power Infrastructure,Remote Access Abuse,Command and Control,T1071,Attack
A-02-SCN019-03-09,Power Infrastructure,Remote Access Abuse,Command and Control,T1071,Attack
A-02-SCN019-04-00,Power Infrastructure,Remote Access Abuse,Reconnaissance,T1110,Attack
A-02-SCN019-04-01,Power Infrastructure,Remote Access Abuse,Initial Access,T1190,Attack
A-02-SCN019-04-02,Power Infrastructure,Remote Access Abuse,Execution,T1059,Attack
A-02-SCN019-04-03,Power Infrastructure,Remote Access Abuse,Persistence,T1053,Attack
A-02-SCN019-04-04,Power Infrastructure,Remote Access Abuse,Privilege Escalation,T1068,Attack
A-02-SCN019-04-05,Power Infrastructure,Remote Access Abuse,Discovery,T1087,Attack
A-02-SCN019-04-06,Power Infrastructure,Remote Access Abuse,Lateral Movement,T1021,Attack
A-02-SCN019-04-07,Power Infrastructure,Remote Access Abuse,Command and Control,T1071,Attack
A-02-SCN019-04-08,Power Infrastructure,Remote Access Abuse,Command and Control,T1071,Attack
A-02-SCN019-04-09,Power Infrastructure,Remote Access Abuse,Command and Control,T1071,Attack
A-02-SCN020-01-00,Power Infrastructure,Command and Control,Reconnaissance,T1087,Attack
A-02-SCN020-01-01,Power Infrastructure,Command and Control,Initial Access,T1190,Attack
A-02-SCN020-01-02,Power Infrastructure,Command and Control,Execution,T1059,Attack
A-02-SCN020-01-03,Power Infrastructure,Command and Control,Persistence,T1053,Attack
A-02-SCN020-01-04,Power Infrastructure,Command and Control,Privilege Escalation,T1068,Attack
A-02-SCN020-01-05,Power Infrastructure,Command and Control,Discovery,T1087,Attack
A-02-SCN020-01-06,Power Infrastructure,Command and Control,Lateral Movement,T1021,Attack
A-02-SCN020-01-07,Power Infrastructure,Command and Control,Command and Control,T1071,Attack
A-02-SCN020-01-08,Power Infrastructure,Command and Control,Command and Control,T1071,Attack
A-02-SCN020-01-09,Power Infrastructure,Command and Control,Command and Control,T1071,Attack
A-02-SCN020-02-00,Power Infrastructure,Command and Control,Reconnaissance,T1078,Attack
A-02-SCN020-02-01,Power Infrastructure,Command and Control,Initial Access,T1078,Attack
A-02-SCN020-02-02,Power Infrastructure,Command and Control,Execution,T1059,Attack
A-02-SCN020-02-03,Power Infrastructure,Command and Control,Persistence,T1053,Attack
A-02-SCN020-02-04,Power Infrastructure,Command and Control,Privilege Escalation,T1068,Attack
A-02-SCN020-02-05,Power Infrastructure,Command and Control,Discovery,T1087,Attack
A-02-SCN020-02-06,Power Infrastructure,Command and Control,Lateral Movement,T1021,Attack
A-02-SCN020-02-07,Power Infrastructure,Command and Control,Command and Control,T1071,Attack
A-02-SCN020-02-08,Power Infrastructure,Command and Control,Command and Control,T1071,Attack
A-02-SCN020-02-09,Power Infrastructure,Command and Control,Command and Control,T1071,Attack
A-02-SCN020-03-00,Power Infrastructure,Command and Control,Reconnaissance,T1041,Attack
A-02-SCN020-03-01,Power Infrastructure,Command and Control,Initial Access,T1078,Attack
A-02-SCN020-03-02,Power Infrastructure,Command and Control,Execution,T1059,Attack
A-02-SCN020-03-03,Power Infrastructure,Command and Control,Persistence,T1053,Attack
A-02-SCN020-03-04,Power Infrastructure,Command and Control,Privilege Escalation,T1068,Attack
A-02-SCN020-03-05,Power Infrastructure,Command and Control,Discovery,T1046,Attack
A-02-SCN020-03-06,Power Infrastructure,Command and Control,Lateral Movement,T1021,Attack
A-02-SCN020-03-07,Power Infrastructure,Command and Control,Command and Control,T1071,Attack
A-02-SCN020-03-08,Power Infrastructure,Command and Control,Command and Control,T1071,Attack
A-02-SCN020-03-09,Power Infrastructure,Command and Control,Command and Control,T1071,Attack
A-02-SCN020-04-00,Power Infrastructure,Command and Control,Reconnaissance,T1053,Attack
A-02-SCN020-04-01,Power Infrastructure,Command and Control,Initial Access,T1078,Attack
A-02-SCN020-04-02,Power Infrastructure,Command and Control,Execution,T1059,Attack
A-02-SCN020-04-03,Power Infrastructure,Command and Control,Persistence,T1053,Attack
A-02-SCN020-04-04,Power Infrastructure,Command and Control,Privilege Escalation,T1068,Attack
A-02-SCN020-04-05,Power Infrastructure,Command and Control,Discovery,T1046,Attack
A-02-SCN020-04-06,Power Infrastructure,Command and Control,Lateral Movement,T1021,Attack
A-02-SCN020-04-07,Power Infrastructure,Command and Control,Command and Control,T1071,Attack
A-02-SCN020-04-08,Power Infrastructure,Command and Control,Command and Control,T1071,Attack
A-02-SCN020-04-09,Power Infrastructure,Command and Control,Command and Control,T1071,Attack
N-03-00000,Telecom,Normal,Normal,None,Normal
N-03-00001,Telecom,Normal,Normal,None,Normal
N-03-00002,Telecom,Normal,Normal,None,Normal
N-03-00003,Telecom,Normal,Normal,None,Normal
N-03-00004,Telecom,Normal,Normal,None,Normal
N-03-00005,Telecom,Normal,Normal,None,Normal
N-03-00006,Telecom,Normal,Normal,None,Normal
N-03-00007,Telecom,Normal,Normal,None,Normal
N-03-00008,Telecom,Normal,Normal,None,Normal
N-03-00009,Telecom,Normal,Normal,None,Normal
N-03-00010,Telecom,Normal,Normal,None,Normal
N-03-00011,Telecom,Normal,Normal,None,Normal
N-03-00012,Telecom,Normal,Normal,None,Normal
N-03-00013,Telecom,Normal,Normal,None,Normal
N-03-00014,Telecom,Normal,Normal,None,Normal
N-03-00015,Telecom,Normal,Normal,None,Normal
N-03-00016,Telecom,Normal,Normal,None,Normal
N-03-00017,Telecom,Normal,Normal,None,Normal
N-03-00018,Telecom,Normal,Normal,None,Normal
N-03-00019,Telecom,Normal,Normal,None,Normal
N-03-00020,Telecom,Normal,Normal,None,Normal
N-03-00021,Telecom,Normal,Normal,None,Normal
N-03-00022,Telecom,Normal,Normal,None,Normal
N-03-00023,Telecom,Normal,Normal,None,Normal
N-03-00024,Telecom,Normal,Normal,None,Normal
N-03-00025,Telecom,Normal,Normal,None,Normal
N-03-00026,Telecom,Normal,Normal,None,Normal
N-03-00027,Telecom,Normal,Normal,None,Normal
N-03-00028,Telecom,Normal,Normal,None,Normal
N-03-00029,Telecom,Normal,Normal,None,Normal
N-03-00030,Telecom,Normal,Normal,None,Normal
N-03-00031,Telecom,Normal,Normal,None,Normal
N-03-00032,Telecom,Normal,Normal,None,Normal
N-03-00033,Telecom,Normal,Normal,None,Normal
N-03-00034,Telecom,Normal,Normal,None,Normal
N-03-00035,Telecom,Normal,Normal,None,Normal
N-03-00036,Telecom,Normal,Normal,None,Normal
N-03-00037,Telecom,Normal,Normal,None,Normal
N-03-00038,Telecom,Normal,Normal,None,Normal
N-03-00039,Telecom,Normal,Normal,None,Normal
N-03-00040,Telecom,Normal,Normal,None,Normal
N-03-00041,Telecom,Normal,Normal,None,Normal
N-03-00042,Telecom,Normal,Normal,None,Normal
N-03-00043,Telecom,Normal,Normal,None,Normal
N-03-00044,Telecom,Normal,Normal,None,Normal
N-03-00045,Telecom,Normal,Normal,None,Normal
N-03-00046,Telecom,Normal,Normal,None,Normal
N-03-00047,Telecom,Normal,Normal,None,Normal
N-03-00048,Telecom,Normal,Normal,None,Normal
N-03-00049,Telecom,Normal,Normal,None,Normal
N-03-00050,Telecom,Normal,Normal,None,Normal
N-03-00051,Telecom,Normal,Normal,None,Normal
N-03-00052,Telecom,Normal,Normal,None,Normal
N-03-00053,Telecom,Normal,Normal,None,Normal
N-03-00054,Telecom,Normal,Normal,None,Normal
N-03-00055,Telecom,Normal,Normal,None,Normal
N-03-00056,Telecom,Normal,Normal,None,Normal
N-03-00057,Telecom,Normal,Normal,None,Normal
N-03-00058,Telecom,Normal,Normal,None,Normal
N-03-00059,Telecom,Normal,Normal,None,Normal
N-03-00060,Telecom,Normal,Normal,None,Normal
N-03-00061,Telecom,Normal,Normal,None,Normal
N-03-00062,Telecom,Normal,Normal,None,Normal
N-03-00063,Telecom,Normal,Normal,None,Normal
N-03-00064,Telecom,Normal,Normal,None,Normal
N-03-00065,Telecom,Normal,Normal,None,Normal
N-03-00066,Telecom,Normal,Normal,None,Normal
N-03-00067,Telecom,Normal,Normal,None,Normal
N-03-00068,Telecom,Normal,Normal,None,Normal
N-03-00069,Telecom,Normal,Normal,None,Normal
N-03-00070,Telecom,Normal,Normal,None,Normal
N-03-00071,Telecom,Normal,Normal,None,Normal
N-03-00072,Telecom,Normal,Normal,None,Normal
N-03-00073,Telecom,Normal,Normal,None,Normal
N-03-00074,Telecom,Normal,Normal,None,Normal
N-03-00075,Telecom,Normal,Normal,None,Normal
N-03-00076,Telecom,Normal,Normal,None,Normal
N-03-00077,Telecom,Normal,Normal,None,Normal
N-03-00078,Telecom,Normal,Normal,None,Normal
N-03-00079,Telecom,Normal,Normal,None,Normal
N-03-00080,Telecom,Normal,Normal,None,Normal
N-03-00081,Telecom,Normal,Normal,None,Normal
N-03-00082,Telecom,Normal,Normal,None,Normal
N-03-00083,Telecom,Normal,Normal,None,Normal
N-03-00084,Telecom,Normal,Normal,None,Normal
N-03-00085,Telecom,Normal,Normal,None,Normal
N-03-00086,Telecom,Normal,Normal,None,Normal
N-03-00087,Telecom,Normal,Normal,None,Normal
N-03-00088,Telecom,Normal,Normal,None,Normal
N-03-00089,Telecom,Normal,Normal,None,Normal
N-03-00090,Telecom,Normal,Normal,None,Normal
N-03-00091,Telecom,Normal,Normal,None,Normal
N-03-00092,Telecom,Normal,Normal,None,Normal
N-03-00093,Telecom,Normal,Normal,None,Normal
N-03-00094,Telecom,Normal,Normal,None,Normal
N-03-00095,Telecom,Normal,Normal,None,Normal
N-03-00096,Telecom,Normal,Normal,None,Normal
N-03-00097,Telecom,Normal,Normal,None,Normal
N-03-00098,Telecom,Normal,Normal,None,Normal
N-03-00099,Telecom,Normal,Normal,None,Normal
N-03-00100,Telecom,Normal,Normal,None,Normal
N-03-00101,Telecom,Normal,Normal,None,Normal
N-03-00102,Telecom,Normal,Normal,None,Normal
N-03-00103,Telecom,Normal,Normal,None,Normal
N-03-00104,Telecom,Normal,Normal,None,Normal
N-03-00105,Telecom,Normal,Normal,None,Normal
N-03-00106,Telecom,Normal,Normal,None,Normal
N-03-00107,Telecom,Normal,Normal,None,Normal
N-03-00108,Telecom,Normal,Normal,None,Normal
N-03-00109,Telecom,Normal,Normal,None,Normal
N-03-00110,Telecom,Normal,Normal,None,Normal
N-03-00111,Telecom,Normal,Normal,None,Normal
N-03-00112,Telecom,Normal,Normal,None,Normal
N-03-00113,Telecom,Normal,Normal,None,Normal
N-03-00114,Telecom,Normal,Normal,None,Normal
N-03-00115,Telecom,Normal,Normal,None,Normal
N-03-00116,Telecom,Normal,Normal,None,Normal
N-03-00117,Telecom,Normal,Normal,None,Normal
N-03-00118,Telecom,Normal,Normal,None,Normal
N-03-00119,Telecom,Normal,Normal,None,Normal
N-03-00120,Telecom,Normal,Normal,None,Normal
N-03-00121,Telecom,Normal,Normal,None,Normal
N-03-00122,Telecom,Normal,Normal,None,Normal
N-03-00123,Telecom,Normal,Normal,None,Normal
N-03-00124,Telecom,Normal,Normal,None,Normal
N-03-00125,Telecom,Normal,Normal,None,Normal
N-03-00126,Telecom,Normal,Normal,None,Normal
N-03-00127,Telecom,Normal,Normal,None,Normal
N-03-00128,Telecom,Normal,Normal,None,Normal
N-03-00129,Telecom,Normal,Normal,None,Normal
N-03-00130,Telecom,Normal,Normal,None,Normal
N-03-00131,Telecom,Normal,Normal,None,Normal
N-03-00132,Telecom,Normal,Normal,None,Normal
N-03-00133,Telecom,Normal,Normal,None,Normal
N-03-00134,Telecom,Normal,Normal,None,Normal
N-03-00135,Telecom,Normal,Normal,None,Normal
N-03-00136,Telecom,Normal,Normal,None,Normal
N-03-00137,Telecom,Normal,Normal,None,Normal
N-03-00138,Telecom,Normal,Normal,None,Normal
N-03-00139,Telecom,Normal,Normal,None,Normal
N-03-00140,Telecom,Normal,Normal,None,Normal
N-03-00141,Telecom,Normal,Normal,None,Normal
N-03-00142,Telecom,Normal,Normal,None,Normal
N-03-00143,Telecom,Normal,Normal,None,Normal
N-03-00144,Telecom,Normal,Normal,None,Normal
N-03-00145,Telecom,Normal,Normal,None,Normal
N-03-00146,Telecom,Normal,Normal,None,Normal
N-03-00147,Telecom,Normal,Normal,None,Normal
N-03-00148,Telecom,Normal,Normal,None,Normal
N-03-00149,Telecom,Normal,Normal,None,Normal
N-03-00150,Telecom,Normal,Normal,None,Normal
N-03-00151,Telecom,Normal,Normal,None,Normal
N-03-00152,Telecom,Normal,Normal,None,Normal
N-03-00153,Telecom,Normal,Normal,None,Normal
N-03-00154,Telecom,Normal,Normal,None,Normal
N-03-00155,Telecom,Normal,Normal,None,Normal
N-03-00156,Telecom,Normal,Normal,None,Normal
N-03-00157,Telecom,Normal,Normal,None,Normal
N-03-00158,Telecom,Normal,Normal,None,Normal
N-03-00159,Telecom,Normal,Normal,None,Normal
N-03-00160,Telecom,Normal,Normal,None,Normal
N-03-00161,Telecom,Normal,Normal,None,Normal
N-03-00162,Telecom,Normal,Normal,None,Normal
N-03-00163,Telecom,Normal,Normal,None,Normal
N-03-00164,Telecom,Normal,Normal,None,Normal
N-03-00165,Telecom,Normal,Normal,None,Normal
N-03-00166,Telecom,Normal,Normal,None,Normal
N-03-00167,Telecom,Normal,Normal,None,Normal
N-03-00168,Telecom,Normal,Normal,None,Normal
N-03-00169,Telecom,Normal,Normal,None,Normal
N-03-00170,Telecom,Normal,Normal,None,Normal
N-03-00171,Telecom,Normal,Normal,None,Normal
N-03-00172,Telecom,Normal,Normal,None,Normal
N-03-00173,Telecom,Normal,Normal,None,Normal
N-03-00174,Telecom,Normal,Normal,None,Normal
N-03-00175,Telecom,Normal,Normal,None,Normal
N-03-00176,Telecom,Normal,Normal,None,Normal
N-03-00177,Telecom,Normal,Normal,None,Normal
N-03-00178,Telecom,Normal,Normal,None,Normal
N-03-00179,Telecom,Normal,Normal,None,Normal
N-03-00180,Telecom,Normal,Normal,None,Normal
N-03-00181,Telecom,Normal,Normal,None,Normal
N-03-00182,Telecom,Normal,Normal,None,Normal
N-03-00183,Telecom,Normal,Normal,None,Normal
N-03-00184,Telecom,Normal,Normal,None,Normal
N-03-00185,Telecom,Normal,Normal,None,Normal
N-03-00186,Telecom,Normal,Normal,None,Normal
N-03-00187,Telecom,Normal,Normal,None,Normal
N-03-00188,Telecom,Normal,Normal,None,Normal
N-03-00189,Telecom,Normal,Normal,None,Normal
N-03-00190,Telecom,Normal,Normal,None,Normal
N-03-00191,Telecom,Normal,Normal,None,Normal
N-03-00192,Telecom,Normal,Normal,None,Normal
N-03-00193,Telecom,Normal,Normal,None,Normal
N-03-00194,Telecom,Normal,Normal,None,Normal
N-03-00195,Telecom,Normal,Normal,None,Normal
N-03-00196,Telecom,Normal,Normal,None,Normal
N-03-00197,Telecom,Normal,Normal,None,Normal
N-03-00198,Telecom,Normal,Normal,None,Normal
N-03-00199,Telecom,Normal,Normal,None,Normal
N-03-00200,Telecom,Normal,Normal,None,Normal
N-03-00201,Telecom,Normal,Normal,None,Normal
N-03-00202,Telecom,Normal,Normal,None,Normal
N-03-00203,Telecom,Normal,Normal,None,Normal
N-03-00204,Telecom,Normal,Normal,None,Normal
N-03-00205,Telecom,Normal,Normal,None,Normal
N-03-00206,Telecom,Normal,Normal,None,Normal
N-03-00207,Telecom,Normal,Normal,None,Normal
N-03-00208,Telecom,Normal,Normal,None,Normal
N-03-00209,Telecom,Normal,Normal,None,Normal
N-03-00210,Telecom,Normal,Normal,None,Normal
N-03-00211,Telecom,Normal,Normal,None,Normal
N-03-00212,Telecom,Normal,Normal,None,Normal
N-03-00213,Telecom,Normal,Normal,None,Normal
N-03-00214,Telecom,Normal,Normal,None,Normal
N-03-00215,Telecom,Normal,Normal,None,Normal
N-03-00216,Telecom,Normal,Normal,None,Normal
N-03-00217,Telecom,Normal,Normal,None,Normal
N-03-00218,Telecom,Normal,Normal,None,Normal
N-03-00219,Telecom,Normal,Normal,None,Normal
N-03-00220,Telecom,Normal,Normal,None,Normal
N-03-00221,Telecom,Normal,Normal,None,Normal
N-03-00222,Telecom,Normal,Normal,None,Normal
N-03-00223,Telecom,Normal,Normal,None,Normal
N-03-00224,Telecom,Normal,Normal,None,Normal
N-03-00225,Telecom,Normal,Normal,None,Normal
N-03-00226,Telecom,Normal,Normal,None,Normal
N-03-00227,Telecom,Normal,Normal,None,Normal
N-03-00228,Telecom,Normal,Normal,None,Normal
N-03-00229,Telecom,Normal,Normal,None,Normal
N-03-00230,Telecom,Normal,Normal,None,Normal
N-03-00231,Telecom,Normal,Normal,None,Normal
N-03-00232,Telecom,Normal,Normal,None,Normal
N-03-00233,Telecom,Normal,Normal,None,Normal
N-03-00234,Telecom,Normal,Normal,None,Normal
N-03-00235,Telecom,Normal,Normal,None,Normal
N-03-00236,Telecom,Normal,Normal,None,Normal
N-03-00237,Telecom,Normal,Normal,None,Normal
N-03-00238,Telecom,Normal,Normal,None,Normal
N-03-00239,Telecom,Normal,Normal,None,Normal
N-03-00240,Telecom,Normal,Normal,None,Normal
N-03-00241,Telecom,Normal,Normal,None,Normal
N-03-00242,Telecom,Normal,Normal,None,Normal
N-03-00243,Telecom,Normal,Normal,None,Normal
N-03-00244,Telecom,Normal,Normal,None,Normal
N-03-00245,Telecom,Normal,Normal,None,Normal
N-03-00246,Telecom,Normal,Normal,None,Normal
N-03-00247,Telecom,Normal,Normal,None,Normal
N-03-00248,Telecom,Normal,Normal,None,Normal
N-03-00249,Telecom,Normal,Normal,None,Normal
N-03-00250,Telecom,Normal,Normal,None,Normal
N-03-00251,Telecom,Normal,Normal,None,Normal
N-03-00252,Telecom,Normal,Normal,None,Normal
N-03-00253,Telecom,Normal,Normal,None,Normal
N-03-00254,Telecom,Normal,Normal,None,Normal
N-03-00255,Telecom,Normal,Normal,None,Normal
N-03-00256,Telecom,Normal,Normal,None,Normal
N-03-00257,Telecom,Normal,Normal,None,Normal
N-03-00258,Telecom,Normal,Normal,None,Normal
N-03-00259,Telecom,Normal,Normal,None,Normal
N-03-00260,Telecom,Normal,Normal,None,Normal
N-03-00261,Telecom,Normal,Normal,None,Normal
N-03-00262,Telecom,Normal,Normal,None,Normal
N-03-00263,Telecom,Normal,Normal,None,Normal
N-03-00264,Telecom,Normal,Normal,None,Normal
N-03-00265,Telecom,Normal,Normal,None,Normal
N-03-00266,Telecom,Normal,Normal,None,Normal
N-03-00267,Telecom,Normal,Normal,None,Normal
N-03-00268,Telecom,Normal,Normal,None,Normal
N-03-00269,Telecom,Normal,Normal,None,Normal
N-03-00270,Telecom,Normal,Normal,None,Normal
N-03-00271,Telecom,Normal,Normal,None,Normal
N-03-00272,Telecom,Normal,Normal,None,Normal
N-03-00273,Telecom,Normal,Normal,None,Normal
N-03-00274,Telecom,Normal,Normal,None,Normal
N-03-00275,Telecom,Normal,Normal,None,Normal
N-03-00276,Telecom,Normal,Normal,None,Normal
N-03-00277,Telecom,Normal,Normal,None,Normal
N-03-00278,Telecom,Normal,Normal,None,Normal
N-03-00279,Telecom,Normal,Normal,None,Normal
N-03-00280,Telecom,Normal,Normal,None,Normal
N-03-00281,Telecom,Normal,Normal,None,Normal
N-03-00282,Telecom,Normal,Normal,None,Normal
N-03-00283,Telecom,Normal,Normal,None,Normal
N-03-00284,Telecom,Normal,Normal,None,Normal
N-03-00285,Telecom,Normal,Normal,None,Normal
N-03-00286,Telecom,Normal,Normal,None,Normal
N-03-00287,Telecom,Normal,Normal,None,Normal
N-03-00288,Telecom,Normal,Normal,None,Normal
N-03-00289,Telecom,Normal,Normal,None,Normal
N-03-00290,Telecom,Normal,Normal,None,Normal
N-03-00291,Telecom,Normal,Normal,None,Normal
N-03-00292,Telecom,Normal,Normal,None,Normal
N-03-00293,Telecom,Normal,Normal,None,Normal
N-03-00294,Telecom,Normal,Normal,None,Normal
N-03-00295,Telecom,Normal,Normal,None,Normal
N-03-00296,Telecom,Normal,Normal,None,Normal
N-03-00297,Telecom,Normal,Normal,None,Normal
N-03-00298,Telecom,Normal,Normal,None,Normal
N-03-00299,Telecom,Normal,Normal,None,Normal
N-03-00300,Telecom,Normal,Normal,None,Normal
N-03-00301,Telecom,Normal,Normal,None,Normal
N-03-00302,Telecom,Normal,Normal,None,Normal
N-03-00303,Telecom,Normal,Normal,None,Normal
N-03-00304,Telecom,Normal,Normal,None,Normal
N-03-00305,Telecom,Normal,Normal,None,Normal
N-03-00306,Telecom,Normal,Normal,None,Normal
N-03-00307,Telecom,Normal,Normal,None,Normal
N-03-00308,Telecom,Normal,Normal,None,Normal
N-03-00309,Telecom,Normal,Normal,None,Normal
N-03-00310,Telecom,Normal,Normal,None,Normal
N-03-00311,Telecom,Normal,Normal,None,Normal
N-03-00312,Telecom,Normal,Normal,None,Normal
N-03-00313,Telecom,Normal,Normal,None,Normal
N-03-00314,Telecom,Normal,Normal,None,Normal
N-03-00315,Telecom,Normal,Normal,None,Normal
N-03-00316,Telecom,Normal,Normal,None,Normal
N-03-00317,Telecom,Normal,Normal,None,Normal
N-03-00318,Telecom,Normal,Normal,None,Normal
N-03-00319,Telecom,Normal,Normal,None,Normal
N-03-00320,Telecom,Normal,Normal,None,Normal
N-03-00321,Telecom,Normal,Normal,None,Normal
N-03-00322,Telecom,Normal,Normal,None,Normal
N-03-00323,Telecom,Normal,Normal,None,Normal
N-03-00324,Telecom,Normal,Normal,None,Normal
N-03-00325,Telecom,Normal,Normal,None,Normal
N-03-00326,Telecom,Normal,Normal,None,Normal
N-03-00327,Telecom,Normal,Normal,None,Normal
N-03-00328,Telecom,Normal,Normal,None,Normal
N-03-00329,Telecom,Normal,Normal,None,Normal
N-03-00330,Telecom,Normal,Normal,None,Normal
N-03-00331,Telecom,Normal,Normal,None,Normal
N-03-00332,Telecom,Normal,Normal,None,Normal
N-03-00333,Telecom,Normal,Normal,None,Normal
N-03-00334,Telecom,Normal,Normal,None,Normal
N-03-00335,Telecom,Normal,Normal,None,Normal
N-03-00336,Telecom,Normal,Normal,None,Normal
N-03-00337,Telecom,Normal,Normal,None,Normal
N-03-00338,Telecom,Normal,Normal,None,Normal
N-03-00339,Telecom,Normal,Normal,None,Normal
N-03-00340,Telecom,Normal,Normal,None,Normal
N-03-00341,Telecom,Normal,Normal,None,Normal
N-03-00342,Telecom,Normal,Normal,None,Normal
N-03-00343,Telecom,Normal,Normal,None,Normal
N-03-00344,Telecom,Normal,Normal,None,Normal
N-03-00345,Telecom,Normal,Normal,None,Normal
N-03-00346,Telecom,Normal,Normal,None,Normal
N-03-00347,Telecom,Normal,Normal,None,Normal
N-03-00348,Telecom,Normal,Normal,None,Normal
N-03-00349,Telecom,Normal,Normal,None,Normal
N-03-00350,Telecom,Normal,Normal,None,Normal
N-03-00351,Telecom,Normal,Normal,None,Normal
N-03-00352,Telecom,Normal,Normal,None,Normal
N-03-00353,Telecom,Normal,Normal,None,Normal
N-03-00354,Telecom,Normal,Normal,None,Normal
N-03-00355,Telecom,Normal,Normal,None,Normal
N-03-00356,Telecom,Normal,Normal,None,Normal
N-03-00357,Telecom,Normal,Normal,None,Normal
N-03-00358,Telecom,Normal,Normal,None,Normal
N-03-00359,Telecom,Normal,Normal,None,Normal
N-03-00360,Telecom,Normal,Normal,None,Normal
N-03-00361,Telecom,Normal,Normal,None,Normal
N-03-00362,Telecom,Normal,Normal,None,Normal
N-03-00363,Telecom,Normal,Normal,None,Normal
N-03-00364,Telecom,Normal,Normal,None,Normal
N-03-00365,Telecom,Normal,Normal,None,Normal
N-03-00366,Telecom,Normal,Normal,None,Normal
N-03-00367,Telecom,Normal,Normal,None,Normal
N-03-00368,Telecom,Normal,Normal,None,Normal
N-03-00369,Telecom,Normal,Normal,None,Normal
N-03-00370,Telecom,Normal,Normal,None,Normal
N-03-00371,Telecom,Normal,Normal,None,Normal
N-03-00372,Telecom,Normal,Normal,None,Normal
N-03-00373,Telecom,Normal,Normal,None,Normal
N-03-00374,Telecom,Normal,Normal,None,Normal
N-03-00375,Telecom,Normal,Normal,None,Normal
N-03-00376,Telecom,Normal,Normal,None,Normal
N-03-00377,Telecom,Normal,Normal,None,Normal
N-03-00378,Telecom,Normal,Normal,None,Normal
N-03-00379,Telecom,Normal,Normal,None,Normal
N-03-00380,Telecom,Normal,Normal,None,Normal
N-03-00381,Telecom,Normal,Normal,None,Normal
N-03-00382,Telecom,Normal,Normal,None,Normal
N-03-00383,Telecom,Normal,Normal,None,Normal
N-03-00384,Telecom,Normal,Normal,None,Normal
N-03-00385,Telecom,Normal,Normal,None,Normal
N-03-00386,Telecom,Normal,Normal,None,Normal
N-03-00387,Telecom,Normal,Normal,None,Normal
N-03-00388,Telecom,Normal,Normal,None,Normal
N-03-00389,Telecom,Normal,Normal,None,Normal
N-03-00390,Telecom,Normal,Normal,None,Normal
N-03-00391,Telecom,Normal,Normal,None,Normal
N-03-00392,Telecom,Normal,Normal,None,Normal
N-03-00393,Telecom,Normal,Normal,None,Normal
N-03-00394,Telecom,Normal,Normal,None,Normal
N-03-00395,Telecom,Normal,Normal,None,Normal
N-03-00396,Telecom,Normal,Normal,None,Normal
N-03-00397,Telecom,Normal,Normal,None,Normal
N-03-00398,Telecom,Normal,Normal,None,Normal
N-03-00399,Telecom,Normal,Normal,None,Normal
N-03-00400,Telecom,Normal,Normal,None,Normal
N-03-00401,Telecom,Normal,Normal,None,Normal
N-03-00402,Telecom,Normal,Normal,None,Normal
N-03-00403,Telecom,Normal,Normal,None,Normal
N-03-00404,Telecom,Normal,Normal,None,Normal
N-03-00405,Telecom,Normal,Normal,None,Normal
N-03-00406,Telecom,Normal,Normal,None,Normal
N-03-00407,Telecom,Normal,Normal,None,Normal
N-03-00408,Telecom,Normal,Normal,None,Normal
N-03-00409,Telecom,Normal,Normal,None,Normal
N-03-00410,Telecom,Normal,Normal,None,Normal
N-03-00411,Telecom,Normal,Normal,None,Normal
N-03-00412,Telecom,Normal,Normal,None,Normal
N-03-00413,Telecom,Normal,Normal,None,Normal
N-03-00414,Telecom,Normal,Normal,None,Normal
N-03-00415,Telecom,Normal,Normal,None,Normal
N-03-00416,Telecom,Normal,Normal,None,Normal
N-03-00417,Telecom,Normal,Normal,None,Normal
N-03-00418,Telecom,Normal,Normal,None,Normal
N-03-00419,Telecom,Normal,Normal,None,Normal
N-03-00420,Telecom,Normal,Normal,None,Normal
N-03-00421,Telecom,Normal,Normal,None,Normal
N-03-00422,Telecom,Normal,Normal,None,Normal
N-03-00423,Telecom,Normal,Normal,None,Normal
N-03-00424,Telecom,Normal,Normal,None,Normal
N-03-00425,Telecom,Normal,Normal,None,Normal
N-03-00426,Telecom,Normal,Normal,None,Normal
N-03-00427,Telecom,Normal,Normal,None,Normal
N-03-00428,Telecom,Normal,Normal,None,Normal
N-03-00429,Telecom,Normal,Normal,None,Normal
N-03-00430,Telecom,Normal,Normal,None,Normal
N-03-00431,Telecom,Normal,Normal,None,Normal
N-03-00432,Telecom,Normal,Normal,None,Normal
N-03-00433,Telecom,Normal,Normal,None,Normal
N-03-00434,Telecom,Normal,Normal,None,Normal
N-03-00435,Telecom,Normal,Normal,None,Normal
N-03-00436,Telecom,Normal,Normal,None,Normal
N-03-00437,Telecom,Normal,Normal,None,Normal
N-03-00438,Telecom,Normal,Normal,None,Normal
N-03-00439,Telecom,Normal,Normal,None,Normal
N-03-00440,Telecom,Normal,Normal,None,Normal
N-03-00441,Telecom,Normal,Normal,None,Normal
N-03-00442,Telecom,Normal,Normal,None,Normal
N-03-00443,Telecom,Normal,Normal,None,Normal
N-03-00444,Telecom,Normal,Normal,None,Normal
N-03-00445,Telecom,Normal,Normal,None,Normal
N-03-00446,Telecom,Normal,Normal,None,Normal
N-03-00447,Telecom,Normal,Normal,None,Normal
N-03-00448,Telecom,Normal,Normal,None,Normal
N-03-00449,Telecom,Normal,Normal,None,Normal
N-03-00450,Telecom,Normal,Normal,None,Normal
N-03-00451,Telecom,Normal,Normal,None,Normal
N-03-00452,Telecom,Normal,Normal,None,Normal
N-03-00453,Telecom,Normal,Normal,None,Normal
N-03-00454,Telecom,Normal,Normal,None,Normal
N-03-00455,Telecom,Normal,Normal,None,Normal
N-03-00456,Telecom,Normal,Normal,None,Normal
N-03-00457,Telecom,Normal,Normal,None,Normal
N-03-00458,Telecom,Normal,Normal,None,Normal
N-03-00459,Telecom,Normal,Normal,None,Normal
N-03-00460,Telecom,Normal,Normal,None,Normal
N-03-00461,Telecom,Normal,Normal,None,Normal
N-03-00462,Telecom,Normal,Normal,None,Normal
N-03-00463,Telecom,Normal,Normal,None,Normal
N-03-00464,Telecom,Normal,Normal,None,Normal
N-03-00465,Telecom,Normal,Normal,None,Normal
N-03-00466,Telecom,Normal,Normal,None,Normal
N-03-00467,Telecom,Normal,Normal,None,Normal
N-03-00468,Telecom,Normal,Normal,None,Normal
N-03-00469,Telecom,Normal,Normal,None,Normal
N-03-00470,Telecom,Normal,Normal,None,Normal
N-03-00471,Telecom,Normal,Normal,None,Normal
N-03-00472,Telecom,Normal,Normal,None,Normal
N-03-00473,Telecom,Normal,Normal,None,Normal
N-03-00474,Telecom,Normal,Normal,None,Normal
N-03-00475,Telecom,Normal,Normal,None,Normal
N-03-00476,Telecom,Normal,Normal,None,Normal
N-03-00477,Telecom,Normal,Normal,None,Normal
N-03-00478,Telecom,Normal,Normal,None,Normal
N-03-00479,Telecom,Normal,Normal,None,Normal
N-03-00480,Telecom,Normal,Normal,None,Normal
N-03-00481,Telecom,Normal,Normal,None,Normal
N-03-00482,Telecom,Normal,Normal,None,Normal
N-03-00483,Telecom,Normal,Normal,None,Normal
N-03-00484,Telecom,Normal,Normal,None,Normal
N-03-00485,Telecom,Normal,Normal,None,Normal
N-03-00486,Telecom,Normal,Normal,None,Normal
N-03-00487,Telecom,Normal,Normal,None,Normal
N-03-00488,Telecom,Normal,Normal,None,Normal
N-03-00489,Telecom,Normal,Normal,None,Normal
N-03-00490,Telecom,Normal,Normal,None,Normal
N-03-00491,Telecom,Normal,Normal,None,Normal
N-03-00492,Telecom,Normal,Normal,None,Normal
N-03-00493,Telecom,Normal,Normal,None,Normal
N-03-00494,Telecom,Normal,Normal,None,Normal
N-03-00495,Telecom,Normal,Normal,None,Normal
N-03-00496,Telecom,Normal,Normal,None,Normal
N-03-00497,Telecom,Normal,Normal,None,Normal
N-03-00498,Telecom,Normal,Normal,None,Normal
N-03-00499,Telecom,Normal,Normal,None,Normal
N-03-00500,Telecom,Normal,Normal,None,Normal
N-03-00501,Telecom,Normal,Normal,None,Normal
N-03-00502,Telecom,Normal,Normal,None,Normal
N-03-00503,Telecom,Normal,Normal,None,Normal
N-03-00504,Telecom,Normal,Normal,None,Normal
N-03-00505,Telecom,Normal,Normal,None,Normal
N-03-00506,Telecom,Normal,Normal,None,Normal
N-03-00507,Telecom,Normal,Normal,None,Normal
N-03-00508,Telecom,Normal,Normal,None,Normal
N-03-00509,Telecom,Normal,Normal,None,Normal
N-03-00510,Telecom,Normal,Normal,None,Normal
N-03-00511,Telecom,Normal,Normal,None,Normal
N-03-00512,Telecom,Normal,Normal,None,Normal
N-03-00513,Telecom,Normal,Normal,None,Normal
N-03-00514,Telecom,Normal,Normal,None,Normal
N-03-00515,Telecom,Normal,Normal,None,Normal
N-03-00516,Telecom,Normal,Normal,None,Normal
N-03-00517,Telecom,Normal,Normal,None,Normal
N-03-00518,Telecom,Normal,Normal,None,Normal
N-03-00519,Telecom,Normal,Normal,None,Normal
N-03-00520,Telecom,Normal,Normal,None,Normal
N-03-00521,Telecom,Normal,Normal,None,Normal
N-03-00522,Telecom,Normal,Normal,None,Normal
N-03-00523,Telecom,Normal,Normal,None,Normal
N-03-00524,Telecom,Normal,Normal,None,Normal
N-03-00525,Telecom,Normal,Normal,None,Normal
N-03-00526,Telecom,Normal,Normal,None,Normal
N-03-00527,Telecom,Normal,Normal,None,Normal
N-03-00528,Telecom,Normal,Normal,None,Normal
N-03-00529,Telecom,Normal,Normal,None,Normal
N-03-00530,Telecom,Normal,Normal,None,Normal
N-03-00531,Telecom,Normal,Normal,None,Normal
N-03-00532,Telecom,Normal,Normal,None,Normal
N-03-00533,Telecom,Normal,Normal,None,Normal
N-03-00534,Telecom,Normal,Normal,None,Normal
N-03-00535,Telecom,Normal,Normal,None,Normal
N-03-00536,Telecom,Normal,Normal,None,Normal
N-03-00537,Telecom,Normal,Normal,None,Normal
N-03-00538,Telecom,Normal,Normal,None,Normal
N-03-00539,Telecom,Normal,Normal,None,Normal
N-03-00540,Telecom,Normal,Normal,None,Normal
N-03-00541,Telecom,Normal,Normal,None,Normal
N-03-00542,Telecom,Normal,Normal,None,Normal
N-03-00543,Telecom,Normal,Normal,None,Normal
N-03-00544,Telecom,Normal,Normal,None,Normal
N-03-00545,Telecom,Normal,Normal,None,Normal
N-03-00546,Telecom,Normal,Normal,None,Normal
N-03-00547,Telecom,Normal,Normal,None,Normal
N-03-00548,Telecom,Normal,Normal,None,Normal
N-03-00549,Telecom,Normal,Normal,None,Normal
N-03-00550,Telecom,Normal,Normal,None,Normal
N-03-00551,Telecom,Normal,Normal,None,Normal
N-03-00552,Telecom,Normal,Normal,None,Normal
N-03-00553,Telecom,Normal,Normal,None,Normal
N-03-00554,Telecom,Normal,Normal,None,Normal
N-03-00555,Telecom,Normal,Normal,None,Normal
N-03-00556,Telecom,Normal,Normal,None,Normal
N-03-00557,Telecom,Normal,Normal,None,Normal
N-03-00558,Telecom,Normal,Normal,None,Normal
N-03-00559,Telecom,Normal,Normal,None,Normal
N-03-00560,Telecom,Normal,Normal,None,Normal
N-03-00561,Telecom,Normal,Normal,None,Normal
N-03-00562,Telecom,Normal,Normal,None,Normal
N-03-00563,Telecom,Normal,Normal,None,Normal
N-03-00564,Telecom,Normal,Normal,None,Normal
N-03-00565,Telecom,Normal,Normal,None,Normal
N-03-00566,Telecom,Normal,Normal,None,Normal
N-03-00567,Telecom,Normal,Normal,None,Normal
N-03-00568,Telecom,Normal,Normal,None,Normal
N-03-00569,Telecom,Normal,Normal,None,Normal
N-03-00570,Telecom,Normal,Normal,None,Normal
N-03-00571,Telecom,Normal,Normal,None,Normal
N-03-00572,Telecom,Normal,Normal,None,Normal
N-03-00573,Telecom,Normal,Normal,None,Normal
N-03-00574,Telecom,Normal,Normal,None,Normal
N-03-00575,Telecom,Normal,Normal,None,Normal
N-03-00576,Telecom,Normal,Normal,None,Normal
N-03-00577,Telecom,Normal,Normal,None,Normal
N-03-00578,Telecom,Normal,Normal,None,Normal
N-03-00579,Telecom,Normal,Normal,None,Normal
N-03-00580,Telecom,Normal,Normal,None,Normal
N-03-00581,Telecom,Normal,Normal,None,Normal
N-03-00582,Telecom,Normal,Normal,None,Normal
N-03-00583,Telecom,Normal,Normal,None,Normal
N-03-00584,Telecom,Normal,Normal,None,Normal
N-03-00585,Telecom,Normal,Normal,None,Normal
N-03-00586,Telecom,Normal,Normal,None,Normal
N-03-00587,Telecom,Normal,Normal,None,Normal
N-03-00588,Telecom,Normal,Normal,None,Normal
N-03-00589,Telecom,Normal,Normal,None,Normal
N-03-00590,Telecom,Normal,Normal,None,Normal
N-03-00591,Telecom,Normal,Normal,None,Normal
N-03-00592,Telecom,Normal,Normal,None,Normal
N-03-00593,Telecom,Normal,Normal,None,Normal
N-03-00594,Telecom,Normal,Normal,None,Normal
N-03-00595,Telecom,Normal,Normal,None,Normal
N-03-00596,Telecom,Normal,Normal,None,Normal
N-03-00597,Telecom,Normal,Normal,None,Normal
N-03-00598,Telecom,Normal,Normal,None,Normal
N-03-00599,Telecom,Normal,Normal,None,Normal
A-03-SCN021-01-00,Telecom,Signalling Abuse,Reconnaissance,T1059,Attack
A-03-SCN021-01-01,Telecom,Signalling Abuse,Initial Access,T1190,Attack
A-03-SCN021-01-02,Telecom,Signalling Abuse,Execution,T1059,Attack
A-03-SCN021-01-03,Telecom,Signalling Abuse,Persistence,T1053,Attack
A-03-SCN021-01-04,Telecom,Signalling Abuse,Privilege Escalation,T1068,Attack
A-03-SCN021-01-05,Telecom,Signalling Abuse,Discovery,T1087,Attack
A-03-SCN021-01-06,Telecom,Signalling Abuse,Lateral Movement,T1021,Attack
A-03-SCN021-01-07,Telecom,Signalling Abuse,Command and Control,T1071,Attack
A-03-SCN021-01-08,Telecom,Signalling Abuse,Command and Control,T1071,Attack
A-03-SCN021-01-09,Telecom,Signalling Abuse,Command and Control,T1071,Attack
A-03-SCN021-02-00,Telecom,Signalling Abuse,Reconnaissance,T1053,Attack
A-03-SCN021-02-01,Telecom,Signalling Abuse,Initial Access,T1078,Attack
A-03-SCN021-02-02,Telecom,Signalling Abuse,Execution,T1059,Attack
A-03-SCN021-02-03,Telecom,Signalling Abuse,Persistence,T1053,Attack
A-03-SCN021-02-04,Telecom,Signalling Abuse,Privilege Escalation,T1068,Attack
A-03-SCN021-02-05,Telecom,Signalling Abuse,Discovery,T1087,Attack
A-03-SCN021-02-06,Telecom,Signalling Abuse,Lateral Movement,T1021,Attack
A-03-SCN021-02-07,Telecom,Signalling Abuse,Command and Control,T1071,Attack
A-03-SCN021-02-08,Telecom,Signalling Abuse,Command and Control,T1071,Attack
A-03-SCN021-02-09,Telecom,Signalling Abuse,Command and Control,T1071,Attack
A-03-SCN021-03-00,Telecom,Signalling Abuse,Reconnaissance,T1110,Attack
A-03-SCN021-03-01,Telecom,Signalling Abuse,Initial Access,T1190,Attack
A-03-SCN021-03-02,Telecom,Signalling Abuse,Execution,T1059,Attack
A-03-SCN021-03-03,Telecom,Signalling Abuse,Persistence,T1053,Attack
A-03-SCN021-03-04,Telecom,Signalling Abuse,Privilege Escalation,T1068,Attack
A-03-SCN021-03-05,Telecom,Signalling Abuse,Discovery,T1046,Attack
A-03-SCN021-03-06,Telecom,Signalling Abuse,Lateral Movement,T1021,Attack
A-03-SCN021-03-07,Telecom,Signalling Abuse,Command and Control,T1071,Attack
A-03-SCN021-03-08,Telecom,Signalling Abuse,Command and Control,T1071,Attack
A-03-SCN021-03-09,Telecom,Signalling Abuse,Command and Control,T1071,Attack
A-03-SCN021-04-00,Telecom,Signalling Abuse,Reconnaissance,T1498,Attack
A-03-SCN021-04-01,Telecom,Signalling Abuse,Initial Access,T1190,Attack
A-03-SCN021-04-02,Telecom,Signalling Abuse,Execution,T1059,Attack
A-03-SCN021-04-03,Telecom,Signalling Abuse,Persistence,T1053,Attack
A-03-SCN021-04-04,Telecom,Signalling Abuse,Privilege Escalation,T1068,Attack
A-03-SCN021-04-05,Telecom,Signalling Abuse,Discovery,T1046,Attack
A-03-SCN021-04-06,Telecom,Signalling Abuse,Lateral Movement,T1021,Attack
A-03-SCN021-04-07,Telecom,Signalling Abuse,Command and Control,T1071,Attack
A-03-SCN021-04-08,Telecom,Signalling Abuse,Command and Control,T1071,Attack
A-03-SCN021-04-09,Telecom,Signalling Abuse,Command and Control,T1071,Attack
A-03-SCN022-01-00,Telecom,DDoS,Reconnaissance,T1071,Attack
A-03-SCN022-01-01,Telecom,DDoS,Initial Access,T1078,Attack
A-03-SCN022-01-02,Telecom,DDoS,Execution,T1059,Attack
A-03-SCN022-01-03,Telecom,DDoS,Discovery,T1087,Attack
A-03-SCN022-01-04,Telecom,DDoS,Lateral Movement,T1021,Attack
A-03-SCN022-01-05,Telecom,DDoS,Impact,T1498,Attack
A-03-SCN022-01-06,Telecom,DDoS,Impact,T1498,Attack
A-03-SCN022-01-07,Telecom,DDoS,Impact,T1486,Attack
A-03-SCN022-01-08,Telecom,DDoS,Impact,T1486,Attack
A-03-SCN022-01-09,Telecom,DDoS,Impact,T1486,Attack
A-03-SCN022-02-00,Telecom,DDoS,Reconnaissance,T1078,Attack
A-03-SCN022-02-01,Telecom,DDoS,Initial Access,T1078,Attack
A-03-SCN022-02-02,Telecom,DDoS,Execution,T1059,Attack
A-03-SCN022-02-03,Telecom,DDoS,Discovery,T1087,Attack
A-03-SCN022-02-04,Telecom,DDoS,Lateral Movement,T1021,Attack
A-03-SCN022-02-05,Telecom,DDoS,Impact,T1498,Attack
A-03-SCN022-02-06,Telecom,DDoS,Impact,T1498,Attack
A-03-SCN022-02-07,Telecom,DDoS,Impact,T1498,Attack
A-03-SCN022-02-08,Telecom,DDoS,Impact,T1486,Attack
A-03-SCN022-02-09,Telecom,DDoS,Impact,T1486,Attack
A-03-SCN022-03-00,Telecom,DDoS,Reconnaissance,T1041,Attack
A-03-SCN022-03-01,Telecom,DDoS,Initial Access,T1190,Attack
A-03-SCN022-03-02,Telecom,DDoS,Execution,T1059,Attack
A-03-SCN022-03-03,Telecom,DDoS,Discovery,T1087,Attack
A-03-SCN022-03-04,Telecom,DDoS,Lateral Movement,T1021,Attack
A-03-SCN022-03-05,Telecom,DDoS,Impact,T1486,Attack
A-03-SCN022-03-06,Telecom,DDoS,Impact,T1498,Attack
A-03-SCN022-03-07,Telecom,DDoS,Impact,T1486,Attack
A-03-SCN022-03-08,Telecom,DDoS,Impact,T1498,Attack
A-03-SCN022-03-09,Telecom,DDoS,Impact,T1498,Attack
A-03-SCN022-04-00,Telecom,DDoS,Reconnaissance,T1041,Attack
A-03-SCN022-04-01,Telecom,DDoS,Initial Access,T1190,Attack
A-03-SCN022-04-02,Telecom,DDoS,Execution,T1059,Attack
A-03-SCN022-04-03,Telecom,DDoS,Discovery,T1087,Attack
A-03-SCN022-04-04,Telecom,DDoS,Lateral Movement,T1021,Attack
A-03-SCN022-04-05,Telecom,DDoS,Impact,T1486,Attack
A-03-SCN022-04-06,Telecom,DDoS,Impact,T1498,Attack
A-03-SCN022-04-07,Telecom,DDoS,Impact,T1486,Attack
A-03-SCN022-04-08,Telecom,DDoS,Impact,T1498,Attack
A-03-SCN022-04-09,Telecom,DDoS,Impact,T1498,Attack
A-03-SCN023-01-00,Telecom,Network Device Compromise,Reconnaissance,T1087,Attack
A-03-SCN023-01-01,Telecom,Network Device Compromise,Initial Access,T1078,Attack
A-03-SCN023-01-02,Telecom,Network Device Compromise,Execution,T1059,Attack
A-03-SCN023-01-03,Telecom,Network Device Compromise,Persistence,T1053,Attack
A-03-SCN023-01-04,Telecom,Network Device Compromise,Privilege Escalation,T1068,Attack
A-03-SCN023-01-05,Telecom,Network Device Compromise,Discovery,T1046,Attack
A-03-SCN023-01-06,Telecom,Network Device Compromise,Lateral Movement,T1021,Attack
A-03-SCN023-01-07,Telecom,Network Device Compromise,Command and Control,T1071,Attack
A-03-SCN023-01-08,Telecom,Network Device Compromise,Command and Control,T1071,Attack
A-03-SCN023-01-09,Telecom,Network Device Compromise,Command and Control,T1071,Attack
A-03-SCN023-02-00,Telecom,Network Device Compromise,Reconnaissance,T1110,Attack
A-03-SCN023-02-01,Telecom,Network Device Compromise,Initial Access,T1190,Attack
A-03-SCN023-02-02,Telecom,Network Device Compromise,Execution,T1059,Attack
A-03-SCN023-02-03,Telecom,Network Device Compromise,Persistence,T1053,Attack
A-03-SCN023-02-04,Telecom,Network Device Compromise,Privilege Escalation,T1068,Attack
A-03-SCN023-02-05,Telecom,Network Device Compromise,Discovery,T1087,Attack
A-03-SCN023-02-06,Telecom,Network Device Compromise,Lateral Movement,T1021,Attack
A-03-SCN023-02-07,Telecom,Network Device Compromise,Command and Control,T1071,Attack
A-03-SCN023-02-08,Telecom,Network Device Compromise,Command and Control,T1071,Attack
A-03-SCN023-02-09,Telecom,Network Device Compromise,Command and Control,T1071,Attack
A-03-SCN023-03-00,Telecom,Network Device Compromise,Reconnaissance,T1005,Attack
A-03-SCN023-03-01,Telecom,Network Device Compromise,Initial Access,T1078,Attack
A-03-SCN023-03-02,Telecom,Network Device Compromise,Execution,T1059,Attack
A-03-SCN023-03-03,Telecom,Network Device Compromise,Persistence,T1053,Attack
A-03-SCN023-03-04,Telecom,Network Device Compromise,Privilege Escalation,T1068,Attack
A-03-SCN023-03-05,Telecom,Network Device Compromise,Discovery,T1087,Attack
A-03-SCN023-03-06,Telecom,Network Device Compromise,Lateral Movement,T1021,Attack
A-03-SCN023-03-07,Telecom,Network Device Compromise,Command and Control,T1071,Attack
A-03-SCN023-03-08,Telecom,Network Device Compromise,Command and Control,T1071,Attack
A-03-SCN023-03-09,Telecom,Network Device Compromise,Command and Control,T1071,Attack
A-03-SCN023-04-00,Telecom,Network Device Compromise,Reconnaissance,T1486,Attack
A-03-SCN023-04-01,Telecom,Network Device Compromise,Initial Access,T1078,Attack
A-03-SCN023-04-02,Telecom,Network Device Compromise,Execution,T1059,Attack
A-03-SCN023-04-03,Telecom,Network Device Compromise,Persistence,T1053,Attack
A-03-SCN023-04-04,Telecom,Network Device Compromise,Privilege Escalation,T1068,Attack
A-03-SCN023-04-05,Telecom,Network Device Compromise,Discovery,T1087,Attack
A-03-SCN023-04-06,Telecom,Network Device Compromise,Lateral Movement,T1021,Attack
A-03-SCN023-04-07,Telecom,Network Device Compromise,Command and Control,T1071,Attack
A-03-SCN023-04-08,Telecom,Network Device Compromise,Command and Control,T1071,Attack
A-03-SCN023-04-09,Telecom,Network Device Compromise,Command and Control,T1071,Attack
A-03-SCN024-01-00,Telecom,DNS Abuse,Reconnaissance,T1046,Attack
A-03-SCN024-01-01,Telecom,DNS Abuse,Initial Access,T1190,Attack
A-03-SCN024-01-02,Telecom,DNS Abuse,Execution,T1059,Attack
A-03-SCN024-01-03,Telecom,DNS Abuse,Persistence,T1053,Attack
A-03-SCN024-01-04,Telecom,DNS Abuse,Privilege Escalation,T1068,Attack
A-03-SCN024-01-05,Telecom,DNS Abuse,Discovery,T1087,Attack
A-03-SCN024-01-06,Telecom,DNS Abuse,Lateral Movement,T1021,Attack
A-03-SCN024-01-07,Telecom,DNS Abuse,Command and Control,T1071,Attack
A-03-SCN024-01-08,Telecom,DNS Abuse,Command and Control,T1071,Attack
A-03-SCN024-01-09,Telecom,DNS Abuse,Command and Control,T1071,Attack
A-03-SCN024-02-00,Telecom,DNS Abuse,Reconnaissance,T1068,Attack
A-03-SCN024-02-01,Telecom,DNS Abuse,Initial Access,T1190,Attack
A-03-SCN024-02-02,Telecom,DNS Abuse,Execution,T1059,Attack
A-03-SCN024-02-03,Telecom,DNS Abuse,Persistence,T1053,Attack
A-03-SCN024-02-04,Telecom,DNS Abuse,Privilege Escalation,T1068,Attack
A-03-SCN024-02-05,Telecom,DNS Abuse,Discovery,T1087,Attack
A-03-SCN024-02-06,Telecom,DNS Abuse,Lateral Movement,T1021,Attack
A-03-SCN024-02-07,Telecom,DNS Abuse,Command and Control,T1071,Attack
A-03-SCN024-02-08,Telecom,DNS Abuse,Command and Control,T1071,Attack
A-03-SCN024-02-09,Telecom,DNS Abuse,Command and Control,T1071,Attack
A-03-SCN024-03-00,Telecom,DNS Abuse,Reconnaissance,T1053,Attack
A-03-SCN024-03-01,Telecom,DNS Abuse,Initial Access,T1078,Attack
A-03-SCN024-03-02,Telecom,DNS Abuse,Execution,T1059,Attack
A-03-SCN024-03-03,Telecom,DNS Abuse,Persistence,T1053,Attack
A-03-SCN024-03-04,Telecom,DNS Abuse,Privilege Escalation,T1068,Attack
A-03-SCN024-03-05,Telecom,DNS Abuse,Discovery,T1087,Attack
A-03-SCN024-03-06,Telecom,DNS Abuse,Lateral Movement,T1021,Attack
A-03-SCN024-03-07,Telecom,DNS Abuse,Command and Control,T1071,Attack
A-03-SCN024-03-08,Telecom,DNS Abuse,Command and Control,T1071,Attack
A-03-SCN024-03-09,Telecom,DNS Abuse,Command and Control,T1071,Attack
A-03-SCN024-04-00,Telecom,DNS Abuse,Reconnaissance,T1046,Attack
A-03-SCN024-04-01,Telecom,DNS Abuse,Initial Access,T1190,Attack
A-03-SCN024-04-02,Telecom,DNS Abuse,Execution,T1059,Attack
A-03-SCN024-04-03,Telecom,DNS Abuse,Persistence,T1053,Attack
A-03-SCN024-04-04,Telecom,DNS Abuse,Privilege Escalation,T1068,Attack
A-03-SCN024-04-05,Telecom,DNS Abuse,Discovery,T1046,Attack
A-03-SCN024-04-06,Telecom,DNS Abuse,Lateral Movement,T1021,Attack
A-03-SCN024-04-07,Telecom,DNS Abuse,Command and Control,T1071,Attack
A-03-SCN024-04-08,Telecom,DNS Abuse,Command and Control,T1071,Attack
A-03-SCN024-04-09,Telecom,DNS Abuse,Command and Control,T1071,Attack
A-03-SCN025-01-00,Telecom,VPN Compromise,Reconnaissance,T1021,Attack
A-03-SCN025-01-01,Telecom,VPN Compromise,Initial Access,T1078,Attack
A-03-SCN025-01-02,Telecom,VPN Compromise,Execution,T1059,Attack
A-03-SCN025-01-03,Telecom,VPN Compromise,Persistence,T1053,Attack
A-03-SCN025-01-04,Telecom,VPN Compromise,Privilege Escalation,T1068,Attack
A-03-SCN025-01-05,Telecom,VPN Compromise,Discovery,T1046,Attack
A-03-SCN025-01-06,Telecom,VPN Compromise,Lateral Movement,T1021,Attack
A-03-SCN025-01-07,Telecom,VPN Compromise,Command and Control,T1071,Attack
A-03-SCN025-01-08,Telecom,VPN Compromise,Command and Control,T1071,Attack
A-03-SCN025-01-09,Telecom,VPN Compromise,Command and Control,T1071,Attack
A-03-SCN025-02-00,Telecom,VPN Compromise,Reconnaissance,T1087,Attack
A-03-SCN025-02-01,Telecom,VPN Compromise,Initial Access,T1190,Attack
A-03-SCN025-02-02,Telecom,VPN Compromise,Execution,T1059,Attack
A-03-SCN025-02-03,Telecom,VPN Compromise,Persistence,T1053,Attack
A-03-SCN025-02-04,Telecom,VPN Compromise,Privilege Escalation,T1068,Attack
A-03-SCN025-02-05,Telecom,VPN Compromise,Discovery,T1087,Attack
A-03-SCN025-02-06,Telecom,VPN Compromise,Lateral Movement,T1021,Attack
A-03-SCN025-02-07,Telecom,VPN Compromise,Command and Control,T1071,Attack
A-03-SCN025-02-08,Telecom,VPN Compromise,Command and Control,T1071,Attack
A-03-SCN025-02-09,Telecom,VPN Compromise,Command and Control,T1071,Attack
A-03-SCN025-03-00,Telecom,VPN Compromise,Reconnaissance,T1486,Attack
A-03-SCN025-03-01,Telecom,VPN Compromise,Initial Access,T1190,Attack
A-03-SCN025-03-02,Telecom,VPN Compromise,Execution,T1059,Attack
A-03-SCN025-03-03,Telecom,VPN Compromise,Persistence,T1053,Attack
A-03-SCN025-03-04,Telecom,VPN Compromise,Privilege Escalation,T1068,Attack
A-03-SCN025-03-05,Telecom,VPN Compromise,Discovery,T1046,Attack
A-03-SCN025-03-06,Telecom,VPN Compromise,Lateral Movement,T1021,Attack
A-03-SCN025-03-07,Telecom,VPN Compromise,Command and Control,T1071,Attack
A-03-SCN025-03-08,Telecom,VPN Compromise,Command and Control,T1071,Attack
A-03-SCN025-03-09,Telecom,VPN Compromise,Command and Control,T1071,Attack
A-03-SCN025-04-00,Telecom,VPN Compromise,Reconnaissance,T1087,Attack
A-03-SCN025-04-01,Telecom,VPN Compromise,Initial Access,T1190,Attack
A-03-SCN025-04-02,Telecom,VPN Compromise,Execution,T1059,Attack
A-03-SCN025-04-03,Telecom,VPN Compromise,Persistence,T1053,Attack
A-03-SCN025-04-04,Telecom,VPN Compromise,Privilege Escalation,T1068,Attack
A-03-SCN025-04-05,Telecom,VPN Compromise,Discovery,T1046,Attack
A-03-SCN025-04-06,Telecom,VPN Compromise,Lateral Movement,T1021,Attack
A-03-SCN025-04-07,Telecom,VPN Compromise,Command and Control,T1071,Attack
A-03-SCN025-04-08,Telecom,VPN Compromise,Command and Control,T1071,Attack
A-03-SCN025-04-09,Telecom,VPN Compromise,Command and Control,T1071,Attack
A-03-SCN026-01-00,Telecom,Botnet Activity,Reconnaissance,T1053,Attack
A-03-SCN026-01-01,Telecom,Botnet Activity,Initial Access,T1190,Attack
A-03-SCN026-01-02,Telecom,Botnet Activity,Execution,T1059,Attack
A-03-SCN026-01-03,Telecom,Botnet Activity,Persistence,T1053,Attack
A-03-SCN026-01-04,Telecom,Botnet Activity,Privilege Escalation,T1068,Attack
A-03-SCN026-01-05,Telecom,Botnet Activity,Discovery,T1087,Attack
A-03-SCN026-01-06,Telecom,Botnet Activity,Lateral Movement,T1021,Attack
A-03-SCN026-01-07,Telecom,Botnet Activity,Command and Control,T1071,Attack
A-03-SCN026-01-08,Telecom,Botnet Activity,Command and Control,T1071,Attack
A-03-SCN026-01-09,Telecom,Botnet Activity,Command and Control,T1071,Attack
A-03-SCN026-02-00,Telecom,Botnet Activity,Reconnaissance,T1005,Attack
A-03-SCN026-02-01,Telecom,Botnet Activity,Initial Access,T1078,Attack
A-03-SCN026-02-02,Telecom,Botnet Activity,Execution,T1059,Attack
A-03-SCN026-02-03,Telecom,Botnet Activity,Persistence,T1053,Attack
A-03-SCN026-02-04,Telecom,Botnet Activity,Privilege Escalation,T1068,Attack
A-03-SCN026-02-05,Telecom,Botnet Activity,Discovery,T1046,Attack
A-03-SCN026-02-06,Telecom,Botnet Activity,Lateral Movement,T1021,Attack
A-03-SCN026-02-07,Telecom,Botnet Activity,Command and Control,T1071,Attack
A-03-SCN026-02-08,Telecom,Botnet Activity,Command and Control,T1071,Attack
A-03-SCN026-02-09,Telecom,Botnet Activity,Command and Control,T1071,Attack
A-03-SCN026-03-00,Telecom,Botnet Activity,Reconnaissance,T1486,Attack
A-03-SCN026-03-01,Telecom,Botnet Activity,Initial Access,T1078,Attack
A-03-SCN026-03-02,Telecom,Botnet Activity,Execution,T1059,Attack
A-03-SCN026-03-03,Telecom,Botnet Activity,Persistence,T1053,Attack
A-03-SCN026-03-04,Telecom,Botnet Activity,Privilege Escalation,T1068,Attack
A-03-SCN026-03-05,Telecom,Botnet Activity,Discovery,T1046,Attack
A-03-SCN026-03-06,Telecom,Botnet Activity,Lateral Movement,T1021,Attack
A-03-SCN026-03-07,Telecom,Botnet Activity,Command and Control,T1071,Attack
A-03-SCN026-03-08,Telecom,Botnet Activity,Command and Control,T1071,Attack
A-03-SCN026-03-09,Telecom,Botnet Activity,Command and Control,T1071,Attack
A-03-SCN026-04-00,Telecom,Botnet Activity,Reconnaissance,T1190,Attack
A-03-SCN026-04-01,Telecom,Botnet Activity,Initial Access,T1190,Attack
A-03-SCN026-04-02,Telecom,Botnet Activity,Execution,T1059,Attack
A-03-SCN026-04-03,Telecom,Botnet Activity,Persistence,T1053,Attack
A-03-SCN026-04-04,Telecom,Botnet Activity,Privilege Escalation,T1068,Attack
A-03-SCN026-04-05,Telecom,Botnet Activity,Discovery,T1087,Attack
A-03-SCN026-04-06,Telecom,Botnet Activity,Lateral Movement,T1021,Attack
A-03-SCN026-04-07,Telecom,Botnet Activity,Command and Control,T1071,Attack
A-03-SCN026-04-08,Telecom,Botnet Activity,Command and Control,T1071,Attack
A-03-SCN026-04-09,Telecom,Botnet Activity,Command and Control,T1071,Attack
A-03-SCN027-01-00,Telecom,Credential Compromise,Reconnaissance,T1087,Attack
A-03-SCN027-01-01,Telecom,Credential Compromise,Initial Access,T1190,Attack
A-03-SCN027-01-02,Telecom,Credential Compromise,Credential Access,T1110,Attack
A-03-SCN027-01-03,Telecom,Credential Compromise,Discovery,T1087,Attack
A-03-SCN027-01-04,Telecom,Credential Compromise,Lateral Movement,T1021,Attack
A-03-SCN027-01-05,Telecom,Credential Compromise,Collection,T1005,Attack
A-03-SCN027-01-06,Telecom,Credential Compromise,Collection,T1005,Attack
A-03-SCN027-01-07,Telecom,Credential Compromise,Collection,T1005,Attack
A-03-SCN027-01-08,Telecom,Credential Compromise,Collection,T1005,Attack
A-03-SCN027-01-09,Telecom,Credential Compromise,Collection,T1005,Attack
A-03-SCN027-02-00,Telecom,Credential Compromise,Reconnaissance,T1110,Attack
A-03-SCN027-02-01,Telecom,Credential Compromise,Initial Access,T1190,Attack
A-03-SCN027-02-02,Telecom,Credential Compromise,Credential Access,T1110,Attack
A-03-SCN027-02-03,Telecom,Credential Compromise,Discovery,T1046,Attack
A-03-SCN027-02-04,Telecom,Credential Compromise,Lateral Movement,T1021,Attack
A-03-SCN027-02-05,Telecom,Credential Compromise,Collection,T1005,Attack
A-03-SCN027-02-06,Telecom,Credential Compromise,Collection,T1005,Attack
A-03-SCN027-02-07,Telecom,Credential Compromise,Collection,T1005,Attack
A-03-SCN027-02-08,Telecom,Credential Compromise,Collection,T1005,Attack
A-03-SCN027-02-09,Telecom,Credential Compromise,Collection,T1005,Attack
A-03-SCN027-03-00,Telecom,Credential Compromise,Reconnaissance,T1087,Attack
A-03-SCN027-03-01,Telecom,Credential Compromise,Initial Access,T1190,Attack
A-03-SCN027-03-02,Telecom,Credential Compromise,Credential Access,T1110,Attack
A-03-SCN027-03-03,Telecom,Credential Compromise,Discovery,T1087,Attack
A-03-SCN027-03-04,Telecom,Credential Compromise,Lateral Movement,T1021,Attack
A-03-SCN027-03-05,Telecom,Credential Compromise,Collection,T1005,Attack
A-03-SCN027-03-06,Telecom,Credential Compromise,Collection,T1005,Attack
A-03-SCN027-03-07,Telecom,Credential Compromise,Collection,T1005,Attack
A-03-SCN027-03-08,Telecom,Credential Compromise,Collection,T1005,Attack
A-03-SCN027-03-09,Telecom,Credential Compromise,Collection,T1005,Attack
A-03-SCN027-04-00,Telecom,Credential Compromise,Reconnaissance,T1046,Attack
A-03-SCN027-04-01,Telecom,Credential Compromise,Initial Access,T1190,Attack
A-03-SCN027-04-02,Telecom,Credential Compromise,Credential Access,T1110,Attack
A-03-SCN027-04-03,Telecom,Credential Compromise,Discovery,T1046,Attack
A-03-SCN027-04-04,Telecom,Credential Compromise,Lateral Movement,T1021,Attack
A-03-SCN027-04-05,Telecom,Credential Compromise,Collection,T1005,Attack
A-03-SCN027-04-06,Telecom,Credential Compromise,Collection,T1005,Attack
A-03-SCN027-04-07,Telecom,Credential Compromise,Collection,T1005,Attack
A-03-SCN027-04-08,Telecom,Credential Compromise,Collection,T1005,Attack
A-03-SCN027-04-09,Telecom,Credential Compromise,Collection,T1005,Attack
A-03-SCN028-01-00,Telecom,Lateral Movement,Reconnaissance,T1498,Attack
A-03-SCN028-01-01,Telecom,Lateral Movement,Initial Access,T1078,Attack
A-03-SCN028-01-02,Telecom,Lateral Movement,Execution,T1059,Attack
A-03-SCN028-01-03,Telecom,Lateral Movement,Persistence,T1053,Attack
A-03-SCN028-01-04,Telecom,Lateral Movement,Privilege Escalation,T1068,Attack
A-03-SCN028-01-05,Telecom,Lateral Movement,Discovery,T1046,Attack
A-03-SCN028-01-06,Telecom,Lateral Movement,Lateral Movement,T1021,Attack
A-03-SCN028-01-07,Telecom,Lateral Movement,Command and Control,T1071,Attack
A-03-SCN028-01-08,Telecom,Lateral Movement,Command and Control,T1071,Attack
A-03-SCN028-01-09,Telecom,Lateral Movement,Command and Control,T1071,Attack
A-03-SCN028-02-00,Telecom,Lateral Movement,Reconnaissance,T1087,Attack
A-03-SCN028-02-01,Telecom,Lateral Movement,Initial Access,T1078,Attack
A-03-SCN028-02-02,Telecom,Lateral Movement,Execution,T1059,Attack
A-03-SCN028-02-03,Telecom,Lateral Movement,Persistence,T1053,Attack
A-03-SCN028-02-04,Telecom,Lateral Movement,Privilege Escalation,T1068,Attack
A-03-SCN028-02-05,Telecom,Lateral Movement,Discovery,T1087,Attack
A-03-SCN028-02-06,Telecom,Lateral Movement,Lateral Movement,T1021,Attack
A-03-SCN028-02-07,Telecom,Lateral Movement,Command and Control,T1071,Attack
A-03-SCN028-02-08,Telecom,Lateral Movement,Command and Control,T1071,Attack
A-03-SCN028-02-09,Telecom,Lateral Movement,Command and Control,T1071,Attack
A-03-SCN028-03-00,Telecom,Lateral Movement,Reconnaissance,T1046,Attack
A-03-SCN028-03-01,Telecom,Lateral Movement,Initial Access,T1078,Attack
A-03-SCN028-03-02,Telecom,Lateral Movement,Execution,T1059,Attack
A-03-SCN028-03-03,Telecom,Lateral Movement,Persistence,T1053,Attack
A-03-SCN028-03-04,Telecom,Lateral Movement,Privilege Escalation,T1068,Attack
A-03-SCN028-03-05,Telecom,Lateral Movement,Discovery,T1087,Attack
A-03-SCN028-03-06,Telecom,Lateral Movement,Lateral Movement,T1021,Attack
A-03-SCN028-03-07,Telecom,Lateral Movement,Command and Control,T1071,Attack
A-03-SCN028-03-08,Telecom,Lateral Movement,Command and Control,T1071,Attack
A-03-SCN028-03-09,Telecom,Lateral Movement,Command and Control,T1071,Attack
A-03-SCN028-04-00,Telecom,Lateral Movement,Reconnaissance,T1190,Attack
A-03-SCN028-04-01,Telecom,Lateral Movement,Initial Access,T1078,Attack
A-03-SCN028-04-02,Telecom,Lateral Movement,Execution,T1059,Attack
A-03-SCN028-04-03,Telecom,Lateral Movement,Persistence,T1053,Attack
A-03-SCN028-04-04,Telecom,Lateral Movement,Privilege Escalation,T1068,Attack
A-03-SCN028-04-05,Telecom,Lateral Movement,Discovery,T1046,Attack
A-03-SCN028-04-06,Telecom,Lateral Movement,Lateral Movement,T1021,Attack
A-03-SCN028-04-07,Telecom,Lateral Movement,Command and Control,T1071,Attack
A-03-SCN028-04-08,Telecom,Lateral Movement,Command and Control,T1071,Attack
A-03-SCN028-04-09,Telecom,Lateral Movement,Command and Control,T1071,Attack
A-03-SCN029-01-00,Telecom,API Abuse,Reconnaissance,T1046,Attack
A-03-SCN029-01-01,Telecom,API Abuse,Initial Access,T1078,Attack
A-03-SCN029-01-02,Telecom,API Abuse,Execution,T1059,Attack
A-03-SCN029-01-03,Telecom,API Abuse,Persistence,T1053,Attack
A-03-SCN029-01-04,Telecom,API Abuse,Privilege Escalation,T1068,Attack
A-03-SCN029-01-05,Telecom,API Abuse,Discovery,T1087,Attack
A-03-SCN029-01-06,Telecom,API Abuse,Lateral Movement,T1021,Attack
A-03-SCN029-01-07,Telecom,API Abuse,Command and Control,T1071,Attack
A-03-SCN029-01-08,Telecom,API Abuse,Command and Control,T1071,Attack
A-03-SCN029-01-09,Telecom,API Abuse,Command and Control,T1071,Attack
A-03-SCN029-02-00,Telecom,API Abuse,Reconnaissance,T1486,Attack
A-03-SCN029-02-01,Telecom,API Abuse,Initial Access,T1190,Attack
A-03-SCN029-02-02,Telecom,API Abuse,Execution,T1059,Attack
A-03-SCN029-02-03,Telecom,API Abuse,Persistence,T1053,Attack
A-03-SCN029-02-04,Telecom,API Abuse,Privilege Escalation,T1068,Attack
A-03-SCN029-02-05,Telecom,API Abuse,Discovery,T1046,Attack
A-03-SCN029-02-06,Telecom,API Abuse,Lateral Movement,T1021,Attack
A-03-SCN029-02-07,Telecom,API Abuse,Command and Control,T1071,Attack
A-03-SCN029-02-08,Telecom,API Abuse,Command and Control,T1071,Attack
A-03-SCN029-02-09,Telecom,API Abuse,Command and Control,T1071,Attack
A-03-SCN029-03-00,Telecom,API Abuse,Reconnaissance,T1190,Attack
A-03-SCN029-03-01,Telecom,API Abuse,Initial Access,T1078,Attack
A-03-SCN029-03-02,Telecom,API Abuse,Execution,T1059,Attack
A-03-SCN029-03-03,Telecom,API Abuse,Persistence,T1053,Attack
A-03-SCN029-03-04,Telecom,API Abuse,Privilege Escalation,T1068,Attack
A-03-SCN029-03-05,Telecom,API Abuse,Discovery,T1087,Attack
A-03-SCN029-03-06,Telecom,API Abuse,Lateral Movement,T1021,Attack
A-03-SCN029-03-07,Telecom,API Abuse,Command and Control,T1071,Attack
A-03-SCN029-03-08,Telecom,API Abuse,Command and Control,T1071,Attack
A-03-SCN029-03-09,Telecom,API Abuse,Command and Control,T1071,Attack
A-03-SCN029-04-00,Telecom,API Abuse,Reconnaissance,T1053,Attack
A-03-SCN029-04-01,Telecom,API Abuse,Initial Access,T1190,Attack
A-03-SCN029-04-02,Telecom,API Abuse,Execution,T1059,Attack
A-03-SCN029-04-03,Telecom,API Abuse,Persistence,T1053,Attack
A-03-SCN029-04-04,Telecom,API Abuse,Privilege Escalation,T1068,Attack
A-03-SCN029-04-05,Telecom,API Abuse,Discovery,T1087,Attack
A-03-SCN029-04-06,Telecom,API Abuse,Lateral Movement,T1021,Attack
A-03-SCN029-04-07,Telecom,API Abuse,Command and Control,T1071,Attack
A-03-SCN029-04-08,Telecom,API Abuse,Command and Control,T1071,Attack
A-03-SCN029-04-09,Telecom,API Abuse,Command and Control,T1071,Attack
A-03-SCN030-01-00,Telecom,Command and Control,Reconnaissance,T1005,Attack
A-03-SCN030-01-01,Telecom,Command and Control,Initial Access,T1078,Attack
A-03-SCN030-01-02,Telecom,Command and Control,Execution,T1059,Attack
A-03-SCN030-01-03,Telecom,Command and Control,Persistence,T1053,Attack
A-03-SCN030-01-04,Telecom,Command and Control,Privilege Escalation,T1068,Attack
A-03-SCN030-01-05,Telecom,Command and Control,Discovery,T1046,Attack
A-03-SCN030-01-06,Telecom,Command and Control,Lateral Movement,T1021,Attack
A-03-SCN030-01-07,Telecom,Command and Control,Command and Control,T1071,Attack
A-03-SCN030-01-08,Telecom,Command and Control,Command and Control,T1071,Attack
A-03-SCN030-01-09,Telecom,Command and Control,Command and Control,T1071,Attack
A-03-SCN030-02-00,Telecom,Command and Control,Reconnaissance,T1078,Attack
A-03-SCN030-02-01,Telecom,Command and Control,Initial Access,T1190,Attack
A-03-SCN030-02-02,Telecom,Command and Control,Execution,T1059,Attack
A-03-SCN030-02-03,Telecom,Command and Control,Persistence,T1053,Attack
A-03-SCN030-02-04,Telecom,Command and Control,Privilege Escalation,T1068,Attack
A-03-SCN030-02-05,Telecom,Command and Control,Discovery,T1046,Attack
A-03-SCN030-02-06,Telecom,Command and Control,Lateral Movement,T1021,Attack
A-03-SCN030-02-07,Telecom,Command and Control,Command and Control,T1071,Attack
A-03-SCN030-02-08,Telecom,Command and Control,Command and Control,T1071,Attack
A-03-SCN030-02-09,Telecom,Command and Control,Command and Control,T1071,Attack
A-03-SCN030-03-00,Telecom,Command and Control,Reconnaissance,T1005,Attack
A-03-SCN030-03-01,Telecom,Command and Control,Initial Access,T1078,Attack
A-03-SCN030-03-02,Telecom,Command and Control,Execution,T1059,Attack
A-03-SCN030-03-03,Telecom,Command and Control,Persistence,T1053,Attack
A-03-SCN030-03-04,Telecom,Command and Control,Privilege Escalation,T1068,Attack
A-03-SCN030-03-05,Telecom,Command and Control,Discovery,T1087,Attack
A-03-SCN030-03-06,Telecom,Command and Control,Lateral Movement,T1021,Attack
A-03-SCN030-03-07,Telecom,Command and Control,Command and Control,T1071,Attack
A-03-SCN030-03-08,Telecom,Command and Control,Command and Control,T1071,Attack
A-03-SCN030-03-09,Telecom,Command and Control,Command and Control,T1071,Attack
A-03-SCN030-04-00,Telecom,Command and Control,Reconnaissance,T1068,Attack
A-03-SCN030-04-01,Telecom,Command and Control,Initial Access,T1078,Attack
A-03-SCN030-04-02,Telecom,Command and Control,Execution,T1059,Attack
A-03-SCN030-04-03,Telecom,Command and Control,Persistence,T1053,Attack
A-03-SCN030-04-04,Telecom,Command and Control,Privilege Escalation,T1068,Attack
A-03-SCN030-04-05,Telecom,Command and Control,Discovery,T1087,Attack
A-03-SCN030-04-06,Telecom,Command and Control,Lateral Movement,T1021,Attack
A-03-SCN030-04-07,Telecom,Command and Control,Command and Control,T1071,Attack
A-03-SCN030-04-08,Telecom,Command and Control,Command and Control,T1071,Attack
A-03-SCN030-04-09,Telecom,Command and Control,Command and Control,T1071,Attack
N-04-00000,Railways,Normal,Normal,None,Normal
N-04-00001,Railways,Normal,Normal,None,Normal
N-04-00002,Railways,Normal,Normal,None,Normal
N-04-00003,Railways,Normal,Normal,None,Normal
N-04-00004,Railways,Normal,Normal,None,Normal
N-04-00005,Railways,Normal,Normal,None,Normal
N-04-00006,Railways,Normal,Normal,None,Normal
N-04-00007,Railways,Normal,Normal,None,Normal
N-04-00008,Railways,Normal,Normal,None,Normal
N-04-00009,Railways,Normal,Normal,None,Normal
N-04-00010,Railways,Normal,Normal,None,Normal
N-04-00011,Railways,Normal,Normal,None,Normal
N-04-00012,Railways,Normal,Normal,None,Normal
N-04-00013,Railways,Normal,Normal,None,Normal
N-04-00014,Railways,Normal,Normal,None,Normal
N-04-00015,Railways,Normal,Normal,None,Normal
N-04-00016,Railways,Normal,Normal,None,Normal
N-04-00017,Railways,Normal,Normal,None,Normal
N-04-00018,Railways,Normal,Normal,None,Normal
N-04-00019,Railways,Normal,Normal,None,Normal
N-04-00020,Railways,Normal,Normal,None,Normal
N-04-00021,Railways,Normal,Normal,None,Normal
N-04-00022,Railways,Normal,Normal,None,Normal
N-04-00023,Railways,Normal,Normal,None,Normal
N-04-00024,Railways,Normal,Normal,None,Normal
N-04-00025,Railways,Normal,Normal,None,Normal
N-04-00026,Railways,Normal,Normal,None,Normal
N-04-00027,Railways,Normal,Normal,None,Normal
N-04-00028,Railways,Normal,Normal,None,Normal
N-04-00029,Railways,Normal,Normal,None,Normal
N-04-00030,Railways,Normal,Normal,None,Normal
N-04-00031,Railways,Normal,Normal,None,Normal
N-04-00032,Railways,Normal,Normal,None,Normal
N-04-00033,Railways,Normal,Normal,None,Normal
N-04-00034,Railways,Normal,Normal,None,Normal
N-04-00035,Railways,Normal,Normal,None,Normal
N-04-00036,Railways,Normal,Normal,None,Normal
N-04-00037,Railways,Normal,Normal,None,Normal
N-04-00038,Railways,Normal,Normal,None,Normal
N-04-00039,Railways,Normal,Normal,None,Normal
N-04-00040,Railways,Normal,Normal,None,Normal
N-04-00041,Railways,Normal,Normal,None,Normal
N-04-00042,Railways,Normal,Normal,None,Normal
N-04-00043,Railways,Normal,Normal,None,Normal
N-04-00044,Railways,Normal,Normal,None,Normal
N-04-00045,Railways,Normal,Normal,None,Normal
N-04-00046,Railways,Normal,Normal,None,Normal
N-04-00047,Railways,Normal,Normal,None,Normal
N-04-00048,Railways,Normal,Normal,None,Normal
N-04-00049,Railways,Normal,Normal,None,Normal
N-04-00050,Railways,Normal,Normal,None,Normal
N-04-00051,Railways,Normal,Normal,None,Normal
N-04-00052,Railways,Normal,Normal,None,Normal
N-04-00053,Railways,Normal,Normal,None,Normal
N-04-00054,Railways,Normal,Normal,None,Normal
N-04-00055,Railways,Normal,Normal,None,Normal
N-04-00056,Railways,Normal,Normal,None,Normal
N-04-00057,Railways,Normal,Normal,None,Normal
N-04-00058,Railways,Normal,Normal,None,Normal
N-04-00059,Railways,Normal,Normal,None,Normal
N-04-00060,Railways,Normal,Normal,None,Normal
N-04-00061,Railways,Normal,Normal,None,Normal
N-04-00062,Railways,Normal,Normal,None,Normal
N-04-00063,Railways,Normal,Normal,None,Normal
N-04-00064,Railways,Normal,Normal,None,Normal
N-04-00065,Railways,Normal,Normal,None,Normal
N-04-00066,Railways,Normal,Normal,None,Normal
N-04-00067,Railways,Normal,Normal,None,Normal
N-04-00068,Railways,Normal,Normal,None,Normal
N-04-00069,Railways,Normal,Normal,None,Normal
N-04-00070,Railways,Normal,Normal,None,Normal
N-04-00071,Railways,Normal,Normal,None,Normal
N-04-00072,Railways,Normal,Normal,None,Normal
N-04-00073,Railways,Normal,Normal,None,Normal
N-04-00074,Railways,Normal,Normal,None,Normal
N-04-00075,Railways,Normal,Normal,None,Normal
N-04-00076,Railways,Normal,Normal,None,Normal
N-04-00077,Railways,Normal,Normal,None,Normal
N-04-00078,Railways,Normal,Normal,None,Normal
N-04-00079,Railways,Normal,Normal,None,Normal
N-04-00080,Railways,Normal,Normal,None,Normal
N-04-00081,Railways,Normal,Normal,None,Normal
N-04-00082,Railways,Normal,Normal,None,Normal
N-04-00083,Railways,Normal,Normal,None,Normal
N-04-00084,Railways,Normal,Normal,None,Normal
N-04-00085,Railways,Normal,Normal,None,Normal
N-04-00086,Railways,Normal,Normal,None,Normal
N-04-00087,Railways,Normal,Normal,None,Normal
N-04-00088,Railways,Normal,Normal,None,Normal
N-04-00089,Railways,Normal,Normal,None,Normal
N-04-00090,Railways,Normal,Normal,None,Normal
N-04-00091,Railways,Normal,Normal,None,Normal
N-04-00092,Railways,Normal,Normal,None,Normal
N-04-00093,Railways,Normal,Normal,None,Normal
N-04-00094,Railways,Normal,Normal,None,Normal
N-04-00095,Railways,Normal,Normal,None,Normal
N-04-00096,Railways,Normal,Normal,None,Normal
N-04-00097,Railways,Normal,Normal,None,Normal
N-04-00098,Railways,Normal,Normal,None,Normal
N-04-00099,Railways,Normal,Normal,None,Normal
N-04-00100,Railways,Normal,Normal,None,Normal
N-04-00101,Railways,Normal,Normal,None,Normal
N-04-00102,Railways,Normal,Normal,None,Normal
N-04-00103,Railways,Normal,Normal,None,Normal
N-04-00104,Railways,Normal,Normal,None,Normal
N-04-00105,Railways,Normal,Normal,None,Normal
N-04-00106,Railways,Normal,Normal,None,Normal
N-04-00107,Railways,Normal,Normal,None,Normal
N-04-00108,Railways,Normal,Normal,None,Normal
N-04-00109,Railways,Normal,Normal,None,Normal
N-04-00110,Railways,Normal,Normal,None,Normal
N-04-00111,Railways,Normal,Normal,None,Normal
N-04-00112,Railways,Normal,Normal,None,Normal
N-04-00113,Railways,Normal,Normal,None,Normal
N-04-00114,Railways,Normal,Normal,None,Normal
N-04-00115,Railways,Normal,Normal,None,Normal
N-04-00116,Railways,Normal,Normal,None,Normal
N-04-00117,Railways,Normal,Normal,None,Normal
N-04-00118,Railways,Normal,Normal,None,Normal
N-04-00119,Railways,Normal,Normal,None,Normal
N-04-00120,Railways,Normal,Normal,None,Normal
N-04-00121,Railways,Normal,Normal,None,Normal
N-04-00122,Railways,Normal,Normal,None,Normal
N-04-00123,Railways,Normal,Normal,None,Normal
N-04-00124,Railways,Normal,Normal,None,Normal
N-04-00125,Railways,Normal,Normal,None,Normal
N-04-00126,Railways,Normal,Normal,None,Normal
N-04-00127,Railways,Normal,Normal,None,Normal
N-04-00128,Railways,Normal,Normal,None,Normal
N-04-00129,Railways,Normal,Normal,None,Normal
N-04-00130,Railways,Normal,Normal,None,Normal
N-04-00131,Railways,Normal,Normal,None,Normal
N-04-00132,Railways,Normal,Normal,None,Normal
N-04-00133,Railways,Normal,Normal,None,Normal
N-04-00134,Railways,Normal,Normal,None,Normal
N-04-00135,Railways,Normal,Normal,None,Normal
N-04-00136,Railways,Normal,Normal,None,Normal
N-04-00137,Railways,Normal,Normal,None,Normal
N-04-00138,Railways,Normal,Normal,None,Normal
N-04-00139,Railways,Normal,Normal,None,Normal
N-04-00140,Railways,Normal,Normal,None,Normal
N-04-00141,Railways,Normal,Normal,None,Normal
N-04-00142,Railways,Normal,Normal,None,Normal
N-04-00143,Railways,Normal,Normal,None,Normal
N-04-00144,Railways,Normal,Normal,None,Normal
N-04-00145,Railways,Normal,Normal,None,Normal
N-04-00146,Railways,Normal,Normal,None,Normal
N-04-00147,Railways,Normal,Normal,None,Normal
N-04-00148,Railways,Normal,Normal,None,Normal
N-04-00149,Railways,Normal,Normal,None,Normal
N-04-00150,Railways,Normal,Normal,None,Normal
N-04-00151,Railways,Normal,Normal,None,Normal
N-04-00152,Railways,Normal,Normal,None,Normal
N-04-00153,Railways,Normal,Normal,None,Normal
N-04-00154,Railways,Normal,Normal,None,Normal
N-04-00155,Railways,Normal,Normal,None,Normal
N-04-00156,Railways,Normal,Normal,None,Normal
N-04-00157,Railways,Normal,Normal,None,Normal
N-04-00158,Railways,Normal,Normal,None,Normal
N-04-00159,Railways,Normal,Normal,None,Normal
N-04-00160,Railways,Normal,Normal,None,Normal
N-04-00161,Railways,Normal,Normal,None,Normal
N-04-00162,Railways,Normal,Normal,None,Normal
N-04-00163,Railways,Normal,Normal,None,Normal
N-04-00164,Railways,Normal,Normal,None,Normal
N-04-00165,Railways,Normal,Normal,None,Normal
N-04-00166,Railways,Normal,Normal,None,Normal
N-04-00167,Railways,Normal,Normal,None,Normal
N-04-00168,Railways,Normal,Normal,None,Normal
N-04-00169,Railways,Normal,Normal,None,Normal
N-04-00170,Railways,Normal,Normal,None,Normal
N-04-00171,Railways,Normal,Normal,None,Normal
N-04-00172,Railways,Normal,Normal,None,Normal
N-04-00173,Railways,Normal,Normal,None,Normal
N-04-00174,Railways,Normal,Normal,None,Normal
N-04-00175,Railways,Normal,Normal,None,Normal
N-04-00176,Railways,Normal,Normal,None,Normal
N-04-00177,Railways,Normal,Normal,None,Normal
N-04-00178,Railways,Normal,Normal,None,Normal
N-04-00179,Railways,Normal,Normal,None,Normal
N-04-00180,Railways,Normal,Normal,None,Normal
N-04-00181,Railways,Normal,Normal,None,Normal
N-04-00182,Railways,Normal,Normal,None,Normal
N-04-00183,Railways,Normal,Normal,None,Normal
N-04-00184,Railways,Normal,Normal,None,Normal
N-04-00185,Railways,Normal,Normal,None,Normal
N-04-00186,Railways,Normal,Normal,None,Normal
N-04-00187,Railways,Normal,Normal,None,Normal
N-04-00188,Railways,Normal,Normal,None,Normal
N-04-00189,Railways,Normal,Normal,None,Normal
N-04-00190,Railways,Normal,Normal,None,Normal
N-04-00191,Railways,Normal,Normal,None,Normal
N-04-00192,Railways,Normal,Normal,None,Normal
N-04-00193,Railways,Normal,Normal,None,Normal
N-04-00194,Railways,Normal,Normal,None,Normal
N-04-00195,Railways,Normal,Normal,None,Normal
N-04-00196,Railways,Normal,Normal,None,Normal
N-04-00197,Railways,Normal,Normal,None,Normal
N-04-00198,Railways,Normal,Normal,None,Normal
N-04-00199,Railways,Normal,Normal,None,Normal
N-04-00200,Railways,Normal,Normal,None,Normal
N-04-00201,Railways,Normal,Normal,None,Normal
N-04-00202,Railways,Normal,Normal,None,Normal
N-04-00203,Railways,Normal,Normal,None,Normal
N-04-00204,Railways,Normal,Normal,None,Normal
N-04-00205,Railways,Normal,Normal,None,Normal
N-04-00206,Railways,Normal,Normal,None,Normal
N-04-00207,Railways,Normal,Normal,None,Normal
N-04-00208,Railways,Normal,Normal,None,Normal
N-04-00209,Railways,Normal,Normal,None,Normal
N-04-00210,Railways,Normal,Normal,None,Normal
N-04-00211,Railways,Normal,Normal,None,Normal
N-04-00212,Railways,Normal,Normal,None,Normal
N-04-00213,Railways,Normal,Normal,None,Normal
N-04-00214,Railways,Normal,Normal,None,Normal
N-04-00215,Railways,Normal,Normal,None,Normal
N-04-00216,Railways,Normal,Normal,None,Normal
N-04-00217,Railways,Normal,Normal,None,Normal
N-04-00218,Railways,Normal,Normal,None,Normal
N-04-00219,Railways,Normal,Normal,None,Normal
N-04-00220,Railways,Normal,Normal,None,Normal
N-04-00221,Railways,Normal,Normal,None,Normal
N-04-00222,Railways,Normal,Normal,None,Normal
N-04-00223,Railways,Normal,Normal,None,Normal
N-04-00224,Railways,Normal,Normal,None,Normal
N-04-00225,Railways,Normal,Normal,None,Normal
N-04-00226,Railways,Normal,Normal,None,Normal
N-04-00227,Railways,Normal,Normal,None,Normal
N-04-00228,Railways,Normal,Normal,None,Normal
N-04-00229,Railways,Normal,Normal,None,Normal
N-04-00230,Railways,Normal,Normal,None,Normal
N-04-00231,Railways,Normal,Normal,None,Normal
N-04-00232,Railways,Normal,Normal,None,Normal
N-04-00233,Railways,Normal,Normal,None,Normal
N-04-00234,Railways,Normal,Normal,None,Normal
N-04-00235,Railways,Normal,Normal,None,Normal
N-04-00236,Railways,Normal,Normal,None,Normal
N-04-00237,Railways,Normal,Normal,None,Normal
N-04-00238,Railways,Normal,Normal,None,Normal
N-04-00239,Railways,Normal,Normal,None,Normal
N-04-00240,Railways,Normal,Normal,None,Normal
N-04-00241,Railways,Normal,Normal,None,Normal
N-04-00242,Railways,Normal,Normal,None,Normal
N-04-00243,Railways,Normal,Normal,None,Normal
N-04-00244,Railways,Normal,Normal,None,Normal
N-04-00245,Railways,Normal,Normal,None,Normal
N-04-00246,Railways,Normal,Normal,None,Normal
N-04-00247,Railways,Normal,Normal,None,Normal
N-04-00248,Railways,Normal,Normal,None,Normal
N-04-00249,Railways,Normal,Normal,None,Normal
N-04-00250,Railways,Normal,Normal,None,Normal
N-04-00251,Railways,Normal,Normal,None,Normal
N-04-00252,Railways,Normal,Normal,None,Normal
N-04-00253,Railways,Normal,Normal,None,Normal
N-04-00254,Railways,Normal,Normal,None,Normal
N-04-00255,Railways,Normal,Normal,None,Normal
N-04-00256,Railways,Normal,Normal,None,Normal
N-04-00257,Railways,Normal,Normal,None,Normal
N-04-00258,Railways,Normal,Normal,None,Normal
N-04-00259,Railways,Normal,Normal,None,Normal
N-04-00260,Railways,Normal,Normal,None,Normal
N-04-00261,Railways,Normal,Normal,None,Normal
N-04-00262,Railways,Normal,Normal,None,Normal
N-04-00263,Railways,Normal,Normal,None,Normal
N-04-00264,Railways,Normal,Normal,None,Normal
N-04-00265,Railways,Normal,Normal,None,Normal
N-04-00266,Railways,Normal,Normal,None,Normal
N-04-00267,Railways,Normal,Normal,None,Normal
N-04-00268,Railways,Normal,Normal,None,Normal
N-04-00269,Railways,Normal,Normal,None,Normal
N-04-00270,Railways,Normal,Normal,None,Normal
N-04-00271,Railways,Normal,Normal,None,Normal
N-04-00272,Railways,Normal,Normal,None,Normal
N-04-00273,Railways,Normal,Normal,None,Normal
N-04-00274,Railways,Normal,Normal,None,Normal
N-04-00275,Railways,Normal,Normal,None,Normal
N-04-00276,Railways,Normal,Normal,None,Normal
N-04-00277,Railways,Normal,Normal,None,Normal
N-04-00278,Railways,Normal,Normal,None,Normal
N-04-00279,Railways,Normal,Normal,None,Normal
N-04-00280,Railways,Normal,Normal,None,Normal
N-04-00281,Railways,Normal,Normal,None,Normal
N-04-00282,Railways,Normal,Normal,None,Normal
N-04-00283,Railways,Normal,Normal,None,Normal
N-04-00284,Railways,Normal,Normal,None,Normal
N-04-00285,Railways,Normal,Normal,None,Normal
N-04-00286,Railways,Normal,Normal,None,Normal
N-04-00287,Railways,Normal,Normal,None,Normal
N-04-00288,Railways,Normal,Normal,None,Normal
N-04-00289,Railways,Normal,Normal,None,Normal
N-04-00290,Railways,Normal,Normal,None,Normal
N-04-00291,Railways,Normal,Normal,None,Normal
N-04-00292,Railways,Normal,Normal,None,Normal
N-04-00293,Railways,Normal,Normal,None,Normal
N-04-00294,Railways,Normal,Normal,None,Normal
N-04-00295,Railways,Normal,Normal,None,Normal
N-04-00296,Railways,Normal,Normal,None,Normal
N-04-00297,Railways,Normal,Normal,None,Normal
N-04-00298,Railways,Normal,Normal,None,Normal
N-04-00299,Railways,Normal,Normal,None,Normal
N-04-00300,Railways,Normal,Normal,None,Normal
N-04-00301,Railways,Normal,Normal,None,Normal
N-04-00302,Railways,Normal,Normal,None,Normal
N-04-00303,Railways,Normal,Normal,None,Normal
N-04-00304,Railways,Normal,Normal,None,Normal
N-04-00305,Railways,Normal,Normal,None,Normal
N-04-00306,Railways,Normal,Normal,None,Normal
N-04-00307,Railways,Normal,Normal,None,Normal
N-04-00308,Railways,Normal,Normal,None,Normal
N-04-00309,Railways,Normal,Normal,None,Normal
N-04-00310,Railways,Normal,Normal,None,Normal
N-04-00311,Railways,Normal,Normal,None,Normal
N-04-00312,Railways,Normal,Normal,None,Normal
N-04-00313,Railways,Normal,Normal,None,Normal
N-04-00314,Railways,Normal,Normal,None,Normal
N-04-00315,Railways,Normal,Normal,None,Normal
N-04-00316,Railways,Normal,Normal,None,Normal
N-04-00317,Railways,Normal,Normal,None,Normal
N-04-00318,Railways,Normal,Normal,None,Normal
N-04-00319,Railways,Normal,Normal,None,Normal
N-04-00320,Railways,Normal,Normal,None,Normal
N-04-00321,Railways,Normal,Normal,None,Normal
N-04-00322,Railways,Normal,Normal,None,Normal
N-04-00323,Railways,Normal,Normal,None,Normal
N-04-00324,Railways,Normal,Normal,None,Normal
N-04-00325,Railways,Normal,Normal,None,Normal
N-04-00326,Railways,Normal,Normal,None,Normal
N-04-00327,Railways,Normal,Normal,None,Normal
N-04-00328,Railways,Normal,Normal,None,Normal
N-04-00329,Railways,Normal,Normal,None,Normal
N-04-00330,Railways,Normal,Normal,None,Normal
N-04-00331,Railways,Normal,Normal,None,Normal
N-04-00332,Railways,Normal,Normal,None,Normal
N-04-00333,Railways,Normal,Normal,None,Normal
N-04-00334,Railways,Normal,Normal,None,Normal
N-04-00335,Railways,Normal,Normal,None,Normal
N-04-00336,Railways,Normal,Normal,None,Normal
N-04-00337,Railways,Normal,Normal,None,Normal
N-04-00338,Railways,Normal,Normal,None,Normal
N-04-00339,Railways,Normal,Normal,None,Normal
N-04-00340,Railways,Normal,Normal,None,Normal
N-04-00341,Railways,Normal,Normal,None,Normal
N-04-00342,Railways,Normal,Normal,None,Normal
N-04-00343,Railways,Normal,Normal,None,Normal
N-04-00344,Railways,Normal,Normal,None,Normal
N-04-00345,Railways,Normal,Normal,None,Normal
N-04-00346,Railways,Normal,Normal,None,Normal
N-04-00347,Railways,Normal,Normal,None,Normal
N-04-00348,Railways,Normal,Normal,None,Normal
N-04-00349,Railways,Normal,Normal,None,Normal
N-04-00350,Railways,Normal,Normal,None,Normal
N-04-00351,Railways,Normal,Normal,None,Normal
N-04-00352,Railways,Normal,Normal,None,Normal
N-04-00353,Railways,Normal,Normal,None,Normal
N-04-00354,Railways,Normal,Normal,None,Normal
N-04-00355,Railways,Normal,Normal,None,Normal
N-04-00356,Railways,Normal,Normal,None,Normal
N-04-00357,Railways,Normal,Normal,None,Normal
N-04-00358,Railways,Normal,Normal,None,Normal
N-04-00359,Railways,Normal,Normal,None,Normal
N-04-00360,Railways,Normal,Normal,None,Normal
N-04-00361,Railways,Normal,Normal,None,Normal
N-04-00362,Railways,Normal,Normal,None,Normal
N-04-00363,Railways,Normal,Normal,None,Normal
N-04-00364,Railways,Normal,Normal,None,Normal
N-04-00365,Railways,Normal,Normal,None,Normal
N-04-00366,Railways,Normal,Normal,None,Normal
N-04-00367,Railways,Normal,Normal,None,Normal
N-04-00368,Railways,Normal,Normal,None,Normal
N-04-00369,Railways,Normal,Normal,None,Normal
N-04-00370,Railways,Normal,Normal,None,Normal
N-04-00371,Railways,Normal,Normal,None,Normal
N-04-00372,Railways,Normal,Normal,None,Normal
N-04-00373,Railways,Normal,Normal,None,Normal
N-04-00374,Railways,Normal,Normal,None,Normal
N-04-00375,Railways,Normal,Normal,None,Normal
N-04-00376,Railways,Normal,Normal,None,Normal
N-04-00377,Railways,Normal,Normal,None,Normal
N-04-00378,Railways,Normal,Normal,None,Normal
N-04-00379,Railways,Normal,Normal,None,Normal
N-04-00380,Railways,Normal,Normal,None,Normal
N-04-00381,Railways,Normal,Normal,None,Normal
N-04-00382,Railways,Normal,Normal,None,Normal
N-04-00383,Railways,Normal,Normal,None,Normal
N-04-00384,Railways,Normal,Normal,None,Normal
N-04-00385,Railways,Normal,Normal,None,Normal
N-04-00386,Railways,Normal,Normal,None,Normal
N-04-00387,Railways,Normal,Normal,None,Normal
N-04-00388,Railways,Normal,Normal,None,Normal
N-04-00389,Railways,Normal,Normal,None,Normal
N-04-00390,Railways,Normal,Normal,None,Normal
N-04-00391,Railways,Normal,Normal,None,Normal
N-04-00392,Railways,Normal,Normal,None,Normal
N-04-00393,Railways,Normal,Normal,None,Normal
N-04-00394,Railways,Normal,Normal,None,Normal
N-04-00395,Railways,Normal,Normal,None,Normal
N-04-00396,Railways,Normal,Normal,None,Normal
N-04-00397,Railways,Normal,Normal,None,Normal
N-04-00398,Railways,Normal,Normal,None,Normal
N-04-00399,Railways,Normal,Normal,None,Normal
N-04-00400,Railways,Normal,Normal,None,Normal
N-04-00401,Railways,Normal,Normal,None,Normal
N-04-00402,Railways,Normal,Normal,None,Normal
N-04-00403,Railways,Normal,Normal,None,Normal
N-04-00404,Railways,Normal,Normal,None,Normal
N-04-00405,Railways,Normal,Normal,None,Normal
N-04-00406,Railways,Normal,Normal,None,Normal
N-04-00407,Railways,Normal,Normal,None,Normal
N-04-00408,Railways,Normal,Normal,None,Normal
N-04-00409,Railways,Normal,Normal,None,Normal
N-04-00410,Railways,Normal,Normal,None,Normal
N-04-00411,Railways,Normal,Normal,None,Normal
N-04-00412,Railways,Normal,Normal,None,Normal
N-04-00413,Railways,Normal,Normal,None,Normal
N-04-00414,Railways,Normal,Normal,None,Normal
N-04-00415,Railways,Normal,Normal,None,Normal
N-04-00416,Railways,Normal,Normal,None,Normal
N-04-00417,Railways,Normal,Normal,None,Normal
N-04-00418,Railways,Normal,Normal,None,Normal
N-04-00419,Railways,Normal,Normal,None,Normal
N-04-00420,Railways,Normal,Normal,None,Normal
N-04-00421,Railways,Normal,Normal,None,Normal
N-04-00422,Railways,Normal,Normal,None,Normal
N-04-00423,Railways,Normal,Normal,None,Normal
N-04-00424,Railways,Normal,Normal,None,Normal
N-04-00425,Railways,Normal,Normal,None,Normal
N-04-00426,Railways,Normal,Normal,None,Normal
N-04-00427,Railways,Normal,Normal,None,Normal
N-04-00428,Railways,Normal,Normal,None,Normal
N-04-00429,Railways,Normal,Normal,None,Normal
N-04-00430,Railways,Normal,Normal,None,Normal
N-04-00431,Railways,Normal,Normal,None,Normal
N-04-00432,Railways,Normal,Normal,None,Normal
N-04-00433,Railways,Normal,Normal,None,Normal
N-04-00434,Railways,Normal,Normal,None,Normal
N-04-00435,Railways,Normal,Normal,None,Normal
N-04-00436,Railways,Normal,Normal,None,Normal
N-04-00437,Railways,Normal,Normal,None,Normal
N-04-00438,Railways,Normal,Normal,None,Normal
N-04-00439,Railways,Normal,Normal,None,Normal
N-04-00440,Railways,Normal,Normal,None,Normal
N-04-00441,Railways,Normal,Normal,None,Normal
N-04-00442,Railways,Normal,Normal,None,Normal
N-04-00443,Railways,Normal,Normal,None,Normal
N-04-00444,Railways,Normal,Normal,None,Normal
N-04-00445,Railways,Normal,Normal,None,Normal
N-04-00446,Railways,Normal,Normal,None,Normal
N-04-00447,Railways,Normal,Normal,None,Normal
N-04-00448,Railways,Normal,Normal,None,Normal
N-04-00449,Railways,Normal,Normal,None,Normal
N-04-00450,Railways,Normal,Normal,None,Normal
N-04-00451,Railways,Normal,Normal,None,Normal
N-04-00452,Railways,Normal,Normal,None,Normal
N-04-00453,Railways,Normal,Normal,None,Normal
N-04-00454,Railways,Normal,Normal,None,Normal
N-04-00455,Railways,Normal,Normal,None,Normal
N-04-00456,Railways,Normal,Normal,None,Normal
N-04-00457,Railways,Normal,Normal,None,Normal
N-04-00458,Railways,Normal,Normal,None,Normal
N-04-00459,Railways,Normal,Normal,None,Normal
N-04-00460,Railways,Normal,Normal,None,Normal
N-04-00461,Railways,Normal,Normal,None,Normal
N-04-00462,Railways,Normal,Normal,None,Normal
N-04-00463,Railways,Normal,Normal,None,Normal
N-04-00464,Railways,Normal,Normal,None,Normal
N-04-00465,Railways,Normal,Normal,None,Normal
N-04-00466,Railways,Normal,Normal,None,Normal
N-04-00467,Railways,Normal,Normal,None,Normal
N-04-00468,Railways,Normal,Normal,None,Normal
N-04-00469,Railways,Normal,Normal,None,Normal
N-04-00470,Railways,Normal,Normal,None,Normal
N-04-00471,Railways,Normal,Normal,None,Normal
N-04-00472,Railways,Normal,Normal,None,Normal
N-04-00473,Railways,Normal,Normal,None,Normal
N-04-00474,Railways,Normal,Normal,None,Normal
N-04-00475,Railways,Normal,Normal,None,Normal
N-04-00476,Railways,Normal,Normal,None,Normal
N-04-00477,Railways,Normal,Normal,None,Normal
N-04-00478,Railways,Normal,Normal,None,Normal
N-04-00479,Railways,Normal,Normal,None,Normal
N-04-00480,Railways,Normal,Normal,None,Normal
N-04-00481,Railways,Normal,Normal,None,Normal
N-04-00482,Railways,Normal,Normal,None,Normal
N-04-00483,Railways,Normal,Normal,None,Normal
N-04-00484,Railways,Normal,Normal,None,Normal
N-04-00485,Railways,Normal,Normal,None,Normal
N-04-00486,Railways,Normal,Normal,None,Normal
N-04-00487,Railways,Normal,Normal,None,Normal
N-04-00488,Railways,Normal,Normal,None,Normal
N-04-00489,Railways,Normal,Normal,None,Normal
N-04-00490,Railways,Normal,Normal,None,Normal
N-04-00491,Railways,Normal,Normal,None,Normal
N-04-00492,Railways,Normal,Normal,None,Normal
N-04-00493,Railways,Normal,Normal,None,Normal
N-04-00494,Railways,Normal,Normal,None,Normal
N-04-00495,Railways,Normal,Normal,None,Normal
N-04-00496,Railways,Normal,Normal,None,Normal
N-04-00497,Railways,Normal,Normal,None,Normal
N-04-00498,Railways,Normal,Normal,None,Normal
N-04-00499,Railways,Normal,Normal,None,Normal
N-04-00500,Railways,Normal,Normal,None,Normal
N-04-00501,Railways,Normal,Normal,None,Normal
N-04-00502,Railways,Normal,Normal,None,Normal
N-04-00503,Railways,Normal,Normal,None,Normal
N-04-00504,Railways,Normal,Normal,None,Normal
N-04-00505,Railways,Normal,Normal,None,Normal
N-04-00506,Railways,Normal,Normal,None,Normal
N-04-00507,Railways,Normal,Normal,None,Normal
N-04-00508,Railways,Normal,Normal,None,Normal
N-04-00509,Railways,Normal,Normal,None,Normal
N-04-00510,Railways,Normal,Normal,None,Normal
N-04-00511,Railways,Normal,Normal,None,Normal
N-04-00512,Railways,Normal,Normal,None,Normal
N-04-00513,Railways,Normal,Normal,None,Normal
N-04-00514,Railways,Normal,Normal,None,Normal
N-04-00515,Railways,Normal,Normal,None,Normal
N-04-00516,Railways,Normal,Normal,None,Normal
N-04-00517,Railways,Normal,Normal,None,Normal
N-04-00518,Railways,Normal,Normal,None,Normal
N-04-00519,Railways,Normal,Normal,None,Normal
N-04-00520,Railways,Normal,Normal,None,Normal
N-04-00521,Railways,Normal,Normal,None,Normal
N-04-00522,Railways,Normal,Normal,None,Normal
N-04-00523,Railways,Normal,Normal,None,Normal
N-04-00524,Railways,Normal,Normal,None,Normal
N-04-00525,Railways,Normal,Normal,None,Normal
N-04-00526,Railways,Normal,Normal,None,Normal
N-04-00527,Railways,Normal,Normal,None,Normal
N-04-00528,Railways,Normal,Normal,None,Normal
N-04-00529,Railways,Normal,Normal,None,Normal
N-04-00530,Railways,Normal,Normal,None,Normal
N-04-00531,Railways,Normal,Normal,None,Normal
N-04-00532,Railways,Normal,Normal,None,Normal
N-04-00533,Railways,Normal,Normal,None,Normal
N-04-00534,Railways,Normal,Normal,None,Normal
N-04-00535,Railways,Normal,Normal,None,Normal
N-04-00536,Railways,Normal,Normal,None,Normal
N-04-00537,Railways,Normal,Normal,None,Normal
N-04-00538,Railways,Normal,Normal,None,Normal
N-04-00539,Railways,Normal,Normal,None,Normal
N-04-00540,Railways,Normal,Normal,None,Normal
N-04-00541,Railways,Normal,Normal,None,Normal
N-04-00542,Railways,Normal,Normal,None,Normal
N-04-00543,Railways,Normal,Normal,None,Normal
N-04-00544,Railways,Normal,Normal,None,Normal
N-04-00545,Railways,Normal,Normal,None,Normal
N-04-00546,Railways,Normal,Normal,None,Normal
N-04-00547,Railways,Normal,Normal,None,Normal
N-04-00548,Railways,Normal,Normal,None,Normal
N-04-00549,Railways,Normal,Normal,None,Normal
N-04-00550,Railways,Normal,Normal,None,Normal
N-04-00551,Railways,Normal,Normal,None,Normal
N-04-00552,Railways,Normal,Normal,None,Normal
N-04-00553,Railways,Normal,Normal,None,Normal
N-04-00554,Railways,Normal,Normal,None,Normal
N-04-00555,Railways,Normal,Normal,None,Normal
N-04-00556,Railways,Normal,Normal,None,Normal
N-04-00557,Railways,Normal,Normal,None,Normal
N-04-00558,Railways,Normal,Normal,None,Normal
N-04-00559,Railways,Normal,Normal,None,Normal
N-04-00560,Railways,Normal,Normal,None,Normal
N-04-00561,Railways,Normal,Normal,None,Normal
N-04-00562,Railways,Normal,Normal,None,Normal
N-04-00563,Railways,Normal,Normal,None,Normal
N-04-00564,Railways,Normal,Normal,None,Normal
N-04-00565,Railways,Normal,Normal,None,Normal
N-04-00566,Railways,Normal,Normal,None,Normal
N-04-00567,Railways,Normal,Normal,None,Normal
N-04-00568,Railways,Normal,Normal,None,Normal
N-04-00569,Railways,Normal,Normal,None,Normal
N-04-00570,Railways,Normal,Normal,None,Normal
N-04-00571,Railways,Normal,Normal,None,Normal
N-04-00572,Railways,Normal,Normal,None,Normal
N-04-00573,Railways,Normal,Normal,None,Normal
N-04-00574,Railways,Normal,Normal,None,Normal
N-04-00575,Railways,Normal,Normal,None,Normal
N-04-00576,Railways,Normal,Normal,None,Normal
N-04-00577,Railways,Normal,Normal,None,Normal
N-04-00578,Railways,Normal,Normal,None,Normal
N-04-00579,Railways,Normal,Normal,None,Normal
N-04-00580,Railways,Normal,Normal,None,Normal
N-04-00581,Railways,Normal,Normal,None,Normal
N-04-00582,Railways,Normal,Normal,None,Normal
N-04-00583,Railways,Normal,Normal,None,Normal
N-04-00584,Railways,Normal,Normal,None,Normal
N-04-00585,Railways,Normal,Normal,None,Normal
N-04-00586,Railways,Normal,Normal,None,Normal
N-04-00587,Railways,Normal,Normal,None,Normal
N-04-00588,Railways,Normal,Normal,None,Normal
N-04-00589,Railways,Normal,Normal,None,Normal
N-04-00590,Railways,Normal,Normal,None,Normal
N-04-00591,Railways,Normal,Normal,None,Normal
N-04-00592,Railways,Normal,Normal,None,Normal
N-04-00593,Railways,Normal,Normal,None,Normal
N-04-00594,Railways,Normal,Normal,None,Normal
N-04-00595,Railways,Normal,Normal,None,Normal
N-04-00596,Railways,Normal,Normal,None,Normal
N-04-00597,Railways,Normal,Normal,None,Normal
N-04-00598,Railways,Normal,Normal,None,Normal
N-04-00599,Railways,Normal,Normal,None,Normal
A-04-SCN031-01-00,Railways,Ticketing DDoS,Reconnaissance,T1041,Attack
A-04-SCN031-01-01,Railways,Ticketing DDoS,Initial Access,T1190,Attack
A-04-SCN031-01-02,Railways,Ticketing DDoS,Execution,T1059,Attack
A-04-SCN031-01-03,Railways,Ticketing DDoS,Discovery,T1046,Attack
A-04-SCN031-01-04,Railways,Ticketing DDoS,Lateral Movement,T1021,Attack
A-04-SCN031-01-05,Railways,Ticketing DDoS,Impact,T1486,Attack
A-04-SCN031-01-06,Railways,Ticketing DDoS,Impact,T1486,Attack
A-04-SCN031-01-07,Railways,Ticketing DDoS,Impact,T1498,Attack
A-04-SCN031-01-08,Railways,Ticketing DDoS,Impact,T1486,Attack
A-04-SCN031-01-09,Railways,Ticketing DDoS,Impact,T1498,Attack
A-04-SCN031-02-00,Railways,Ticketing DDoS,Reconnaissance,T1498,Attack
A-04-SCN031-02-01,Railways,Ticketing DDoS,Initial Access,T1078,Attack
A-04-SCN031-02-02,Railways,Ticketing DDoS,Execution,T1059,Attack
A-04-SCN031-02-03,Railways,Ticketing DDoS,Discovery,T1046,Attack
A-04-SCN031-02-04,Railways,Ticketing DDoS,Lateral Movement,T1021,Attack
A-04-SCN031-02-05,Railways,Ticketing DDoS,Impact,T1498,Attack
A-04-SCN031-02-06,Railways,Ticketing DDoS,Impact,T1486,Attack
A-04-SCN031-02-07,Railways,Ticketing DDoS,Impact,T1498,Attack
A-04-SCN031-02-08,Railways,Ticketing DDoS,Impact,T1486,Attack
A-04-SCN031-02-09,Railways,Ticketing DDoS,Impact,T1486,Attack
A-04-SCN031-03-00,Railways,Ticketing DDoS,Reconnaissance,T1053,Attack
A-04-SCN031-03-01,Railways,Ticketing DDoS,Initial Access,T1078,Attack
A-04-SCN031-03-02,Railways,Ticketing DDoS,Execution,T1059,Attack
A-04-SCN031-03-03,Railways,Ticketing DDoS,Discovery,T1087,Attack
A-04-SCN031-03-04,Railways,Ticketing DDoS,Lateral Movement,T1021,Attack
A-04-SCN031-03-05,Railways,Ticketing DDoS,Impact,T1486,Attack
A-04-SCN031-03-06,Railways,Ticketing DDoS,Impact,T1486,Attack
A-04-SCN031-03-07,Railways,Ticketing DDoS,Impact,T1486,Attack
A-04-SCN031-03-08,Railways,Ticketing DDoS,Impact,T1486,Attack
A-04-SCN031-03-09,Railways,Ticketing DDoS,Impact,T1486,Attack
A-04-SCN031-04-00,Railways,Ticketing DDoS,Reconnaissance,T1087,Attack
A-04-SCN031-04-01,Railways,Ticketing DDoS,Initial Access,T1190,Attack
A-04-SCN031-04-02,Railways,Ticketing DDoS,Execution,T1059,Attack
A-04-SCN031-04-03,Railways,Ticketing DDoS,Discovery,T1046,Attack
A-04-SCN031-04-04,Railways,Ticketing DDoS,Lateral Movement,T1021,Attack
A-04-SCN031-04-05,Railways,Ticketing DDoS,Impact,T1486,Attack
A-04-SCN031-04-06,Railways,Ticketing DDoS,Impact,T1486,Attack
A-04-SCN031-04-07,Railways,Ticketing DDoS,Impact,T1486,Attack
A-04-SCN031-04-08,Railways,Ticketing DDoS,Impact,T1498,Attack
A-04-SCN031-04-09,Railways,Ticketing DDoS,Impact,T1486,Attack
A-04-SCN032-01-00,Railways,Ransomware,Reconnaissance,T1110,Attack
A-04-SCN032-01-01,Railways,Ransomware,Initial Access,T1078,Attack
A-04-SCN032-01-02,Railways,Ransomware,Execution,T1059,Attack
A-04-SCN032-01-03,Railways,Ransomware,Discovery,T1087,Attack
A-04-SCN032-01-04,Railways,Ransomware,Lateral Movement,T1021,Attack
A-04-SCN032-01-05,Railways,Ransomware,Impact,T1486,Attack
A-04-SCN032-01-06,Railways,Ransomware,Impact,T1498,Attack
A-04-SCN032-01-07,Railways,Ransomware,Impact,T1486,Attack
A-04-SCN032-01-08,Railways,Ransomware,Impact,T1486,Attack
A-04-SCN032-01-09,Railways,Ransomware,Impact,T1486,Attack
A-04-SCN032-02-00,Railways,Ransomware,Reconnaissance,T1068,Attack
A-04-SCN032-02-01,Railways,Ransomware,Initial Access,T1190,Attack
A-04-SCN032-02-02,Railways,Ransomware,Execution,T1059,Attack
A-04-SCN032-02-03,Railways,Ransomware,Discovery,T1046,Attack
A-04-SCN032-02-04,Railways,Ransomware,Lateral Movement,T1021,Attack
A-04-SCN032-02-05,Railways,Ransomware,Impact,T1498,Attack
A-04-SCN032-02-06,Railways,Ransomware,Impact,T1498,Attack
A-04-SCN032-02-07,Railways,Ransomware,Impact,T1498,Attack
A-04-SCN032-02-08,Railways,Ransomware,Impact,T1486,Attack
A-04-SCN032-02-09,Railways,Ransomware,Impact,T1486,Attack
A-04-SCN032-03-00,Railways,Ransomware,Reconnaissance,T1021,Attack
A-04-SCN032-03-01,Railways,Ransomware,Initial Access,T1190,Attack
A-04-SCN032-03-02,Railways,Ransomware,Execution,T1059,Attack
A-04-SCN032-03-03,Railways,Ransomware,Discovery,T1046,Attack
A-04-SCN032-03-04,Railways,Ransomware,Lateral Movement,T1021,Attack
A-04-SCN032-03-05,Railways,Ransomware,Impact,T1486,Attack
A-04-SCN032-03-06,Railways,Ransomware,Impact,T1486,Attack
A-04-SCN032-03-07,Railways,Ransomware,Impact,T1486,Attack
A-04-SCN032-03-08,Railways,Ransomware,Impact,T1486,Attack
A-04-SCN032-03-09,Railways,Ransomware,Impact,T1486,Attack
A-04-SCN032-04-00,Railways,Ransomware,Reconnaissance,T1046,Attack
A-04-SCN032-04-01,Railways,Ransomware,Initial Access,T1190,Attack
A-04-SCN032-04-02,Railways,Ransomware,Execution,T1059,Attack
A-04-SCN032-04-03,Railways,Ransomware,Discovery,T1046,Attack
A-04-SCN032-04-04,Railways,Ransomware,Lateral Movement,T1021,Attack
A-04-SCN032-04-05,Railways,Ransomware,Impact,T1498,Attack
A-04-SCN032-04-06,Railways,Ransomware,Impact,T1498,Attack
A-04-SCN032-04-07,Railways,Ransomware,Impact,T1498,Attack
A-04-SCN032-04-08,Railways,Ransomware,Impact,T1498,Attack
A-04-SCN032-04-09,Railways,Ransomware,Impact,T1486,Attack
A-04-SCN033-01-00,Railways,Credential Theft,Reconnaissance,T1498,Attack
A-04-SCN033-01-01,Railways,Credential Theft,Initial Access,T1078,Attack
A-04-SCN033-01-02,Railways,Credential Theft,Credential Access,T1110,Attack
A-04-SCN033-01-03,Railways,Credential Theft,Discovery,T1087,Attack
A-04-SCN033-01-04,Railways,Credential Theft,Lateral Movement,T1021,Attack
A-04-SCN033-01-05,Railways,Credential Theft,Collection,T1005,Attack
A-04-SCN033-01-06,Railways,Credential Theft,Collection,T1005,Attack
A-04-SCN033-01-07,Railways,Credential Theft,Collection,T1005,Attack
A-04-SCN033-01-08,Railways,Credential Theft,Collection,T1005,Attack
A-04-SCN033-01-09,Railways,Credential Theft,Collection,T1005,Attack
A-04-SCN033-02-00,Railways,Credential Theft,Reconnaissance,T1486,Attack
A-04-SCN033-02-01,Railways,Credential Theft,Initial Access,T1190,Attack
A-04-SCN033-02-02,Railways,Credential Theft,Credential Access,T1110,Attack
A-04-SCN033-02-03,Railways,Credential Theft,Discovery,T1087,Attack
A-04-SCN033-02-04,Railways,Credential Theft,Lateral Movement,T1021,Attack
A-04-SCN033-02-05,Railways,Credential Theft,Collection,T1005,Attack
A-04-SCN033-02-06,Railways,Credential Theft,Collection,T1005,Attack
A-04-SCN033-02-07,Railways,Credential Theft,Collection,T1005,Attack
A-04-SCN033-02-08,Railways,Credential Theft,Collection,T1005,Attack
A-04-SCN033-02-09,Railways,Credential Theft,Collection,T1005,Attack
A-04-SCN033-03-00,Railways,Credential Theft,Reconnaissance,T1486,Attack
A-04-SCN033-03-01,Railways,Credential Theft,Initial Access,T1190,Attack
A-04-SCN033-03-02,Railways,Credential Theft,Credential Access,T1110,Attack
A-04-SCN033-03-03,Railways,Credential Theft,Discovery,T1046,Attack
A-04-SCN033-03-04,Railways,Credential Theft,Lateral Movement,T1021,Attack
A-04-SCN033-03-05,Railways,Credential Theft,Collection,T1005,Attack
A-04-SCN033-03-06,Railways,Credential Theft,Collection,T1005,Attack
A-04-SCN033-03-07,Railways,Credential Theft,Collection,T1005,Attack
A-04-SCN033-03-08,Railways,Credential Theft,Collection,T1005,Attack
A-04-SCN033-03-09,Railways,Credential Theft,Collection,T1005,Attack
A-04-SCN033-04-00,Railways,Credential Theft,Reconnaissance,T1078,Attack
A-04-SCN033-04-01,Railways,Credential Theft,Initial Access,T1190,Attack
A-04-SCN033-04-02,Railways,Credential Theft,Credential Access,T1110,Attack
A-04-SCN033-04-03,Railways,Credential Theft,Discovery,T1087,Attack
A-04-SCN033-04-04,Railways,Credential Theft,Lateral Movement,T1021,Attack
A-04-SCN033-04-05,Railways,Credential Theft,Collection,T1005,Attack
A-04-SCN033-04-06,Railways,Credential Theft,Collection,T1005,Attack
A-04-SCN033-04-07,Railways,Credential Theft,Collection,T1005,Attack
A-04-SCN033-04-08,Railways,Credential Theft,Collection,T1005,Attack
A-04-SCN033-04-09,Railways,Credential Theft,Collection,T1005,Attack
A-04-SCN034-01-00,Railways,Lateral Movement,Reconnaissance,T1068,Attack
A-04-SCN034-01-01,Railways,Lateral Movement,Initial Access,T1078,Attack
A-04-SCN034-01-02,Railways,Lateral Movement,Execution,T1059,Attack
A-04-SCN034-01-03,Railways,Lateral Movement,Persistence,T1053,Attack
A-04-SCN034-01-04,Railways,Lateral Movement,Privilege Escalation,T1068,Attack
A-04-SCN034-01-05,Railways,Lateral Movement,Discovery,T1046,Attack
A-04-SCN034-01-06,Railways,Lateral Movement,Lateral Movement,T1021,Attack
A-04-SCN034-01-07,Railways,Lateral Movement,Command and Control,T1071,Attack
A-04-SCN034-01-08,Railways,Lateral Movement,Command and Control,T1071,Attack
A-04-SCN034-01-09,Railways,Lateral Movement,Command and Control,T1071,Attack
A-04-SCN034-02-00,Railways,Lateral Movement,Reconnaissance,T1053,Attack
A-04-SCN034-02-01,Railways,Lateral Movement,Initial Access,T1190,Attack
A-04-SCN034-02-02,Railways,Lateral Movement,Execution,T1059,Attack
A-04-SCN034-02-03,Railways,Lateral Movement,Persistence,T1053,Attack
A-04-SCN034-02-04,Railways,Lateral Movement,Privilege Escalation,T1068,Attack
A-04-SCN034-02-05,Railways,Lateral Movement,Discovery,T1087,Attack
A-04-SCN034-02-06,Railways,Lateral Movement,Lateral Movement,T1021,Attack
A-04-SCN034-02-07,Railways,Lateral Movement,Command and Control,T1071,Attack
A-04-SCN034-02-08,Railways,Lateral Movement,Command and Control,T1071,Attack
A-04-SCN034-02-09,Railways,Lateral Movement,Command and Control,T1071,Attack
A-04-SCN034-03-00,Railways,Lateral Movement,Reconnaissance,T1053,Attack
A-04-SCN034-03-01,Railways,Lateral Movement,Initial Access,T1190,Attack
A-04-SCN034-03-02,Railways,Lateral Movement,Execution,T1059,Attack
A-04-SCN034-03-03,Railways,Lateral Movement,Persistence,T1053,Attack
A-04-SCN034-03-04,Railways,Lateral Movement,Privilege Escalation,T1068,Attack
A-04-SCN034-03-05,Railways,Lateral Movement,Discovery,T1046,Attack
A-04-SCN034-03-06,Railways,Lateral Movement,Lateral Movement,T1021,Attack
A-04-SCN034-03-07,Railways,Lateral Movement,Command and Control,T1071,Attack
A-04-SCN034-03-08,Railways,Lateral Movement,Command and Control,T1071,Attack
A-04-SCN034-03-09,Railways,Lateral Movement,Command and Control,T1071,Attack
A-04-SCN034-04-00,Railways,Lateral Movement,Reconnaissance,T1110,Attack
A-04-SCN034-04-01,Railways,Lateral Movement,Initial Access,T1078,Attack
A-04-SCN034-04-02,Railways,Lateral Movement,Execution,T1059,Attack
A-04-SCN034-04-03,Railways,Lateral Movement,Persistence,T1053,Attack
A-04-SCN034-04-04,Railways,Lateral Movement,Privilege Escalation,T1068,Attack
A-04-SCN034-04-05,Railways,Lateral Movement,Discovery,T1046,Attack
A-04-SCN034-04-06,Railways,Lateral Movement,Lateral Movement,T1021,Attack
A-04-SCN034-04-07,Railways,Lateral Movement,Command and Control,T1071,Attack
A-04-SCN034-04-08,Railways,Lateral Movement,Command and Control,T1071,Attack
A-04-SCN034-04-09,Railways,Lateral Movement,Command and Control,T1071,Attack
A-04-SCN035-01-00,Railways,Remote Access Abuse,Reconnaissance,T1078,Attack
A-04-SCN035-01-01,Railways,Remote Access Abuse,Initial Access,T1078,Attack
A-04-SCN035-01-02,Railways,Remote Access Abuse,Execution,T1059,Attack
A-04-SCN035-01-03,Railways,Remote Access Abuse,Persistence,T1053,Attack
A-04-SCN035-01-04,Railways,Remote Access Abuse,Privilege Escalation,T1068,Attack
A-04-SCN035-01-05,Railways,Remote Access Abuse,Discovery,T1087,Attack
A-04-SCN035-01-06,Railways,Remote Access Abuse,Lateral Movement,T1021,Attack
A-04-SCN035-01-07,Railways,Remote Access Abuse,Command and Control,T1071,Attack
A-04-SCN035-01-08,Railways,Remote Access Abuse,Command and Control,T1071,Attack
A-04-SCN035-01-09,Railways,Remote Access Abuse,Command and Control,T1071,Attack
A-04-SCN035-02-00,Railways,Remote Access Abuse,Reconnaissance,T1041,Attack
A-04-SCN035-02-01,Railways,Remote Access Abuse,Initial Access,T1190,Attack
A-04-SCN035-02-02,Railways,Remote Access Abuse,Execution,T1059,Attack
A-04-SCN035-02-03,Railways,Remote Access Abuse,Persistence,T1053,Attack
A-04-SCN035-02-04,Railways,Remote Access Abuse,Privilege Escalation,T1068,Attack
A-04-SCN035-02-05,Railways,Remote Access Abuse,Discovery,T1046,Attack
A-04-SCN035-02-06,Railways,Remote Access Abuse,Lateral Movement,T1021,Attack
A-04-SCN035-02-07,Railways,Remote Access Abuse,Command and Control,T1071,Attack
A-04-SCN035-02-08,Railways,Remote Access Abuse,Command and Control,T1071,Attack
A-04-SCN035-02-09,Railways,Remote Access Abuse,Command and Control,T1071,Attack
A-04-SCN035-03-00,Railways,Remote Access Abuse,Reconnaissance,T1110,Attack
A-04-SCN035-03-01,Railways,Remote Access Abuse,Initial Access,T1190,Attack
A-04-SCN035-03-02,Railways,Remote Access Abuse,Execution,T1059,Attack
A-04-SCN035-03-03,Railways,Remote Access Abuse,Persistence,T1053,Attack
A-04-SCN035-03-04,Railways,Remote Access Abuse,Privilege Escalation,T1068,Attack
A-04-SCN035-03-05,Railways,Remote Access Abuse,Discovery,T1046,Attack
A-04-SCN035-03-06,Railways,Remote Access Abuse,Lateral Movement,T1021,Attack
A-04-SCN035-03-07,Railways,Remote Access Abuse,Command and Control,T1071,Attack
A-04-SCN035-03-08,Railways,Remote Access Abuse,Command and Control,T1071,Attack
A-04-SCN035-03-09,Railways,Remote Access Abuse,Command and Control,T1071,Attack
A-04-SCN035-04-00,Railways,Remote Access Abuse,Reconnaissance,T1078,Attack
A-04-SCN035-04-01,Railways,Remote Access Abuse,Initial Access,T1190,Attack
A-04-SCN035-04-02,Railways,Remote Access Abuse,Execution,T1059,Attack
A-04-SCN035-04-03,Railways,Remote Access Abuse,Persistence,T1053,Attack
A-04-SCN035-04-04,Railways,Remote Access Abuse,Privilege Escalation,T1068,Attack
A-04-SCN035-04-05,Railways,Remote Access Abuse,Discovery,T1087,Attack
A-04-SCN035-04-06,Railways,Remote Access Abuse,Lateral Movement,T1021,Attack
A-04-SCN035-04-07,Railways,Remote Access Abuse,Command and Control,T1071,Attack
A-04-SCN035-04-08,Railways,Remote Access Abuse,Command and Control,T1071,Attack
A-04-SCN035-04-09,Railways,Remote Access Abuse,Command and Control,T1071,Attack
A-04-SCN036-01-00,Railways,Station System Compromise,Reconnaissance,T1087,Attack
A-04-SCN036-01-01,Railways,Station System Compromise,Initial Access,T1078,Attack
A-04-SCN036-01-02,Railways,Station System Compromise,Execution,T1059,Attack
A-04-SCN036-01-03,Railways,Station System Compromise,Persistence,T1053,Attack
A-04-SCN036-01-04,Railways,Station System Compromise,Privilege Escalation,T1068,Attack
A-04-SCN036-01-05,Railways,Station System Compromise,Discovery,T1046,Attack
A-04-SCN036-01-06,Railways,Station System Compromise,Lateral Movement,T1021,Attack
A-04-SCN036-01-07,Railways,Station System Compromise,Command and Control,T1071,Attack
A-04-SCN036-01-08,Railways,Station System Compromise,Command and Control,T1071,Attack
A-04-SCN036-01-09,Railways,Station System Compromise,Command and Control,T1071,Attack
A-04-SCN036-02-00,Railways,Station System Compromise,Reconnaissance,T1087,Attack
A-04-SCN036-02-01,Railways,Station System Compromise,Initial Access,T1190,Attack
A-04-SCN036-02-02,Railways,Station System Compromise,Execution,T1059,Attack
A-04-SCN036-02-03,Railways,Station System Compromise,Persistence,T1053,Attack
A-04-SCN036-02-04,Railways,Station System Compromise,Privilege Escalation,T1068,Attack
A-04-SCN036-02-05,Railways,Station System Compromise,Discovery,T1046,Attack
A-04-SCN036-02-06,Railways,Station System Compromise,Lateral Movement,T1021,Attack
A-04-SCN036-02-07,Railways,Station System Compromise,Command and Control,T1071,Attack
A-04-SCN036-02-08,Railways,Station System Compromise,Command and Control,T1071,Attack
A-04-SCN036-02-09,Railways,Station System Compromise,Command and Control,T1071,Attack
A-04-SCN036-03-00,Railways,Station System Compromise,Reconnaissance,T1068,Attack
A-04-SCN036-03-01,Railways,Station System Compromise,Initial Access,T1190,Attack
A-04-SCN036-03-02,Railways,Station System Compromise,Execution,T1059,Attack
A-04-SCN036-03-03,Railways,Station System Compromise,Persistence,T1053,Attack
A-04-SCN036-03-04,Railways,Station System Compromise,Privilege Escalation,T1068,Attack
A-04-SCN036-03-05,Railways,Station System Compromise,Discovery,T1046,Attack
A-04-SCN036-03-06,Railways,Station System Compromise,Lateral Movement,T1021,Attack
A-04-SCN036-03-07,Railways,Station System Compromise,Command and Control,T1071,Attack
A-04-SCN036-03-08,Railways,Station System Compromise,Command and Control,T1071,Attack
A-04-SCN036-03-09,Railways,Station System Compromise,Command and Control,T1071,Attack
A-04-SCN036-04-00,Railways,Station System Compromise,Reconnaissance,T1005,Attack
A-04-SCN036-04-01,Railways,Station System Compromise,Initial Access,T1078,Attack
A-04-SCN036-04-02,Railways,Station System Compromise,Execution,T1059,Attack
A-04-SCN036-04-03,Railways,Station System Compromise,Persistence,T1053,Attack
A-04-SCN036-04-04,Railways,Station System Compromise,Privilege Escalation,T1068,Attack
A-04-SCN036-04-05,Railways,Station System Compromise,Discovery,T1087,Attack
A-04-SCN036-04-06,Railways,Station System Compromise,Lateral Movement,T1021,Attack
A-04-SCN036-04-07,Railways,Station System Compromise,Command and Control,T1071,Attack
A-04-SCN036-04-08,Railways,Station System Compromise,Command and Control,T1071,Attack
A-04-SCN036-04-09,Railways,Station System Compromise,Command and Control,T1071,Attack
A-04-SCN037-01-00,Railways,Maintenance Workstation Compromise,Reconnaissance,T1498,Attack
A-04-SCN037-01-01,Railways,Maintenance Workstation Compromise,Initial Access,T1190,Attack
A-04-SCN037-01-02,Railways,Maintenance Workstation Compromise,Execution,T1059,Attack
A-04-SCN037-01-03,Railways,Maintenance Workstation Compromise,Persistence,T1053,Attack
A-04-SCN037-01-04,Railways,Maintenance Workstation Compromise,Privilege Escalation,T1068,Attack
A-04-SCN037-01-05,Railways,Maintenance Workstation Compromise,Discovery,T1046,Attack
A-04-SCN037-01-06,Railways,Maintenance Workstation Compromise,Lateral Movement,T1021,Attack
A-04-SCN037-01-07,Railways,Maintenance Workstation Compromise,Command and Control,T1071,Attack
A-04-SCN037-01-08,Railways,Maintenance Workstation Compromise,Command and Control,T1071,Attack
A-04-SCN037-01-09,Railways,Maintenance Workstation Compromise,Command and Control,T1071,Attack
A-04-SCN037-02-00,Railways,Maintenance Workstation Compromise,Reconnaissance,T1005,Attack
A-04-SCN037-02-01,Railways,Maintenance Workstation Compromise,Initial Access,T1190,Attack
A-04-SCN037-02-02,Railways,Maintenance Workstation Compromise,Execution,T1059,Attack
A-04-SCN037-02-03,Railways,Maintenance Workstation Compromise,Persistence,T1053,Attack
A-04-SCN037-02-04,Railways,Maintenance Workstation Compromise,Privilege Escalation,T1068,Attack
A-04-SCN037-02-05,Railways,Maintenance Workstation Compromise,Discovery,T1087,Attack
A-04-SCN037-02-06,Railways,Maintenance Workstation Compromise,Lateral Movement,T1021,Attack
A-04-SCN037-02-07,Railways,Maintenance Workstation Compromise,Command and Control,T1071,Attack
A-04-SCN037-02-08,Railways,Maintenance Workstation Compromise,Command and Control,T1071,Attack
A-04-SCN037-02-09,Railways,Maintenance Workstation Compromise,Command and Control,T1071,Attack
A-04-SCN037-03-00,Railways,Maintenance Workstation Compromise,Reconnaissance,T1053,Attack
A-04-SCN037-03-01,Railways,Maintenance Workstation Compromise,Initial Access,T1078,Attack
A-04-SCN037-03-02,Railways,Maintenance Workstation Compromise,Execution,T1059,Attack
A-04-SCN037-03-03,Railways,Maintenance Workstation Compromise,Persistence,T1053,Attack
A-04-SCN037-03-04,Railways,Maintenance Workstation Compromise,Privilege Escalation,T1068,Attack
A-04-SCN037-03-05,Railways,Maintenance Workstation Compromise,Discovery,T1046,Attack
A-04-SCN037-03-06,Railways,Maintenance Workstation Compromise,Lateral Movement,T1021,Attack
A-04-SCN037-03-07,Railways,Maintenance Workstation Compromise,Command and Control,T1071,Attack
A-04-SCN037-03-08,Railways,Maintenance Workstation Compromise,Command and Control,T1071,Attack
A-04-SCN037-03-09,Railways,Maintenance Workstation Compromise,Command and Control,T1071,Attack
A-04-SCN037-04-00,Railways,Maintenance Workstation Compromise,Reconnaissance,T1021,Attack
A-04-SCN037-04-01,Railways,Maintenance Workstation Compromise,Initial Access,T1078,Attack
A-04-SCN037-04-02,Railways,Maintenance Workstation Compromise,Execution,T1059,Attack
A-04-SCN037-04-03,Railways,Maintenance Workstation Compromise,Persistence,T1053,Attack
A-04-SCN037-04-04,Railways,Maintenance Workstation Compromise,Privilege Escalation,T1068,Attack
A-04-SCN037-04-05,Railways,Maintenance Workstation Compromise,Discovery,T1087,Attack
A-04-SCN037-04-06,Railways,Maintenance Workstation Compromise,Lateral Movement,T1021,Attack
A-04-SCN037-04-07,Railways,Maintenance Workstation Compromise,Command and Control,T1071,Attack
A-04-SCN037-04-08,Railways,Maintenance Workstation Compromise,Command and Control,T1071,Attack
A-04-SCN037-04-09,Railways,Maintenance Workstation Compromise,Command and Control,T1071,Attack
A-04-SCN038-01-00,Railways,Operational Network Recon,Reconnaissance,T1498,Attack
A-04-SCN038-01-01,Railways,Operational Network Recon,Discovery,T1046,Attack
A-04-SCN038-01-02,Railways,Operational Network Recon,Initial Access,T1190,Attack
A-04-SCN038-01-03,Railways,Operational Network Recon,Execution,T1059,Attack
A-04-SCN038-01-04,Railways,Operational Network Recon,Execution,T1059,Attack
A-04-SCN038-01-05,Railways,Operational Network Recon,Execution,T1059,Attack
A-04-SCN038-01-06,Railways,Operational Network Recon,Execution,T1059,Attack
A-04-SCN038-01-07,Railways,Operational Network Recon,Execution,T1059,Attack
A-04-SCN038-01-08,Railways,Operational Network Recon,Execution,T1059,Attack
A-04-SCN038-01-09,Railways,Operational Network Recon,Execution,T1059,Attack
A-04-SCN038-02-00,Railways,Operational Network Recon,Reconnaissance,T1071,Attack
A-04-SCN038-02-01,Railways,Operational Network Recon,Discovery,T1087,Attack
A-04-SCN038-02-02,Railways,Operational Network Recon,Initial Access,T1078,Attack
A-04-SCN038-02-03,Railways,Operational Network Recon,Execution,T1059,Attack
A-04-SCN038-02-04,Railways,Operational Network Recon,Execution,T1059,Attack
A-04-SCN038-02-05,Railways,Operational Network Recon,Execution,T1059,Attack
A-04-SCN038-02-06,Railways,Operational Network Recon,Execution,T1059,Attack
A-04-SCN038-02-07,Railways,Operational Network Recon,Execution,T1059,Attack
A-04-SCN038-02-08,Railways,Operational Network Recon,Execution,T1059,Attack
A-04-SCN038-02-09,Railways,Operational Network Recon,Execution,T1059,Attack
A-04-SCN038-03-00,Railways,Operational Network Recon,Reconnaissance,T1190,Attack
A-04-SCN038-03-01,Railways,Operational Network Recon,Discovery,T1046,Attack
A-04-SCN038-03-02,Railways,Operational Network Recon,Initial Access,T1078,Attack
A-04-SCN038-03-03,Railways,Operational Network Recon,Execution,T1059,Attack
A-04-SCN038-03-04,Railways,Operational Network Recon,Execution,T1059,Attack
A-04-SCN038-03-05,Railways,Operational Network Recon,Execution,T1059,Attack
A-04-SCN038-03-06,Railways,Operational Network Recon,Execution,T1059,Attack
A-04-SCN038-03-07,Railways,Operational Network Recon,Execution,T1059,Attack
A-04-SCN038-03-08,Railways,Operational Network Recon,Execution,T1059,Attack
A-04-SCN038-03-09,Railways,Operational Network Recon,Execution,T1059,Attack
A-04-SCN038-04-00,Railways,Operational Network Recon,Reconnaissance,T1078,Attack
A-04-SCN038-04-01,Railways,Operational Network Recon,Discovery,T1087,Attack
A-04-SCN038-04-02,Railways,Operational Network Recon,Initial Access,T1190,Attack
A-04-SCN038-04-03,Railways,Operational Network Recon,Execution,T1059,Attack
A-04-SCN038-04-04,Railways,Operational Network Recon,Execution,T1059,Attack
A-04-SCN038-04-05,Railways,Operational Network Recon,Execution,T1059,Attack
A-04-SCN038-04-06,Railways,Operational Network Recon,Execution,T1059,Attack
A-04-SCN038-04-07,Railways,Operational Network Recon,Execution,T1059,Attack
A-04-SCN038-04-08,Railways,Operational Network Recon,Execution,T1059,Attack
A-04-SCN038-04-09,Railways,Operational Network Recon,Execution,T1059,Attack
A-04-SCN039-01-00,Railways,Data Exfiltration,Reconnaissance,T1071,Attack
A-04-SCN039-01-01,Railways,Data Exfiltration,Initial Access,T1078,Attack
A-04-SCN039-01-02,Railways,Data Exfiltration,Credential Access,T1110,Attack
A-04-SCN039-01-03,Railways,Data Exfiltration,Discovery,T1046,Attack
A-04-SCN039-01-04,Railways,Data Exfiltration,Collection,T1005,Attack
A-04-SCN039-01-05,Railways,Data Exfiltration,Exfiltration,T1041,Attack
A-04-SCN039-01-06,Railways,Data Exfiltration,Exfiltration,T1041,Attack
A-04-SCN039-01-07,Railways,Data Exfiltration,Exfiltration,T1041,Attack
A-04-SCN039-01-08,Railways,Data Exfiltration,Exfiltration,T1041,Attack
A-04-SCN039-01-09,Railways,Data Exfiltration,Exfiltration,T1041,Attack
A-04-SCN039-02-00,Railways,Data Exfiltration,Reconnaissance,T1068,Attack
A-04-SCN039-02-01,Railways,Data Exfiltration,Initial Access,T1078,Attack
A-04-SCN039-02-02,Railways,Data Exfiltration,Credential Access,T1110,Attack
A-04-SCN039-02-03,Railways,Data Exfiltration,Discovery,T1046,Attack
A-04-SCN039-02-04,Railways,Data Exfiltration,Collection,T1005,Attack
A-04-SCN039-02-05,Railways,Data Exfiltration,Exfiltration,T1041,Attack
A-04-SCN039-02-06,Railways,Data Exfiltration,Exfiltration,T1041,Attack
A-04-SCN039-02-07,Railways,Data Exfiltration,Exfiltration,T1041,Attack
A-04-SCN039-02-08,Railways,Data Exfiltration,Exfiltration,T1041,Attack
A-04-SCN039-02-09,Railways,Data Exfiltration,Exfiltration,T1041,Attack
A-04-SCN039-03-00,Railways,Data Exfiltration,Reconnaissance,T1071,Attack
A-04-SCN039-03-01,Railways,Data Exfiltration,Initial Access,T1190,Attack
A-04-SCN039-03-02,Railways,Data Exfiltration,Credential Access,T1110,Attack
A-04-SCN039-03-03,Railways,Data Exfiltration,Discovery,T1087,Attack
A-04-SCN039-03-04,Railways,Data Exfiltration,Collection,T1005,Attack
A-04-SCN039-03-05,Railways,Data Exfiltration,Exfiltration,T1041,Attack
A-04-SCN039-03-06,Railways,Data Exfiltration,Exfiltration,T1041,Attack
A-04-SCN039-03-07,Railways,Data Exfiltration,Exfiltration,T1041,Attack
A-04-SCN039-03-08,Railways,Data Exfiltration,Exfiltration,T1041,Attack
A-04-SCN039-03-09,Railways,Data Exfiltration,Exfiltration,T1041,Attack
A-04-SCN039-04-00,Railways,Data Exfiltration,Reconnaissance,T1005,Attack
A-04-SCN039-04-01,Railways,Data Exfiltration,Initial Access,T1078,Attack
A-04-SCN039-04-02,Railways,Data Exfiltration,Credential Access,T1110,Attack
A-04-SCN039-04-03,Railways,Data Exfiltration,Discovery,T1046,Attack
A-04-SCN039-04-04,Railways,Data Exfiltration,Collection,T1005,Attack
A-04-SCN039-04-05,Railways,Data Exfiltration,Exfiltration,T1041,Attack
A-04-SCN039-04-06,Railways,Data Exfiltration,Exfiltration,T1041,Attack
A-04-SCN039-04-07,Railways,Data Exfiltration,Exfiltration,T1041,Attack
A-04-SCN039-04-08,Railways,Data Exfiltration,Exfiltration,T1041,Attack
A-04-SCN039-04-09,Railways,Data Exfiltration,Exfiltration,T1041,Attack
A-04-SCN040-01-00,Railways,Command and Control,Reconnaissance,T1068,Attack
A-04-SCN040-01-01,Railways,Command and Control,Initial Access,T1190,Attack
A-04-SCN040-01-02,Railways,Command and Control,Execution,T1059,Attack
A-04-SCN040-01-03,Railways,Command and Control,Persistence,T1053,Attack
A-04-SCN040-01-04,Railways,Command and Control,Privilege Escalation,T1068,Attack
A-04-SCN040-01-05,Railways,Command and Control,Discovery,T1087,Attack
A-04-SCN040-01-06,Railways,Command and Control,Lateral Movement,T1021,Attack
A-04-SCN040-01-07,Railways,Command and Control,Command and Control,T1071,Attack
A-04-SCN040-01-08,Railways,Command and Control,Command and Control,T1071,Attack
A-04-SCN040-01-09,Railways,Command and Control,Command and Control,T1071,Attack
A-04-SCN040-02-00,Railways,Command and Control,Reconnaissance,T1021,Attack
A-04-SCN040-02-01,Railways,Command and Control,Initial Access,T1078,Attack
A-04-SCN040-02-02,Railways,Command and Control,Execution,T1059,Attack
A-04-SCN040-02-03,Railways,Command and Control,Persistence,T1053,Attack
A-04-SCN040-02-04,Railways,Command and Control,Privilege Escalation,T1068,Attack
A-04-SCN040-02-05,Railways,Command and Control,Discovery,T1046,Attack
A-04-SCN040-02-06,Railways,Command and Control,Lateral Movement,T1021,Attack
A-04-SCN040-02-07,Railways,Command and Control,Command and Control,T1071,Attack
A-04-SCN040-02-08,Railways,Command and Control,Command and Control,T1071,Attack
A-04-SCN040-02-09,Railways,Command and Control,Command and Control,T1071,Attack
A-04-SCN040-03-00,Railways,Command and Control,Reconnaissance,T1078,Attack
A-04-SCN040-03-01,Railways,Command and Control,Initial Access,T1078,Attack
A-04-SCN040-03-02,Railways,Command and Control,Execution,T1059,Attack
A-04-SCN040-03-03,Railways,Command and Control,Persistence,T1053,Attack
A-04-SCN040-03-04,Railways,Command and Control,Privilege Escalation,T1068,Attack
A-04-SCN040-03-05,Railways,Command and Control,Discovery,T1087,Attack
A-04-SCN040-03-06,Railways,Command and Control,Lateral Movement,T1021,Attack
A-04-SCN040-03-07,Railways,Command and Control,Command and Control,T1071,Attack
A-04-SCN040-03-08,Railways,Command and Control,Command and Control,T1071,Attack
A-04-SCN040-03-09,Railways,Command and Control,Command and Control,T1071,Attack
A-04-SCN040-04-00,Railways,Command and Control,Reconnaissance,T1046,Attack
A-04-SCN040-04-01,Railways,Command and Control,Initial Access,T1190,Attack
A-04-SCN040-04-02,Railways,Command and Control,Execution,T1059,Attack
A-04-SCN040-04-03,Railways,Command and Control,Persistence,T1053,Attack
A-04-SCN040-04-04,Railways,Command and Control,Privilege Escalation,T1068,Attack
A-04-SCN040-04-05,Railways,Command and Control,Discovery,T1046,Attack
A-04-SCN040-04-06,Railways,Command and Control,Lateral Movement,T1021,Attack
A-04-SCN040-04-07,Railways,Command and Control,Command and Control,T1071,Attack
A-04-SCN040-04-08,Railways,Command and Control,Command and Control,T1071,Attack
A-04-SCN040-04-09,Railways,Command and Control,Command and Control,T1071,Attack
N-05-00000,Airports,Normal,Normal,None,Normal
N-05-00001,Airports,Normal,Normal,None,Normal
N-05-00002,Airports,Normal,Normal,None,Normal
N-05-00003,Airports,Normal,Normal,None,Normal
N-05-00004,Airports,Normal,Normal,None,Normal
N-05-00005,Airports,Normal,Normal,None,Normal
N-05-00006,Airports,Normal,Normal,None,Normal
N-05-00007,Airports,Normal,Normal,None,Normal
N-05-00008,Airports,Normal,Normal,None,Normal
N-05-00009,Airports,Normal,Normal,None,Normal
N-05-00010,Airports,Normal,Normal,None,Normal
N-05-00011,Airports,Normal,Normal,None,Normal
N-05-00012,Airports,Normal,Normal,None,Normal
N-05-00013,Airports,Normal,Normal,None,Normal
N-05-00014,Airports,Normal,Normal,None,Normal
N-05-00015,Airports,Normal,Normal,None,Normal
N-05-00016,Airports,Normal,Normal,None,Normal
N-05-00017,Airports,Normal,Normal,None,Normal
N-05-00018,Airports,Normal,Normal,None,Normal
N-05-00019,Airports,Normal,Normal,None,Normal
N-05-00020,Airports,Normal,Normal,None,Normal
N-05-00021,Airports,Normal,Normal,None,Normal
N-05-00022,Airports,Normal,Normal,None,Normal
N-05-00023,Airports,Normal,Normal,None,Normal
N-05-00024,Airports,Normal,Normal,None,Normal
N-05-00025,Airports,Normal,Normal,None,Normal
N-05-00026,Airports,Normal,Normal,None,Normal
N-05-00027,Airports,Normal,Normal,None,Normal
N-05-00028,Airports,Normal,Normal,None,Normal
N-05-00029,Airports,Normal,Normal,None,Normal
N-05-00030,Airports,Normal,Normal,None,Normal
N-05-00031,Airports,Normal,Normal,None,Normal
N-05-00032,Airports,Normal,Normal,None,Normal
N-05-00033,Airports,Normal,Normal,None,Normal
N-05-00034,Airports,Normal,Normal,None,Normal
N-05-00035,Airports,Normal,Normal,None,Normal
N-05-00036,Airports,Normal,Normal,None,Normal
N-05-00037,Airports,Normal,Normal,None,Normal
N-05-00038,Airports,Normal,Normal,None,Normal
N-05-00039,Airports,Normal,Normal,None,Normal
N-05-00040,Airports,Normal,Normal,None,Normal
N-05-00041,Airports,Normal,Normal,None,Normal
N-05-00042,Airports,Normal,Normal,None,Normal
N-05-00043,Airports,Normal,Normal,None,Normal
N-05-00044,Airports,Normal,Normal,None,Normal
N-05-00045,Airports,Normal,Normal,None,Normal
N-05-00046,Airports,Normal,Normal,None,Normal
N-05-00047,Airports,Normal,Normal,None,Normal
N-05-00048,Airports,Normal,Normal,None,Normal
N-05-00049,Airports,Normal,Normal,None,Normal
N-05-00050,Airports,Normal,Normal,None,Normal
N-05-00051,Airports,Normal,Normal,None,Normal
N-05-00052,Airports,Normal,Normal,None,Normal
N-05-00053,Airports,Normal,Normal,None,Normal
N-05-00054,Airports,Normal,Normal,None,Normal
N-05-00055,Airports,Normal,Normal,None,Normal
N-05-00056,Airports,Normal,Normal,None,Normal
N-05-00057,Airports,Normal,Normal,None,Normal
N-05-00058,Airports,Normal,Normal,None,Normal
N-05-00059,Airports,Normal,Normal,None,Normal
N-05-00060,Airports,Normal,Normal,None,Normal
N-05-00061,Airports,Normal,Normal,None,Normal
N-05-00062,Airports,Normal,Normal,None,Normal
N-05-00063,Airports,Normal,Normal,None,Normal
N-05-00064,Airports,Normal,Normal,None,Normal
N-05-00065,Airports,Normal,Normal,None,Normal
N-05-00066,Airports,Normal,Normal,None,Normal
N-05-00067,Airports,Normal,Normal,None,Normal
N-05-00068,Airports,Normal,Normal,None,Normal
N-05-00069,Airports,Normal,Normal,None,Normal
N-05-00070,Airports,Normal,Normal,None,Normal
N-05-00071,Airports,Normal,Normal,None,Normal
N-05-00072,Airports,Normal,Normal,None,Normal
N-05-00073,Airports,Normal,Normal,None,Normal
N-05-00074,Airports,Normal,Normal,None,Normal
N-05-00075,Airports,Normal,Normal,None,Normal
N-05-00076,Airports,Normal,Normal,None,Normal
N-05-00077,Airports,Normal,Normal,None,Normal
N-05-00078,Airports,Normal,Normal,None,Normal
N-05-00079,Airports,Normal,Normal,None,Normal
N-05-00080,Airports,Normal,Normal,None,Normal
N-05-00081,Airports,Normal,Normal,None,Normal
N-05-00082,Airports,Normal,Normal,None,Normal
N-05-00083,Airports,Normal,Normal,None,Normal
N-05-00084,Airports,Normal,Normal,None,Normal
N-05-00085,Airports,Normal,Normal,None,Normal
N-05-00086,Airports,Normal,Normal,None,Normal
N-05-00087,Airports,Normal,Normal,None,Normal
N-05-00088,Airports,Normal,Normal,None,Normal
N-05-00089,Airports,Normal,Normal,None,Normal
N-05-00090,Airports,Normal,Normal,None,Normal
N-05-00091,Airports,Normal,Normal,None,Normal
N-05-00092,Airports,Normal,Normal,None,Normal
N-05-00093,Airports,Normal,Normal,None,Normal
N-05-00094,Airports,Normal,Normal,None,Normal
N-05-00095,Airports,Normal,Normal,None,Normal
N-05-00096,Airports,Normal,Normal,None,Normal
N-05-00097,Airports,Normal,Normal,None,Normal
N-05-00098,Airports,Normal,Normal,None,Normal
N-05-00099,Airports,Normal,Normal,None,Normal
N-05-00100,Airports,Normal,Normal,None,Normal
N-05-00101,Airports,Normal,Normal,None,Normal
N-05-00102,Airports,Normal,Normal,None,Normal
N-05-00103,Airports,Normal,Normal,None,Normal
N-05-00104,Airports,Normal,Normal,None,Normal
N-05-00105,Airports,Normal,Normal,None,Normal
N-05-00106,Airports,Normal,Normal,None,Normal
N-05-00107,Airports,Normal,Normal,None,Normal
N-05-00108,Airports,Normal,Normal,None,Normal
N-05-00109,Airports,Normal,Normal,None,Normal
N-05-00110,Airports,Normal,Normal,None,Normal
N-05-00111,Airports,Normal,Normal,None,Normal
N-05-00112,Airports,Normal,Normal,None,Normal
N-05-00113,Airports,Normal,Normal,None,Normal
N-05-00114,Airports,Normal,Normal,None,Normal
N-05-00115,Airports,Normal,Normal,None,Normal
N-05-00116,Airports,Normal,Normal,None,Normal
N-05-00117,Airports,Normal,Normal,None,Normal
N-05-00118,Airports,Normal,Normal,None,Normal
N-05-00119,Airports,Normal,Normal,None,Normal
N-05-00120,Airports,Normal,Normal,None,Normal
N-05-00121,Airports,Normal,Normal,None,Normal
N-05-00122,Airports,Normal,Normal,None,Normal
N-05-00123,Airports,Normal,Normal,None,Normal
N-05-00124,Airports,Normal,Normal,None,Normal
N-05-00125,Airports,Normal,Normal,None,Normal
N-05-00126,Airports,Normal,Normal,None,Normal
N-05-00127,Airports,Normal,Normal,None,Normal
N-05-00128,Airports,Normal,Normal,None,Normal
N-05-00129,Airports,Normal,Normal,None,Normal
N-05-00130,Airports,Normal,Normal,None,Normal
N-05-00131,Airports,Normal,Normal,None,Normal
N-05-00132,Airports,Normal,Normal,None,Normal
N-05-00133,Airports,Normal,Normal,None,Normal
N-05-00134,Airports,Normal,Normal,None,Normal
N-05-00135,Airports,Normal,Normal,None,Normal
N-05-00136,Airports,Normal,Normal,None,Normal
N-05-00137,Airports,Normal,Normal,None,Normal
N-05-00138,Airports,Normal,Normal,None,Normal
N-05-00139,Airports,Normal,Normal,None,Normal
N-05-00140,Airports,Normal,Normal,None,Normal
N-05-00141,Airports,Normal,Normal,None,Normal
N-05-00142,Airports,Normal,Normal,None,Normal
N-05-00143,Airports,Normal,Normal,None,Normal
N-05-00144,Airports,Normal,Normal,None,Normal
N-05-00145,Airports,Normal,Normal,None,Normal
N-05-00146,Airports,Normal,Normal,None,Normal
N-05-00147,Airports,Normal,Normal,None,Normal
N-05-00148,Airports,Normal,Normal,None,Normal
N-05-00149,Airports,Normal,Normal,None,Normal
N-05-00150,Airports,Normal,Normal,None,Normal
N-05-00151,Airports,Normal,Normal,None,Normal
N-05-00152,Airports,Normal,Normal,None,Normal
N-05-00153,Airports,Normal,Normal,None,Normal
N-05-00154,Airports,Normal,Normal,None,Normal
N-05-00155,Airports,Normal,Normal,None,Normal
N-05-00156,Airports,Normal,Normal,None,Normal
N-05-00157,Airports,Normal,Normal,None,Normal
N-05-00158,Airports,Normal,Normal,None,Normal
N-05-00159,Airports,Normal,Normal,None,Normal
N-05-00160,Airports,Normal,Normal,None,Normal
N-05-00161,Airports,Normal,Normal,None,Normal
N-05-00162,Airports,Normal,Normal,None,Normal
N-05-00163,Airports,Normal,Normal,None,Normal
N-05-00164,Airports,Normal,Normal,None,Normal
N-05-00165,Airports,Normal,Normal,None,Normal
N-05-00166,Airports,Normal,Normal,None,Normal
N-05-00167,Airports,Normal,Normal,None,Normal
N-05-00168,Airports,Normal,Normal,None,Normal
N-05-00169,Airports,Normal,Normal,None,Normal
N-05-00170,Airports,Normal,Normal,None,Normal
N-05-00171,Airports,Normal,Normal,None,Normal
N-05-00172,Airports,Normal,Normal,None,Normal
N-05-00173,Airports,Normal,Normal,None,Normal
N-05-00174,Airports,Normal,Normal,None,Normal
N-05-00175,Airports,Normal,Normal,None,Normal
N-05-00176,Airports,Normal,Normal,None,Normal
N-05-00177,Airports,Normal,Normal,None,Normal
N-05-00178,Airports,Normal,Normal,None,Normal
N-05-00179,Airports,Normal,Normal,None,Normal
N-05-00180,Airports,Normal,Normal,None,Normal
N-05-00181,Airports,Normal,Normal,None,Normal
N-05-00182,Airports,Normal,Normal,None,Normal
N-05-00183,Airports,Normal,Normal,None,Normal
N-05-00184,Airports,Normal,Normal,None,Normal
N-05-00185,Airports,Normal,Normal,None,Normal
N-05-00186,Airports,Normal,Normal,None,Normal
N-05-00187,Airports,Normal,Normal,None,Normal
N-05-00188,Airports,Normal,Normal,None,Normal
N-05-00189,Airports,Normal,Normal,None,Normal
N-05-00190,Airports,Normal,Normal,None,Normal
N-05-00191,Airports,Normal,Normal,None,Normal
N-05-00192,Airports,Normal,Normal,None,Normal
N-05-00193,Airports,Normal,Normal,None,Normal
N-05-00194,Airports,Normal,Normal,None,Normal
N-05-00195,Airports,Normal,Normal,None,Normal
N-05-00196,Airports,Normal,Normal,None,Normal
N-05-00197,Airports,Normal,Normal,None,Normal
N-05-00198,Airports,Normal,Normal,None,Normal
N-05-00199,Airports,Normal,Normal,None,Normal
N-05-00200,Airports,Normal,Normal,None,Normal
N-05-00201,Airports,Normal,Normal,None,Normal
N-05-00202,Airports,Normal,Normal,None,Normal
N-05-00203,Airports,Normal,Normal,None,Normal
N-05-00204,Airports,Normal,Normal,None,Normal
N-05-00205,Airports,Normal,Normal,None,Normal
N-05-00206,Airports,Normal,Normal,None,Normal
N-05-00207,Airports,Normal,Normal,None,Normal
N-05-00208,Airports,Normal,Normal,None,Normal
N-05-00209,Airports,Normal,Normal,None,Normal
N-05-00210,Airports,Normal,Normal,None,Normal
N-05-00211,Airports,Normal,Normal,None,Normal
N-05-00212,Airports,Normal,Normal,None,Normal
N-05-00213,Airports,Normal,Normal,None,Normal
N-05-00214,Airports,Normal,Normal,None,Normal
N-05-00215,Airports,Normal,Normal,None,Normal
N-05-00216,Airports,Normal,Normal,None,Normal
N-05-00217,Airports,Normal,Normal,None,Normal
N-05-00218,Airports,Normal,Normal,None,Normal
N-05-00219,Airports,Normal,Normal,None,Normal
N-05-00220,Airports,Normal,Normal,None,Normal
N-05-00221,Airports,Normal,Normal,None,Normal
N-05-00222,Airports,Normal,Normal,None,Normal
N-05-00223,Airports,Normal,Normal,None,Normal
N-05-00224,Airports,Normal,Normal,None,Normal
N-05-00225,Airports,Normal,Normal,None,Normal
N-05-00226,Airports,Normal,Normal,None,Normal
N-05-00227,Airports,Normal,Normal,None,Normal
N-05-00228,Airports,Normal,Normal,None,Normal
N-05-00229,Airports,Normal,Normal,None,Normal
N-05-00230,Airports,Normal,Normal,None,Normal
N-05-00231,Airports,Normal,Normal,None,Normal
N-05-00232,Airports,Normal,Normal,None,Normal
N-05-00233,Airports,Normal,Normal,None,Normal
N-05-00234,Airports,Normal,Normal,None,Normal
N-05-00235,Airports,Normal,Normal,None,Normal
N-05-00236,Airports,Normal,Normal,None,Normal
N-05-00237,Airports,Normal,Normal,None,Normal
N-05-00238,Airports,Normal,Normal,None,Normal
N-05-00239,Airports,Normal,Normal,None,Normal
N-05-00240,Airports,Normal,Normal,None,Normal
N-05-00241,Airports,Normal,Normal,None,Normal
N-05-00242,Airports,Normal,Normal,None,Normal
N-05-00243,Airports,Normal,Normal,None,Normal
N-05-00244,Airports,Normal,Normal,None,Normal
N-05-00245,Airports,Normal,Normal,None,Normal
N-05-00246,Airports,Normal,Normal,None,Normal
N-05-00247,Airports,Normal,Normal,None,Normal
N-05-00248,Airports,Normal,Normal,None,Normal
N-05-00249,Airports,Normal,Normal,None,Normal
N-05-00250,Airports,Normal,Normal,None,Normal
N-05-00251,Airports,Normal,Normal,None,Normal
N-05-00252,Airports,Normal,Normal,None,Normal
N-05-00253,Airports,Normal,Normal,None,Normal
N-05-00254,Airports,Normal,Normal,None,Normal
N-05-00255,Airports,Normal,Normal,None,Normal
N-05-00256,Airports,Normal,Normal,None,Normal
N-05-00257,Airports,Normal,Normal,None,Normal
N-05-00258,Airports,Normal,Normal,None,Normal
N-05-00259,Airports,Normal,Normal,None,Normal
N-05-00260,Airports,Normal,Normal,None,Normal
N-05-00261,Airports,Normal,Normal,None,Normal
N-05-00262,Airports,Normal,Normal,None,Normal
N-05-00263,Airports,Normal,Normal,None,Normal
N-05-00264,Airports,Normal,Normal,None,Normal
N-05-00265,Airports,Normal,Normal,None,Normal
N-05-00266,Airports,Normal,Normal,None,Normal
N-05-00267,Airports,Normal,Normal,None,Normal
N-05-00268,Airports,Normal,Normal,None,Normal
N-05-00269,Airports,Normal,Normal,None,Normal
N-05-00270,Airports,Normal,Normal,None,Normal
N-05-00271,Airports,Normal,Normal,None,Normal
N-05-00272,Airports,Normal,Normal,None,Normal
N-05-00273,Airports,Normal,Normal,None,Normal
N-05-00274,Airports,Normal,Normal,None,Normal
N-05-00275,Airports,Normal,Normal,None,Normal
N-05-00276,Airports,Normal,Normal,None,Normal
N-05-00277,Airports,Normal,Normal,None,Normal
N-05-00278,Airports,Normal,Normal,None,Normal
N-05-00279,Airports,Normal,Normal,None,Normal
N-05-00280,Airports,Normal,Normal,None,Normal
N-05-00281,Airports,Normal,Normal,None,Normal
N-05-00282,Airports,Normal,Normal,None,Normal
N-05-00283,Airports,Normal,Normal,None,Normal
N-05-00284,Airports,Normal,Normal,None,Normal
N-05-00285,Airports,Normal,Normal,None,Normal
N-05-00286,Airports,Normal,Normal,None,Normal
N-05-00287,Airports,Normal,Normal,None,Normal
N-05-00288,Airports,Normal,Normal,None,Normal
N-05-00289,Airports,Normal,Normal,None,Normal
N-05-00290,Airports,Normal,Normal,None,Normal
N-05-00291,Airports,Normal,Normal,None,Normal
N-05-00292,Airports,Normal,Normal,None,Normal
N-05-00293,Airports,Normal,Normal,None,Normal
N-05-00294,Airports,Normal,Normal,None,Normal
N-05-00295,Airports,Normal,Normal,None,Normal
N-05-00296,Airports,Normal,Normal,None,Normal
N-05-00297,Airports,Normal,Normal,None,Normal
N-05-00298,Airports,Normal,Normal,None,Normal
N-05-00299,Airports,Normal,Normal,None,Normal
N-05-00300,Airports,Normal,Normal,None,Normal
N-05-00301,Airports,Normal,Normal,None,Normal
N-05-00302,Airports,Normal,Normal,None,Normal
N-05-00303,Airports,Normal,Normal,None,Normal
N-05-00304,Airports,Normal,Normal,None,Normal
N-05-00305,Airports,Normal,Normal,None,Normal
N-05-00306,Airports,Normal,Normal,None,Normal
N-05-00307,Airports,Normal,Normal,None,Normal
N-05-00308,Airports,Normal,Normal,None,Normal
N-05-00309,Airports,Normal,Normal,None,Normal
N-05-00310,Airports,Normal,Normal,None,Normal
N-05-00311,Airports,Normal,Normal,None,Normal
N-05-00312,Airports,Normal,Normal,None,Normal
N-05-00313,Airports,Normal,Normal,None,Normal
N-05-00314,Airports,Normal,Normal,None,Normal
N-05-00315,Airports,Normal,Normal,None,Normal
N-05-00316,Airports,Normal,Normal,None,Normal
N-05-00317,Airports,Normal,Normal,None,Normal
N-05-00318,Airports,Normal,Normal,None,Normal
N-05-00319,Airports,Normal,Normal,None,Normal
N-05-00320,Airports,Normal,Normal,None,Normal
N-05-00321,Airports,Normal,Normal,None,Normal
N-05-00322,Airports,Normal,Normal,None,Normal
N-05-00323,Airports,Normal,Normal,None,Normal
N-05-00324,Airports,Normal,Normal,None,Normal
N-05-00325,Airports,Normal,Normal,None,Normal
N-05-00326,Airports,Normal,Normal,None,Normal
N-05-00327,Airports,Normal,Normal,None,Normal
N-05-00328,Airports,Normal,Normal,None,Normal
N-05-00329,Airports,Normal,Normal,None,Normal
N-05-00330,Airports,Normal,Normal,None,Normal
N-05-00331,Airports,Normal,Normal,None,Normal
N-05-00332,Airports,Normal,Normal,None,Normal
N-05-00333,Airports,Normal,Normal,None,Normal
N-05-00334,Airports,Normal,Normal,None,Normal
N-05-00335,Airports,Normal,Normal,None,Normal
N-05-00336,Airports,Normal,Normal,None,Normal
N-05-00337,Airports,Normal,Normal,None,Normal
N-05-00338,Airports,Normal,Normal,None,Normal
N-05-00339,Airports,Normal,Normal,None,Normal
N-05-00340,Airports,Normal,Normal,None,Normal
N-05-00341,Airports,Normal,Normal,None,Normal
N-05-00342,Airports,Normal,Normal,None,Normal
N-05-00343,Airports,Normal,Normal,None,Normal
N-05-00344,Airports,Normal,Normal,None,Normal
N-05-00345,Airports,Normal,Normal,None,Normal
N-05-00346,Airports,Normal,Normal,None,Normal
N-05-00347,Airports,Normal,Normal,None,Normal
N-05-00348,Airports,Normal,Normal,None,Normal
N-05-00349,Airports,Normal,Normal,None,Normal
N-05-00350,Airports,Normal,Normal,None,Normal
N-05-00351,Airports,Normal,Normal,None,Normal
N-05-00352,Airports,Normal,Normal,None,Normal
N-05-00353,Airports,Normal,Normal,None,Normal
N-05-00354,Airports,Normal,Normal,None,Normal
N-05-00355,Airports,Normal,Normal,None,Normal
N-05-00356,Airports,Normal,Normal,None,Normal
N-05-00357,Airports,Normal,Normal,None,Normal
N-05-00358,Airports,Normal,Normal,None,Normal
N-05-00359,Airports,Normal,Normal,None,Normal
N-05-00360,Airports,Normal,Normal,None,Normal
N-05-00361,Airports,Normal,Normal,None,Normal
N-05-00362,Airports,Normal,Normal,None,Normal
N-05-00363,Airports,Normal,Normal,None,Normal
N-05-00364,Airports,Normal,Normal,None,Normal
N-05-00365,Airports,Normal,Normal,None,Normal
N-05-00366,Airports,Normal,Normal,None,Normal
N-05-00367,Airports,Normal,Normal,None,Normal
N-05-00368,Airports,Normal,Normal,None,Normal
N-05-00369,Airports,Normal,Normal,None,Normal
N-05-00370,Airports,Normal,Normal,None,Normal
N-05-00371,Airports,Normal,Normal,None,Normal
N-05-00372,Airports,Normal,Normal,None,Normal
N-05-00373,Airports,Normal,Normal,None,Normal
N-05-00374,Airports,Normal,Normal,None,Normal
N-05-00375,Airports,Normal,Normal,None,Normal
N-05-00376,Airports,Normal,Normal,None,Normal
N-05-00377,Airports,Normal,Normal,None,Normal
N-05-00378,Airports,Normal,Normal,None,Normal
N-05-00379,Airports,Normal,Normal,None,Normal
N-05-00380,Airports,Normal,Normal,None,Normal
N-05-00381,Airports,Normal,Normal,None,Normal
N-05-00382,Airports,Normal,Normal,None,Normal
N-05-00383,Airports,Normal,Normal,None,Normal
N-05-00384,Airports,Normal,Normal,None,Normal
N-05-00385,Airports,Normal,Normal,None,Normal
N-05-00386,Airports,Normal,Normal,None,Normal
N-05-00387,Airports,Normal,Normal,None,Normal
N-05-00388,Airports,Normal,Normal,None,Normal
N-05-00389,Airports,Normal,Normal,None,Normal
N-05-00390,Airports,Normal,Normal,None,Normal
N-05-00391,Airports,Normal,Normal,None,Normal
N-05-00392,Airports,Normal,Normal,None,Normal
N-05-00393,Airports,Normal,Normal,None,Normal
N-05-00394,Airports,Normal,Normal,None,Normal
N-05-00395,Airports,Normal,Normal,None,Normal
N-05-00396,Airports,Normal,Normal,None,Normal
N-05-00397,Airports,Normal,Normal,None,Normal
N-05-00398,Airports,Normal,Normal,None,Normal
N-05-00399,Airports,Normal,Normal,None,Normal
N-05-00400,Airports,Normal,Normal,None,Normal
N-05-00401,Airports,Normal,Normal,None,Normal
N-05-00402,Airports,Normal,Normal,None,Normal
N-05-00403,Airports,Normal,Normal,None,Normal
N-05-00404,Airports,Normal,Normal,None,Normal
N-05-00405,Airports,Normal,Normal,None,Normal
N-05-00406,Airports,Normal,Normal,None,Normal
N-05-00407,Airports,Normal,Normal,None,Normal
N-05-00408,Airports,Normal,Normal,None,Normal
N-05-00409,Airports,Normal,Normal,None,Normal
N-05-00410,Airports,Normal,Normal,None,Normal
N-05-00411,Airports,Normal,Normal,None,Normal
N-05-00412,Airports,Normal,Normal,None,Normal
N-05-00413,Airports,Normal,Normal,None,Normal
N-05-00414,Airports,Normal,Normal,None,Normal
N-05-00415,Airports,Normal,Normal,None,Normal
N-05-00416,Airports,Normal,Normal,None,Normal
N-05-00417,Airports,Normal,Normal,None,Normal
N-05-00418,Airports,Normal,Normal,None,Normal
N-05-00419,Airports,Normal,Normal,None,Normal
N-05-00420,Airports,Normal,Normal,None,Normal
N-05-00421,Airports,Normal,Normal,None,Normal
N-05-00422,Airports,Normal,Normal,None,Normal
N-05-00423,Airports,Normal,Normal,None,Normal
N-05-00424,Airports,Normal,Normal,None,Normal
N-05-00425,Airports,Normal,Normal,None,Normal
N-05-00426,Airports,Normal,Normal,None,Normal
N-05-00427,Airports,Normal,Normal,None,Normal
N-05-00428,Airports,Normal,Normal,None,Normal
N-05-00429,Airports,Normal,Normal,None,Normal
N-05-00430,Airports,Normal,Normal,None,Normal
N-05-00431,Airports,Normal,Normal,None,Normal
N-05-00432,Airports,Normal,Normal,None,Normal
N-05-00433,Airports,Normal,Normal,None,Normal
N-05-00434,Airports,Normal,Normal,None,Normal
N-05-00435,Airports,Normal,Normal,None,Normal
N-05-00436,Airports,Normal,Normal,None,Normal
N-05-00437,Airports,Normal,Normal,None,Normal
N-05-00438,Airports,Normal,Normal,None,Normal
N-05-00439,Airports,Normal,Normal,None,Normal
N-05-00440,Airports,Normal,Normal,None,Normal
N-05-00441,Airports,Normal,Normal,None,Normal
N-05-00442,Airports,Normal,Normal,None,Normal
N-05-00443,Airports,Normal,Normal,None,Normal
N-05-00444,Airports,Normal,Normal,None,Normal
N-05-00445,Airports,Normal,Normal,None,Normal
N-05-00446,Airports,Normal,Normal,None,Normal
N-05-00447,Airports,Normal,Normal,None,Normal
N-05-00448,Airports,Normal,Normal,None,Normal
N-05-00449,Airports,Normal,Normal,None,Normal
N-05-00450,Airports,Normal,Normal,None,Normal
N-05-00451,Airports,Normal,Normal,None,Normal
N-05-00452,Airports,Normal,Normal,None,Normal
N-05-00453,Airports,Normal,Normal,None,Normal
N-05-00454,Airports,Normal,Normal,None,Normal
N-05-00455,Airports,Normal,Normal,None,Normal
N-05-00456,Airports,Normal,Normal,None,Normal
N-05-00457,Airports,Normal,Normal,None,Normal
N-05-00458,Airports,Normal,Normal,None,Normal
N-05-00459,Airports,Normal,Normal,None,Normal
N-05-00460,Airports,Normal,Normal,None,Normal
N-05-00461,Airports,Normal,Normal,None,Normal
N-05-00462,Airports,Normal,Normal,None,Normal
N-05-00463,Airports,Normal,Normal,None,Normal
N-05-00464,Airports,Normal,Normal,None,Normal
N-05-00465,Airports,Normal,Normal,None,Normal
N-05-00466,Airports,Normal,Normal,None,Normal
N-05-00467,Airports,Normal,Normal,None,Normal
N-05-00468,Airports,Normal,Normal,None,Normal
N-05-00469,Airports,Normal,Normal,None,Normal
N-05-00470,Airports,Normal,Normal,None,Normal
N-05-00471,Airports,Normal,Normal,None,Normal
N-05-00472,Airports,Normal,Normal,None,Normal
N-05-00473,Airports,Normal,Normal,None,Normal
N-05-00474,Airports,Normal,Normal,None,Normal
N-05-00475,Airports,Normal,Normal,None,Normal
N-05-00476,Airports,Normal,Normal,None,Normal
N-05-00477,Airports,Normal,Normal,None,Normal
N-05-00478,Airports,Normal,Normal,None,Normal
N-05-00479,Airports,Normal,Normal,None,Normal
N-05-00480,Airports,Normal,Normal,None,Normal
N-05-00481,Airports,Normal,Normal,None,Normal
N-05-00482,Airports,Normal,Normal,None,Normal
N-05-00483,Airports,Normal,Normal,None,Normal
N-05-00484,Airports,Normal,Normal,None,Normal
N-05-00485,Airports,Normal,Normal,None,Normal
N-05-00486,Airports,Normal,Normal,None,Normal
N-05-00487,Airports,Normal,Normal,None,Normal
N-05-00488,Airports,Normal,Normal,None,Normal
N-05-00489,Airports,Normal,Normal,None,Normal
N-05-00490,Airports,Normal,Normal,None,Normal
N-05-00491,Airports,Normal,Normal,None,Normal
N-05-00492,Airports,Normal,Normal,None,Normal
N-05-00493,Airports,Normal,Normal,None,Normal
N-05-00494,Airports,Normal,Normal,None,Normal
N-05-00495,Airports,Normal,Normal,None,Normal
N-05-00496,Airports,Normal,Normal,None,Normal
N-05-00497,Airports,Normal,Normal,None,Normal
N-05-00498,Airports,Normal,Normal,None,Normal
N-05-00499,Airports,Normal,Normal,None,Normal
N-05-00500,Airports,Normal,Normal,None,Normal
N-05-00501,Airports,Normal,Normal,None,Normal
N-05-00502,Airports,Normal,Normal,None,Normal
N-05-00503,Airports,Normal,Normal,None,Normal
N-05-00504,Airports,Normal,Normal,None,Normal
N-05-00505,Airports,Normal,Normal,None,Normal
N-05-00506,Airports,Normal,Normal,None,Normal
N-05-00507,Airports,Normal,Normal,None,Normal
N-05-00508,Airports,Normal,Normal,None,Normal
N-05-00509,Airports,Normal,Normal,None,Normal
N-05-00510,Airports,Normal,Normal,None,Normal
N-05-00511,Airports,Normal,Normal,None,Normal
N-05-00512,Airports,Normal,Normal,None,Normal
N-05-00513,Airports,Normal,Normal,None,Normal
N-05-00514,Airports,Normal,Normal,None,Normal
N-05-00515,Airports,Normal,Normal,None,Normal
N-05-00516,Airports,Normal,Normal,None,Normal
N-05-00517,Airports,Normal,Normal,None,Normal
N-05-00518,Airports,Normal,Normal,None,Normal
N-05-00519,Airports,Normal,Normal,None,Normal
N-05-00520,Airports,Normal,Normal,None,Normal
N-05-00521,Airports,Normal,Normal,None,Normal
N-05-00522,Airports,Normal,Normal,None,Normal
N-05-00523,Airports,Normal,Normal,None,Normal
N-05-00524,Airports,Normal,Normal,None,Normal
N-05-00525,Airports,Normal,Normal,None,Normal
N-05-00526,Airports,Normal,Normal,None,Normal
N-05-00527,Airports,Normal,Normal,None,Normal
N-05-00528,Airports,Normal,Normal,None,Normal
N-05-00529,Airports,Normal,Normal,None,Normal
N-05-00530,Airports,Normal,Normal,None,Normal
N-05-00531,Airports,Normal,Normal,None,Normal
N-05-00532,Airports,Normal,Normal,None,Normal
N-05-00533,Airports,Normal,Normal,None,Normal
N-05-00534,Airports,Normal,Normal,None,Normal
N-05-00535,Airports,Normal,Normal,None,Normal
N-05-00536,Airports,Normal,Normal,None,Normal
N-05-00537,Airports,Normal,Normal,None,Normal
N-05-00538,Airports,Normal,Normal,None,Normal
N-05-00539,Airports,Normal,Normal,None,Normal
N-05-00540,Airports,Normal,Normal,None,Normal
N-05-00541,Airports,Normal,Normal,None,Normal
N-05-00542,Airports,Normal,Normal,None,Normal
N-05-00543,Airports,Normal,Normal,None,Normal
N-05-00544,Airports,Normal,Normal,None,Normal
N-05-00545,Airports,Normal,Normal,None,Normal
N-05-00546,Airports,Normal,Normal,None,Normal
N-05-00547,Airports,Normal,Normal,None,Normal
N-05-00548,Airports,Normal,Normal,None,Normal
N-05-00549,Airports,Normal,Normal,None,Normal
N-05-00550,Airports,Normal,Normal,None,Normal
N-05-00551,Airports,Normal,Normal,None,Normal
N-05-00552,Airports,Normal,Normal,None,Normal
N-05-00553,Airports,Normal,Normal,None,Normal
N-05-00554,Airports,Normal,Normal,None,Normal
N-05-00555,Airports,Normal,Normal,None,Normal
N-05-00556,Airports,Normal,Normal,None,Normal
N-05-00557,Airports,Normal,Normal,None,Normal
N-05-00558,Airports,Normal,Normal,None,Normal
N-05-00559,Airports,Normal,Normal,None,Normal
N-05-00560,Airports,Normal,Normal,None,Normal
N-05-00561,Airports,Normal,Normal,None,Normal
N-05-00562,Airports,Normal,Normal,None,Normal
N-05-00563,Airports,Normal,Normal,None,Normal
N-05-00564,Airports,Normal,Normal,None,Normal
N-05-00565,Airports,Normal,Normal,None,Normal
N-05-00566,Airports,Normal,Normal,None,Normal
N-05-00567,Airports,Normal,Normal,None,Normal
N-05-00568,Airports,Normal,Normal,None,Normal
N-05-00569,Airports,Normal,Normal,None,Normal
N-05-00570,Airports,Normal,Normal,None,Normal
N-05-00571,Airports,Normal,Normal,None,Normal
N-05-00572,Airports,Normal,Normal,None,Normal
N-05-00573,Airports,Normal,Normal,None,Normal
N-05-00574,Airports,Normal,Normal,None,Normal
N-05-00575,Airports,Normal,Normal,None,Normal
N-05-00576,Airports,Normal,Normal,None,Normal
N-05-00577,Airports,Normal,Normal,None,Normal
N-05-00578,Airports,Normal,Normal,None,Normal
N-05-00579,Airports,Normal,Normal,None,Normal
N-05-00580,Airports,Normal,Normal,None,Normal
N-05-00581,Airports,Normal,Normal,None,Normal
N-05-00582,Airports,Normal,Normal,None,Normal
N-05-00583,Airports,Normal,Normal,None,Normal
N-05-00584,Airports,Normal,Normal,None,Normal
N-05-00585,Airports,Normal,Normal,None,Normal
N-05-00586,Airports,Normal,Normal,None,Normal
N-05-00587,Airports,Normal,Normal,None,Normal
N-05-00588,Airports,Normal,Normal,None,Normal
N-05-00589,Airports,Normal,Normal,None,Normal
N-05-00590,Airports,Normal,Normal,None,Normal
N-05-00591,Airports,Normal,Normal,None,Normal
N-05-00592,Airports,Normal,Normal,None,Normal
N-05-00593,Airports,Normal,Normal,None,Normal
N-05-00594,Airports,Normal,Normal,None,Normal
N-05-00595,Airports,Normal,Normal,None,Normal
N-05-00596,Airports,Normal,Normal,None,Normal
N-05-00597,Airports,Normal,Normal,None,Normal
N-05-00598,Airports,Normal,Normal,None,Normal
N-05-00599,Airports,Normal,Normal,None,Normal
A-05-SCN041-01-00,Airports,Passenger-Service DDoS,Reconnaissance,T1486,Attack
A-05-SCN041-01-01,Airports,Passenger-Service DDoS,Initial Access,T1190,Attack
A-05-SCN041-01-02,Airports,Passenger-Service DDoS,Execution,T1059,Attack
A-05-SCN041-01-03,Airports,Passenger-Service DDoS,Discovery,T1087,Attack
A-05-SCN041-01-04,Airports,Passenger-Service DDoS,Lateral Movement,T1021,Attack
A-05-SCN041-01-05,Airports,Passenger-Service DDoS,Impact,T1486,Attack
A-05-SCN041-01-06,Airports,Passenger-Service DDoS,Impact,T1486,Attack
A-05-SCN041-01-07,Airports,Passenger-Service DDoS,Impact,T1486,Attack
A-05-SCN041-01-08,Airports,Passenger-Service DDoS,Impact,T1486,Attack
A-05-SCN041-01-09,Airports,Passenger-Service DDoS,Impact,T1486,Attack
A-05-SCN041-02-00,Airports,Passenger-Service DDoS,Reconnaissance,T1486,Attack
A-05-SCN041-02-01,Airports,Passenger-Service DDoS,Initial Access,T1078,Attack
A-05-SCN041-02-02,Airports,Passenger-Service DDoS,Execution,T1059,Attack
A-05-SCN041-02-03,Airports,Passenger-Service DDoS,Discovery,T1087,Attack
A-05-SCN041-02-04,Airports,Passenger-Service DDoS,Lateral Movement,T1021,Attack
A-05-SCN041-02-05,Airports,Passenger-Service DDoS,Impact,T1498,Attack
A-05-SCN041-02-06,Airports,Passenger-Service DDoS,Impact,T1498,Attack
A-05-SCN041-02-07,Airports,Passenger-Service DDoS,Impact,T1498,Attack
A-05-SCN041-02-08,Airports,Passenger-Service DDoS,Impact,T1486,Attack
A-05-SCN041-02-09,Airports,Passenger-Service DDoS,Impact,T1486,Attack
A-05-SCN041-03-00,Airports,Passenger-Service DDoS,Reconnaissance,T1021,Attack
A-05-SCN041-03-01,Airports,Passenger-Service DDoS,Initial Access,T1078,Attack
A-05-SCN041-03-02,Airports,Passenger-Service DDoS,Execution,T1059,Attack
A-05-SCN041-03-03,Airports,Passenger-Service DDoS,Discovery,T1046,Attack
A-05-SCN041-03-04,Airports,Passenger-Service DDoS,Lateral Movement,T1021,Attack
A-05-SCN041-03-05,Airports,Passenger-Service DDoS,Impact,T1498,Attack
A-05-SCN041-03-06,Airports,Passenger-Service DDoS,Impact,T1486,Attack
A-05-SCN041-03-07,Airports,Passenger-Service DDoS,Impact,T1498,Attack
A-05-SCN041-03-08,Airports,Passenger-Service DDoS,Impact,T1498,Attack
A-05-SCN041-03-09,Airports,Passenger-Service DDoS,Impact,T1498,Attack
A-05-SCN041-04-00,Airports,Passenger-Service DDoS,Reconnaissance,T1087,Attack
A-05-SCN041-04-01,Airports,Passenger-Service DDoS,Initial Access,T1190,Attack
A-05-SCN041-04-02,Airports,Passenger-Service DDoS,Execution,T1059,Attack
A-05-SCN041-04-03,Airports,Passenger-Service DDoS,Discovery,T1046,Attack
A-05-SCN041-04-04,Airports,Passenger-Service DDoS,Lateral Movement,T1021,Attack
A-05-SCN041-04-05,Airports,Passenger-Service DDoS,Impact,T1498,Attack
A-05-SCN041-04-06,Airports,Passenger-Service DDoS,Impact,T1486,Attack
A-05-SCN041-04-07,Airports,Passenger-Service DDoS,Impact,T1498,Attack
A-05-SCN041-04-08,Airports,Passenger-Service DDoS,Impact,T1486,Attack
A-05-SCN041-04-09,Airports,Passenger-Service DDoS,Impact,T1498,Attack
A-05-SCN042-01-00,Airports,Ransomware,Reconnaissance,T1053,Attack
A-05-SCN042-01-01,Airports,Ransomware,Initial Access,T1190,Attack
A-05-SCN042-01-02,Airports,Ransomware,Execution,T1059,Attack
A-05-SCN042-01-03,Airports,Ransomware,Discovery,T1087,Attack
A-05-SCN042-01-04,Airports,Ransomware,Lateral Movement,T1021,Attack
A-05-SCN042-01-05,Airports,Ransomware,Impact,T1498,Attack
A-05-SCN042-01-06,Airports,Ransomware,Impact,T1498,Attack
A-05-SCN042-01-07,Airports,Ransomware,Impact,T1498,Attack
A-05-SCN042-01-08,Airports,Ransomware,Impact,T1486,Attack
A-05-SCN042-01-09,Airports,Ransomware,Impact,T1498,Attack
A-05-SCN042-02-00,Airports,Ransomware,Reconnaissance,T1190,Attack
A-05-SCN042-02-01,Airports,Ransomware,Initial Access,T1190,Attack
A-05-SCN042-02-02,Airports,Ransomware,Execution,T1059,Attack
A-05-SCN042-02-03,Airports,Ransomware,Discovery,T1046,Attack
A-05-SCN042-02-04,Airports,Ransomware,Lateral Movement,T1021,Attack
A-05-SCN042-02-05,Airports,Ransomware,Impact,T1486,Attack
A-05-SCN042-02-06,Airports,Ransomware,Impact,T1498,Attack
A-05-SCN042-02-07,Airports,Ransomware,Impact,T1486,Attack
A-05-SCN042-02-08,Airports,Ransomware,Impact,T1498,Attack
A-05-SCN042-02-09,Airports,Ransomware,Impact,T1486,Attack
A-05-SCN042-03-00,Airports,Ransomware,Reconnaissance,T1059,Attack
A-05-SCN042-03-01,Airports,Ransomware,Initial Access,T1190,Attack
A-05-SCN042-03-02,Airports,Ransomware,Execution,T1059,Attack
A-05-SCN042-03-03,Airports,Ransomware,Discovery,T1087,Attack
A-05-SCN042-03-04,Airports,Ransomware,Lateral Movement,T1021,Attack
A-05-SCN042-03-05,Airports,Ransomware,Impact,T1486,Attack
A-05-SCN042-03-06,Airports,Ransomware,Impact,T1486,Attack
A-05-SCN042-03-07,Airports,Ransomware,Impact,T1486,Attack
A-05-SCN042-03-08,Airports,Ransomware,Impact,T1486,Attack
A-05-SCN042-03-09,Airports,Ransomware,Impact,T1486,Attack
A-05-SCN042-04-00,Airports,Ransomware,Reconnaissance,T1046,Attack
A-05-SCN042-04-01,Airports,Ransomware,Initial Access,T1078,Attack
A-05-SCN042-04-02,Airports,Ransomware,Execution,T1059,Attack
A-05-SCN042-04-03,Airports,Ransomware,Discovery,T1087,Attack
A-05-SCN042-04-04,Airports,Ransomware,Lateral Movement,T1021,Attack
A-05-SCN042-04-05,Airports,Ransomware,Impact,T1498,Attack
A-05-SCN042-04-06,Airports,Ransomware,Impact,T1498,Attack
A-05-SCN042-04-07,Airports,Ransomware,Impact,T1498,Attack
A-05-SCN042-04-08,Airports,Ransomware,Impact,T1486,Attack
A-05-SCN042-04-09,Airports,Ransomware,Impact,T1498,Attack
A-05-SCN043-01-00,Airports,Credential Compromise,Reconnaissance,T1078,Attack
A-05-SCN043-01-01,Airports,Credential Compromise,Initial Access,T1190,Attack
A-05-SCN043-01-02,Airports,Credential Compromise,Credential Access,T1110,Attack
A-05-SCN043-01-03,Airports,Credential Compromise,Discovery,T1087,Attack
A-05-SCN043-01-04,Airports,Credential Compromise,Lateral Movement,T1021,Attack
A-05-SCN043-01-05,Airports,Credential Compromise,Collection,T1005,Attack
A-05-SCN043-01-06,Airports,Credential Compromise,Collection,T1005,Attack
A-05-SCN043-01-07,Airports,Credential Compromise,Collection,T1005,Attack
A-05-SCN043-01-08,Airports,Credential Compromise,Collection,T1005,Attack
A-05-SCN043-01-09,Airports,Credential Compromise,Collection,T1005,Attack
A-05-SCN043-02-00,Airports,Credential Compromise,Reconnaissance,T1041,Attack
A-05-SCN043-02-01,Airports,Credential Compromise,Initial Access,T1078,Attack
A-05-SCN043-02-02,Airports,Credential Compromise,Credential Access,T1110,Attack
A-05-SCN043-02-03,Airports,Credential Compromise,Discovery,T1087,Attack
A-05-SCN043-02-04,Airports,Credential Compromise,Lateral Movement,T1021,Attack
A-05-SCN043-02-05,Airports,Credential Compromise,Collection,T1005,Attack
A-05-SCN043-02-06,Airports,Credential Compromise,Collection,T1005,Attack
A-05-SCN043-02-07,Airports,Credential Compromise,Collection,T1005,Attack
A-05-SCN043-02-08,Airports,Credential Compromise,Collection,T1005,Attack
A-05-SCN043-02-09,Airports,Credential Compromise,Collection,T1005,Attack
A-05-SCN043-03-00,Airports,Credential Compromise,Reconnaissance,T1053,Attack
A-05-SCN043-03-01,Airports,Credential Compromise,Initial Access,T1078,Attack
A-05-SCN043-03-02,Airports,Credential Compromise,Credential Access,T1110,Attack
A-05-SCN043-03-03,Airports,Credential Compromise,Discovery,T1046,Attack
A-05-SCN043-03-04,Airports,Credential Compromise,Lateral Movement,T1021,Attack
A-05-SCN043-03-05,Airports,Credential Compromise,Collection,T1005,Attack
A-05-SCN043-03-06,Airports,Credential Compromise,Collection,T1005,Attack
A-05-SCN043-03-07,Airports,Credential Compromise,Collection,T1005,Attack
A-05-SCN043-03-08,Airports,Credential Compromise,Collection,T1005,Attack
A-05-SCN043-03-09,Airports,Credential Compromise,Collection,T1005,Attack
A-05-SCN043-04-00,Airports,Credential Compromise,Reconnaissance,T1068,Attack
A-05-SCN043-04-01,Airports,Credential Compromise,Initial Access,T1078,Attack
A-05-SCN043-04-02,Airports,Credential Compromise,Credential Access,T1110,Attack
A-05-SCN043-04-03,Airports,Credential Compromise,Discovery,T1046,Attack
A-05-SCN043-04-04,Airports,Credential Compromise,Lateral Movement,T1021,Attack
A-05-SCN043-04-05,Airports,Credential Compromise,Collection,T1005,Attack
A-05-SCN043-04-06,Airports,Credential Compromise,Collection,T1005,Attack
A-05-SCN043-04-07,Airports,Credential Compromise,Collection,T1005,Attack
A-05-SCN043-04-08,Airports,Credential Compromise,Collection,T1005,Attack
A-05-SCN043-04-09,Airports,Credential Compromise,Collection,T1005,Attack
A-05-SCN044-01-00,Airports,Third-Party Compromise,Reconnaissance,T1053,Attack
A-05-SCN044-01-01,Airports,Third-Party Compromise,Initial Access,T1190,Attack
A-05-SCN044-01-02,Airports,Third-Party Compromise,Execution,T1059,Attack
A-05-SCN044-01-03,Airports,Third-Party Compromise,Persistence,T1053,Attack
A-05-SCN044-01-04,Airports,Third-Party Compromise,Privilege Escalation,T1068,Attack
A-05-SCN044-01-05,Airports,Third-Party Compromise,Discovery,T1087,Attack
A-05-SCN044-01-06,Airports,Third-Party Compromise,Lateral Movement,T1021,Attack
A-05-SCN044-01-07,Airports,Third-Party Compromise,Command and Control,T1071,Attack
A-05-SCN044-01-08,Airports,Third-Party Compromise,Command and Control,T1071,Attack
A-05-SCN044-01-09,Airports,Third-Party Compromise,Command and Control,T1071,Attack
A-05-SCN044-02-00,Airports,Third-Party Compromise,Reconnaissance,T1087,Attack
A-05-SCN044-02-01,Airports,Third-Party Compromise,Initial Access,T1190,Attack
A-05-SCN044-02-02,Airports,Third-Party Compromise,Execution,T1059,Attack
A-05-SCN044-02-03,Airports,Third-Party Compromise,Persistence,T1053,Attack
A-05-SCN044-02-04,Airports,Third-Party Compromise,Privilege Escalation,T1068,Attack
A-05-SCN044-02-05,Airports,Third-Party Compromise,Discovery,T1087,Attack
A-05-SCN044-02-06,Airports,Third-Party Compromise,Lateral Movement,T1021,Attack
A-05-SCN044-02-07,Airports,Third-Party Compromise,Command and Control,T1071,Attack
A-05-SCN044-02-08,Airports,Third-Party Compromise,Command and Control,T1071,Attack
A-05-SCN044-02-09,Airports,Third-Party Compromise,Command and Control,T1071,Attack
A-05-SCN044-03-00,Airports,Third-Party Compromise,Reconnaissance,T1059,Attack
A-05-SCN044-03-01,Airports,Third-Party Compromise,Initial Access,T1078,Attack
A-05-SCN044-03-02,Airports,Third-Party Compromise,Execution,T1059,Attack
A-05-SCN044-03-03,Airports,Third-Party Compromise,Persistence,T1053,Attack
A-05-SCN044-03-04,Airports,Third-Party Compromise,Privilege Escalation,T1068,Attack
A-05-SCN044-03-05,Airports,Third-Party Compromise,Discovery,T1046,Attack
A-05-SCN044-03-06,Airports,Third-Party Compromise,Lateral Movement,T1021,Attack
A-05-SCN044-03-07,Airports,Third-Party Compromise,Command and Control,T1071,Attack
A-05-SCN044-03-08,Airports,Third-Party Compromise,Command and Control,T1071,Attack
A-05-SCN044-03-09,Airports,Third-Party Compromise,Command and Control,T1071,Attack
A-05-SCN044-04-00,Airports,Third-Party Compromise,Reconnaissance,T1005,Attack
A-05-SCN044-04-01,Airports,Third-Party Compromise,Initial Access,T1078,Attack
A-05-SCN044-04-02,Airports,Third-Party Compromise,Execution,T1059,Attack
A-05-SCN044-04-03,Airports,Third-Party Compromise,Persistence,T1053,Attack
A-05-SCN044-04-04,Airports,Third-Party Compromise,Privilege Escalation,T1068,Attack
A-05-SCN044-04-05,Airports,Third-Party Compromise,Discovery,T1046,Attack
A-05-SCN044-04-06,Airports,Third-Party Compromise,Lateral Movement,T1021,Attack
A-05-SCN044-04-07,Airports,Third-Party Compromise,Command and Control,T1071,Attack
A-05-SCN044-04-08,Airports,Third-Party Compromise,Command and Control,T1071,Attack
A-05-SCN044-04-09,Airports,Third-Party Compromise,Command and Control,T1071,Attack
A-05-SCN045-01-00,Airports,Lateral Movement,Reconnaissance,T1190,Attack
A-05-SCN045-01-01,Airports,Lateral Movement,Initial Access,T1190,Attack
A-05-SCN045-01-02,Airports,Lateral Movement,Execution,T1059,Attack
A-05-SCN045-01-03,Airports,Lateral Movement,Persistence,T1053,Attack
A-05-SCN045-01-04,Airports,Lateral Movement,Privilege Escalation,T1068,Attack
A-05-SCN045-01-05,Airports,Lateral Movement,Discovery,T1046,Attack
A-05-SCN045-01-06,Airports,Lateral Movement,Lateral Movement,T1021,Attack
A-05-SCN045-01-07,Airports,Lateral Movement,Command and Control,T1071,Attack
A-05-SCN045-01-08,Airports,Lateral Movement,Command and Control,T1071,Attack
A-05-SCN045-01-09,Airports,Lateral Movement,Command and Control,T1071,Attack
A-05-SCN045-02-00,Airports,Lateral Movement,Reconnaissance,T1071,Attack
A-05-SCN045-02-01,Airports,Lateral Movement,Initial Access,T1078,Attack
A-05-SCN045-02-02,Airports,Lateral Movement,Execution,T1059,Attack
A-05-SCN045-02-03,Airports,Lateral Movement,Persistence,T1053,Attack
A-05-SCN045-02-04,Airports,Lateral Movement,Privilege Escalation,T1068,Attack
A-05-SCN045-02-05,Airports,Lateral Movement,Discovery,T1046,Attack
A-05-SCN045-02-06,Airports,Lateral Movement,Lateral Movement,T1021,Attack
A-05-SCN045-02-07,Airports,Lateral Movement,Command and Control,T1071,Attack
A-05-SCN045-02-08,Airports,Lateral Movement,Command and Control,T1071,Attack
A-05-SCN045-02-09,Airports,Lateral Movement,Command and Control,T1071,Attack
A-05-SCN045-03-00,Airports,Lateral Movement,Reconnaissance,T1078,Attack
A-05-SCN045-03-01,Airports,Lateral Movement,Initial Access,T1078,Attack
A-05-SCN045-03-02,Airports,Lateral Movement,Execution,T1059,Attack
A-05-SCN045-03-03,Airports,Lateral Movement,Persistence,T1053,Attack
A-05-SCN045-03-04,Airports,Lateral Movement,Privilege Escalation,T1068,Attack
A-05-SCN045-03-05,Airports,Lateral Movement,Discovery,T1046,Attack
A-05-SCN045-03-06,Airports,Lateral Movement,Lateral Movement,T1021,Attack
A-05-SCN045-03-07,Airports,Lateral Movement,Command and Control,T1071,Attack
A-05-SCN045-03-08,Airports,Lateral Movement,Command and Control,T1071,Attack
A-05-SCN045-03-09,Airports,Lateral Movement,Command and Control,T1071,Attack
A-05-SCN045-04-00,Airports,Lateral Movement,Reconnaissance,T1078,Attack
A-05-SCN045-04-01,Airports,Lateral Movement,Initial Access,T1190,Attack
A-05-SCN045-04-02,Airports,Lateral Movement,Execution,T1059,Attack
A-05-SCN045-04-03,Airports,Lateral Movement,Persistence,T1053,Attack
A-05-SCN045-04-04,Airports,Lateral Movement,Privilege Escalation,T1068,Attack
A-05-SCN045-04-05,Airports,Lateral Movement,Discovery,T1046,Attack
A-05-SCN045-04-06,Airports,Lateral Movement,Lateral Movement,T1021,Attack
A-05-SCN045-04-07,Airports,Lateral Movement,Command and Control,T1071,Attack
A-05-SCN045-04-08,Airports,Lateral Movement,Command and Control,T1071,Attack
A-05-SCN045-04-09,Airports,Lateral Movement,Command and Control,T1071,Attack
A-05-SCN046-01-00,Airports,Operational Reconnaissance,Reconnaissance,T1190,Attack
A-05-SCN046-01-01,Airports,Operational Reconnaissance,Discovery,T1087,Attack
A-05-SCN046-01-02,Airports,Operational Reconnaissance,Initial Access,T1190,Attack
A-05-SCN046-01-03,Airports,Operational Reconnaissance,Execution,T1059,Attack
A-05-SCN046-01-04,Airports,Operational Reconnaissance,Execution,T1059,Attack
A-05-SCN046-01-05,Airports,Operational Reconnaissance,Execution,T1059,Attack
A-05-SCN046-01-06,Airports,Operational Reconnaissance,Execution,T1059,Attack
A-05-SCN046-01-07,Airports,Operational Reconnaissance,Execution,T1059,Attack
A-05-SCN046-01-08,Airports,Operational Reconnaissance,Execution,T1059,Attack
A-05-SCN046-01-09,Airports,Operational Reconnaissance,Execution,T1059,Attack
A-05-SCN046-02-00,Airports,Operational Reconnaissance,Reconnaissance,T1041,Attack
A-05-SCN046-02-01,Airports,Operational Reconnaissance,Discovery,T1087,Attack
A-05-SCN046-02-02,Airports,Operational Reconnaissance,Initial Access,T1190,Attack
A-05-SCN046-02-03,Airports,Operational Reconnaissance,Execution,T1059,Attack
A-05-SCN046-02-04,Airports,Operational Reconnaissance,Execution,T1059,Attack
A-05-SCN046-02-05,Airports,Operational Reconnaissance,Execution,T1059,Attack
A-05-SCN046-02-06,Airports,Operational Reconnaissance,Execution,T1059,Attack
A-05-SCN046-02-07,Airports,Operational Reconnaissance,Execution,T1059,Attack
A-05-SCN046-02-08,Airports,Operational Reconnaissance,Execution,T1059,Attack
A-05-SCN046-02-09,Airports,Operational Reconnaissance,Execution,T1059,Attack
A-05-SCN046-03-00,Airports,Operational Reconnaissance,Reconnaissance,T1041,Attack
A-05-SCN046-03-01,Airports,Operational Reconnaissance,Discovery,T1087,Attack
A-05-SCN046-03-02,Airports,Operational Reconnaissance,Initial Access,T1190,Attack
A-05-SCN046-03-03,Airports,Operational Reconnaissance,Execution,T1059,Attack
A-05-SCN046-03-04,Airports,Operational Reconnaissance,Execution,T1059,Attack
A-05-SCN046-03-05,Airports,Operational Reconnaissance,Execution,T1059,Attack
A-05-SCN046-03-06,Airports,Operational Reconnaissance,Execution,T1059,Attack
A-05-SCN046-03-07,Airports,Operational Reconnaissance,Execution,T1059,Attack
A-05-SCN046-03-08,Airports,Operational Reconnaissance,Execution,T1059,Attack
A-05-SCN046-03-09,Airports,Operational Reconnaissance,Execution,T1059,Attack
A-05-SCN046-04-00,Airports,Operational Reconnaissance,Reconnaissance,T1041,Attack
A-05-SCN046-04-01,Airports,Operational Reconnaissance,Discovery,T1046,Attack
A-05-SCN046-04-02,Airports,Operational Reconnaissance,Initial Access,T1190,Attack
A-05-SCN046-04-03,Airports,Operational Reconnaissance,Execution,T1059,Attack
A-05-SCN046-04-04,Airports,Operational Reconnaissance,Execution,T1059,Attack
A-05-SCN046-04-05,Airports,Operational Reconnaissance,Execution,T1059,Attack
A-05-SCN046-04-06,Airports,Operational Reconnaissance,Execution,T1059,Attack
A-05-SCN046-04-07,Airports,Operational Reconnaissance,Execution,T1059,Attack
A-05-SCN046-04-08,Airports,Operational Reconnaissance,Execution,T1059,Attack
A-05-SCN046-04-09,Airports,Operational Reconnaissance,Execution,T1059,Attack
A-05-SCN047-01-00,Airports,Remote Access Abuse,Reconnaissance,T1053,Attack
A-05-SCN047-01-01,Airports,Remote Access Abuse,Initial Access,T1190,Attack
A-05-SCN047-01-02,Airports,Remote Access Abuse,Execution,T1059,Attack
A-05-SCN047-01-03,Airports,Remote Access Abuse,Persistence,T1053,Attack
A-05-SCN047-01-04,Airports,Remote Access Abuse,Privilege Escalation,T1068,Attack
A-05-SCN047-01-05,Airports,Remote Access Abuse,Discovery,T1046,Attack
A-05-SCN047-01-06,Airports,Remote Access Abuse,Lateral Movement,T1021,Attack
A-05-SCN047-01-07,Airports,Remote Access Abuse,Command and Control,T1071,Attack
A-05-SCN047-01-08,Airports,Remote Access Abuse,Command and Control,T1071,Attack
A-05-SCN047-01-09,Airports,Remote Access Abuse,Command and Control,T1071,Attack
A-05-SCN047-02-00,Airports,Remote Access Abuse,Reconnaissance,T1078,Attack
A-05-SCN047-02-01,Airports,Remote Access Abuse,Initial Access,T1078,Attack
A-05-SCN047-02-02,Airports,Remote Access Abuse,Execution,T1059,Attack
A-05-SCN047-02-03,Airports,Remote Access Abuse,Persistence,T1053,Attack
A-05-SCN047-02-04,Airports,Remote Access Abuse,Privilege Escalation,T1068,Attack
A-05-SCN047-02-05,Airports,Remote Access Abuse,Discovery,T1087,Attack
A-05-SCN047-02-06,Airports,Remote Access Abuse,Lateral Movement,T1021,Attack
A-05-SCN047-02-07,Airports,Remote Access Abuse,Command and Control,T1071,Attack
A-05-SCN047-02-08,Airports,Remote Access Abuse,Command and Control,T1071,Attack
A-05-SCN047-02-09,Airports,Remote Access Abuse,Command and Control,T1071,Attack
A-05-SCN047-03-00,Airports,Remote Access Abuse,Reconnaissance,T1046,Attack
A-05-SCN047-03-01,Airports,Remote Access Abuse,Initial Access,T1190,Attack
A-05-SCN047-03-02,Airports,Remote Access Abuse,Execution,T1059,Attack
A-05-SCN047-03-03,Airports,Remote Access Abuse,Persistence,T1053,Attack
A-05-SCN047-03-04,Airports,Remote Access Abuse,Privilege Escalation,T1068,Attack
A-05-SCN047-03-05,Airports,Remote Access Abuse,Discovery,T1046,Attack
A-05-SCN047-03-06,Airports,Remote Access Abuse,Lateral Movement,T1021,Attack
A-05-SCN047-03-07,Airports,Remote Access Abuse,Command and Control,T1071,Attack
A-05-SCN047-03-08,Airports,Remote Access Abuse,Command and Control,T1071,Attack
A-05-SCN047-03-09,Airports,Remote Access Abuse,Command and Control,T1071,Attack
A-05-SCN047-04-00,Airports,Remote Access Abuse,Reconnaissance,T1087,Attack
A-05-SCN047-04-01,Airports,Remote Access Abuse,Initial Access,T1190,Attack
A-05-SCN047-04-02,Airports,Remote Access Abuse,Execution,T1059,Attack
A-05-SCN047-04-03,Airports,Remote Access Abuse,Persistence,T1053,Attack
A-05-SCN047-04-04,Airports,Remote Access Abuse,Privilege Escalation,T1068,Attack
A-05-SCN047-04-05,Airports,Remote Access Abuse,Discovery,T1046,Attack
A-05-SCN047-04-06,Airports,Remote Access Abuse,Lateral Movement,T1021,Attack
A-05-SCN047-04-07,Airports,Remote Access Abuse,Command and Control,T1071,Attack
A-05-SCN047-04-08,Airports,Remote Access Abuse,Command and Control,T1071,Attack
A-05-SCN047-04-09,Airports,Remote Access Abuse,Command and Control,T1071,Attack
A-05-SCN048-01-00,Airports,Data Exfiltration,Reconnaissance,T1068,Attack
A-05-SCN048-01-01,Airports,Data Exfiltration,Initial Access,T1190,Attack
A-05-SCN048-01-02,Airports,Data Exfiltration,Credential Access,T1110,Attack
A-05-SCN048-01-03,Airports,Data Exfiltration,Discovery,T1087,Attack
A-05-SCN048-01-04,Airports,Data Exfiltration,Collection,T1005,Attack
A-05-SCN048-01-05,Airports,Data Exfiltration,Exfiltration,T1041,Attack
A-05-SCN048-01-06,Airports,Data Exfiltration,Exfiltration,T1041,Attack
A-05-SCN048-01-07,Airports,Data Exfiltration,Exfiltration,T1041,Attack
A-05-SCN048-01-08,Airports,Data Exfiltration,Exfiltration,T1041,Attack
A-05-SCN048-01-09,Airports,Data Exfiltration,Exfiltration,T1041,Attack
A-05-SCN048-02-00,Airports,Data Exfiltration,Reconnaissance,T1498,Attack
A-05-SCN048-02-01,Airports,Data Exfiltration,Initial Access,T1078,Attack
A-05-SCN048-02-02,Airports,Data Exfiltration,Credential Access,T1110,Attack
A-05-SCN048-02-03,Airports,Data Exfiltration,Discovery,T1046,Attack
A-05-SCN048-02-04,Airports,Data Exfiltration,Collection,T1005,Attack
A-05-SCN048-02-05,Airports,Data Exfiltration,Exfiltration,T1041,Attack
A-05-SCN048-02-06,Airports,Data Exfiltration,Exfiltration,T1041,Attack
A-05-SCN048-02-07,Airports,Data Exfiltration,Exfiltration,T1041,Attack
A-05-SCN048-02-08,Airports,Data Exfiltration,Exfiltration,T1041,Attack
A-05-SCN048-02-09,Airports,Data Exfiltration,Exfiltration,T1041,Attack
A-05-SCN048-03-00,Airports,Data Exfiltration,Reconnaissance,T1190,Attack
A-05-SCN048-03-01,Airports,Data Exfiltration,Initial Access,T1078,Attack
A-05-SCN048-03-02,Airports,Data Exfiltration,Credential Access,T1110,Attack
A-05-SCN048-03-03,Airports,Data Exfiltration,Discovery,T1087,Attack
A-05-SCN048-03-04,Airports,Data Exfiltration,Collection,T1005,Attack
A-05-SCN048-03-05,Airports,Data Exfiltration,Exfiltration,T1041,Attack
A-05-SCN048-03-06,Airports,Data Exfiltration,Exfiltration,T1041,Attack
A-05-SCN048-03-07,Airports,Data Exfiltration,Exfiltration,T1041,Attack
A-05-SCN048-03-08,Airports,Data Exfiltration,Exfiltration,T1041,Attack
A-05-SCN048-03-09,Airports,Data Exfiltration,Exfiltration,T1041,Attack
A-05-SCN048-04-00,Airports,Data Exfiltration,Reconnaissance,T1021,Attack
A-05-SCN048-04-01,Airports,Data Exfiltration,Initial Access,T1078,Attack
A-05-SCN048-04-02,Airports,Data Exfiltration,Credential Access,T1110,Attack
A-05-SCN048-04-03,Airports,Data Exfiltration,Discovery,T1046,Attack
A-05-SCN048-04-04,Airports,Data Exfiltration,Collection,T1005,Attack
A-05-SCN048-04-05,Airports,Data Exfiltration,Exfiltration,T1041,Attack
A-05-SCN048-04-06,Airports,Data Exfiltration,Exfiltration,T1041,Attack
A-05-SCN048-04-07,Airports,Data Exfiltration,Exfiltration,T1041,Attack
A-05-SCN048-04-08,Airports,Data Exfiltration,Exfiltration,T1041,Attack
A-05-SCN048-04-09,Airports,Data Exfiltration,Exfiltration,T1041,Attack
A-05-SCN049-01-00,Airports,Web Application Compromise,Reconnaissance,T1110,Attack
A-05-SCN049-01-01,Airports,Web Application Compromise,Initial Access,T1190,Attack
A-05-SCN049-01-02,Airports,Web Application Compromise,Execution,T1059,Attack
A-05-SCN049-01-03,Airports,Web Application Compromise,Persistence,T1053,Attack
A-05-SCN049-01-04,Airports,Web Application Compromise,Privilege Escalation,T1068,Attack
A-05-SCN049-01-05,Airports,Web Application Compromise,Discovery,T1046,Attack
A-05-SCN049-01-06,Airports,Web Application Compromise,Lateral Movement,T1021,Attack
A-05-SCN049-01-07,Airports,Web Application Compromise,Command and Control,T1071,Attack
A-05-SCN049-01-08,Airports,Web Application Compromise,Command and Control,T1071,Attack
A-05-SCN049-01-09,Airports,Web Application Compromise,Command and Control,T1071,Attack
A-05-SCN049-02-00,Airports,Web Application Compromise,Reconnaissance,T1059,Attack
A-05-SCN049-02-01,Airports,Web Application Compromise,Initial Access,T1078,Attack
A-05-SCN049-02-02,Airports,Web Application Compromise,Execution,T1059,Attack
A-05-SCN049-02-03,Airports,Web Application Compromise,Persistence,T1053,Attack
A-05-SCN049-02-04,Airports,Web Application Compromise,Privilege Escalation,T1068,Attack
A-05-SCN049-02-05,Airports,Web Application Compromise,Discovery,T1046,Attack
A-05-SCN049-02-06,Airports,Web Application Compromise,Lateral Movement,T1021,Attack
A-05-SCN049-02-07,Airports,Web Application Compromise,Command and Control,T1071,Attack
A-05-SCN049-02-08,Airports,Web Application Compromise,Command and Control,T1071,Attack
A-05-SCN049-02-09,Airports,Web Application Compromise,Command and Control,T1071,Attack
A-05-SCN049-03-00,Airports,Web Application Compromise,Reconnaissance,T1087,Attack
A-05-SCN049-03-01,Airports,Web Application Compromise,Initial Access,T1078,Attack
A-05-SCN049-03-02,Airports,Web Application Compromise,Execution,T1059,Attack
A-05-SCN049-03-03,Airports,Web Application Compromise,Persistence,T1053,Attack
A-05-SCN049-03-04,Airports,Web Application Compromise,Privilege Escalation,T1068,Attack
A-05-SCN049-03-05,Airports,Web Application Compromise,Discovery,T1087,Attack
A-05-SCN049-03-06,Airports,Web Application Compromise,Lateral Movement,T1021,Attack
A-05-SCN049-03-07,Airports,Web Application Compromise,Command and Control,T1071,Attack
A-05-SCN049-03-08,Airports,Web Application Compromise,Command and Control,T1071,Attack
A-05-SCN049-03-09,Airports,Web Application Compromise,Command and Control,T1071,Attack
A-05-SCN049-04-00,Airports,Web Application Compromise,Reconnaissance,T1078,Attack
A-05-SCN049-04-01,Airports,Web Application Compromise,Initial Access,T1078,Attack
A-05-SCN049-04-02,Airports,Web Application Compromise,Execution,T1059,Attack
A-05-SCN049-04-03,Airports,Web Application Compromise,Persistence,T1053,Attack
A-05-SCN049-04-04,Airports,Web Application Compromise,Privilege Escalation,T1068,Attack
A-05-SCN049-04-05,Airports,Web Application Compromise,Discovery,T1087,Attack
A-05-SCN049-04-06,Airports,Web Application Compromise,Lateral Movement,T1021,Attack
A-05-SCN049-04-07,Airports,Web Application Compromise,Command and Control,T1071,Attack
A-05-SCN049-04-08,Airports,Web Application Compromise,Command and Control,T1071,Attack
A-05-SCN049-04-09,Airports,Web Application Compromise,Command and Control,T1071,Attack
A-05-SCN050-01-00,Airports,Command and Control,Reconnaissance,T1046,Attack
A-05-SCN050-01-01,Airports,Command and Control,Initial Access,T1078,Attack
A-05-SCN050-01-02,Airports,Command and Control,Execution,T1059,Attack
A-05-SCN050-01-03,Airports,Command and Control,Persistence,T1053,Attack
A-05-SCN050-01-04,Airports,Command and Control,Privilege Escalation,T1068,Attack
A-05-SCN050-01-05,Airports,Command and Control,Discovery,T1046,Attack
A-05-SCN050-01-06,Airports,Command and Control,Lateral Movement,T1021,Attack
A-05-SCN050-01-07,Airports,Command and Control,Command and Control,T1071,Attack
A-05-SCN050-01-08,Airports,Command and Control,Command and Control,T1071,Attack
A-05-SCN050-01-09,Airports,Command and Control,Command and Control,T1071,Attack
A-05-SCN050-02-00,Airports,Command and Control,Reconnaissance,T1498,Attack
A-05-SCN050-02-01,Airports,Command and Control,Initial Access,T1078,Attack
A-05-SCN050-02-02,Airports,Command and Control,Execution,T1059,Attack
A-05-SCN050-02-03,Airports,Command and Control,Persistence,T1053,Attack
A-05-SCN050-02-04,Airports,Command and Control,Privilege Escalation,T1068,Attack
A-05-SCN050-02-05,Airports,Command and Control,Discovery,T1087,Attack
A-05-SCN050-02-06,Airports,Command and Control,Lateral Movement,T1021,Attack
A-05-SCN050-02-07,Airports,Command and Control,Command and Control,T1071,Attack
A-05-SCN050-02-08,Airports,Command and Control,Command and Control,T1071,Attack
A-05-SCN050-02-09,Airports,Command and Control,Command and Control,T1071,Attack
A-05-SCN050-03-00,Airports,Command and Control,Reconnaissance,T1068,Attack
A-05-SCN050-03-01,Airports,Command and Control,Initial Access,T1078,Attack
A-05-SCN050-03-02,Airports,Command and Control,Execution,T1059,Attack
A-05-SCN050-03-03,Airports,Command and Control,Persistence,T1053,Attack
A-05-SCN050-03-04,Airports,Command and Control,Privilege Escalation,T1068,Attack
A-05-SCN050-03-05,Airports,Command and Control,Discovery,T1046,Attack
A-05-SCN050-03-06,Airports,Command and Control,Lateral Movement,T1021,Attack
A-05-SCN050-03-07,Airports,Command and Control,Command and Control,T1071,Attack
A-05-SCN050-03-08,Airports,Command and Control,Command and Control,T1071,Attack
A-05-SCN050-03-09,Airports,Command and Control,Command and Control,T1071,Attack
A-05-SCN050-04-00,Airports,Command and Control,Reconnaissance,T1053,Attack
A-05-SCN050-04-01,Airports,Command and Control,Initial Access,T1078,Attack
A-05-SCN050-04-02,Airports,Command and Control,Execution,T1059,Attack
A-05-SCN050-04-03,Airports,Command and Control,Persistence,T1053,Attack
A-05-SCN050-04-04,Airports,Command and Control,Privilege Escalation,T1068,Attack
A-05-SCN050-04-05,Airports,Command and Control,Discovery,T1046,Attack
A-05-SCN050-04-06,Airports,Command and Control,Lateral Movement,T1021,Attack
A-05-SCN050-04-07,Airports,Command and Control,Command and Control,T1071,Attack
A-05-SCN050-04-08,Airports,Command and Control,Command and Control,T1071,Attack
A-05-SCN050-04-09,Airports,Command and Control,Command and Control,T1071,Attack
N-06-00000,Defence Networks,Normal,Normal,None,Normal
N-06-00001,Defence Networks,Normal,Normal,None,Normal
N-06-00002,Defence Networks,Normal,Normal,None,Normal
N-06-00003,Defence Networks,Normal,Normal,None,Normal
N-06-00004,Defence Networks,Normal,Normal,None,Normal
N-06-00005,Defence Networks,Normal,Normal,None,Normal
N-06-00006,Defence Networks,Normal,Normal,None,Normal
N-06-00007,Defence Networks,Normal,Normal,None,Normal
N-06-00008,Defence Networks,Normal,Normal,None,Normal
N-06-00009,Defence Networks,Normal,Normal,None,Normal
N-06-00010,Defence Networks,Normal,Normal,None,Normal
N-06-00011,Defence Networks,Normal,Normal,None,Normal
N-06-00012,Defence Networks,Normal,Normal,None,Normal
N-06-00013,Defence Networks,Normal,Normal,None,Normal
N-06-00014,Defence Networks,Normal,Normal,None,Normal
N-06-00015,Defence Networks,Normal,Normal,None,Normal
N-06-00016,Defence Networks,Normal,Normal,None,Normal
N-06-00017,Defence Networks,Normal,Normal,None,Normal
N-06-00018,Defence Networks,Normal,Normal,None,Normal
N-06-00019,Defence Networks,Normal,Normal,None,Normal
N-06-00020,Defence Networks,Normal,Normal,None,Normal
N-06-00021,Defence Networks,Normal,Normal,None,Normal
N-06-00022,Defence Networks,Normal,Normal,None,Normal
N-06-00023,Defence Networks,Normal,Normal,None,Normal
N-06-00024,Defence Networks,Normal,Normal,None,Normal
N-06-00025,Defence Networks,Normal,Normal,None,Normal
N-06-00026,Defence Networks,Normal,Normal,None,Normal
N-06-00027,Defence Networks,Normal,Normal,None,Normal
N-06-00028,Defence Networks,Normal,Normal,None,Normal
N-06-00029,Defence Networks,Normal,Normal,None,Normal
N-06-00030,Defence Networks,Normal,Normal,None,Normal
N-06-00031,Defence Networks,Normal,Normal,None,Normal
N-06-00032,Defence Networks,Normal,Normal,None,Normal
N-06-00033,Defence Networks,Normal,Normal,None,Normal
N-06-00034,Defence Networks,Normal,Normal,None,Normal
N-06-00035,Defence Networks,Normal,Normal,None,Normal
N-06-00036,Defence Networks,Normal,Normal,None,Normal
N-06-00037,Defence Networks,Normal,Normal,None,Normal
N-06-00038,Defence Networks,Normal,Normal,None,Normal
N-06-00039,Defence Networks,Normal,Normal,None,Normal
N-06-00040,Defence Networks,Normal,Normal,None,Normal
N-06-00041,Defence Networks,Normal,Normal,None,Normal
N-06-00042,Defence Networks,Normal,Normal,None,Normal
N-06-00043,Defence Networks,Normal,Normal,None,Normal
N-06-00044,Defence Networks,Normal,Normal,None,Normal
N-06-00045,Defence Networks,Normal,Normal,None,Normal
N-06-00046,Defence Networks,Normal,Normal,None,Normal
N-06-00047,Defence Networks,Normal,Normal,None,Normal
N-06-00048,Defence Networks,Normal,Normal,None,Normal
N-06-00049,Defence Networks,Normal,Normal,None,Normal
N-06-00050,Defence Networks,Normal,Normal,None,Normal
N-06-00051,Defence Networks,Normal,Normal,None,Normal
N-06-00052,Defence Networks,Normal,Normal,None,Normal
N-06-00053,Defence Networks,Normal,Normal,None,Normal
N-06-00054,Defence Networks,Normal,Normal,None,Normal
N-06-00055,Defence Networks,Normal,Normal,None,Normal
N-06-00056,Defence Networks,Normal,Normal,None,Normal
N-06-00057,Defence Networks,Normal,Normal,None,Normal
N-06-00058,Defence Networks,Normal,Normal,None,Normal
N-06-00059,Defence Networks,Normal,Normal,None,Normal
N-06-00060,Defence Networks,Normal,Normal,None,Normal
N-06-00061,Defence Networks,Normal,Normal,None,Normal
N-06-00062,Defence Networks,Normal,Normal,None,Normal
N-06-00063,Defence Networks,Normal,Normal,None,Normal
N-06-00064,Defence Networks,Normal,Normal,None,Normal
N-06-00065,Defence Networks,Normal,Normal,None,Normal
N-06-00066,Defence Networks,Normal,Normal,None,Normal
N-06-00067,Defence Networks,Normal,Normal,None,Normal
N-06-00068,Defence Networks,Normal,Normal,None,Normal
N-06-00069,Defence Networks,Normal,Normal,None,Normal
N-06-00070,Defence Networks,Normal,Normal,None,Normal
N-06-00071,Defence Networks,Normal,Normal,None,Normal
N-06-00072,Defence Networks,Normal,Normal,None,Normal
N-06-00073,Defence Networks,Normal,Normal,None,Normal
N-06-00074,Defence Networks,Normal,Normal,None,Normal
N-06-00075,Defence Networks,Normal,Normal,None,Normal
N-06-00076,Defence Networks,Normal,Normal,None,Normal
N-06-00077,Defence Networks,Normal,Normal,None,Normal
N-06-00078,Defence Networks,Normal,Normal,None,Normal
N-06-00079,Defence Networks,Normal,Normal,None,Normal
N-06-00080,Defence Networks,Normal,Normal,None,Normal
N-06-00081,Defence Networks,Normal,Normal,None,Normal
N-06-00082,Defence Networks,Normal,Normal,None,Normal
N-06-00083,Defence Networks,Normal,Normal,None,Normal
N-06-00084,Defence Networks,Normal,Normal,None,Normal
N-06-00085,Defence Networks,Normal,Normal,None,Normal
N-06-00086,Defence Networks,Normal,Normal,None,Normal
N-06-00087,Defence Networks,Normal,Normal,None,Normal
N-06-00088,Defence Networks,Normal,Normal,None,Normal
N-06-00089,Defence Networks,Normal,Normal,None,Normal
N-06-00090,Defence Networks,Normal,Normal,None,Normal
N-06-00091,Defence Networks,Normal,Normal,None,Normal
N-06-00092,Defence Networks,Normal,Normal,None,Normal
N-06-00093,Defence Networks,Normal,Normal,None,Normal
N-06-00094,Defence Networks,Normal,Normal,None,Normal
N-06-00095,Defence Networks,Normal,Normal,None,Normal
N-06-00096,Defence Networks,Normal,Normal,None,Normal
N-06-00097,Defence Networks,Normal,Normal,None,Normal
N-06-00098,Defence Networks,Normal,Normal,None,Normal
N-06-00099,Defence Networks,Normal,Normal,None,Normal
N-06-00100,Defence Networks,Normal,Normal,None,Normal
N-06-00101,Defence Networks,Normal,Normal,None,Normal
N-06-00102,Defence Networks,Normal,Normal,None,Normal
N-06-00103,Defence Networks,Normal,Normal,None,Normal
N-06-00104,Defence Networks,Normal,Normal,None,Normal
N-06-00105,Defence Networks,Normal,Normal,None,Normal
N-06-00106,Defence Networks,Normal,Normal,None,Normal
N-06-00107,Defence Networks,Normal,Normal,None,Normal
N-06-00108,Defence Networks,Normal,Normal,None,Normal
N-06-00109,Defence Networks,Normal,Normal,None,Normal
N-06-00110,Defence Networks,Normal,Normal,None,Normal
N-06-00111,Defence Networks,Normal,Normal,None,Normal
N-06-00112,Defence Networks,Normal,Normal,None,Normal
N-06-00113,Defence Networks,Normal,Normal,None,Normal
N-06-00114,Defence Networks,Normal,Normal,None,Normal
N-06-00115,Defence Networks,Normal,Normal,None,Normal
N-06-00116,Defence Networks,Normal,Normal,None,Normal
N-06-00117,Defence Networks,Normal,Normal,None,Normal
N-06-00118,Defence Networks,Normal,Normal,None,Normal
N-06-00119,Defence Networks,Normal,Normal,None,Normal
N-06-00120,Defence Networks,Normal,Normal,None,Normal
N-06-00121,Defence Networks,Normal,Normal,None,Normal
N-06-00122,Defence Networks,Normal,Normal,None,Normal
N-06-00123,Defence Networks,Normal,Normal,None,Normal
N-06-00124,Defence Networks,Normal,Normal,None,Normal
N-06-00125,Defence Networks,Normal,Normal,None,Normal
N-06-00126,Defence Networks,Normal,Normal,None,Normal
N-06-00127,Defence Networks,Normal,Normal,None,Normal
N-06-00128,Defence Networks,Normal,Normal,None,Normal
N-06-00129,Defence Networks,Normal,Normal,None,Normal
N-06-00130,Defence Networks,Normal,Normal,None,Normal
N-06-00131,Defence Networks,Normal,Normal,None,Normal
N-06-00132,Defence Networks,Normal,Normal,None,Normal
N-06-00133,Defence Networks,Normal,Normal,None,Normal
N-06-00134,Defence Networks,Normal,Normal,None,Normal
N-06-00135,Defence Networks,Normal,Normal,None,Normal
N-06-00136,Defence Networks,Normal,Normal,None,Normal
N-06-00137,Defence Networks,Normal,Normal,None,Normal
N-06-00138,Defence Networks,Normal,Normal,None,Normal
N-06-00139,Defence Networks,Normal,Normal,None,Normal
N-06-00140,Defence Networks,Normal,Normal,None,Normal
N-06-00141,Defence Networks,Normal,Normal,None,Normal
N-06-00142,Defence Networks,Normal,Normal,None,Normal
N-06-00143,Defence Networks,Normal,Normal,None,Normal
N-06-00144,Defence Networks,Normal,Normal,None,Normal
N-06-00145,Defence Networks,Normal,Normal,None,Normal
N-06-00146,Defence Networks,Normal,Normal,None,Normal
N-06-00147,Defence Networks,Normal,Normal,None,Normal
N-06-00148,Defence Networks,Normal,Normal,None,Normal
N-06-00149,Defence Networks,Normal,Normal,None,Normal
N-06-00150,Defence Networks,Normal,Normal,None,Normal
N-06-00151,Defence Networks,Normal,Normal,None,Normal
N-06-00152,Defence Networks,Normal,Normal,None,Normal
N-06-00153,Defence Networks,Normal,Normal,None,Normal
N-06-00154,Defence Networks,Normal,Normal,None,Normal
N-06-00155,Defence Networks,Normal,Normal,None,Normal
N-06-00156,Defence Networks,Normal,Normal,None,Normal
N-06-00157,Defence Networks,Normal,Normal,None,Normal
N-06-00158,Defence Networks,Normal,Normal,None,Normal
N-06-00159,Defence Networks,Normal,Normal,None,Normal
N-06-00160,Defence Networks,Normal,Normal,None,Normal
N-06-00161,Defence Networks,Normal,Normal,None,Normal
N-06-00162,Defence Networks,Normal,Normal,None,Normal
N-06-00163,Defence Networks,Normal,Normal,None,Normal
N-06-00164,Defence Networks,Normal,Normal,None,Normal
N-06-00165,Defence Networks,Normal,Normal,None,Normal
N-06-00166,Defence Networks,Normal,Normal,None,Normal
N-06-00167,Defence Networks,Normal,Normal,None,Normal
N-06-00168,Defence Networks,Normal,Normal,None,Normal
N-06-00169,Defence Networks,Normal,Normal,None,Normal
N-06-00170,Defence Networks,Normal,Normal,None,Normal
N-06-00171,Defence Networks,Normal,Normal,None,Normal
N-06-00172,Defence Networks,Normal,Normal,None,Normal
N-06-00173,Defence Networks,Normal,Normal,None,Normal
N-06-00174,Defence Networks,Normal,Normal,None,Normal
N-06-00175,Defence Networks,Normal,Normal,None,Normal
N-06-00176,Defence Networks,Normal,Normal,None,Normal
N-06-00177,Defence Networks,Normal,Normal,None,Normal
N-06-00178,Defence Networks,Normal,Normal,None,Normal
N-06-00179,Defence Networks,Normal,Normal,None,Normal
N-06-00180,Defence Networks,Normal,Normal,None,Normal
N-06-00181,Defence Networks,Normal,Normal,None,Normal
N-06-00182,Defence Networks,Normal,Normal,None,Normal
N-06-00183,Defence Networks,Normal,Normal,None,Normal
N-06-00184,Defence Networks,Normal,Normal,None,Normal
N-06-00185,Defence Networks,Normal,Normal,None,Normal
N-06-00186,Defence Networks,Normal,Normal,None,Normal
N-06-00187,Defence Networks,Normal,Normal,None,Normal
N-06-00188,Defence Networks,Normal,Normal,None,Normal
N-06-00189,Defence Networks,Normal,Normal,None,Normal
N-06-00190,Defence Networks,Normal,Normal,None,Normal
N-06-00191,Defence Networks,Normal,Normal,None,Normal
N-06-00192,Defence Networks,Normal,Normal,None,Normal
N-06-00193,Defence Networks,Normal,Normal,None,Normal
N-06-00194,Defence Networks,Normal,Normal,None,Normal
N-06-00195,Defence Networks,Normal,Normal,None,Normal
N-06-00196,Defence Networks,Normal,Normal,None,Normal
N-06-00197,Defence Networks,Normal,Normal,None,Normal
N-06-00198,Defence Networks,Normal,Normal,None,Normal
N-06-00199,Defence Networks,Normal,Normal,None,Normal
N-06-00200,Defence Networks,Normal,Normal,None,Normal
N-06-00201,Defence Networks,Normal,Normal,None,Normal
N-06-00202,Defence Networks,Normal,Normal,None,Normal
N-06-00203,Defence Networks,Normal,Normal,None,Normal
N-06-00204,Defence Networks,Normal,Normal,None,Normal
N-06-00205,Defence Networks,Normal,Normal,None,Normal
N-06-00206,Defence Networks,Normal,Normal,None,Normal
N-06-00207,Defence Networks,Normal,Normal,None,Normal
N-06-00208,Defence Networks,Normal,Normal,None,Normal
N-06-00209,Defence Networks,Normal,Normal,None,Normal
N-06-00210,Defence Networks,Normal,Normal,None,Normal
N-06-00211,Defence Networks,Normal,Normal,None,Normal
N-06-00212,Defence Networks,Normal,Normal,None,Normal
N-06-00213,Defence Networks,Normal,Normal,None,Normal
N-06-00214,Defence Networks,Normal,Normal,None,Normal
N-06-00215,Defence Networks,Normal,Normal,None,Normal
N-06-00216,Defence Networks,Normal,Normal,None,Normal
N-06-00217,Defence Networks,Normal,Normal,None,Normal
N-06-00218,Defence Networks,Normal,Normal,None,Normal
N-06-00219,Defence Networks,Normal,Normal,None,Normal
N-06-00220,Defence Networks,Normal,Normal,None,Normal
N-06-00221,Defence Networks,Normal,Normal,None,Normal
N-06-00222,Defence Networks,Normal,Normal,None,Normal
N-06-00223,Defence Networks,Normal,Normal,None,Normal
N-06-00224,Defence Networks,Normal,Normal,None,Normal
N-06-00225,Defence Networks,Normal,Normal,None,Normal
N-06-00226,Defence Networks,Normal,Normal,None,Normal
N-06-00227,Defence Networks,Normal,Normal,None,Normal
N-06-00228,Defence Networks,Normal,Normal,None,Normal
N-06-00229,Defence Networks,Normal,Normal,None,Normal
N-06-00230,Defence Networks,Normal,Normal,None,Normal
N-06-00231,Defence Networks,Normal,Normal,None,Normal
N-06-00232,Defence Networks,Normal,Normal,None,Normal
N-06-00233,Defence Networks,Normal,Normal,None,Normal
N-06-00234,Defence Networks,Normal,Normal,None,Normal
N-06-00235,Defence Networks,Normal,Normal,None,Normal
N-06-00236,Defence Networks,Normal,Normal,None,Normal
N-06-00237,Defence Networks,Normal,Normal,None,Normal
N-06-00238,Defence Networks,Normal,Normal,None,Normal
N-06-00239,Defence Networks,Normal,Normal,None,Normal
N-06-00240,Defence Networks,Normal,Normal,None,Normal
N-06-00241,Defence Networks,Normal,Normal,None,Normal
N-06-00242,Defence Networks,Normal,Normal,None,Normal
N-06-00243,Defence Networks,Normal,Normal,None,Normal
N-06-00244,Defence Networks,Normal,Normal,None,Normal
N-06-00245,Defence Networks,Normal,Normal,None,Normal
N-06-00246,Defence Networks,Normal,Normal,None,Normal
N-06-00247,Defence Networks,Normal,Normal,None,Normal
N-06-00248,Defence Networks,Normal,Normal,None,Normal
N-06-00249,Defence Networks,Normal,Normal,None,Normal
N-06-00250,Defence Networks,Normal,Normal,None,Normal
N-06-00251,Defence Networks,Normal,Normal,None,Normal
N-06-00252,Defence Networks,Normal,Normal,None,Normal
N-06-00253,Defence Networks,Normal,Normal,None,Normal
N-06-00254,Defence Networks,Normal,Normal,None,Normal
N-06-00255,Defence Networks,Normal,Normal,None,Normal
N-06-00256,Defence Networks,Normal,Normal,None,Normal
N-06-00257,Defence Networks,Normal,Normal,None,Normal
N-06-00258,Defence Networks,Normal,Normal,None,Normal
N-06-00259,Defence Networks,Normal,Normal,None,Normal
N-06-00260,Defence Networks,Normal,Normal,None,Normal
N-06-00261,Defence Networks,Normal,Normal,None,Normal
N-06-00262,Defence Networks,Normal,Normal,None,Normal
N-06-00263,Defence Networks,Normal,Normal,None,Normal
N-06-00264,Defence Networks,Normal,Normal,None,Normal
N-06-00265,Defence Networks,Normal,Normal,None,Normal
N-06-00266,Defence Networks,Normal,Normal,None,Normal
N-06-00267,Defence Networks,Normal,Normal,None,Normal
N-06-00268,Defence Networks,Normal,Normal,None,Normal
N-06-00269,Defence Networks,Normal,Normal,None,Normal
N-06-00270,Defence Networks,Normal,Normal,None,Normal
N-06-00271,Defence Networks,Normal,Normal,None,Normal
N-06-00272,Defence Networks,Normal,Normal,None,Normal
N-06-00273,Defence Networks,Normal,Normal,None,Normal
N-06-00274,Defence Networks,Normal,Normal,None,Normal
N-06-00275,Defence Networks,Normal,Normal,None,Normal
N-06-00276,Defence Networks,Normal,Normal,None,Normal
N-06-00277,Defence Networks,Normal,Normal,None,Normal
N-06-00278,Defence Networks,Normal,Normal,None,Normal
N-06-00279,Defence Networks,Normal,Normal,None,Normal
N-06-00280,Defence Networks,Normal,Normal,None,Normal
N-06-00281,Defence Networks,Normal,Normal,None,Normal
N-06-00282,Defence Networks,Normal,Normal,None,Normal
N-06-00283,Defence Networks,Normal,Normal,None,Normal
N-06-00284,Defence Networks,Normal,Normal,None,Normal
N-06-00285,Defence Networks,Normal,Normal,None,Normal
N-06-00286,Defence Networks,Normal,Normal,None,Normal
N-06-00287,Defence Networks,Normal,Normal,None,Normal
N-06-00288,Defence Networks,Normal,Normal,None,Normal
N-06-00289,Defence Networks,Normal,Normal,None,Normal
N-06-00290,Defence Networks,Normal,Normal,None,Normal
N-06-00291,Defence Networks,Normal,Normal,None,Normal
N-06-00292,Defence Networks,Normal,Normal,None,Normal
N-06-00293,Defence Networks,Normal,Normal,None,Normal
N-06-00294,Defence Networks,Normal,Normal,None,Normal
N-06-00295,Defence Networks,Normal,Normal,None,Normal
N-06-00296,Defence Networks,Normal,Normal,None,Normal
N-06-00297,Defence Networks,Normal,Normal,None,Normal
N-06-00298,Defence Networks,Normal,Normal,None,Normal
N-06-00299,Defence Networks,Normal,Normal,None,Normal
N-06-00300,Defence Networks,Normal,Normal,None,Normal
N-06-00301,Defence Networks,Normal,Normal,None,Normal
N-06-00302,Defence Networks,Normal,Normal,None,Normal
N-06-00303,Defence Networks,Normal,Normal,None,Normal
N-06-00304,Defence Networks,Normal,Normal,None,Normal
N-06-00305,Defence Networks,Normal,Normal,None,Normal
N-06-00306,Defence Networks,Normal,Normal,None,Normal
N-06-00307,Defence Networks,Normal,Normal,None,Normal
N-06-00308,Defence Networks,Normal,Normal,None,Normal
N-06-00309,Defence Networks,Normal,Normal,None,Normal
N-06-00310,Defence Networks,Normal,Normal,None,Normal
N-06-00311,Defence Networks,Normal,Normal,None,Normal
N-06-00312,Defence Networks,Normal,Normal,None,Normal
N-06-00313,Defence Networks,Normal,Normal,None,Normal
N-06-00314,Defence Networks,Normal,Normal,None,Normal
N-06-00315,Defence Networks,Normal,Normal,None,Normal
N-06-00316,Defence Networks,Normal,Normal,None,Normal
N-06-00317,Defence Networks,Normal,Normal,None,Normal
N-06-00318,Defence Networks,Normal,Normal,None,Normal
N-06-00319,Defence Networks,Normal,Normal,None,Normal
N-06-00320,Defence Networks,Normal,Normal,None,Normal
N-06-00321,Defence Networks,Normal,Normal,None,Normal
N-06-00322,Defence Networks,Normal,Normal,None,Normal
N-06-00323,Defence Networks,Normal,Normal,None,Normal
N-06-00324,Defence Networks,Normal,Normal,None,Normal
N-06-00325,Defence Networks,Normal,Normal,None,Normal
N-06-00326,Defence Networks,Normal,Normal,None,Normal
N-06-00327,Defence Networks,Normal,Normal,None,Normal
N-06-00328,Defence Networks,Normal,Normal,None,Normal
N-06-00329,Defence Networks,Normal,Normal,None,Normal
N-06-00330,Defence Networks,Normal,Normal,None,Normal
N-06-00331,Defence Networks,Normal,Normal,None,Normal
N-06-00332,Defence Networks,Normal,Normal,None,Normal
N-06-00333,Defence Networks,Normal,Normal,None,Normal
N-06-00334,Defence Networks,Normal,Normal,None,Normal
N-06-00335,Defence Networks,Normal,Normal,None,Normal
N-06-00336,Defence Networks,Normal,Normal,None,Normal
N-06-00337,Defence Networks,Normal,Normal,None,Normal
N-06-00338,Defence Networks,Normal,Normal,None,Normal
N-06-00339,Defence Networks,Normal,Normal,None,Normal
N-06-00340,Defence Networks,Normal,Normal,None,Normal
N-06-00341,Defence Networks,Normal,Normal,None,Normal
N-06-00342,Defence Networks,Normal,Normal,None,Normal
N-06-00343,Defence Networks,Normal,Normal,None,Normal
N-06-00344,Defence Networks,Normal,Normal,None,Normal
N-06-00345,Defence Networks,Normal,Normal,None,Normal
N-06-00346,Defence Networks,Normal,Normal,None,Normal
N-06-00347,Defence Networks,Normal,Normal,None,Normal
N-06-00348,Defence Networks,Normal,Normal,None,Normal
N-06-00349,Defence Networks,Normal,Normal,None,Normal
N-06-00350,Defence Networks,Normal,Normal,None,Normal
N-06-00351,Defence Networks,Normal,Normal,None,Normal
N-06-00352,Defence Networks,Normal,Normal,None,Normal
N-06-00353,Defence Networks,Normal,Normal,None,Normal
N-06-00354,Defence Networks,Normal,Normal,None,Normal
N-06-00355,Defence Networks,Normal,Normal,None,Normal
N-06-00356,Defence Networks,Normal,Normal,None,Normal
N-06-00357,Defence Networks,Normal,Normal,None,Normal
N-06-00358,Defence Networks,Normal,Normal,None,Normal
N-06-00359,Defence Networks,Normal,Normal,None,Normal
N-06-00360,Defence Networks,Normal,Normal,None,Normal
N-06-00361,Defence Networks,Normal,Normal,None,Normal
N-06-00362,Defence Networks,Normal,Normal,None,Normal
N-06-00363,Defence Networks,Normal,Normal,None,Normal
N-06-00364,Defence Networks,Normal,Normal,None,Normal
N-06-00365,Defence Networks,Normal,Normal,None,Normal
N-06-00366,Defence Networks,Normal,Normal,None,Normal
N-06-00367,Defence Networks,Normal,Normal,None,Normal
N-06-00368,Defence Networks,Normal,Normal,None,Normal
N-06-00369,Defence Networks,Normal,Normal,None,Normal
N-06-00370,Defence Networks,Normal,Normal,None,Normal
N-06-00371,Defence Networks,Normal,Normal,None,Normal
N-06-00372,Defence Networks,Normal,Normal,None,Normal
N-06-00373,Defence Networks,Normal,Normal,None,Normal
N-06-00374,Defence Networks,Normal,Normal,None,Normal
N-06-00375,Defence Networks,Normal,Normal,None,Normal
N-06-00376,Defence Networks,Normal,Normal,None,Normal
N-06-00377,Defence Networks,Normal,Normal,None,Normal
N-06-00378,Defence Networks,Normal,Normal,None,Normal
N-06-00379,Defence Networks,Normal,Normal,None,Normal
N-06-00380,Defence Networks,Normal,Normal,None,Normal
N-06-00381,Defence Networks,Normal,Normal,None,Normal
N-06-00382,Defence Networks,Normal,Normal,None,Normal
N-06-00383,Defence Networks,Normal,Normal,None,Normal
N-06-00384,Defence Networks,Normal,Normal,None,Normal
N-06-00385,Defence Networks,Normal,Normal,None,Normal
N-06-00386,Defence Networks,Normal,Normal,None,Normal
N-06-00387,Defence Networks,Normal,Normal,None,Normal
N-06-00388,Defence Networks,Normal,Normal,None,Normal
N-06-00389,Defence Networks,Normal,Normal,None,Normal
N-06-00390,Defence Networks,Normal,Normal,None,Normal
N-06-00391,Defence Networks,Normal,Normal,None,Normal
N-06-00392,Defence Networks,Normal,Normal,None,Normal
N-06-00393,Defence Networks,Normal,Normal,None,Normal
N-06-00394,Defence Networks,Normal,Normal,None,Normal
N-06-00395,Defence Networks,Normal,Normal,None,Normal
N-06-00396,Defence Networks,Normal,Normal,None,Normal
N-06-00397,Defence Networks,Normal,Normal,None,Normal
N-06-00398,Defence Networks,Normal,Normal,None,Normal
N-06-00399,Defence Networks,Normal,Normal,None,Normal
N-06-00400,Defence Networks,Normal,Normal,None,Normal
N-06-00401,Defence Networks,Normal,Normal,None,Normal
N-06-00402,Defence Networks,Normal,Normal,None,Normal
N-06-00403,Defence Networks,Normal,Normal,None,Normal
N-06-00404,Defence Networks,Normal,Normal,None,Normal
N-06-00405,Defence Networks,Normal,Normal,None,Normal
N-06-00406,Defence Networks,Normal,Normal,None,Normal
N-06-00407,Defence Networks,Normal,Normal,None,Normal
N-06-00408,Defence Networks,Normal,Normal,None,Normal
N-06-00409,Defence Networks,Normal,Normal,None,Normal
N-06-00410,Defence Networks,Normal,Normal,None,Normal
N-06-00411,Defence Networks,Normal,Normal,None,Normal
N-06-00412,Defence Networks,Normal,Normal,None,Normal
N-06-00413,Defence Networks,Normal,Normal,None,Normal
N-06-00414,Defence Networks,Normal,Normal,None,Normal
N-06-00415,Defence Networks,Normal,Normal,None,Normal
N-06-00416,Defence Networks,Normal,Normal,None,Normal
N-06-00417,Defence Networks,Normal,Normal,None,Normal
N-06-00418,Defence Networks,Normal,Normal,None,Normal
N-06-00419,Defence Networks,Normal,Normal,None,Normal
N-06-00420,Defence Networks,Normal,Normal,None,Normal
N-06-00421,Defence Networks,Normal,Normal,None,Normal
N-06-00422,Defence Networks,Normal,Normal,None,Normal
N-06-00423,Defence Networks,Normal,Normal,None,Normal
N-06-00424,Defence Networks,Normal,Normal,None,Normal
N-06-00425,Defence Networks,Normal,Normal,None,Normal
N-06-00426,Defence Networks,Normal,Normal,None,Normal
N-06-00427,Defence Networks,Normal,Normal,None,Normal
N-06-00428,Defence Networks,Normal,Normal,None,Normal
N-06-00429,Defence Networks,Normal,Normal,None,Normal
N-06-00430,Defence Networks,Normal,Normal,None,Normal
N-06-00431,Defence Networks,Normal,Normal,None,Normal
N-06-00432,Defence Networks,Normal,Normal,None,Normal
N-06-00433,Defence Networks,Normal,Normal,None,Normal
N-06-00434,Defence Networks,Normal,Normal,None,Normal
N-06-00435,Defence Networks,Normal,Normal,None,Normal
N-06-00436,Defence Networks,Normal,Normal,None,Normal
N-06-00437,Defence Networks,Normal,Normal,None,Normal
N-06-00438,Defence Networks,Normal,Normal,None,Normal
N-06-00439,Defence Networks,Normal,Normal,None,Normal
N-06-00440,Defence Networks,Normal,Normal,None,Normal
N-06-00441,Defence Networks,Normal,Normal,None,Normal
N-06-00442,Defence Networks,Normal,Normal,None,Normal
N-06-00443,Defence Networks,Normal,Normal,None,Normal
N-06-00444,Defence Networks,Normal,Normal,None,Normal
N-06-00445,Defence Networks,Normal,Normal,None,Normal
N-06-00446,Defence Networks,Normal,Normal,None,Normal
N-06-00447,Defence Networks,Normal,Normal,None,Normal
N-06-00448,Defence Networks,Normal,Normal,None,Normal
N-06-00449,Defence Networks,Normal,Normal,None,Normal
N-06-00450,Defence Networks,Normal,Normal,None,Normal
N-06-00451,Defence Networks,Normal,Normal,None,Normal
N-06-00452,Defence Networks,Normal,Normal,None,Normal
N-06-00453,Defence Networks,Normal,Normal,None,Normal
N-06-00454,Defence Networks,Normal,Normal,None,Normal
N-06-00455,Defence Networks,Normal,Normal,None,Normal
N-06-00456,Defence Networks,Normal,Normal,None,Normal
N-06-00457,Defence Networks,Normal,Normal,None,Normal
N-06-00458,Defence Networks,Normal,Normal,None,Normal
N-06-00459,Defence Networks,Normal,Normal,None,Normal
N-06-00460,Defence Networks,Normal,Normal,None,Normal
N-06-00461,Defence Networks,Normal,Normal,None,Normal
N-06-00462,Defence Networks,Normal,Normal,None,Normal
N-06-00463,Defence Networks,Normal,Normal,None,Normal
N-06-00464,Defence Networks,Normal,Normal,None,Normal
N-06-00465,Defence Networks,Normal,Normal,None,Normal
N-06-00466,Defence Networks,Normal,Normal,None,Normal
N-06-00467,Defence Networks,Normal,Normal,None,Normal
N-06-00468,Defence Networks,Normal,Normal,None,Normal
N-06-00469,Defence Networks,Normal,Normal,None,Normal
N-06-00470,Defence Networks,Normal,Normal,None,Normal
N-06-00471,Defence Networks,Normal,Normal,None,Normal
N-06-00472,Defence Networks,Normal,Normal,None,Normal
N-06-00473,Defence Networks,Normal,Normal,None,Normal
N-06-00474,Defence Networks,Normal,Normal,None,Normal
N-06-00475,Defence Networks,Normal,Normal,None,Normal
N-06-00476,Defence Networks,Normal,Normal,None,Normal
N-06-00477,Defence Networks,Normal,Normal,None,Normal
N-06-00478,Defence Networks,Normal,Normal,None,Normal
N-06-00479,Defence Networks,Normal,Normal,None,Normal
N-06-00480,Defence Networks,Normal,Normal,None,Normal
N-06-00481,Defence Networks,Normal,Normal,None,Normal
N-06-00482,Defence Networks,Normal,Normal,None,Normal
N-06-00483,Defence Networks,Normal,Normal,None,Normal
N-06-00484,Defence Networks,Normal,Normal,None,Normal
N-06-00485,Defence Networks,Normal,Normal,None,Normal
N-06-00486,Defence Networks,Normal,Normal,None,Normal
N-06-00487,Defence Networks,Normal,Normal,None,Normal
N-06-00488,Defence Networks,Normal,Normal,None,Normal
N-06-00489,Defence Networks,Normal,Normal,None,Normal
N-06-00490,Defence Networks,Normal,Normal,None,Normal
N-06-00491,Defence Networks,Normal,Normal,None,Normal
N-06-00492,Defence Networks,Normal,Normal,None,Normal
N-06-00493,Defence Networks,Normal,Normal,None,Normal
N-06-00494,Defence Networks,Normal,Normal,None,Normal
N-06-00495,Defence Networks,Normal,Normal,None,Normal
N-06-00496,Defence Networks,Normal,Normal,None,Normal
N-06-00497,Defence Networks,Normal,Normal,None,Normal
N-06-00498,Defence Networks,Normal,Normal,None,Normal
N-06-00499,Defence Networks,Normal,Normal,None,Normal
N-06-00500,Defence Networks,Normal,Normal,None,Normal
N-06-00501,Defence Networks,Normal,Normal,None,Normal
N-06-00502,Defence Networks,Normal,Normal,None,Normal
N-06-00503,Defence Networks,Normal,Normal,None,Normal
N-06-00504,Defence Networks,Normal,Normal,None,Normal
N-06-00505,Defence Networks,Normal,Normal,None,Normal
N-06-00506,Defence Networks,Normal,Normal,None,Normal
N-06-00507,Defence Networks,Normal,Normal,None,Normal
N-06-00508,Defence Networks,Normal,Normal,None,Normal
N-06-00509,Defence Networks,Normal,Normal,None,Normal
N-06-00510,Defence Networks,Normal,Normal,None,Normal
N-06-00511,Defence Networks,Normal,Normal,None,Normal
N-06-00512,Defence Networks,Normal,Normal,None,Normal
N-06-00513,Defence Networks,Normal,Normal,None,Normal
N-06-00514,Defence Networks,Normal,Normal,None,Normal
N-06-00515,Defence Networks,Normal,Normal,None,Normal
N-06-00516,Defence Networks,Normal,Normal,None,Normal
N-06-00517,Defence Networks,Normal,Normal,None,Normal
N-06-00518,Defence Networks,Normal,Normal,None,Normal
N-06-00519,Defence Networks,Normal,Normal,None,Normal
N-06-00520,Defence Networks,Normal,Normal,None,Normal
N-06-00521,Defence Networks,Normal,Normal,None,Normal
N-06-00522,Defence Networks,Normal,Normal,None,Normal
N-06-00523,Defence Networks,Normal,Normal,None,Normal
N-06-00524,Defence Networks,Normal,Normal,None,Normal
N-06-00525,Defence Networks,Normal,Normal,None,Normal
N-06-00526,Defence Networks,Normal,Normal,None,Normal
N-06-00527,Defence Networks,Normal,Normal,None,Normal
N-06-00528,Defence Networks,Normal,Normal,None,Normal
N-06-00529,Defence Networks,Normal,Normal,None,Normal
N-06-00530,Defence Networks,Normal,Normal,None,Normal
N-06-00531,Defence Networks,Normal,Normal,None,Normal
N-06-00532,Defence Networks,Normal,Normal,None,Normal
N-06-00533,Defence Networks,Normal,Normal,None,Normal
N-06-00534,Defence Networks,Normal,Normal,None,Normal
N-06-00535,Defence Networks,Normal,Normal,None,Normal
N-06-00536,Defence Networks,Normal,Normal,None,Normal
N-06-00537,Defence Networks,Normal,Normal,None,Normal
N-06-00538,Defence Networks,Normal,Normal,None,Normal
N-06-00539,Defence Networks,Normal,Normal,None,Normal
N-06-00540,Defence Networks,Normal,Normal,None,Normal
N-06-00541,Defence Networks,Normal,Normal,None,Normal
N-06-00542,Defence Networks,Normal,Normal,None,Normal
N-06-00543,Defence Networks,Normal,Normal,None,Normal
N-06-00544,Defence Networks,Normal,Normal,None,Normal
N-06-00545,Defence Networks,Normal,Normal,None,Normal
N-06-00546,Defence Networks,Normal,Normal,None,Normal
N-06-00547,Defence Networks,Normal,Normal,None,Normal
N-06-00548,Defence Networks,Normal,Normal,None,Normal
N-06-00549,Defence Networks,Normal,Normal,None,Normal
N-06-00550,Defence Networks,Normal,Normal,None,Normal
N-06-00551,Defence Networks,Normal,Normal,None,Normal
N-06-00552,Defence Networks,Normal,Normal,None,Normal
N-06-00553,Defence Networks,Normal,Normal,None,Normal
N-06-00554,Defence Networks,Normal,Normal,None,Normal
N-06-00555,Defence Networks,Normal,Normal,None,Normal
N-06-00556,Defence Networks,Normal,Normal,None,Normal
N-06-00557,Defence Networks,Normal,Normal,None,Normal
N-06-00558,Defence Networks,Normal,Normal,None,Normal
N-06-00559,Defence Networks,Normal,Normal,None,Normal
N-06-00560,Defence Networks,Normal,Normal,None,Normal
N-06-00561,Defence Networks,Normal,Normal,None,Normal
N-06-00562,Defence Networks,Normal,Normal,None,Normal
N-06-00563,Defence Networks,Normal,Normal,None,Normal
N-06-00564,Defence Networks,Normal,Normal,None,Normal
N-06-00565,Defence Networks,Normal,Normal,None,Normal
N-06-00566,Defence Networks,Normal,Normal,None,Normal
N-06-00567,Defence Networks,Normal,Normal,None,Normal
N-06-00568,Defence Networks,Normal,Normal,None,Normal
N-06-00569,Defence Networks,Normal,Normal,None,Normal
N-06-00570,Defence Networks,Normal,Normal,None,Normal
N-06-00571,Defence Networks,Normal,Normal,None,Normal
N-06-00572,Defence Networks,Normal,Normal,None,Normal
N-06-00573,Defence Networks,Normal,Normal,None,Normal
N-06-00574,Defence Networks,Normal,Normal,None,Normal
N-06-00575,Defence Networks,Normal,Normal,None,Normal
N-06-00576,Defence Networks,Normal,Normal,None,Normal
N-06-00577,Defence Networks,Normal,Normal,None,Normal
N-06-00578,Defence Networks,Normal,Normal,None,Normal
N-06-00579,Defence Networks,Normal,Normal,None,Normal
N-06-00580,Defence Networks,Normal,Normal,None,Normal
N-06-00581,Defence Networks,Normal,Normal,None,Normal
N-06-00582,Defence Networks,Normal,Normal,None,Normal
N-06-00583,Defence Networks,Normal,Normal,None,Normal
N-06-00584,Defence Networks,Normal,Normal,None,Normal
N-06-00585,Defence Networks,Normal,Normal,None,Normal
N-06-00586,Defence Networks,Normal,Normal,None,Normal
N-06-00587,Defence Networks,Normal,Normal,None,Normal
N-06-00588,Defence Networks,Normal,Normal,None,Normal
N-06-00589,Defence Networks,Normal,Normal,None,Normal
N-06-00590,Defence Networks,Normal,Normal,None,Normal
N-06-00591,Defence Networks,Normal,Normal,None,Normal
N-06-00592,Defence Networks,Normal,Normal,None,Normal
N-06-00593,Defence Networks,Normal,Normal,None,Normal
N-06-00594,Defence Networks,Normal,Normal,None,Normal
N-06-00595,Defence Networks,Normal,Normal,None,Normal
N-06-00596,Defence Networks,Normal,Normal,None,Normal
N-06-00597,Defence Networks,Normal,Normal,None,Normal
N-06-00598,Defence Networks,Normal,Normal,None,Normal
N-06-00599,Defence Networks,Normal,Normal,None,Normal
A-06-SCN051-01-00,Defence Networks,Spear Phishing,Reconnaissance,T1498,Attack
A-06-SCN051-01-01,Defence Networks,Spear Phishing,Initial Access,T1078,Attack
A-06-SCN051-01-02,Defence Networks,Spear Phishing,Credential Access,T1110,Attack
A-06-SCN051-01-03,Defence Networks,Spear Phishing,Discovery,T1046,Attack
A-06-SCN051-01-04,Defence Networks,Spear Phishing,Lateral Movement,T1021,Attack
A-06-SCN051-01-05,Defence Networks,Spear Phishing,Collection,T1005,Attack
A-06-SCN051-01-06,Defence Networks,Spear Phishing,Collection,T1005,Attack
A-06-SCN051-01-07,Defence Networks,Spear Phishing,Collection,T1005,Attack
A-06-SCN051-01-08,Defence Networks,Spear Phishing,Collection,T1005,Attack
A-06-SCN051-01-09,Defence Networks,Spear Phishing,Collection,T1005,Attack
A-06-SCN051-02-00,Defence Networks,Spear Phishing,Reconnaissance,T1486,Attack
A-06-SCN051-02-01,Defence Networks,Spear Phishing,Initial Access,T1190,Attack
A-06-SCN051-02-02,Defence Networks,Spear Phishing,Credential Access,T1110,Attack
A-06-SCN051-02-03,Defence Networks,Spear Phishing,Discovery,T1087,Attack
A-06-SCN051-02-04,Defence Networks,Spear Phishing,Lateral Movement,T1021,Attack
A-06-SCN051-02-05,Defence Networks,Spear Phishing,Collection,T1005,Attack
A-06-SCN051-02-06,Defence Networks,Spear Phishing,Collection,T1005,Attack
A-06-SCN051-02-07,Defence Networks,Spear Phishing,Collection,T1005,Attack
A-06-SCN051-02-08,Defence Networks,Spear Phishing,Collection,T1005,Attack
A-06-SCN051-02-09,Defence Networks,Spear Phishing,Collection,T1005,Attack
A-06-SCN051-03-00,Defence Networks,Spear Phishing,Reconnaissance,T1071,Attack
A-06-SCN051-03-01,Defence Networks,Spear Phishing,Initial Access,T1078,Attack
A-06-SCN051-03-02,Defence Networks,Spear Phishing,Credential Access,T1110,Attack
A-06-SCN051-03-03,Defence Networks,Spear Phishing,Discovery,T1046,Attack
A-06-SCN051-03-04,Defence Networks,Spear Phishing,Lateral Movement,T1021,Attack
A-06-SCN051-03-05,Defence Networks,Spear Phishing,Collection,T1005,Attack
A-06-SCN051-03-06,Defence Networks,Spear Phishing,Collection,T1005,Attack
A-06-SCN051-03-07,Defence Networks,Spear Phishing,Collection,T1005,Attack
A-06-SCN051-03-08,Defence Networks,Spear Phishing,Collection,T1005,Attack
A-06-SCN051-03-09,Defence Networks,Spear Phishing,Collection,T1005,Attack
A-06-SCN051-04-00,Defence Networks,Spear Phishing,Reconnaissance,T1059,Attack
A-06-SCN051-04-01,Defence Networks,Spear Phishing,Initial Access,T1078,Attack
A-06-SCN051-04-02,Defence Networks,Spear Phishing,Credential Access,T1110,Attack
A-06-SCN051-04-03,Defence Networks,Spear Phishing,Discovery,T1046,Attack
A-06-SCN051-04-04,Defence Networks,Spear Phishing,Lateral Movement,T1021,Attack
A-06-SCN051-04-05,Defence Networks,Spear Phishing,Collection,T1005,Attack
A-06-SCN051-04-06,Defence Networks,Spear Phishing,Collection,T1005,Attack
A-06-SCN051-04-07,Defence Networks,Spear Phishing,Collection,T1005,Attack
A-06-SCN051-04-08,Defence Networks,Spear Phishing,Collection,T1005,Attack
A-06-SCN051-04-09,Defence Networks,Spear Phishing,Collection,T1005,Attack
A-06-SCN052-01-00,Defence Networks,Credential Compromise,Reconnaissance,T1068,Attack
A-06-SCN052-01-01,Defence Networks,Credential Compromise,Initial Access,T1190,Attack
A-06-SCN052-01-02,Defence Networks,Credential Compromise,Credential Access,T1110,Attack
A-06-SCN052-01-03,Defence Networks,Credential Compromise,Discovery,T1087,Attack
A-06-SCN052-01-04,Defence Networks,Credential Compromise,Lateral Movement,T1021,Attack
A-06-SCN052-01-05,Defence Networks,Credential Compromise,Collection,T1005,Attack
A-06-SCN052-01-06,Defence Networks,Credential Compromise,Collection,T1005,Attack
A-06-SCN052-01-07,Defence Networks,Credential Compromise,Collection,T1005,Attack
A-06-SCN052-01-08,Defence Networks,Credential Compromise,Collection,T1005,Attack
A-06-SCN052-01-09,Defence Networks,Credential Compromise,Collection,T1005,Attack
A-06-SCN052-02-00,Defence Networks,Credential Compromise,Reconnaissance,T1087,Attack
A-06-SCN052-02-01,Defence Networks,Credential Compromise,Initial Access,T1078,Attack
A-06-SCN052-02-02,Defence Networks,Credential Compromise,Credential Access,T1110,Attack
A-06-SCN052-02-03,Defence Networks,Credential Compromise,Discovery,T1087,Attack
A-06-SCN052-02-04,Defence Networks,Credential Compromise,Lateral Movement,T1021,Attack
A-06-SCN052-02-05,Defence Networks,Credential Compromise,Collection,T1005,Attack
A-06-SCN052-02-06,Defence Networks,Credential Compromise,Collection,T1005,Attack
A-06-SCN052-02-07,Defence Networks,Credential Compromise,Collection,T1005,Attack
A-06-SCN052-02-08,Defence Networks,Credential Compromise,Collection,T1005,Attack
A-06-SCN052-02-09,Defence Networks,Credential Compromise,Collection,T1005,Attack
A-06-SCN052-03-00,Defence Networks,Credential Compromise,Reconnaissance,T1059,Attack
A-06-SCN052-03-01,Defence Networks,Credential Compromise,Initial Access,T1078,Attack
A-06-SCN052-03-02,Defence Networks,Credential Compromise,Credential Access,T1110,Attack
A-06-SCN052-03-03,Defence Networks,Credential Compromise,Discovery,T1087,Attack
A-06-SCN052-03-04,Defence Networks,Credential Compromise,Lateral Movement,T1021,Attack
A-06-SCN052-03-05,Defence Networks,Credential Compromise,Collection,T1005,Attack
A-06-SCN052-03-06,Defence Networks,Credential Compromise,Collection,T1005,Attack
A-06-SCN052-03-07,Defence Networks,Credential Compromise,Collection,T1005,Attack
A-06-SCN052-03-08,Defence Networks,Credential Compromise,Collection,T1005,Attack
A-06-SCN052-03-09,Defence Networks,Credential Compromise,Collection,T1005,Attack
A-06-SCN052-04-00,Defence Networks,Credential Compromise,Reconnaissance,T1087,Attack
A-06-SCN052-04-01,Defence Networks,Credential Compromise,Initial Access,T1078,Attack
A-06-SCN052-04-02,Defence Networks,Credential Compromise,Credential Access,T1110,Attack
A-06-SCN052-04-03,Defence Networks,Credential Compromise,Discovery,T1046,Attack
A-06-SCN052-04-04,Defence Networks,Credential Compromise,Lateral Movement,T1021,Attack
A-06-SCN052-04-05,Defence Networks,Credential Compromise,Collection,T1005,Attack
A-06-SCN052-04-06,Defence Networks,Credential Compromise,Collection,T1005,Attack
A-06-SCN052-04-07,Defence Networks,Credential Compromise,Collection,T1005,Attack
A-06-SCN052-04-08,Defence Networks,Credential Compromise,Collection,T1005,Attack
A-06-SCN052-04-09,Defence Networks,Credential Compromise,Collection,T1005,Attack
A-06-SCN053-01-00,Defence Networks,Lateral Movement,Reconnaissance,T1053,Attack
A-06-SCN053-01-01,Defence Networks,Lateral Movement,Initial Access,T1190,Attack
A-06-SCN053-01-02,Defence Networks,Lateral Movement,Execution,T1059,Attack
A-06-SCN053-01-03,Defence Networks,Lateral Movement,Persistence,T1053,Attack
A-06-SCN053-01-04,Defence Networks,Lateral Movement,Privilege Escalation,T1068,Attack
A-06-SCN053-01-05,Defence Networks,Lateral Movement,Discovery,T1087,Attack
A-06-SCN053-01-06,Defence Networks,Lateral Movement,Lateral Movement,T1021,Attack
A-06-SCN053-01-07,Defence Networks,Lateral Movement,Command and Control,T1071,Attack
A-06-SCN053-01-08,Defence Networks,Lateral Movement,Command and Control,T1071,Attack
A-06-SCN053-01-09,Defence Networks,Lateral Movement,Command and Control,T1071,Attack
A-06-SCN053-02-00,Defence Networks,Lateral Movement,Reconnaissance,T1068,Attack
A-06-SCN053-02-01,Defence Networks,Lateral Movement,Initial Access,T1190,Attack
A-06-SCN053-02-02,Defence Networks,Lateral Movement,Execution,T1059,Attack
A-06-SCN053-02-03,Defence Networks,Lateral Movement,Persistence,T1053,Attack
A-06-SCN053-02-04,Defence Networks,Lateral Movement,Privilege Escalation,T1068,Attack
A-06-SCN053-02-05,Defence Networks,Lateral Movement,Discovery,T1087,Attack
A-06-SCN053-02-06,Defence Networks,Lateral Movement,Lateral Movement,T1021,Attack
A-06-SCN053-02-07,Defence Networks,Lateral Movement,Command and Control,T1071,Attack
A-06-SCN053-02-08,Defence Networks,Lateral Movement,Command and Control,T1071,Attack
A-06-SCN053-02-09,Defence Networks,Lateral Movement,Command and Control,T1071,Attack
A-06-SCN053-03-00,Defence Networks,Lateral Movement,Reconnaissance,T1068,Attack
A-06-SCN053-03-01,Defence Networks,Lateral Movement,Initial Access,T1078,Attack
A-06-SCN053-03-02,Defence Networks,Lateral Movement,Execution,T1059,Attack
A-06-SCN053-03-03,Defence Networks,Lateral Movement,Persistence,T1053,Attack
A-06-SCN053-03-04,Defence Networks,Lateral Movement,Privilege Escalation,T1068,Attack
A-06-SCN053-03-05,Defence Networks,Lateral Movement,Discovery,T1087,Attack
A-06-SCN053-03-06,Defence Networks,Lateral Movement,Lateral Movement,T1021,Attack
A-06-SCN053-03-07,Defence Networks,Lateral Movement,Command and Control,T1071,Attack
A-06-SCN053-03-08,Defence Networks,Lateral Movement,Command and Control,T1071,Attack
A-06-SCN053-03-09,Defence Networks,Lateral Movement,Command and Control,T1071,Attack
A-06-SCN053-04-00,Defence Networks,Lateral Movement,Reconnaissance,T1068,Attack
A-06-SCN053-04-01,Defence Networks,Lateral Movement,Initial Access,T1078,Attack
A-06-SCN053-04-02,Defence Networks,Lateral Movement,Execution,T1059,Attack
A-06-SCN053-04-03,Defence Networks,Lateral Movement,Persistence,T1053,Attack
A-06-SCN053-04-04,Defence Networks,Lateral Movement,Privilege Escalation,T1068,Attack
A-06-SCN053-04-05,Defence Networks,Lateral Movement,Discovery,T1046,Attack
A-06-SCN053-04-06,Defence Networks,Lateral Movement,Lateral Movement,T1021,Attack
A-06-SCN053-04-07,Defence Networks,Lateral Movement,Command and Control,T1071,Attack
A-06-SCN053-04-08,Defence Networks,Lateral Movement,Command and Control,T1071,Attack
A-06-SCN053-04-09,Defence Networks,Lateral Movement,Command and Control,T1071,Attack
A-06-SCN054-01-00,Defence Networks,Data Theft,Reconnaissance,T1110,Attack
A-06-SCN054-01-01,Defence Networks,Data Theft,Initial Access,T1190,Attack
A-06-SCN054-01-02,Defence Networks,Data Theft,Credential Access,T1110,Attack
A-06-SCN054-01-03,Defence Networks,Data Theft,Discovery,T1046,Attack
A-06-SCN054-01-04,Defence Networks,Data Theft,Collection,T1005,Attack
A-06-SCN054-01-05,Defence Networks,Data Theft,Exfiltration,T1041,Attack
A-06-SCN054-01-06,Defence Networks,Data Theft,Exfiltration,T1041,Attack
A-06-SCN054-01-07,Defence Networks,Data Theft,Exfiltration,T1041,Attack
A-06-SCN054-01-08,Defence Networks,Data Theft,Exfiltration,T1041,Attack
A-06-SCN054-01-09,Defence Networks,Data Theft,Exfiltration,T1041,Attack
A-06-SCN054-02-00,Defence Networks,Data Theft,Reconnaissance,T1053,Attack
A-06-SCN054-02-01,Defence Networks,Data Theft,Initial Access,T1078,Attack
A-06-SCN054-02-02,Defence Networks,Data Theft,Credential Access,T1110,Attack
A-06-SCN054-02-03,Defence Networks,Data Theft,Discovery,T1046,Attack
A-06-SCN054-02-04,Defence Networks,Data Theft,Collection,T1005,Attack
A-06-SCN054-02-05,Defence Networks,Data Theft,Exfiltration,T1041,Attack
A-06-SCN054-02-06,Defence Networks,Data Theft,Exfiltration,T1041,Attack
A-06-SCN054-02-07,Defence Networks,Data Theft,Exfiltration,T1041,Attack
A-06-SCN054-02-08,Defence Networks,Data Theft,Exfiltration,T1041,Attack
A-06-SCN054-02-09,Defence Networks,Data Theft,Exfiltration,T1041,Attack
A-06-SCN054-03-00,Defence Networks,Data Theft,Reconnaissance,T1190,Attack
A-06-SCN054-03-01,Defence Networks,Data Theft,Initial Access,T1078,Attack
A-06-SCN054-03-02,Defence Networks,Data Theft,Credential Access,T1110,Attack
A-06-SCN054-03-03,Defence Networks,Data Theft,Discovery,T1046,Attack
A-06-SCN054-03-04,Defence Networks,Data Theft,Collection,T1005,Attack
A-06-SCN054-03-05,Defence Networks,Data Theft,Exfiltration,T1041,Attack
A-06-SCN054-03-06,Defence Networks,Data Theft,Exfiltration,T1041,Attack
A-06-SCN054-03-07,Defence Networks,Data Theft,Exfiltration,T1041,Attack
A-06-SCN054-03-08,Defence Networks,Data Theft,Exfiltration,T1041,Attack
A-06-SCN054-03-09,Defence Networks,Data Theft,Exfiltration,T1041,Attack
A-06-SCN054-04-00,Defence Networks,Data Theft,Reconnaissance,T1021,Attack
A-06-SCN054-04-01,Defence Networks,Data Theft,Initial Access,T1078,Attack
A-06-SCN054-04-02,Defence Networks,Data Theft,Credential Access,T1110,Attack
A-06-SCN054-04-03,Defence Networks,Data Theft,Discovery,T1087,Attack
A-06-SCN054-04-04,Defence Networks,Data Theft,Collection,T1005,Attack
A-06-SCN054-04-05,Defence Networks,Data Theft,Exfiltration,T1041,Attack
A-06-SCN054-04-06,Defence Networks,Data Theft,Exfiltration,T1041,Attack
A-06-SCN054-04-07,Defence Networks,Data Theft,Exfiltration,T1041,Attack
A-06-SCN054-04-08,Defence Networks,Data Theft,Exfiltration,T1041,Attack
A-06-SCN054-04-09,Defence Networks,Data Theft,Exfiltration,T1041,Attack
A-06-SCN055-01-00,Defence Networks,Supply-Chain Compromise,Reconnaissance,T1068,Attack
A-06-SCN055-01-01,Defence Networks,Supply-Chain Compromise,Initial Access,T1078,Attack
A-06-SCN055-01-02,Defence Networks,Supply-Chain Compromise,Execution,T1059,Attack
A-06-SCN055-01-03,Defence Networks,Supply-Chain Compromise,Persistence,T1053,Attack
A-06-SCN055-01-04,Defence Networks,Supply-Chain Compromise,Privilege Escalation,T1068,Attack
A-06-SCN055-01-05,Defence Networks,Supply-Chain Compromise,Discovery,T1087,Attack
A-06-SCN055-01-06,Defence Networks,Supply-Chain Compromise,Lateral Movement,T1021,Attack
A-06-SCN055-01-07,Defence Networks,Supply-Chain Compromise,Command and Control,T1071,Attack
A-06-SCN055-01-08,Defence Networks,Supply-Chain Compromise,Command and Control,T1071,Attack
A-06-SCN055-01-09,Defence Networks,Supply-Chain Compromise,Command and Control,T1071,Attack
A-06-SCN055-02-00,Defence Networks,Supply-Chain Compromise,Reconnaissance,T1068,Attack
A-06-SCN055-02-01,Defence Networks,Supply-Chain Compromise,Initial Access,T1078,Attack
A-06-SCN055-02-02,Defence Networks,Supply-Chain Compromise,Execution,T1059,Attack
A-06-SCN055-02-03,Defence Networks,Supply-Chain Compromise,Persistence,T1053,Attack
A-06-SCN055-02-04,Defence Networks,Supply-Chain Compromise,Privilege Escalation,T1068,Attack
A-06-SCN055-02-05,Defence Networks,Supply-Chain Compromise,Discovery,T1046,Attack
A-06-SCN055-02-06,Defence Networks,Supply-Chain Compromise,Lateral Movement,T1021,Attack
A-06-SCN055-02-07,Defence Networks,Supply-Chain Compromise,Command and Control,T1071,Attack
A-06-SCN055-02-08,Defence Networks,Supply-Chain Compromise,Command and Control,T1071,Attack
A-06-SCN055-02-09,Defence Networks,Supply-Chain Compromise,Command and Control,T1071,Attack
A-06-SCN055-03-00,Defence Networks,Supply-Chain Compromise,Reconnaissance,T1110,Attack
A-06-SCN055-03-01,Defence Networks,Supply-Chain Compromise,Initial Access,T1078,Attack
A-06-SCN055-03-02,Defence Networks,Supply-Chain Compromise,Execution,T1059,Attack
A-06-SCN055-03-03,Defence Networks,Supply-Chain Compromise,Persistence,T1053,Attack
A-06-SCN055-03-04,Defence Networks,Supply-Chain Compromise,Privilege Escalation,T1068,Attack
A-06-SCN055-03-05,Defence Networks,Supply-Chain Compromise,Discovery,T1087,Attack
A-06-SCN055-03-06,Defence Networks,Supply-Chain Compromise,Lateral Movement,T1021,Attack
A-06-SCN055-03-07,Defence Networks,Supply-Chain Compromise,Command and Control,T1071,Attack
A-06-SCN055-03-08,Defence Networks,Supply-Chain Compromise,Command and Control,T1071,Attack
A-06-SCN055-03-09,Defence Networks,Supply-Chain Compromise,Command and Control,T1071,Attack
A-06-SCN055-04-00,Defence Networks,Supply-Chain Compromise,Reconnaissance,T1071,Attack
A-06-SCN055-04-01,Defence Networks,Supply-Chain Compromise,Initial Access,T1078,Attack
A-06-SCN055-04-02,Defence Networks,Supply-Chain Compromise,Execution,T1059,Attack
A-06-SCN055-04-03,Defence Networks,Supply-Chain Compromise,Persistence,T1053,Attack
A-06-SCN055-04-04,Defence Networks,Supply-Chain Compromise,Privilege Escalation,T1068,Attack
A-06-SCN055-04-05,Defence Networks,Supply-Chain Compromise,Discovery,T1087,Attack
A-06-SCN055-04-06,Defence Networks,Supply-Chain Compromise,Lateral Movement,T1021,Attack
A-06-SCN055-04-07,Defence Networks,Supply-Chain Compromise,Command and Control,T1071,Attack
A-06-SCN055-04-08,Defence Networks,Supply-Chain Compromise,Command and Control,T1071,Attack
A-06-SCN055-04-09,Defence Networks,Supply-Chain Compromise,Command and Control,T1071,Attack
A-06-SCN056-01-00,Defence Networks,Command and Control,Reconnaissance,T1046,Attack
A-06-SCN056-01-01,Defence Networks,Command and Control,Initial Access,T1078,Attack
A-06-SCN056-01-02,Defence Networks,Command and Control,Execution,T1059,Attack
A-06-SCN056-01-03,Defence Networks,Command and Control,Persistence,T1053,Attack
A-06-SCN056-01-04,Defence Networks,Command and Control,Privilege Escalation,T1068,Attack
A-06-SCN056-01-05,Defence Networks,Command and Control,Discovery,T1046,Attack
A-06-SCN056-01-06,Defence Networks,Command and Control,Lateral Movement,T1021,Attack
A-06-SCN056-01-07,Defence Networks,Command and Control,Command and Control,T1071,Attack
A-06-SCN056-01-08,Defence Networks,Command and Control,Command and Control,T1071,Attack
A-06-SCN056-01-09,Defence Networks,Command and Control,Command and Control,T1071,Attack
A-06-SCN056-02-00,Defence Networks,Command and Control,Reconnaissance,T1071,Attack
A-06-SCN056-02-01,Defence Networks,Command and Control,Initial Access,T1078,Attack
A-06-SCN056-02-02,Defence Networks,Command and Control,Execution,T1059,Attack
A-06-SCN056-02-03,Defence Networks,Command and Control,Persistence,T1053,Attack
A-06-SCN056-02-04,Defence Networks,Command and Control,Privilege Escalation,T1068,Attack
A-06-SCN056-02-05,Defence Networks,Command and Control,Discovery,T1087,Attack
A-06-SCN056-02-06,Defence Networks,Command and Control,Lateral Movement,T1021,Attack
A-06-SCN056-02-07,Defence Networks,Command and Control,Command and Control,T1071,Attack
A-06-SCN056-02-08,Defence Networks,Command and Control,Command and Control,T1071,Attack
A-06-SCN056-02-09,Defence Networks,Command and Control,Command and Control,T1071,Attack
A-06-SCN056-03-00,Defence Networks,Command and Control,Reconnaissance,T1071,Attack
A-06-SCN056-03-01,Defence Networks,Command and Control,Initial Access,T1190,Attack
A-06-SCN056-03-02,Defence Networks,Command and Control,Execution,T1059,Attack
A-06-SCN056-03-03,Defence Networks,Command and Control,Persistence,T1053,Attack
A-06-SCN056-03-04,Defence Networks,Command and Control,Privilege Escalation,T1068,Attack
A-06-SCN056-03-05,Defence Networks,Command and Control,Discovery,T1046,Attack
A-06-SCN056-03-06,Defence Networks,Command and Control,Lateral Movement,T1021,Attack
A-06-SCN056-03-07,Defence Networks,Command and Control,Command and Control,T1071,Attack
A-06-SCN056-03-08,Defence Networks,Command and Control,Command and Control,T1071,Attack
A-06-SCN056-03-09,Defence Networks,Command and Control,Command and Control,T1071,Attack
A-06-SCN056-04-00,Defence Networks,Command and Control,Reconnaissance,T1486,Attack
A-06-SCN056-04-01,Defence Networks,Command and Control,Initial Access,T1078,Attack
A-06-SCN056-04-02,Defence Networks,Command and Control,Execution,T1059,Attack
A-06-SCN056-04-03,Defence Networks,Command and Control,Persistence,T1053,Attack
A-06-SCN056-04-04,Defence Networks,Command and Control,Privilege Escalation,T1068,Attack
A-06-SCN056-04-05,Defence Networks,Command and Control,Discovery,T1046,Attack
A-06-SCN056-04-06,Defence Networks,Command and Control,Lateral Movement,T1021,Attack
A-06-SCN056-04-07,Defence Networks,Command and Control,Command and Control,T1071,Attack
A-06-SCN056-04-08,Defence Networks,Command and Control,Command and Control,T1071,Attack
A-06-SCN056-04-09,Defence Networks,Command and Control,Command and Control,T1071,Attack
A-06-SCN057-01-00,Defence Networks,Privilege Escalation,Reconnaissance,T1059,Attack
A-06-SCN057-01-01,Defence Networks,Privilege Escalation,Initial Access,T1190,Attack
A-06-SCN057-01-02,Defence Networks,Privilege Escalation,Execution,T1059,Attack
A-06-SCN057-01-03,Defence Networks,Privilege Escalation,Persistence,T1053,Attack
A-06-SCN057-01-04,Defence Networks,Privilege Escalation,Privilege Escalation,T1068,Attack
A-06-SCN057-01-05,Defence Networks,Privilege Escalation,Discovery,T1046,Attack
A-06-SCN057-01-06,Defence Networks,Privilege Escalation,Lateral Movement,T1021,Attack
A-06-SCN057-01-07,Defence Networks,Privilege Escalation,Command and Control,T1071,Attack
A-06-SCN057-01-08,Defence Networks,Privilege Escalation,Command and Control,T1071,Attack
A-06-SCN057-01-09,Defence Networks,Privilege Escalation,Command and Control,T1071,Attack
A-06-SCN057-02-00,Defence Networks,Privilege Escalation,Reconnaissance,T1021,Attack
A-06-SCN057-02-01,Defence Networks,Privilege Escalation,Initial Access,T1190,Attack
A-06-SCN057-02-02,Defence Networks,Privilege Escalation,Execution,T1059,Attack
A-06-SCN057-02-03,Defence Networks,Privilege Escalation,Persistence,T1053,Attack
A-06-SCN057-02-04,Defence Networks,Privilege Escalation,Privilege Escalation,T1068,Attack
A-06-SCN057-02-05,Defence Networks,Privilege Escalation,Discovery,T1046,Attack
A-06-SCN057-02-06,Defence Networks,Privilege Escalation,Lateral Movement,T1021,Attack
A-06-SCN057-02-07,Defence Networks,Privilege Escalation,Command and Control,T1071,Attack
A-06-SCN057-02-08,Defence Networks,Privilege Escalation,Command and Control,T1071,Attack
A-06-SCN057-02-09,Defence Networks,Privilege Escalation,Command and Control,T1071,Attack
A-06-SCN057-03-00,Defence Networks,Privilege Escalation,Reconnaissance,T1053,Attack
A-06-SCN057-03-01,Defence Networks,Privilege Escalation,Initial Access,T1078,Attack
A-06-SCN057-03-02,Defence Networks,Privilege Escalation,Execution,T1059,Attack
A-06-SCN057-03-03,Defence Networks,Privilege Escalation,Persistence,T1053,Attack
A-06-SCN057-03-04,Defence Networks,Privilege Escalation,Privilege Escalation,T1068,Attack
A-06-SCN057-03-05,Defence Networks,Privilege Escalation,Discovery,T1046,Attack
A-06-SCN057-03-06,Defence Networks,Privilege Escalation,Lateral Movement,T1021,Attack
A-06-SCN057-03-07,Defence Networks,Privilege Escalation,Command and Control,T1071,Attack
A-06-SCN057-03-08,Defence Networks,Privilege Escalation,Command and Control,T1071,Attack
A-06-SCN057-03-09,Defence Networks,Privilege Escalation,Command and Control,T1071,Attack
A-06-SCN057-04-00,Defence Networks,Privilege Escalation,Reconnaissance,T1087,Attack
A-06-SCN057-04-01,Defence Networks,Privilege Escalation,Initial Access,T1190,Attack
A-06-SCN057-04-02,Defence Networks,Privilege Escalation,Execution,T1059,Attack
A-06-SCN057-04-03,Defence Networks,Privilege Escalation,Persistence,T1053,Attack
A-06-SCN057-04-04,Defence Networks,Privilege Escalation,Privilege Escalation,T1068,Attack
A-06-SCN057-04-05,Defence Networks,Privilege Escalation,Discovery,T1087,Attack
A-06-SCN057-04-06,Defence Networks,Privilege Escalation,Lateral Movement,T1021,Attack
A-06-SCN057-04-07,Defence Networks,Privilege Escalation,Command and Control,T1071,Attack
A-06-SCN057-04-08,Defence Networks,Privilege Escalation,Command and Control,T1071,Attack
A-06-SCN057-04-09,Defence Networks,Privilege Escalation,Command and Control,T1071,Attack
A-06-SCN058-01-00,Defence Networks,Internal Reconnaissance,Reconnaissance,T1021,Attack
A-06-SCN058-01-01,Defence Networks,Internal Reconnaissance,Discovery,T1087,Attack
A-06-SCN058-01-02,Defence Networks,Internal Reconnaissance,Initial Access,T1190,Attack
A-06-SCN058-01-03,Defence Networks,Internal Reconnaissance,Execution,T1059,Attack
A-06-SCN058-01-04,Defence Networks,Internal Reconnaissance,Execution,T1059,Attack
A-06-SCN058-01-05,Defence Networks,Internal Reconnaissance,Execution,T1059,Attack
A-06-SCN058-01-06,Defence Networks,Internal Reconnaissance,Execution,T1059,Attack
A-06-SCN058-01-07,Defence Networks,Internal Reconnaissance,Execution,T1059,Attack
A-06-SCN058-01-08,Defence Networks,Internal Reconnaissance,Execution,T1059,Attack
A-06-SCN058-01-09,Defence Networks,Internal Reconnaissance,Execution,T1059,Attack
A-06-SCN058-02-00,Defence Networks,Internal Reconnaissance,Reconnaissance,T1041,Attack
A-06-SCN058-02-01,Defence Networks,Internal Reconnaissance,Discovery,T1087,Attack
A-06-SCN058-02-02,Defence Networks,Internal Reconnaissance,Initial Access,T1190,Attack
A-06-SCN058-02-03,Defence Networks,Internal Reconnaissance,Execution,T1059,Attack
A-06-SCN058-02-04,Defence Networks,Internal Reconnaissance,Execution,T1059,Attack
A-06-SCN058-02-05,Defence Networks,Internal Reconnaissance,Execution,T1059,Attack
A-06-SCN058-02-06,Defence Networks,Internal Reconnaissance,Execution,T1059,Attack
A-06-SCN058-02-07,Defence Networks,Internal Reconnaissance,Execution,T1059,Attack
A-06-SCN058-02-08,Defence Networks,Internal Reconnaissance,Execution,T1059,Attack
A-06-SCN058-02-09,Defence Networks,Internal Reconnaissance,Execution,T1059,Attack
A-06-SCN058-03-00,Defence Networks,Internal Reconnaissance,Reconnaissance,T1068,Attack
A-06-SCN058-03-01,Defence Networks,Internal Reconnaissance,Discovery,T1087,Attack
A-06-SCN058-03-02,Defence Networks,Internal Reconnaissance,Initial Access,T1078,Attack
A-06-SCN058-03-03,Defence Networks,Internal Reconnaissance,Execution,T1059,Attack
A-06-SCN058-03-04,Defence Networks,Internal Reconnaissance,Execution,T1059,Attack
A-06-SCN058-03-05,Defence Networks,Internal Reconnaissance,Execution,T1059,Attack
A-06-SCN058-03-06,Defence Networks,Internal Reconnaissance,Execution,T1059,Attack
A-06-SCN058-03-07,Defence Networks,Internal Reconnaissance,Execution,T1059,Attack
A-06-SCN058-03-08,Defence Networks,Internal Reconnaissance,Execution,T1059,Attack
A-06-SCN058-03-09,Defence Networks,Internal Reconnaissance,Execution,T1059,Attack
A-06-SCN058-04-00,Defence Networks,Internal Reconnaissance,Reconnaissance,T1498,Attack
A-06-SCN058-04-01,Defence Networks,Internal Reconnaissance,Discovery,T1046,Attack
A-06-SCN058-04-02,Defence Networks,Internal Reconnaissance,Initial Access,T1190,Attack
A-06-SCN058-04-03,Defence Networks,Internal Reconnaissance,Execution,T1059,Attack
A-06-SCN058-04-04,Defence Networks,Internal Reconnaissance,Execution,T1059,Attack
A-06-SCN058-04-05,Defence Networks,Internal Reconnaissance,Execution,T1059,Attack
A-06-SCN058-04-06,Defence Networks,Internal Reconnaissance,Execution,T1059,Attack
A-06-SCN058-04-07,Defence Networks,Internal Reconnaissance,Execution,T1059,Attack
A-06-SCN058-04-08,Defence Networks,Internal Reconnaissance,Execution,T1059,Attack
A-06-SCN058-04-09,Defence Networks,Internal Reconnaissance,Execution,T1059,Attack
A-06-SCN059-01-00,Defence Networks,Remote Access Abuse,Reconnaissance,T1059,Attack
A-06-SCN059-01-01,Defence Networks,Remote Access Abuse,Initial Access,T1078,Attack
A-06-SCN059-01-02,Defence Networks,Remote Access Abuse,Execution,T1059,Attack
A-06-SCN059-01-03,Defence Networks,Remote Access Abuse,Persistence,T1053,Attack
A-06-SCN059-01-04,Defence Networks,Remote Access Abuse,Privilege Escalation,T1068,Attack
A-06-SCN059-01-05,Defence Networks,Remote Access Abuse,Discovery,T1087,Attack
A-06-SCN059-01-06,Defence Networks,Remote Access Abuse,Lateral Movement,T1021,Attack
A-06-SCN059-01-07,Defence Networks,Remote Access Abuse,Command and Control,T1071,Attack
A-06-SCN059-01-08,Defence Networks,Remote Access Abuse,Command and Control,T1071,Attack
A-06-SCN059-01-09,Defence Networks,Remote Access Abuse,Command and Control,T1071,Attack
A-06-SCN059-02-00,Defence Networks,Remote Access Abuse,Reconnaissance,T1078,Attack
A-06-SCN059-02-01,Defence Networks,Remote Access Abuse,Initial Access,T1190,Attack
A-06-SCN059-02-02,Defence Networks,Remote Access Abuse,Execution,T1059,Attack
A-06-SCN059-02-03,Defence Networks,Remote Access Abuse,Persistence,T1053,Attack
A-06-SCN059-02-04,Defence Networks,Remote Access Abuse,Privilege Escalation,T1068,Attack
A-06-SCN059-02-05,Defence Networks,Remote Access Abuse,Discovery,T1087,Attack
A-06-SCN059-02-06,Defence Networks,Remote Access Abuse,Lateral Movement,T1021,Attack
A-06-SCN059-02-07,Defence Networks,Remote Access Abuse,Command and Control,T1071,Attack
A-06-SCN059-02-08,Defence Networks,Remote Access Abuse,Command and Control,T1071,Attack
A-06-SCN059-02-09,Defence Networks,Remote Access Abuse,Command and Control,T1071,Attack
A-06-SCN059-03-00,Defence Networks,Remote Access Abuse,Reconnaissance,T1046,Attack
A-06-SCN059-03-01,Defence Networks,Remote Access Abuse,Initial Access,T1190,Attack
A-06-SCN059-03-02,Defence Networks,Remote Access Abuse,Execution,T1059,Attack
A-06-SCN059-03-03,Defence Networks,Remote Access Abuse,Persistence,T1053,Attack
A-06-SCN059-03-04,Defence Networks,Remote Access Abuse,Privilege Escalation,T1068,Attack
A-06-SCN059-03-05,Defence Networks,Remote Access Abuse,Discovery,T1046,Attack
A-06-SCN059-03-06,Defence Networks,Remote Access Abuse,Lateral Movement,T1021,Attack
A-06-SCN059-03-07,Defence Networks,Remote Access Abuse,Command and Control,T1071,Attack
A-06-SCN059-03-08,Defence Networks,Remote Access Abuse,Command and Control,T1071,Attack
A-06-SCN059-03-09,Defence Networks,Remote Access Abuse,Command and Control,T1071,Attack
A-06-SCN059-04-00,Defence Networks,Remote Access Abuse,Reconnaissance,T1078,Attack
A-06-SCN059-04-01,Defence Networks,Remote Access Abuse,Initial Access,T1190,Attack
A-06-SCN059-04-02,Defence Networks,Remote Access Abuse,Execution,T1059,Attack
A-06-SCN059-04-03,Defence Networks,Remote Access Abuse,Persistence,T1053,Attack
A-06-SCN059-04-04,Defence Networks,Remote Access Abuse,Privilege Escalation,T1068,Attack
A-06-SCN059-04-05,Defence Networks,Remote Access Abuse,Discovery,T1046,Attack
A-06-SCN059-04-06,Defence Networks,Remote Access Abuse,Lateral Movement,T1021,Attack
A-06-SCN059-04-07,Defence Networks,Remote Access Abuse,Command and Control,T1071,Attack
A-06-SCN059-04-08,Defence Networks,Remote Access Abuse,Command and Control,T1071,Attack
A-06-SCN059-04-09,Defence Networks,Remote Access Abuse,Command and Control,T1071,Attack
A-06-SCN060-01-00,Defence Networks,Persistence,Reconnaissance,T1041,Attack
A-06-SCN060-01-01,Defence Networks,Persistence,Initial Access,T1190,Attack
A-06-SCN060-01-02,Defence Networks,Persistence,Execution,T1059,Attack
A-06-SCN060-01-03,Defence Networks,Persistence,Persistence,T1053,Attack
A-06-SCN060-01-04,Defence Networks,Persistence,Privilege Escalation,T1068,Attack
A-06-SCN060-01-05,Defence Networks,Persistence,Discovery,T1046,Attack
A-06-SCN060-01-06,Defence Networks,Persistence,Lateral Movement,T1021,Attack
A-06-SCN060-01-07,Defence Networks,Persistence,Command and Control,T1071,Attack
A-06-SCN060-01-08,Defence Networks,Persistence,Command and Control,T1071,Attack
A-06-SCN060-01-09,Defence Networks,Persistence,Command and Control,T1071,Attack
A-06-SCN060-02-00,Defence Networks,Persistence,Reconnaissance,T1068,Attack
A-06-SCN060-02-01,Defence Networks,Persistence,Initial Access,T1078,Attack
A-06-SCN060-02-02,Defence Networks,Persistence,Execution,T1059,Attack
A-06-SCN060-02-03,Defence Networks,Persistence,Persistence,T1053,Attack
A-06-SCN060-02-04,Defence Networks,Persistence,Privilege Escalation,T1068,Attack
A-06-SCN060-02-05,Defence Networks,Persistence,Discovery,T1087,Attack
A-06-SCN060-02-06,Defence Networks,Persistence,Lateral Movement,T1021,Attack
A-06-SCN060-02-07,Defence Networks,Persistence,Command and Control,T1071,Attack
A-06-SCN060-02-08,Defence Networks,Persistence,Command and Control,T1071,Attack
A-06-SCN060-02-09,Defence Networks,Persistence,Command and Control,T1071,Attack
A-06-SCN060-03-00,Defence Networks,Persistence,Reconnaissance,T1078,Attack
A-06-SCN060-03-01,Defence Networks,Persistence,Initial Access,T1190,Attack
A-06-SCN060-03-02,Defence Networks,Persistence,Execution,T1059,Attack
A-06-SCN060-03-03,Defence Networks,Persistence,Persistence,T1053,Attack
A-06-SCN060-03-04,Defence Networks,Persistence,Privilege Escalation,T1068,Attack
A-06-SCN060-03-05,Defence Networks,Persistence,Discovery,T1087,Attack
A-06-SCN060-03-06,Defence Networks,Persistence,Lateral Movement,T1021,Attack
A-06-SCN060-03-07,Defence Networks,Persistence,Command and Control,T1071,Attack
A-06-SCN060-03-08,Defence Networks,Persistence,Command and Control,T1071,Attack
A-06-SCN060-03-09,Defence Networks,Persistence,Command and Control,T1071,Attack
A-06-SCN060-04-00,Defence Networks,Persistence,Reconnaissance,T1041,Attack
A-06-SCN060-04-01,Defence Networks,Persistence,Initial Access,T1190,Attack
A-06-SCN060-04-02,Defence Networks,Persistence,Execution,T1059,Attack
A-06-SCN060-04-03,Defence Networks,Persistence,Persistence,T1053,Attack
A-06-SCN060-04-04,Defence Networks,Persistence,Privilege Escalation,T1068,Attack
A-06-SCN060-04-05,Defence Networks,Persistence,Discovery,T1046,Attack
A-06-SCN060-04-06,Defence Networks,Persistence,Lateral Movement,T1021,Attack
A-06-SCN060-04-07,Defence Networks,Persistence,Command and Control,T1071,Attack
A-06-SCN060-04-08,Defence Networks,Persistence,Command and Control,T1071,Attack
A-06-SCN060-04-09,Defence Networks,Persistence,Command and Control,T1071,Attack
N-07-00000,Government Financial Systems,Normal,Normal,None,Normal
N-07-00001,Government Financial Systems,Normal,Normal,None,Normal
N-07-00002,Government Financial Systems,Normal,Normal,None,Normal
N-07-00003,Government Financial Systems,Normal,Normal,None,Normal
N-07-00004,Government Financial Systems,Normal,Normal,None,Normal
N-07-00005,Government Financial Systems,Normal,Normal,None,Normal
N-07-00006,Government Financial Systems,Normal,Normal,None,Normal
N-07-00007,Government Financial Systems,Normal,Normal,None,Normal
N-07-00008,Government Financial Systems,Normal,Normal,None,Normal
N-07-00009,Government Financial Systems,Normal,Normal,None,Normal
N-07-00010,Government Financial Systems,Normal,Normal,None,Normal
N-07-00011,Government Financial Systems,Normal,Normal,None,Normal
N-07-00012,Government Financial Systems,Normal,Normal,None,Normal
N-07-00013,Government Financial Systems,Normal,Normal,None,Normal
N-07-00014,Government Financial Systems,Normal,Normal,None,Normal
N-07-00015,Government Financial Systems,Normal,Normal,None,Normal
N-07-00016,Government Financial Systems,Normal,Normal,None,Normal
N-07-00017,Government Financial Systems,Normal,Normal,None,Normal
N-07-00018,Government Financial Systems,Normal,Normal,None,Normal
N-07-00019,Government Financial Systems,Normal,Normal,None,Normal
N-07-00020,Government Financial Systems,Normal,Normal,None,Normal
N-07-00021,Government Financial Systems,Normal,Normal,None,Normal
N-07-00022,Government Financial Systems,Normal,Normal,None,Normal
N-07-00023,Government Financial Systems,Normal,Normal,None,Normal
N-07-00024,Government Financial Systems,Normal,Normal,None,Normal
N-07-00025,Government Financial Systems,Normal,Normal,None,Normal
N-07-00026,Government Financial Systems,Normal,Normal,None,Normal
N-07-00027,Government Financial Systems,Normal,Normal,None,Normal
N-07-00028,Government Financial Systems,Normal,Normal,None,Normal
N-07-00029,Government Financial Systems,Normal,Normal,None,Normal
N-07-00030,Government Financial Systems,Normal,Normal,None,Normal
N-07-00031,Government Financial Systems,Normal,Normal,None,Normal
N-07-00032,Government Financial Systems,Normal,Normal,None,Normal
N-07-00033,Government Financial Systems,Normal,Normal,None,Normal
N-07-00034,Government Financial Systems,Normal,Normal,None,Normal
N-07-00035,Government Financial Systems,Normal,Normal,None,Normal
N-07-00036,Government Financial Systems,Normal,Normal,None,Normal
N-07-00037,Government Financial Systems,Normal,Normal,None,Normal
N-07-00038,Government Financial Systems,Normal,Normal,None,Normal
N-07-00039,Government Financial Systems,Normal,Normal,None,Normal
N-07-00040,Government Financial Systems,Normal,Normal,None,Normal
N-07-00041,Government Financial Systems,Normal,Normal,None,Normal
N-07-00042,Government Financial Systems,Normal,Normal,None,Normal
N-07-00043,Government Financial Systems,Normal,Normal,None,Normal
N-07-00044,Government Financial Systems,Normal,Normal,None,Normal
N-07-00045,Government Financial Systems,Normal,Normal,None,Normal
N-07-00046,Government Financial Systems,Normal,Normal,None,Normal
N-07-00047,Government Financial Systems,Normal,Normal,None,Normal
N-07-00048,Government Financial Systems,Normal,Normal,None,Normal
N-07-00049,Government Financial Systems,Normal,Normal,None,Normal
N-07-00050,Government Financial Systems,Normal,Normal,None,Normal
N-07-00051,Government Financial Systems,Normal,Normal,None,Normal
N-07-00052,Government Financial Systems,Normal,Normal,None,Normal
N-07-00053,Government Financial Systems,Normal,Normal,None,Normal
N-07-00054,Government Financial Systems,Normal,Normal,None,Normal
N-07-00055,Government Financial Systems,Normal,Normal,None,Normal
N-07-00056,Government Financial Systems,Normal,Normal,None,Normal
N-07-00057,Government Financial Systems,Normal,Normal,None,Normal
N-07-00058,Government Financial Systems,Normal,Normal,None,Normal
N-07-00059,Government Financial Systems,Normal,Normal,None,Normal
N-07-00060,Government Financial Systems,Normal,Normal,None,Normal
N-07-00061,Government Financial Systems,Normal,Normal,None,Normal
N-07-00062,Government Financial Systems,Normal,Normal,None,Normal
N-07-00063,Government Financial Systems,Normal,Normal,None,Normal
N-07-00064,Government Financial Systems,Normal,Normal,None,Normal
N-07-00065,Government Financial Systems,Normal,Normal,None,Normal
N-07-00066,Government Financial Systems,Normal,Normal,None,Normal
N-07-00067,Government Financial Systems,Normal,Normal,None,Normal
N-07-00068,Government Financial Systems,Normal,Normal,None,Normal
N-07-00069,Government Financial Systems,Normal,Normal,None,Normal
N-07-00070,Government Financial Systems,Normal,Normal,None,Normal
N-07-00071,Government Financial Systems,Normal,Normal,None,Normal
N-07-00072,Government Financial Systems,Normal,Normal,None,Normal
N-07-00073,Government Financial Systems,Normal,Normal,None,Normal
N-07-00074,Government Financial Systems,Normal,Normal,None,Normal
N-07-00075,Government Financial Systems,Normal,Normal,None,Normal
N-07-00076,Government Financial Systems,Normal,Normal,None,Normal
N-07-00077,Government Financial Systems,Normal,Normal,None,Normal
N-07-00078,Government Financial Systems,Normal,Normal,None,Normal
N-07-00079,Government Financial Systems,Normal,Normal,None,Normal
N-07-00080,Government Financial Systems,Normal,Normal,None,Normal
N-07-00081,Government Financial Systems,Normal,Normal,None,Normal
N-07-00082,Government Financial Systems,Normal,Normal,None,Normal
N-07-00083,Government Financial Systems,Normal,Normal,None,Normal
N-07-00084,Government Financial Systems,Normal,Normal,None,Normal
N-07-00085,Government Financial Systems,Normal,Normal,None,Normal
N-07-00086,Government Financial Systems,Normal,Normal,None,Normal
N-07-00087,Government Financial Systems,Normal,Normal,None,Normal
N-07-00088,Government Financial Systems,Normal,Normal,None,Normal
N-07-00089,Government Financial Systems,Normal,Normal,None,Normal
N-07-00090,Government Financial Systems,Normal,Normal,None,Normal
N-07-00091,Government Financial Systems,Normal,Normal,None,Normal
N-07-00092,Government Financial Systems,Normal,Normal,None,Normal
N-07-00093,Government Financial Systems,Normal,Normal,None,Normal
N-07-00094,Government Financial Systems,Normal,Normal,None,Normal
N-07-00095,Government Financial Systems,Normal,Normal,None,Normal
N-07-00096,Government Financial Systems,Normal,Normal,None,Normal
N-07-00097,Government Financial Systems,Normal,Normal,None,Normal
N-07-00098,Government Financial Systems,Normal,Normal,None,Normal
N-07-00099,Government Financial Systems,Normal,Normal,None,Normal
N-07-00100,Government Financial Systems,Normal,Normal,None,Normal
N-07-00101,Government Financial Systems,Normal,Normal,None,Normal
N-07-00102,Government Financial Systems,Normal,Normal,None,Normal
N-07-00103,Government Financial Systems,Normal,Normal,None,Normal
N-07-00104,Government Financial Systems,Normal,Normal,None,Normal
N-07-00105,Government Financial Systems,Normal,Normal,None,Normal
N-07-00106,Government Financial Systems,Normal,Normal,None,Normal
N-07-00107,Government Financial Systems,Normal,Normal,None,Normal
N-07-00108,Government Financial Systems,Normal,Normal,None,Normal
N-07-00109,Government Financial Systems,Normal,Normal,None,Normal
N-07-00110,Government Financial Systems,Normal,Normal,None,Normal
N-07-00111,Government Financial Systems,Normal,Normal,None,Normal
N-07-00112,Government Financial Systems,Normal,Normal,None,Normal
N-07-00113,Government Financial Systems,Normal,Normal,None,Normal
N-07-00114,Government Financial Systems,Normal,Normal,None,Normal
N-07-00115,Government Financial Systems,Normal,Normal,None,Normal
N-07-00116,Government Financial Systems,Normal,Normal,None,Normal
N-07-00117,Government Financial Systems,Normal,Normal,None,Normal
N-07-00118,Government Financial Systems,Normal,Normal,None,Normal
N-07-00119,Government Financial Systems,Normal,Normal,None,Normal
N-07-00120,Government Financial Systems,Normal,Normal,None,Normal
N-07-00121,Government Financial Systems,Normal,Normal,None,Normal
N-07-00122,Government Financial Systems,Normal,Normal,None,Normal
N-07-00123,Government Financial Systems,Normal,Normal,None,Normal
N-07-00124,Government Financial Systems,Normal,Normal,None,Normal
N-07-00125,Government Financial Systems,Normal,Normal,None,Normal
N-07-00126,Government Financial Systems,Normal,Normal,None,Normal
N-07-00127,Government Financial Systems,Normal,Normal,None,Normal
N-07-00128,Government Financial Systems,Normal,Normal,None,Normal
N-07-00129,Government Financial Systems,Normal,Normal,None,Normal
N-07-00130,Government Financial Systems,Normal,Normal,None,Normal
N-07-00131,Government Financial Systems,Normal,Normal,None,Normal
N-07-00132,Government Financial Systems,Normal,Normal,None,Normal
N-07-00133,Government Financial Systems,Normal,Normal,None,Normal
N-07-00134,Government Financial Systems,Normal,Normal,None,Normal
N-07-00135,Government Financial Systems,Normal,Normal,None,Normal
N-07-00136,Government Financial Systems,Normal,Normal,None,Normal
N-07-00137,Government Financial Systems,Normal,Normal,None,Normal
N-07-00138,Government Financial Systems,Normal,Normal,None,Normal
N-07-00139,Government Financial Systems,Normal,Normal,None,Normal
N-07-00140,Government Financial Systems,Normal,Normal,None,Normal
N-07-00141,Government Financial Systems,Normal,Normal,None,Normal
N-07-00142,Government Financial Systems,Normal,Normal,None,Normal
N-07-00143,Government Financial Systems,Normal,Normal,None,Normal
N-07-00144,Government Financial Systems,Normal,Normal,None,Normal
N-07-00145,Government Financial Systems,Normal,Normal,None,Normal
N-07-00146,Government Financial Systems,Normal,Normal,None,Normal
N-07-00147,Government Financial Systems,Normal,Normal,None,Normal
N-07-00148,Government Financial Systems,Normal,Normal,None,Normal
N-07-00149,Government Financial Systems,Normal,Normal,None,Normal
N-07-00150,Government Financial Systems,Normal,Normal,None,Normal
N-07-00151,Government Financial Systems,Normal,Normal,None,Normal
N-07-00152,Government Financial Systems,Normal,Normal,None,Normal
N-07-00153,Government Financial Systems,Normal,Normal,None,Normal
N-07-00154,Government Financial Systems,Normal,Normal,None,Normal
N-07-00155,Government Financial Systems,Normal,Normal,None,Normal
N-07-00156,Government Financial Systems,Normal,Normal,None,Normal
N-07-00157,Government Financial Systems,Normal,Normal,None,Normal
N-07-00158,Government Financial Systems,Normal,Normal,None,Normal
N-07-00159,Government Financial Systems,Normal,Normal,None,Normal
N-07-00160,Government Financial Systems,Normal,Normal,None,Normal
N-07-00161,Government Financial Systems,Normal,Normal,None,Normal
N-07-00162,Government Financial Systems,Normal,Normal,None,Normal
N-07-00163,Government Financial Systems,Normal,Normal,None,Normal
N-07-00164,Government Financial Systems,Normal,Normal,None,Normal
N-07-00165,Government Financial Systems,Normal,Normal,None,Normal
N-07-00166,Government Financial Systems,Normal,Normal,None,Normal
N-07-00167,Government Financial Systems,Normal,Normal,None,Normal
N-07-00168,Government Financial Systems,Normal,Normal,None,Normal
N-07-00169,Government Financial Systems,Normal,Normal,None,Normal
N-07-00170,Government Financial Systems,Normal,Normal,None,Normal
N-07-00171,Government Financial Systems,Normal,Normal,None,Normal
N-07-00172,Government Financial Systems,Normal,Normal,None,Normal
N-07-00173,Government Financial Systems,Normal,Normal,None,Normal
N-07-00174,Government Financial Systems,Normal,Normal,None,Normal
N-07-00175,Government Financial Systems,Normal,Normal,None,Normal
N-07-00176,Government Financial Systems,Normal,Normal,None,Normal
N-07-00177,Government Financial Systems,Normal,Normal,None,Normal
N-07-00178,Government Financial Systems,Normal,Normal,None,Normal
N-07-00179,Government Financial Systems,Normal,Normal,None,Normal
N-07-00180,Government Financial Systems,Normal,Normal,None,Normal
N-07-00181,Government Financial Systems,Normal,Normal,None,Normal
N-07-00182,Government Financial Systems,Normal,Normal,None,Normal
N-07-00183,Government Financial Systems,Normal,Normal,None,Normal
N-07-00184,Government Financial Systems,Normal,Normal,None,Normal
N-07-00185,Government Financial Systems,Normal,Normal,None,Normal
N-07-00186,Government Financial Systems,Normal,Normal,None,Normal
N-07-00187,Government Financial Systems,Normal,Normal,None,Normal
N-07-00188,Government Financial Systems,Normal,Normal,None,Normal
N-07-00189,Government Financial Systems,Normal,Normal,None,Normal
N-07-00190,Government Financial Systems,Normal,Normal,None,Normal
N-07-00191,Government Financial Systems,Normal,Normal,None,Normal
N-07-00192,Government Financial Systems,Normal,Normal,None,Normal
N-07-00193,Government Financial Systems,Normal,Normal,None,Normal
N-07-00194,Government Financial Systems,Normal,Normal,None,Normal
N-07-00195,Government Financial Systems,Normal,Normal,None,Normal
N-07-00196,Government Financial Systems,Normal,Normal,None,Normal
N-07-00197,Government Financial Systems,Normal,Normal,None,Normal
N-07-00198,Government Financial Systems,Normal,Normal,None,Normal
N-07-00199,Government Financial Systems,Normal,Normal,None,Normal
N-07-00200,Government Financial Systems,Normal,Normal,None,Normal
N-07-00201,Government Financial Systems,Normal,Normal,None,Normal
N-07-00202,Government Financial Systems,Normal,Normal,None,Normal
N-07-00203,Government Financial Systems,Normal,Normal,None,Normal
N-07-00204,Government Financial Systems,Normal,Normal,None,Normal
N-07-00205,Government Financial Systems,Normal,Normal,None,Normal
N-07-00206,Government Financial Systems,Normal,Normal,None,Normal
N-07-00207,Government Financial Systems,Normal,Normal,None,Normal
N-07-00208,Government Financial Systems,Normal,Normal,None,Normal
N-07-00209,Government Financial Systems,Normal,Normal,None,Normal
N-07-00210,Government Financial Systems,Normal,Normal,None,Normal
N-07-00211,Government Financial Systems,Normal,Normal,None,Normal
N-07-00212,Government Financial Systems,Normal,Normal,None,Normal
N-07-00213,Government Financial Systems,Normal,Normal,None,Normal
N-07-00214,Government Financial Systems,Normal,Normal,None,Normal
N-07-00215,Government Financial Systems,Normal,Normal,None,Normal
N-07-00216,Government Financial Systems,Normal,Normal,None,Normal
N-07-00217,Government Financial Systems,Normal,Normal,None,Normal
N-07-00218,Government Financial Systems,Normal,Normal,None,Normal
N-07-00219,Government Financial Systems,Normal,Normal,None,Normal
N-07-00220,Government Financial Systems,Normal,Normal,None,Normal
N-07-00221,Government Financial Systems,Normal,Normal,None,Normal
N-07-00222,Government Financial Systems,Normal,Normal,None,Normal
N-07-00223,Government Financial Systems,Normal,Normal,None,Normal
N-07-00224,Government Financial Systems,Normal,Normal,None,Normal
N-07-00225,Government Financial Systems,Normal,Normal,None,Normal
N-07-00226,Government Financial Systems,Normal,Normal,None,Normal
N-07-00227,Government Financial Systems,Normal,Normal,None,Normal
N-07-00228,Government Financial Systems,Normal,Normal,None,Normal
N-07-00229,Government Financial Systems,Normal,Normal,None,Normal
N-07-00230,Government Financial Systems,Normal,Normal,None,Normal
N-07-00231,Government Financial Systems,Normal,Normal,None,Normal
N-07-00232,Government Financial Systems,Normal,Normal,None,Normal
N-07-00233,Government Financial Systems,Normal,Normal,None,Normal
N-07-00234,Government Financial Systems,Normal,Normal,None,Normal
N-07-00235,Government Financial Systems,Normal,Normal,None,Normal
N-07-00236,Government Financial Systems,Normal,Normal,None,Normal
N-07-00237,Government Financial Systems,Normal,Normal,None,Normal
N-07-00238,Government Financial Systems,Normal,Normal,None,Normal
N-07-00239,Government Financial Systems,Normal,Normal,None,Normal
N-07-00240,Government Financial Systems,Normal,Normal,None,Normal
N-07-00241,Government Financial Systems,Normal,Normal,None,Normal
N-07-00242,Government Financial Systems,Normal,Normal,None,Normal
N-07-00243,Government Financial Systems,Normal,Normal,None,Normal
N-07-00244,Government Financial Systems,Normal,Normal,None,Normal
N-07-00245,Government Financial Systems,Normal,Normal,None,Normal
N-07-00246,Government Financial Systems,Normal,Normal,None,Normal
N-07-00247,Government Financial Systems,Normal,Normal,None,Normal
N-07-00248,Government Financial Systems,Normal,Normal,None,Normal
N-07-00249,Government Financial Systems,Normal,Normal,None,Normal
N-07-00250,Government Financial Systems,Normal,Normal,None,Normal
N-07-00251,Government Financial Systems,Normal,Normal,None,Normal
N-07-00252,Government Financial Systems,Normal,Normal,None,Normal
N-07-00253,Government Financial Systems,Normal,Normal,None,Normal
N-07-00254,Government Financial Systems,Normal,Normal,None,Normal
N-07-00255,Government Financial Systems,Normal,Normal,None,Normal
N-07-00256,Government Financial Systems,Normal,Normal,None,Normal
N-07-00257,Government Financial Systems,Normal,Normal,None,Normal
N-07-00258,Government Financial Systems,Normal,Normal,None,Normal
N-07-00259,Government Financial Systems,Normal,Normal,None,Normal
N-07-00260,Government Financial Systems,Normal,Normal,None,Normal
N-07-00261,Government Financial Systems,Normal,Normal,None,Normal
N-07-00262,Government Financial Systems,Normal,Normal,None,Normal
N-07-00263,Government Financial Systems,Normal,Normal,None,Normal
N-07-00264,Government Financial Systems,Normal,Normal,None,Normal
N-07-00265,Government Financial Systems,Normal,Normal,None,Normal
N-07-00266,Government Financial Systems,Normal,Normal,None,Normal
N-07-00267,Government Financial Systems,Normal,Normal,None,Normal
N-07-00268,Government Financial Systems,Normal,Normal,None,Normal
N-07-00269,Government Financial Systems,Normal,Normal,None,Normal
N-07-00270,Government Financial Systems,Normal,Normal,None,Normal
N-07-00271,Government Financial Systems,Normal,Normal,None,Normal
N-07-00272,Government Financial Systems,Normal,Normal,None,Normal
N-07-00273,Government Financial Systems,Normal,Normal,None,Normal
N-07-00274,Government Financial Systems,Normal,Normal,None,Normal
N-07-00275,Government Financial Systems,Normal,Normal,None,Normal
N-07-00276,Government Financial Systems,Normal,Normal,None,Normal
N-07-00277,Government Financial Systems,Normal,Normal,None,Normal
N-07-00278,Government Financial Systems,Normal,Normal,None,Normal
N-07-00279,Government Financial Systems,Normal,Normal,None,Normal
N-07-00280,Government Financial Systems,Normal,Normal,None,Normal
N-07-00281,Government Financial Systems,Normal,Normal,None,Normal
N-07-00282,Government Financial Systems,Normal,Normal,None,Normal
N-07-00283,Government Financial Systems,Normal,Normal,None,Normal
N-07-00284,Government Financial Systems,Normal,Normal,None,Normal
N-07-00285,Government Financial Systems,Normal,Normal,None,Normal
N-07-00286,Government Financial Systems,Normal,Normal,None,Normal
N-07-00287,Government Financial Systems,Normal,Normal,None,Normal
N-07-00288,Government Financial Systems,Normal,Normal,None,Normal
N-07-00289,Government Financial Systems,Normal,Normal,None,Normal
N-07-00290,Government Financial Systems,Normal,Normal,None,Normal
N-07-00291,Government Financial Systems,Normal,Normal,None,Normal
N-07-00292,Government Financial Systems,Normal,Normal,None,Normal
N-07-00293,Government Financial Systems,Normal,Normal,None,Normal
N-07-00294,Government Financial Systems,Normal,Normal,None,Normal
N-07-00295,Government Financial Systems,Normal,Normal,None,Normal
N-07-00296,Government Financial Systems,Normal,Normal,None,Normal
N-07-00297,Government Financial Systems,Normal,Normal,None,Normal
N-07-00298,Government Financial Systems,Normal,Normal,None,Normal
N-07-00299,Government Financial Systems,Normal,Normal,None,Normal
N-07-00300,Government Financial Systems,Normal,Normal,None,Normal
N-07-00301,Government Financial Systems,Normal,Normal,None,Normal
N-07-00302,Government Financial Systems,Normal,Normal,None,Normal
N-07-00303,Government Financial Systems,Normal,Normal,None,Normal
N-07-00304,Government Financial Systems,Normal,Normal,None,Normal
N-07-00305,Government Financial Systems,Normal,Normal,None,Normal
N-07-00306,Government Financial Systems,Normal,Normal,None,Normal
N-07-00307,Government Financial Systems,Normal,Normal,None,Normal
N-07-00308,Government Financial Systems,Normal,Normal,None,Normal
N-07-00309,Government Financial Systems,Normal,Normal,None,Normal
N-07-00310,Government Financial Systems,Normal,Normal,None,Normal
N-07-00311,Government Financial Systems,Normal,Normal,None,Normal
N-07-00312,Government Financial Systems,Normal,Normal,None,Normal
N-07-00313,Government Financial Systems,Normal,Normal,None,Normal
N-07-00314,Government Financial Systems,Normal,Normal,None,Normal
N-07-00315,Government Financial Systems,Normal,Normal,None,Normal
N-07-00316,Government Financial Systems,Normal,Normal,None,Normal
N-07-00317,Government Financial Systems,Normal,Normal,None,Normal
N-07-00318,Government Financial Systems,Normal,Normal,None,Normal
N-07-00319,Government Financial Systems,Normal,Normal,None,Normal
N-07-00320,Government Financial Systems,Normal,Normal,None,Normal
N-07-00321,Government Financial Systems,Normal,Normal,None,Normal
N-07-00322,Government Financial Systems,Normal,Normal,None,Normal
N-07-00323,Government Financial Systems,Normal,Normal,None,Normal
N-07-00324,Government Financial Systems,Normal,Normal,None,Normal
N-07-00325,Government Financial Systems,Normal,Normal,None,Normal
N-07-00326,Government Financial Systems,Normal,Normal,None,Normal
N-07-00327,Government Financial Systems,Normal,Normal,None,Normal
N-07-00328,Government Financial Systems,Normal,Normal,None,Normal
N-07-00329,Government Financial Systems,Normal,Normal,None,Normal
N-07-00330,Government Financial Systems,Normal,Normal,None,Normal
N-07-00331,Government Financial Systems,Normal,Normal,None,Normal
N-07-00332,Government Financial Systems,Normal,Normal,None,Normal
N-07-00333,Government Financial Systems,Normal,Normal,None,Normal
N-07-00334,Government Financial Systems,Normal,Normal,None,Normal
N-07-00335,Government Financial Systems,Normal,Normal,None,Normal
N-07-00336,Government Financial Systems,Normal,Normal,None,Normal
N-07-00337,Government Financial Systems,Normal,Normal,None,Normal
N-07-00338,Government Financial Systems,Normal,Normal,None,Normal
N-07-00339,Government Financial Systems,Normal,Normal,None,Normal
N-07-00340,Government Financial Systems,Normal,Normal,None,Normal
N-07-00341,Government Financial Systems,Normal,Normal,None,Normal
N-07-00342,Government Financial Systems,Normal,Normal,None,Normal
N-07-00343,Government Financial Systems,Normal,Normal,None,Normal
N-07-00344,Government Financial Systems,Normal,Normal,None,Normal
N-07-00345,Government Financial Systems,Normal,Normal,None,Normal
N-07-00346,Government Financial Systems,Normal,Normal,None,Normal
N-07-00347,Government Financial Systems,Normal,Normal,None,Normal
N-07-00348,Government Financial Systems,Normal,Normal,None,Normal
N-07-00349,Government Financial Systems,Normal,Normal,None,Normal
N-07-00350,Government Financial Systems,Normal,Normal,None,Normal
N-07-00351,Government Financial Systems,Normal,Normal,None,Normal
N-07-00352,Government Financial Systems,Normal,Normal,None,Normal
N-07-00353,Government Financial Systems,Normal,Normal,None,Normal
N-07-00354,Government Financial Systems,Normal,Normal,None,Normal
N-07-00355,Government Financial Systems,Normal,Normal,None,Normal
N-07-00356,Government Financial Systems,Normal,Normal,None,Normal
N-07-00357,Government Financial Systems,Normal,Normal,None,Normal
N-07-00358,Government Financial Systems,Normal,Normal,None,Normal
N-07-00359,Government Financial Systems,Normal,Normal,None,Normal
N-07-00360,Government Financial Systems,Normal,Normal,None,Normal
N-07-00361,Government Financial Systems,Normal,Normal,None,Normal
N-07-00362,Government Financial Systems,Normal,Normal,None,Normal
N-07-00363,Government Financial Systems,Normal,Normal,None,Normal
N-07-00364,Government Financial Systems,Normal,Normal,None,Normal
N-07-00365,Government Financial Systems,Normal,Normal,None,Normal
N-07-00366,Government Financial Systems,Normal,Normal,None,Normal
N-07-00367,Government Financial Systems,Normal,Normal,None,Normal
N-07-00368,Government Financial Systems,Normal,Normal,None,Normal
N-07-00369,Government Financial Systems,Normal,Normal,None,Normal
N-07-00370,Government Financial Systems,Normal,Normal,None,Normal
N-07-00371,Government Financial Systems,Normal,Normal,None,Normal
N-07-00372,Government Financial Systems,Normal,Normal,None,Normal
N-07-00373,Government Financial Systems,Normal,Normal,None,Normal
N-07-00374,Government Financial Systems,Normal,Normal,None,Normal
N-07-00375,Government Financial Systems,Normal,Normal,None,Normal
N-07-00376,Government Financial Systems,Normal,Normal,None,Normal
N-07-00377,Government Financial Systems,Normal,Normal,None,Normal
N-07-00378,Government Financial Systems,Normal,Normal,None,Normal
N-07-00379,Government Financial Systems,Normal,Normal,None,Normal
N-07-00380,Government Financial Systems,Normal,Normal,None,Normal
N-07-00381,Government Financial Systems,Normal,Normal,None,Normal
N-07-00382,Government Financial Systems,Normal,Normal,None,Normal
N-07-00383,Government Financial Systems,Normal,Normal,None,Normal
N-07-00384,Government Financial Systems,Normal,Normal,None,Normal
N-07-00385,Government Financial Systems,Normal,Normal,None,Normal
N-07-00386,Government Financial Systems,Normal,Normal,None,Normal
N-07-00387,Government Financial Systems,Normal,Normal,None,Normal
N-07-00388,Government Financial Systems,Normal,Normal,None,Normal
N-07-00389,Government Financial Systems,Normal,Normal,None,Normal
N-07-00390,Government Financial Systems,Normal,Normal,None,Normal
N-07-00391,Government Financial Systems,Normal,Normal,None,Normal
N-07-00392,Government Financial Systems,Normal,Normal,None,Normal
N-07-00393,Government Financial Systems,Normal,Normal,None,Normal
N-07-00394,Government Financial Systems,Normal,Normal,None,Normal
N-07-00395,Government Financial Systems,Normal,Normal,None,Normal
N-07-00396,Government Financial Systems,Normal,Normal,None,Normal
N-07-00397,Government Financial Systems,Normal,Normal,None,Normal
N-07-00398,Government Financial Systems,Normal,Normal,None,Normal
N-07-00399,Government Financial Systems,Normal,Normal,None,Normal
N-07-00400,Government Financial Systems,Normal,Normal,None,Normal
N-07-00401,Government Financial Systems,Normal,Normal,None,Normal
N-07-00402,Government Financial Systems,Normal,Normal,None,Normal
N-07-00403,Government Financial Systems,Normal,Normal,None,Normal
N-07-00404,Government Financial Systems,Normal,Normal,None,Normal
N-07-00405,Government Financial Systems,Normal,Normal,None,Normal
N-07-00406,Government Financial Systems,Normal,Normal,None,Normal
N-07-00407,Government Financial Systems,Normal,Normal,None,Normal
N-07-00408,Government Financial Systems,Normal,Normal,None,Normal
N-07-00409,Government Financial Systems,Normal,Normal,None,Normal
N-07-00410,Government Financial Systems,Normal,Normal,None,Normal
N-07-00411,Government Financial Systems,Normal,Normal,None,Normal
N-07-00412,Government Financial Systems,Normal,Normal,None,Normal
N-07-00413,Government Financial Systems,Normal,Normal,None,Normal
N-07-00414,Government Financial Systems,Normal,Normal,None,Normal
N-07-00415,Government Financial Systems,Normal,Normal,None,Normal
N-07-00416,Government Financial Systems,Normal,Normal,None,Normal
N-07-00417,Government Financial Systems,Normal,Normal,None,Normal
N-07-00418,Government Financial Systems,Normal,Normal,None,Normal
N-07-00419,Government Financial Systems,Normal,Normal,None,Normal
N-07-00420,Government Financial Systems,Normal,Normal,None,Normal
N-07-00421,Government Financial Systems,Normal,Normal,None,Normal
N-07-00422,Government Financial Systems,Normal,Normal,None,Normal
N-07-00423,Government Financial Systems,Normal,Normal,None,Normal
N-07-00424,Government Financial Systems,Normal,Normal,None,Normal
N-07-00425,Government Financial Systems,Normal,Normal,None,Normal
N-07-00426,Government Financial Systems,Normal,Normal,None,Normal
N-07-00427,Government Financial Systems,Normal,Normal,None,Normal
N-07-00428,Government Financial Systems,Normal,Normal,None,Normal
N-07-00429,Government Financial Systems,Normal,Normal,None,Normal
N-07-00430,Government Financial Systems,Normal,Normal,None,Normal
N-07-00431,Government Financial Systems,Normal,Normal,None,Normal
N-07-00432,Government Financial Systems,Normal,Normal,None,Normal
N-07-00433,Government Financial Systems,Normal,Normal,None,Normal
N-07-00434,Government Financial Systems,Normal,Normal,None,Normal
N-07-00435,Government Financial Systems,Normal,Normal,None,Normal
N-07-00436,Government Financial Systems,Normal,Normal,None,Normal
N-07-00437,Government Financial Systems,Normal,Normal,None,Normal
N-07-00438,Government Financial Systems,Normal,Normal,None,Normal
N-07-00439,Government Financial Systems,Normal,Normal,None,Normal
N-07-00440,Government Financial Systems,Normal,Normal,None,Normal
N-07-00441,Government Financial Systems,Normal,Normal,None,Normal
N-07-00442,Government Financial Systems,Normal,Normal,None,Normal
N-07-00443,Government Financial Systems,Normal,Normal,None,Normal
N-07-00444,Government Financial Systems,Normal,Normal,None,Normal
N-07-00445,Government Financial Systems,Normal,Normal,None,Normal
N-07-00446,Government Financial Systems,Normal,Normal,None,Normal
N-07-00447,Government Financial Systems,Normal,Normal,None,Normal
N-07-00448,Government Financial Systems,Normal,Normal,None,Normal
N-07-00449,Government Financial Systems,Normal,Normal,None,Normal
N-07-00450,Government Financial Systems,Normal,Normal,None,Normal
N-07-00451,Government Financial Systems,Normal,Normal,None,Normal
N-07-00452,Government Financial Systems,Normal,Normal,None,Normal
N-07-00453,Government Financial Systems,Normal,Normal,None,Normal
N-07-00454,Government Financial Systems,Normal,Normal,None,Normal
N-07-00455,Government Financial Systems,Normal,Normal,None,Normal
N-07-00456,Government Financial Systems,Normal,Normal,None,Normal
N-07-00457,Government Financial Systems,Normal,Normal,None,Normal
N-07-00458,Government Financial Systems,Normal,Normal,None,Normal
N-07-00459,Government Financial Systems,Normal,Normal,None,Normal
N-07-00460,Government Financial Systems,Normal,Normal,None,Normal
N-07-00461,Government Financial Systems,Normal,Normal,None,Normal
N-07-00462,Government Financial Systems,Normal,Normal,None,Normal
N-07-00463,Government Financial Systems,Normal,Normal,None,Normal
N-07-00464,Government Financial Systems,Normal,Normal,None,Normal
N-07-00465,Government Financial Systems,Normal,Normal,None,Normal
N-07-00466,Government Financial Systems,Normal,Normal,None,Normal
N-07-00467,Government Financial Systems,Normal,Normal,None,Normal
N-07-00468,Government Financial Systems,Normal,Normal,None,Normal
N-07-00469,Government Financial Systems,Normal,Normal,None,Normal
N-07-00470,Government Financial Systems,Normal,Normal,None,Normal
N-07-00471,Government Financial Systems,Normal,Normal,None,Normal
N-07-00472,Government Financial Systems,Normal,Normal,None,Normal
N-07-00473,Government Financial Systems,Normal,Normal,None,Normal
N-07-00474,Government Financial Systems,Normal,Normal,None,Normal
N-07-00475,Government Financial Systems,Normal,Normal,None,Normal
N-07-00476,Government Financial Systems,Normal,Normal,None,Normal
N-07-00477,Government Financial Systems,Normal,Normal,None,Normal
N-07-00478,Government Financial Systems,Normal,Normal,None,Normal
N-07-00479,Government Financial Systems,Normal,Normal,None,Normal
N-07-00480,Government Financial Systems,Normal,Normal,None,Normal
N-07-00481,Government Financial Systems,Normal,Normal,None,Normal
N-07-00482,Government Financial Systems,Normal,Normal,None,Normal
N-07-00483,Government Financial Systems,Normal,Normal,None,Normal
N-07-00484,Government Financial Systems,Normal,Normal,None,Normal
N-07-00485,Government Financial Systems,Normal,Normal,None,Normal
N-07-00486,Government Financial Systems,Normal,Normal,None,Normal
N-07-00487,Government Financial Systems,Normal,Normal,None,Normal
N-07-00488,Government Financial Systems,Normal,Normal,None,Normal
N-07-00489,Government Financial Systems,Normal,Normal,None,Normal
N-07-00490,Government Financial Systems,Normal,Normal,None,Normal
N-07-00491,Government Financial Systems,Normal,Normal,None,Normal
N-07-00492,Government Financial Systems,Normal,Normal,None,Normal
N-07-00493,Government Financial Systems,Normal,Normal,None,Normal
N-07-00494,Government Financial Systems,Normal,Normal,None,Normal
N-07-00495,Government Financial Systems,Normal,Normal,None,Normal
N-07-00496,Government Financial Systems,Normal,Normal,None,Normal
N-07-00497,Government Financial Systems,Normal,Normal,None,Normal
N-07-00498,Government Financial Systems,Normal,Normal,None,Normal
N-07-00499,Government Financial Systems,Normal,Normal,None,Normal
N-07-00500,Government Financial Systems,Normal,Normal,None,Normal
N-07-00501,Government Financial Systems,Normal,Normal,None,Normal
N-07-00502,Government Financial Systems,Normal,Normal,None,Normal
N-07-00503,Government Financial Systems,Normal,Normal,None,Normal
N-07-00504,Government Financial Systems,Normal,Normal,None,Normal
N-07-00505,Government Financial Systems,Normal,Normal,None,Normal
N-07-00506,Government Financial Systems,Normal,Normal,None,Normal
N-07-00507,Government Financial Systems,Normal,Normal,None,Normal
N-07-00508,Government Financial Systems,Normal,Normal,None,Normal
N-07-00509,Government Financial Systems,Normal,Normal,None,Normal
N-07-00510,Government Financial Systems,Normal,Normal,None,Normal
N-07-00511,Government Financial Systems,Normal,Normal,None,Normal
N-07-00512,Government Financial Systems,Normal,Normal,None,Normal
N-07-00513,Government Financial Systems,Normal,Normal,None,Normal
N-07-00514,Government Financial Systems,Normal,Normal,None,Normal
N-07-00515,Government Financial Systems,Normal,Normal,None,Normal
N-07-00516,Government Financial Systems,Normal,Normal,None,Normal
N-07-00517,Government Financial Systems,Normal,Normal,None,Normal
N-07-00518,Government Financial Systems,Normal,Normal,None,Normal
N-07-00519,Government Financial Systems,Normal,Normal,None,Normal
N-07-00520,Government Financial Systems,Normal,Normal,None,Normal
N-07-00521,Government Financial Systems,Normal,Normal,None,Normal
N-07-00522,Government Financial Systems,Normal,Normal,None,Normal
N-07-00523,Government Financial Systems,Normal,Normal,None,Normal
N-07-00524,Government Financial Systems,Normal,Normal,None,Normal
N-07-00525,Government Financial Systems,Normal,Normal,None,Normal
N-07-00526,Government Financial Systems,Normal,Normal,None,Normal
N-07-00527,Government Financial Systems,Normal,Normal,None,Normal
N-07-00528,Government Financial Systems,Normal,Normal,None,Normal
N-07-00529,Government Financial Systems,Normal,Normal,None,Normal
N-07-00530,Government Financial Systems,Normal,Normal,None,Normal
N-07-00531,Government Financial Systems,Normal,Normal,None,Normal
N-07-00532,Government Financial Systems,Normal,Normal,None,Normal
N-07-00533,Government Financial Systems,Normal,Normal,None,Normal
N-07-00534,Government Financial Systems,Normal,Normal,None,Normal
N-07-00535,Government Financial Systems,Normal,Normal,None,Normal
N-07-00536,Government Financial Systems,Normal,Normal,None,Normal
N-07-00537,Government Financial Systems,Normal,Normal,None,Normal
N-07-00538,Government Financial Systems,Normal,Normal,None,Normal
N-07-00539,Government Financial Systems,Normal,Normal,None,Normal
N-07-00540,Government Financial Systems,Normal,Normal,None,Normal
N-07-00541,Government Financial Systems,Normal,Normal,None,Normal
N-07-00542,Government Financial Systems,Normal,Normal,None,Normal
N-07-00543,Government Financial Systems,Normal,Normal,None,Normal
N-07-00544,Government Financial Systems,Normal,Normal,None,Normal
N-07-00545,Government Financial Systems,Normal,Normal,None,Normal
N-07-00546,Government Financial Systems,Normal,Normal,None,Normal
N-07-00547,Government Financial Systems,Normal,Normal,None,Normal
N-07-00548,Government Financial Systems,Normal,Normal,None,Normal
N-07-00549,Government Financial Systems,Normal,Normal,None,Normal
N-07-00550,Government Financial Systems,Normal,Normal,None,Normal
N-07-00551,Government Financial Systems,Normal,Normal,None,Normal
N-07-00552,Government Financial Systems,Normal,Normal,None,Normal
N-07-00553,Government Financial Systems,Normal,Normal,None,Normal
N-07-00554,Government Financial Systems,Normal,Normal,None,Normal
N-07-00555,Government Financial Systems,Normal,Normal,None,Normal
N-07-00556,Government Financial Systems,Normal,Normal,None,Normal
N-07-00557,Government Financial Systems,Normal,Normal,None,Normal
N-07-00558,Government Financial Systems,Normal,Normal,None,Normal
N-07-00559,Government Financial Systems,Normal,Normal,None,Normal
N-07-00560,Government Financial Systems,Normal,Normal,None,Normal
N-07-00561,Government Financial Systems,Normal,Normal,None,Normal
N-07-00562,Government Financial Systems,Normal,Normal,None,Normal
N-07-00563,Government Financial Systems,Normal,Normal,None,Normal
N-07-00564,Government Financial Systems,Normal,Normal,None,Normal
N-07-00565,Government Financial Systems,Normal,Normal,None,Normal
N-07-00566,Government Financial Systems,Normal,Normal,None,Normal
N-07-00567,Government Financial Systems,Normal,Normal,None,Normal
N-07-00568,Government Financial Systems,Normal,Normal,None,Normal
N-07-00569,Government Financial Systems,Normal,Normal,None,Normal
N-07-00570,Government Financial Systems,Normal,Normal,None,Normal
N-07-00571,Government Financial Systems,Normal,Normal,None,Normal
N-07-00572,Government Financial Systems,Normal,Normal,None,Normal
N-07-00573,Government Financial Systems,Normal,Normal,None,Normal
N-07-00574,Government Financial Systems,Normal,Normal,None,Normal
N-07-00575,Government Financial Systems,Normal,Normal,None,Normal
N-07-00576,Government Financial Systems,Normal,Normal,None,Normal
N-07-00577,Government Financial Systems,Normal,Normal,None,Normal
N-07-00578,Government Financial Systems,Normal,Normal,None,Normal
N-07-00579,Government Financial Systems,Normal,Normal,None,Normal
N-07-00580,Government Financial Systems,Normal,Normal,None,Normal
N-07-00581,Government Financial Systems,Normal,Normal,None,Normal
N-07-00582,Government Financial Systems,Normal,Normal,None,Normal
N-07-00583,Government Financial Systems,Normal,Normal,None,Normal
N-07-00584,Government Financial Systems,Normal,Normal,None,Normal
N-07-00585,Government Financial Systems,Normal,Normal,None,Normal
N-07-00586,Government Financial Systems,Normal,Normal,None,Normal
N-07-00587,Government Financial Systems,Normal,Normal,None,Normal
N-07-00588,Government Financial Systems,Normal,Normal,None,Normal
N-07-00589,Government Financial Systems,Normal,Normal,None,Normal
N-07-00590,Government Financial Systems,Normal,Normal,None,Normal
N-07-00591,Government Financial Systems,Normal,Normal,None,Normal
N-07-00592,Government Financial Systems,Normal,Normal,None,Normal
N-07-00593,Government Financial Systems,Normal,Normal,None,Normal
N-07-00594,Government Financial Systems,Normal,Normal,None,Normal
N-07-00595,Government Financial Systems,Normal,Normal,None,Normal
N-07-00596,Government Financial Systems,Normal,Normal,None,Normal
N-07-00597,Government Financial Systems,Normal,Normal,None,Normal
N-07-00598,Government Financial Systems,Normal,Normal,None,Normal
N-07-00599,Government Financial Systems,Normal,Normal,None,Normal
A-07-SCN061-01-00,Government Financial Systems,Account Takeover,Reconnaissance,T1021,Attack
A-07-SCN061-01-01,Government Financial Systems,Account Takeover,Initial Access,T1078,Attack
A-07-SCN061-01-02,Government Financial Systems,Account Takeover,Credential Access,T1110,Attack
A-07-SCN061-01-03,Government Financial Systems,Account Takeover,Discovery,T1046,Attack
A-07-SCN061-01-04,Government Financial Systems,Account Takeover,Lateral Movement,T1021,Attack
A-07-SCN061-01-05,Government Financial Systems,Account Takeover,Collection,T1005,Attack
A-07-SCN061-01-06,Government Financial Systems,Account Takeover,Collection,T1005,Attack
A-07-SCN061-01-07,Government Financial Systems,Account Takeover,Collection,T1005,Attack
A-07-SCN061-01-08,Government Financial Systems,Account Takeover,Collection,T1005,Attack
A-07-SCN061-01-09,Government Financial Systems,Account Takeover,Collection,T1005,Attack
A-07-SCN061-02-00,Government Financial Systems,Account Takeover,Reconnaissance,T1071,Attack
A-07-SCN061-02-01,Government Financial Systems,Account Takeover,Initial Access,T1190,Attack
A-07-SCN061-02-02,Government Financial Systems,Account Takeover,Credential Access,T1110,Attack
A-07-SCN061-02-03,Government Financial Systems,Account Takeover,Discovery,T1046,Attack
A-07-SCN061-02-04,Government Financial Systems,Account Takeover,Lateral Movement,T1021,Attack
A-07-SCN061-02-05,Government Financial Systems,Account Takeover,Collection,T1005,Attack
A-07-SCN061-02-06,Government Financial Systems,Account Takeover,Collection,T1005,Attack
A-07-SCN061-02-07,Government Financial Systems,Account Takeover,Collection,T1005,Attack
A-07-SCN061-02-08,Government Financial Systems,Account Takeover,Collection,T1005,Attack
A-07-SCN061-02-09,Government Financial Systems,Account Takeover,Collection,T1005,Attack
A-07-SCN061-03-00,Government Financial Systems,Account Takeover,Reconnaissance,T1071,Attack
A-07-SCN061-03-01,Government Financial Systems,Account Takeover,Initial Access,T1078,Attack
A-07-SCN061-03-02,Government Financial Systems,Account Takeover,Credential Access,T1110,Attack
A-07-SCN061-03-03,Government Financial Systems,Account Takeover,Discovery,T1046,Attack
A-07-SCN061-03-04,Government Financial Systems,Account Takeover,Lateral Movement,T1021,Attack
A-07-SCN061-03-05,Government Financial Systems,Account Takeover,Collection,T1005,Attack
A-07-SCN061-03-06,Government Financial Systems,Account Takeover,Collection,T1005,Attack
A-07-SCN061-03-07,Government Financial Systems,Account Takeover,Collection,T1005,Attack
A-07-SCN061-03-08,Government Financial Systems,Account Takeover,Collection,T1005,Attack
A-07-SCN061-03-09,Government Financial Systems,Account Takeover,Collection,T1005,Attack
A-07-SCN061-04-00,Government Financial Systems,Account Takeover,Reconnaissance,T1190,Attack
A-07-SCN061-04-01,Government Financial Systems,Account Takeover,Initial Access,T1078,Attack
A-07-SCN061-04-02,Government Financial Systems,Account Takeover,Credential Access,T1110,Attack
A-07-SCN061-04-03,Government Financial Systems,Account Takeover,Discovery,T1087,Attack
A-07-SCN061-04-04,Government Financial Systems,Account Takeover,Lateral Movement,T1021,Attack
A-07-SCN061-04-05,Government Financial Systems,Account Takeover,Collection,T1005,Attack
A-07-SCN061-04-06,Government Financial Systems,Account Takeover,Collection,T1005,Attack
A-07-SCN061-04-07,Government Financial Systems,Account Takeover,Collection,T1005,Attack
A-07-SCN061-04-08,Government Financial Systems,Account Takeover,Collection,T1005,Attack
A-07-SCN061-04-09,Government Financial Systems,Account Takeover,Collection,T1005,Attack
A-07-SCN062-01-00,Government Financial Systems,API Abuse,Reconnaissance,T1110,Attack
A-07-SCN062-01-01,Government Financial Systems,API Abuse,Initial Access,T1190,Attack
A-07-SCN062-01-02,Government Financial Systems,API Abuse,Execution,T1059,Attack
A-07-SCN062-01-03,Government Financial Systems,API Abuse,Persistence,T1053,Attack
A-07-SCN062-01-04,Government Financial Systems,API Abuse,Privilege Escalation,T1068,Attack
A-07-SCN062-01-05,Government Financial Systems,API Abuse,Discovery,T1046,Attack
A-07-SCN062-01-06,Government Financial Systems,API Abuse,Lateral Movement,T1021,Attack
A-07-SCN062-01-07,Government Financial Systems,API Abuse,Command and Control,T1071,Attack
A-07-SCN062-01-08,Government Financial Systems,API Abuse,Command and Control,T1071,Attack
A-07-SCN062-01-09,Government Financial Systems,API Abuse,Command and Control,T1071,Attack
A-07-SCN062-02-00,Government Financial Systems,API Abuse,Reconnaissance,T1046,Attack
A-07-SCN062-02-01,Government Financial Systems,API Abuse,Initial Access,T1190,Attack
A-07-SCN062-02-02,Government Financial Systems,API Abuse,Execution,T1059,Attack
A-07-SCN062-02-03,Government Financial Systems,API Abuse,Persistence,T1053,Attack
A-07-SCN062-02-04,Government Financial Systems,API Abuse,Privilege Escalation,T1068,Attack
A-07-SCN062-02-05,Government Financial Systems,API Abuse,Discovery,T1046,Attack
A-07-SCN062-02-06,Government Financial Systems,API Abuse,Lateral Movement,T1021,Attack
A-07-SCN062-02-07,Government Financial Systems,API Abuse,Command and Control,T1071,Attack
A-07-SCN062-02-08,Government Financial Systems,API Abuse,Command and Control,T1071,Attack
A-07-SCN062-02-09,Government Financial Systems,API Abuse,Command and Control,T1071,Attack
A-07-SCN062-03-00,Government Financial Systems,API Abuse,Reconnaissance,T1087,Attack
A-07-SCN062-03-01,Government Financial Systems,API Abuse,Initial Access,T1078,Attack
A-07-SCN062-03-02,Government Financial Systems,API Abuse,Execution,T1059,Attack
A-07-SCN062-03-03,Government Financial Systems,API Abuse,Persistence,T1053,Attack
A-07-SCN062-03-04,Government Financial Systems,API Abuse,Privilege Escalation,T1068,Attack
A-07-SCN062-03-05,Government Financial Systems,API Abuse,Discovery,T1046,Attack
A-07-SCN062-03-06,Government Financial Systems,API Abuse,Lateral Movement,T1021,Attack
A-07-SCN062-03-07,Government Financial Systems,API Abuse,Command and Control,T1071,Attack
A-07-SCN062-03-08,Government Financial Systems,API Abuse,Command and Control,T1071,Attack
A-07-SCN062-03-09,Government Financial Systems,API Abuse,Command and Control,T1071,Attack
A-07-SCN062-04-00,Government Financial Systems,API Abuse,Reconnaissance,T1046,Attack
A-07-SCN062-04-01,Government Financial Systems,API Abuse,Initial Access,T1078,Attack
A-07-SCN062-04-02,Government Financial Systems,API Abuse,Execution,T1059,Attack
A-07-SCN062-04-03,Government Financial Systems,API Abuse,Persistence,T1053,Attack
A-07-SCN062-04-04,Government Financial Systems,API Abuse,Privilege Escalation,T1068,Attack
A-07-SCN062-04-05,Government Financial Systems,API Abuse,Discovery,T1046,Attack
A-07-SCN062-04-06,Government Financial Systems,API Abuse,Lateral Movement,T1021,Attack
A-07-SCN062-04-07,Government Financial Systems,API Abuse,Command and Control,T1071,Attack
A-07-SCN062-04-08,Government Financial Systems,API Abuse,Command and Control,T1071,Attack
A-07-SCN062-04-09,Government Financial Systems,API Abuse,Command and Control,T1071,Attack
A-07-SCN063-01-00,Government Financial Systems,Database Compromise,Reconnaissance,T1046,Attack
A-07-SCN063-01-01,Government Financial Systems,Database Compromise,Initial Access,T1190,Attack
A-07-SCN063-01-02,Government Financial Systems,Database Compromise,Credential Access,T1110,Attack
A-07-SCN063-01-03,Government Financial Systems,Database Compromise,Discovery,T1046,Attack
A-07-SCN063-01-04,Government Financial Systems,Database Compromise,Collection,T1005,Attack
A-07-SCN063-01-05,Government Financial Systems,Database Compromise,Exfiltration,T1041,Attack
A-07-SCN063-01-06,Government Financial Systems,Database Compromise,Exfiltration,T1041,Attack
A-07-SCN063-01-07,Government Financial Systems,Database Compromise,Exfiltration,T1041,Attack
A-07-SCN063-01-08,Government Financial Systems,Database Compromise,Exfiltration,T1041,Attack
A-07-SCN063-01-09,Government Financial Systems,Database Compromise,Exfiltration,T1041,Attack
A-07-SCN063-02-00,Government Financial Systems,Database Compromise,Reconnaissance,T1053,Attack
A-07-SCN063-02-01,Government Financial Systems,Database Compromise,Initial Access,T1078,Attack
A-07-SCN063-02-02,Government Financial Systems,Database Compromise,Credential Access,T1110,Attack
A-07-SCN063-02-03,Government Financial Systems,Database Compromise,Discovery,T1087,Attack
A-07-SCN063-02-04,Government Financial Systems,Database Compromise,Collection,T1005,Attack
A-07-SCN063-02-05,Government Financial Systems,Database Compromise,Exfiltration,T1041,Attack
A-07-SCN063-02-06,Government Financial Systems,Database Compromise,Exfiltration,T1041,Attack
A-07-SCN063-02-07,Government Financial Systems,Database Compromise,Exfiltration,T1041,Attack
A-07-SCN063-02-08,Government Financial Systems,Database Compromise,Exfiltration,T1041,Attack
A-07-SCN063-02-09,Government Financial Systems,Database Compromise,Exfiltration,T1041,Attack
A-07-SCN063-03-00,Government Financial Systems,Database Compromise,Reconnaissance,T1087,Attack
A-07-SCN063-03-01,Government Financial Systems,Database Compromise,Initial Access,T1078,Attack
A-07-SCN063-03-02,Government Financial Systems,Database Compromise,Credential Access,T1110,Attack
A-07-SCN063-03-03,Government Financial Systems,Database Compromise,Discovery,T1046,Attack
A-07-SCN063-03-04,Government Financial Systems,Database Compromise,Collection,T1005,Attack
A-07-SCN063-03-05,Government Financial Systems,Database Compromise,Exfiltration,T1041,Attack
A-07-SCN063-03-06,Government Financial Systems,Database Compromise,Exfiltration,T1041,Attack
A-07-SCN063-03-07,Government Financial Systems,Database Compromise,Exfiltration,T1041,Attack
A-07-SCN063-03-08,Government Financial Systems,Database Compromise,Exfiltration,T1041,Attack
A-07-SCN063-03-09,Government Financial Systems,Database Compromise,Exfiltration,T1041,Attack
A-07-SCN063-04-00,Government Financial Systems,Database Compromise,Reconnaissance,T1068,Attack
A-07-SCN063-04-01,Government Financial Systems,Database Compromise,Initial Access,T1078,Attack
A-07-SCN063-04-02,Government Financial Systems,Database Compromise,Credential Access,T1110,Attack
A-07-SCN063-04-03,Government Financial Systems,Database Compromise,Discovery,T1087,Attack
A-07-SCN063-04-04,Government Financial Systems,Database Compromise,Collection,T1005,Attack
A-07-SCN063-04-05,Government Financial Systems,Database Compromise,Exfiltration,T1041,Attack
A-07-SCN063-04-06,Government Financial Systems,Database Compromise,Exfiltration,T1041,Attack
A-07-SCN063-04-07,Government Financial Systems,Database Compromise,Exfiltration,T1041,Attack
A-07-SCN063-04-08,Government Financial Systems,Database Compromise,Exfiltration,T1041,Attack
A-07-SCN063-04-09,Government Financial Systems,Database Compromise,Exfiltration,T1041,Attack
A-07-SCN064-01-00,Government Financial Systems,DDoS,Reconnaissance,T1078,Attack
A-07-SCN064-01-01,Government Financial Systems,DDoS,Initial Access,T1078,Attack
A-07-SCN064-01-02,Government Financial Systems,DDoS,Execution,T1059,Attack
A-07-SCN064-01-03,Government Financial Systems,DDoS,Discovery,T1087,Attack
A-07-SCN064-01-04,Government Financial Systems,DDoS,Lateral Movement,T1021,Attack
A-07-SCN064-01-05,Government Financial Systems,DDoS,Impact,T1486,Attack
A-07-SCN064-01-06,Government Financial Systems,DDoS,Impact,T1498,Attack
A-07-SCN064-01-07,Government Financial Systems,DDoS,Impact,T1486,Attack
A-07-SCN064-01-08,Government Financial Systems,DDoS,Impact,T1498,Attack
A-07-SCN064-01-09,Government Financial Systems,DDoS,Impact,T1486,Attack
A-07-SCN064-02-00,Government Financial Systems,DDoS,Reconnaissance,T1498,Attack
A-07-SCN064-02-01,Government Financial Systems,DDoS,Initial Access,T1078,Attack
A-07-SCN064-02-02,Government Financial Systems,DDoS,Execution,T1059,Attack
A-07-SCN064-02-03,Government Financial Systems,DDoS,Discovery,T1046,Attack
A-07-SCN064-02-04,Government Financial Systems,DDoS,Lateral Movement,T1021,Attack
A-07-SCN064-02-05,Government Financial Systems,DDoS,Impact,T1486,Attack
A-07-SCN064-02-06,Government Financial Systems,DDoS,Impact,T1498,Attack
A-07-SCN064-02-07,Government Financial Systems,DDoS,Impact,T1486,Attack
A-07-SCN064-02-08,Government Financial Systems,DDoS,Impact,T1498,Attack
A-07-SCN064-02-09,Government Financial Systems,DDoS,Impact,T1498,Attack
A-07-SCN064-03-00,Government Financial Systems,DDoS,Reconnaissance,T1021,Attack
A-07-SCN064-03-01,Government Financial Systems,DDoS,Initial Access,T1078,Attack
A-07-SCN064-03-02,Government Financial Systems,DDoS,Execution,T1059,Attack
A-07-SCN064-03-03,Government Financial Systems,DDoS,Discovery,T1087,Attack
A-07-SCN064-03-04,Government Financial Systems,DDoS,Lateral Movement,T1021,Attack
A-07-SCN064-03-05,Government Financial Systems,DDoS,Impact,T1486,Attack
A-07-SCN064-03-06,Government Financial Systems,DDoS,Impact,T1486,Attack
A-07-SCN064-03-07,Government Financial Systems,DDoS,Impact,T1486,Attack
A-07-SCN064-03-08,Government Financial Systems,DDoS,Impact,T1486,Attack
A-07-SCN064-03-09,Government Financial Systems,DDoS,Impact,T1486,Attack
A-07-SCN064-04-00,Government Financial Systems,DDoS,Reconnaissance,T1021,Attack
A-07-SCN064-04-01,Government Financial Systems,DDoS,Initial Access,T1190,Attack
A-07-SCN064-04-02,Government Financial Systems,DDoS,Execution,T1059,Attack
A-07-SCN064-04-03,Government Financial Systems,DDoS,Discovery,T1046,Attack
A-07-SCN064-04-04,Government Financial Systems,DDoS,Lateral Movement,T1021,Attack
A-07-SCN064-04-05,Government Financial Systems,DDoS,Impact,T1486,Attack
A-07-SCN064-04-06,Government Financial Systems,DDoS,Impact,T1486,Attack
A-07-SCN064-04-07,Government Financial Systems,DDoS,Impact,T1498,Attack
A-07-SCN064-04-08,Government Financial Systems,DDoS,Impact,T1486,Attack
A-07-SCN064-04-09,Government Financial Systems,DDoS,Impact,T1486,Attack
A-07-SCN065-01-00,Government Financial Systems,Privilege Escalation,Reconnaissance,T1110,Attack
A-07-SCN065-01-01,Government Financial Systems,Privilege Escalation,Initial Access,T1078,Attack
A-07-SCN065-01-02,Government Financial Systems,Privilege Escalation,Execution,T1059,Attack
A-07-SCN065-01-03,Government Financial Systems,Privilege Escalation,Persistence,T1053,Attack
A-07-SCN065-01-04,Government Financial Systems,Privilege Escalation,Privilege Escalation,T1068,Attack
A-07-SCN065-01-05,Government Financial Systems,Privilege Escalation,Discovery,T1087,Attack
A-07-SCN065-01-06,Government Financial Systems,Privilege Escalation,Lateral Movement,T1021,Attack
A-07-SCN065-01-07,Government Financial Systems,Privilege Escalation,Command and Control,T1071,Attack
A-07-SCN065-01-08,Government Financial Systems,Privilege Escalation,Command and Control,T1071,Attack
A-07-SCN065-01-09,Government Financial Systems,Privilege Escalation,Command and Control,T1071,Attack
A-07-SCN065-02-00,Government Financial Systems,Privilege Escalation,Reconnaissance,T1041,Attack
A-07-SCN065-02-01,Government Financial Systems,Privilege Escalation,Initial Access,T1078,Attack
A-07-SCN065-02-02,Government Financial Systems,Privilege Escalation,Execution,T1059,Attack
A-07-SCN065-02-03,Government Financial Systems,Privilege Escalation,Persistence,T1053,Attack
A-07-SCN065-02-04,Government Financial Systems,Privilege Escalation,Privilege Escalation,T1068,Attack
A-07-SCN065-02-05,Government Financial Systems,Privilege Escalation,Discovery,T1046,Attack
A-07-SCN065-02-06,Government Financial Systems,Privilege Escalation,Lateral Movement,T1021,Attack
A-07-SCN065-02-07,Government Financial Systems,Privilege Escalation,Command and Control,T1071,Attack
A-07-SCN065-02-08,Government Financial Systems,Privilege Escalation,Command and Control,T1071,Attack
A-07-SCN065-02-09,Government Financial Systems,Privilege Escalation,Command and Control,T1071,Attack
A-07-SCN065-03-00,Government Financial Systems,Privilege Escalation,Reconnaissance,T1053,Attack
A-07-SCN065-03-01,Government Financial Systems,Privilege Escalation,Initial Access,T1190,Attack
A-07-SCN065-03-02,Government Financial Systems,Privilege Escalation,Execution,T1059,Attack
A-07-SCN065-03-03,Government Financial Systems,Privilege Escalation,Persistence,T1053,Attack
A-07-SCN065-03-04,Government Financial Systems,Privilege Escalation,Privilege Escalation,T1068,Attack
A-07-SCN065-03-05,Government Financial Systems,Privilege Escalation,Discovery,T1087,Attack
A-07-SCN065-03-06,Government Financial Systems,Privilege Escalation,Lateral Movement,T1021,Attack
A-07-SCN065-03-07,Government Financial Systems,Privilege Escalation,Command and Control,T1071,Attack
A-07-SCN065-03-08,Government Financial Systems,Privilege Escalation,Command and Control,T1071,Attack
A-07-SCN065-03-09,Government Financial Systems,Privilege Escalation,Command and Control,T1071,Attack
A-07-SCN065-04-00,Government Financial Systems,Privilege Escalation,Reconnaissance,T1068,Attack
A-07-SCN065-04-01,Government Financial Systems,Privilege Escalation,Initial Access,T1190,Attack
A-07-SCN065-04-02,Government Financial Systems,Privilege Escalation,Execution,T1059,Attack
A-07-SCN065-04-03,Government Financial Systems,Privilege Escalation,Persistence,T1053,Attack
A-07-SCN065-04-04,Government Financial Systems,Privilege Escalation,Privilege Escalation,T1068,Attack
A-07-SCN065-04-05,Government Financial Systems,Privilege Escalation,Discovery,T1046,Attack
A-07-SCN065-04-06,Government Financial Systems,Privilege Escalation,Lateral Movement,T1021,Attack
A-07-SCN065-04-07,Government Financial Systems,Privilege Escalation,Command and Control,T1071,Attack
A-07-SCN065-04-08,Government Financial Systems,Privilege Escalation,Command and Control,T1071,Attack
A-07-SCN065-04-09,Government Financial Systems,Privilege Escalation,Command and Control,T1071,Attack
A-07-SCN066-01-00,Government Financial Systems,Data Exfiltration,Reconnaissance,T1005,Attack
A-07-SCN066-01-01,Government Financial Systems,Data Exfiltration,Initial Access,T1078,Attack
A-07-SCN066-01-02,Government Financial Systems,Data Exfiltration,Credential Access,T1110,Attack
A-07-SCN066-01-03,Government Financial Systems,Data Exfiltration,Discovery,T1087,Attack
A-07-SCN066-01-04,Government Financial Systems,Data Exfiltration,Collection,T1005,Attack
A-07-SCN066-01-05,Government Financial Systems,Data Exfiltration,Exfiltration,T1041,Attack
A-07-SCN066-01-06,Government Financial Systems,Data Exfiltration,Exfiltration,T1041,Attack
A-07-SCN066-01-07,Government Financial Systems,Data Exfiltration,Exfiltration,T1041,Attack
A-07-SCN066-01-08,Government Financial Systems,Data Exfiltration,Exfiltration,T1041,Attack
A-07-SCN066-01-09,Government Financial Systems,Data Exfiltration,Exfiltration,T1041,Attack
A-07-SCN066-02-00,Government Financial Systems,Data Exfiltration,Reconnaissance,T1059,Attack
A-07-SCN066-02-01,Government Financial Systems,Data Exfiltration,Initial Access,T1078,Attack
A-07-SCN066-02-02,Government Financial Systems,Data Exfiltration,Credential Access,T1110,Attack
A-07-SCN066-02-03,Government Financial Systems,Data Exfiltration,Discovery,T1087,Attack
A-07-SCN066-02-04,Government Financial Systems,Data Exfiltration,Collection,T1005,Attack
A-07-SCN066-02-05,Government Financial Systems,Data Exfiltration,Exfiltration,T1041,Attack
A-07-SCN066-02-06,Government Financial Systems,Data Exfiltration,Exfiltration,T1041,Attack
A-07-SCN066-02-07,Government Financial Systems,Data Exfiltration,Exfiltration,T1041,Attack
A-07-SCN066-02-08,Government Financial Systems,Data Exfiltration,Exfiltration,T1041,Attack
A-07-SCN066-02-09,Government Financial Systems,Data Exfiltration,Exfiltration,T1041,Attack
A-07-SCN066-03-00,Government Financial Systems,Data Exfiltration,Reconnaissance,T1078,Attack
A-07-SCN066-03-01,Government Financial Systems,Data Exfiltration,Initial Access,T1190,Attack
A-07-SCN066-03-02,Government Financial Systems,Data Exfiltration,Credential Access,T1110,Attack
A-07-SCN066-03-03,Government Financial Systems,Data Exfiltration,Discovery,T1087,Attack
A-07-SCN066-03-04,Government Financial Systems,Data Exfiltration,Collection,T1005,Attack
A-07-SCN066-03-05,Government Financial Systems,Data Exfiltration,Exfiltration,T1041,Attack
A-07-SCN066-03-06,Government Financial Systems,Data Exfiltration,Exfiltration,T1041,Attack
A-07-SCN066-03-07,Government Financial Systems,Data Exfiltration,Exfiltration,T1041,Attack
A-07-SCN066-03-08,Government Financial Systems,Data Exfiltration,Exfiltration,T1041,Attack
A-07-SCN066-03-09,Government Financial Systems,Data Exfiltration,Exfiltration,T1041,Attack
A-07-SCN066-04-00,Government Financial Systems,Data Exfiltration,Reconnaissance,T1498,Attack
A-07-SCN066-04-01,Government Financial Systems,Data Exfiltration,Initial Access,T1078,Attack
A-07-SCN066-04-02,Government Financial Systems,Data Exfiltration,Credential Access,T1110,Attack
A-07-SCN066-04-03,Government Financial Systems,Data Exfiltration,Discovery,T1046,Attack
A-07-SCN066-04-04,Government Financial Systems,Data Exfiltration,Collection,T1005,Attack
A-07-SCN066-04-05,Government Financial Systems,Data Exfiltration,Exfiltration,T1041,Attack
A-07-SCN066-04-06,Government Financial Systems,Data Exfiltration,Exfiltration,T1041,Attack
A-07-SCN066-04-07,Government Financial Systems,Data Exfiltration,Exfiltration,T1041,Attack
A-07-SCN066-04-08,Government Financial Systems,Data Exfiltration,Exfiltration,T1041,Attack
A-07-SCN066-04-09,Government Financial Systems,Data Exfiltration,Exfiltration,T1041,Attack
A-07-SCN067-01-00,Government Financial Systems,Credential Stuffing,Reconnaissance,T1041,Attack
A-07-SCN067-01-01,Government Financial Systems,Credential Stuffing,Initial Access,T1078,Attack
A-07-SCN067-01-02,Government Financial Systems,Credential Stuffing,Credential Access,T1110,Attack
A-07-SCN067-01-03,Government Financial Systems,Credential Stuffing,Discovery,T1046,Attack
A-07-SCN067-01-04,Government Financial Systems,Credential Stuffing,Lateral Movement,T1021,Attack
A-07-SCN067-01-05,Government Financial Systems,Credential Stuffing,Collection,T1005,Attack
A-07-SCN067-01-06,Government Financial Systems,Credential Stuffing,Collection,T1005,Attack
A-07-SCN067-01-07,Government Financial Systems,Credential Stuffing,Collection,T1005,Attack
A-07-SCN067-01-08,Government Financial Systems,Credential Stuffing,Collection,T1005,Attack
A-07-SCN067-01-09,Government Financial Systems,Credential Stuffing,Collection,T1005,Attack
A-07-SCN067-02-00,Government Financial Systems,Credential Stuffing,Reconnaissance,T1021,Attack
A-07-SCN067-02-01,Government Financial Systems,Credential Stuffing,Initial Access,T1078,Attack
A-07-SCN067-02-02,Government Financial Systems,Credential Stuffing,Credential Access,T1110,Attack
A-07-SCN067-02-03,Government Financial Systems,Credential Stuffing,Discovery,T1046,Attack
A-07-SCN067-02-04,Government Financial Systems,Credential Stuffing,Lateral Movement,T1021,Attack
A-07-SCN067-02-05,Government Financial Systems,Credential Stuffing,Collection,T1005,Attack
A-07-SCN067-02-06,Government Financial Systems,Credential Stuffing,Collection,T1005,Attack
A-07-SCN067-02-07,Government Financial Systems,Credential Stuffing,Collection,T1005,Attack
A-07-SCN067-02-08,Government Financial Systems,Credential Stuffing,Collection,T1005,Attack
A-07-SCN067-02-09,Government Financial Systems,Credential Stuffing,Collection,T1005,Attack
A-07-SCN067-03-00,Government Financial Systems,Credential Stuffing,Reconnaissance,T1041,Attack
A-07-SCN067-03-01,Government Financial Systems,Credential Stuffing,Initial Access,T1190,Attack
A-07-SCN067-03-02,Government Financial Systems,Credential Stuffing,Credential Access,T1110,Attack
A-07-SCN067-03-03,Government Financial Systems,Credential Stuffing,Discovery,T1046,Attack
A-07-SCN067-03-04,Government Financial Systems,Credential Stuffing,Lateral Movement,T1021,Attack
A-07-SCN067-03-05,Government Financial Systems,Credential Stuffing,Collection,T1005,Attack
A-07-SCN067-03-06,Government Financial Systems,Credential Stuffing,Collection,T1005,Attack
A-07-SCN067-03-07,Government Financial Systems,Credential Stuffing,Collection,T1005,Attack
A-07-SCN067-03-08,Government Financial Systems,Credential Stuffing,Collection,T1005,Attack
A-07-SCN067-03-09,Government Financial Systems,Credential Stuffing,Collection,T1005,Attack
A-07-SCN067-04-00,Government Financial Systems,Credential Stuffing,Reconnaissance,T1087,Attack
A-07-SCN067-04-01,Government Financial Systems,Credential Stuffing,Initial Access,T1078,Attack
A-07-SCN067-04-02,Government Financial Systems,Credential Stuffing,Credential Access,T1110,Attack
A-07-SCN067-04-03,Government Financial Systems,Credential Stuffing,Discovery,T1046,Attack
A-07-SCN067-04-04,Government Financial Systems,Credential Stuffing,Lateral Movement,T1021,Attack
A-07-SCN067-04-05,Government Financial Systems,Credential Stuffing,Collection,T1005,Attack
A-07-SCN067-04-06,Government Financial Systems,Credential Stuffing,Collection,T1005,Attack
A-07-SCN067-04-07,Government Financial Systems,Credential Stuffing,Collection,T1005,Attack
A-07-SCN067-04-08,Government Financial Systems,Credential Stuffing,Collection,T1005,Attack
A-07-SCN067-04-09,Government Financial Systems,Credential Stuffing,Collection,T1005,Attack
A-07-SCN068-01-00,Government Financial Systems,Web Application Compromise,Reconnaissance,T1190,Attack
A-07-SCN068-01-01,Government Financial Systems,Web Application Compromise,Initial Access,T1190,Attack
A-07-SCN068-01-02,Government Financial Systems,Web Application Compromise,Execution,T1059,Attack
A-07-SCN068-01-03,Government Financial Systems,Web Application Compromise,Persistence,T1053,Attack
A-07-SCN068-01-04,Government Financial Systems,Web Application Compromise,Privilege Escalation,T1068,Attack
A-07-SCN068-01-05,Government Financial Systems,Web Application Compromise,Discovery,T1087,Attack
A-07-SCN068-01-06,Government Financial Systems,Web Application Compromise,Lateral Movement,T1021,Attack
A-07-SCN068-01-07,Government Financial Systems,Web Application Compromise,Command and Control,T1071,Attack
A-07-SCN068-01-08,Government Financial Systems,Web Application Compromise,Command and Control,T1071,Attack
A-07-SCN068-01-09,Government Financial Systems,Web Application Compromise,Command and Control,T1071,Attack
A-07-SCN068-02-00,Government Financial Systems,Web Application Compromise,Reconnaissance,T1071,Attack
A-07-SCN068-02-01,Government Financial Systems,Web Application Compromise,Initial Access,T1078,Attack
A-07-SCN068-02-02,Government Financial Systems,Web Application Compromise,Execution,T1059,Attack
A-07-SCN068-02-03,Government Financial Systems,Web Application Compromise,Persistence,T1053,Attack
A-07-SCN068-02-04,Government Financial Systems,Web Application Compromise,Privilege Escalation,T1068,Attack
A-07-SCN068-02-05,Government Financial Systems,Web Application Compromise,Discovery,T1087,Attack
A-07-SCN068-02-06,Government Financial Systems,Web Application Compromise,Lateral Movement,T1021,Attack
A-07-SCN068-02-07,Government Financial Systems,Web Application Compromise,Command and Control,T1071,Attack
A-07-SCN068-02-08,Government Financial Systems,Web Application Compromise,Command and Control,T1071,Attack
A-07-SCN068-02-09,Government Financial Systems,Web Application Compromise,Command and Control,T1071,Attack
A-07-SCN068-03-00,Government Financial Systems,Web Application Compromise,Reconnaissance,T1053,Attack
A-07-SCN068-03-01,Government Financial Systems,Web Application Compromise,Initial Access,T1078,Attack
A-07-SCN068-03-02,Government Financial Systems,Web Application Compromise,Execution,T1059,Attack
A-07-SCN068-03-03,Government Financial Systems,Web Application Compromise,Persistence,T1053,Attack
A-07-SCN068-03-04,Government Financial Systems,Web Application Compromise,Privilege Escalation,T1068,Attack
A-07-SCN068-03-05,Government Financial Systems,Web Application Compromise,Discovery,T1046,Attack
A-07-SCN068-03-06,Government Financial Systems,Web Application Compromise,Lateral Movement,T1021,Attack
A-07-SCN068-03-07,Government Financial Systems,Web Application Compromise,Command and Control,T1071,Attack
A-07-SCN068-03-08,Government Financial Systems,Web Application Compromise,Command and Control,T1071,Attack
A-07-SCN068-03-09,Government Financial Systems,Web Application Compromise,Command and Control,T1071,Attack
A-07-SCN068-04-00,Government Financial Systems,Web Application Compromise,Reconnaissance,T1046,Attack
A-07-SCN068-04-01,Government Financial Systems,Web Application Compromise,Initial Access,T1078,Attack
A-07-SCN068-04-02,Government Financial Systems,Web Application Compromise,Execution,T1059,Attack
A-07-SCN068-04-03,Government Financial Systems,Web Application Compromise,Persistence,T1053,Attack
A-07-SCN068-04-04,Government Financial Systems,Web Application Compromise,Privilege Escalation,T1068,Attack
A-07-SCN068-04-05,Government Financial Systems,Web Application Compromise,Discovery,T1087,Attack
A-07-SCN068-04-06,Government Financial Systems,Web Application Compromise,Lateral Movement,T1021,Attack
A-07-SCN068-04-07,Government Financial Systems,Web Application Compromise,Command and Control,T1071,Attack
A-07-SCN068-04-08,Government Financial Systems,Web Application Compromise,Command and Control,T1071,Attack
A-07-SCN068-04-09,Government Financial Systems,Web Application Compromise,Command and Control,T1071,Attack
A-07-SCN069-01-00,Government Financial Systems,Insider Abuse,Reconnaissance,T1046,Attack
A-07-SCN069-01-01,Government Financial Systems,Insider Abuse,Initial Access,T1078,Attack
A-07-SCN069-01-02,Government Financial Systems,Insider Abuse,Execution,T1059,Attack
A-07-SCN069-01-03,Government Financial Systems,Insider Abuse,Persistence,T1053,Attack
A-07-SCN069-01-04,Government Financial Systems,Insider Abuse,Privilege Escalation,T1068,Attack
A-07-SCN069-01-05,Government Financial Systems,Insider Abuse,Discovery,T1087,Attack
A-07-SCN069-01-06,Government Financial Systems,Insider Abuse,Lateral Movement,T1021,Attack
A-07-SCN069-01-07,Government Financial Systems,Insider Abuse,Command and Control,T1071,Attack
A-07-SCN069-01-08,Government Financial Systems,Insider Abuse,Command and Control,T1071,Attack
A-07-SCN069-01-09,Government Financial Systems,Insider Abuse,Command and Control,T1071,Attack
A-07-SCN069-02-00,Government Financial Systems,Insider Abuse,Reconnaissance,T1021,Attack
A-07-SCN069-02-01,Government Financial Systems,Insider Abuse,Initial Access,T1078,Attack
A-07-SCN069-02-02,Government Financial Systems,Insider Abuse,Execution,T1059,Attack
A-07-SCN069-02-03,Government Financial Systems,Insider Abuse,Persistence,T1053,Attack
A-07-SCN069-02-04,Government Financial Systems,Insider Abuse,Privilege Escalation,T1068,Attack
A-07-SCN069-02-05,Government Financial Systems,Insider Abuse,Discovery,T1087,Attack
A-07-SCN069-02-06,Government Financial Systems,Insider Abuse,Lateral Movement,T1021,Attack
A-07-SCN069-02-07,Government Financial Systems,Insider Abuse,Command and Control,T1071,Attack
A-07-SCN069-02-08,Government Financial Systems,Insider Abuse,Command and Control,T1071,Attack
A-07-SCN069-02-09,Government Financial Systems,Insider Abuse,Command and Control,T1071,Attack
A-07-SCN069-03-00,Government Financial Systems,Insider Abuse,Reconnaissance,T1059,Attack
A-07-SCN069-03-01,Government Financial Systems,Insider Abuse,Initial Access,T1078,Attack
A-07-SCN069-03-02,Government Financial Systems,Insider Abuse,Execution,T1059,Attack
A-07-SCN069-03-03,Government Financial Systems,Insider Abuse,Persistence,T1053,Attack
A-07-SCN069-03-04,Government Financial Systems,Insider Abuse,Privilege Escalation,T1068,Attack
A-07-SCN069-03-05,Government Financial Systems,Insider Abuse,Discovery,T1046,Attack
A-07-SCN069-03-06,Government Financial Systems,Insider Abuse,Lateral Movement,T1021,Attack
A-07-SCN069-03-07,Government Financial Systems,Insider Abuse,Command and Control,T1071,Attack
A-07-SCN069-03-08,Government Financial Systems,Insider Abuse,Command and Control,T1071,Attack
A-07-SCN069-03-09,Government Financial Systems,Insider Abuse,Command and Control,T1071,Attack
A-07-SCN069-04-00,Government Financial Systems,Insider Abuse,Reconnaissance,T1087,Attack
A-07-SCN069-04-01,Government Financial Systems,Insider Abuse,Initial Access,T1190,Attack
A-07-SCN069-04-02,Government Financial Systems,Insider Abuse,Execution,T1059,Attack
A-07-SCN069-04-03,Government Financial Systems,Insider Abuse,Persistence,T1053,Attack
A-07-SCN069-04-04,Government Financial Systems,Insider Abuse,Privilege Escalation,T1068,Attack
A-07-SCN069-04-05,Government Financial Systems,Insider Abuse,Discovery,T1046,Attack
A-07-SCN069-04-06,Government Financial Systems,Insider Abuse,Lateral Movement,T1021,Attack
A-07-SCN069-04-07,Government Financial Systems,Insider Abuse,Command and Control,T1071,Attack
A-07-SCN069-04-08,Government Financial Systems,Insider Abuse,Command and Control,T1071,Attack
A-07-SCN069-04-09,Government Financial Systems,Insider Abuse,Command and Control,T1071,Attack
A-07-SCN070-01-00,Government Financial Systems,Command and Control,Reconnaissance,T1053,Attack
A-07-SCN070-01-01,Government Financial Systems,Command and Control,Initial Access,T1078,Attack
A-07-SCN070-01-02,Government Financial Systems,Command and Control,Execution,T1059,Attack
A-07-SCN070-01-03,Government Financial Systems,Command and Control,Persistence,T1053,Attack
A-07-SCN070-01-04,Government Financial Systems,Command and Control,Privilege Escalation,T1068,Attack
A-07-SCN070-01-05,Government Financial Systems,Command and Control,Discovery,T1087,Attack
A-07-SCN070-01-06,Government Financial Systems,Command and Control,Lateral Movement,T1021,Attack
A-07-SCN070-01-07,Government Financial Systems,Command and Control,Command and Control,T1071,Attack
A-07-SCN070-01-08,Government Financial Systems,Command and Control,Command and Control,T1071,Attack
A-07-SCN070-01-09,Government Financial Systems,Command and Control,Command and Control,T1071,Attack
A-07-SCN070-02-00,Government Financial Systems,Command and Control,Reconnaissance,T1110,Attack
A-07-SCN070-02-01,Government Financial Systems,Command and Control,Initial Access,T1078,Attack
A-07-SCN070-02-02,Government Financial Systems,Command and Control,Execution,T1059,Attack
A-07-SCN070-02-03,Government Financial Systems,Command and Control,Persistence,T1053,Attack
A-07-SCN070-02-04,Government Financial Systems,Command and Control,Privilege Escalation,T1068,Attack
A-07-SCN070-02-05,Government Financial Systems,Command and Control,Discovery,T1046,Attack
A-07-SCN070-02-06,Government Financial Systems,Command and Control,Lateral Movement,T1021,Attack
A-07-SCN070-02-07,Government Financial Systems,Command and Control,Command and Control,T1071,Attack
A-07-SCN070-02-08,Government Financial Systems,Command and Control,Command and Control,T1071,Attack
A-07-SCN070-02-09,Government Financial Systems,Command and Control,Command and Control,T1071,Attack
A-07-SCN070-03-00,Government Financial Systems,Command and Control,Reconnaissance,T1053,Attack
A-07-SCN070-03-01,Government Financial Systems,Command and Control,Initial Access,T1078,Attack
A-07-SCN070-03-02,Government Financial Systems,Command and Control,Execution,T1059,Attack
A-07-SCN070-03-03,Government Financial Systems,Command and Control,Persistence,T1053,Attack
A-07-SCN070-03-04,Government Financial Systems,Command and Control,Privilege Escalation,T1068,Attack
A-07-SCN070-03-05,Government Financial Systems,Command and Control,Discovery,T1046,Attack
A-07-SCN070-03-06,Government Financial Systems,Command and Control,Lateral Movement,T1021,Attack
A-07-SCN070-03-07,Government Financial Systems,Command and Control,Command and Control,T1071,Attack
A-07-SCN070-03-08,Government Financial Systems,Command and Control,Command and Control,T1071,Attack
A-07-SCN070-03-09,Government Financial Systems,Command and Control,Command and Control,T1071,Attack
A-07-SCN070-04-00,Government Financial Systems,Command and Control,Reconnaissance,T1046,Attack
A-07-SCN070-04-01,Government Financial Systems,Command and Control,Initial Access,T1190,Attack
A-07-SCN070-04-02,Government Financial Systems,Command and Control,Execution,T1059,Attack
A-07-SCN070-04-03,Government Financial Systems,Command and Control,Persistence,T1053,Attack
A-07-SCN070-04-04,Government Financial Systems,Command and Control,Privilege Escalation,T1068,Attack
A-07-SCN070-04-05,Government Financial Systems,Command and Control,Discovery,T1087,Attack
A-07-SCN070-04-06,Government Financial Systems,Command and Control,Lateral Movement,T1021,Attack
A-07-SCN070-04-07,Government Financial Systems,Command and Control,Command and Control,T1071,Attack
A-07-SCN070-04-08,Government Financial Systems,Command and Control,Command and Control,T1071,Attack
A-07-SCN070-04-09,Government Financial Systems,Command and Control,Command and Control,T1071,Attack
N-08-00000,Government Healthcare,Normal,Normal,None,Normal
N-08-00001,Government Healthcare,Normal,Normal,None,Normal
N-08-00002,Government Healthcare,Normal,Normal,None,Normal
N-08-00003,Government Healthcare,Normal,Normal,None,Normal
N-08-00004,Government Healthcare,Normal,Normal,None,Normal
N-08-00005,Government Healthcare,Normal,Normal,None,Normal
N-08-00006,Government Healthcare,Normal,Normal,None,Normal
N-08-00007,Government Healthcare,Normal,Normal,None,Normal
N-08-00008,Government Healthcare,Normal,Normal,None,Normal
N-08-00009,Government Healthcare,Normal,Normal,None,Normal
N-08-00010,Government Healthcare,Normal,Normal,None,Normal
N-08-00011,Government Healthcare,Normal,Normal,None,Normal
N-08-00012,Government Healthcare,Normal,Normal,None,Normal
N-08-00013,Government Healthcare,Normal,Normal,None,Normal
N-08-00014,Government Healthcare,Normal,Normal,None,Normal
N-08-00015,Government Healthcare,Normal,Normal,None,Normal
N-08-00016,Government Healthcare,Normal,Normal,None,Normal
N-08-00017,Government Healthcare,Normal,Normal,None,Normal
N-08-00018,Government Healthcare,Normal,Normal,None,Normal
N-08-00019,Government Healthcare,Normal,Normal,None,Normal
N-08-00020,Government Healthcare,Normal,Normal,None,Normal
N-08-00021,Government Healthcare,Normal,Normal,None,Normal
N-08-00022,Government Healthcare,Normal,Normal,None,Normal
N-08-00023,Government Healthcare,Normal,Normal,None,Normal
N-08-00024,Government Healthcare,Normal,Normal,None,Normal
N-08-00025,Government Healthcare,Normal,Normal,None,Normal
N-08-00026,Government Healthcare,Normal,Normal,None,Normal
N-08-00027,Government Healthcare,Normal,Normal,None,Normal
N-08-00028,Government Healthcare,Normal,Normal,None,Normal
N-08-00029,Government Healthcare,Normal,Normal,None,Normal
N-08-00030,Government Healthcare,Normal,Normal,None,Normal
N-08-00031,Government Healthcare,Normal,Normal,None,Normal
N-08-00032,Government Healthcare,Normal,Normal,None,Normal
N-08-00033,Government Healthcare,Normal,Normal,None,Normal
N-08-00034,Government Healthcare,Normal,Normal,None,Normal
N-08-00035,Government Healthcare,Normal,Normal,None,Normal
N-08-00036,Government Healthcare,Normal,Normal,None,Normal
N-08-00037,Government Healthcare,Normal,Normal,None,Normal
N-08-00038,Government Healthcare,Normal,Normal,None,Normal
N-08-00039,Government Healthcare,Normal,Normal,None,Normal
N-08-00040,Government Healthcare,Normal,Normal,None,Normal
N-08-00041,Government Healthcare,Normal,Normal,None,Normal
N-08-00042,Government Healthcare,Normal,Normal,None,Normal
N-08-00043,Government Healthcare,Normal,Normal,None,Normal
N-08-00044,Government Healthcare,Normal,Normal,None,Normal
N-08-00045,Government Healthcare,Normal,Normal,None,Normal
N-08-00046,Government Healthcare,Normal,Normal,None,Normal
N-08-00047,Government Healthcare,Normal,Normal,None,Normal
N-08-00048,Government Healthcare,Normal,Normal,None,Normal
N-08-00049,Government Healthcare,Normal,Normal,None,Normal
N-08-00050,Government Healthcare,Normal,Normal,None,Normal
N-08-00051,Government Healthcare,Normal,Normal,None,Normal
N-08-00052,Government Healthcare,Normal,Normal,None,Normal
N-08-00053,Government Healthcare,Normal,Normal,None,Normal
N-08-00054,Government Healthcare,Normal,Normal,None,Normal
N-08-00055,Government Healthcare,Normal,Normal,None,Normal
N-08-00056,Government Healthcare,Normal,Normal,None,Normal
N-08-00057,Government Healthcare,Normal,Normal,None,Normal
N-08-00058,Government Healthcare,Normal,Normal,None,Normal
N-08-00059,Government Healthcare,Normal,Normal,None,Normal
N-08-00060,Government Healthcare,Normal,Normal,None,Normal
N-08-00061,Government Healthcare,Normal,Normal,None,Normal
N-08-00062,Government Healthcare,Normal,Normal,None,Normal
N-08-00063,Government Healthcare,Normal,Normal,None,Normal
N-08-00064,Government Healthcare,Normal,Normal,None,Normal
N-08-00065,Government Healthcare,Normal,Normal,None,Normal
N-08-00066,Government Healthcare,Normal,Normal,None,Normal
N-08-00067,Government Healthcare,Normal,Normal,None,Normal
N-08-00068,Government Healthcare,Normal,Normal,None,Normal
N-08-00069,Government Healthcare,Normal,Normal,None,Normal
N-08-00070,Government Healthcare,Normal,Normal,None,Normal
N-08-00071,Government Healthcare,Normal,Normal,None,Normal
N-08-00072,Government Healthcare,Normal,Normal,None,Normal
N-08-00073,Government Healthcare,Normal,Normal,None,Normal
N-08-00074,Government Healthcare,Normal,Normal,None,Normal
N-08-00075,Government Healthcare,Normal,Normal,None,Normal
N-08-00076,Government Healthcare,Normal,Normal,None,Normal
N-08-00077,Government Healthcare,Normal,Normal,None,Normal
N-08-00078,Government Healthcare,Normal,Normal,None,Normal
N-08-00079,Government Healthcare,Normal,Normal,None,Normal
N-08-00080,Government Healthcare,Normal,Normal,None,Normal
N-08-00081,Government Healthcare,Normal,Normal,None,Normal
N-08-00082,Government Healthcare,Normal,Normal,None,Normal
N-08-00083,Government Healthcare,Normal,Normal,None,Normal
N-08-00084,Government Healthcare,Normal,Normal,None,Normal
N-08-00085,Government Healthcare,Normal,Normal,None,Normal
N-08-00086,Government Healthcare,Normal,Normal,None,Normal
N-08-00087,Government Healthcare,Normal,Normal,None,Normal
N-08-00088,Government Healthcare,Normal,Normal,None,Normal
N-08-00089,Government Healthcare,Normal,Normal,None,Normal
N-08-00090,Government Healthcare,Normal,Normal,None,Normal
N-08-00091,Government Healthcare,Normal,Normal,None,Normal
N-08-00092,Government Healthcare,Normal,Normal,None,Normal
N-08-00093,Government Healthcare,Normal,Normal,None,Normal
N-08-00094,Government Healthcare,Normal,Normal,None,Normal
N-08-00095,Government Healthcare,Normal,Normal,None,Normal
N-08-00096,Government Healthcare,Normal,Normal,None,Normal
N-08-00097,Government Healthcare,Normal,Normal,None,Normal
N-08-00098,Government Healthcare,Normal,Normal,None,Normal
N-08-00099,Government Healthcare,Normal,Normal,None,Normal
N-08-00100,Government Healthcare,Normal,Normal,None,Normal
N-08-00101,Government Healthcare,Normal,Normal,None,Normal
N-08-00102,Government Healthcare,Normal,Normal,None,Normal
N-08-00103,Government Healthcare,Normal,Normal,None,Normal
N-08-00104,Government Healthcare,Normal,Normal,None,Normal
N-08-00105,Government Healthcare,Normal,Normal,None,Normal
N-08-00106,Government Healthcare,Normal,Normal,None,Normal
N-08-00107,Government Healthcare,Normal,Normal,None,Normal
N-08-00108,Government Healthcare,Normal,Normal,None,Normal
N-08-00109,Government Healthcare,Normal,Normal,None,Normal
N-08-00110,Government Healthcare,Normal,Normal,None,Normal
N-08-00111,Government Healthcare,Normal,Normal,None,Normal
N-08-00112,Government Healthcare,Normal,Normal,None,Normal
N-08-00113,Government Healthcare,Normal,Normal,None,Normal
N-08-00114,Government Healthcare,Normal,Normal,None,Normal
N-08-00115,Government Healthcare,Normal,Normal,None,Normal
N-08-00116,Government Healthcare,Normal,Normal,None,Normal
N-08-00117,Government Healthcare,Normal,Normal,None,Normal
N-08-00118,Government Healthcare,Normal,Normal,None,Normal
N-08-00119,Government Healthcare,Normal,Normal,None,Normal
N-08-00120,Government Healthcare,Normal,Normal,None,Normal
N-08-00121,Government Healthcare,Normal,Normal,None,Normal
N-08-00122,Government Healthcare,Normal,Normal,None,Normal
N-08-00123,Government Healthcare,Normal,Normal,None,Normal
N-08-00124,Government Healthcare,Normal,Normal,None,Normal
N-08-00125,Government Healthcare,Normal,Normal,None,Normal
N-08-00126,Government Healthcare,Normal,Normal,None,Normal
N-08-00127,Government Healthcare,Normal,Normal,None,Normal
N-08-00128,Government Healthcare,Normal,Normal,None,Normal
N-08-00129,Government Healthcare,Normal,Normal,None,Normal
N-08-00130,Government Healthcare,Normal,Normal,None,Normal
N-08-00131,Government Healthcare,Normal,Normal,None,Normal
N-08-00132,Government Healthcare,Normal,Normal,None,Normal
N-08-00133,Government Healthcare,Normal,Normal,None,Normal
N-08-00134,Government Healthcare,Normal,Normal,None,Normal
N-08-00135,Government Healthcare,Normal,Normal,None,Normal
N-08-00136,Government Healthcare,Normal,Normal,None,Normal
N-08-00137,Government Healthcare,Normal,Normal,None,Normal
N-08-00138,Government Healthcare,Normal,Normal,None,Normal
N-08-00139,Government Healthcare,Normal,Normal,None,Normal
N-08-00140,Government Healthcare,Normal,Normal,None,Normal
N-08-00141,Government Healthcare,Normal,Normal,None,Normal
N-08-00142,Government Healthcare,Normal,Normal,None,Normal
N-08-00143,Government Healthcare,Normal,Normal,None,Normal
N-08-00144,Government Healthcare,Normal,Normal,None,Normal
N-08-00145,Government Healthcare,Normal,Normal,None,Normal
N-08-00146,Government Healthcare,Normal,Normal,None,Normal
N-08-00147,Government Healthcare,Normal,Normal,None,Normal
N-08-00148,Government Healthcare,Normal,Normal,None,Normal
N-08-00149,Government Healthcare,Normal,Normal,None,Normal
N-08-00150,Government Healthcare,Normal,Normal,None,Normal
N-08-00151,Government Healthcare,Normal,Normal,None,Normal
N-08-00152,Government Healthcare,Normal,Normal,None,Normal
N-08-00153,Government Healthcare,Normal,Normal,None,Normal
N-08-00154,Government Healthcare,Normal,Normal,None,Normal
N-08-00155,Government Healthcare,Normal,Normal,None,Normal
N-08-00156,Government Healthcare,Normal,Normal,None,Normal
N-08-00157,Government Healthcare,Normal,Normal,None,Normal
N-08-00158,Government Healthcare,Normal,Normal,None,Normal
N-08-00159,Government Healthcare,Normal,Normal,None,Normal
N-08-00160,Government Healthcare,Normal,Normal,None,Normal
N-08-00161,Government Healthcare,Normal,Normal,None,Normal
N-08-00162,Government Healthcare,Normal,Normal,None,Normal
N-08-00163,Government Healthcare,Normal,Normal,None,Normal
N-08-00164,Government Healthcare,Normal,Normal,None,Normal
N-08-00165,Government Healthcare,Normal,Normal,None,Normal
N-08-00166,Government Healthcare,Normal,Normal,None,Normal
N-08-00167,Government Healthcare,Normal,Normal,None,Normal
N-08-00168,Government Healthcare,Normal,Normal,None,Normal
N-08-00169,Government Healthcare,Normal,Normal,None,Normal
N-08-00170,Government Healthcare,Normal,Normal,None,Normal
N-08-00171,Government Healthcare,Normal,Normal,None,Normal
N-08-00172,Government Healthcare,Normal,Normal,None,Normal
N-08-00173,Government Healthcare,Normal,Normal,None,Normal
N-08-00174,Government Healthcare,Normal,Normal,None,Normal
N-08-00175,Government Healthcare,Normal,Normal,None,Normal
N-08-00176,Government Healthcare,Normal,Normal,None,Normal
N-08-00177,Government Healthcare,Normal,Normal,None,Normal
N-08-00178,Government Healthcare,Normal,Normal,None,Normal
N-08-00179,Government Healthcare,Normal,Normal,None,Normal
N-08-00180,Government Healthcare,Normal,Normal,None,Normal
N-08-00181,Government Healthcare,Normal,Normal,None,Normal
N-08-00182,Government Healthcare,Normal,Normal,None,Normal
N-08-00183,Government Healthcare,Normal,Normal,None,Normal
N-08-00184,Government Healthcare,Normal,Normal,None,Normal
N-08-00185,Government Healthcare,Normal,Normal,None,Normal
N-08-00186,Government Healthcare,Normal,Normal,None,Normal
N-08-00187,Government Healthcare,Normal,Normal,None,Normal
N-08-00188,Government Healthcare,Normal,Normal,None,Normal
N-08-00189,Government Healthcare,Normal,Normal,None,Normal
N-08-00190,Government Healthcare,Normal,Normal,None,Normal
N-08-00191,Government Healthcare,Normal,Normal,None,Normal
N-08-00192,Government Healthcare,Normal,Normal,None,Normal
N-08-00193,Government Healthcare,Normal,Normal,None,Normal
N-08-00194,Government Healthcare,Normal,Normal,None,Normal
N-08-00195,Government Healthcare,Normal,Normal,None,Normal
N-08-00196,Government Healthcare,Normal,Normal,None,Normal
N-08-00197,Government Healthcare,Normal,Normal,None,Normal
N-08-00198,Government Healthcare,Normal,Normal,None,Normal
N-08-00199,Government Healthcare,Normal,Normal,None,Normal
N-08-00200,Government Healthcare,Normal,Normal,None,Normal
N-08-00201,Government Healthcare,Normal,Normal,None,Normal
N-08-00202,Government Healthcare,Normal,Normal,None,Normal
N-08-00203,Government Healthcare,Normal,Normal,None,Normal
N-08-00204,Government Healthcare,Normal,Normal,None,Normal
N-08-00205,Government Healthcare,Normal,Normal,None,Normal
N-08-00206,Government Healthcare,Normal,Normal,None,Normal
N-08-00207,Government Healthcare,Normal,Normal,None,Normal
N-08-00208,Government Healthcare,Normal,Normal,None,Normal
N-08-00209,Government Healthcare,Normal,Normal,None,Normal
N-08-00210,Government Healthcare,Normal,Normal,None,Normal
N-08-00211,Government Healthcare,Normal,Normal,None,Normal
N-08-00212,Government Healthcare,Normal,Normal,None,Normal
N-08-00213,Government Healthcare,Normal,Normal,None,Normal
N-08-00214,Government Healthcare,Normal,Normal,None,Normal
N-08-00215,Government Healthcare,Normal,Normal,None,Normal
N-08-00216,Government Healthcare,Normal,Normal,None,Normal
N-08-00217,Government Healthcare,Normal,Normal,None,Normal
N-08-00218,Government Healthcare,Normal,Normal,None,Normal
N-08-00219,Government Healthcare,Normal,Normal,None,Normal
N-08-00220,Government Healthcare,Normal,Normal,None,Normal
N-08-00221,Government Healthcare,Normal,Normal,None,Normal
N-08-00222,Government Healthcare,Normal,Normal,None,Normal
N-08-00223,Government Healthcare,Normal,Normal,None,Normal
N-08-00224,Government Healthcare,Normal,Normal,None,Normal
N-08-00225,Government Healthcare,Normal,Normal,None,Normal
N-08-00226,Government Healthcare,Normal,Normal,None,Normal
N-08-00227,Government Healthcare,Normal,Normal,None,Normal
N-08-00228,Government Healthcare,Normal,Normal,None,Normal
N-08-00229,Government Healthcare,Normal,Normal,None,Normal
N-08-00230,Government Healthcare,Normal,Normal,None,Normal
N-08-00231,Government Healthcare,Normal,Normal,None,Normal
N-08-00232,Government Healthcare,Normal,Normal,None,Normal
N-08-00233,Government Healthcare,Normal,Normal,None,Normal
N-08-00234,Government Healthcare,Normal,Normal,None,Normal
N-08-00235,Government Healthcare,Normal,Normal,None,Normal
N-08-00236,Government Healthcare,Normal,Normal,None,Normal
N-08-00237,Government Healthcare,Normal,Normal,None,Normal
N-08-00238,Government Healthcare,Normal,Normal,None,Normal
N-08-00239,Government Healthcare,Normal,Normal,None,Normal
N-08-00240,Government Healthcare,Normal,Normal,None,Normal
N-08-00241,Government Healthcare,Normal,Normal,None,Normal
N-08-00242,Government Healthcare,Normal,Normal,None,Normal
N-08-00243,Government Healthcare,Normal,Normal,None,Normal
N-08-00244,Government Healthcare,Normal,Normal,None,Normal
N-08-00245,Government Healthcare,Normal,Normal,None,Normal
N-08-00246,Government Healthcare,Normal,Normal,None,Normal
N-08-00247,Government Healthcare,Normal,Normal,None,Normal
N-08-00248,Government Healthcare,Normal,Normal,None,Normal
N-08-00249,Government Healthcare,Normal,Normal,None,Normal
N-08-00250,Government Healthcare,Normal,Normal,None,Normal
N-08-00251,Government Healthcare,Normal,Normal,None,Normal
N-08-00252,Government Healthcare,Normal,Normal,None,Normal
N-08-00253,Government Healthcare,Normal,Normal,None,Normal
N-08-00254,Government Healthcare,Normal,Normal,None,Normal
N-08-00255,Government Healthcare,Normal,Normal,None,Normal
N-08-00256,Government Healthcare,Normal,Normal,None,Normal
N-08-00257,Government Healthcare,Normal,Normal,None,Normal
N-08-00258,Government Healthcare,Normal,Normal,None,Normal
N-08-00259,Government Healthcare,Normal,Normal,None,Normal
N-08-00260,Government Healthcare,Normal,Normal,None,Normal
N-08-00261,Government Healthcare,Normal,Normal,None,Normal
N-08-00262,Government Healthcare,Normal,Normal,None,Normal
N-08-00263,Government Healthcare,Normal,Normal,None,Normal
N-08-00264,Government Healthcare,Normal,Normal,None,Normal
N-08-00265,Government Healthcare,Normal,Normal,None,Normal
N-08-00266,Government Healthcare,Normal,Normal,None,Normal
N-08-00267,Government Healthcare,Normal,Normal,None,Normal
N-08-00268,Government Healthcare,Normal,Normal,None,Normal
N-08-00269,Government Healthcare,Normal,Normal,None,Normal
N-08-00270,Government Healthcare,Normal,Normal,None,Normal
N-08-00271,Government Healthcare,Normal,Normal,None,Normal
N-08-00272,Government Healthcare,Normal,Normal,None,Normal
N-08-00273,Government Healthcare,Normal,Normal,None,Normal
N-08-00274,Government Healthcare,Normal,Normal,None,Normal
N-08-00275,Government Healthcare,Normal,Normal,None,Normal
N-08-00276,Government Healthcare,Normal,Normal,None,Normal
N-08-00277,Government Healthcare,Normal,Normal,None,Normal
N-08-00278,Government Healthcare,Normal,Normal,None,Normal
N-08-00279,Government Healthcare,Normal,Normal,None,Normal
N-08-00280,Government Healthcare,Normal,Normal,None,Normal
N-08-00281,Government Healthcare,Normal,Normal,None,Normal
N-08-00282,Government Healthcare,Normal,Normal,None,Normal
N-08-00283,Government Healthcare,Normal,Normal,None,Normal
N-08-00284,Government Healthcare,Normal,Normal,None,Normal
N-08-00285,Government Healthcare,Normal,Normal,None,Normal
N-08-00286,Government Healthcare,Normal,Normal,None,Normal
N-08-00287,Government Healthcare,Normal,Normal,None,Normal
N-08-00288,Government Healthcare,Normal,Normal,None,Normal
N-08-00289,Government Healthcare,Normal,Normal,None,Normal
N-08-00290,Government Healthcare,Normal,Normal,None,Normal
N-08-00291,Government Healthcare,Normal,Normal,None,Normal
N-08-00292,Government Healthcare,Normal,Normal,None,Normal
N-08-00293,Government Healthcare,Normal,Normal,None,Normal
N-08-00294,Government Healthcare,Normal,Normal,None,Normal
N-08-00295,Government Healthcare,Normal,Normal,None,Normal
N-08-00296,Government Healthcare,Normal,Normal,None,Normal
N-08-00297,Government Healthcare,Normal,Normal,None,Normal
N-08-00298,Government Healthcare,Normal,Normal,None,Normal
N-08-00299,Government Healthcare,Normal,Normal,None,Normal
N-08-00300,Government Healthcare,Normal,Normal,None,Normal
N-08-00301,Government Healthcare,Normal,Normal,None,Normal
N-08-00302,Government Healthcare,Normal,Normal,None,Normal
N-08-00303,Government Healthcare,Normal,Normal,None,Normal
N-08-00304,Government Healthcare,Normal,Normal,None,Normal
N-08-00305,Government Healthcare,Normal,Normal,None,Normal
N-08-00306,Government Healthcare,Normal,Normal,None,Normal
N-08-00307,Government Healthcare,Normal,Normal,None,Normal
N-08-00308,Government Healthcare,Normal,Normal,None,Normal
N-08-00309,Government Healthcare,Normal,Normal,None,Normal
N-08-00310,Government Healthcare,Normal,Normal,None,Normal
N-08-00311,Government Healthcare,Normal,Normal,None,Normal
N-08-00312,Government Healthcare,Normal,Normal,None,Normal
N-08-00313,Government Healthcare,Normal,Normal,None,Normal
N-08-00314,Government Healthcare,Normal,Normal,None,Normal
N-08-00315,Government Healthcare,Normal,Normal,None,Normal
N-08-00316,Government Healthcare,Normal,Normal,None,Normal
N-08-00317,Government Healthcare,Normal,Normal,None,Normal
N-08-00318,Government Healthcare,Normal,Normal,None,Normal
N-08-00319,Government Healthcare,Normal,Normal,None,Normal
N-08-00320,Government Healthcare,Normal,Normal,None,Normal
N-08-00321,Government Healthcare,Normal,Normal,None,Normal
N-08-00322,Government Healthcare,Normal,Normal,None,Normal
N-08-00323,Government Healthcare,Normal,Normal,None,Normal
N-08-00324,Government Healthcare,Normal,Normal,None,Normal
N-08-00325,Government Healthcare,Normal,Normal,None,Normal
N-08-00326,Government Healthcare,Normal,Normal,None,Normal
N-08-00327,Government Healthcare,Normal,Normal,None,Normal
N-08-00328,Government Healthcare,Normal,Normal,None,Normal
N-08-00329,Government Healthcare,Normal,Normal,None,Normal
N-08-00330,Government Healthcare,Normal,Normal,None,Normal
N-08-00331,Government Healthcare,Normal,Normal,None,Normal
N-08-00332,Government Healthcare,Normal,Normal,None,Normal
N-08-00333,Government Healthcare,Normal,Normal,None,Normal
N-08-00334,Government Healthcare,Normal,Normal,None,Normal
N-08-00335,Government Healthcare,Normal,Normal,None,Normal
N-08-00336,Government Healthcare,Normal,Normal,None,Normal
N-08-00337,Government Healthcare,Normal,Normal,None,Normal
N-08-00338,Government Healthcare,Normal,Normal,None,Normal
N-08-00339,Government Healthcare,Normal,Normal,None,Normal
N-08-00340,Government Healthcare,Normal,Normal,None,Normal
N-08-00341,Government Healthcare,Normal,Normal,None,Normal
N-08-00342,Government Healthcare,Normal,Normal,None,Normal
N-08-00343,Government Healthcare,Normal,Normal,None,Normal
N-08-00344,Government Healthcare,Normal,Normal,None,Normal
N-08-00345,Government Healthcare,Normal,Normal,None,Normal
N-08-00346,Government Healthcare,Normal,Normal,None,Normal
N-08-00347,Government Healthcare,Normal,Normal,None,Normal
N-08-00348,Government Healthcare,Normal,Normal,None,Normal
N-08-00349,Government Healthcare,Normal,Normal,None,Normal
N-08-00350,Government Healthcare,Normal,Normal,None,Normal
N-08-00351,Government Healthcare,Normal,Normal,None,Normal
N-08-00352,Government Healthcare,Normal,Normal,None,Normal
N-08-00353,Government Healthcare,Normal,Normal,None,Normal
N-08-00354,Government Healthcare,Normal,Normal,None,Normal
N-08-00355,Government Healthcare,Normal,Normal,None,Normal
N-08-00356,Government Healthcare,Normal,Normal,None,Normal
N-08-00357,Government Healthcare,Normal,Normal,None,Normal
N-08-00358,Government Healthcare,Normal,Normal,None,Normal
N-08-00359,Government Healthcare,Normal,Normal,None,Normal
N-08-00360,Government Healthcare,Normal,Normal,None,Normal
N-08-00361,Government Healthcare,Normal,Normal,None,Normal
N-08-00362,Government Healthcare,Normal,Normal,None,Normal
N-08-00363,Government Healthcare,Normal,Normal,None,Normal
N-08-00364,Government Healthcare,Normal,Normal,None,Normal
N-08-00365,Government Healthcare,Normal,Normal,None,Normal
N-08-00366,Government Healthcare,Normal,Normal,None,Normal
N-08-00367,Government Healthcare,Normal,Normal,None,Normal
N-08-00368,Government Healthcare,Normal,Normal,None,Normal
N-08-00369,Government Healthcare,Normal,Normal,None,Normal
N-08-00370,Government Healthcare,Normal,Normal,None,Normal
N-08-00371,Government Healthcare,Normal,Normal,None,Normal
N-08-00372,Government Healthcare,Normal,Normal,None,Normal
N-08-00373,Government Healthcare,Normal,Normal,None,Normal
N-08-00374,Government Healthcare,Normal,Normal,None,Normal
N-08-00375,Government Healthcare,Normal,Normal,None,Normal
N-08-00376,Government Healthcare,Normal,Normal,None,Normal
N-08-00377,Government Healthcare,Normal,Normal,None,Normal
N-08-00378,Government Healthcare,Normal,Normal,None,Normal
N-08-00379,Government Healthcare,Normal,Normal,None,Normal
N-08-00380,Government Healthcare,Normal,Normal,None,Normal
N-08-00381,Government Healthcare,Normal,Normal,None,Normal
N-08-00382,Government Healthcare,Normal,Normal,None,Normal
N-08-00383,Government Healthcare,Normal,Normal,None,Normal
N-08-00384,Government Healthcare,Normal,Normal,None,Normal
N-08-00385,Government Healthcare,Normal,Normal,None,Normal
N-08-00386,Government Healthcare,Normal,Normal,None,Normal
N-08-00387,Government Healthcare,Normal,Normal,None,Normal
N-08-00388,Government Healthcare,Normal,Normal,None,Normal
N-08-00389,Government Healthcare,Normal,Normal,None,Normal
N-08-00390,Government Healthcare,Normal,Normal,None,Normal
N-08-00391,Government Healthcare,Normal,Normal,None,Normal
N-08-00392,Government Healthcare,Normal,Normal,None,Normal
N-08-00393,Government Healthcare,Normal,Normal,None,Normal
N-08-00394,Government Healthcare,Normal,Normal,None,Normal
N-08-00395,Government Healthcare,Normal,Normal,None,Normal
N-08-00396,Government Healthcare,Normal,Normal,None,Normal
N-08-00397,Government Healthcare,Normal,Normal,None,Normal
N-08-00398,Government Healthcare,Normal,Normal,None,Normal
N-08-00399,Government Healthcare,Normal,Normal,None,Normal
N-08-00400,Government Healthcare,Normal,Normal,None,Normal
N-08-00401,Government Healthcare,Normal,Normal,None,Normal
N-08-00402,Government Healthcare,Normal,Normal,None,Normal
N-08-00403,Government Healthcare,Normal,Normal,None,Normal
N-08-00404,Government Healthcare,Normal,Normal,None,Normal
N-08-00405,Government Healthcare,Normal,Normal,None,Normal
N-08-00406,Government Healthcare,Normal,Normal,None,Normal
N-08-00407,Government Healthcare,Normal,Normal,None,Normal
N-08-00408,Government Healthcare,Normal,Normal,None,Normal
N-08-00409,Government Healthcare,Normal,Normal,None,Normal
N-08-00410,Government Healthcare,Normal,Normal,None,Normal
N-08-00411,Government Healthcare,Normal,Normal,None,Normal
N-08-00412,Government Healthcare,Normal,Normal,None,Normal
N-08-00413,Government Healthcare,Normal,Normal,None,Normal
N-08-00414,Government Healthcare,Normal,Normal,None,Normal
N-08-00415,Government Healthcare,Normal,Normal,None,Normal
N-08-00416,Government Healthcare,Normal,Normal,None,Normal
N-08-00417,Government Healthcare,Normal,Normal,None,Normal
N-08-00418,Government Healthcare,Normal,Normal,None,Normal
N-08-00419,Government Healthcare,Normal,Normal,None,Normal
N-08-00420,Government Healthcare,Normal,Normal,None,Normal
N-08-00421,Government Healthcare,Normal,Normal,None,Normal
N-08-00422,Government Healthcare,Normal,Normal,None,Normal
N-08-00423,Government Healthcare,Normal,Normal,None,Normal
N-08-00424,Government Healthcare,Normal,Normal,None,Normal
N-08-00425,Government Healthcare,Normal,Normal,None,Normal
N-08-00426,Government Healthcare,Normal,Normal,None,Normal
N-08-00427,Government Healthcare,Normal,Normal,None,Normal
N-08-00428,Government Healthcare,Normal,Normal,None,Normal
N-08-00429,Government Healthcare,Normal,Normal,None,Normal
N-08-00430,Government Healthcare,Normal,Normal,None,Normal
N-08-00431,Government Healthcare,Normal,Normal,None,Normal
N-08-00432,Government Healthcare,Normal,Normal,None,Normal
N-08-00433,Government Healthcare,Normal,Normal,None,Normal
N-08-00434,Government Healthcare,Normal,Normal,None,Normal
N-08-00435,Government Healthcare,Normal,Normal,None,Normal
N-08-00436,Government Healthcare,Normal,Normal,None,Normal
N-08-00437,Government Healthcare,Normal,Normal,None,Normal
N-08-00438,Government Healthcare,Normal,Normal,None,Normal
N-08-00439,Government Healthcare,Normal,Normal,None,Normal
N-08-00440,Government Healthcare,Normal,Normal,None,Normal
N-08-00441,Government Healthcare,Normal,Normal,None,Normal
N-08-00442,Government Healthcare,Normal,Normal,None,Normal
N-08-00443,Government Healthcare,Normal,Normal,None,Normal
N-08-00444,Government Healthcare,Normal,Normal,None,Normal
N-08-00445,Government Healthcare,Normal,Normal,None,Normal
N-08-00446,Government Healthcare,Normal,Normal,None,Normal
N-08-00447,Government Healthcare,Normal,Normal,None,Normal
N-08-00448,Government Healthcare,Normal,Normal,None,Normal
N-08-00449,Government Healthcare,Normal,Normal,None,Normal
N-08-00450,Government Healthcare,Normal,Normal,None,Normal
N-08-00451,Government Healthcare,Normal,Normal,None,Normal
N-08-00452,Government Healthcare,Normal,Normal,None,Normal
N-08-00453,Government Healthcare,Normal,Normal,None,Normal
N-08-00454,Government Healthcare,Normal,Normal,None,Normal
N-08-00455,Government Healthcare,Normal,Normal,None,Normal
N-08-00456,Government Healthcare,Normal,Normal,None,Normal
N-08-00457,Government Healthcare,Normal,Normal,None,Normal
N-08-00458,Government Healthcare,Normal,Normal,None,Normal
N-08-00459,Government Healthcare,Normal,Normal,None,Normal
N-08-00460,Government Healthcare,Normal,Normal,None,Normal
N-08-00461,Government Healthcare,Normal,Normal,None,Normal
N-08-00462,Government Healthcare,Normal,Normal,None,Normal
N-08-00463,Government Healthcare,Normal,Normal,None,Normal
N-08-00464,Government Healthcare,Normal,Normal,None,Normal
N-08-00465,Government Healthcare,Normal,Normal,None,Normal
N-08-00466,Government Healthcare,Normal,Normal,None,Normal
N-08-00467,Government Healthcare,Normal,Normal,None,Normal
N-08-00468,Government Healthcare,Normal,Normal,None,Normal
N-08-00469,Government Healthcare,Normal,Normal,None,Normal
N-08-00470,Government Healthcare,Normal,Normal,None,Normal
N-08-00471,Government Healthcare,Normal,Normal,None,Normal
N-08-00472,Government Healthcare,Normal,Normal,None,Normal
N-08-00473,Government Healthcare,Normal,Normal,None,Normal
N-08-00474,Government Healthcare,Normal,Normal,None,Normal
N-08-00475,Government Healthcare,Normal,Normal,None,Normal
N-08-00476,Government Healthcare,Normal,Normal,None,Normal
N-08-00477,Government Healthcare,Normal,Normal,None,Normal
N-08-00478,Government Healthcare,Normal,Normal,None,Normal
N-08-00479,Government Healthcare,Normal,Normal,None,Normal
N-08-00480,Government Healthcare,Normal,Normal,None,Normal
N-08-00481,Government Healthcare,Normal,Normal,None,Normal
N-08-00482,Government Healthcare,Normal,Normal,None,Normal
N-08-00483,Government Healthcare,Normal,Normal,None,Normal
N-08-00484,Government Healthcare,Normal,Normal,None,Normal
N-08-00485,Government Healthcare,Normal,Normal,None,Normal
N-08-00486,Government Healthcare,Normal,Normal,None,Normal
N-08-00487,Government Healthcare,Normal,Normal,None,Normal
N-08-00488,Government Healthcare,Normal,Normal,None,Normal
N-08-00489,Government Healthcare,Normal,Normal,None,Normal
N-08-00490,Government Healthcare,Normal,Normal,None,Normal
N-08-00491,Government Healthcare,Normal,Normal,None,Normal
N-08-00492,Government Healthcare,Normal,Normal,None,Normal
N-08-00493,Government Healthcare,Normal,Normal,None,Normal
N-08-00494,Government Healthcare,Normal,Normal,None,Normal
N-08-00495,Government Healthcare,Normal,Normal,None,Normal
N-08-00496,Government Healthcare,Normal,Normal,None,Normal
N-08-00497,Government Healthcare,Normal,Normal,None,Normal
N-08-00498,Government Healthcare,Normal,Normal,None,Normal
N-08-00499,Government Healthcare,Normal,Normal,None,Normal
N-08-00500,Government Healthcare,Normal,Normal,None,Normal
N-08-00501,Government Healthcare,Normal,Normal,None,Normal
N-08-00502,Government Healthcare,Normal,Normal,None,Normal
N-08-00503,Government Healthcare,Normal,Normal,None,Normal
N-08-00504,Government Healthcare,Normal,Normal,None,Normal
N-08-00505,Government Healthcare,Normal,Normal,None,Normal
N-08-00506,Government Healthcare,Normal,Normal,None,Normal
N-08-00507,Government Healthcare,Normal,Normal,None,Normal
N-08-00508,Government Healthcare,Normal,Normal,None,Normal
N-08-00509,Government Healthcare,Normal,Normal,None,Normal
N-08-00510,Government Healthcare,Normal,Normal,None,Normal
N-08-00511,Government Healthcare,Normal,Normal,None,Normal
N-08-00512,Government Healthcare,Normal,Normal,None,Normal
N-08-00513,Government Healthcare,Normal,Normal,None,Normal
N-08-00514,Government Healthcare,Normal,Normal,None,Normal
N-08-00515,Government Healthcare,Normal,Normal,None,Normal
N-08-00516,Government Healthcare,Normal,Normal,None,Normal
N-08-00517,Government Healthcare,Normal,Normal,None,Normal
N-08-00518,Government Healthcare,Normal,Normal,None,Normal
N-08-00519,Government Healthcare,Normal,Normal,None,Normal
N-08-00520,Government Healthcare,Normal,Normal,None,Normal
N-08-00521,Government Healthcare,Normal,Normal,None,Normal
N-08-00522,Government Healthcare,Normal,Normal,None,Normal
N-08-00523,Government Healthcare,Normal,Normal,None,Normal
N-08-00524,Government Healthcare,Normal,Normal,None,Normal
N-08-00525,Government Healthcare,Normal,Normal,None,Normal
N-08-00526,Government Healthcare,Normal,Normal,None,Normal
N-08-00527,Government Healthcare,Normal,Normal,None,Normal
N-08-00528,Government Healthcare,Normal,Normal,None,Normal
N-08-00529,Government Healthcare,Normal,Normal,None,Normal
N-08-00530,Government Healthcare,Normal,Normal,None,Normal
N-08-00531,Government Healthcare,Normal,Normal,None,Normal
N-08-00532,Government Healthcare,Normal,Normal,None,Normal
N-08-00533,Government Healthcare,Normal,Normal,None,Normal
N-08-00534,Government Healthcare,Normal,Normal,None,Normal
N-08-00535,Government Healthcare,Normal,Normal,None,Normal
N-08-00536,Government Healthcare,Normal,Normal,None,Normal
N-08-00537,Government Healthcare,Normal,Normal,None,Normal
N-08-00538,Government Healthcare,Normal,Normal,None,Normal
N-08-00539,Government Healthcare,Normal,Normal,None,Normal
N-08-00540,Government Healthcare,Normal,Normal,None,Normal
N-08-00541,Government Healthcare,Normal,Normal,None,Normal
N-08-00542,Government Healthcare,Normal,Normal,None,Normal
N-08-00543,Government Healthcare,Normal,Normal,None,Normal
N-08-00544,Government Healthcare,Normal,Normal,None,Normal
N-08-00545,Government Healthcare,Normal,Normal,None,Normal
N-08-00546,Government Healthcare,Normal,Normal,None,Normal
N-08-00547,Government Healthcare,Normal,Normal,None,Normal
N-08-00548,Government Healthcare,Normal,Normal,None,Normal
N-08-00549,Government Healthcare,Normal,Normal,None,Normal
N-08-00550,Government Healthcare,Normal,Normal,None,Normal
N-08-00551,Government Healthcare,Normal,Normal,None,Normal
N-08-00552,Government Healthcare,Normal,Normal,None,Normal
N-08-00553,Government Healthcare,Normal,Normal,None,Normal
N-08-00554,Government Healthcare,Normal,Normal,None,Normal
N-08-00555,Government Healthcare,Normal,Normal,None,Normal
N-08-00556,Government Healthcare,Normal,Normal,None,Normal
N-08-00557,Government Healthcare,Normal,Normal,None,Normal
N-08-00558,Government Healthcare,Normal,Normal,None,Normal
N-08-00559,Government Healthcare,Normal,Normal,None,Normal
N-08-00560,Government Healthcare,Normal,Normal,None,Normal
N-08-00561,Government Healthcare,Normal,Normal,None,Normal
N-08-00562,Government Healthcare,Normal,Normal,None,Normal
N-08-00563,Government Healthcare,Normal,Normal,None,Normal
N-08-00564,Government Healthcare,Normal,Normal,None,Normal
N-08-00565,Government Healthcare,Normal,Normal,None,Normal
N-08-00566,Government Healthcare,Normal,Normal,None,Normal
N-08-00567,Government Healthcare,Normal,Normal,None,Normal
N-08-00568,Government Healthcare,Normal,Normal,None,Normal
N-08-00569,Government Healthcare,Normal,Normal,None,Normal
N-08-00570,Government Healthcare,Normal,Normal,None,Normal
N-08-00571,Government Healthcare,Normal,Normal,None,Normal
N-08-00572,Government Healthcare,Normal,Normal,None,Normal
N-08-00573,Government Healthcare,Normal,Normal,None,Normal
N-08-00574,Government Healthcare,Normal,Normal,None,Normal
N-08-00575,Government Healthcare,Normal,Normal,None,Normal
N-08-00576,Government Healthcare,Normal,Normal,None,Normal
N-08-00577,Government Healthcare,Normal,Normal,None,Normal
N-08-00578,Government Healthcare,Normal,Normal,None,Normal
N-08-00579,Government Healthcare,Normal,Normal,None,Normal
N-08-00580,Government Healthcare,Normal,Normal,None,Normal
N-08-00581,Government Healthcare,Normal,Normal,None,Normal
N-08-00582,Government Healthcare,Normal,Normal,None,Normal
N-08-00583,Government Healthcare,Normal,Normal,None,Normal
N-08-00584,Government Healthcare,Normal,Normal,None,Normal
N-08-00585,Government Healthcare,Normal,Normal,None,Normal
N-08-00586,Government Healthcare,Normal,Normal,None,Normal
N-08-00587,Government Healthcare,Normal,Normal,None,Normal
N-08-00588,Government Healthcare,Normal,Normal,None,Normal
N-08-00589,Government Healthcare,Normal,Normal,None,Normal
N-08-00590,Government Healthcare,Normal,Normal,None,Normal
N-08-00591,Government Healthcare,Normal,Normal,None,Normal
N-08-00592,Government Healthcare,Normal,Normal,None,Normal
N-08-00593,Government Healthcare,Normal,Normal,None,Normal
N-08-00594,Government Healthcare,Normal,Normal,None,Normal
N-08-00595,Government Healthcare,Normal,Normal,None,Normal
N-08-00596,Government Healthcare,Normal,Normal,None,Normal
N-08-00597,Government Healthcare,Normal,Normal,None,Normal
N-08-00598,Government Healthcare,Normal,Normal,None,Normal
N-08-00599,Government Healthcare,Normal,Normal,None,Normal
A-08-SCN071-01-00,Government Healthcare,Ransomware,Reconnaissance,T1059,Attack
A-08-SCN071-01-01,Government Healthcare,Ransomware,Initial Access,T1078,Attack
A-08-SCN071-01-02,Government Healthcare,Ransomware,Execution,T1059,Attack
A-08-SCN071-01-03,Government Healthcare,Ransomware,Discovery,T1087,Attack
A-08-SCN071-01-04,Government Healthcare,Ransomware,Lateral Movement,T1021,Attack
A-08-SCN071-01-05,Government Healthcare,Ransomware,Impact,T1498,Attack
A-08-SCN071-01-06,Government Healthcare,Ransomware,Impact,T1498,Attack
A-08-SCN071-01-07,Government Healthcare,Ransomware,Impact,T1498,Attack
A-08-SCN071-01-08,Government Healthcare,Ransomware,Impact,T1486,Attack
A-08-SCN071-01-09,Government Healthcare,Ransomware,Impact,T1486,Attack
A-08-SCN071-02-00,Government Healthcare,Ransomware,Reconnaissance,T1041,Attack
A-08-SCN071-02-01,Government Healthcare,Ransomware,Initial Access,T1190,Attack
A-08-SCN071-02-02,Government Healthcare,Ransomware,Execution,T1059,Attack
A-08-SCN071-02-03,Government Healthcare,Ransomware,Discovery,T1087,Attack
A-08-SCN071-02-04,Government Healthcare,Ransomware,Lateral Movement,T1021,Attack
A-08-SCN071-02-05,Government Healthcare,Ransomware,Impact,T1486,Attack
A-08-SCN071-02-06,Government Healthcare,Ransomware,Impact,T1498,Attack
A-08-SCN071-02-07,Government Healthcare,Ransomware,Impact,T1498,Attack
A-08-SCN071-02-08,Government Healthcare,Ransomware,Impact,T1486,Attack
A-08-SCN071-02-09,Government Healthcare,Ransomware,Impact,T1486,Attack
A-08-SCN071-03-00,Government Healthcare,Ransomware,Reconnaissance,T1078,Attack
A-08-SCN071-03-01,Government Healthcare,Ransomware,Initial Access,T1078,Attack
A-08-SCN071-03-02,Government Healthcare,Ransomware,Execution,T1059,Attack
A-08-SCN071-03-03,Government Healthcare,Ransomware,Discovery,T1046,Attack
A-08-SCN071-03-04,Government Healthcare,Ransomware,Lateral Movement,T1021,Attack
A-08-SCN071-03-05,Government Healthcare,Ransomware,Impact,T1498,Attack
A-08-SCN071-03-06,Government Healthcare,Ransomware,Impact,T1486,Attack
A-08-SCN071-03-07,Government Healthcare,Ransomware,Impact,T1498,Attack
A-08-SCN071-03-08,Government Healthcare,Ransomware,Impact,T1498,Attack
A-08-SCN071-03-09,Government Healthcare,Ransomware,Impact,T1498,Attack
A-08-SCN071-04-00,Government Healthcare,Ransomware,Reconnaissance,T1041,Attack
A-08-SCN071-04-01,Government Healthcare,Ransomware,Initial Access,T1078,Attack
A-08-SCN071-04-02,Government Healthcare,Ransomware,Execution,T1059,Attack
A-08-SCN071-04-03,Government Healthcare,Ransomware,Discovery,T1087,Attack
A-08-SCN071-04-04,Government Healthcare,Ransomware,Lateral Movement,T1021,Attack
A-08-SCN071-04-05,Government Healthcare,Ransomware,Impact,T1486,Attack
A-08-SCN071-04-06,Government Healthcare,Ransomware,Impact,T1498,Attack
A-08-SCN071-04-07,Government Healthcare,Ransomware,Impact,T1486,Attack
A-08-SCN071-04-08,Government Healthcare,Ransomware,Impact,T1486,Attack
A-08-SCN071-04-09,Government Healthcare,Ransomware,Impact,T1498,Attack
A-08-SCN072-01-00,Government Healthcare,Patient-Data Theft,Reconnaissance,T1110,Attack
A-08-SCN072-01-01,Government Healthcare,Patient-Data Theft,Initial Access,T1190,Attack
A-08-SCN072-01-02,Government Healthcare,Patient-Data Theft,Credential Access,T1110,Attack
A-08-SCN072-01-03,Government Healthcare,Patient-Data Theft,Discovery,T1087,Attack
A-08-SCN072-01-04,Government Healthcare,Patient-Data Theft,Collection,T1005,Attack
A-08-SCN072-01-05,Government Healthcare,Patient-Data Theft,Exfiltration,T1041,Attack
A-08-SCN072-01-06,Government Healthcare,Patient-Data Theft,Exfiltration,T1041,Attack
A-08-SCN072-01-07,Government Healthcare,Patient-Data Theft,Exfiltration,T1041,Attack
A-08-SCN072-01-08,Government Healthcare,Patient-Data Theft,Exfiltration,T1041,Attack
A-08-SCN072-01-09,Government Healthcare,Patient-Data Theft,Exfiltration,T1041,Attack
A-08-SCN072-02-00,Government Healthcare,Patient-Data Theft,Reconnaissance,T1071,Attack
A-08-SCN072-02-01,Government Healthcare,Patient-Data Theft,Initial Access,T1078,Attack
A-08-SCN072-02-02,Government Healthcare,Patient-Data Theft,Credential Access,T1110,Attack
A-08-SCN072-02-03,Government Healthcare,Patient-Data Theft,Discovery,T1087,Attack
A-08-SCN072-02-04,Government Healthcare,Patient-Data Theft,Collection,T1005,Attack
A-08-SCN072-02-05,Government Healthcare,Patient-Data Theft,Exfiltration,T1041,Attack
A-08-SCN072-02-06,Government Healthcare,Patient-Data Theft,Exfiltration,T1041,Attack
A-08-SCN072-02-07,Government Healthcare,Patient-Data Theft,Exfiltration,T1041,Attack
A-08-SCN072-02-08,Government Healthcare,Patient-Data Theft,Exfiltration,T1041,Attack
A-08-SCN072-02-09,Government Healthcare,Patient-Data Theft,Exfiltration,T1041,Attack
A-08-SCN072-03-00,Government Healthcare,Patient-Data Theft,Reconnaissance,T1021,Attack
A-08-SCN072-03-01,Government Healthcare,Patient-Data Theft,Initial Access,T1078,Attack
A-08-SCN072-03-02,Government Healthcare,Patient-Data Theft,Credential Access,T1110,Attack
A-08-SCN072-03-03,Government Healthcare,Patient-Data Theft,Discovery,T1046,Attack
A-08-SCN072-03-04,Government Healthcare,Patient-Data Theft,Collection,T1005,Attack
A-08-SCN072-03-05,Government Healthcare,Patient-Data Theft,Exfiltration,T1041,Attack
A-08-SCN072-03-06,Government Healthcare,Patient-Data Theft,Exfiltration,T1041,Attack
A-08-SCN072-03-07,Government Healthcare,Patient-Data Theft,Exfiltration,T1041,Attack
A-08-SCN072-03-08,Government Healthcare,Patient-Data Theft,Exfiltration,T1041,Attack
A-08-SCN072-03-09,Government Healthcare,Patient-Data Theft,Exfiltration,T1041,Attack
A-08-SCN072-04-00,Government Healthcare,Patient-Data Theft,Reconnaissance,T1078,Attack
A-08-SCN072-04-01,Government Healthcare,Patient-Data Theft,Initial Access,T1190,Attack
A-08-SCN072-04-02,Government Healthcare,Patient-Data Theft,Credential Access,T1110,Attack
A-08-SCN072-04-03,Government Healthcare,Patient-Data Theft,Discovery,T1046,Attack
A-08-SCN072-04-04,Government Healthcare,Patient-Data Theft,Collection,T1005,Attack
A-08-SCN072-04-05,Government Healthcare,Patient-Data Theft,Exfiltration,T1041,Attack
A-08-SCN072-04-06,Government Healthcare,Patient-Data Theft,Exfiltration,T1041,Attack
A-08-SCN072-04-07,Government Healthcare,Patient-Data Theft,Exfiltration,T1041,Attack
A-08-SCN072-04-08,Government Healthcare,Patient-Data Theft,Exfiltration,T1041,Attack
A-08-SCN072-04-09,Government Healthcare,Patient-Data Theft,Exfiltration,T1041,Attack
A-08-SCN073-01-00,Government Healthcare,Medical-Device Compromise,Reconnaissance,T1021,Attack
A-08-SCN073-01-01,Government Healthcare,Medical-Device Compromise,Initial Access,T1190,Attack
A-08-SCN073-01-02,Government Healthcare,Medical-Device Compromise,Execution,T1059,Attack
A-08-SCN073-01-03,Government Healthcare,Medical-Device Compromise,Persistence,T1053,Attack
A-08-SCN073-01-04,Government Healthcare,Medical-Device Compromise,Privilege Escalation,T1068,Attack
A-08-SCN073-01-05,Government Healthcare,Medical-Device Compromise,Discovery,T1087,Attack
A-08-SCN073-01-06,Government Healthcare,Medical-Device Compromise,Lateral Movement,T1021,Attack
A-08-SCN073-01-07,Government Healthcare,Medical-Device Compromise,Command and Control,T1071,Attack
A-08-SCN073-01-08,Government Healthcare,Medical-Device Compromise,Command and Control,T1071,Attack
A-08-SCN073-01-09,Government Healthcare,Medical-Device Compromise,Command and Control,T1071,Attack
A-08-SCN073-02-00,Government Healthcare,Medical-Device Compromise,Reconnaissance,T1087,Attack
A-08-SCN073-02-01,Government Healthcare,Medical-Device Compromise,Initial Access,T1078,Attack
A-08-SCN073-02-02,Government Healthcare,Medical-Device Compromise,Execution,T1059,Attack
A-08-SCN073-02-03,Government Healthcare,Medical-Device Compromise,Persistence,T1053,Attack
A-08-SCN073-02-04,Government Healthcare,Medical-Device Compromise,Privilege Escalation,T1068,Attack
A-08-SCN073-02-05,Government Healthcare,Medical-Device Compromise,Discovery,T1046,Attack
A-08-SCN073-02-06,Government Healthcare,Medical-Device Compromise,Lateral Movement,T1021,Attack
A-08-SCN073-02-07,Government Healthcare,Medical-Device Compromise,Command and Control,T1071,Attack
A-08-SCN073-02-08,Government Healthcare,Medical-Device Compromise,Command and Control,T1071,Attack
A-08-SCN073-02-09,Government Healthcare,Medical-Device Compromise,Command and Control,T1071,Attack
A-08-SCN073-03-00,Government Healthcare,Medical-Device Compromise,Reconnaissance,T1498,Attack
A-08-SCN073-03-01,Government Healthcare,Medical-Device Compromise,Initial Access,T1078,Attack
A-08-SCN073-03-02,Government Healthcare,Medical-Device Compromise,Execution,T1059,Attack
A-08-SCN073-03-03,Government Healthcare,Medical-Device Compromise,Persistence,T1053,Attack
A-08-SCN073-03-04,Government Healthcare,Medical-Device Compromise,Privilege Escalation,T1068,Attack
A-08-SCN073-03-05,Government Healthcare,Medical-Device Compromise,Discovery,T1046,Attack
A-08-SCN073-03-06,Government Healthcare,Medical-Device Compromise,Lateral Movement,T1021,Attack
A-08-SCN073-03-07,Government Healthcare,Medical-Device Compromise,Command and Control,T1071,Attack
A-08-SCN073-03-08,Government Healthcare,Medical-Device Compromise,Command and Control,T1071,Attack
A-08-SCN073-03-09,Government Healthcare,Medical-Device Compromise,Command and Control,T1071,Attack
A-08-SCN073-04-00,Government Healthcare,Medical-Device Compromise,Reconnaissance,T1486,Attack
A-08-SCN073-04-01,Government Healthcare,Medical-Device Compromise,Initial Access,T1078,Attack
A-08-SCN073-04-02,Government Healthcare,Medical-Device Compromise,Execution,T1059,Attack
A-08-SCN073-04-03,Government Healthcare,Medical-Device Compromise,Persistence,T1053,Attack
A-08-SCN073-04-04,Government Healthcare,Medical-Device Compromise,Privilege Escalation,T1068,Attack
A-08-SCN073-04-05,Government Healthcare,Medical-Device Compromise,Discovery,T1087,Attack
A-08-SCN073-04-06,Government Healthcare,Medical-Device Compromise,Lateral Movement,T1021,Attack
A-08-SCN073-04-07,Government Healthcare,Medical-Device Compromise,Command and Control,T1071,Attack
A-08-SCN073-04-08,Government Healthcare,Medical-Device Compromise,Command and Control,T1071,Attack
A-08-SCN073-04-09,Government Healthcare,Medical-Device Compromise,Command and Control,T1071,Attack
A-08-SCN074-01-00,Government Healthcare,Credential Compromise,Reconnaissance,T1068,Attack
A-08-SCN074-01-01,Government Healthcare,Credential Compromise,Initial Access,T1190,Attack
A-08-SCN074-01-02,Government Healthcare,Credential Compromise,Credential Access,T1110,Attack
A-08-SCN074-01-03,Government Healthcare,Credential Compromise,Discovery,T1087,Attack
A-08-SCN074-01-04,Government Healthcare,Credential Compromise,Lateral Movement,T1021,Attack
A-08-SCN074-01-05,Government Healthcare,Credential Compromise,Collection,T1005,Attack
A-08-SCN074-01-06,Government Healthcare,Credential Compromise,Collection,T1005,Attack
A-08-SCN074-01-07,Government Healthcare,Credential Compromise,Collection,T1005,Attack
A-08-SCN074-01-08,Government Healthcare,Credential Compromise,Collection,T1005,Attack
A-08-SCN074-01-09,Government Healthcare,Credential Compromise,Collection,T1005,Attack
A-08-SCN074-02-00,Government Healthcare,Credential Compromise,Reconnaissance,T1078,Attack
A-08-SCN074-02-01,Government Healthcare,Credential Compromise,Initial Access,T1078,Attack
A-08-SCN074-02-02,Government Healthcare,Credential Compromise,Credential Access,T1110,Attack
A-08-SCN074-02-03,Government Healthcare,Credential Compromise,Discovery,T1046,Attack
A-08-SCN074-02-04,Government Healthcare,Credential Compromise,Lateral Movement,T1021,Attack
A-08-SCN074-02-05,Government Healthcare,Credential Compromise,Collection,T1005,Attack
A-08-SCN074-02-06,Government Healthcare,Credential Compromise,Collection,T1005,Attack
A-08-SCN074-02-07,Government Healthcare,Credential Compromise,Collection,T1005,Attack
A-08-SCN074-02-08,Government Healthcare,Credential Compromise,Collection,T1005,Attack
A-08-SCN074-02-09,Government Healthcare,Credential Compromise,Collection,T1005,Attack
A-08-SCN074-03-00,Government Healthcare,Credential Compromise,Reconnaissance,T1071,Attack
A-08-SCN074-03-01,Government Healthcare,Credential Compromise,Initial Access,T1190,Attack
A-08-SCN074-03-02,Government Healthcare,Credential Compromise,Credential Access,T1110,Attack
A-08-SCN074-03-03,Government Healthcare,Credential Compromise,Discovery,T1046,Attack
A-08-SCN074-03-04,Government Healthcare,Credential Compromise,Lateral Movement,T1021,Attack
A-08-SCN074-03-05,Government Healthcare,Credential Compromise,Collection,T1005,Attack
A-08-SCN074-03-06,Government Healthcare,Credential Compromise,Collection,T1005,Attack
A-08-SCN074-03-07,Government Healthcare,Credential Compromise,Collection,T1005,Attack
A-08-SCN074-03-08,Government Healthcare,Credential Compromise,Collection,T1005,Attack
A-08-SCN074-03-09,Government Healthcare,Credential Compromise,Collection,T1005,Attack
A-08-SCN074-04-00,Government Healthcare,Credential Compromise,Reconnaissance,T1021,Attack
A-08-SCN074-04-01,Government Healthcare,Credential Compromise,Initial Access,T1078,Attack
A-08-SCN074-04-02,Government Healthcare,Credential Compromise,Credential Access,T1110,Attack
A-08-SCN074-04-03,Government Healthcare,Credential Compromise,Discovery,T1046,Attack
A-08-SCN074-04-04,Government Healthcare,Credential Compromise,Lateral Movement,T1021,Attack
A-08-SCN074-04-05,Government Healthcare,Credential Compromise,Collection,T1005,Attack
A-08-SCN074-04-06,Government Healthcare,Credential Compromise,Collection,T1005,Attack
A-08-SCN074-04-07,Government Healthcare,Credential Compromise,Collection,T1005,Attack
A-08-SCN074-04-08,Government Healthcare,Credential Compromise,Collection,T1005,Attack
A-08-SCN074-04-09,Government Healthcare,Credential Compromise,Collection,T1005,Attack
A-08-SCN075-01-00,Government Healthcare,DDoS,Reconnaissance,T1486,Attack
A-08-SCN075-01-01,Government Healthcare,DDoS,Initial Access,T1078,Attack
A-08-SCN075-01-02,Government Healthcare,DDoS,Execution,T1059,Attack
A-08-SCN075-01-03,Government Healthcare,DDoS,Discovery,T1046,Attack
A-08-SCN075-01-04,Government Healthcare,DDoS,Lateral Movement,T1021,Attack
A-08-SCN075-01-05,Government Healthcare,DDoS,Impact,T1486,Attack
A-08-SCN075-01-06,Government Healthcare,DDoS,Impact,T1498,Attack
A-08-SCN075-01-07,Government Healthcare,DDoS,Impact,T1498,Attack
A-08-SCN075-01-08,Government Healthcare,DDoS,Impact,T1486,Attack
A-08-SCN075-01-09,Government Healthcare,DDoS,Impact,T1498,Attack
A-08-SCN075-02-00,Government Healthcare,DDoS,Reconnaissance,T1053,Attack
A-08-SCN075-02-01,Government Healthcare,DDoS,Initial Access,T1190,Attack
A-08-SCN075-02-02,Government Healthcare,DDoS,Execution,T1059,Attack
A-08-SCN075-02-03,Government Healthcare,DDoS,Discovery,T1046,Attack
A-08-SCN075-02-04,Government Healthcare,DDoS,Lateral Movement,T1021,Attack
A-08-SCN075-02-05,Government Healthcare,DDoS,Impact,T1498,Attack
A-08-SCN075-02-06,Government Healthcare,DDoS,Impact,T1486,Attack
A-08-SCN075-02-07,Government Healthcare,DDoS,Impact,T1486,Attack
A-08-SCN075-02-08,Government Healthcare,DDoS,Impact,T1498,Attack
A-08-SCN075-02-09,Government Healthcare,DDoS,Impact,T1486,Attack
A-08-SCN075-03-00,Government Healthcare,DDoS,Reconnaissance,T1071,Attack
A-08-SCN075-03-01,Government Healthcare,DDoS,Initial Access,T1190,Attack
A-08-SCN075-03-02,Government Healthcare,DDoS,Execution,T1059,Attack
A-08-SCN075-03-03,Government Healthcare,DDoS,Discovery,T1087,Attack
A-08-SCN075-03-04,Government Healthcare,DDoS,Lateral Movement,T1021,Attack
A-08-SCN075-03-05,Government Healthcare,DDoS,Impact,T1498,Attack
A-08-SCN075-03-06,Government Healthcare,DDoS,Impact,T1498,Attack
A-08-SCN075-03-07,Government Healthcare,DDoS,Impact,T1498,Attack
A-08-SCN075-03-08,Government Healthcare,DDoS,Impact,T1498,Attack
A-08-SCN075-03-09,Government Healthcare,DDoS,Impact,T1498,Attack
A-08-SCN075-04-00,Government Healthcare,DDoS,Reconnaissance,T1021,Attack
A-08-SCN075-04-01,Government Healthcare,DDoS,Initial Access,T1190,Attack
A-08-SCN075-04-02,Government Healthcare,DDoS,Execution,T1059,Attack
A-08-SCN075-04-03,Government Healthcare,DDoS,Discovery,T1046,Attack
A-08-SCN075-04-04,Government Healthcare,DDoS,Lateral Movement,T1021,Attack
A-08-SCN075-04-05,Government Healthcare,DDoS,Impact,T1486,Attack
A-08-SCN075-04-06,Government Healthcare,DDoS,Impact,T1486,Attack
A-08-SCN075-04-07,Government Healthcare,DDoS,Impact,T1498,Attack
A-08-SCN075-04-08,Government Healthcare,DDoS,Impact,T1498,Attack
A-08-SCN075-04-09,Government Healthcare,DDoS,Impact,T1486,Attack
A-08-SCN076-01-00,Government Healthcare,Lateral Movement,Reconnaissance,T1087,Attack
A-08-SCN076-01-01,Government Healthcare,Lateral Movement,Initial Access,T1078,Attack
A-08-SCN076-01-02,Government Healthcare,Lateral Movement,Execution,T1059,Attack
A-08-SCN076-01-03,Government Healthcare,Lateral Movement,Persistence,T1053,Attack
A-08-SCN076-01-04,Government Healthcare,Lateral Movement,Privilege Escalation,T1068,Attack
A-08-SCN076-01-05,Government Healthcare,Lateral Movement,Discovery,T1087,Attack
A-08-SCN076-01-06,Government Healthcare,Lateral Movement,Lateral Movement,T1021,Attack
A-08-SCN076-01-07,Government Healthcare,Lateral Movement,Command and Control,T1071,Attack
A-08-SCN076-01-08,Government Healthcare,Lateral Movement,Command and Control,T1071,Attack
A-08-SCN076-01-09,Government Healthcare,Lateral Movement,Command and Control,T1071,Attack
A-08-SCN076-02-00,Government Healthcare,Lateral Movement,Reconnaissance,T1041,Attack
A-08-SCN076-02-01,Government Healthcare,Lateral Movement,Initial Access,T1078,Attack
A-08-SCN076-02-02,Government Healthcare,Lateral Movement,Execution,T1059,Attack
A-08-SCN076-02-03,Government Healthcare,Lateral Movement,Persistence,T1053,Attack
A-08-SCN076-02-04,Government Healthcare,Lateral Movement,Privilege Escalation,T1068,Attack
A-08-SCN076-02-05,Government Healthcare,Lateral Movement,Discovery,T1046,Attack
A-08-SCN076-02-06,Government Healthcare,Lateral Movement,Lateral Movement,T1021,Attack
A-08-SCN076-02-07,Government Healthcare,Lateral Movement,Command and Control,T1071,Attack
A-08-SCN076-02-08,Government Healthcare,Lateral Movement,Command and Control,T1071,Attack
A-08-SCN076-02-09,Government Healthcare,Lateral Movement,Command and Control,T1071,Attack
A-08-SCN076-03-00,Government Healthcare,Lateral Movement,Reconnaissance,T1190,Attack
A-08-SCN076-03-01,Government Healthcare,Lateral Movement,Initial Access,T1078,Attack
A-08-SCN076-03-02,Government Healthcare,Lateral Movement,Execution,T1059,Attack
A-08-SCN076-03-03,Government Healthcare,Lateral Movement,Persistence,T1053,Attack
A-08-SCN076-03-04,Government Healthcare,Lateral Movement,Privilege Escalation,T1068,Attack
A-08-SCN076-03-05,Government Healthcare,Lateral Movement,Discovery,T1046,Attack
A-08-SCN076-03-06,Government Healthcare,Lateral Movement,Lateral Movement,T1021,Attack
A-08-SCN076-03-07,Government Healthcare,Lateral Movement,Command and Control,T1071,Attack
A-08-SCN076-03-08,Government Healthcare,Lateral Movement,Command and Control,T1071,Attack
A-08-SCN076-03-09,Government Healthcare,Lateral Movement,Command and Control,T1071,Attack
A-08-SCN076-04-00,Government Healthcare,Lateral Movement,Reconnaissance,T1071,Attack
A-08-SCN076-04-01,Government Healthcare,Lateral Movement,Initial Access,T1078,Attack
A-08-SCN076-04-02,Government Healthcare,Lateral Movement,Execution,T1059,Attack
A-08-SCN076-04-03,Government Healthcare,Lateral Movement,Persistence,T1053,Attack
A-08-SCN076-04-04,Government Healthcare,Lateral Movement,Privilege Escalation,T1068,Attack
A-08-SCN076-04-05,Government Healthcare,Lateral Movement,Discovery,T1046,Attack
A-08-SCN076-04-06,Government Healthcare,Lateral Movement,Lateral Movement,T1021,Attack
A-08-SCN076-04-07,Government Healthcare,Lateral Movement,Command and Control,T1071,Attack
A-08-SCN076-04-08,Government Healthcare,Lateral Movement,Command and Control,T1071,Attack
A-08-SCN076-04-09,Government Healthcare,Lateral Movement,Command and Control,T1071,Attack
A-08-SCN077-01-00,Government Healthcare,Remote Access Abuse,Reconnaissance,T1021,Attack
A-08-SCN077-01-01,Government Healthcare,Remote Access Abuse,Initial Access,T1190,Attack
A-08-SCN077-01-02,Government Healthcare,Remote Access Abuse,Execution,T1059,Attack
A-08-SCN077-01-03,Government Healthcare,Remote Access Abuse,Persistence,T1053,Attack
A-08-SCN077-01-04,Government Healthcare,Remote Access Abuse,Privilege Escalation,T1068,Attack
A-08-SCN077-01-05,Government Healthcare,Remote Access Abuse,Discovery,T1087,Attack
A-08-SCN077-01-06,Government Healthcare,Remote Access Abuse,Lateral Movement,T1021,Attack
A-08-SCN077-01-07,Government Healthcare,Remote Access Abuse,Command and Control,T1071,Attack
A-08-SCN077-01-08,Government Healthcare,Remote Access Abuse,Command and Control,T1071,Attack
A-08-SCN077-01-09,Government Healthcare,Remote Access Abuse,Command and Control,T1071,Attack
A-08-SCN077-02-00,Government Healthcare,Remote Access Abuse,Reconnaissance,T1046,Attack
A-08-SCN077-02-01,Government Healthcare,Remote Access Abuse,Initial Access,T1078,Attack
A-08-SCN077-02-02,Government Healthcare,Remote Access Abuse,Execution,T1059,Attack
A-08-SCN077-02-03,Government Healthcare,Remote Access Abuse,Persistence,T1053,Attack
A-08-SCN077-02-04,Government Healthcare,Remote Access Abuse,Privilege Escalation,T1068,Attack
A-08-SCN077-02-05,Government Healthcare,Remote Access Abuse,Discovery,T1046,Attack
A-08-SCN077-02-06,Government Healthcare,Remote Access Abuse,Lateral Movement,T1021,Attack
A-08-SCN077-02-07,Government Healthcare,Remote Access Abuse,Command and Control,T1071,Attack
A-08-SCN077-02-08,Government Healthcare,Remote Access Abuse,Command and Control,T1071,Attack
A-08-SCN077-02-09,Government Healthcare,Remote Access Abuse,Command and Control,T1071,Attack
A-08-SCN077-03-00,Government Healthcare,Remote Access Abuse,Reconnaissance,T1110,Attack
A-08-SCN077-03-01,Government Healthcare,Remote Access Abuse,Initial Access,T1190,Attack
A-08-SCN077-03-02,Government Healthcare,Remote Access Abuse,Execution,T1059,Attack
A-08-SCN077-03-03,Government Healthcare,Remote Access Abuse,Persistence,T1053,Attack
A-08-SCN077-03-04,Government Healthcare,Remote Access Abuse,Privilege Escalation,T1068,Attack
A-08-SCN077-03-05,Government Healthcare,Remote Access Abuse,Discovery,T1087,Attack
A-08-SCN077-03-06,Government Healthcare,Remote Access Abuse,Lateral Movement,T1021,Attack
A-08-SCN077-03-07,Government Healthcare,Remote Access Abuse,Command and Control,T1071,Attack
A-08-SCN077-03-08,Government Healthcare,Remote Access Abuse,Command and Control,T1071,Attack
A-08-SCN077-03-09,Government Healthcare,Remote Access Abuse,Command and Control,T1071,Attack
A-08-SCN077-04-00,Government Healthcare,Remote Access Abuse,Reconnaissance,T1059,Attack
A-08-SCN077-04-01,Government Healthcare,Remote Access Abuse,Initial Access,T1190,Attack
A-08-SCN077-04-02,Government Healthcare,Remote Access Abuse,Execution,T1059,Attack
A-08-SCN077-04-03,Government Healthcare,Remote Access Abuse,Persistence,T1053,Attack
A-08-SCN077-04-04,Government Healthcare,Remote Access Abuse,Privilege Escalation,T1068,Attack
A-08-SCN077-04-05,Government Healthcare,Remote Access Abuse,Discovery,T1046,Attack
A-08-SCN077-04-06,Government Healthcare,Remote Access Abuse,Lateral Movement,T1021,Attack
A-08-SCN077-04-07,Government Healthcare,Remote Access Abuse,Command and Control,T1071,Attack
A-08-SCN077-04-08,Government Healthcare,Remote Access Abuse,Command and Control,T1071,Attack
A-08-SCN077-04-09,Government Healthcare,Remote Access Abuse,Command and Control,T1071,Attack
A-08-SCN078-01-00,Government Healthcare,Database Compromise,Reconnaissance,T1005,Attack
A-08-SCN078-01-01,Government Healthcare,Database Compromise,Initial Access,T1078,Attack
A-08-SCN078-01-02,Government Healthcare,Database Compromise,Credential Access,T1110,Attack
A-08-SCN078-01-03,Government Healthcare,Database Compromise,Discovery,T1046,Attack
A-08-SCN078-01-04,Government Healthcare,Database Compromise,Collection,T1005,Attack
A-08-SCN078-01-05,Government Healthcare,Database Compromise,Exfiltration,T1041,Attack
A-08-SCN078-01-06,Government Healthcare,Database Compromise,Exfiltration,T1041,Attack
A-08-SCN078-01-07,Government Healthcare,Database Compromise,Exfiltration,T1041,Attack
A-08-SCN078-01-08,Government Healthcare,Database Compromise,Exfiltration,T1041,Attack
A-08-SCN078-01-09,Government Healthcare,Database Compromise,Exfiltration,T1041,Attack
A-08-SCN078-02-00,Government Healthcare,Database Compromise,Reconnaissance,T1005,Attack
A-08-SCN078-02-01,Government Healthcare,Database Compromise,Initial Access,T1190,Attack
A-08-SCN078-02-02,Government Healthcare,Database Compromise,Credential Access,T1110,Attack
A-08-SCN078-02-03,Government Healthcare,Database Compromise,Discovery,T1087,Attack
A-08-SCN078-02-04,Government Healthcare,Database Compromise,Collection,T1005,Attack
A-08-SCN078-02-05,Government Healthcare,Database Compromise,Exfiltration,T1041,Attack
A-08-SCN078-02-06,Government Healthcare,Database Compromise,Exfiltration,T1041,Attack
A-08-SCN078-02-07,Government Healthcare,Database Compromise,Exfiltration,T1041,Attack
A-08-SCN078-02-08,Government Healthcare,Database Compromise,Exfiltration,T1041,Attack
A-08-SCN078-02-09,Government Healthcare,Database Compromise,Exfiltration,T1041,Attack
A-08-SCN078-03-00,Government Healthcare,Database Compromise,Reconnaissance,T1053,Attack
A-08-SCN078-03-01,Government Healthcare,Database Compromise,Initial Access,T1078,Attack
A-08-SCN078-03-02,Government Healthcare,Database Compromise,Credential Access,T1110,Attack
A-08-SCN078-03-03,Government Healthcare,Database Compromise,Discovery,T1046,Attack
A-08-SCN078-03-04,Government Healthcare,Database Compromise,Collection,T1005,Attack
A-08-SCN078-03-05,Government Healthcare,Database Compromise,Exfiltration,T1041,Attack
A-08-SCN078-03-06,Government Healthcare,Database Compromise,Exfiltration,T1041,Attack
A-08-SCN078-03-07,Government Healthcare,Database Compromise,Exfiltration,T1041,Attack
A-08-SCN078-03-08,Government Healthcare,Database Compromise,Exfiltration,T1041,Attack
A-08-SCN078-03-09,Government Healthcare,Database Compromise,Exfiltration,T1041,Attack
A-08-SCN078-04-00,Government Healthcare,Database Compromise,Reconnaissance,T1078,Attack
A-08-SCN078-04-01,Government Healthcare,Database Compromise,Initial Access,T1078,Attack
A-08-SCN078-04-02,Government Healthcare,Database Compromise,Credential Access,T1110,Attack
A-08-SCN078-04-03,Government Healthcare,Database Compromise,Discovery,T1087,Attack
A-08-SCN078-04-04,Government Healthcare,Database Compromise,Collection,T1005,Attack
A-08-SCN078-04-05,Government Healthcare,Database Compromise,Exfiltration,T1041,Attack
A-08-SCN078-04-06,Government Healthcare,Database Compromise,Exfiltration,T1041,Attack
A-08-SCN078-04-07,Government Healthcare,Database Compromise,Exfiltration,T1041,Attack
A-08-SCN078-04-08,Government Healthcare,Database Compromise,Exfiltration,T1041,Attack
A-08-SCN078-04-09,Government Healthcare,Database Compromise,Exfiltration,T1041,Attack
A-08-SCN079-01-00,Government Healthcare,Web Application Compromise,Reconnaissance,T1041,Attack
A-08-SCN079-01-01,Government Healthcare,Web Application Compromise,Initial Access,T1078,Attack
A-08-SCN079-01-02,Government Healthcare,Web Application Compromise,Execution,T1059,Attack
A-08-SCN079-01-03,Government Healthcare,Web Application Compromise,Persistence,T1053,Attack
A-08-SCN079-01-04,Government Healthcare,Web Application Compromise,Privilege Escalation,T1068,Attack
A-08-SCN079-01-05,Government Healthcare,Web Application Compromise,Discovery,T1087,Attack
A-08-SCN079-01-06,Government Healthcare,Web Application Compromise,Lateral Movement,T1021,Attack
A-08-SCN079-01-07,Government Healthcare,Web Application Compromise,Command and Control,T1071,Attack
A-08-SCN079-01-08,Government Healthcare,Web Application Compromise,Command and Control,T1071,Attack
A-08-SCN079-01-09,Government Healthcare,Web Application Compromise,Command and Control,T1071,Attack
A-08-SCN079-02-00,Government Healthcare,Web Application Compromise,Reconnaissance,T1078,Attack
A-08-SCN079-02-01,Government Healthcare,Web Application Compromise,Initial Access,T1078,Attack
A-08-SCN079-02-02,Government Healthcare,Web Application Compromise,Execution,T1059,Attack
A-08-SCN079-02-03,Government Healthcare,Web Application Compromise,Persistence,T1053,Attack
A-08-SCN079-02-04,Government Healthcare,Web Application Compromise,Privilege Escalation,T1068,Attack
A-08-SCN079-02-05,Government Healthcare,Web Application Compromise,Discovery,T1087,Attack
A-08-SCN079-02-06,Government Healthcare,Web Application Compromise,Lateral Movement,T1021,Attack
A-08-SCN079-02-07,Government Healthcare,Web Application Compromise,Command and Control,T1071,Attack
A-08-SCN079-02-08,Government Healthcare,Web Application Compromise,Command and Control,T1071,Attack
A-08-SCN079-02-09,Government Healthcare,Web Application Compromise,Command and Control,T1071,Attack
A-08-SCN079-03-00,Government Healthcare,Web Application Compromise,Reconnaissance,T1486,Attack
A-08-SCN079-03-01,Government Healthcare,Web Application Compromise,Initial Access,T1078,Attack
A-08-SCN079-03-02,Government Healthcare,Web Application Compromise,Execution,T1059,Attack
A-08-SCN079-03-03,Government Healthcare,Web Application Compromise,Persistence,T1053,Attack
A-08-SCN079-03-04,Government Healthcare,Web Application Compromise,Privilege Escalation,T1068,Attack
A-08-SCN079-03-05,Government Healthcare,Web Application Compromise,Discovery,T1087,Attack
A-08-SCN079-03-06,Government Healthcare,Web Application Compromise,Lateral Movement,T1021,Attack
A-08-SCN079-03-07,Government Healthcare,Web Application Compromise,Command and Control,T1071,Attack
A-08-SCN079-03-08,Government Healthcare,Web Application Compromise,Command and Control,T1071,Attack
A-08-SCN079-03-09,Government Healthcare,Web Application Compromise,Command and Control,T1071,Attack
A-08-SCN079-04-00,Government Healthcare,Web Application Compromise,Reconnaissance,T1078,Attack
A-08-SCN079-04-01,Government Healthcare,Web Application Compromise,Initial Access,T1190,Attack
A-08-SCN079-04-02,Government Healthcare,Web Application Compromise,Execution,T1059,Attack
A-08-SCN079-04-03,Government Healthcare,Web Application Compromise,Persistence,T1053,Attack
A-08-SCN079-04-04,Government Healthcare,Web Application Compromise,Privilege Escalation,T1068,Attack
A-08-SCN079-04-05,Government Healthcare,Web Application Compromise,Discovery,T1087,Attack
A-08-SCN079-04-06,Government Healthcare,Web Application Compromise,Lateral Movement,T1021,Attack
A-08-SCN079-04-07,Government Healthcare,Web Application Compromise,Command and Control,T1071,Attack
A-08-SCN079-04-08,Government Healthcare,Web Application Compromise,Command and Control,T1071,Attack
A-08-SCN079-04-09,Government Healthcare,Web Application Compromise,Command and Control,T1071,Attack
A-08-SCN080-01-00,Government Healthcare,Command and Control,Reconnaissance,T1486,Attack
A-08-SCN080-01-01,Government Healthcare,Command and Control,Initial Access,T1078,Attack
A-08-SCN080-01-02,Government Healthcare,Command and Control,Execution,T1059,Attack
A-08-SCN080-01-03,Government Healthcare,Command and Control,Persistence,T1053,Attack
A-08-SCN080-01-04,Government Healthcare,Command and Control,Privilege Escalation,T1068,Attack
A-08-SCN080-01-05,Government Healthcare,Command and Control,Discovery,T1046,Attack
A-08-SCN080-01-06,Government Healthcare,Command and Control,Lateral Movement,T1021,Attack
A-08-SCN080-01-07,Government Healthcare,Command and Control,Command and Control,T1071,Attack
A-08-SCN080-01-08,Government Healthcare,Command and Control,Command and Control,T1071,Attack
A-08-SCN080-01-09,Government Healthcare,Command and Control,Command and Control,T1071,Attack
A-08-SCN080-02-00,Government Healthcare,Command and Control,Reconnaissance,T1059,Attack
A-08-SCN080-02-01,Government Healthcare,Command and Control,Initial Access,T1190,Attack
A-08-SCN080-02-02,Government Healthcare,Command and Control,Execution,T1059,Attack
A-08-SCN080-02-03,Government Healthcare,Command and Control,Persistence,T1053,Attack
A-08-SCN080-02-04,Government Healthcare,Command and Control,Privilege Escalation,T1068,Attack
A-08-SCN080-02-05,Government Healthcare,Command and Control,Discovery,T1087,Attack
A-08-SCN080-02-06,Government Healthcare,Command and Control,Lateral Movement,T1021,Attack
A-08-SCN080-02-07,Government Healthcare,Command and Control,Command and Control,T1071,Attack
A-08-SCN080-02-08,Government Healthcare,Command and Control,Command and Control,T1071,Attack
A-08-SCN080-02-09,Government Healthcare,Command and Control,Command and Control,T1071,Attack
A-08-SCN080-03-00,Government Healthcare,Command and Control,Reconnaissance,T1046,Attack
A-08-SCN080-03-01,Government Healthcare,Command and Control,Initial Access,T1190,Attack
A-08-SCN080-03-02,Government Healthcare,Command and Control,Execution,T1059,Attack
A-08-SCN080-03-03,Government Healthcare,Command and Control,Persistence,T1053,Attack
A-08-SCN080-03-04,Government Healthcare,Command and Control,Privilege Escalation,T1068,Attack
A-08-SCN080-03-05,Government Healthcare,Command and Control,Discovery,T1046,Attack
A-08-SCN080-03-06,Government Healthcare,Command and Control,Lateral Movement,T1021,Attack
A-08-SCN080-03-07,Government Healthcare,Command and Control,Command and Control,T1071,Attack
A-08-SCN080-03-08,Government Healthcare,Command and Control,Command and Control,T1071,Attack
A-08-SCN080-03-09,Government Healthcare,Command and Control,Command and Control,T1071,Attack
A-08-SCN080-04-00,Government Healthcare,Command and Control,Reconnaissance,T1041,Attack
A-08-SCN080-04-01,Government Healthcare,Command and Control,Initial Access,T1078,Attack
A-08-SCN080-04-02,Government Healthcare,Command and Control,Execution,T1059,Attack
A-08-SCN080-04-03,Government Healthcare,Command and Control,Persistence,T1053,Attack
A-08-SCN080-04-04,Government Healthcare,Command and Control,Privilege Escalation,T1068,Attack
A-08-SCN080-04-05,Government Healthcare,Command and Control,Discovery,T1087,Attack
A-08-SCN080-04-06,Government Healthcare,Command and Control,Lateral Movement,T1021,Attack
A-08-SCN080-04-07,Government Healthcare,Command and Control,Command and Control,T1071,Attack
A-08-SCN080-04-08,Government Healthcare,Command and Control,Command and Control,T1071,Attack
A-08-SCN080-04-09,Government Healthcare,Command and Control,Command and Control,T1071,Attack
N-09-00000,Space Infrastructure,Normal,Normal,None,Normal
N-09-00001,Space Infrastructure,Normal,Normal,None,Normal
N-09-00002,Space Infrastructure,Normal,Normal,None,Normal
N-09-00003,Space Infrastructure,Normal,Normal,None,Normal
N-09-00004,Space Infrastructure,Normal,Normal,None,Normal
N-09-00005,Space Infrastructure,Normal,Normal,None,Normal
N-09-00006,Space Infrastructure,Normal,Normal,None,Normal
N-09-00007,Space Infrastructure,Normal,Normal,None,Normal
N-09-00008,Space Infrastructure,Normal,Normal,None,Normal
N-09-00009,Space Infrastructure,Normal,Normal,None,Normal
N-09-00010,Space Infrastructure,Normal,Normal,None,Normal
N-09-00011,Space Infrastructure,Normal,Normal,None,Normal
N-09-00012,Space Infrastructure,Normal,Normal,None,Normal
N-09-00013,Space Infrastructure,Normal,Normal,None,Normal
N-09-00014,Space Infrastructure,Normal,Normal,None,Normal
N-09-00015,Space Infrastructure,Normal,Normal,None,Normal
N-09-00016,Space Infrastructure,Normal,Normal,None,Normal
N-09-00017,Space Infrastructure,Normal,Normal,None,Normal
N-09-00018,Space Infrastructure,Normal,Normal,None,Normal
N-09-00019,Space Infrastructure,Normal,Normal,None,Normal
N-09-00020,Space Infrastructure,Normal,Normal,None,Normal
N-09-00021,Space Infrastructure,Normal,Normal,None,Normal
N-09-00022,Space Infrastructure,Normal,Normal,None,Normal
N-09-00023,Space Infrastructure,Normal,Normal,None,Normal
N-09-00024,Space Infrastructure,Normal,Normal,None,Normal
N-09-00025,Space Infrastructure,Normal,Normal,None,Normal
N-09-00026,Space Infrastructure,Normal,Normal,None,Normal
N-09-00027,Space Infrastructure,Normal,Normal,None,Normal
N-09-00028,Space Infrastructure,Normal,Normal,None,Normal
N-09-00029,Space Infrastructure,Normal,Normal,None,Normal
N-09-00030,Space Infrastructure,Normal,Normal,None,Normal
N-09-00031,Space Infrastructure,Normal,Normal,None,Normal
N-09-00032,Space Infrastructure,Normal,Normal,None,Normal
N-09-00033,Space Infrastructure,Normal,Normal,None,Normal
N-09-00034,Space Infrastructure,Normal,Normal,None,Normal
N-09-00035,Space Infrastructure,Normal,Normal,None,Normal
N-09-00036,Space Infrastructure,Normal,Normal,None,Normal
N-09-00037,Space Infrastructure,Normal,Normal,None,Normal
N-09-00038,Space Infrastructure,Normal,Normal,None,Normal
N-09-00039,Space Infrastructure,Normal,Normal,None,Normal
N-09-00040,Space Infrastructure,Normal,Normal,None,Normal
N-09-00041,Space Infrastructure,Normal,Normal,None,Normal
N-09-00042,Space Infrastructure,Normal,Normal,None,Normal
N-09-00043,Space Infrastructure,Normal,Normal,None,Normal
N-09-00044,Space Infrastructure,Normal,Normal,None,Normal
N-09-00045,Space Infrastructure,Normal,Normal,None,Normal
N-09-00046,Space Infrastructure,Normal,Normal,None,Normal
N-09-00047,Space Infrastructure,Normal,Normal,None,Normal
N-09-00048,Space Infrastructure,Normal,Normal,None,Normal
N-09-00049,Space Infrastructure,Normal,Normal,None,Normal
N-09-00050,Space Infrastructure,Normal,Normal,None,Normal
N-09-00051,Space Infrastructure,Normal,Normal,None,Normal
N-09-00052,Space Infrastructure,Normal,Normal,None,Normal
N-09-00053,Space Infrastructure,Normal,Normal,None,Normal
N-09-00054,Space Infrastructure,Normal,Normal,None,Normal
N-09-00055,Space Infrastructure,Normal,Normal,None,Normal
N-09-00056,Space Infrastructure,Normal,Normal,None,Normal
N-09-00057,Space Infrastructure,Normal,Normal,None,Normal
N-09-00058,Space Infrastructure,Normal,Normal,None,Normal
N-09-00059,Space Infrastructure,Normal,Normal,None,Normal
N-09-00060,Space Infrastructure,Normal,Normal,None,Normal
N-09-00061,Space Infrastructure,Normal,Normal,None,Normal
N-09-00062,Space Infrastructure,Normal,Normal,None,Normal
N-09-00063,Space Infrastructure,Normal,Normal,None,Normal
N-09-00064,Space Infrastructure,Normal,Normal,None,Normal
N-09-00065,Space Infrastructure,Normal,Normal,None,Normal
N-09-00066,Space Infrastructure,Normal,Normal,None,Normal
N-09-00067,Space Infrastructure,Normal,Normal,None,Normal
N-09-00068,Space Infrastructure,Normal,Normal,None,Normal
N-09-00069,Space Infrastructure,Normal,Normal,None,Normal
N-09-00070,Space Infrastructure,Normal,Normal,None,Normal
N-09-00071,Space Infrastructure,Normal,Normal,None,Normal
N-09-00072,Space Infrastructure,Normal,Normal,None,Normal
N-09-00073,Space Infrastructure,Normal,Normal,None,Normal
N-09-00074,Space Infrastructure,Normal,Normal,None,Normal
N-09-00075,Space Infrastructure,Normal,Normal,None,Normal
N-09-00076,Space Infrastructure,Normal,Normal,None,Normal
N-09-00077,Space Infrastructure,Normal,Normal,None,Normal
N-09-00078,Space Infrastructure,Normal,Normal,None,Normal
N-09-00079,Space Infrastructure,Normal,Normal,None,Normal
N-09-00080,Space Infrastructure,Normal,Normal,None,Normal
N-09-00081,Space Infrastructure,Normal,Normal,None,Normal
N-09-00082,Space Infrastructure,Normal,Normal,None,Normal
N-09-00083,Space Infrastructure,Normal,Normal,None,Normal
N-09-00084,Space Infrastructure,Normal,Normal,None,Normal
N-09-00085,Space Infrastructure,Normal,Normal,None,Normal
N-09-00086,Space Infrastructure,Normal,Normal,None,Normal
N-09-00087,Space Infrastructure,Normal,Normal,None,Normal
N-09-00088,Space Infrastructure,Normal,Normal,None,Normal
N-09-00089,Space Infrastructure,Normal,Normal,None,Normal
N-09-00090,Space Infrastructure,Normal,Normal,None,Normal
N-09-00091,Space Infrastructure,Normal,Normal,None,Normal
N-09-00092,Space Infrastructure,Normal,Normal,None,Normal
N-09-00093,Space Infrastructure,Normal,Normal,None,Normal
N-09-00094,Space Infrastructure,Normal,Normal,None,Normal
N-09-00095,Space Infrastructure,Normal,Normal,None,Normal
N-09-00096,Space Infrastructure,Normal,Normal,None,Normal
N-09-00097,Space Infrastructure,Normal,Normal,None,Normal
N-09-00098,Space Infrastructure,Normal,Normal,None,Normal
N-09-00099,Space Infrastructure,Normal,Normal,None,Normal
N-09-00100,Space Infrastructure,Normal,Normal,None,Normal
N-09-00101,Space Infrastructure,Normal,Normal,None,Normal
N-09-00102,Space Infrastructure,Normal,Normal,None,Normal
N-09-00103,Space Infrastructure,Normal,Normal,None,Normal
N-09-00104,Space Infrastructure,Normal,Normal,None,Normal
N-09-00105,Space Infrastructure,Normal,Normal,None,Normal
N-09-00106,Space Infrastructure,Normal,Normal,None,Normal
N-09-00107,Space Infrastructure,Normal,Normal,None,Normal
N-09-00108,Space Infrastructure,Normal,Normal,None,Normal
N-09-00109,Space Infrastructure,Normal,Normal,None,Normal
N-09-00110,Space Infrastructure,Normal,Normal,None,Normal
N-09-00111,Space Infrastructure,Normal,Normal,None,Normal
N-09-00112,Space Infrastructure,Normal,Normal,None,Normal
N-09-00113,Space Infrastructure,Normal,Normal,None,Normal
N-09-00114,Space Infrastructure,Normal,Normal,None,Normal
N-09-00115,Space Infrastructure,Normal,Normal,None,Normal
N-09-00116,Space Infrastructure,Normal,Normal,None,Normal
N-09-00117,Space Infrastructure,Normal,Normal,None,Normal
N-09-00118,Space Infrastructure,Normal,Normal,None,Normal
N-09-00119,Space Infrastructure,Normal,Normal,None,Normal
N-09-00120,Space Infrastructure,Normal,Normal,None,Normal
N-09-00121,Space Infrastructure,Normal,Normal,None,Normal
N-09-00122,Space Infrastructure,Normal,Normal,None,Normal
N-09-00123,Space Infrastructure,Normal,Normal,None,Normal
N-09-00124,Space Infrastructure,Normal,Normal,None,Normal
N-09-00125,Space Infrastructure,Normal,Normal,None,Normal
N-09-00126,Space Infrastructure,Normal,Normal,None,Normal
N-09-00127,Space Infrastructure,Normal,Normal,None,Normal
N-09-00128,Space Infrastructure,Normal,Normal,None,Normal
N-09-00129,Space Infrastructure,Normal,Normal,None,Normal
N-09-00130,Space Infrastructure,Normal,Normal,None,Normal
N-09-00131,Space Infrastructure,Normal,Normal,None,Normal
N-09-00132,Space Infrastructure,Normal,Normal,None,Normal
N-09-00133,Space Infrastructure,Normal,Normal,None,Normal
N-09-00134,Space Infrastructure,Normal,Normal,None,Normal
N-09-00135,Space Infrastructure,Normal,Normal,None,Normal
N-09-00136,Space Infrastructure,Normal,Normal,None,Normal
N-09-00137,Space Infrastructure,Normal,Normal,None,Normal
N-09-00138,Space Infrastructure,Normal,Normal,None,Normal
N-09-00139,Space Infrastructure,Normal,Normal,None,Normal
N-09-00140,Space Infrastructure,Normal,Normal,None,Normal
N-09-00141,Space Infrastructure,Normal,Normal,None,Normal
N-09-00142,Space Infrastructure,Normal,Normal,None,Normal
N-09-00143,Space Infrastructure,Normal,Normal,None,Normal
N-09-00144,Space Infrastructure,Normal,Normal,None,Normal
N-09-00145,Space Infrastructure,Normal,Normal,None,Normal
N-09-00146,Space Infrastructure,Normal,Normal,None,Normal
N-09-00147,Space Infrastructure,Normal,Normal,None,Normal
N-09-00148,Space Infrastructure,Normal,Normal,None,Normal
N-09-00149,Space Infrastructure,Normal,Normal,None,Normal
N-09-00150,Space Infrastructure,Normal,Normal,None,Normal
N-09-00151,Space Infrastructure,Normal,Normal,None,Normal
N-09-00152,Space Infrastructure,Normal,Normal,None,Normal
N-09-00153,Space Infrastructure,Normal,Normal,None,Normal
N-09-00154,Space Infrastructure,Normal,Normal,None,Normal
N-09-00155,Space Infrastructure,Normal,Normal,None,Normal
N-09-00156,Space Infrastructure,Normal,Normal,None,Normal
N-09-00157,Space Infrastructure,Normal,Normal,None,Normal
N-09-00158,Space Infrastructure,Normal,Normal,None,Normal
N-09-00159,Space Infrastructure,Normal,Normal,None,Normal
N-09-00160,Space Infrastructure,Normal,Normal,None,Normal
N-09-00161,Space Infrastructure,Normal,Normal,None,Normal
N-09-00162,Space Infrastructure,Normal,Normal,None,Normal
N-09-00163,Space Infrastructure,Normal,Normal,None,Normal
N-09-00164,Space Infrastructure,Normal,Normal,None,Normal
N-09-00165,Space Infrastructure,Normal,Normal,None,Normal
N-09-00166,Space Infrastructure,Normal,Normal,None,Normal
N-09-00167,Space Infrastructure,Normal,Normal,None,Normal
N-09-00168,Space Infrastructure,Normal,Normal,None,Normal
N-09-00169,Space Infrastructure,Normal,Normal,None,Normal
N-09-00170,Space Infrastructure,Normal,Normal,None,Normal
N-09-00171,Space Infrastructure,Normal,Normal,None,Normal
N-09-00172,Space Infrastructure,Normal,Normal,None,Normal
N-09-00173,Space Infrastructure,Normal,Normal,None,Normal
N-09-00174,Space Infrastructure,Normal,Normal,None,Normal
N-09-00175,Space Infrastructure,Normal,Normal,None,Normal
N-09-00176,Space Infrastructure,Normal,Normal,None,Normal
N-09-00177,Space Infrastructure,Normal,Normal,None,Normal
N-09-00178,Space Infrastructure,Normal,Normal,None,Normal
N-09-00179,Space Infrastructure,Normal,Normal,None,Normal
N-09-00180,Space Infrastructure,Normal,Normal,None,Normal
N-09-00181,Space Infrastructure,Normal,Normal,None,Normal
N-09-00182,Space Infrastructure,Normal,Normal,None,Normal
N-09-00183,Space Infrastructure,Normal,Normal,None,Normal
N-09-00184,Space Infrastructure,Normal,Normal,None,Normal
N-09-00185,Space Infrastructure,Normal,Normal,None,Normal
N-09-00186,Space Infrastructure,Normal,Normal,None,Normal
N-09-00187,Space Infrastructure,Normal,Normal,None,Normal
N-09-00188,Space Infrastructure,Normal,Normal,None,Normal
N-09-00189,Space Infrastructure,Normal,Normal,None,Normal
N-09-00190,Space Infrastructure,Normal,Normal,None,Normal
N-09-00191,Space Infrastructure,Normal,Normal,None,Normal
N-09-00192,Space Infrastructure,Normal,Normal,None,Normal
N-09-00193,Space Infrastructure,Normal,Normal,None,Normal
N-09-00194,Space Infrastructure,Normal,Normal,None,Normal
N-09-00195,Space Infrastructure,Normal,Normal,None,Normal
N-09-00196,Space Infrastructure,Normal,Normal,None,Normal
N-09-00197,Space Infrastructure,Normal,Normal,None,Normal
N-09-00198,Space Infrastructure,Normal,Normal,None,Normal
N-09-00199,Space Infrastructure,Normal,Normal,None,Normal
N-09-00200,Space Infrastructure,Normal,Normal,None,Normal
N-09-00201,Space Infrastructure,Normal,Normal,None,Normal
N-09-00202,Space Infrastructure,Normal,Normal,None,Normal
N-09-00203,Space Infrastructure,Normal,Normal,None,Normal
N-09-00204,Space Infrastructure,Normal,Normal,None,Normal
N-09-00205,Space Infrastructure,Normal,Normal,None,Normal
N-09-00206,Space Infrastructure,Normal,Normal,None,Normal
N-09-00207,Space Infrastructure,Normal,Normal,None,Normal
N-09-00208,Space Infrastructure,Normal,Normal,None,Normal
N-09-00209,Space Infrastructure,Normal,Normal,None,Normal
N-09-00210,Space Infrastructure,Normal,Normal,None,Normal
N-09-00211,Space Infrastructure,Normal,Normal,None,Normal
N-09-00212,Space Infrastructure,Normal,Normal,None,Normal
N-09-00213,Space Infrastructure,Normal,Normal,None,Normal
N-09-00214,Space Infrastructure,Normal,Normal,None,Normal
N-09-00215,Space Infrastructure,Normal,Normal,None,Normal
N-09-00216,Space Infrastructure,Normal,Normal,None,Normal
N-09-00217,Space Infrastructure,Normal,Normal,None,Normal
N-09-00218,Space Infrastructure,Normal,Normal,None,Normal
N-09-00219,Space Infrastructure,Normal,Normal,None,Normal
N-09-00220,Space Infrastructure,Normal,Normal,None,Normal
N-09-00221,Space Infrastructure,Normal,Normal,None,Normal
N-09-00222,Space Infrastructure,Normal,Normal,None,Normal
N-09-00223,Space Infrastructure,Normal,Normal,None,Normal
N-09-00224,Space Infrastructure,Normal,Normal,None,Normal
N-09-00225,Space Infrastructure,Normal,Normal,None,Normal
N-09-00226,Space Infrastructure,Normal,Normal,None,Normal
N-09-00227,Space Infrastructure,Normal,Normal,None,Normal
N-09-00228,Space Infrastructure,Normal,Normal,None,Normal
N-09-00229,Space Infrastructure,Normal,Normal,None,Normal
N-09-00230,Space Infrastructure,Normal,Normal,None,Normal
N-09-00231,Space Infrastructure,Normal,Normal,None,Normal
N-09-00232,Space Infrastructure,Normal,Normal,None,Normal
N-09-00233,Space Infrastructure,Normal,Normal,None,Normal
N-09-00234,Space Infrastructure,Normal,Normal,None,Normal
N-09-00235,Space Infrastructure,Normal,Normal,None,Normal
N-09-00236,Space Infrastructure,Normal,Normal,None,Normal
N-09-00237,Space Infrastructure,Normal,Normal,None,Normal
N-09-00238,Space Infrastructure,Normal,Normal,None,Normal
N-09-00239,Space Infrastructure,Normal,Normal,None,Normal
N-09-00240,Space Infrastructure,Normal,Normal,None,Normal
N-09-00241,Space Infrastructure,Normal,Normal,None,Normal
N-09-00242,Space Infrastructure,Normal,Normal,None,Normal
N-09-00243,Space Infrastructure,Normal,Normal,None,Normal
N-09-00244,Space Infrastructure,Normal,Normal,None,Normal
N-09-00245,Space Infrastructure,Normal,Normal,None,Normal
N-09-00246,Space Infrastructure,Normal,Normal,None,Normal
N-09-00247,Space Infrastructure,Normal,Normal,None,Normal
N-09-00248,Space Infrastructure,Normal,Normal,None,Normal
N-09-00249,Space Infrastructure,Normal,Normal,None,Normal
N-09-00250,Space Infrastructure,Normal,Normal,None,Normal
N-09-00251,Space Infrastructure,Normal,Normal,None,Normal
N-09-00252,Space Infrastructure,Normal,Normal,None,Normal
N-09-00253,Space Infrastructure,Normal,Normal,None,Normal
N-09-00254,Space Infrastructure,Normal,Normal,None,Normal
N-09-00255,Space Infrastructure,Normal,Normal,None,Normal
N-09-00256,Space Infrastructure,Normal,Normal,None,Normal
N-09-00257,Space Infrastructure,Normal,Normal,None,Normal
N-09-00258,Space Infrastructure,Normal,Normal,None,Normal
N-09-00259,Space Infrastructure,Normal,Normal,None,Normal
N-09-00260,Space Infrastructure,Normal,Normal,None,Normal
N-09-00261,Space Infrastructure,Normal,Normal,None,Normal
N-09-00262,Space Infrastructure,Normal,Normal,None,Normal
N-09-00263,Space Infrastructure,Normal,Normal,None,Normal
N-09-00264,Space Infrastructure,Normal,Normal,None,Normal
N-09-00265,Space Infrastructure,Normal,Normal,None,Normal
N-09-00266,Space Infrastructure,Normal,Normal,None,Normal
N-09-00267,Space Infrastructure,Normal,Normal,None,Normal
N-09-00268,Space Infrastructure,Normal,Normal,None,Normal
N-09-00269,Space Infrastructure,Normal,Normal,None,Normal
N-09-00270,Space Infrastructure,Normal,Normal,None,Normal
N-09-00271,Space Infrastructure,Normal,Normal,None,Normal
N-09-00272,Space Infrastructure,Normal,Normal,None,Normal
N-09-00273,Space Infrastructure,Normal,Normal,None,Normal
N-09-00274,Space Infrastructure,Normal,Normal,None,Normal
N-09-00275,Space Infrastructure,Normal,Normal,None,Normal
N-09-00276,Space Infrastructure,Normal,Normal,None,Normal
N-09-00277,Space Infrastructure,Normal,Normal,None,Normal
N-09-00278,Space Infrastructure,Normal,Normal,None,Normal
N-09-00279,Space Infrastructure,Normal,Normal,None,Normal
N-09-00280,Space Infrastructure,Normal,Normal,None,Normal
N-09-00281,Space Infrastructure,Normal,Normal,None,Normal
N-09-00282,Space Infrastructure,Normal,Normal,None,Normal
N-09-00283,Space Infrastructure,Normal,Normal,None,Normal
N-09-00284,Space Infrastructure,Normal,Normal,None,Normal
N-09-00285,Space Infrastructure,Normal,Normal,None,Normal
N-09-00286,Space Infrastructure,Normal,Normal,None,Normal
N-09-00287,Space Infrastructure,Normal,Normal,None,Normal
N-09-00288,Space Infrastructure,Normal,Normal,None,Normal
N-09-00289,Space Infrastructure,Normal,Normal,None,Normal
N-09-00290,Space Infrastructure,Normal,Normal,None,Normal
N-09-00291,Space Infrastructure,Normal,Normal,None,Normal
N-09-00292,Space Infrastructure,Normal,Normal,None,Normal
N-09-00293,Space Infrastructure,Normal,Normal,None,Normal
N-09-00294,Space Infrastructure,Normal,Normal,None,Normal
N-09-00295,Space Infrastructure,Normal,Normal,None,Normal
N-09-00296,Space Infrastructure,Normal,Normal,None,Normal
N-09-00297,Space Infrastructure,Normal,Normal,None,Normal
N-09-00298,Space Infrastructure,Normal,Normal,None,Normal
N-09-00299,Space Infrastructure,Normal,Normal,None,Normal
N-09-00300,Space Infrastructure,Normal,Normal,None,Normal
N-09-00301,Space Infrastructure,Normal,Normal,None,Normal
N-09-00302,Space Infrastructure,Normal,Normal,None,Normal
N-09-00303,Space Infrastructure,Normal,Normal,None,Normal
N-09-00304,Space Infrastructure,Normal,Normal,None,Normal
N-09-00305,Space Infrastructure,Normal,Normal,None,Normal
N-09-00306,Space Infrastructure,Normal,Normal,None,Normal
N-09-00307,Space Infrastructure,Normal,Normal,None,Normal
N-09-00308,Space Infrastructure,Normal,Normal,None,Normal
N-09-00309,Space Infrastructure,Normal,Normal,None,Normal
N-09-00310,Space Infrastructure,Normal,Normal,None,Normal
N-09-00311,Space Infrastructure,Normal,Normal,None,Normal
N-09-00312,Space Infrastructure,Normal,Normal,None,Normal
N-09-00313,Space Infrastructure,Normal,Normal,None,Normal
N-09-00314,Space Infrastructure,Normal,Normal,None,Normal
N-09-00315,Space Infrastructure,Normal,Normal,None,Normal
N-09-00316,Space Infrastructure,Normal,Normal,None,Normal
N-09-00317,Space Infrastructure,Normal,Normal,None,Normal
N-09-00318,Space Infrastructure,Normal,Normal,None,Normal
N-09-00319,Space Infrastructure,Normal,Normal,None,Normal
N-09-00320,Space Infrastructure,Normal,Normal,None,Normal
N-09-00321,Space Infrastructure,Normal,Normal,None,Normal
N-09-00322,Space Infrastructure,Normal,Normal,None,Normal
N-09-00323,Space Infrastructure,Normal,Normal,None,Normal
N-09-00324,Space Infrastructure,Normal,Normal,None,Normal
N-09-00325,Space Infrastructure,Normal,Normal,None,Normal
N-09-00326,Space Infrastructure,Normal,Normal,None,Normal
N-09-00327,Space Infrastructure,Normal,Normal,None,Normal
N-09-00328,Space Infrastructure,Normal,Normal,None,Normal
N-09-00329,Space Infrastructure,Normal,Normal,None,Normal
N-09-00330,Space Infrastructure,Normal,Normal,None,Normal
N-09-00331,Space Infrastructure,Normal,Normal,None,Normal
N-09-00332,Space Infrastructure,Normal,Normal,None,Normal
N-09-00333,Space Infrastructure,Normal,Normal,None,Normal
N-09-00334,Space Infrastructure,Normal,Normal,None,Normal
N-09-00335,Space Infrastructure,Normal,Normal,None,Normal
N-09-00336,Space Infrastructure,Normal,Normal,None,Normal
N-09-00337,Space Infrastructure,Normal,Normal,None,Normal
N-09-00338,Space Infrastructure,Normal,Normal,None,Normal
N-09-00339,Space Infrastructure,Normal,Normal,None,Normal
N-09-00340,Space Infrastructure,Normal,Normal,None,Normal
N-09-00341,Space Infrastructure,Normal,Normal,None,Normal
N-09-00342,Space Infrastructure,Normal,Normal,None,Normal
N-09-00343,Space Infrastructure,Normal,Normal,None,Normal
N-09-00344,Space Infrastructure,Normal,Normal,None,Normal
N-09-00345,Space Infrastructure,Normal,Normal,None,Normal
N-09-00346,Space Infrastructure,Normal,Normal,None,Normal
N-09-00347,Space Infrastructure,Normal,Normal,None,Normal
N-09-00348,Space Infrastructure,Normal,Normal,None,Normal
N-09-00349,Space Infrastructure,Normal,Normal,None,Normal
N-09-00350,Space Infrastructure,Normal,Normal,None,Normal
N-09-00351,Space Infrastructure,Normal,Normal,None,Normal
N-09-00352,Space Infrastructure,Normal,Normal,None,Normal
N-09-00353,Space Infrastructure,Normal,Normal,None,Normal
N-09-00354,Space Infrastructure,Normal,Normal,None,Normal
N-09-00355,Space Infrastructure,Normal,Normal,None,Normal
N-09-00356,Space Infrastructure,Normal,Normal,None,Normal
N-09-00357,Space Infrastructure,Normal,Normal,None,Normal
N-09-00358,Space Infrastructure,Normal,Normal,None,Normal
N-09-00359,Space Infrastructure,Normal,Normal,None,Normal
N-09-00360,Space Infrastructure,Normal,Normal,None,Normal
N-09-00361,Space Infrastructure,Normal,Normal,None,Normal
N-09-00362,Space Infrastructure,Normal,Normal,None,Normal
N-09-00363,Space Infrastructure,Normal,Normal,None,Normal
N-09-00364,Space Infrastructure,Normal,Normal,None,Normal
N-09-00365,Space Infrastructure,Normal,Normal,None,Normal
N-09-00366,Space Infrastructure,Normal,Normal,None,Normal
N-09-00367,Space Infrastructure,Normal,Normal,None,Normal
N-09-00368,Space Infrastructure,Normal,Normal,None,Normal
N-09-00369,Space Infrastructure,Normal,Normal,None,Normal
N-09-00370,Space Infrastructure,Normal,Normal,None,Normal
N-09-00371,Space Infrastructure,Normal,Normal,None,Normal
N-09-00372,Space Infrastructure,Normal,Normal,None,Normal
N-09-00373,Space Infrastructure,Normal,Normal,None,Normal
N-09-00374,Space Infrastructure,Normal,Normal,None,Normal
N-09-00375,Space Infrastructure,Normal,Normal,None,Normal
N-09-00376,Space Infrastructure,Normal,Normal,None,Normal
N-09-00377,Space Infrastructure,Normal,Normal,None,Normal
N-09-00378,Space Infrastructure,Normal,Normal,None,Normal
N-09-00379,Space Infrastructure,Normal,Normal,None,Normal
N-09-00380,Space Infrastructure,Normal,Normal,None,Normal
N-09-00381,Space Infrastructure,Normal,Normal,None,Normal
N-09-00382,Space Infrastructure,Normal,Normal,None,Normal
N-09-00383,Space Infrastructure,Normal,Normal,None,Normal
N-09-00384,Space Infrastructure,Normal,Normal,None,Normal
N-09-00385,Space Infrastructure,Normal,Normal,None,Normal
N-09-00386,Space Infrastructure,Normal,Normal,None,Normal
N-09-00387,Space Infrastructure,Normal,Normal,None,Normal
N-09-00388,Space Infrastructure,Normal,Normal,None,Normal
N-09-00389,Space Infrastructure,Normal,Normal,None,Normal
N-09-00390,Space Infrastructure,Normal,Normal,None,Normal
N-09-00391,Space Infrastructure,Normal,Normal,None,Normal
N-09-00392,Space Infrastructure,Normal,Normal,None,Normal
N-09-00393,Space Infrastructure,Normal,Normal,None,Normal
N-09-00394,Space Infrastructure,Normal,Normal,None,Normal
N-09-00395,Space Infrastructure,Normal,Normal,None,Normal
N-09-00396,Space Infrastructure,Normal,Normal,None,Normal
N-09-00397,Space Infrastructure,Normal,Normal,None,Normal
N-09-00398,Space Infrastructure,Normal,Normal,None,Normal
N-09-00399,Space Infrastructure,Normal,Normal,None,Normal
N-09-00400,Space Infrastructure,Normal,Normal,None,Normal
N-09-00401,Space Infrastructure,Normal,Normal,None,Normal
N-09-00402,Space Infrastructure,Normal,Normal,None,Normal
N-09-00403,Space Infrastructure,Normal,Normal,None,Normal
N-09-00404,Space Infrastructure,Normal,Normal,None,Normal
N-09-00405,Space Infrastructure,Normal,Normal,None,Normal
N-09-00406,Space Infrastructure,Normal,Normal,None,Normal
N-09-00407,Space Infrastructure,Normal,Normal,None,Normal
N-09-00408,Space Infrastructure,Normal,Normal,None,Normal
N-09-00409,Space Infrastructure,Normal,Normal,None,Normal
N-09-00410,Space Infrastructure,Normal,Normal,None,Normal
N-09-00411,Space Infrastructure,Normal,Normal,None,Normal
N-09-00412,Space Infrastructure,Normal,Normal,None,Normal
N-09-00413,Space Infrastructure,Normal,Normal,None,Normal
N-09-00414,Space Infrastructure,Normal,Normal,None,Normal
N-09-00415,Space Infrastructure,Normal,Normal,None,Normal
N-09-00416,Space Infrastructure,Normal,Normal,None,Normal
N-09-00417,Space Infrastructure,Normal,Normal,None,Normal
N-09-00418,Space Infrastructure,Normal,Normal,None,Normal
N-09-00419,Space Infrastructure,Normal,Normal,None,Normal
N-09-00420,Space Infrastructure,Normal,Normal,None,Normal
N-09-00421,Space Infrastructure,Normal,Normal,None,Normal
N-09-00422,Space Infrastructure,Normal,Normal,None,Normal
N-09-00423,Space Infrastructure,Normal,Normal,None,Normal
N-09-00424,Space Infrastructure,Normal,Normal,None,Normal
N-09-00425,Space Infrastructure,Normal,Normal,None,Normal
N-09-00426,Space Infrastructure,Normal,Normal,None,Normal
N-09-00427,Space Infrastructure,Normal,Normal,None,Normal
N-09-00428,Space Infrastructure,Normal,Normal,None,Normal
N-09-00429,Space Infrastructure,Normal,Normal,None,Normal
N-09-00430,Space Infrastructure,Normal,Normal,None,Normal
N-09-00431,Space Infrastructure,Normal,Normal,None,Normal
N-09-00432,Space Infrastructure,Normal,Normal,None,Normal
N-09-00433,Space Infrastructure,Normal,Normal,None,Normal
N-09-00434,Space Infrastructure,Normal,Normal,None,Normal
N-09-00435,Space Infrastructure,Normal,Normal,None,Normal
N-09-00436,Space Infrastructure,Normal,Normal,None,Normal
N-09-00437,Space Infrastructure,Normal,Normal,None,Normal
N-09-00438,Space Infrastructure,Normal,Normal,None,Normal
N-09-00439,Space Infrastructure,Normal,Normal,None,Normal
N-09-00440,Space Infrastructure,Normal,Normal,None,Normal
N-09-00441,Space Infrastructure,Normal,Normal,None,Normal
N-09-00442,Space Infrastructure,Normal,Normal,None,Normal
N-09-00443,Space Infrastructure,Normal,Normal,None,Normal
N-09-00444,Space Infrastructure,Normal,Normal,None,Normal
N-09-00445,Space Infrastructure,Normal,Normal,None,Normal
N-09-00446,Space Infrastructure,Normal,Normal,None,Normal
N-09-00447,Space Infrastructure,Normal,Normal,None,Normal
N-09-00448,Space Infrastructure,Normal,Normal,None,Normal
N-09-00449,Space Infrastructure,Normal,Normal,None,Normal
N-09-00450,Space Infrastructure,Normal,Normal,None,Normal
N-09-00451,Space Infrastructure,Normal,Normal,None,Normal
N-09-00452,Space Infrastructure,Normal,Normal,None,Normal
N-09-00453,Space Infrastructure,Normal,Normal,None,Normal
N-09-00454,Space Infrastructure,Normal,Normal,None,Normal
N-09-00455,Space Infrastructure,Normal,Normal,None,Normal
N-09-00456,Space Infrastructure,Normal,Normal,None,Normal
N-09-00457,Space Infrastructure,Normal,Normal,None,Normal
N-09-00458,Space Infrastructure,Normal,Normal,None,Normal
N-09-00459,Space Infrastructure,Normal,Normal,None,Normal
N-09-00460,Space Infrastructure,Normal,Normal,None,Normal
N-09-00461,Space Infrastructure,Normal,Normal,None,Normal
N-09-00462,Space Infrastructure,Normal,Normal,None,Normal
N-09-00463,Space Infrastructure,Normal,Normal,None,Normal
N-09-00464,Space Infrastructure,Normal,Normal,None,Normal
N-09-00465,Space Infrastructure,Normal,Normal,None,Normal
N-09-00466,Space Infrastructure,Normal,Normal,None,Normal
N-09-00467,Space Infrastructure,Normal,Normal,None,Normal
N-09-00468,Space Infrastructure,Normal,Normal,None,Normal
N-09-00469,Space Infrastructure,Normal,Normal,None,Normal
N-09-00470,Space Infrastructure,Normal,Normal,None,Normal
N-09-00471,Space Infrastructure,Normal,Normal,None,Normal
N-09-00472,Space Infrastructure,Normal,Normal,None,Normal
N-09-00473,Space Infrastructure,Normal,Normal,None,Normal
N-09-00474,Space Infrastructure,Normal,Normal,None,Normal
N-09-00475,Space Infrastructure,Normal,Normal,None,Normal
N-09-00476,Space Infrastructure,Normal,Normal,None,Normal
N-09-00477,Space Infrastructure,Normal,Normal,None,Normal
N-09-00478,Space Infrastructure,Normal,Normal,None,Normal
N-09-00479,Space Infrastructure,Normal,Normal,None,Normal
N-09-00480,Space Infrastructure,Normal,Normal,None,Normal
N-09-00481,Space Infrastructure,Normal,Normal,None,Normal
N-09-00482,Space Infrastructure,Normal,Normal,None,Normal
N-09-00483,Space Infrastructure,Normal,Normal,None,Normal
N-09-00484,Space Infrastructure,Normal,Normal,None,Normal
N-09-00485,Space Infrastructure,Normal,Normal,None,Normal
N-09-00486,Space Infrastructure,Normal,Normal,None,Normal
N-09-00487,Space Infrastructure,Normal,Normal,None,Normal
N-09-00488,Space Infrastructure,Normal,Normal,None,Normal
N-09-00489,Space Infrastructure,Normal,Normal,None,Normal
N-09-00490,Space Infrastructure,Normal,Normal,None,Normal
N-09-00491,Space Infrastructure,Normal,Normal,None,Normal
N-09-00492,Space Infrastructure,Normal,Normal,None,Normal
N-09-00493,Space Infrastructure,Normal,Normal,None,Normal
N-09-00494,Space Infrastructure,Normal,Normal,None,Normal
N-09-00495,Space Infrastructure,Normal,Normal,None,Normal
N-09-00496,Space Infrastructure,Normal,Normal,None,Normal
N-09-00497,Space Infrastructure,Normal,Normal,None,Normal
N-09-00498,Space Infrastructure,Normal,Normal,None,Normal
N-09-00499,Space Infrastructure,Normal,Normal,None,Normal
N-09-00500,Space Infrastructure,Normal,Normal,None,Normal
N-09-00501,Space Infrastructure,Normal,Normal,None,Normal
N-09-00502,Space Infrastructure,Normal,Normal,None,Normal
N-09-00503,Space Infrastructure,Normal,Normal,None,Normal
N-09-00504,Space Infrastructure,Normal,Normal,None,Normal
N-09-00505,Space Infrastructure,Normal,Normal,None,Normal
N-09-00506,Space Infrastructure,Normal,Normal,None,Normal
N-09-00507,Space Infrastructure,Normal,Normal,None,Normal
N-09-00508,Space Infrastructure,Normal,Normal,None,Normal
N-09-00509,Space Infrastructure,Normal,Normal,None,Normal
N-09-00510,Space Infrastructure,Normal,Normal,None,Normal
N-09-00511,Space Infrastructure,Normal,Normal,None,Normal
N-09-00512,Space Infrastructure,Normal,Normal,None,Normal
N-09-00513,Space Infrastructure,Normal,Normal,None,Normal
N-09-00514,Space Infrastructure,Normal,Normal,None,Normal
N-09-00515,Space Infrastructure,Normal,Normal,None,Normal
N-09-00516,Space Infrastructure,Normal,Normal,None,Normal
N-09-00517,Space Infrastructure,Normal,Normal,None,Normal
N-09-00518,Space Infrastructure,Normal,Normal,None,Normal
N-09-00519,Space Infrastructure,Normal,Normal,None,Normal
N-09-00520,Space Infrastructure,Normal,Normal,None,Normal
N-09-00521,Space Infrastructure,Normal,Normal,None,Normal
N-09-00522,Space Infrastructure,Normal,Normal,None,Normal
N-09-00523,Space Infrastructure,Normal,Normal,None,Normal
N-09-00524,Space Infrastructure,Normal,Normal,None,Normal
N-09-00525,Space Infrastructure,Normal,Normal,None,Normal
N-09-00526,Space Infrastructure,Normal,Normal,None,Normal
N-09-00527,Space Infrastructure,Normal,Normal,None,Normal
N-09-00528,Space Infrastructure,Normal,Normal,None,Normal
N-09-00529,Space Infrastructure,Normal,Normal,None,Normal
N-09-00530,Space Infrastructure,Normal,Normal,None,Normal
N-09-00531,Space Infrastructure,Normal,Normal,None,Normal
N-09-00532,Space Infrastructure,Normal,Normal,None,Normal
N-09-00533,Space Infrastructure,Normal,Normal,None,Normal
N-09-00534,Space Infrastructure,Normal,Normal,None,Normal
N-09-00535,Space Infrastructure,Normal,Normal,None,Normal
N-09-00536,Space Infrastructure,Normal,Normal,None,Normal
N-09-00537,Space Infrastructure,Normal,Normal,None,Normal
N-09-00538,Space Infrastructure,Normal,Normal,None,Normal
N-09-00539,Space Infrastructure,Normal,Normal,None,Normal
N-09-00540,Space Infrastructure,Normal,Normal,None,Normal
N-09-00541,Space Infrastructure,Normal,Normal,None,Normal
N-09-00542,Space Infrastructure,Normal,Normal,None,Normal
N-09-00543,Space Infrastructure,Normal,Normal,None,Normal
N-09-00544,Space Infrastructure,Normal,Normal,None,Normal
N-09-00545,Space Infrastructure,Normal,Normal,None,Normal
N-09-00546,Space Infrastructure,Normal,Normal,None,Normal
N-09-00547,Space Infrastructure,Normal,Normal,None,Normal
N-09-00548,Space Infrastructure,Normal,Normal,None,Normal
N-09-00549,Space Infrastructure,Normal,Normal,None,Normal
N-09-00550,Space Infrastructure,Normal,Normal,None,Normal
N-09-00551,Space Infrastructure,Normal,Normal,None,Normal
N-09-00552,Space Infrastructure,Normal,Normal,None,Normal
N-09-00553,Space Infrastructure,Normal,Normal,None,Normal
N-09-00554,Space Infrastructure,Normal,Normal,None,Normal
N-09-00555,Space Infrastructure,Normal,Normal,None,Normal
N-09-00556,Space Infrastructure,Normal,Normal,None,Normal
N-09-00557,Space Infrastructure,Normal,Normal,None,Normal
N-09-00558,Space Infrastructure,Normal,Normal,None,Normal
N-09-00559,Space Infrastructure,Normal,Normal,None,Normal
N-09-00560,Space Infrastructure,Normal,Normal,None,Normal
N-09-00561,Space Infrastructure,Normal,Normal,None,Normal
N-09-00562,Space Infrastructure,Normal,Normal,None,Normal
N-09-00563,Space Infrastructure,Normal,Normal,None,Normal
N-09-00564,Space Infrastructure,Normal,Normal,None,Normal
N-09-00565,Space Infrastructure,Normal,Normal,None,Normal
N-09-00566,Space Infrastructure,Normal,Normal,None,Normal
N-09-00567,Space Infrastructure,Normal,Normal,None,Normal
N-09-00568,Space Infrastructure,Normal,Normal,None,Normal
N-09-00569,Space Infrastructure,Normal,Normal,None,Normal
N-09-00570,Space Infrastructure,Normal,Normal,None,Normal
N-09-00571,Space Infrastructure,Normal,Normal,None,Normal
N-09-00572,Space Infrastructure,Normal,Normal,None,Normal
N-09-00573,Space Infrastructure,Normal,Normal,None,Normal
N-09-00574,Space Infrastructure,Normal,Normal,None,Normal
N-09-00575,Space Infrastructure,Normal,Normal,None,Normal
N-09-00576,Space Infrastructure,Normal,Normal,None,Normal
N-09-00577,Space Infrastructure,Normal,Normal,None,Normal
N-09-00578,Space Infrastructure,Normal,Normal,None,Normal
N-09-00579,Space Infrastructure,Normal,Normal,None,Normal
N-09-00580,Space Infrastructure,Normal,Normal,None,Normal
N-09-00581,Space Infrastructure,Normal,Normal,None,Normal
N-09-00582,Space Infrastructure,Normal,Normal,None,Normal
N-09-00583,Space Infrastructure,Normal,Normal,None,Normal
N-09-00584,Space Infrastructure,Normal,Normal,None,Normal
N-09-00585,Space Infrastructure,Normal,Normal,None,Normal
N-09-00586,Space Infrastructure,Normal,Normal,None,Normal
N-09-00587,Space Infrastructure,Normal,Normal,None,Normal
N-09-00588,Space Infrastructure,Normal,Normal,None,Normal
N-09-00589,Space Infrastructure,Normal,Normal,None,Normal
N-09-00590,Space Infrastructure,Normal,Normal,None,Normal
N-09-00591,Space Infrastructure,Normal,Normal,None,Normal
N-09-00592,Space Infrastructure,Normal,Normal,None,Normal
N-09-00593,Space Infrastructure,Normal,Normal,None,Normal
N-09-00594,Space Infrastructure,Normal,Normal,None,Normal
N-09-00595,Space Infrastructure,Normal,Normal,None,Normal
N-09-00596,Space Infrastructure,Normal,Normal,None,Normal
N-09-00597,Space Infrastructure,Normal,Normal,None,Normal
N-09-00598,Space Infrastructure,Normal,Normal,None,Normal
N-09-00599,Space Infrastructure,Normal,Normal,None,Normal
A-09-SCN081-01-00,Space Infrastructure,Ground-Station Compromise,Reconnaissance,T1190,Attack
A-09-SCN081-01-01,Space Infrastructure,Ground-Station Compromise,Initial Access,T1078,Attack
A-09-SCN081-01-02,Space Infrastructure,Ground-Station Compromise,Execution,T1059,Attack
A-09-SCN081-01-03,Space Infrastructure,Ground-Station Compromise,Persistence,T1053,Attack
A-09-SCN081-01-04,Space Infrastructure,Ground-Station Compromise,Privilege Escalation,T1068,Attack
A-09-SCN081-01-05,Space Infrastructure,Ground-Station Compromise,Discovery,T1087,Attack
A-09-SCN081-01-06,Space Infrastructure,Ground-Station Compromise,Lateral Movement,T1021,Attack
A-09-SCN081-01-07,Space Infrastructure,Ground-Station Compromise,Command and Control,T1071,Attack
A-09-SCN081-01-08,Space Infrastructure,Ground-Station Compromise,Command and Control,T1071,Attack
A-09-SCN081-01-09,Space Infrastructure,Ground-Station Compromise,Command and Control,T1071,Attack
A-09-SCN081-02-00,Space Infrastructure,Ground-Station Compromise,Reconnaissance,T1005,Attack
A-09-SCN081-02-01,Space Infrastructure,Ground-Station Compromise,Initial Access,T1078,Attack
A-09-SCN081-02-02,Space Infrastructure,Ground-Station Compromise,Execution,T1059,Attack
A-09-SCN081-02-03,Space Infrastructure,Ground-Station Compromise,Persistence,T1053,Attack
A-09-SCN081-02-04,Space Infrastructure,Ground-Station Compromise,Privilege Escalation,T1068,Attack
A-09-SCN081-02-05,Space Infrastructure,Ground-Station Compromise,Discovery,T1087,Attack
A-09-SCN081-02-06,Space Infrastructure,Ground-Station Compromise,Lateral Movement,T1021,Attack
A-09-SCN081-02-07,Space Infrastructure,Ground-Station Compromise,Command and Control,T1071,Attack
A-09-SCN081-02-08,Space Infrastructure,Ground-Station Compromise,Command and Control,T1071,Attack
A-09-SCN081-02-09,Space Infrastructure,Ground-Station Compromise,Command and Control,T1071,Attack
A-09-SCN081-03-00,Space Infrastructure,Ground-Station Compromise,Reconnaissance,T1068,Attack
A-09-SCN081-03-01,Space Infrastructure,Ground-Station Compromise,Initial Access,T1078,Attack
A-09-SCN081-03-02,Space Infrastructure,Ground-Station Compromise,Execution,T1059,Attack
A-09-SCN081-03-03,Space Infrastructure,Ground-Station Compromise,Persistence,T1053,Attack
A-09-SCN081-03-04,Space Infrastructure,Ground-Station Compromise,Privilege Escalation,T1068,Attack
A-09-SCN081-03-05,Space Infrastructure,Ground-Station Compromise,Discovery,T1087,Attack
A-09-SCN081-03-06,Space Infrastructure,Ground-Station Compromise,Lateral Movement,T1021,Attack
A-09-SCN081-03-07,Space Infrastructure,Ground-Station Compromise,Command and Control,T1071,Attack
A-09-SCN081-03-08,Space Infrastructure,Ground-Station Compromise,Command and Control,T1071,Attack
A-09-SCN081-03-09,Space Infrastructure,Ground-Station Compromise,Command and Control,T1071,Attack
A-09-SCN081-04-00,Space Infrastructure,Ground-Station Compromise,Reconnaissance,T1046,Attack
A-09-SCN081-04-01,Space Infrastructure,Ground-Station Compromise,Initial Access,T1190,Attack
A-09-SCN081-04-02,Space Infrastructure,Ground-Station Compromise,Execution,T1059,Attack
A-09-SCN081-04-03,Space Infrastructure,Ground-Station Compromise,Persistence,T1053,Attack
A-09-SCN081-04-04,Space Infrastructure,Ground-Station Compromise,Privilege Escalation,T1068,Attack
A-09-SCN081-04-05,Space Infrastructure,Ground-Station Compromise,Discovery,T1046,Attack
A-09-SCN081-04-06,Space Infrastructure,Ground-Station Compromise,Lateral Movement,T1021,Attack
A-09-SCN081-04-07,Space Infrastructure,Ground-Station Compromise,Command and Control,T1071,Attack
A-09-SCN081-04-08,Space Infrastructure,Ground-Station Compromise,Command and Control,T1071,Attack
A-09-SCN081-04-09,Space Infrastructure,Ground-Station Compromise,Command and Control,T1071,Attack
A-09-SCN082-01-00,Space Infrastructure,Credential Compromise,Reconnaissance,T1046,Attack
A-09-SCN082-01-01,Space Infrastructure,Credential Compromise,Initial Access,T1078,Attack
A-09-SCN082-01-02,Space Infrastructure,Credential Compromise,Credential Access,T1110,Attack
A-09-SCN082-01-03,Space Infrastructure,Credential Compromise,Discovery,T1046,Attack
A-09-SCN082-01-04,Space Infrastructure,Credential Compromise,Lateral Movement,T1021,Attack
A-09-SCN082-01-05,Space Infrastructure,Credential Compromise,Collection,T1005,Attack
A-09-SCN082-01-06,Space Infrastructure,Credential Compromise,Collection,T1005,Attack
A-09-SCN082-01-07,Space Infrastructure,Credential Compromise,Collection,T1005,Attack
A-09-SCN082-01-08,Space Infrastructure,Credential Compromise,Collection,T1005,Attack
A-09-SCN082-01-09,Space Infrastructure,Credential Compromise,Collection,T1005,Attack
A-09-SCN082-02-00,Space Infrastructure,Credential Compromise,Reconnaissance,T1046,Attack
A-09-SCN082-02-01,Space Infrastructure,Credential Compromise,Initial Access,T1190,Attack
A-09-SCN082-02-02,Space Infrastructure,Credential Compromise,Credential Access,T1110,Attack
A-09-SCN082-02-03,Space Infrastructure,Credential Compromise,Discovery,T1087,Attack
A-09-SCN082-02-04,Space Infrastructure,Credential Compromise,Lateral Movement,T1021,Attack
A-09-SCN082-02-05,Space Infrastructure,Credential Compromise,Collection,T1005,Attack
A-09-SCN082-02-06,Space Infrastructure,Credential Compromise,Collection,T1005,Attack
A-09-SCN082-02-07,Space Infrastructure,Credential Compromise,Collection,T1005,Attack
A-09-SCN082-02-08,Space Infrastructure,Credential Compromise,Collection,T1005,Attack
A-09-SCN082-02-09,Space Infrastructure,Credential Compromise,Collection,T1005,Attack
A-09-SCN082-03-00,Space Infrastructure,Credential Compromise,Reconnaissance,T1059,Attack
A-09-SCN082-03-01,Space Infrastructure,Credential Compromise,Initial Access,T1190,Attack
A-09-SCN082-03-02,Space Infrastructure,Credential Compromise,Credential Access,T1110,Attack
A-09-SCN082-03-03,Space Infrastructure,Credential Compromise,Discovery,T1046,Attack
A-09-SCN082-03-04,Space Infrastructure,Credential Compromise,Lateral Movement,T1021,Attack
A-09-SCN082-03-05,Space Infrastructure,Credential Compromise,Collection,T1005,Attack
A-09-SCN082-03-06,Space Infrastructure,Credential Compromise,Collection,T1005,Attack
A-09-SCN082-03-07,Space Infrastructure,Credential Compromise,Collection,T1005,Attack
A-09-SCN082-03-08,Space Infrastructure,Credential Compromise,Collection,T1005,Attack
A-09-SCN082-03-09,Space Infrastructure,Credential Compromise,Collection,T1005,Attack
A-09-SCN082-04-00,Space Infrastructure,Credential Compromise,Reconnaissance,T1059,Attack
A-09-SCN082-04-01,Space Infrastructure,Credential Compromise,Initial Access,T1078,Attack
A-09-SCN082-04-02,Space Infrastructure,Credential Compromise,Credential Access,T1110,Attack
A-09-SCN082-04-03,Space Infrastructure,Credential Compromise,Discovery,T1087,Attack
A-09-SCN082-04-04,Space Infrastructure,Credential Compromise,Lateral Movement,T1021,Attack
A-09-SCN082-04-05,Space Infrastructure,Credential Compromise,Collection,T1005,Attack
A-09-SCN082-04-06,Space Infrastructure,Credential Compromise,Collection,T1005,Attack
A-09-SCN082-04-07,Space Infrastructure,Credential Compromise,Collection,T1005,Attack
A-09-SCN082-04-08,Space Infrastructure,Credential Compromise,Collection,T1005,Attack
A-09-SCN082-04-09,Space Infrastructure,Credential Compromise,Collection,T1005,Attack
A-09-SCN083-01-00,Space Infrastructure,Command-Service Compromise,Reconnaissance,T1498,Attack
A-09-SCN083-01-01,Space Infrastructure,Command-Service Compromise,Initial Access,T1190,Attack
A-09-SCN083-01-02,Space Infrastructure,Command-Service Compromise,Execution,T1059,Attack
A-09-SCN083-01-03,Space Infrastructure,Command-Service Compromise,Persistence,T1053,Attack
A-09-SCN083-01-04,Space Infrastructure,Command-Service Compromise,Privilege Escalation,T1068,Attack
A-09-SCN083-01-05,Space Infrastructure,Command-Service Compromise,Discovery,T1046,Attack
A-09-SCN083-01-06,Space Infrastructure,Command-Service Compromise,Lateral Movement,T1021,Attack
A-09-SCN083-01-07,Space Infrastructure,Command-Service Compromise,Command and Control,T1071,Attack
A-09-SCN083-01-08,Space Infrastructure,Command-Service Compromise,Command and Control,T1071,Attack
A-09-SCN083-01-09,Space Infrastructure,Command-Service Compromise,Command and Control,T1071,Attack
A-09-SCN083-02-00,Space Infrastructure,Command-Service Compromise,Reconnaissance,T1486,Attack
A-09-SCN083-02-01,Space Infrastructure,Command-Service Compromise,Initial Access,T1078,Attack
A-09-SCN083-02-02,Space Infrastructure,Command-Service Compromise,Execution,T1059,Attack
A-09-SCN083-02-03,Space Infrastructure,Command-Service Compromise,Persistence,T1053,Attack
A-09-SCN083-02-04,Space Infrastructure,Command-Service Compromise,Privilege Escalation,T1068,Attack
A-09-SCN083-02-05,Space Infrastructure,Command-Service Compromise,Discovery,T1087,Attack
A-09-SCN083-02-06,Space Infrastructure,Command-Service Compromise,Lateral Movement,T1021,Attack
A-09-SCN083-02-07,Space Infrastructure,Command-Service Compromise,Command and Control,T1071,Attack
A-09-SCN083-02-08,Space Infrastructure,Command-Service Compromise,Command and Control,T1071,Attack
A-09-SCN083-02-09,Space Infrastructure,Command-Service Compromise,Command and Control,T1071,Attack
A-09-SCN083-03-00,Space Infrastructure,Command-Service Compromise,Reconnaissance,T1021,Attack
A-09-SCN083-03-01,Space Infrastructure,Command-Service Compromise,Initial Access,T1078,Attack
A-09-SCN083-03-02,Space Infrastructure,Command-Service Compromise,Execution,T1059,Attack
A-09-SCN083-03-03,Space Infrastructure,Command-Service Compromise,Persistence,T1053,Attack
A-09-SCN083-03-04,Space Infrastructure,Command-Service Compromise,Privilege Escalation,T1068,Attack
A-09-SCN083-03-05,Space Infrastructure,Command-Service Compromise,Discovery,T1046,Attack
A-09-SCN083-03-06,Space Infrastructure,Command-Service Compromise,Lateral Movement,T1021,Attack
A-09-SCN083-03-07,Space Infrastructure,Command-Service Compromise,Command and Control,T1071,Attack
A-09-SCN083-03-08,Space Infrastructure,Command-Service Compromise,Command and Control,T1071,Attack
A-09-SCN083-03-09,Space Infrastructure,Command-Service Compromise,Command and Control,T1071,Attack
A-09-SCN083-04-00,Space Infrastructure,Command-Service Compromise,Reconnaissance,T1071,Attack
A-09-SCN083-04-01,Space Infrastructure,Command-Service Compromise,Initial Access,T1078,Attack
A-09-SCN083-04-02,Space Infrastructure,Command-Service Compromise,Execution,T1059,Attack
A-09-SCN083-04-03,Space Infrastructure,Command-Service Compromise,Persistence,T1053,Attack
A-09-SCN083-04-04,Space Infrastructure,Command-Service Compromise,Privilege Escalation,T1068,Attack
A-09-SCN083-04-05,Space Infrastructure,Command-Service Compromise,Discovery,T1046,Attack
A-09-SCN083-04-06,Space Infrastructure,Command-Service Compromise,Lateral Movement,T1021,Attack
A-09-SCN083-04-07,Space Infrastructure,Command-Service Compromise,Command and Control,T1071,Attack
A-09-SCN083-04-08,Space Infrastructure,Command-Service Compromise,Command and Control,T1071,Attack
A-09-SCN083-04-09,Space Infrastructure,Command-Service Compromise,Command and Control,T1071,Attack
A-09-SCN084-01-00,Space Infrastructure,Data Theft,Reconnaissance,T1087,Attack
A-09-SCN084-01-01,Space Infrastructure,Data Theft,Initial Access,T1078,Attack
A-09-SCN084-01-02,Space Infrastructure,Data Theft,Credential Access,T1110,Attack
A-09-SCN084-01-03,Space Infrastructure,Data Theft,Discovery,T1046,Attack
A-09-SCN084-01-04,Space Infrastructure,Data Theft,Collection,T1005,Attack
A-09-SCN084-01-05,Space Infrastructure,Data Theft,Exfiltration,T1041,Attack
A-09-SCN084-01-06,Space Infrastructure,Data Theft,Exfiltration,T1041,Attack
A-09-SCN084-01-07,Space Infrastructure,Data Theft,Exfiltration,T1041,Attack
A-09-SCN084-01-08,Space Infrastructure,Data Theft,Exfiltration,T1041,Attack
A-09-SCN084-01-09,Space Infrastructure,Data Theft,Exfiltration,T1041,Attack
A-09-SCN084-02-00,Space Infrastructure,Data Theft,Reconnaissance,T1071,Attack
A-09-SCN084-02-01,Space Infrastructure,Data Theft,Initial Access,T1190,Attack
A-09-SCN084-02-02,Space Infrastructure,Data Theft,Credential Access,T1110,Attack
A-09-SCN084-02-03,Space Infrastructure,Data Theft,Discovery,T1087,Attack
A-09-SCN084-02-04,Space Infrastructure,Data Theft,Collection,T1005,Attack
A-09-SCN084-02-05,Space Infrastructure,Data Theft,Exfiltration,T1041,Attack
A-09-SCN084-02-06,Space Infrastructure,Data Theft,Exfiltration,T1041,Attack
A-09-SCN084-02-07,Space Infrastructure,Data Theft,Exfiltration,T1041,Attack
A-09-SCN084-02-08,Space Infrastructure,Data Theft,Exfiltration,T1041,Attack
A-09-SCN084-02-09,Space Infrastructure,Data Theft,Exfiltration,T1041,Attack
A-09-SCN084-03-00,Space Infrastructure,Data Theft,Reconnaissance,T1005,Attack
A-09-SCN084-03-01,Space Infrastructure,Data Theft,Initial Access,T1078,Attack
A-09-SCN084-03-02,Space Infrastructure,Data Theft,Credential Access,T1110,Attack
A-09-SCN084-03-03,Space Infrastructure,Data Theft,Discovery,T1046,Attack
A-09-SCN084-03-04,Space Infrastructure,Data Theft,Collection,T1005,Attack
A-09-SCN084-03-05,Space Infrastructure,Data Theft,Exfiltration,T1041,Attack
A-09-SCN084-03-06,Space Infrastructure,Data Theft,Exfiltration,T1041,Attack
A-09-SCN084-03-07,Space Infrastructure,Data Theft,Exfiltration,T1041,Attack
A-09-SCN084-03-08,Space Infrastructure,Data Theft,Exfiltration,T1041,Attack
A-09-SCN084-03-09,Space Infrastructure,Data Theft,Exfiltration,T1041,Attack
A-09-SCN084-04-00,Space Infrastructure,Data Theft,Reconnaissance,T1110,Attack
A-09-SCN084-04-01,Space Infrastructure,Data Theft,Initial Access,T1190,Attack
A-09-SCN084-04-02,Space Infrastructure,Data Theft,Credential Access,T1110,Attack
A-09-SCN084-04-03,Space Infrastructure,Data Theft,Discovery,T1046,Attack
A-09-SCN084-04-04,Space Infrastructure,Data Theft,Collection,T1005,Attack
A-09-SCN084-04-05,Space Infrastructure,Data Theft,Exfiltration,T1041,Attack
A-09-SCN084-04-06,Space Infrastructure,Data Theft,Exfiltration,T1041,Attack
A-09-SCN084-04-07,Space Infrastructure,Data Theft,Exfiltration,T1041,Attack
A-09-SCN084-04-08,Space Infrastructure,Data Theft,Exfiltration,T1041,Attack
A-09-SCN084-04-09,Space Infrastructure,Data Theft,Exfiltration,T1041,Attack
A-09-SCN085-01-00,Space Infrastructure,Supply-Chain Compromise,Reconnaissance,T1005,Attack
A-09-SCN085-01-01,Space Infrastructure,Supply-Chain Compromise,Initial Access,T1078,Attack
A-09-SCN085-01-02,Space Infrastructure,Supply-Chain Compromise,Execution,T1059,Attack
A-09-SCN085-01-03,Space Infrastructure,Supply-Chain Compromise,Persistence,T1053,Attack
A-09-SCN085-01-04,Space Infrastructure,Supply-Chain Compromise,Privilege Escalation,T1068,Attack
A-09-SCN085-01-05,Space Infrastructure,Supply-Chain Compromise,Discovery,T1087,Attack
A-09-SCN085-01-06,Space Infrastructure,Supply-Chain Compromise,Lateral Movement,T1021,Attack
A-09-SCN085-01-07,Space Infrastructure,Supply-Chain Compromise,Command and Control,T1071,Attack
A-09-SCN085-01-08,Space Infrastructure,Supply-Chain Compromise,Command and Control,T1071,Attack
A-09-SCN085-01-09,Space Infrastructure,Supply-Chain Compromise,Command and Control,T1071,Attack
A-09-SCN085-02-00,Space Infrastructure,Supply-Chain Compromise,Reconnaissance,T1078,Attack
A-09-SCN085-02-01,Space Infrastructure,Supply-Chain Compromise,Initial Access,T1078,Attack
A-09-SCN085-02-02,Space Infrastructure,Supply-Chain Compromise,Execution,T1059,Attack
A-09-SCN085-02-03,Space Infrastructure,Supply-Chain Compromise,Persistence,T1053,Attack
A-09-SCN085-02-04,Space Infrastructure,Supply-Chain Compromise,Privilege Escalation,T1068,Attack
A-09-SCN085-02-05,Space Infrastructure,Supply-Chain Compromise,Discovery,T1087,Attack
A-09-SCN085-02-06,Space Infrastructure,Supply-Chain Compromise,Lateral Movement,T1021,Attack
A-09-SCN085-02-07,Space Infrastructure,Supply-Chain Compromise,Command and Control,T1071,Attack
A-09-SCN085-02-08,Space Infrastructure,Supply-Chain Compromise,Command and Control,T1071,Attack
A-09-SCN085-02-09,Space Infrastructure,Supply-Chain Compromise,Command and Control,T1071,Attack
A-09-SCN085-03-00,Space Infrastructure,Supply-Chain Compromise,Reconnaissance,T1498,Attack
A-09-SCN085-03-01,Space Infrastructure,Supply-Chain Compromise,Initial Access,T1078,Attack
A-09-SCN085-03-02,Space Infrastructure,Supply-Chain Compromise,Execution,T1059,Attack
A-09-SCN085-03-03,Space Infrastructure,Supply-Chain Compromise,Persistence,T1053,Attack
A-09-SCN085-03-04,Space Infrastructure,Supply-Chain Compromise,Privilege Escalation,T1068,Attack
A-09-SCN085-03-05,Space Infrastructure,Supply-Chain Compromise,Discovery,T1046,Attack
A-09-SCN085-03-06,Space Infrastructure,Supply-Chain Compromise,Lateral Movement,T1021,Attack
A-09-SCN085-03-07,Space Infrastructure,Supply-Chain Compromise,Command and Control,T1071,Attack
A-09-SCN085-03-08,Space Infrastructure,Supply-Chain Compromise,Command and Control,T1071,Attack
A-09-SCN085-03-09,Space Infrastructure,Supply-Chain Compromise,Command and Control,T1071,Attack
A-09-SCN085-04-00,Space Infrastructure,Supply-Chain Compromise,Reconnaissance,T1486,Attack
A-09-SCN085-04-01,Space Infrastructure,Supply-Chain Compromise,Initial Access,T1078,Attack
A-09-SCN085-04-02,Space Infrastructure,Supply-Chain Compromise,Execution,T1059,Attack
A-09-SCN085-04-03,Space Infrastructure,Supply-Chain Compromise,Persistence,T1053,Attack
A-09-SCN085-04-04,Space Infrastructure,Supply-Chain Compromise,Privilege Escalation,T1068,Attack
A-09-SCN085-04-05,Space Infrastructure,Supply-Chain Compromise,Discovery,T1087,Attack
A-09-SCN085-04-06,Space Infrastructure,Supply-Chain Compromise,Lateral Movement,T1021,Attack
A-09-SCN085-04-07,Space Infrastructure,Supply-Chain Compromise,Command and Control,T1071,Attack
A-09-SCN085-04-08,Space Infrastructure,Supply-Chain Compromise,Command and Control,T1071,Attack
A-09-SCN085-04-09,Space Infrastructure,Supply-Chain Compromise,Command and Control,T1071,Attack
A-09-SCN086-01-00,Space Infrastructure,Remote Access Abuse,Reconnaissance,T1071,Attack
A-09-SCN086-01-01,Space Infrastructure,Remote Access Abuse,Initial Access,T1078,Attack
A-09-SCN086-01-02,Space Infrastructure,Remote Access Abuse,Execution,T1059,Attack
A-09-SCN086-01-03,Space Infrastructure,Remote Access Abuse,Persistence,T1053,Attack
A-09-SCN086-01-04,Space Infrastructure,Remote Access Abuse,Privilege Escalation,T1068,Attack
A-09-SCN086-01-05,Space Infrastructure,Remote Access Abuse,Discovery,T1046,Attack
A-09-SCN086-01-06,Space Infrastructure,Remote Access Abuse,Lateral Movement,T1021,Attack
A-09-SCN086-01-07,Space Infrastructure,Remote Access Abuse,Command and Control,T1071,Attack
A-09-SCN086-01-08,Space Infrastructure,Remote Access Abuse,Command and Control,T1071,Attack
A-09-SCN086-01-09,Space Infrastructure,Remote Access Abuse,Command and Control,T1071,Attack
A-09-SCN086-02-00,Space Infrastructure,Remote Access Abuse,Reconnaissance,T1041,Attack
A-09-SCN086-02-01,Space Infrastructure,Remote Access Abuse,Initial Access,T1190,Attack
A-09-SCN086-02-02,Space Infrastructure,Remote Access Abuse,Execution,T1059,Attack
A-09-SCN086-02-03,Space Infrastructure,Remote Access Abuse,Persistence,T1053,Attack
A-09-SCN086-02-04,Space Infrastructure,Remote Access Abuse,Privilege Escalation,T1068,Attack
A-09-SCN086-02-05,Space Infrastructure,Remote Access Abuse,Discovery,T1087,Attack
A-09-SCN086-02-06,Space Infrastructure,Remote Access Abuse,Lateral Movement,T1021,Attack
A-09-SCN086-02-07,Space Infrastructure,Remote Access Abuse,Command and Control,T1071,Attack
A-09-SCN086-02-08,Space Infrastructure,Remote Access Abuse,Command and Control,T1071,Attack
A-09-SCN086-02-09,Space Infrastructure,Remote Access Abuse,Command and Control,T1071,Attack
A-09-SCN086-03-00,Space Infrastructure,Remote Access Abuse,Reconnaissance,T1486,Attack
A-09-SCN086-03-01,Space Infrastructure,Remote Access Abuse,Initial Access,T1078,Attack
A-09-SCN086-03-02,Space Infrastructure,Remote Access Abuse,Execution,T1059,Attack
A-09-SCN086-03-03,Space Infrastructure,Remote Access Abuse,Persistence,T1053,Attack
A-09-SCN086-03-04,Space Infrastructure,Remote Access Abuse,Privilege Escalation,T1068,Attack
A-09-SCN086-03-05,Space Infrastructure,Remote Access Abuse,Discovery,T1046,Attack
A-09-SCN086-03-06,Space Infrastructure,Remote Access Abuse,Lateral Movement,T1021,Attack
A-09-SCN086-03-07,Space Infrastructure,Remote Access Abuse,Command and Control,T1071,Attack
A-09-SCN086-03-08,Space Infrastructure,Remote Access Abuse,Command and Control,T1071,Attack
A-09-SCN086-03-09,Space Infrastructure,Remote Access Abuse,Command and Control,T1071,Attack
A-09-SCN086-04-00,Space Infrastructure,Remote Access Abuse,Reconnaissance,T1110,Attack
A-09-SCN086-04-01,Space Infrastructure,Remote Access Abuse,Initial Access,T1190,Attack
A-09-SCN086-04-02,Space Infrastructure,Remote Access Abuse,Execution,T1059,Attack
A-09-SCN086-04-03,Space Infrastructure,Remote Access Abuse,Persistence,T1053,Attack
A-09-SCN086-04-04,Space Infrastructure,Remote Access Abuse,Privilege Escalation,T1068,Attack
A-09-SCN086-04-05,Space Infrastructure,Remote Access Abuse,Discovery,T1087,Attack
A-09-SCN086-04-06,Space Infrastructure,Remote Access Abuse,Lateral Movement,T1021,Attack
A-09-SCN086-04-07,Space Infrastructure,Remote Access Abuse,Command and Control,T1071,Attack
A-09-SCN086-04-08,Space Infrastructure,Remote Access Abuse,Command and Control,T1071,Attack
A-09-SCN086-04-09,Space Infrastructure,Remote Access Abuse,Command and Control,T1071,Attack
A-09-SCN087-01-00,Space Infrastructure,Ground-Network Recon,Reconnaissance,T1190,Attack
A-09-SCN087-01-01,Space Infrastructure,Ground-Network Recon,Discovery,T1046,Attack
A-09-SCN087-01-02,Space Infrastructure,Ground-Network Recon,Initial Access,T1190,Attack
A-09-SCN087-01-03,Space Infrastructure,Ground-Network Recon,Execution,T1059,Attack
A-09-SCN087-01-04,Space Infrastructure,Ground-Network Recon,Execution,T1059,Attack
A-09-SCN087-01-05,Space Infrastructure,Ground-Network Recon,Execution,T1059,Attack
A-09-SCN087-01-06,Space Infrastructure,Ground-Network Recon,Execution,T1059,Attack
A-09-SCN087-01-07,Space Infrastructure,Ground-Network Recon,Execution,T1059,Attack
A-09-SCN087-01-08,Space Infrastructure,Ground-Network Recon,Execution,T1059,Attack
A-09-SCN087-01-09,Space Infrastructure,Ground-Network Recon,Execution,T1059,Attack
A-09-SCN087-02-00,Space Infrastructure,Ground-Network Recon,Reconnaissance,T1059,Attack
A-09-SCN087-02-01,Space Infrastructure,Ground-Network Recon,Discovery,T1046,Attack
A-09-SCN087-02-02,Space Infrastructure,Ground-Network Recon,Initial Access,T1190,Attack
A-09-SCN087-02-03,Space Infrastructure,Ground-Network Recon,Execution,T1059,Attack
A-09-SCN087-02-04,Space Infrastructure,Ground-Network Recon,Execution,T1059,Attack
A-09-SCN087-02-05,Space Infrastructure,Ground-Network Recon,Execution,T1059,Attack
A-09-SCN087-02-06,Space Infrastructure,Ground-Network Recon,Execution,T1059,Attack
A-09-SCN087-02-07,Space Infrastructure,Ground-Network Recon,Execution,T1059,Attack
A-09-SCN087-02-08,Space Infrastructure,Ground-Network Recon,Execution,T1059,Attack
A-09-SCN087-02-09,Space Infrastructure,Ground-Network Recon,Execution,T1059,Attack
A-09-SCN087-03-00,Space Infrastructure,Ground-Network Recon,Reconnaissance,T1059,Attack
A-09-SCN087-03-01,Space Infrastructure,Ground-Network Recon,Discovery,T1046,Attack
A-09-SCN087-03-02,Space Infrastructure,Ground-Network Recon,Initial Access,T1190,Attack
A-09-SCN087-03-03,Space Infrastructure,Ground-Network Recon,Execution,T1059,Attack
A-09-SCN087-03-04,Space Infrastructure,Ground-Network Recon,Execution,T1059,Attack
A-09-SCN087-03-05,Space Infrastructure,Ground-Network Recon,Execution,T1059,Attack
A-09-SCN087-03-06,Space Infrastructure,Ground-Network Recon,Execution,T1059,Attack
A-09-SCN087-03-07,Space Infrastructure,Ground-Network Recon,Execution,T1059,Attack
A-09-SCN087-03-08,Space Infrastructure,Ground-Network Recon,Execution,T1059,Attack
A-09-SCN087-03-09,Space Infrastructure,Ground-Network Recon,Execution,T1059,Attack
A-09-SCN087-04-00,Space Infrastructure,Ground-Network Recon,Reconnaissance,T1021,Attack
A-09-SCN087-04-01,Space Infrastructure,Ground-Network Recon,Discovery,T1087,Attack
A-09-SCN087-04-02,Space Infrastructure,Ground-Network Recon,Initial Access,T1190,Attack
A-09-SCN087-04-03,Space Infrastructure,Ground-Network Recon,Execution,T1059,Attack
A-09-SCN087-04-04,Space Infrastructure,Ground-Network Recon,Execution,T1059,Attack
A-09-SCN087-04-05,Space Infrastructure,Ground-Network Recon,Execution,T1059,Attack
A-09-SCN087-04-06,Space Infrastructure,Ground-Network Recon,Execution,T1059,Attack
A-09-SCN087-04-07,Space Infrastructure,Ground-Network Recon,Execution,T1059,Attack
A-09-SCN087-04-08,Space Infrastructure,Ground-Network Recon,Execution,T1059,Attack
A-09-SCN087-04-09,Space Infrastructure,Ground-Network Recon,Execution,T1059,Attack
A-09-SCN088-01-00,Space Infrastructure,Persistence,Reconnaissance,T1041,Attack
A-09-SCN088-01-01,Space Infrastructure,Persistence,Initial Access,T1190,Attack
A-09-SCN088-01-02,Space Infrastructure,Persistence,Execution,T1059,Attack
A-09-SCN088-01-03,Space Infrastructure,Persistence,Persistence,T1053,Attack
A-09-SCN088-01-04,Space Infrastructure,Persistence,Privilege Escalation,T1068,Attack
A-09-SCN088-01-05,Space Infrastructure,Persistence,Discovery,T1087,Attack
A-09-SCN088-01-06,Space Infrastructure,Persistence,Lateral Movement,T1021,Attack
A-09-SCN088-01-07,Space Infrastructure,Persistence,Command and Control,T1071,Attack
A-09-SCN088-01-08,Space Infrastructure,Persistence,Command and Control,T1071,Attack
A-09-SCN088-01-09,Space Infrastructure,Persistence,Command and Control,T1071,Attack
A-09-SCN088-02-00,Space Infrastructure,Persistence,Reconnaissance,T1046,Attack
A-09-SCN088-02-01,Space Infrastructure,Persistence,Initial Access,T1078,Attack
A-09-SCN088-02-02,Space Infrastructure,Persistence,Execution,T1059,Attack
A-09-SCN088-02-03,Space Infrastructure,Persistence,Persistence,T1053,Attack
A-09-SCN088-02-04,Space Infrastructure,Persistence,Privilege Escalation,T1068,Attack
A-09-SCN088-02-05,Space Infrastructure,Persistence,Discovery,T1046,Attack
A-09-SCN088-02-06,Space Infrastructure,Persistence,Lateral Movement,T1021,Attack
A-09-SCN088-02-07,Space Infrastructure,Persistence,Command and Control,T1071,Attack
A-09-SCN088-02-08,Space Infrastructure,Persistence,Command and Control,T1071,Attack
A-09-SCN088-02-09,Space Infrastructure,Persistence,Command and Control,T1071,Attack
A-09-SCN088-03-00,Space Infrastructure,Persistence,Reconnaissance,T1078,Attack
A-09-SCN088-03-01,Space Infrastructure,Persistence,Initial Access,T1190,Attack
A-09-SCN088-03-02,Space Infrastructure,Persistence,Execution,T1059,Attack
A-09-SCN088-03-03,Space Infrastructure,Persistence,Persistence,T1053,Attack
A-09-SCN088-03-04,Space Infrastructure,Persistence,Privilege Escalation,T1068,Attack
A-09-SCN088-03-05,Space Infrastructure,Persistence,Discovery,T1046,Attack
A-09-SCN088-03-06,Space Infrastructure,Persistence,Lateral Movement,T1021,Attack
A-09-SCN088-03-07,Space Infrastructure,Persistence,Command and Control,T1071,Attack
A-09-SCN088-03-08,Space Infrastructure,Persistence,Command and Control,T1071,Attack
A-09-SCN088-03-09,Space Infrastructure,Persistence,Command and Control,T1071,Attack
A-09-SCN088-04-00,Space Infrastructure,Persistence,Reconnaissance,T1087,Attack
A-09-SCN088-04-01,Space Infrastructure,Persistence,Initial Access,T1190,Attack
A-09-SCN088-04-02,Space Infrastructure,Persistence,Execution,T1059,Attack
A-09-SCN088-04-03,Space Infrastructure,Persistence,Persistence,T1053,Attack
A-09-SCN088-04-04,Space Infrastructure,Persistence,Privilege Escalation,T1068,Attack
A-09-SCN088-04-05,Space Infrastructure,Persistence,Discovery,T1046,Attack
A-09-SCN088-04-06,Space Infrastructure,Persistence,Lateral Movement,T1021,Attack
A-09-SCN088-04-07,Space Infrastructure,Persistence,Command and Control,T1071,Attack
A-09-SCN088-04-08,Space Infrastructure,Persistence,Command and Control,T1071,Attack
A-09-SCN088-04-09,Space Infrastructure,Persistence,Command and Control,T1071,Attack
A-09-SCN089-01-00,Space Infrastructure,Command and Control,Reconnaissance,T1053,Attack
A-09-SCN089-01-01,Space Infrastructure,Command and Control,Initial Access,T1078,Attack
A-09-SCN089-01-02,Space Infrastructure,Command and Control,Execution,T1059,Attack
A-09-SCN089-01-03,Space Infrastructure,Command and Control,Persistence,T1053,Attack
A-09-SCN089-01-04,Space Infrastructure,Command and Control,Privilege Escalation,T1068,Attack
A-09-SCN089-01-05,Space Infrastructure,Command and Control,Discovery,T1046,Attack
A-09-SCN089-01-06,Space Infrastructure,Command and Control,Lateral Movement,T1021,Attack
A-09-SCN089-01-07,Space Infrastructure,Command and Control,Command and Control,T1071,Attack
A-09-SCN089-01-08,Space Infrastructure,Command and Control,Command and Control,T1071,Attack
A-09-SCN089-01-09,Space Infrastructure,Command and Control,Command and Control,T1071,Attack
A-09-SCN089-02-00,Space Infrastructure,Command and Control,Reconnaissance,T1486,Attack
A-09-SCN089-02-01,Space Infrastructure,Command and Control,Initial Access,T1078,Attack
A-09-SCN089-02-02,Space Infrastructure,Command and Control,Execution,T1059,Attack
A-09-SCN089-02-03,Space Infrastructure,Command and Control,Persistence,T1053,Attack
A-09-SCN089-02-04,Space Infrastructure,Command and Control,Privilege Escalation,T1068,Attack
A-09-SCN089-02-05,Space Infrastructure,Command and Control,Discovery,T1046,Attack
A-09-SCN089-02-06,Space Infrastructure,Command and Control,Lateral Movement,T1021,Attack
A-09-SCN089-02-07,Space Infrastructure,Command and Control,Command and Control,T1071,Attack
A-09-SCN089-02-08,Space Infrastructure,Command and Control,Command and Control,T1071,Attack
A-09-SCN089-02-09,Space Infrastructure,Command and Control,Command and Control,T1071,Attack
A-09-SCN089-03-00,Space Infrastructure,Command and Control,Reconnaissance,T1498,Attack
A-09-SCN089-03-01,Space Infrastructure,Command and Control,Initial Access,T1078,Attack
A-09-SCN089-03-02,Space Infrastructure,Command and Control,Execution,T1059,Attack
A-09-SCN089-03-03,Space Infrastructure,Command and Control,Persistence,T1053,Attack
A-09-SCN089-03-04,Space Infrastructure,Command and Control,Privilege Escalation,T1068,Attack
A-09-SCN089-03-05,Space Infrastructure,Command and Control,Discovery,T1087,Attack
A-09-SCN089-03-06,Space Infrastructure,Command and Control,Lateral Movement,T1021,Attack
A-09-SCN089-03-07,Space Infrastructure,Command and Control,Command and Control,T1071,Attack
A-09-SCN089-03-08,Space Infrastructure,Command and Control,Command and Control,T1071,Attack
A-09-SCN089-03-09,Space Infrastructure,Command and Control,Command and Control,T1071,Attack
A-09-SCN089-04-00,Space Infrastructure,Command and Control,Reconnaissance,T1071,Attack
A-09-SCN089-04-01,Space Infrastructure,Command and Control,Initial Access,T1078,Attack
A-09-SCN089-04-02,Space Infrastructure,Command and Control,Execution,T1059,Attack
A-09-SCN089-04-03,Space Infrastructure,Command and Control,Persistence,T1053,Attack
A-09-SCN089-04-04,Space Infrastructure,Command and Control,Privilege Escalation,T1068,Attack
A-09-SCN089-04-05,Space Infrastructure,Command and Control,Discovery,T1087,Attack
A-09-SCN089-04-06,Space Infrastructure,Command and Control,Lateral Movement,T1021,Attack
A-09-SCN089-04-07,Space Infrastructure,Command and Control,Command and Control,T1071,Attack
A-09-SCN089-04-08,Space Infrastructure,Command and Control,Command and Control,T1071,Attack
A-09-SCN089-04-09,Space Infrastructure,Command and Control,Command and Control,T1071,Attack
A-09-SCN090-01-00,Space Infrastructure,Availability Attack,Reconnaissance,T1005,Attack
A-09-SCN090-01-01,Space Infrastructure,Availability Attack,Initial Access,T1190,Attack
A-09-SCN090-01-02,Space Infrastructure,Availability Attack,Execution,T1059,Attack
A-09-SCN090-01-03,Space Infrastructure,Availability Attack,Persistence,T1053,Attack
A-09-SCN090-01-04,Space Infrastructure,Availability Attack,Privilege Escalation,T1068,Attack
A-09-SCN090-01-05,Space Infrastructure,Availability Attack,Discovery,T1087,Attack
A-09-SCN090-01-06,Space Infrastructure,Availability Attack,Lateral Movement,T1021,Attack
A-09-SCN090-01-07,Space Infrastructure,Availability Attack,Command and Control,T1071,Attack
A-09-SCN090-01-08,Space Infrastructure,Availability Attack,Command and Control,T1071,Attack
A-09-SCN090-01-09,Space Infrastructure,Availability Attack,Command and Control,T1071,Attack
A-09-SCN090-02-00,Space Infrastructure,Availability Attack,Reconnaissance,T1041,Attack
A-09-SCN090-02-01,Space Infrastructure,Availability Attack,Initial Access,T1078,Attack
A-09-SCN090-02-02,Space Infrastructure,Availability Attack,Execution,T1059,Attack
A-09-SCN090-02-03,Space Infrastructure,Availability Attack,Persistence,T1053,Attack
A-09-SCN090-02-04,Space Infrastructure,Availability Attack,Privilege Escalation,T1068,Attack
A-09-SCN090-02-05,Space Infrastructure,Availability Attack,Discovery,T1087,Attack
A-09-SCN090-02-06,Space Infrastructure,Availability Attack,Lateral Movement,T1021,Attack
A-09-SCN090-02-07,Space Infrastructure,Availability Attack,Command and Control,T1071,Attack
A-09-SCN090-02-08,Space Infrastructure,Availability Attack,Command and Control,T1071,Attack
A-09-SCN090-02-09,Space Infrastructure,Availability Attack,Command and Control,T1071,Attack
A-09-SCN090-03-00,Space Infrastructure,Availability Attack,Reconnaissance,T1046,Attack
A-09-SCN090-03-01,Space Infrastructure,Availability Attack,Initial Access,T1078,Attack
A-09-SCN090-03-02,Space Infrastructure,Availability Attack,Execution,T1059,Attack
A-09-SCN090-03-03,Space Infrastructure,Availability Attack,Persistence,T1053,Attack
A-09-SCN090-03-04,Space Infrastructure,Availability Attack,Privilege Escalation,T1068,Attack
A-09-SCN090-03-05,Space Infrastructure,Availability Attack,Discovery,T1046,Attack
A-09-SCN090-03-06,Space Infrastructure,Availability Attack,Lateral Movement,T1021,Attack
A-09-SCN090-03-07,Space Infrastructure,Availability Attack,Command and Control,T1071,Attack
A-09-SCN090-03-08,Space Infrastructure,Availability Attack,Command and Control,T1071,Attack
A-09-SCN090-03-09,Space Infrastructure,Availability Attack,Command and Control,T1071,Attack
A-09-SCN090-04-00,Space Infrastructure,Availability Attack,Reconnaissance,T1498,Attack
A-09-SCN090-04-01,Space Infrastructure,Availability Attack,Initial Access,T1190,Attack
A-09-SCN090-04-02,Space Infrastructure,Availability Attack,Execution,T1059,Attack
A-09-SCN090-04-03,Space Infrastructure,Availability Attack,Persistence,T1053,Attack
A-09-SCN090-04-04,Space Infrastructure,Availability Attack,Privilege Escalation,T1068,Attack
A-09-SCN090-04-05,Space Infrastructure,Availability Attack,Discovery,T1087,Attack
A-09-SCN090-04-06,Space Infrastructure,Availability Attack,Lateral Movement,T1021,Attack
A-09-SCN090-04-07,Space Infrastructure,Availability Attack,Command and Control,T1071,Attack
A-09-SCN090-04-08,Space Infrastructure,Availability Attack,Command and Control,T1071,Attack
A-09-SCN090-04-09,Space Infrastructure,Availability Attack,Command and Control,T1071,Attack
N-10-00000,State Government Networks,Normal,Normal,None,Normal
N-10-00001,State Government Networks,Normal,Normal,None,Normal
N-10-00002,State Government Networks,Normal,Normal,None,Normal
N-10-00003,State Government Networks,Normal,Normal,None,Normal
N-10-00004,State Government Networks,Normal,Normal,None,Normal
N-10-00005,State Government Networks,Normal,Normal,None,Normal
N-10-00006,State Government Networks,Normal,Normal,None,Normal
N-10-00007,State Government Networks,Normal,Normal,None,Normal
N-10-00008,State Government Networks,Normal,Normal,None,Normal
N-10-00009,State Government Networks,Normal,Normal,None,Normal
N-10-00010,State Government Networks,Normal,Normal,None,Normal
N-10-00011,State Government Networks,Normal,Normal,None,Normal
N-10-00012,State Government Networks,Normal,Normal,None,Normal
N-10-00013,State Government Networks,Normal,Normal,None,Normal
N-10-00014,State Government Networks,Normal,Normal,None,Normal
N-10-00015,State Government Networks,Normal,Normal,None,Normal
N-10-00016,State Government Networks,Normal,Normal,None,Normal
N-10-00017,State Government Networks,Normal,Normal,None,Normal
N-10-00018,State Government Networks,Normal,Normal,None,Normal
N-10-00019,State Government Networks,Normal,Normal,None,Normal
N-10-00020,State Government Networks,Normal,Normal,None,Normal
N-10-00021,State Government Networks,Normal,Normal,None,Normal
N-10-00022,State Government Networks,Normal,Normal,None,Normal
N-10-00023,State Government Networks,Normal,Normal,None,Normal
N-10-00024,State Government Networks,Normal,Normal,None,Normal
N-10-00025,State Government Networks,Normal,Normal,None,Normal
N-10-00026,State Government Networks,Normal,Normal,None,Normal
N-10-00027,State Government Networks,Normal,Normal,None,Normal
N-10-00028,State Government Networks,Normal,Normal,None,Normal
N-10-00029,State Government Networks,Normal,Normal,None,Normal
N-10-00030,State Government Networks,Normal,Normal,None,Normal
N-10-00031,State Government Networks,Normal,Normal,None,Normal
N-10-00032,State Government Networks,Normal,Normal,None,Normal
N-10-00033,State Government Networks,Normal,Normal,None,Normal
N-10-00034,State Government Networks,Normal,Normal,None,Normal
N-10-00035,State Government Networks,Normal,Normal,None,Normal
N-10-00036,State Government Networks,Normal,Normal,None,Normal
N-10-00037,State Government Networks,Normal,Normal,None,Normal
N-10-00038,State Government Networks,Normal,Normal,None,Normal
N-10-00039,State Government Networks,Normal,Normal,None,Normal
N-10-00040,State Government Networks,Normal,Normal,None,Normal
N-10-00041,State Government Networks,Normal,Normal,None,Normal
N-10-00042,State Government Networks,Normal,Normal,None,Normal
N-10-00043,State Government Networks,Normal,Normal,None,Normal
N-10-00044,State Government Networks,Normal,Normal,None,Normal
N-10-00045,State Government Networks,Normal,Normal,None,Normal
N-10-00046,State Government Networks,Normal,Normal,None,Normal
N-10-00047,State Government Networks,Normal,Normal,None,Normal
N-10-00048,State Government Networks,Normal,Normal,None,Normal
N-10-00049,State Government Networks,Normal,Normal,None,Normal
N-10-00050,State Government Networks,Normal,Normal,None,Normal
N-10-00051,State Government Networks,Normal,Normal,None,Normal
N-10-00052,State Government Networks,Normal,Normal,None,Normal
N-10-00053,State Government Networks,Normal,Normal,None,Normal
N-10-00054,State Government Networks,Normal,Normal,None,Normal
N-10-00055,State Government Networks,Normal,Normal,None,Normal
N-10-00056,State Government Networks,Normal,Normal,None,Normal
N-10-00057,State Government Networks,Normal,Normal,None,Normal
N-10-00058,State Government Networks,Normal,Normal,None,Normal
N-10-00059,State Government Networks,Normal,Normal,None,Normal
N-10-00060,State Government Networks,Normal,Normal,None,Normal
N-10-00061,State Government Networks,Normal,Normal,None,Normal
N-10-00062,State Government Networks,Normal,Normal,None,Normal
N-10-00063,State Government Networks,Normal,Normal,None,Normal
N-10-00064,State Government Networks,Normal,Normal,None,Normal
N-10-00065,State Government Networks,Normal,Normal,None,Normal
N-10-00066,State Government Networks,Normal,Normal,None,Normal
N-10-00067,State Government Networks,Normal,Normal,None,Normal
N-10-00068,State Government Networks,Normal,Normal,None,Normal
N-10-00069,State Government Networks,Normal,Normal,None,Normal
N-10-00070,State Government Networks,Normal,Normal,None,Normal
N-10-00071,State Government Networks,Normal,Normal,None,Normal
N-10-00072,State Government Networks,Normal,Normal,None,Normal
N-10-00073,State Government Networks,Normal,Normal,None,Normal
N-10-00074,State Government Networks,Normal,Normal,None,Normal
N-10-00075,State Government Networks,Normal,Normal,None,Normal
N-10-00076,State Government Networks,Normal,Normal,None,Normal
N-10-00077,State Government Networks,Normal,Normal,None,Normal
N-10-00078,State Government Networks,Normal,Normal,None,Normal
N-10-00079,State Government Networks,Normal,Normal,None,Normal
N-10-00080,State Government Networks,Normal,Normal,None,Normal
N-10-00081,State Government Networks,Normal,Normal,None,Normal
N-10-00082,State Government Networks,Normal,Normal,None,Normal
N-10-00083,State Government Networks,Normal,Normal,None,Normal
N-10-00084,State Government Networks,Normal,Normal,None,Normal
N-10-00085,State Government Networks,Normal,Normal,None,Normal
N-10-00086,State Government Networks,Normal,Normal,None,Normal
N-10-00087,State Government Networks,Normal,Normal,None,Normal
N-10-00088,State Government Networks,Normal,Normal,None,Normal
N-10-00089,State Government Networks,Normal,Normal,None,Normal
N-10-00090,State Government Networks,Normal,Normal,None,Normal
N-10-00091,State Government Networks,Normal,Normal,None,Normal
N-10-00092,State Government Networks,Normal,Normal,None,Normal
N-10-00093,State Government Networks,Normal,Normal,None,Normal
N-10-00094,State Government Networks,Normal,Normal,None,Normal
N-10-00095,State Government Networks,Normal,Normal,None,Normal
N-10-00096,State Government Networks,Normal,Normal,None,Normal
N-10-00097,State Government Networks,Normal,Normal,None,Normal
N-10-00098,State Government Networks,Normal,Normal,None,Normal
N-10-00099,State Government Networks,Normal,Normal,None,Normal
N-10-00100,State Government Networks,Normal,Normal,None,Normal
N-10-00101,State Government Networks,Normal,Normal,None,Normal
N-10-00102,State Government Networks,Normal,Normal,None,Normal
N-10-00103,State Government Networks,Normal,Normal,None,Normal
N-10-00104,State Government Networks,Normal,Normal,None,Normal
N-10-00105,State Government Networks,Normal,Normal,None,Normal
N-10-00106,State Government Networks,Normal,Normal,None,Normal
N-10-00107,State Government Networks,Normal,Normal,None,Normal
N-10-00108,State Government Networks,Normal,Normal,None,Normal
N-10-00109,State Government Networks,Normal,Normal,None,Normal
N-10-00110,State Government Networks,Normal,Normal,None,Normal
N-10-00111,State Government Networks,Normal,Normal,None,Normal
N-10-00112,State Government Networks,Normal,Normal,None,Normal
N-10-00113,State Government Networks,Normal,Normal,None,Normal
N-10-00114,State Government Networks,Normal,Normal,None,Normal
N-10-00115,State Government Networks,Normal,Normal,None,Normal
N-10-00116,State Government Networks,Normal,Normal,None,Normal
N-10-00117,State Government Networks,Normal,Normal,None,Normal
N-10-00118,State Government Networks,Normal,Normal,None,Normal
N-10-00119,State Government Networks,Normal,Normal,None,Normal
N-10-00120,State Government Networks,Normal,Normal,None,Normal
N-10-00121,State Government Networks,Normal,Normal,None,Normal
N-10-00122,State Government Networks,Normal,Normal,None,Normal
N-10-00123,State Government Networks,Normal,Normal,None,Normal
N-10-00124,State Government Networks,Normal,Normal,None,Normal
N-10-00125,State Government Networks,Normal,Normal,None,Normal
N-10-00126,State Government Networks,Normal,Normal,None,Normal
N-10-00127,State Government Networks,Normal,Normal,None,Normal
N-10-00128,State Government Networks,Normal,Normal,None,Normal
N-10-00129,State Government Networks,Normal,Normal,None,Normal
N-10-00130,State Government Networks,Normal,Normal,None,Normal
N-10-00131,State Government Networks,Normal,Normal,None,Normal
N-10-00132,State Government Networks,Normal,Normal,None,Normal
N-10-00133,State Government Networks,Normal,Normal,None,Normal
N-10-00134,State Government Networks,Normal,Normal,None,Normal
N-10-00135,State Government Networks,Normal,Normal,None,Normal
N-10-00136,State Government Networks,Normal,Normal,None,Normal
N-10-00137,State Government Networks,Normal,Normal,None,Normal
N-10-00138,State Government Networks,Normal,Normal,None,Normal
N-10-00139,State Government Networks,Normal,Normal,None,Normal
N-10-00140,State Government Networks,Normal,Normal,None,Normal
N-10-00141,State Government Networks,Normal,Normal,None,Normal
N-10-00142,State Government Networks,Normal,Normal,None,Normal
N-10-00143,State Government Networks,Normal,Normal,None,Normal
N-10-00144,State Government Networks,Normal,Normal,None,Normal
N-10-00145,State Government Networks,Normal,Normal,None,Normal
N-10-00146,State Government Networks,Normal,Normal,None,Normal
N-10-00147,State Government Networks,Normal,Normal,None,Normal
N-10-00148,State Government Networks,Normal,Normal,None,Normal
N-10-00149,State Government Networks,Normal,Normal,None,Normal
N-10-00150,State Government Networks,Normal,Normal,None,Normal
N-10-00151,State Government Networks,Normal,Normal,None,Normal
N-10-00152,State Government Networks,Normal,Normal,None,Normal
N-10-00153,State Government Networks,Normal,Normal,None,Normal
N-10-00154,State Government Networks,Normal,Normal,None,Normal
N-10-00155,State Government Networks,Normal,Normal,None,Normal
N-10-00156,State Government Networks,Normal,Normal,None,Normal
N-10-00157,State Government Networks,Normal,Normal,None,Normal
N-10-00158,State Government Networks,Normal,Normal,None,Normal
N-10-00159,State Government Networks,Normal,Normal,None,Normal
N-10-00160,State Government Networks,Normal,Normal,None,Normal
N-10-00161,State Government Networks,Normal,Normal,None,Normal
N-10-00162,State Government Networks,Normal,Normal,None,Normal
N-10-00163,State Government Networks,Normal,Normal,None,Normal
N-10-00164,State Government Networks,Normal,Normal,None,Normal
N-10-00165,State Government Networks,Normal,Normal,None,Normal
N-10-00166,State Government Networks,Normal,Normal,None,Normal
N-10-00167,State Government Networks,Normal,Normal,None,Normal
N-10-00168,State Government Networks,Normal,Normal,None,Normal
N-10-00169,State Government Networks,Normal,Normal,None,Normal
N-10-00170,State Government Networks,Normal,Normal,None,Normal
N-10-00171,State Government Networks,Normal,Normal,None,Normal
N-10-00172,State Government Networks,Normal,Normal,None,Normal
N-10-00173,State Government Networks,Normal,Normal,None,Normal
N-10-00174,State Government Networks,Normal,Normal,None,Normal
N-10-00175,State Government Networks,Normal,Normal,None,Normal
N-10-00176,State Government Networks,Normal,Normal,None,Normal
N-10-00177,State Government Networks,Normal,Normal,None,Normal
N-10-00178,State Government Networks,Normal,Normal,None,Normal
N-10-00179,State Government Networks,Normal,Normal,None,Normal
N-10-00180,State Government Networks,Normal,Normal,None,Normal
N-10-00181,State Government Networks,Normal,Normal,None,Normal
N-10-00182,State Government Networks,Normal,Normal,None,Normal
N-10-00183,State Government Networks,Normal,Normal,None,Normal
N-10-00184,State Government Networks,Normal,Normal,None,Normal
N-10-00185,State Government Networks,Normal,Normal,None,Normal
N-10-00186,State Government Networks,Normal,Normal,None,Normal
N-10-00187,State Government Networks,Normal,Normal,None,Normal
N-10-00188,State Government Networks,Normal,Normal,None,Normal
N-10-00189,State Government Networks,Normal,Normal,None,Normal
N-10-00190,State Government Networks,Normal,Normal,None,Normal
N-10-00191,State Government Networks,Normal,Normal,None,Normal
N-10-00192,State Government Networks,Normal,Normal,None,Normal
N-10-00193,State Government Networks,Normal,Normal,None,Normal
N-10-00194,State Government Networks,Normal,Normal,None,Normal
N-10-00195,State Government Networks,Normal,Normal,None,Normal
N-10-00196,State Government Networks,Normal,Normal,None,Normal
N-10-00197,State Government Networks,Normal,Normal,None,Normal
N-10-00198,State Government Networks,Normal,Normal,None,Normal
N-10-00199,State Government Networks,Normal,Normal,None,Normal
N-10-00200,State Government Networks,Normal,Normal,None,Normal
N-10-00201,State Government Networks,Normal,Normal,None,Normal
N-10-00202,State Government Networks,Normal,Normal,None,Normal
N-10-00203,State Government Networks,Normal,Normal,None,Normal
N-10-00204,State Government Networks,Normal,Normal,None,Normal
N-10-00205,State Government Networks,Normal,Normal,None,Normal
N-10-00206,State Government Networks,Normal,Normal,None,Normal
N-10-00207,State Government Networks,Normal,Normal,None,Normal
N-10-00208,State Government Networks,Normal,Normal,None,Normal
N-10-00209,State Government Networks,Normal,Normal,None,Normal
N-10-00210,State Government Networks,Normal,Normal,None,Normal
N-10-00211,State Government Networks,Normal,Normal,None,Normal
N-10-00212,State Government Networks,Normal,Normal,None,Normal
N-10-00213,State Government Networks,Normal,Normal,None,Normal
N-10-00214,State Government Networks,Normal,Normal,None,Normal
N-10-00215,State Government Networks,Normal,Normal,None,Normal
N-10-00216,State Government Networks,Normal,Normal,None,Normal
N-10-00217,State Government Networks,Normal,Normal,None,Normal
N-10-00218,State Government Networks,Normal,Normal,None,Normal
N-10-00219,State Government Networks,Normal,Normal,None,Normal
N-10-00220,State Government Networks,Normal,Normal,None,Normal
N-10-00221,State Government Networks,Normal,Normal,None,Normal
N-10-00222,State Government Networks,Normal,Normal,None,Normal
N-10-00223,State Government Networks,Normal,Normal,None,Normal
N-10-00224,State Government Networks,Normal,Normal,None,Normal
N-10-00225,State Government Networks,Normal,Normal,None,Normal
N-10-00226,State Government Networks,Normal,Normal,None,Normal
N-10-00227,State Government Networks,Normal,Normal,None,Normal
N-10-00228,State Government Networks,Normal,Normal,None,Normal
N-10-00229,State Government Networks,Normal,Normal,None,Normal
N-10-00230,State Government Networks,Normal,Normal,None,Normal
N-10-00231,State Government Networks,Normal,Normal,None,Normal
N-10-00232,State Government Networks,Normal,Normal,None,Normal
N-10-00233,State Government Networks,Normal,Normal,None,Normal
N-10-00234,State Government Networks,Normal,Normal,None,Normal
N-10-00235,State Government Networks,Normal,Normal,None,Normal
N-10-00236,State Government Networks,Normal,Normal,None,Normal
N-10-00237,State Government Networks,Normal,Normal,None,Normal
N-10-00238,State Government Networks,Normal,Normal,None,Normal
N-10-00239,State Government Networks,Normal,Normal,None,Normal
N-10-00240,State Government Networks,Normal,Normal,None,Normal
N-10-00241,State Government Networks,Normal,Normal,None,Normal
N-10-00242,State Government Networks,Normal,Normal,None,Normal
N-10-00243,State Government Networks,Normal,Normal,None,Normal
N-10-00244,State Government Networks,Normal,Normal,None,Normal
N-10-00245,State Government Networks,Normal,Normal,None,Normal
N-10-00246,State Government Networks,Normal,Normal,None,Normal
N-10-00247,State Government Networks,Normal,Normal,None,Normal
N-10-00248,State Government Networks,Normal,Normal,None,Normal
N-10-00249,State Government Networks,Normal,Normal,None,Normal
N-10-00250,State Government Networks,Normal,Normal,None,Normal
N-10-00251,State Government Networks,Normal,Normal,None,Normal
N-10-00252,State Government Networks,Normal,Normal,None,Normal
N-10-00253,State Government Networks,Normal,Normal,None,Normal
N-10-00254,State Government Networks,Normal,Normal,None,Normal
N-10-00255,State Government Networks,Normal,Normal,None,Normal
N-10-00256,State Government Networks,Normal,Normal,None,Normal
N-10-00257,State Government Networks,Normal,Normal,None,Normal
N-10-00258,State Government Networks,Normal,Normal,None,Normal
N-10-00259,State Government Networks,Normal,Normal,None,Normal
N-10-00260,State Government Networks,Normal,Normal,None,Normal
N-10-00261,State Government Networks,Normal,Normal,None,Normal
N-10-00262,State Government Networks,Normal,Normal,None,Normal
N-10-00263,State Government Networks,Normal,Normal,None,Normal
N-10-00264,State Government Networks,Normal,Normal,None,Normal
N-10-00265,State Government Networks,Normal,Normal,None,Normal
N-10-00266,State Government Networks,Normal,Normal,None,Normal
N-10-00267,State Government Networks,Normal,Normal,None,Normal
N-10-00268,State Government Networks,Normal,Normal,None,Normal
N-10-00269,State Government Networks,Normal,Normal,None,Normal
N-10-00270,State Government Networks,Normal,Normal,None,Normal
N-10-00271,State Government Networks,Normal,Normal,None,Normal
N-10-00272,State Government Networks,Normal,Normal,None,Normal
N-10-00273,State Government Networks,Normal,Normal,None,Normal
N-10-00274,State Government Networks,Normal,Normal,None,Normal
N-10-00275,State Government Networks,Normal,Normal,None,Normal
N-10-00276,State Government Networks,Normal,Normal,None,Normal
N-10-00277,State Government Networks,Normal,Normal,None,Normal
N-10-00278,State Government Networks,Normal,Normal,None,Normal
N-10-00279,State Government Networks,Normal,Normal,None,Normal
N-10-00280,State Government Networks,Normal,Normal,None,Normal
N-10-00281,State Government Networks,Normal,Normal,None,Normal
N-10-00282,State Government Networks,Normal,Normal,None,Normal
N-10-00283,State Government Networks,Normal,Normal,None,Normal
N-10-00284,State Government Networks,Normal,Normal,None,Normal
N-10-00285,State Government Networks,Normal,Normal,None,Normal
N-10-00286,State Government Networks,Normal,Normal,None,Normal
N-10-00287,State Government Networks,Normal,Normal,None,Normal
N-10-00288,State Government Networks,Normal,Normal,None,Normal
N-10-00289,State Government Networks,Normal,Normal,None,Normal
N-10-00290,State Government Networks,Normal,Normal,None,Normal
N-10-00291,State Government Networks,Normal,Normal,None,Normal
N-10-00292,State Government Networks,Normal,Normal,None,Normal
N-10-00293,State Government Networks,Normal,Normal,None,Normal
N-10-00294,State Government Networks,Normal,Normal,None,Normal
N-10-00295,State Government Networks,Normal,Normal,None,Normal
N-10-00296,State Government Networks,Normal,Normal,None,Normal
N-10-00297,State Government Networks,Normal,Normal,None,Normal
N-10-00298,State Government Networks,Normal,Normal,None,Normal
N-10-00299,State Government Networks,Normal,Normal,None,Normal
N-10-00300,State Government Networks,Normal,Normal,None,Normal
N-10-00301,State Government Networks,Normal,Normal,None,Normal
N-10-00302,State Government Networks,Normal,Normal,None,Normal
N-10-00303,State Government Networks,Normal,Normal,None,Normal
N-10-00304,State Government Networks,Normal,Normal,None,Normal
N-10-00305,State Government Networks,Normal,Normal,None,Normal
N-10-00306,State Government Networks,Normal,Normal,None,Normal
N-10-00307,State Government Networks,Normal,Normal,None,Normal
N-10-00308,State Government Networks,Normal,Normal,None,Normal
N-10-00309,State Government Networks,Normal,Normal,None,Normal
N-10-00310,State Government Networks,Normal,Normal,None,Normal
N-10-00311,State Government Networks,Normal,Normal,None,Normal
N-10-00312,State Government Networks,Normal,Normal,None,Normal
N-10-00313,State Government Networks,Normal,Normal,None,Normal
N-10-00314,State Government Networks,Normal,Normal,None,Normal
N-10-00315,State Government Networks,Normal,Normal,None,Normal
N-10-00316,State Government Networks,Normal,Normal,None,Normal
N-10-00317,State Government Networks,Normal,Normal,None,Normal
N-10-00318,State Government Networks,Normal,Normal,None,Normal
N-10-00319,State Government Networks,Normal,Normal,None,Normal
N-10-00320,State Government Networks,Normal,Normal,None,Normal
N-10-00321,State Government Networks,Normal,Normal,None,Normal
N-10-00322,State Government Networks,Normal,Normal,None,Normal
N-10-00323,State Government Networks,Normal,Normal,None,Normal
N-10-00324,State Government Networks,Normal,Normal,None,Normal
N-10-00325,State Government Networks,Normal,Normal,None,Normal
N-10-00326,State Government Networks,Normal,Normal,None,Normal
N-10-00327,State Government Networks,Normal,Normal,None,Normal
N-10-00328,State Government Networks,Normal,Normal,None,Normal
N-10-00329,State Government Networks,Normal,Normal,None,Normal
N-10-00330,State Government Networks,Normal,Normal,None,Normal
N-10-00331,State Government Networks,Normal,Normal,None,Normal
N-10-00332,State Government Networks,Normal,Normal,None,Normal
N-10-00333,State Government Networks,Normal,Normal,None,Normal
N-10-00334,State Government Networks,Normal,Normal,None,Normal
N-10-00335,State Government Networks,Normal,Normal,None,Normal
N-10-00336,State Government Networks,Normal,Normal,None,Normal
N-10-00337,State Government Networks,Normal,Normal,None,Normal
N-10-00338,State Government Networks,Normal,Normal,None,Normal
N-10-00339,State Government Networks,Normal,Normal,None,Normal
N-10-00340,State Government Networks,Normal,Normal,None,Normal
N-10-00341,State Government Networks,Normal,Normal,None,Normal
N-10-00342,State Government Networks,Normal,Normal,None,Normal
N-10-00343,State Government Networks,Normal,Normal,None,Normal
N-10-00344,State Government Networks,Normal,Normal,None,Normal
N-10-00345,State Government Networks,Normal,Normal,None,Normal
N-10-00346,State Government Networks,Normal,Normal,None,Normal
N-10-00347,State Government Networks,Normal,Normal,None,Normal
N-10-00348,State Government Networks,Normal,Normal,None,Normal
N-10-00349,State Government Networks,Normal,Normal,None,Normal
N-10-00350,State Government Networks,Normal,Normal,None,Normal
N-10-00351,State Government Networks,Normal,Normal,None,Normal
N-10-00352,State Government Networks,Normal,Normal,None,Normal
N-10-00353,State Government Networks,Normal,Normal,None,Normal
N-10-00354,State Government Networks,Normal,Normal,None,Normal
N-10-00355,State Government Networks,Normal,Normal,None,Normal
N-10-00356,State Government Networks,Normal,Normal,None,Normal
N-10-00357,State Government Networks,Normal,Normal,None,Normal
N-10-00358,State Government Networks,Normal,Normal,None,Normal
N-10-00359,State Government Networks,Normal,Normal,None,Normal
N-10-00360,State Government Networks,Normal,Normal,None,Normal
N-10-00361,State Government Networks,Normal,Normal,None,Normal
N-10-00362,State Government Networks,Normal,Normal,None,Normal
N-10-00363,State Government Networks,Normal,Normal,None,Normal
N-10-00364,State Government Networks,Normal,Normal,None,Normal
N-10-00365,State Government Networks,Normal,Normal,None,Normal
N-10-00366,State Government Networks,Normal,Normal,None,Normal
N-10-00367,State Government Networks,Normal,Normal,None,Normal
N-10-00368,State Government Networks,Normal,Normal,None,Normal
N-10-00369,State Government Networks,Normal,Normal,None,Normal
N-10-00370,State Government Networks,Normal,Normal,None,Normal
N-10-00371,State Government Networks,Normal,Normal,None,Normal
N-10-00372,State Government Networks,Normal,Normal,None,Normal
N-10-00373,State Government Networks,Normal,Normal,None,Normal
N-10-00374,State Government Networks,Normal,Normal,None,Normal
N-10-00375,State Government Networks,Normal,Normal,None,Normal
N-10-00376,State Government Networks,Normal,Normal,None,Normal
N-10-00377,State Government Networks,Normal,Normal,None,Normal
N-10-00378,State Government Networks,Normal,Normal,None,Normal
N-10-00379,State Government Networks,Normal,Normal,None,Normal
N-10-00380,State Government Networks,Normal,Normal,None,Normal
N-10-00381,State Government Networks,Normal,Normal,None,Normal
N-10-00382,State Government Networks,Normal,Normal,None,Normal
N-10-00383,State Government Networks,Normal,Normal,None,Normal
N-10-00384,State Government Networks,Normal,Normal,None,Normal
N-10-00385,State Government Networks,Normal,Normal,None,Normal
N-10-00386,State Government Networks,Normal,Normal,None,Normal
N-10-00387,State Government Networks,Normal,Normal,None,Normal
N-10-00388,State Government Networks,Normal,Normal,None,Normal
N-10-00389,State Government Networks,Normal,Normal,None,Normal
N-10-00390,State Government Networks,Normal,Normal,None,Normal
N-10-00391,State Government Networks,Normal,Normal,None,Normal
N-10-00392,State Government Networks,Normal,Normal,None,Normal
N-10-00393,State Government Networks,Normal,Normal,None,Normal
N-10-00394,State Government Networks,Normal,Normal,None,Normal
N-10-00395,State Government Networks,Normal,Normal,None,Normal
N-10-00396,State Government Networks,Normal,Normal,None,Normal
N-10-00397,State Government Networks,Normal,Normal,None,Normal
N-10-00398,State Government Networks,Normal,Normal,None,Normal
N-10-00399,State Government Networks,Normal,Normal,None,Normal
N-10-00400,State Government Networks,Normal,Normal,None,Normal
N-10-00401,State Government Networks,Normal,Normal,None,Normal
N-10-00402,State Government Networks,Normal,Normal,None,Normal
N-10-00403,State Government Networks,Normal,Normal,None,Normal
N-10-00404,State Government Networks,Normal,Normal,None,Normal
N-10-00405,State Government Networks,Normal,Normal,None,Normal
N-10-00406,State Government Networks,Normal,Normal,None,Normal
N-10-00407,State Government Networks,Normal,Normal,None,Normal
N-10-00408,State Government Networks,Normal,Normal,None,Normal
N-10-00409,State Government Networks,Normal,Normal,None,Normal
N-10-00410,State Government Networks,Normal,Normal,None,Normal
N-10-00411,State Government Networks,Normal,Normal,None,Normal
N-10-00412,State Government Networks,Normal,Normal,None,Normal
N-10-00413,State Government Networks,Normal,Normal,None,Normal
N-10-00414,State Government Networks,Normal,Normal,None,Normal
N-10-00415,State Government Networks,Normal,Normal,None,Normal
N-10-00416,State Government Networks,Normal,Normal,None,Normal
N-10-00417,State Government Networks,Normal,Normal,None,Normal
N-10-00418,State Government Networks,Normal,Normal,None,Normal
N-10-00419,State Government Networks,Normal,Normal,None,Normal
N-10-00420,State Government Networks,Normal,Normal,None,Normal
N-10-00421,State Government Networks,Normal,Normal,None,Normal
N-10-00422,State Government Networks,Normal,Normal,None,Normal
N-10-00423,State Government Networks,Normal,Normal,None,Normal
N-10-00424,State Government Networks,Normal,Normal,None,Normal
N-10-00425,State Government Networks,Normal,Normal,None,Normal
N-10-00426,State Government Networks,Normal,Normal,None,Normal
N-10-00427,State Government Networks,Normal,Normal,None,Normal
N-10-00428,State Government Networks,Normal,Normal,None,Normal
N-10-00429,State Government Networks,Normal,Normal,None,Normal
N-10-00430,State Government Networks,Normal,Normal,None,Normal
N-10-00431,State Government Networks,Normal,Normal,None,Normal
N-10-00432,State Government Networks,Normal,Normal,None,Normal
N-10-00433,State Government Networks,Normal,Normal,None,Normal
N-10-00434,State Government Networks,Normal,Normal,None,Normal
N-10-00435,State Government Networks,Normal,Normal,None,Normal
N-10-00436,State Government Networks,Normal,Normal,None,Normal
N-10-00437,State Government Networks,Normal,Normal,None,Normal
N-10-00438,State Government Networks,Normal,Normal,None,Normal
N-10-00439,State Government Networks,Normal,Normal,None,Normal
N-10-00440,State Government Networks,Normal,Normal,None,Normal
N-10-00441,State Government Networks,Normal,Normal,None,Normal
N-10-00442,State Government Networks,Normal,Normal,None,Normal
N-10-00443,State Government Networks,Normal,Normal,None,Normal
N-10-00444,State Government Networks,Normal,Normal,None,Normal
N-10-00445,State Government Networks,Normal,Normal,None,Normal
N-10-00446,State Government Networks,Normal,Normal,None,Normal
N-10-00447,State Government Networks,Normal,Normal,None,Normal
N-10-00448,State Government Networks,Normal,Normal,None,Normal
N-10-00449,State Government Networks,Normal,Normal,None,Normal
N-10-00450,State Government Networks,Normal,Normal,None,Normal
N-10-00451,State Government Networks,Normal,Normal,None,Normal
N-10-00452,State Government Networks,Normal,Normal,None,Normal
N-10-00453,State Government Networks,Normal,Normal,None,Normal
N-10-00454,State Government Networks,Normal,Normal,None,Normal
N-10-00455,State Government Networks,Normal,Normal,None,Normal
N-10-00456,State Government Networks,Normal,Normal,None,Normal
N-10-00457,State Government Networks,Normal,Normal,None,Normal
N-10-00458,State Government Networks,Normal,Normal,None,Normal
N-10-00459,State Government Networks,Normal,Normal,None,Normal
N-10-00460,State Government Networks,Normal,Normal,None,Normal
N-10-00461,State Government Networks,Normal,Normal,None,Normal
N-10-00462,State Government Networks,Normal,Normal,None,Normal
N-10-00463,State Government Networks,Normal,Normal,None,Normal
N-10-00464,State Government Networks,Normal,Normal,None,Normal
N-10-00465,State Government Networks,Normal,Normal,None,Normal
N-10-00466,State Government Networks,Normal,Normal,None,Normal
N-10-00467,State Government Networks,Normal,Normal,None,Normal
N-10-00468,State Government Networks,Normal,Normal,None,Normal
N-10-00469,State Government Networks,Normal,Normal,None,Normal
N-10-00470,State Government Networks,Normal,Normal,None,Normal
N-10-00471,State Government Networks,Normal,Normal,None,Normal
N-10-00472,State Government Networks,Normal,Normal,None,Normal
N-10-00473,State Government Networks,Normal,Normal,None,Normal
N-10-00474,State Government Networks,Normal,Normal,None,Normal
N-10-00475,State Government Networks,Normal,Normal,None,Normal
N-10-00476,State Government Networks,Normal,Normal,None,Normal
N-10-00477,State Government Networks,Normal,Normal,None,Normal
N-10-00478,State Government Networks,Normal,Normal,None,Normal
N-10-00479,State Government Networks,Normal,Normal,None,Normal
N-10-00480,State Government Networks,Normal,Normal,None,Normal
N-10-00481,State Government Networks,Normal,Normal,None,Normal
N-10-00482,State Government Networks,Normal,Normal,None,Normal
N-10-00483,State Government Networks,Normal,Normal,None,Normal
N-10-00484,State Government Networks,Normal,Normal,None,Normal
N-10-00485,State Government Networks,Normal,Normal,None,Normal
N-10-00486,State Government Networks,Normal,Normal,None,Normal
N-10-00487,State Government Networks,Normal,Normal,None,Normal
N-10-00488,State Government Networks,Normal,Normal,None,Normal
N-10-00489,State Government Networks,Normal,Normal,None,Normal
N-10-00490,State Government Networks,Normal,Normal,None,Normal
N-10-00491,State Government Networks,Normal,Normal,None,Normal
N-10-00492,State Government Networks,Normal,Normal,None,Normal
N-10-00493,State Government Networks,Normal,Normal,None,Normal
N-10-00494,State Government Networks,Normal,Normal,None,Normal
N-10-00495,State Government Networks,Normal,Normal,None,Normal
N-10-00496,State Government Networks,Normal,Normal,None,Normal
N-10-00497,State Government Networks,Normal,Normal,None,Normal
N-10-00498,State Government Networks,Normal,Normal,None,Normal
N-10-00499,State Government Networks,Normal,Normal,None,Normal
N-10-00500,State Government Networks,Normal,Normal,None,Normal
N-10-00501,State Government Networks,Normal,Normal,None,Normal
N-10-00502,State Government Networks,Normal,Normal,None,Normal
N-10-00503,State Government Networks,Normal,Normal,None,Normal
N-10-00504,State Government Networks,Normal,Normal,None,Normal
N-10-00505,State Government Networks,Normal,Normal,None,Normal
N-10-00506,State Government Networks,Normal,Normal,None,Normal
N-10-00507,State Government Networks,Normal,Normal,None,Normal
N-10-00508,State Government Networks,Normal,Normal,None,Normal
N-10-00509,State Government Networks,Normal,Normal,None,Normal
N-10-00510,State Government Networks,Normal,Normal,None,Normal
N-10-00511,State Government Networks,Normal,Normal,None,Normal
N-10-00512,State Government Networks,Normal,Normal,None,Normal
N-10-00513,State Government Networks,Normal,Normal,None,Normal
N-10-00514,State Government Networks,Normal,Normal,None,Normal
N-10-00515,State Government Networks,Normal,Normal,None,Normal
N-10-00516,State Government Networks,Normal,Normal,None,Normal
N-10-00517,State Government Networks,Normal,Normal,None,Normal
N-10-00518,State Government Networks,Normal,Normal,None,Normal
N-10-00519,State Government Networks,Normal,Normal,None,Normal
N-10-00520,State Government Networks,Normal,Normal,None,Normal
N-10-00521,State Government Networks,Normal,Normal,None,Normal
N-10-00522,State Government Networks,Normal,Normal,None,Normal
N-10-00523,State Government Networks,Normal,Normal,None,Normal
N-10-00524,State Government Networks,Normal,Normal,None,Normal
N-10-00525,State Government Networks,Normal,Normal,None,Normal
N-10-00526,State Government Networks,Normal,Normal,None,Normal
N-10-00527,State Government Networks,Normal,Normal,None,Normal
N-10-00528,State Government Networks,Normal,Normal,None,Normal
N-10-00529,State Government Networks,Normal,Normal,None,Normal
N-10-00530,State Government Networks,Normal,Normal,None,Normal
N-10-00531,State Government Networks,Normal,Normal,None,Normal
N-10-00532,State Government Networks,Normal,Normal,None,Normal
N-10-00533,State Government Networks,Normal,Normal,None,Normal
N-10-00534,State Government Networks,Normal,Normal,None,Normal
N-10-00535,State Government Networks,Normal,Normal,None,Normal
N-10-00536,State Government Networks,Normal,Normal,None,Normal
N-10-00537,State Government Networks,Normal,Normal,None,Normal
N-10-00538,State Government Networks,Normal,Normal,None,Normal
N-10-00539,State Government Networks,Normal,Normal,None,Normal
N-10-00540,State Government Networks,Normal,Normal,None,Normal
N-10-00541,State Government Networks,Normal,Normal,None,Normal
N-10-00542,State Government Networks,Normal,Normal,None,Normal
N-10-00543,State Government Networks,Normal,Normal,None,Normal
N-10-00544,State Government Networks,Normal,Normal,None,Normal
N-10-00545,State Government Networks,Normal,Normal,None,Normal
N-10-00546,State Government Networks,Normal,Normal,None,Normal
N-10-00547,State Government Networks,Normal,Normal,None,Normal
N-10-00548,State Government Networks,Normal,Normal,None,Normal
N-10-00549,State Government Networks,Normal,Normal,None,Normal
N-10-00550,State Government Networks,Normal,Normal,None,Normal
N-10-00551,State Government Networks,Normal,Normal,None,Normal
N-10-00552,State Government Networks,Normal,Normal,None,Normal
N-10-00553,State Government Networks,Normal,Normal,None,Normal
N-10-00554,State Government Networks,Normal,Normal,None,Normal
N-10-00555,State Government Networks,Normal,Normal,None,Normal
N-10-00556,State Government Networks,Normal,Normal,None,Normal
N-10-00557,State Government Networks,Normal,Normal,None,Normal
N-10-00558,State Government Networks,Normal,Normal,None,Normal
N-10-00559,State Government Networks,Normal,Normal,None,Normal
N-10-00560,State Government Networks,Normal,Normal,None,Normal
N-10-00561,State Government Networks,Normal,Normal,None,Normal
N-10-00562,State Government Networks,Normal,Normal,None,Normal
N-10-00563,State Government Networks,Normal,Normal,None,Normal
N-10-00564,State Government Networks,Normal,Normal,None,Normal
N-10-00565,State Government Networks,Normal,Normal,None,Normal
N-10-00566,State Government Networks,Normal,Normal,None,Normal
N-10-00567,State Government Networks,Normal,Normal,None,Normal
N-10-00568,State Government Networks,Normal,Normal,None,Normal
N-10-00569,State Government Networks,Normal,Normal,None,Normal
N-10-00570,State Government Networks,Normal,Normal,None,Normal
N-10-00571,State Government Networks,Normal,Normal,None,Normal
N-10-00572,State Government Networks,Normal,Normal,None,Normal
N-10-00573,State Government Networks,Normal,Normal,None,Normal
N-10-00574,State Government Networks,Normal,Normal,None,Normal
N-10-00575,State Government Networks,Normal,Normal,None,Normal
N-10-00576,State Government Networks,Normal,Normal,None,Normal
N-10-00577,State Government Networks,Normal,Normal,None,Normal
N-10-00578,State Government Networks,Normal,Normal,None,Normal
N-10-00579,State Government Networks,Normal,Normal,None,Normal
N-10-00580,State Government Networks,Normal,Normal,None,Normal
N-10-00581,State Government Networks,Normal,Normal,None,Normal
N-10-00582,State Government Networks,Normal,Normal,None,Normal
N-10-00583,State Government Networks,Normal,Normal,None,Normal
N-10-00584,State Government Networks,Normal,Normal,None,Normal
N-10-00585,State Government Networks,Normal,Normal,None,Normal
N-10-00586,State Government Networks,Normal,Normal,None,Normal
N-10-00587,State Government Networks,Normal,Normal,None,Normal
N-10-00588,State Government Networks,Normal,Normal,None,Normal
N-10-00589,State Government Networks,Normal,Normal,None,Normal
N-10-00590,State Government Networks,Normal,Normal,None,Normal
N-10-00591,State Government Networks,Normal,Normal,None,Normal
N-10-00592,State Government Networks,Normal,Normal,None,Normal
N-10-00593,State Government Networks,Normal,Normal,None,Normal
N-10-00594,State Government Networks,Normal,Normal,None,Normal
N-10-00595,State Government Networks,Normal,Normal,None,Normal
N-10-00596,State Government Networks,Normal,Normal,None,Normal
N-10-00597,State Government Networks,Normal,Normal,None,Normal
N-10-00598,State Government Networks,Normal,Normal,None,Normal
N-10-00599,State Government Networks,Normal,Normal,None,Normal
A-10-SCN091-01-00,State Government Networks,Coordinated Multi-District Campaign,Reconnaissance,T1071,Attack
A-10-SCN091-01-01,State Government Networks,Coordinated Multi-District Campaign,Initial Access,T1078,Attack
A-10-SCN091-01-02,State Government Networks,Coordinated Multi-District Campaign,Execution,T1059,Attack
A-10-SCN091-01-03,State Government Networks,Coordinated Multi-District Campaign,Persistence,T1053,Attack
A-10-SCN091-01-04,State Government Networks,Coordinated Multi-District Campaign,Privilege Escalation,T1068,Attack
A-10-SCN091-01-05,State Government Networks,Coordinated Multi-District Campaign,Discovery,T1046,Attack
A-10-SCN091-01-06,State Government Networks,Coordinated Multi-District Campaign,Lateral Movement,T1021,Attack
A-10-SCN091-01-07,State Government Networks,Coordinated Multi-District Campaign,Command and Control,T1071,Attack
A-10-SCN091-01-08,State Government Networks,Coordinated Multi-District Campaign,Command and Control,T1071,Attack
A-10-SCN091-01-09,State Government Networks,Coordinated Multi-District Campaign,Command and Control,T1071,Attack
A-10-SCN091-02-00,State Government Networks,Coordinated Multi-District Campaign,Reconnaissance,T1071,Attack
A-10-SCN091-02-01,State Government Networks,Coordinated Multi-District Campaign,Initial Access,T1190,Attack
A-10-SCN091-02-02,State Government Networks,Coordinated Multi-District Campaign,Execution,T1059,Attack
A-10-SCN091-02-03,State Government Networks,Coordinated Multi-District Campaign,Persistence,T1053,Attack
A-10-SCN091-02-04,State Government Networks,Coordinated Multi-District Campaign,Privilege Escalation,T1068,Attack
A-10-SCN091-02-05,State Government Networks,Coordinated Multi-District Campaign,Discovery,T1087,Attack
A-10-SCN091-02-06,State Government Networks,Coordinated Multi-District Campaign,Lateral Movement,T1021,Attack
A-10-SCN091-02-07,State Government Networks,Coordinated Multi-District Campaign,Command and Control,T1071,Attack
A-10-SCN091-02-08,State Government Networks,Coordinated Multi-District Campaign,Command and Control,T1071,Attack
A-10-SCN091-02-09,State Government Networks,Coordinated Multi-District Campaign,Command and Control,T1071,Attack
A-10-SCN091-03-00,State Government Networks,Coordinated Multi-District Campaign,Reconnaissance,T1041,Attack
A-10-SCN091-03-01,State Government Networks,Coordinated Multi-District Campaign,Initial Access,T1078,Attack
A-10-SCN091-03-02,State Government Networks,Coordinated Multi-District Campaign,Execution,T1059,Attack
A-10-SCN091-03-03,State Government Networks,Coordinated Multi-District Campaign,Persistence,T1053,Attack
A-10-SCN091-03-04,State Government Networks,Coordinated Multi-District Campaign,Privilege Escalation,T1068,Attack
A-10-SCN091-03-05,State Government Networks,Coordinated Multi-District Campaign,Discovery,T1087,Attack
A-10-SCN091-03-06,State Government Networks,Coordinated Multi-District Campaign,Lateral Movement,T1021,Attack
A-10-SCN091-03-07,State Government Networks,Coordinated Multi-District Campaign,Command and Control,T1071,Attack
A-10-SCN091-03-08,State Government Networks,Coordinated Multi-District Campaign,Command and Control,T1071,Attack
A-10-SCN091-03-09,State Government Networks,Coordinated Multi-District Campaign,Command and Control,T1071,Attack
A-10-SCN091-04-00,State Government Networks,Coordinated Multi-District Campaign,Reconnaissance,T1068,Attack
A-10-SCN091-04-01,State Government Networks,Coordinated Multi-District Campaign,Initial Access,T1190,Attack
A-10-SCN091-04-02,State Government Networks,Coordinated Multi-District Campaign,Execution,T1059,Attack
A-10-SCN091-04-03,State Government Networks,Coordinated Multi-District Campaign,Persistence,T1053,Attack
A-10-SCN091-04-04,State Government Networks,Coordinated Multi-District Campaign,Privilege Escalation,T1068,Attack
A-10-SCN091-04-05,State Government Networks,Coordinated Multi-District Campaign,Discovery,T1087,Attack
A-10-SCN091-04-06,State Government Networks,Coordinated Multi-District Campaign,Lateral Movement,T1021,Attack
A-10-SCN091-04-07,State Government Networks,Coordinated Multi-District Campaign,Command and Control,T1071,Attack
A-10-SCN091-04-08,State Government Networks,Coordinated Multi-District Campaign,Command and Control,T1071,Attack
A-10-SCN091-04-09,State Government Networks,Coordinated Multi-District Campaign,Command and Control,T1071,Attack
A-10-SCN092-01-00,State Government Networks,Ransomware,Reconnaissance,T1498,Attack
A-10-SCN092-01-01,State Government Networks,Ransomware,Initial Access,T1078,Attack
A-10-SCN092-01-02,State Government Networks,Ransomware,Execution,T1059,Attack
A-10-SCN092-01-03,State Government Networks,Ransomware,Discovery,T1087,Attack
A-10-SCN092-01-04,State Government Networks,Ransomware,Lateral Movement,T1021,Attack
A-10-SCN092-01-05,State Government Networks,Ransomware,Impact,T1498,Attack
A-10-SCN092-01-06,State Government Networks,Ransomware,Impact,T1498,Attack
A-10-SCN092-01-07,State Government Networks,Ransomware,Impact,T1498,Attack
A-10-SCN092-01-08,State Government Networks,Ransomware,Impact,T1486,Attack
A-10-SCN092-01-09,State Government Networks,Ransomware,Impact,T1486,Attack
A-10-SCN092-02-00,State Government Networks,Ransomware,Reconnaissance,T1053,Attack
A-10-SCN092-02-01,State Government Networks,Ransomware,Initial Access,T1078,Attack
A-10-SCN092-02-02,State Government Networks,Ransomware,Execution,T1059,Attack
A-10-SCN092-02-03,State Government Networks,Ransomware,Discovery,T1046,Attack
A-10-SCN092-02-04,State Government Networks,Ransomware,Lateral Movement,T1021,Attack
A-10-SCN092-02-05,State Government Networks,Ransomware,Impact,T1486,Attack
A-10-SCN092-02-06,State Government Networks,Ransomware,Impact,T1486,Attack
A-10-SCN092-02-07,State Government Networks,Ransomware,Impact,T1498,Attack
A-10-SCN092-02-08,State Government Networks,Ransomware,Impact,T1498,Attack
A-10-SCN092-02-09,State Government Networks,Ransomware,Impact,T1486,Attack
A-10-SCN092-03-00,State Government Networks,Ransomware,Reconnaissance,T1498,Attack
A-10-SCN092-03-01,State Government Networks,Ransomware,Initial Access,T1190,Attack
A-10-SCN092-03-02,State Government Networks,Ransomware,Execution,T1059,Attack
A-10-SCN092-03-03,State Government Networks,Ransomware,Discovery,T1046,Attack
A-10-SCN092-03-04,State Government Networks,Ransomware,Lateral Movement,T1021,Attack
A-10-SCN092-03-05,State Government Networks,Ransomware,Impact,T1486,Attack
A-10-SCN092-03-06,State Government Networks,Ransomware,Impact,T1498,Attack
A-10-SCN092-03-07,State Government Networks,Ransomware,Impact,T1498,Attack
A-10-SCN092-03-08,State Government Networks,Ransomware,Impact,T1498,Attack
A-10-SCN092-03-09,State Government Networks,Ransomware,Impact,T1498,Attack
A-10-SCN092-04-00,State Government Networks,Ransomware,Reconnaissance,T1498,Attack
A-10-SCN092-04-01,State Government Networks,Ransomware,Initial Access,T1078,Attack
A-10-SCN092-04-02,State Government Networks,Ransomware,Execution,T1059,Attack
A-10-SCN092-04-03,State Government Networks,Ransomware,Discovery,T1046,Attack
A-10-SCN092-04-04,State Government Networks,Ransomware,Lateral Movement,T1021,Attack
A-10-SCN092-04-05,State Government Networks,Ransomware,Impact,T1486,Attack
A-10-SCN092-04-06,State Government Networks,Ransomware,Impact,T1486,Attack
A-10-SCN092-04-07,State Government Networks,Ransomware,Impact,T1486,Attack
A-10-SCN092-04-08,State Government Networks,Ransomware,Impact,T1486,Attack
A-10-SCN092-04-09,State Government Networks,Ransomware,Impact,T1486,Attack
A-10-SCN093-01-00,State Government Networks,DDoS,Reconnaissance,T1041,Attack
A-10-SCN093-01-01,State Government Networks,DDoS,Initial Access,T1078,Attack
A-10-SCN093-01-02,State Government Networks,DDoS,Execution,T1059,Attack
A-10-SCN093-01-03,State Government Networks,DDoS,Discovery,T1046,Attack
A-10-SCN093-01-04,State Government Networks,DDoS,Lateral Movement,T1021,Attack
A-10-SCN093-01-05,State Government Networks,DDoS,Impact,T1498,Attack
A-10-SCN093-01-06,State Government Networks,DDoS,Impact,T1486,Attack
A-10-SCN093-01-07,State Government Networks,DDoS,Impact,T1498,Attack
A-10-SCN093-01-08,State Government Networks,DDoS,Impact,T1486,Attack
A-10-SCN093-01-09,State Government Networks,DDoS,Impact,T1486,Attack
A-10-SCN093-02-00,State Government Networks,DDoS,Reconnaissance,T1041,Attack
A-10-SCN093-02-01,State Government Networks,DDoS,Initial Access,T1190,Attack
A-10-SCN093-02-02,State Government Networks,DDoS,Execution,T1059,Attack
A-10-SCN093-02-03,State Government Networks,DDoS,Discovery,T1087,Attack
A-10-SCN093-02-04,State Government Networks,DDoS,Lateral Movement,T1021,Attack
A-10-SCN093-02-05,State Government Networks,DDoS,Impact,T1486,Attack
A-10-SCN093-02-06,State Government Networks,DDoS,Impact,T1486,Attack
A-10-SCN093-02-07,State Government Networks,DDoS,Impact,T1486,Attack
A-10-SCN093-02-08,State Government Networks,DDoS,Impact,T1486,Attack
A-10-SCN093-02-09,State Government Networks,DDoS,Impact,T1498,Attack
A-10-SCN093-03-00,State Government Networks,DDoS,Reconnaissance,T1110,Attack
A-10-SCN093-03-01,State Government Networks,DDoS,Initial Access,T1078,Attack
A-10-SCN093-03-02,State Government Networks,DDoS,Execution,T1059,Attack
A-10-SCN093-03-03,State Government Networks,DDoS,Discovery,T1087,Attack
A-10-SCN093-03-04,State Government Networks,DDoS,Lateral Movement,T1021,Attack
A-10-SCN093-03-05,State Government Networks,DDoS,Impact,T1486,Attack
A-10-SCN093-03-06,State Government Networks,DDoS,Impact,T1498,Attack
A-10-SCN093-03-07,State Government Networks,DDoS,Impact,T1486,Attack
A-10-SCN093-03-08,State Government Networks,DDoS,Impact,T1486,Attack
A-10-SCN093-03-09,State Government Networks,DDoS,Impact,T1498,Attack
A-10-SCN093-04-00,State Government Networks,DDoS,Reconnaissance,T1078,Attack
A-10-SCN093-04-01,State Government Networks,DDoS,Initial Access,T1190,Attack
A-10-SCN093-04-02,State Government Networks,DDoS,Execution,T1059,Attack
A-10-SCN093-04-03,State Government Networks,DDoS,Discovery,T1046,Attack
A-10-SCN093-04-04,State Government Networks,DDoS,Lateral Movement,T1021,Attack
A-10-SCN093-04-05,State Government Networks,DDoS,Impact,T1486,Attack
A-10-SCN093-04-06,State Government Networks,DDoS,Impact,T1486,Attack
A-10-SCN093-04-07,State Government Networks,DDoS,Impact,T1486,Attack
A-10-SCN093-04-08,State Government Networks,DDoS,Impact,T1498,Attack
A-10-SCN093-04-09,State Government Networks,DDoS,Impact,T1486,Attack
A-10-SCN094-01-00,State Government Networks,Credential Compromise,Reconnaissance,T1068,Attack
A-10-SCN094-01-01,State Government Networks,Credential Compromise,Initial Access,T1190,Attack
A-10-SCN094-01-02,State Government Networks,Credential Compromise,Credential Access,T1110,Attack
A-10-SCN094-01-03,State Government Networks,Credential Compromise,Discovery,T1087,Attack
A-10-SCN094-01-04,State Government Networks,Credential Compromise,Lateral Movement,T1021,Attack
A-10-SCN094-01-05,State Government Networks,Credential Compromise,Collection,T1005,Attack
A-10-SCN094-01-06,State Government Networks,Credential Compromise,Collection,T1005,Attack
A-10-SCN094-01-07,State Government Networks,Credential Compromise,Collection,T1005,Attack
A-10-SCN094-01-08,State Government Networks,Credential Compromise,Collection,T1005,Attack
A-10-SCN094-01-09,State Government Networks,Credential Compromise,Collection,T1005,Attack
A-10-SCN094-02-00,State Government Networks,Credential Compromise,Reconnaissance,T1071,Attack
A-10-SCN094-02-01,State Government Networks,Credential Compromise,Initial Access,T1078,Attack
A-10-SCN094-02-02,State Government Networks,Credential Compromise,Credential Access,T1110,Attack
A-10-SCN094-02-03,State Government Networks,Credential Compromise,Discovery,T1087,Attack
A-10-SCN094-02-04,State Government Networks,Credential Compromise,Lateral Movement,T1021,Attack
A-10-SCN094-02-05,State Government Networks,Credential Compromise,Collection,T1005,Attack
A-10-SCN094-02-06,State Government Networks,Credential Compromise,Collection,T1005,Attack
A-10-SCN094-02-07,State Government Networks,Credential Compromise,Collection,T1005,Attack
A-10-SCN094-02-08,State Government Networks,Credential Compromise,Collection,T1005,Attack
A-10-SCN094-02-09,State Government Networks,Credential Compromise,Collection,T1005,Attack
A-10-SCN094-03-00,State Government Networks,Credential Compromise,Reconnaissance,T1190,Attack
A-10-SCN094-03-01,State Government Networks,Credential Compromise,Initial Access,T1078,Attack
A-10-SCN094-03-02,State Government Networks,Credential Compromise,Credential Access,T1110,Attack
A-10-SCN094-03-03,State Government Networks,Credential Compromise,Discovery,T1046,Attack
A-10-SCN094-03-04,State Government Networks,Credential Compromise,Lateral Movement,T1021,Attack
A-10-SCN094-03-05,State Government Networks,Credential Compromise,Collection,T1005,Attack
A-10-SCN094-03-06,State Government Networks,Credential Compromise,Collection,T1005,Attack
A-10-SCN094-03-07,State Government Networks,Credential Compromise,Collection,T1005,Attack
A-10-SCN094-03-08,State Government Networks,Credential Compromise,Collection,T1005,Attack
A-10-SCN094-03-09,State Government Networks,Credential Compromise,Collection,T1005,Attack
A-10-SCN094-04-00,State Government Networks,Credential Compromise,Reconnaissance,T1486,Attack
A-10-SCN094-04-01,State Government Networks,Credential Compromise,Initial Access,T1078,Attack
A-10-SCN094-04-02,State Government Networks,Credential Compromise,Credential Access,T1110,Attack
A-10-SCN094-04-03,State Government Networks,Credential Compromise,Discovery,T1087,Attack
A-10-SCN094-04-04,State Government Networks,Credential Compromise,Lateral Movement,T1021,Attack
A-10-SCN094-04-05,State Government Networks,Credential Compromise,Collection,T1005,Attack
A-10-SCN094-04-06,State Government Networks,Credential Compromise,Collection,T1005,Attack
A-10-SCN094-04-07,State Government Networks,Credential Compromise,Collection,T1005,Attack
A-10-SCN094-04-08,State Government Networks,Credential Compromise,Collection,T1005,Attack
A-10-SCN094-04-09,State Government Networks,Credential Compromise,Collection,T1005,Attack
A-10-SCN095-01-00,State Government Networks,Web Compromise,Reconnaissance,T1486,Attack
A-10-SCN095-01-01,State Government Networks,Web Compromise,Initial Access,T1078,Attack
A-10-SCN095-01-02,State Government Networks,Web Compromise,Execution,T1059,Attack
A-10-SCN095-01-03,State Government Networks,Web Compromise,Persistence,T1053,Attack
A-10-SCN095-01-04,State Government Networks,Web Compromise,Privilege Escalation,T1068,Attack
A-10-SCN095-01-05,State Government Networks,Web Compromise,Discovery,T1046,Attack
A-10-SCN095-01-06,State Government Networks,Web Compromise,Lateral Movement,T1021,Attack
A-10-SCN095-01-07,State Government Networks,Web Compromise,Command and Control,T1071,Attack
A-10-SCN095-01-08,State Government Networks,Web Compromise,Command and Control,T1071,Attack
A-10-SCN095-01-09,State Government Networks,Web Compromise,Command and Control,T1071,Attack
A-10-SCN095-02-00,State Government Networks,Web Compromise,Reconnaissance,T1078,Attack
A-10-SCN095-02-01,State Government Networks,Web Compromise,Initial Access,T1190,Attack
A-10-SCN095-02-02,State Government Networks,Web Compromise,Execution,T1059,Attack
A-10-SCN095-02-03,State Government Networks,Web Compromise,Persistence,T1053,Attack
A-10-SCN095-02-04,State Government Networks,Web Compromise,Privilege Escalation,T1068,Attack
A-10-SCN095-02-05,State Government Networks,Web Compromise,Discovery,T1046,Attack
A-10-SCN095-02-06,State Government Networks,Web Compromise,Lateral Movement,T1021,Attack
A-10-SCN095-02-07,State Government Networks,Web Compromise,Command and Control,T1071,Attack
A-10-SCN095-02-08,State Government Networks,Web Compromise,Command and Control,T1071,Attack
A-10-SCN095-02-09,State Government Networks,Web Compromise,Command and Control,T1071,Attack
A-10-SCN095-03-00,State Government Networks,Web Compromise,Reconnaissance,T1041,Attack
A-10-SCN095-03-01,State Government Networks,Web Compromise,Initial Access,T1078,Attack
A-10-SCN095-03-02,State Government Networks,Web Compromise,Execution,T1059,Attack
A-10-SCN095-03-03,State Government Networks,Web Compromise,Persistence,T1053,Attack
A-10-SCN095-03-04,State Government Networks,Web Compromise,Privilege Escalation,T1068,Attack
A-10-SCN095-03-05,State Government Networks,Web Compromise,Discovery,T1087,Attack
A-10-SCN095-03-06,State Government Networks,Web Compromise,Lateral Movement,T1021,Attack
A-10-SCN095-03-07,State Government Networks,Web Compromise,Command and Control,T1071,Attack
A-10-SCN095-03-08,State Government Networks,Web Compromise,Command and Control,T1071,Attack
A-10-SCN095-03-09,State Government Networks,Web Compromise,Command and Control,T1071,Attack
A-10-SCN095-04-00,State Government Networks,Web Compromise,Reconnaissance,T1486,Attack
A-10-SCN095-04-01,State Government Networks,Web Compromise,Initial Access,T1190,Attack
A-10-SCN095-04-02,State Government Networks,Web Compromise,Execution,T1059,Attack
A-10-SCN095-04-03,State Government Networks,Web Compromise,Persistence,T1053,Attack
A-10-SCN095-04-04,State Government Networks,Web Compromise,Privilege Escalation,T1068,Attack
A-10-SCN095-04-05,State Government Networks,Web Compromise,Discovery,T1087,Attack
A-10-SCN095-04-06,State Government Networks,Web Compromise,Lateral Movement,T1021,Attack
A-10-SCN095-04-07,State Government Networks,Web Compromise,Command and Control,T1071,Attack
A-10-SCN095-04-08,State Government Networks,Web Compromise,Command and Control,T1071,Attack
A-10-SCN095-04-09,State Government Networks,Web Compromise,Command and Control,T1071,Attack
A-10-SCN096-01-00,State Government Networks,Data Theft,Reconnaissance,T1071,Attack
A-10-SCN096-01-01,State Government Networks,Data Theft,Initial Access,T1190,Attack
A-10-SCN096-01-02,State Government Networks,Data Theft,Credential Access,T1110,Attack
A-10-SCN096-01-03,State Government Networks,Data Theft,Discovery,T1046,Attack
A-10-SCN096-01-04,State Government Networks,Data Theft,Collection,T1005,Attack
A-10-SCN096-01-05,State Government Networks,Data Theft,Exfiltration,T1041,Attack
A-10-SCN096-01-06,State Government Networks,Data Theft,Exfiltration,T1041,Attack
A-10-SCN096-01-07,State Government Networks,Data Theft,Exfiltration,T1041,Attack
A-10-SCN096-01-08,State Government Networks,Data Theft,Exfiltration,T1041,Attack
A-10-SCN096-01-09,State Government Networks,Data Theft,Exfiltration,T1041,Attack
A-10-SCN096-02-00,State Government Networks,Data Theft,Reconnaissance,T1190,Attack
A-10-SCN096-02-01,State Government Networks,Data Theft,Initial Access,T1190,Attack
A-10-SCN096-02-02,State Government Networks,Data Theft,Credential Access,T1110,Attack
A-10-SCN096-02-03,State Government Networks,Data Theft,Discovery,T1046,Attack
A-10-SCN096-02-04,State Government Networks,Data Theft,Collection,T1005,Attack
A-10-SCN096-02-05,State Government Networks,Data Theft,Exfiltration,T1041,Attack
A-10-SCN096-02-06,State Government Networks,Data Theft,Exfiltration,T1041,Attack
A-10-SCN096-02-07,State Government Networks,Data Theft,Exfiltration,T1041,Attack
A-10-SCN096-02-08,State Government Networks,Data Theft,Exfiltration,T1041,Attack
A-10-SCN096-02-09,State Government Networks,Data Theft,Exfiltration,T1041,Attack
A-10-SCN096-03-00,State Government Networks,Data Theft,Reconnaissance,T1005,Attack
A-10-SCN096-03-01,State Government Networks,Data Theft,Initial Access,T1190,Attack
A-10-SCN096-03-02,State Government Networks,Data Theft,Credential Access,T1110,Attack
A-10-SCN096-03-03,State Government Networks,Data Theft,Discovery,T1087,Attack
A-10-SCN096-03-04,State Government Networks,Data Theft,Collection,T1005,Attack
A-10-SCN096-03-05,State Government Networks,Data Theft,Exfiltration,T1041,Attack
A-10-SCN096-03-06,State Government Networks,Data Theft,Exfiltration,T1041,Attack
A-10-SCN096-03-07,State Government Networks,Data Theft,Exfiltration,T1041,Attack
A-10-SCN096-03-08,State Government Networks,Data Theft,Exfiltration,T1041,Attack
A-10-SCN096-03-09,State Government Networks,Data Theft,Exfiltration,T1041,Attack
A-10-SCN096-04-00,State Government Networks,Data Theft,Reconnaissance,T1059,Attack
A-10-SCN096-04-01,State Government Networks,Data Theft,Initial Access,T1190,Attack
A-10-SCN096-04-02,State Government Networks,Data Theft,Credential Access,T1110,Attack
A-10-SCN096-04-03,State Government Networks,Data Theft,Discovery,T1087,Attack
A-10-SCN096-04-04,State Government Networks,Data Theft,Collection,T1005,Attack
A-10-SCN096-04-05,State Government Networks,Data Theft,Exfiltration,T1041,Attack
A-10-SCN096-04-06,State Government Networks,Data Theft,Exfiltration,T1041,Attack
A-10-SCN096-04-07,State Government Networks,Data Theft,Exfiltration,T1041,Attack
A-10-SCN096-04-08,State Government Networks,Data Theft,Exfiltration,T1041,Attack
A-10-SCN096-04-09,State Government Networks,Data Theft,Exfiltration,T1041,Attack
A-10-SCN097-01-00,State Government Networks,Privilege Escalation,Reconnaissance,T1071,Attack
A-10-SCN097-01-01,State Government Networks,Privilege Escalation,Initial Access,T1190,Attack
A-10-SCN097-01-02,State Government Networks,Privilege Escalation,Execution,T1059,Attack
A-10-SCN097-01-03,State Government Networks,Privilege Escalation,Persistence,T1053,Attack
A-10-SCN097-01-04,State Government Networks,Privilege Escalation,Privilege Escalation,T1068,Attack
A-10-SCN097-01-05,State Government Networks,Privilege Escalation,Discovery,T1046,Attack
A-10-SCN097-01-06,State Government Networks,Privilege Escalation,Lateral Movement,T1021,Attack
A-10-SCN097-01-07,State Government Networks,Privilege Escalation,Command and Control,T1071,Attack
A-10-SCN097-01-08,State Government Networks,Privilege Escalation,Command and Control,T1071,Attack
A-10-SCN097-01-09,State Government Networks,Privilege Escalation,Command and Control,T1071,Attack
A-10-SCN097-02-00,State Government Networks,Privilege Escalation,Reconnaissance,T1068,Attack
A-10-SCN097-02-01,State Government Networks,Privilege Escalation,Initial Access,T1190,Attack
A-10-SCN097-02-02,State Government Networks,Privilege Escalation,Execution,T1059,Attack
A-10-SCN097-02-03,State Government Networks,Privilege Escalation,Persistence,T1053,Attack
A-10-SCN097-02-04,State Government Networks,Privilege Escalation,Privilege Escalation,T1068,Attack
A-10-SCN097-02-05,State Government Networks,Privilege Escalation,Discovery,T1046,Attack
A-10-SCN097-02-06,State Government Networks,Privilege Escalation,Lateral Movement,T1021,Attack
A-10-SCN097-02-07,State Government Networks,Privilege Escalation,Command and Control,T1071,Attack
A-10-SCN097-02-08,State Government Networks,Privilege Escalation,Command and Control,T1071,Attack
A-10-SCN097-02-09,State Government Networks,Privilege Escalation,Command and Control,T1071,Attack
A-10-SCN097-03-00,State Government Networks,Privilege Escalation,Reconnaissance,T1087,Attack
A-10-SCN097-03-01,State Government Networks,Privilege Escalation,Initial Access,T1078,Attack
A-10-SCN097-03-02,State Government Networks,Privilege Escalation,Execution,T1059,Attack
A-10-SCN097-03-03,State Government Networks,Privilege Escalation,Persistence,T1053,Attack
A-10-SCN097-03-04,State Government Networks,Privilege Escalation,Privilege Escalation,T1068,Attack
A-10-SCN097-03-05,State Government Networks,Privilege Escalation,Discovery,T1046,Attack
A-10-SCN097-03-06,State Government Networks,Privilege Escalation,Lateral Movement,T1021,Attack
A-10-SCN097-03-07,State Government Networks,Privilege Escalation,Command and Control,T1071,Attack
A-10-SCN097-03-08,State Government Networks,Privilege Escalation,Command and Control,T1071,Attack
A-10-SCN097-03-09,State Government Networks,Privilege Escalation,Command and Control,T1071,Attack
A-10-SCN097-04-00,State Government Networks,Privilege Escalation,Reconnaissance,T1005,Attack
A-10-SCN097-04-01,State Government Networks,Privilege Escalation,Initial Access,T1190,Attack
A-10-SCN097-04-02,State Government Networks,Privilege Escalation,Execution,T1059,Attack
A-10-SCN097-04-03,State Government Networks,Privilege Escalation,Persistence,T1053,Attack
A-10-SCN097-04-04,State Government Networks,Privilege Escalation,Privilege Escalation,T1068,Attack
A-10-SCN097-04-05,State Government Networks,Privilege Escalation,Discovery,T1046,Attack
A-10-SCN097-04-06,State Government Networks,Privilege Escalation,Lateral Movement,T1021,Attack
A-10-SCN097-04-07,State Government Networks,Privilege Escalation,Command and Control,T1071,Attack
A-10-SCN097-04-08,State Government Networks,Privilege Escalation,Command and Control,T1071,Attack
A-10-SCN097-04-09,State Government Networks,Privilege Escalation,Command and Control,T1071,Attack
A-10-SCN098-01-00,State Government Networks,Lateral Movement,Reconnaissance,T1005,Attack
A-10-SCN098-01-01,State Government Networks,Lateral Movement,Initial Access,T1078,Attack
A-10-SCN098-01-02,State Government Networks,Lateral Movement,Execution,T1059,Attack
A-10-SCN098-01-03,State Government Networks,Lateral Movement,Persistence,T1053,Attack
A-10-SCN098-01-04,State Government Networks,Lateral Movement,Privilege Escalation,T1068,Attack
A-10-SCN098-01-05,State Government Networks,Lateral Movement,Discovery,T1046,Attack
A-10-SCN098-01-06,State Government Networks,Lateral Movement,Lateral Movement,T1021,Attack
A-10-SCN098-01-07,State Government Networks,Lateral Movement,Command and Control,T1071,Attack
A-10-SCN098-01-08,State Government Networks,Lateral Movement,Command and Control,T1071,Attack
A-10-SCN098-01-09,State Government Networks,Lateral Movement,Command and Control,T1071,Attack
A-10-SCN098-02-00,State Government Networks,Lateral Movement,Reconnaissance,T1068,Attack
A-10-SCN098-02-01,State Government Networks,Lateral Movement,Initial Access,T1190,Attack
A-10-SCN098-02-02,State Government Networks,Lateral Movement,Execution,T1059,Attack
A-10-SCN098-02-03,State Government Networks,Lateral Movement,Persistence,T1053,Attack
A-10-SCN098-02-04,State Government Networks,Lateral Movement,Privilege Escalation,T1068,Attack
A-10-SCN098-02-05,State Government Networks,Lateral Movement,Discovery,T1087,Attack
A-10-SCN098-02-06,State Government Networks,Lateral Movement,Lateral Movement,T1021,Attack
A-10-SCN098-02-07,State Government Networks,Lateral Movement,Command and Control,T1071,Attack
A-10-SCN098-02-08,State Government Networks,Lateral Movement,Command and Control,T1071,Attack
A-10-SCN098-02-09,State Government Networks,Lateral Movement,Command and Control,T1071,Attack
A-10-SCN098-03-00,State Government Networks,Lateral Movement,Reconnaissance,T1021,Attack
A-10-SCN098-03-01,State Government Networks,Lateral Movement,Initial Access,T1190,Attack
A-10-SCN098-03-02,State Government Networks,Lateral Movement,Execution,T1059,Attack
A-10-SCN098-03-03,State Government Networks,Lateral Movement,Persistence,T1053,Attack
A-10-SCN098-03-04,State Government Networks,Lateral Movement,Privilege Escalation,T1068,Attack
A-10-SCN098-03-05,State Government Networks,Lateral Movement,Discovery,T1046,Attack
A-10-SCN098-03-06,State Government Networks,Lateral Movement,Lateral Movement,T1021,Attack
A-10-SCN098-03-07,State Government Networks,Lateral Movement,Command and Control,T1071,Attack
A-10-SCN098-03-08,State Government Networks,Lateral Movement,Command and Control,T1071,Attack
A-10-SCN098-03-09,State Government Networks,Lateral Movement,Command and Control,T1071,Attack
A-10-SCN098-04-00,State Government Networks,Lateral Movement,Reconnaissance,T1078,Attack
A-10-SCN098-04-01,State Government Networks,Lateral Movement,Initial Access,T1078,Attack
A-10-SCN098-04-02,State Government Networks,Lateral Movement,Execution,T1059,Attack
A-10-SCN098-04-03,State Government Networks,Lateral Movement,Persistence,T1053,Attack
A-10-SCN098-04-04,State Government Networks,Lateral Movement,Privilege Escalation,T1068,Attack
A-10-SCN098-04-05,State Government Networks,Lateral Movement,Discovery,T1046,Attack
A-10-SCN098-04-06,State Government Networks,Lateral Movement,Lateral Movement,T1021,Attack
A-10-SCN098-04-07,State Government Networks,Lateral Movement,Command and Control,T1071,Attack
A-10-SCN098-04-08,State Government Networks,Lateral Movement,Command and Control,T1071,Attack
A-10-SCN098-04-09,State Government Networks,Lateral Movement,Command and Control,T1071,Attack
A-10-SCN099-01-00,State Government Networks,DNS Abuse,Reconnaissance,T1498,Attack
A-10-SCN099-01-01,State Government Networks,DNS Abuse,Initial Access,T1078,Attack
A-10-SCN099-01-02,State Government Networks,DNS Abuse,Execution,T1059,Attack
A-10-SCN099-01-03,State Government Networks,DNS Abuse,Persistence,T1053,Attack
A-10-SCN099-01-04,State Government Networks,DNS Abuse,Privilege Escalation,T1068,Attack
A-10-SCN099-01-05,State Government Networks,DNS Abuse,Discovery,T1046,Attack
A-10-SCN099-01-06,State Government Networks,DNS Abuse,Lateral Movement,T1021,Attack
A-10-SCN099-01-07,State Government Networks,DNS Abuse,Command and Control,T1071,Attack
A-10-SCN099-01-08,State Government Networks,DNS Abuse,Command and Control,T1071,Attack
A-10-SCN099-01-09,State Government Networks,DNS Abuse,Command and Control,T1071,Attack
A-10-SCN099-02-00,State Government Networks,DNS Abuse,Reconnaissance,T1041,Attack
A-10-SCN099-02-01,State Government Networks,DNS Abuse,Initial Access,T1190,Attack
A-10-SCN099-02-02,State Government Networks,DNS Abuse,Execution,T1059,Attack
A-10-SCN099-02-03,State Government Networks,DNS Abuse,Persistence,T1053,Attack
A-10-SCN099-02-04,State Government Networks,DNS Abuse,Privilege Escalation,T1068,Attack
A-10-SCN099-02-05,State Government Networks,DNS Abuse,Discovery,T1087,Attack
A-10-SCN099-02-06,State Government Networks,DNS Abuse,Lateral Movement,T1021,Attack
A-10-SCN099-02-07,State Government Networks,DNS Abuse,Command and Control,T1071,Attack
A-10-SCN099-02-08,State Government Networks,DNS Abuse,Command and Control,T1071,Attack
A-10-SCN099-02-09,State Government Networks,DNS Abuse,Command and Control,T1071,Attack
A-10-SCN099-03-00,State Government Networks,DNS Abuse,Reconnaissance,T1071,Attack
A-10-SCN099-03-01,State Government Networks,DNS Abuse,Initial Access,T1190,Attack
A-10-SCN099-03-02,State Government Networks,DNS Abuse,Execution,T1059,Attack
A-10-SCN099-03-03,State Government Networks,DNS Abuse,Persistence,T1053,Attack
A-10-SCN099-03-04,State Government Networks,DNS Abuse,Privilege Escalation,T1068,Attack
A-10-SCN099-03-05,State Government Networks,DNS Abuse,Discovery,T1087,Attack
A-10-SCN099-03-06,State Government Networks,DNS Abuse,Lateral Movement,T1021,Attack
A-10-SCN099-03-07,State Government Networks,DNS Abuse,Command and Control,T1071,Attack
A-10-SCN099-03-08,State Government Networks,DNS Abuse,Command and Control,T1071,Attack
A-10-SCN099-03-09,State Government Networks,DNS Abuse,Command and Control,T1071,Attack
A-10-SCN099-04-00,State Government Networks,DNS Abuse,Reconnaissance,T1071,Attack
A-10-SCN099-04-01,State Government Networks,DNS Abuse,Initial Access,T1078,Attack
A-10-SCN099-04-02,State Government Networks,DNS Abuse,Execution,T1059,Attack
A-10-SCN099-04-03,State Government Networks,DNS Abuse,Persistence,T1053,Attack
A-10-SCN099-04-04,State Government Networks,DNS Abuse,Privilege Escalation,T1068,Attack
A-10-SCN099-04-05,State Government Networks,DNS Abuse,Discovery,T1087,Attack
A-10-SCN099-04-06,State Government Networks,DNS Abuse,Lateral Movement,T1021,Attack
A-10-SCN099-04-07,State Government Networks,DNS Abuse,Command and Control,T1071,Attack
A-10-SCN099-04-08,State Government Networks,DNS Abuse,Command and Control,T1071,Attack
A-10-SCN099-04-09,State Government Networks,DNS Abuse,Command and Control,T1071,Attack
A-10-SCN100-01-00,State Government Networks,Command and Control,Reconnaissance,T1021,Attack
A-10-SCN100-01-01,State Government Networks,Command and Control,Initial Access,T1078,Attack
A-10-SCN100-01-02,State Government Networks,Command and Control,Execution,T1059,Attack
A-10-SCN100-01-03,State Government Networks,Command and Control,Persistence,T1053,Attack
A-10-SCN100-01-04,State Government Networks,Command and Control,Privilege Escalation,T1068,Attack
A-10-SCN100-01-05,State Government Networks,Command and Control,Discovery,T1087,Attack
A-10-SCN100-01-06,State Government Networks,Command and Control,Lateral Movement,T1021,Attack
A-10-SCN100-01-07,State Government Networks,Command and Control,Command and Control,T1071,Attack
A-10-SCN100-01-08,State Government Networks,Command and Control,Command and Control,T1071,Attack
A-10-SCN100-01-09,State Government Networks,Command and Control,Command and Control,T1071,Attack
A-10-SCN100-02-00,State Government Networks,Command and Control,Reconnaissance,T1078,Attack
A-10-SCN100-02-01,State Government Networks,Command and Control,Initial Access,T1190,Attack
A-10-SCN100-02-02,State Government Networks,Command and Control,Execution,T1059,Attack
A-10-SCN100-02-03,State Government Networks,Command and Control,Persistence,T1053,Attack
A-10-SCN100-02-04,State Government Networks,Command and Control,Privilege Escalation,T1068,Attack
A-10-SCN100-02-05,State Government Networks,Command and Control,Discovery,T1046,Attack
A-10-SCN100-02-06,State Government Networks,Command and Control,Lateral Movement,T1021,Attack
A-10-SCN100-02-07,State Government Networks,Command and Control,Command and Control,T1071,Attack
A-10-SCN100-02-08,State Government Networks,Command and Control,Command and Control,T1071,Attack
A-10-SCN100-02-09,State Government Networks,Command and Control,Command and Control,T1071,Attack
A-10-SCN100-03-00,State Government Networks,Command and Control,Reconnaissance,T1053,Attack
A-10-SCN100-03-01,State Government Networks,Command and Control,Initial Access,T1078,Attack
A-10-SCN100-03-02,State Government Networks,Command and Control,Execution,T1059,Attack
A-10-SCN100-03-03,State Government Networks,Command and Control,Persistence,T1053,Attack
A-10-SCN100-03-04,State Government Networks,Command and Control,Privilege Escalation,T1068,Attack
A-10-SCN100-03-05,State Government Networks,Command and Control,Discovery,T1046,Attack
A-10-SCN100-03-06,State Government Networks,Command and Control,Lateral Movement,T1021,Attack
A-10-SCN100-03-07,State Government Networks,Command and Control,Command and Control,T1071,Attack
A-10-SCN100-03-08,State Government Networks,Command and Control,Command and Control,T1071,Attack
A-10-SCN100-03-09,State Government Networks,Command and Control,Command and Control,T1071,Attack
A-10-SCN100-04-00,State Government Networks,Command and Control,Reconnaissance,T1071,Attack
A-10-SCN100-04-01,State Government Networks,Command and Control,Initial Access,T1190,Attack
A-10-SCN100-04-02,State Government Networks,Command and Control,Execution,T1059,Attack
A-10-SCN100-04-03,State Government Networks,Command and Control,Persistence,T1053,Attack
A-10-SCN100-04-04,State Government Networks,Command and Control,Privilege Escalation,T1068,Attack
A-10-SCN100-04-05,State Government Networks,Command and Control,Discovery,T1087,Attack
A-10-SCN100-04-06,State Government Networks,Command and Control,Lateral Movement,T1021,Attack
A-10-SCN100-04-07,State Government Networks,Command and Control,Command and Control,T1071,Attack
A-10-SCN100-04-08,State Government Networks,Command and Control,Command and Control,T1071,Attack
A-10-SCN100-04-09,State Government Networks,Command and Control,Command and Control,T1071,Attack
